1.02247
0.043555
0.040484
0.0368746
0.0328116
0.0283832
0.0236802
0.0187935
0.0138133
0.00882689
0.00391808
-0.000834588
-0.00535867
-0.00958883
-0.0134676
-0.016946
-0.0199839
-0.0225504
-0.0246239
-0.0261919
-0.0272511
-0.0278067
-0.0278722
-0.0274686
-0.0266238
-0.025372
-0.0237523
-0.0218086
-0.0195879
-0.0171399
-0.0145159
-0.0117675
-0.00894651
-0.00610327
-0.00328635
-0.000541679
0.0020881
0.0045642
0.00685215
0.00892218
0.0107495
0.0123145
0.013603
0.0146057
0.0153189
0.0157437
0.015886
0.0157562
0.0153688
0.0147418
0.0138966
0.0128572
0.0116497
0.0103019
0.00884266
0.00730145
0.00570774
0.00409054
0.00247796
0.000896768
-0.000628018
-0.00207344
-0.00341892
-0.00464645
-0.00574084
-0.00668981
-0.00748404
-0.00811724
-0.00858609
-0.00889018
-0.00903185
-0.00901609
-0.00885024
-0.00854388
-0.00810847
-0.00755711
-0.00690427
-0.00616544
-0.00535687
-0.00449523
-0.00359732
-0.00267979
-0.00175889
-0.000850158
3.17541e-05
0.000873309
0.00166225
0.00238777
0.00304059
0.00361308
0.00409929
0.00449499
0.00479765
0.00500639
0.00512199
0.0051467
0.00508423
0.00493955
0.0047188
0.00442909
0.0040784
0.00367534
0.00322902
0.00274884
0.00224438
0.00172517
0.00120055
0.000679544
0.000170702
-0.000318016
-0.000779345
-0.00120681
-0.00159478
-0.00193857
-0.0022344
-0.00247951
-0.00267209
-0.00281128
-0.00289717
-0.00293072
-0.00291375
-0.00284882
-0.00273918
-0.00258867
-0.00240168
-0.00218296
-0.00193761
-0.00167093
-0.00138836
-0.00109532
-0.000797206
-0.000499218
-0.000206339
7.67653e-05
0.000345801
0.000596904
0.000826685
0.00103226
0.00121129
0.00136198
0.00148309
0.00157393
0.00163434
0.00166469
0.00166583
0.00163905
0.00158608
0.00150897
0.00141011
0.00129214
0.00115788
0.00101031
0.00085252
0.000687594
0.000518618
0.000348598
0.000180427
1.68329e-05
-0.000139655
-0.00028674
-0.000422387
-0.000544844
-0.00065266
-0.000744691
-0.000820112
-0.000878412
-0.000919389
-0.00094314
-0.000950045
-0.00094075
-0.000916142
-0.000877323
-0.000825585
-0.000762376
-0.000689272
-0.000607942
-0.000520118
-0.000427562
-0.000332035
-0.000235269
-0.000138939
-4.46348e-05
4.61569e-05
0.000132077
0.000211907
0.000284589
0.000349229
0.000405109
0.000451691
0.000488616
0.000515701
0.000532939
0.000540485
0.000538652
0.000527893
0.000508792
0.000482044
0.000448443
0.000408859
0.000364225
0.000315515
0.000263729
0.00020987
0.000154934
9.98877e-05
4.56566e-05
-6.88906e-06
-5.69465e-05
-0.000103791
-0.000146784
-0.000185381
-0.000219135
-0.000247699
-0.000270831
-0.00028839
-0.000300332
-0.000306712
-0.000307675
-0.000303448
-0.000294338
-0.000280716
-0.000263015
-0.000241715
-0.000217334
-0.00019042
-0.000161536
-0.000131256
-0.000100147
-6.87691e-05
-3.76577e-05
-7.32149e-06
2.17672e-05
4.91782e-05
7.45289e-05
9.74883e-05
0.000117781
0.000135187
0.000149546
0.000160756
0.000168771
0.000173601
0.00017531
0.00017401
0.000169859
0.000163055
0.000153831
0.00014245
0.000129202
0.000114391
9.83358e-05
8.13611e-05
6.37923e-05
4.59501e-05
2.81452e-05
1.06736e-05
-6.18748e-06
-2.21836e-05
-3.70864e-05
-5.0696e-05
-6.28431e-05
-7.33907e-05
-8.22346e-05
-8.93038e-05
-9.45603e-05
-9.7998e-05
-9.96416e-05
-9.95445e-05
-9.7787e-05
-9.44736e-05
-8.97298e-05
-8.36996e-05
-7.6542e-05
-6.84275e-05
-5.9535e-05
-5.00485e-05
-4.01534e-05
-3.00336e-05
-1.98685e-05
-9.83022e-06
-8.08404e-08
9.2296e-06
1.79652e-05
2.60059e-05
3.32486e-05
3.96081e-05
4.5018e-05
4.94308e-05
5.28175e-05
5.51681e-05
5.64898e-05
5.68071e-05
5.61601e-05
5.46031e-05
5.22032e-05
4.90387e-05
4.5197e-05
4.07729e-05
3.58667e-05
3.05822e-05
2.5025e-05
1.93002e-05
1.35111e-05
7.7575e-06
2.13401e-06
-3.27122e-06
-8.37765e-06
-1.31134e-05
-1.74159e-05
-2.12329e-05
-2.45224e-05
-2.72533e-05
-2.9405e-05
-3.09679e-05
-3.19422e-05
-3.23384e-05
-3.21758e-05
-3.14825e-05
-3.0294e-05
-2.86525e-05
-2.66059e-05
-2.42069e-05
-2.15113e-05
-1.85777e-05
-1.5466e-05
-1.2236e-05
-8.94736e-06
-5.65756e-06
-2.4217e-06
7.08531e-07
3.68555e-06
6.46649e-06
9.01371e-06
1.12951e-05
1.32847e-05
1.49621e-05
1.63137e-05
1.73313e-05
1.80132e-05
1.8363e-05
1.83899e-05
1.8108e-05
1.7536e-05
1.66966e-05
1.56159e-05
1.43228e-05
1.28486e-05
1.1226e-05
9.48905e-06
7.67181e-06
5.80832e-06
3.93186e-06
2.07437e-06
2.66082e-07
-1.465e-06
-3.0934e-06
-4.59654e-06
-5.95492e-06
-7.15237e-06
-8.17612e-06
-9.01691e-06
-9.66892e-06
-1.01298e-05
-1.04004e-05
-1.04849e-05
-1.03902e-05
-1.01261e-05
-9.7045e-06
-9.13966e-06
-8.44747e-06
-7.64527e-06
-6.75144e-06
-5.78506e-06
-4.76557e-06
-3.71243e-06
-2.64476e-06
-1.58107e-06
-5.38978e-07
4.65068e-07
1.41599e-06
2.3003e-06
3.10619e-06
3.82375e-06
4.44495e-06
4.96377e-06
5.37614e-06
5.67998e-06
5.87511e-06
5.96317e-06
5.94753e-06
5.83313e-06
5.62634e-06
5.3348e-06
4.9672e-06
4.53313e-06
4.04285e-06
3.5071e-06
2.9369e-06
2.34332e-06
1.73737e-06
1.12972e-06
5.30617e-07
-5.03028e-08
-6.04147e-07
-1.12288e-06
-1.5994e-06
-2.02766e-06
-2.40266e-06
-2.72055e-06
-2.97859e-06
-3.17516e-06
-3.30975e-06
-3.38291e-06
-3.39619e-06
-3.35208e-06
-3.25389e-06
-3.10573e-06
-2.91231e-06
-2.67892e-06
-2.41128e-06
-2.11539e-06
-1.79749e-06
-1.46388e-06
-1.12086e-06
-7.74581e-07
-4.30988e-07
-9.57047e-08
2.26038e-07
5.29471e-07
8.10347e-07
1.06499e-06
1.29032e-06
1.48389e-06
1.64391e-06
1.7692e-06
1.85926e-06
1.91415e-06
1.93455e-06
1.92167e-06
1.87724e-06
1.80342e-06
1.70277e-06
1.5782e-06
1.43285e-06
1.2701e-06
1.09347e-06
9.06521e-07
7.12855e-07
5.16014e-07
3.19432e-07
1.26386e-07
-6.00559e-08
-2.37074e-07
-4.02133e-07
-5.53013e-07
-6.8783e-07
-8.05056e-07
-9.03525e-07
-9.82437e-07
-1.04135e-06
-1.0802e-06
-1.09922e-06
-1.099e-06
-1.08041e-06
-1.04459e-06
-9.9292e-07
-9.26977e-07
-8.48509e-07
-7.59395e-07
-6.61605e-07
-5.57166e-07
-4.48126e-07
-3.36516e-07
-2.24318e-07
-1.13436e-07
-5.66353e-09
9.73364e-08
1.94057e-07
2.83165e-07
3.63512e-07
4.34152e-07
4.94341e-07
5.43545e-07
5.81437e-07
6.07894e-07
6.22989e-07
6.26984e-07
6.20313e-07
6.03569e-07
5.77487e-07
5.42925e-07
5.00845e-07
4.52289e-07
3.98361e-07
3.40207e-07
2.78989e-07
2.1587e-07
1.51991e-07
8.84553e-08
2.63091e-08
-3.34705e-08
-8.99907e-08
-1.42453e-07
-1.90165e-07
-2.32541e-07
-2.69114e-07
-2.99536e-07
-3.23573e-07
-3.41114e-07
-3.52159e-07
-3.56814e-07
-3.55293e-07
-3.47898e-07
-3.35019e-07
-3.17118e-07
-2.94723e-07
-2.6841e-07
-2.38797e-07
-2.06527e-07
-1.7226e-07
-1.3666e-07
-1.00383e-07
-6.40645e-08
-2.83149e-08
6.29379e-09
3.92343e-08
7.00311e-08
9.82659e-08
1.23582e-07
1.45689e-07
1.6436e-07
1.7944e-07
1.90837e-07
1.98529e-07
2.02553e-07
2.03008e-07
2.00047e-07
1.93874e-07
1.84738e-07
1.72925e-07
1.58753e-07
1.42566e-07
1.24726e-07
1.05606e-07
8.55833e-08
6.50334e-08
4.43239e-08
2.38084e-08
3.82114e-09
-1.53274e-08
-3.33549e-08
-5.00104e-08
-6.50774e-08
-7.83757e-08
-8.97627e-08
-9.91342e-08
-1.06425e-07
-1.11606e-07
-1.14687e-07
-1.15711e-07
-1.14753e-07
-1.1192e-07
-1.07342e-07
-1.01176e-07
-9.3597e-08
-8.47946e-08
-7.49717e-08
-6.43385e-08
-5.31095e-08
-4.14994e-08
-2.97197e-08
-1.79748e-08
-6.45975e-09
4.64333e-09
1.51674e-08
2.49625e-08
3.38978e-08
4.18627e-08
4.87678e-08
5.45455e-08
5.91501e-08
6.25575e-08
6.47648e-08
6.57893e-08
6.56673e-08
6.44526e-08
6.22149e-08
5.90377e-08
5.50167e-08
5.02572e-08
4.48721e-08
3.89798e-08
3.27016e-08
2.61602e-08
1.94766e-08
1.27691e-08
6.15097e-09
-2.71138e-10
-6.39869e-09
-1.21425e-08
-1.74239e-08
-2.21754e-08
-2.63414e-08
-2.98788e-08
-3.27567e-08
-3.49569e-08
-3.64731e-08
-3.73108e-08
-3.74867e-08
-3.70278e-08
-3.59703e-08
-3.4359e-08
-3.22459e-08
-2.96889e-08
-2.67509e-08
-2.34982e-08
-1.99994e-08
-1.63242e-08
-1.25419e-08
-8.72067e-09
-4.92615e-09
-1.22061e-09
2.338e-09
5.69681e-09
8.80866e-09
1.16327e-08
1.41346e-08
1.62872e-08
1.80701e-08
1.94704e-08
2.04818e-08
2.1105e-08
2.13471e-08
2.12212e-08
2.07461e-08
1.99456e-08
1.88476e-08
1.7484e-08
1.58896e-08
1.41014e-08
1.21582e-08
1.00993e-08
7.96461e-09
5.79308e-09
3.62273e-09
1.48981e-09
-5.717e-10
-2.53055e-09
-4.35862e-09
-6.03125e-09
-7.52747e-09
-8.83024e-09
-9.9265e-09
-1.08072e-08
-1.14675e-08
-1.19061e-08
-1.21258e-08
-1.21328e-08
-1.19366e-08
-1.15496e-08
-1.0987e-08
-1.0266e-08
-9.40583e-09
-8.42724e-09
-7.35191e-09
-6.20218e-09
-5.00066e-09
-3.76976e-09
-2.5314e-09
-1.30663e-09
-1.15323e-10
1.02412e-09
2.09497e-09
3.08243e-09
3.97375e-09
4.75836e-09
5.42795e-09
5.97653e-09
6.40039e-09
6.69807e-09
6.87028e-09
6.91982e-09
6.8514e-09
6.67148e-09
6.38812e-09
6.01072e-09
5.54984e-09
5.01696e-09
4.42425e-09
3.7843e-09
3.10997e-09
2.41408e-09
1.70925e-09
1.00766e-09
3.20898e-10
-3.40213e-10
-9.6578e-10
-1.54695e-09
-2.07599e-09
-2.54644e-09
-2.95305e-09
-3.29191e-09
-3.56041e-09
-3.75725e-09
-3.88236e-09
-3.93689e-09
-3.92312e-09
-3.84436e-09
-3.70486e-09
-3.50971e-09
-3.26467e-09
-2.9761e-09
-2.65079e-09
-2.29584e-09
-1.91852e-09
-1.52616e-09
-1.12599e-09
-7.25062e-10
-3.30114e-10
5.2519e-11
4.16994e-10
7.58036e-10
1.071e-09
1.35192e-09
1.59754e-09
1.80535e-09
1.97359e-09
2.10122e-09
2.18795e-09
2.23417e-09
2.24094e-09
2.20993e-09
2.14336e-09
2.04395e-09
1.91484e-09
1.75954e-09
1.58183e-09
1.38569e-09
1.17524e-09
9.54631e-10
7.28022e-10
4.99471e-10
2.72888e-10
5.19739e-11
-1.59833e-10
-3.59402e-10
-5.43948e-10
-7.11063e-10
-8.58739e-10
-9.85385e-10
-1.08983e-09
-1.17134e-09
-1.22957e-09
-1.26461e-09
-1.27692e-09
-1.26732e-09
-1.23696e-09
-1.18728e-09
-1.11999e-09
-1.03701e-09
-9.40432e-10
-8.32488e-10
-7.15497e-10
-5.91823e-10
-4.63837e-10
-3.33873e-10
-2.04195e-10
-7.69579e-11
4.58202e-11
1.62288e-10
2.70781e-10
3.69847e-10
4.58254e-10
5.35004e-10
5.99341e-10
6.5075e-10
6.88953e-10
7.1391e-10
7.258e-10
7.25015e-10
7.12141e-10
6.87938e-10
6.53323e-10
6.09345e-10
5.57163e-10
4.98019e-10
4.33217e-10
3.64097e-10
2.92009e-10
2.18292e-10
1.44254e-10
7.11475e-11
1.52246e-13
-6.76395e-11
-1.31239e-10
-1.89771e-10
-2.42486e-10
-2.88765e-10
-3.28125e-10
-3.6022e-10
-3.84842e-10
-4.01915e-10
-4.11496e-10
-4.13763e-10
-4.09007e-10
-3.97626e-10
-3.8011e-10
-3.57027e-10
-3.29016e-10
-2.96767e-10
-2.61012e-10
-2.22506e-10
-1.82018e-10
-1.40314e-10
-9.8147e-11
-5.62427e-11
-1.52903e-11
2.40685e-11
6.12474e-11
9.5723e-11
1.27041e-10
1.5482e-10
1.78755e-10
1.9862e-10
2.14266e-10
2.25622e-10
2.32692e-10
2.35551e-10
2.34342e-10
2.29268e-10
2.20589e-10
2.08613e-10
1.93689e-10
1.762e-10
1.56554e-10
1.35176e-10
1.12504e-10
8.89739e-11
6.50184e-11
4.10574e-11
1.74918e-11
-5.30206e-12
-2.69779e-11
-4.72238e-11
-6.57656e-11
-8.23702e-11
-9.68474e-11
-1.09051e-10
-1.1888e-10
-1.26277e-10
-1.31228e-10
-1.33761e-10
-1.33942e-10
-1.31875e-10
-1.27696e-10
-1.21571e-10
-1.13688e-10
-1.0426e-10
-9.35149e-11
-8.16906e-11
-6.90341e-11
-5.57947e-11
-4.222e-11
-2.85523e-11
-1.50243e-11
-1.85594e-12
1.07488e-11
2.26045e-11
3.35467e-11
4.34338e-11
5.2148e-11
5.95966e-11
6.57121e-11
7.04525e-11
7.38005e-11
7.57632e-11
7.63701e-11
7.56724e-11
7.37407e-11
7.0663e-11
6.65426e-11
6.14954e-11
5.56476e-11
4.91333e-11
4.20915e-11
3.46638e-11
2.69918e-11
1.92148e-11
1.14677e-11
3.87861e-12
-3.43259e-12
-1.03562e-11
-1.6794e-11
-2.26602e-11
-2.78824e-11
-3.24026e-11
-3.61767e-11
-3.91754e-11
-4.13835e-11
-4.27998e-11
-4.34364e-11
-4.33178e-11
-4.24801e-11
-4.09698e-11
-3.88425e-11
-3.61617e-11
-3.29972e-11
-2.94237e-11
-2.55196e-11
-2.1365e-11
-1.70407e-11
-1.26267e-11
-8.20087e-12
-3.83776e-12
3.92507e-13
4.42517e-12
8.20171e-12
1.16705e-11
1.47875e-11
1.75165e-11
1.98292e-11
2.17059e-11
2.31348e-11
2.41123e-11
2.46424e-11
2.47364e-11
2.44125e-11
2.3695e-11
2.26136e-11
2.12028e-11
1.95012e-11
1.75503e-11
1.53939e-11
1.30775e-11
1.0647e-11
8.1482e-12
5.62597e-12
3.12355e-12
6.81907e-13
-1.66088e-12
-3.87009e-12
-5.91481e-12
-7.76827e-12
-9.40812e-12
-1.08166e-11
-1.19805e-11
-1.28916e-11
-1.35459e-11
-1.39441e-11
-1.40911e-11
-1.39958e-11
-1.36708e-11
-1.31318e-11
-1.23975e-11
-1.14891e-11
-1.04296e-11
-9.24344e-12
-7.9563e-12
-6.59422e-12
-5.18337e-12
-3.74954e-12
-2.31776e-12
-9.1188e-13
4.45766e-13
1.73465e-12
2.93631e-12
4.0346e-12
5.01582e-12
5.86884e-12
6.58519e-12
7.15906e-12
7.58729e-12
7.86929e-12
8.00695e-12
8.00449e-12
7.86827e-12
7.60662e-12
7.22957e-12
6.74864e-12
6.17657e-12
5.52704e-12
4.8144e-12
4.05344e-12
3.25905e-12
2.44603e-12
1.62881e-12
8.21265e-13
3.64507e-14
-7.13531e-13
-1.41771e-12
-2.06638e-12
-2.6512e-12
-3.16527e-12
-3.60319e-12
-3.96107e-12
-4.23655e-12
-4.42873e-12
-4.53818e-12
-4.56678e-12
-4.51772e-12
-4.39532e-12
-4.20494e-12
-3.95283e-12
-3.646e-12
-3.29206e-12
-2.89904e-12
-2.47529e-12
-2.02928e-12
-1.56947e-12
-1.10418e-12
-6.41435e-13
-1.88859e-13
2.46437e-13
6.57954e-13
1.03988e-12
1.38717e-12
1.69558e-12
1.96171e-12
2.18301e-12
2.3578e-12
2.48527e-12
2.56542e-12
2.59905e-12
2.58769e-12
2.53357e-12
2.43953e-12
2.30893e-12
2.14561e-12
1.95379e-12
1.73795e-12
1.5028e-12
1.25313e-12
9.93783e-13
7.29525e-13
4.65001e-13
2.04646e-13
-4.73738e-14
-2.87221e-13
-5.11432e-13
-7.16966e-13
-9.01228e-13
-1.0621e-12
-1.19794e-12
-1.30761e-12
-1.39046e-12
-1.44632e-12
-1.47546e-12
-1.47862e-12
-1.4569e-12
-1.4118e-12
-1.34513e-12
-1.25897e-12
-1.15564e-12
-1.03766e-12
-9.07653e-13
-7.68336e-13
-6.2246e-13
-4.72763e-13
-3.21919e-13
-1.72504e-13
-2.69509e-14
1.1248e-13
2.43733e-13
3.64982e-13
4.74652e-13
5.71432e-13
6.54284e-13
7.22453e-13
7.75461e-13
8.13107e-13
8.35454e-13
8.4282e-13
8.35758e-13
8.15037e-13
7.81622e-13
7.36644e-13
6.81378e-13
6.17213e-13
5.45622e-13
4.6814e-13
3.86327e-13
3.01749e-13
2.15943e-13
1.30401e-13
4.65416e-14
-3.43093e-14
-1.10935e-13
-1.82245e-13
-2.47287e-13
-3.05257e-13
-3.55503e-13
-3.97534e-13
-4.3102e-13
-4.55785e-13
-4.71809e-13
-4.79219e-13
-4.7828e-13
-4.69384e-13
-4.53041e-13
-4.29859e-13
-4.00535e-13
-3.65837e-13
-3.26587e-13
-2.83649e-13
-2.37905e-13
-1.90249e-13
-1.41563e-13
-9.27082e-14
-4.45091e-14
2.25765e-15
4.68747e-14
8.86929e-14
1.27139e-13
1.61723e-13
1.92041e-13
2.17777e-13
2.3871e-13
2.54705e-13
2.65718e-13
2.71789e-13
2.73041e-13
2.69671e-13
2.61942e-13
2.50182e-13
2.34769e-13
2.16126e-13
1.9471e-13
1.71005e-13
1.45511e-13
1.18735e-13
9.11815e-14
6.33479e-14
3.57119e-14
8.72661e-15
-1.7186e-14
-4.16409e-14
-6.42951e-14
-8.4851e-14
-1.0306e-13
-1.18722e-13
-1.31692e-13
-1.41874e-13
-1.49223e-13
-1.53745e-13
-1.55491e-13
-1.54559e-13
-1.51083e-13
-1.45238e-13
-1.37228e-13
-1.27284e-13
-1.15661e-13
-1.02628e-13
-8.84681e-14
-7.34677e-14
-5.79161e-14
-4.20981e-14
-2.62904e-14
-1.0757e-14
4.25492e-15
1.85177e-14
3.18267e-14
4.40024e-14
5.48924e-14
6.43725e-14
7.2348e-14
7.87534e-14
8.35525e-14
8.67375e-14
8.83281e-14
8.83697e-14
8.69315e-14
8.41045e-14
7.99986e-14
7.47403e-14
6.84694e-14
6.13366e-14
5.35002e-14
4.51229e-14
3.63693e-14
2.74028e-14
1.83829e-14
9.4629e-15
7.87496e-16
-7.5093e-15
-1.53058e-14
-2.24943e-14
-2.8982e-14
-3.46919e-14
-3.95639e-14
-4.35541e-14
-4.66358e-14
-4.87984e-14
-5.00472e-14
-5.04026e-14
-4.9899e-14
-4.85837e-14
-4.65153e-14
-4.37624e-14
-4.04019e-14
-3.65175e-14
-3.21979e-14
-2.75348e-14
-2.26218e-14
-1.75523e-14
-1.24183e-14
-7.30841e-15
-2.30706e-15
2.50702e-15
7.06176e-15
1.12927e-14
1.51438e-14
1.85676e-14
2.15263e-14
2.39914e-14
2.5944e-14
2.73744e-14
2.82825e-14
2.86766e-14
2.85733e-14
2.79968e-14
2.69781e-14
2.55542e-14
2.37673e-14
2.16636e-14
1.92926e-14
1.6706e-14
1.39569e-14
1.10984e-14
8.18348e-15
5.26331e-15
2.38699e-15
-3.9936e-16
-3.0532e-15
-5.53613e-15
-7.81434e-15
-9.85899e-15
-1.16464e-14
-1.31584e-14
-1.4382e-14
-1.53098e-14
-1.59397e-14
-1.62745e-14
-1.63221e-14
-1.60946e-14
-1.56081e-14
-1.48826e-14
-1.3941e-14
-1.28087e-14
-1.15134e-14
-1.0084e-14
-8.55054e-15
-6.94331e-15
-5.29255e-15
-3.62782e-15
-1.97759e-15
-3.68812e-16
1.17348e-15
2.6265e-15
3.96998e-15
5.18639e-15
6.26113e-15
7.18262e-15
7.94238e-15
8.535e-15
8.95812e-15
9.21231e-15
9.30096e-15
9.23006e-15
9.00799e-15
8.64531e-15
8.15442e-15
7.54933e-15
6.84531e-15
6.0586e-15
5.20609e-15
4.30502e-15
3.37264e-15
2.42597e-15
1.48147e-15
5.54856e-16
-3.39195e-16
-1.1872e-15
-1.97705e-15
-2.69817e-15
-3.3416e-15
-3.90009e-15
-4.36814e-15
-4.74199e-15
-5.01966e-15
-5.20084e-15
-5.28687e-15
-5.28058e-15
-5.18627e-15
-5.00949e-15
-4.75691e-15
-4.43618e-15
-4.05575e-15
-3.62467e-15
-3.15244e-15
-2.64881e-15
-2.12363e-15
-1.58665e-15
-1.04738e-15
-5.14952e-16
2.04519e-18
4.95661e-16
9.58696e-16
1.38479e-15
1.76848e-15
2.10526e-15
2.39163e-15
2.62507e-15
2.80407e-15
2.92809e-15
2.99754e-15
3.01372e-15
2.97877e-15
2.89558e-15
2.76772e-15
2.59935e-15
2.39512e-15
2.16005e-15
1.89947e-15
1.6189e-15
1.32392e-15
1.02012e-15
7.12974e-16
4.0778e-16
1.09547e-16
-1.77049e-16
-4.47741e-16
-6.98722e-16
-9.26683e-16
-1.12885e-15
-1.30301e-15
-1.44752e-15
-1.56129e-15
-1.64381e-15
-1.69511e-15
-1.71575e-15
-1.70676e-15
-1.66964e-15
-1.60626e-15
-1.51889e-15
-1.41006e-15
-1.28257e-15
-1.13938e-15
-9.83602e-16
-8.18411e-16
-6.46993e-16
-4.72496e-16
-2.97977e-16
-1.26356e-16
3.96278e-17
1.97453e-16
3.44849e-16
4.79821e-16
6.00674e-16
7.06024e-16
7.94808e-16
8.66291e-16
9.20058e-16
9.56009e-16
9.74349e-16
9.75566e-16
9.60412e-16
9.29881e-16
8.85177e-16
8.27688e-16
7.58954e-16
6.80631e-16
5.94462e-16
5.02243e-16
4.05788e-16
3.06903e-16
2.07352e-16
1.08828e-16
1.29332e-17
-7.88472e-17
-1.65164e-16
-2.44821e-16
-3.16786e-16
-3.80204e-16
-4.34399e-16
-4.78882e-16
-5.13347e-16
-5.37671e-16
-5.51904e-16
-5.56264e-16
-5.51125e-16
-5.37001e-16
-5.14534e-16
-4.84477e-16
-4.47675e-16
-4.05048e-16
-3.57572e-16
-3.0626e-16
-2.52144e-16
-1.96254e-16
-1.39606e-16
-8.3181e-17
-2.79134e-17
2.53252e-17
7.57359e-17
1.22604e-16
1.65304e-16
2.03312e-16
2.36203e-16
2.63659e-16
2.85465e-16
3.01512e-16
3.11793e-16
3.16395e-16
3.15497e-16
3.09364e-16
2.98334e-16
2.82813e-16
2.63263e-16
2.40193e-16
2.14148e-16
1.85698e-16
1.55427e-16
1.23924e-16
9.17705e-17
5.95347e-17
2.7759e-17
-3.04603e-18
-3.2409e-17
-5.9904e-17
-8.51554e-17
-1.07842e-16
-1.27701e-16
-1.44528e-16
-1.58177e-16
-1.68565e-16
-1.75665e-16
-1.79506e-16
-1.80171e-16
-1.77794e-16
-1.7255e-16
-1.64658e-16
-1.54368e-16
-1.41961e-16
-1.27741e-16
-1.12026e-16
-9.51475e-17
-7.74399e-17
-5.92369e-17
-4.08653e-17
-2.26399e-17
-4.85893e-18
1.22003e-17
2.82851e-17
4.31705e-17
5.66617e-17
6.8596e-17
7.88442e-17
8.7311e-17
9.39353e-17
9.86895e-17
1.01578e-16
1.02638e-16
1.01934e-16
9.95561e-17
9.5621e-17
9.02645e-17
8.36403e-17
7.59165e-17
6.72718e-17
5.78924e-17
4.79684e-17
3.76903e-17
2.72461e-17
1.68179e-17
6.57936e-18
-3.30683e-18
-1.26913e-17
-2.14396e-17
-2.94344e-17
-3.65759e-17
-4.27832e-17
-4.79946e-17
-5.21681e-17
-5.52806e-17
-5.73281e-17
-5.83244e-17
-5.83002e-17
-5.73022e-17
-5.53909e-17
-5.26395e-17
-4.91321e-17
-4.49613e-17
-4.0227e-17
-3.50338e-17
-2.94891e-17
-2.37017e-17
-1.77793e-17
-1.1827e-17
-5.94567e-18
-2.30527e-19
5.23038e-18
1.03572e-17
1.50793e-17
1.93359e-17
2.3077e-17
2.62632e-17
2.88662e-17
3.0869e-17
3.22651e-17
3.30585e-17
3.32632e-17
3.29024e-17
3.20076e-17
3.06179e-17
2.8779e-17
2.65418e-17
2.39618e-17
2.10975e-17
1.80097e-17
1.47602e-17
1.14106e-17
8.02145e-18
4.65118e-18
1.35532e-18
-1.81436e-18
-4.81057e-18
-7.59101e-18
-1.01189e-17
-1.23635e-17
-1.42999e-17
-1.59097e-17
-1.71808e-17
-1.81071e-17
-1.86888e-17
-1.89316e-17
-1.88469e-17
-1.84508e-17
-1.7764e-17
-1.68112e-17
-1.56202e-17
-1.42218e-17
-1.26487e-17
-1.09351e-17
-9.11596e-18
-7.22656e-18
-5.30164e-18
-3.37497e-18
-1.47888e-18
3.56323e-19
2.10269e-18
3.73502e-18
5.23118e-18
6.57228e-18
7.74291e-18
8.73118e-18
9.5288e-18
1.01311e-17
1.05367e-17
1.07478e-17
1.07696e-17
1.06103e-17
1.02807e-17
9.79417e-18
9.16576e-18
8.41245e-18
7.55246e-18
6.60501e-18
5.58988e-18
4.5271e-18
3.43661e-18
2.3379e-18
1.2497e-18
1.89744e-19
-8.25517e-19
-1.78113e-18
-2.66379e-18
-3.46205e-18
-4.16636e-18
-4.76919e-18
-5.26504e-18
-5.65044e-18
-5.92394e-18
-6.08601e-18
-6.13899e-18
-6.08691e-18
-5.93537e-18
-5.69142e-18
-5.3633e-18
-4.96031e-18
-4.49255e-18
-3.97079e-18
-3.40619e-18
-2.81011e-18
-2.19396e-18
-1.56895e-18
-9.45916e-19
-3.35202e-19
2.53537e-19
8.11449e-19
1.33059e-18
1.80404e-18
2.22594e-18
2.59156e-18
2.89733e-18
3.14083e-18
3.32081e-18
3.43713e-18
3.49071e-18
3.4835e-18
3.41835e-18
3.29897e-18
3.12982e-18
2.91596e-18
2.66299e-18
2.37691e-18
2.064e-18
1.7307e-18
1.38351e-18
1.02886e-18
6.73022e-19
3.21996e-19
-1.85633e-20
-3.43433e-19
-6.47888e-19
-9.27759e-19
-1.17948e-18
-1.4001e-18
-1.58735e-18
-1.73959e-18
-1.85587e-18
-1.93585e-18
-1.97986e-18
-1.98876e-18
-1.964e-18
-1.90751e-18
-1.82168e-18
-1.70925e-18
-1.57332e-18
-1.41721e-18
-1.24445e-18
-1.05868e-18
-8.63596e-19
-6.62878e-19
-4.60138e-19
-2.58859e-19
-6.23401e-20
1.26346e-19
3.04399e-19
4.6932e-19
6.18944e-19
7.5146e-19
8.65424e-19
9.59769e-19
1.0338e-18
1.0872e-18
1.12001e-18
1.1326e-18
1.12569e-18
1.10026e-18
1.05757e-18
9.99131e-19
9.2662e-19
8.41887e-19
7.469e-19
6.43713e-19
5.34419e-19
4.21124e-19
3.05902e-19
1.90767e-19
7.76417e-20
-3.16737e-20
-1.35523e-19
-2.32416e-19
-3.21046e-19
-4.00305e-19
-4.69289e-19
-5.27311e-19
-5.73893e-19
-6.08774e-19
-6.31899e-19
-6.43411e-19
-6.43644e-19
-6.33101e-19
-6.12447e-19
-5.82483e-19
-5.44131e-19
-4.98411e-19
-4.4642e-19
-3.89312e-19
-3.28271e-19
-2.64497e-19
-1.99179e-19
-1.33481e-19
-6.85164e-20
-5.34015e-21
5.50724e-20
1.11836e-19
1.64165e-19
2.11386e-19
2.52939e-19
2.88386e-19
3.17409e-19
3.39813e-19
3.55522e-19
3.64576e-19
3.67125e-19
3.63418e-19
3.53801e-19
3.38701e-19
3.18619e-19
2.94115e-19
2.65799e-19
2.34316e-19
2.00337e-19
1.64542e-19
1.27611e-19
9.02144e-20
5.29976e-20
1.65751e-20
-1.84797e-20
-5.16424e-20
-8.24439e-20
-1.10476e-19
-1.35394e-19
-1.56923e-19
-1.74855e-19
-1.89053e-19
-1.99448e-19
-2.06038e-19
-2.08885e-19
-2.0811e-19
-2.03889e-19
-1.9645e-19
-1.8606e-19
-1.73029e-19
-1.57692e-19
-1.40411e-19
-1.21561e-19
-1.0153e-19
-8.0706e-20
-5.94723e-20
-3.82029e-20
-1.72552e-20
3.03518e-21
2.23585e-20
4.04353e-20
5.70194e-20
7.19011e-20
8.49083e-20
9.5908e-20
1.04807e-19
1.11551e-19
1.16126e-19
1.18551e-19
1.18885e-19
1.17215e-19
1.1366e-19
1.08365e-19
1.01497e-19
9.32412e-20
8.37992e-20
7.33822e-20
6.22083e-20
5.04986e-20
3.84733e-20
2.63476e-20
1.43288e-20
2.61314e-21
-8.61714e-21
-1.91962e-20
-2.89764e-20
-3.78304e-20
-4.56518e-20
-5.23566e-20
-5.7883e-20
-6.21918e-20
-6.52659e-20
-6.71097e-20
-6.77479e-20
-6.72243e-20
-6.56001e-20
-6.29521e-20
-5.93709e-20
-5.49586e-20
-4.98263e-20
-4.40926e-20
-3.78804e-20
-3.13152e-20
-2.45228e-20
-1.7627e-20
-1.07478e-20
-3.99957e-21
2.51083e-21
8.68523e-21
1.44355e-20
1.96848e-20
2.43677e-20
2.84317e-20
3.18366e-20
3.45553e-20
3.65734e-20
3.78887e-20
3.85109e-20
3.8461e-20
3.77702e-20
3.64788e-20
3.46357e-20
3.22966e-20
2.9523e-20
2.6381e-20
2.29396e-20
1.927e-20
1.54439e-20
1.15322e-20
7.60436e-21
3.72671e-21
-3.81594e-23
-3.63237e-21
-7.00352e-21
-1.01053e-20
-1.2898e-20
-1.53489e-20
-1.74324e-20
-1.91303e-20
-2.04316e-20
-2.13324e-20
-2.18358e-20
-2.19512e-20
-2.16943e-20
-2.10863e-20
-2.0153e-20
-1.89249e-20
-1.74357e-20
-1.57222e-20
-1.38231e-20
-1.17786e-20
-9.62947e-21
-7.41634e-21
-5.17912e-21
-2.95632e-21
-7.84457e-22
1.30244e-21
3.27332e-21
5.10045e-21
6.75977e-21
8.23111e-21
9.49835e-21
1.05495e-20
1.13768e-20
1.19764e-20
1.23487e-20
1.24976e-20
1.24308e-20
1.21592e-20
1.16964e-20
1.10589e-20
1.02653e-20
9.33585e-21
8.29223e-21
7.15707e-21
5.95347e-21
4.70466e-21
3.43356e-21
2.16245e-21
9.12568e-22
-2.96127e-22
-1.44529e-21
-2.51838e-21
-3.50089e-21
-4.38049e-21
-5.14711e-21
-5.79302e-21
-6.31289e-21
-6.7037e-21
-6.96475e-21
-7.09754e-21
-7.10563e-21
-6.99453e-21
-6.77146e-21
-6.44522e-21
-6.02593e-21
-5.5248e-21
-4.95389e-21
-4.32593e-21
-3.65397e-21
-2.95126e-21
-2.23092e-21
-1.5058e-21
-7.88244e-22
-8.99111e-23
5.78389e-22
1.20684e-21
1.78672e-21
2.31054e-21
2.77206e-21
3.16638e-21
3.48993e-21
3.74051e-21
3.91722e-21
4.02044e-21
4.05176e-21
4.0139e-21
3.91062e-21
3.74661e-21
3.52735e-21
3.25899e-21
2.94826e-21
2.60225e-21
2.22834e-21
1.83406e-21
1.42691e-21
1.01428e-21
6.0332e-22
2.00832e-22
-1.8684e-22
-5.53879e-22
-8.9508e-22
-1.2059e-21
-1.48252e-21
-1.72186e-21
-1.92159e-21
-2.08016e-21
-2.19678e-21
-2.2714e-21
-2.30466e-21
-2.29788e-21
-2.25298e-21
-2.17242e-21
-2.05917e-21
-1.9166e-21
-1.74841e-21
-1.55858e-21
-1.35125e-21
-1.13069e-21
-9.01185e-22
-6.6697e-22
-4.32177e-22
-2.0076e-22
2.35641e-23
2.37364e-22
4.37538e-22
6.21356e-22
7.86481e-22
9.30997e-22
1.05342e-21
1.15269e-21
1.2282e-21
1.27976e-21
1.3076e-21
1.3123e-21
1.29485e-21
1.25653e-21
1.19893e-21
1.12387e-21
1.03341e-21
9.29758e-22
8.15233e-22
6.92247e-22
5.63237e-22
4.30634e-22
2.96817e-22
1.64079e-22
3.45922e-23
-8.96259e-23
-2.06735e-22
-3.15099e-22
-4.13299e-22
-5.00153e-22
-5.7472e-22
-6.36308e-22
-6.84473e-22
-7.19016e-22
-7.39974e-22
-7.4761e-22
-7.42399e-22
-7.25007e-22
-6.96276e-22
-6.57198e-22
-6.08894e-22
-5.52588e-22
-4.89583e-22
-4.21237e-22
-3.48931e-22
-2.74056e-22
-1.97978e-22
-1.22026e-22
-4.7462e-23
2.45282e-23
9.28572e-23
1.56548e-22
2.14743e-22
2.6672e-22
3.11889e-22
3.49801e-22
3.80152e-22
4.02775e-22
4.1764e-22
4.24849e-22
4.24627e-22
4.17314e-22
4.03352e-22
3.83275e-22
3.57694e-22
3.27287e-22
2.9278e-22
2.54934e-22
2.14534e-22
1.72371e-22
1.29229e-22
8.58743e-23
4.30412e-23
1.42257e-24
-3.83403e-23
-7.56664e-23
-1.10041e-22
-1.41024e-22
-1.68248e-22
-1.9143e-22
-2.10363e-22
-2.24923e-22
-2.35064e-22
-2.40816e-22
-2.42281e-22
-2.39628e-22
-2.33087e-22
-2.22943e-22
-2.09529e-22
-1.93216e-22
-1.74409e-22
-1.53535e-22
-1.31035e-22
-1.0736e-22
-8.29588e-23
-5.8272e-23
-3.37255e-23
-9.72343e-24
1.33573e-23
3.51723e-23
5.54139e-23
7.38147e-23
9.01501e-23
1.0424e-22
1.1595e-22
1.25193e-22
1.31924e-22
1.36145e-22
1.37899e-22
1.37267e-22
1.34368e-22
1.29353e-22
1.22401e-22
1.13716e-22
1.03521e-22
9.20557e-23
7.95685e-23
6.63145e-23
5.255e-23
3.85283e-23
2.44954e-23
1.06866e-23
-2.67737e-24
-1.5393e-23
-2.7277e-23
-3.81681e-23
-4.79291e-23
-5.64478e-23
-6.36377e-23
-6.94386e-23
-7.38163e-23
-7.67618e-23
-7.82906e-23
-7.8441e-23
-7.72728e-23
-7.4865e-23
-7.13139e-23
-6.67305e-23
-6.12381e-23
-5.49697e-23
-4.8065e-23
-4.06682e-23
-3.29254e-23
-2.49816e-23
-1.69788e-23
-9.05338e-24
-1.33449e-24
6.05814e-24
1.30156e-23
1.94412e-23
2.52515e-23
3.03771e-23
3.47632e-23
3.83698e-23
4.11719e-23
4.31589e-23
4.43343e-23
4.47153e-23
4.43312e-23
4.32231e-23
4.14422e-23
3.90486e-23
3.61101e-23
3.27004e-23
2.88978e-23
2.47836e-23
2.04408e-23
1.59522e-23
1.13995e-23
6.8618e-24
2.41424e-24
-1.87284e-24
-5.935e-24
-9.71446e-24
-1.31608e-23
-1.62313e-23
-1.88918e-23
-2.11162e-23
-2.2887e-23
-2.4195e-23
-2.50394e-23
-2.54268e-23
-2.53716e-23
-2.48945e-23
-2.40226e-23
-2.27883e-23
-2.12287e-23
-1.93845e-23
-1.72994e-23
-1.50191e-23
-1.25906e-23
-1.00613e-23
-7.47784e-24
-4.88605e-24
-2.32958e-24
1.50395e-25
2.51586e-24
4.73242e-24
6.76975e-24
8.60185e-24
1.02074e-23
1.15697e-23
1.26769e-23
1.35222e-23
1.41032e-23
1.4422e-23
1.44853e-23
1.43035e-23
1.38907e-23
1.32642e-23
1.24441e-23
1.1453e-23
1.03151e-23
9.05613e-24
7.70252e-24
6.28123e-24
4.81907e-24
3.34235e-24
1.87642e-24
4.45304e-25
-9.2863e-25
-2.22499e-24
-3.42559e-24
-4.51469e-24
-5.4791e-24
-6.30832e-24
-6.9946e-24
-7.53291e-24
-7.92093e-24
-8.15896e-24
-8.24979e-24
-8.19855e-24
-8.01252e-24
-7.70088e-24
-7.27452e-24
-6.74577e-24
-6.12807e-24
-5.43579e-24
-4.68386e-24
-3.88755e-24
-3.06219e-24
-2.2229e-24
-1.38433e-24
-5.60474e-25
2.35547e-25
9.91681e-25
1.69708e-24
2.34225e-24
2.91911e-24
3.4211e-24
3.8432e-24
4.18197e-24
4.4355e-24
4.60341e-24
4.68674e-24
4.68794e-24
4.61067e-24
4.45979e-24
4.24114e-24
3.96143e-24
3.6281e-24
3.24915e-24
2.83298e-24
2.38822e-24
1.9236e-24
1.44779e-24
9.69264e-25
4.96134e-25
3.6073e-26
-4.03815e-25
-8.17085e-25
-1.19803e-24
-1.54173e-24
-1.84413e-24
-2.10203e-24
-2.31313e-24
-2.47601e-24
-2.59013e-24
-2.65577e-24
-2.67404e-24
-2.64676e-24
-2.57645e-24
-2.46623e-24
-2.31974e-24
-2.14107e-24
-1.93466e-24
-1.70522e-24
-1.45762e-24
-1.19683e-24
-9.278e-25
-6.55402e-25
-3.84344e-25
-1.19099e-25
1.36159e-25
3.77613e-25
6.01849e-25
8.05892e-25
9.87244e-25
1.14389e-24
1.27434e-24
1.37758e-24
1.45313e-24
1.50096e-24
1.52152e-24
1.51572e-24
1.48482e-24
1.43049e-24
1.3547e-24
1.25966e-24
1.14786e-24
1.0219e-24
8.84546e-25
7.386e-25
5.86892e-25
4.3222e-25
2.77304e-25
1.24747e-25
-2.30077e-26
-1.63705e-25
-2.9531e-25
-4.16034e-25
-5.24348e-25
-6.19001e-25
-6.99028e-25
-7.6375e-25
-8.12777e-25
-8.45996e-25
-8.63567e-25
-8.65902e-25
-8.53651e-25
-8.27676e-25
-7.89033e-25
-7.38939e-25
-6.7875e-25
-6.09928e-25
-5.34012e-25
-4.52595e-25
-3.67285e-25
-2.79686e-25
-1.91364e-25
-1.03831e-25
-1.85151e-26
6.32582e-26
1.40281e-25
2.11479e-25
2.75925e-25
3.32846e-25
3.8163e-25
4.21829e-25
4.53158e-25
4.75494e-25
4.88868e-25
4.93464e-25
4.89598e-25
4.7772e-25
4.58388e-25
4.32263e-25
4.00089e-25
3.62677e-25
3.20889e-25
2.75622e-25
2.2779e-25
1.78308e-25
1.28078e-25
7.7975e-26
2.88304e-26
-1.85769e-26
-6.35327e-26
-1.05396e-25
-1.43606e-25
-1.77688e-25
-2.0726e-25
-2.32031e-25
-2.51802e-25
-2.66469e-25
-2.76018e-25
-2.80519e-25
-2.80125e-25
-2.75065e-25
-2.65632e-25
-2.52184e-25
-2.35125e-25
-2.14905e-25
-1.92003e-25
-1.66925e-25
-1.40188e-25
-1.12314e-25
-8.38196e-26
-5.52107e-26
-2.69704e-26
4.45622e-28
2.66161e-26
5.11596e-26
7.37392e-26
9.40659e-26
1.11901e-25
1.2706e-25
1.39409e-25
1.48869e-25
1.55412e-25
1.59061e-25
1.59885e-25
1.57997e-25
1.53553e-25
1.46741e-25
1.37783e-25
1.26925e-25
1.14435e-25
1.00595e-25
8.56977e-26
7.00399e-26
5.39179e-26
3.76222e-26
2.14332e-26
5.61692e-27
-9.57907e-27
-2.39286e-26
-3.723e-26
-4.9308e-26
-6.0016e-26
-6.92367e-26
-7.68831e-26
-8.28984e-26
-8.72557e-26
-8.99569e-26
-9.10318e-26
-9.05356e-26
-8.85478e-26
-8.5169e-26
-8.05183e-26
-7.47311e-26
-6.79554e-26
-6.03492e-26
-5.20773e-26
-4.33079e-26
-3.42103e-26
-2.49515e-26
-1.56935e-26
-6.5911e-27
2.21044e-27
1.05775e-26
1.83899e-26
2.55419e-26
3.19438e-26
3.75223e-26
4.22214e-26
4.60021e-26
4.88428e-26
5.07384e-26
5.16998e-26
5.17532e-26
5.09387e-26
4.93091e-26
4.69284e-26
4.38704e-26
4.02168e-26
3.60556e-26
3.14794e-26
2.65834e-26
2.14638e-26
1.62166e-26
1.0935e-26
5.70913e-27
6.23756e-28
-4.2424e-27
-8.81786e-27
-1.30392e-26
-1.68519e-26
-2.02105e-26
-2.30795e-26
-2.5433e-26
-2.72548e-26
-2.85385e-26
-2.9287e-26
-2.95119e-26
-2.92331e-26
-2.84779e-26
-2.72806e-26
-2.56812e-26
-2.37244e-26
-2.14593e-26
-1.89376e-26
-1.6213e-26
-1.33404e-26
-1.03743e-26
-7.36875e-27
-4.37567e-27
-1.44457e-27
1.37832e-27
4.05069e-27
6.53462e-27
8.7971e-27
1.08103e-26
1.25518e-26
1.40047e-26
1.51578e-26
1.60053e-26
1.65469e-26
1.67873e-26
1.67361e-26
1.64073e-26
1.5819e-26
1.49927e-26
1.39529e-26
1.27268e-26
1.13432e-26
9.8324e-27
8.22537e-27
6.55335e-27
4.84725e-27
3.13713e-27
1.45177e-27
-1.81765e-28
-1.73849e-27
-3.19583e-27
-4.53392e-27
-5.73575e-27
-6.78739e-27
-7.67802e-27
-8.40003e-27
-8.94894e-27
-9.32342e-27
-9.52505e-27
-9.55828e-27
-9.43017e-27
-9.15013e-27
-8.72971e-27
-8.18227e-27
-7.52273e-27
-6.76715e-27
-5.93253e-27
-5.03638e-27
-4.09648e-27
-3.13051e-27
-2.15581e-27
-1.18907e-27
-2.46108e-28
6.5839e-28
1.51103e-27
2.29989e-27
3.01467e-27
3.64675e-27
4.1893e-27
4.63729e-27
4.98749e-27
5.23847e-27
5.39051e-27
5.44553e-27
5.407e-27
5.27978e-27
5.07001e-27
4.78492e-27
4.43269e-27
4.02223e-27
3.56304e-27
3.06499e-27
2.53818e-27
1.99272e-27
1.43856e-27
8.85365e-28
3.42348e-28
-1.81872e-28
-6.79376e-28
-1.14305e-27
-1.56667e-27
-1.94496e-27
-2.27364e-27
-2.54945e-27
-2.77017e-27
-2.93459e-27
-3.04251e-27
-3.09468e-27
-3.09273e-27
-3.03915e-27
-2.93717e-27
-2.79066e-27
-2.60411e-27
-2.38242e-27
-2.13091e-27
-1.85512e-27
-1.56075e-27
-1.25358e-27
-9.39315e-28
-6.23533e-28
-3.11583e-28
-8.5097e-30
2.81019e-28
5.52774e-28
8.03011e-28
1.02852e-27
1.22664e-27
1.3953e-27
1.53301e-27
1.63886e-27
1.71253e-27
1.75423e-27
1.7647e-27
1.74519e-27
1.69738e-27
1.62334e-27
1.52549e-27
1.40655e-27
1.26946e-27
1.11733e-27
9.53385e-28
7.80898e-28
6.03141e-28
4.23325e-28
2.44549e-28
6.97562e-29
-9.83093e-29
-2.57141e-28
-4.045e-28
-5.38439e-28
-6.57324e-28
-7.59848e-28
-8.45034e-28
-9.12241e-28
-9.61157e-28
-9.9179e-28
-1.00445e-27
-9.99745e-28
-9.78531e-28
-9.4191e-28
-8.9119e-28
-8.27856e-28
-7.53537e-28
-6.69972e-28
-5.78977e-28
-4.82408e-28
-3.82133e-28
-2.79995e-28
-1.77787e-28
-7.72212e-29
2.00943e-29
1.12679e-28
1.99198e-28
2.78479e-28
3.49522e-28
4.11511e-28
4.63819e-28
5.06008e-28
5.3783e-28
5.59219e-28
5.70291e-28
5.71325e-28
5.62757e-28
5.45165e-28
5.1925e-28
4.85822e-28
4.45778e-28
4.00088e-28
3.4977e-28
2.95874e-28
2.39465e-28
1.81598e-28
1.23308e-28
6.55872e-29
9.37653e-30
-4.44525e-29
-9.51072e-29
-1.41884e-28
-1.84175e-28
-2.21477e-28
-2.5339e-28
-2.79624e-28
-2.99997e-28
-3.14433e-28
-3.22958e-28
-3.25697e-28
-3.22866e-28
-3.14763e-28
-3.01762e-28
-2.84301e-28
-2.62874e-28
-2.38019e-28
-2.10305e-28
-1.80326e-28
-1.48684e-28
-1.15986e-28
-8.28236e-29
-4.97741e-29
-1.73847e-29
1.38327e-29
4.3409e-29
7.09237e-29
9.60097e-29
1.18357e-28
1.37716e-28
1.53898e-28
1.66774e-28
1.76281e-28
1.8241e-28
1.85211e-28
1.84789e-28
1.81295e-28
1.74927e-28
1.65921e-28
1.54547e-28
1.41103e-28
1.25905e-28
1.09288e-28
9.1594e-29
7.31672e-29
5.43488e-29
3.54713e-29
1.68532e-29
-1.20607e-30
-1.84296e-29
-3.45671e-29
-4.93978e-29
-6.27326e-29
-7.44161e-29
-8.43275e-29
-9.2381e-29
-9.85258e-29
-1.02745e-28
-1.05056e-28
-1.05506e-28
-1.0417e-28
-1.01153e-28
-9.65803e-29
-9.0599e-29
-8.33727e-29
-7.50784e-29
-6.5903e-29
-5.60399e-29
-4.56849e-29
-3.50335e-29
-2.42772e-29
-1.36007e-29
-3.17884e-30
6.82552e-30
1.62639e-29
2.50041e-29
3.29314e-29
3.995e-29
4.59835e-29
5.09755e-29
5.48895e-29
5.77088e-29
5.94357e-29
6.00906e-29
5.9711e-29
5.835e-29
5.60746e-29
5.29641e-29
4.91083e-29
4.46054e-29
3.95599e-29
3.40807e-29
2.82789e-29
2.22662e-29
1.61527e-29
1.00451e-29
4.04527e-30
-1.75121e-30
-7.25665e-30
-1.23921e-29
-1.70884e-29
-2.12869e-29
-2.49397e-29
-2.80105e-29
-3.04742e-29
-3.2317e-29
-3.35361e-29
-3.41393e-29
-3.41443e-29
-3.35781e-29
-3.24759e-29
-3.08803e-29
-2.88404e-29
-2.64102e-29
-2.36481e-29
-2.06153e-29
-1.73746e-29
-1.39897e-29
-1.05238e-29
-7.0383e-30
-3.59254e-30
-2.42306e-31
2.96068e-30
5.9695e-30
8.74261e-30
1.12443e-29
1.34449e-29
1.53214e-29
1.68568e-29
1.8041e-29
1.887e-29
1.9346e-29
1.94769e-29
1.92763e-29
1.87622e-29
1.79577e-29
1.68891e-29
1.55864e-29
1.40818e-29
1.24097e-29
1.06055e-29
8.70546e-30
6.74562e-30
4.76148e-30
2.78731e-30
8.55678e-31
-1.00303e-30
-2.76103e-30
-4.39347e-30
-5.8787e-30
-7.19855e-30
-8.33841e-30
-9.28735e-30
-1.00381e-29
-1.05871e-29
-1.09342e-29
-1.10828e-29
-1.10393e-29
-1.08132e-29
-1.04164e-29
-9.8634e-30
-9.17038e-30
-8.3553e-30
-7.43729e-30
-6.43637e-30
-5.373e-30
-4.2678e-30
-3.14113e-30
-2.01281e-30
-9.01784e-31
1.74153e-31
1.19859e-30
2.15672e-30
3.03551e-30
3.82385e-30
4.51264e-30
5.09485e-30
5.56557e-30
5.92195e-30
6.1632e-30
6.29048e-30
6.30681e-30
6.21693e-30
6.02713e-30
5.74512e-30
5.37975e-30
4.94092e-30
4.43927e-30
3.88604e-30
3.29279e-30
2.67127e-30
2.03314e-30
1.38983e-30
7.52325e-31
1.31028e-31
-4.64402e-31
-1.02518e-30
-1.54348e-30
-2.01257e-30
-2.42681e-30
-2.78176e-30
-3.07416e-30
-3.30194e-30
-3.46422e-30
-3.56123e-30
-3.5943e-30
-3.56577e-30
-3.47889e-30
-3.33776e-30
-3.14717e-30
-2.91257e-30
-2.63984e-30
-2.33529e-30
-2.00543e-30
-1.65693e-30
-1.29646e-30
-9.30587e-31
-5.65672e-31
-2.07777e-31
1.37431e-31
4.64751e-31
7.69517e-31
1.04765e-30
1.2957e-30
1.51088e-30
1.69108e-30
1.83486e-30
1.94145e-30
2.01077e-30
2.04333e-30
2.04024e-30
2.00318e-30
1.93428e-30
1.83615e-30
1.71175e-30
1.56433e-30
1.39741e-30
1.21466e-30
1.01985e-30
8.16775e-31
6.09215e-31
4.00839e-31
1.9517e-31
-4.47502e-33
-1.95029e-31
-3.73717e-31
-5.38084e-31
-6.8603e-31
-8.15822e-31
-9.26109e-31
-1.01593e-30
-1.0847e-30
-1.13222e-30
-1.15867e-30
-1.16454e-30
-1.15067e-30
-1.11819e-30
-1.06847e-30
-1.00313e-30
-9.23958e-31
-8.32913e-31
-7.32051e-31
-6.23501e-31
-5.09425e-31
-3.91982e-31
-2.73287e-31
-1.55381e-31
-4.02015e-32
7.0449e-32
1.74924e-31
2.71756e-31
3.5967e-31
4.37599e-31
5.04691e-31
5.60312e-31
6.04051e-31
6.35712e-31
6.55312e-31
6.63067e-31
6.59384e-31
6.44839e-31
6.20167e-31
5.86237e-31
5.44035e-31
4.94641e-31
4.39205e-31
3.78927e-31
3.15035e-31
2.48759e-31
1.81316e-31
1.13886e-31
4.75967e-32
-1.6495e-32
-7.74165e-32
-1.34292e-31
-1.86353e-31
-2.32947e-31
-2.73541e-31
-3.07727e-31
-3.35223e-31
-3.55871e-31
-3.69634e-31
-3.76595e-31
-3.76943e-31
-3.70971e-31
-3.59065e-31
-3.41692e-31
-3.19389e-31
-2.92752e-31
-2.62421e-31
-2.29072e-31
-1.93398e-31
-1.561e-31
-1.17876e-31
-7.94071e-32
-4.13473e-32
-4.31479e-33
3.11175e-32
6.44293e-32
9.51593e-32
1.2291e-31
1.47352e-31
1.68226e-31
1.85344e-31
1.98589e-31
2.07915e-31
2.13343e-31
2.14957e-31
2.12904e-31
2.07383e-31
1.98643e-31
1.86976e-31
1.72708e-31
1.56197e-31
1.37819e-31
1.17966e-31
9.70365e-32
7.54295e-32
5.35368e-32
3.17375e-32
1.03918e-32
-1.01637e-32
-2.9621e-32
-4.77042e-32
-6.4173e-32
-7.88248e-32
-9.14967e-32
-1.02066e-31
-1.10451e-31
-1.16611e-31
-1.20542e-31
-1.22279e-31
-1.21894e-31
-1.19487e-31
-1.1519e-31
-1.09161e-31
-1.01579e-31
-9.264e-32
-8.25557e-32
-7.15461e-32
-5.98372e-32
-4.76564e-32
-3.52286e-32
-2.2773e-32
-1.04989e-32
1.39639e-33
1.27312e-32
2.33412e-32
3.30817e-32
4.1829e-32
4.94818e-32
5.59615e-32
6.12127e-32
6.52031e-32
6.79228e-32
6.93837e-32
6.96183e-32
6.8678e-32
6.66316e-32
6.35632e-32
5.95705e-32
5.47617e-32
4.92543e-32
4.31719e-32
3.66421e-32
2.97945e-32
2.27578e-32
1.56582e-32
8.61745e-33
1.7505e-33
-4.83561e-33
-1.10434e-32
-1.67862e-32
-2.19889e-32
-2.65889e-32
-3.05365e-32
-3.37952e-32
-3.63415e-32
-3.8165e-32
-3.92679e-32
-3.96643e-32
-3.93795e-32
-3.84489e-32
-3.69174e-32
-3.48376e-32
-3.22691e-32
-2.9277e-32
-2.59303e-32
-2.23011e-32
-1.84628e-32
-1.44891e-32
-1.04526e-32
-6.42349e-33
-2.46892e-33
1.34835e-33
4.97069e-33
8.34631e-33
1.14299e-32
1.41831e-32
1.65747e-32
1.85812e-32
2.01863e-32
2.13813e-32
2.21648e-32
2.25422e-32
2.25256e-32
2.2133e-32
2.1388e-32
2.0319e-32
1.89584e-32
1.73422e-32
1.5509e-32
1.34991e-32
1.13543e-32
9.11647e-33
6.82722e-33
4.52718e-33
2.25529e-33
4.82796e-35
-2.05987e-33
-4.03836e-33
-5.85997e-33
-7.50132e-33
-8.94309e-33
-1.01702e-32
-1.11718e-32
-1.19413e-32
-1.24764e-32
-1.27787e-32
-1.28536e-32
-1.27101e-32
-1.23606e-32
-1.18201e-32
-1.11064e-32
-1.02392e-32
-9.23988e-33
-8.13117e-33
-6.93654e-33
-5.67985e-33
-4.38493e-33
-3.07515e-33
-1.77309e-33
-5.00174e-34
7.23618e-34
1.88004e-33
2.9528e-33
3.92773e-33
4.79295e-33
5.53893e-33
6.1586e-33
6.64728e-33
7.00273e-33
7.22501e-33
7.31643e-33
7.28136e-33
7.1261e-33
6.85868e-33
6.48862e-33
6.02677e-33
5.48498e-33
4.87593e-33
4.21283e-33
3.50923e-33
2.77872e-33
2.03472e-33
1.2903e-33
5.57912e-34
-1.50731e-34
-8.24851e-34
-1.45473e-33
-2.03184e-33
-2.54891e-33
-3e-33
-3.38055e-33
-3.68737e-33
-3.91867e-33
-4.074e-33
-4.15417e-33
-4.16125e-33
-4.09842e-33
-3.96988e-33
-3.78076e-33
-3.53694e-33
-3.24499e-33
-2.91195e-33
-2.54526e-33
-2.15255e-33
-1.74159e-33
-1.32005e-33
-8.95481e-34
-4.75105e-34
-6.57677e-35
3.26184e-34
6.9498e-34
1.0355e-33
1.34332e-33
1.61478e-33
1.84697e-33
2.03779e-33
2.18592e-33
2.29079e-33
2.35262e-33
2.37232e-33
2.35144e-33
2.29219e-33
2.19728e-33
2.06991e-33
1.91367e-33
1.73248e-33
1.5305e-33
1.31205e-33
1.08152e-33
8.43313e-34
6.01759e-34
3.61051e-34
1.25175e-34
-1.02143e-34
-3.17487e-34
-5.17796e-34
-7.004e-34
-8.63044e-34
-1.00391e-33
-1.12162e-33
-1.21526e-33
-1.28435e-33
-1.32884e-33
-1.3491e-33
-1.34588e-33
-1.32029e-33
-1.27378e-33
-1.20807e-33
-1.12513e-33
-1.02711e-33
-9.16342e-34
-7.95251e-34
-6.6633e-34
-5.32086e-34
-3.95007e-34
-2.57511e-34
-1.21919e-34
9.58947e-36
1.34999e-34
2.52487e-34
3.60447e-34
4.57503e-34
5.42525e-34
6.14635e-34
6.73209e-34
7.17879e-34
7.48526e-34
7.65271e-34
7.68461e-34
7.58655e-34
7.36604e-34
7.03231e-34
6.59603e-34
6.06915e-34
5.46456e-34
4.79589e-34
4.07721e-34
3.32279e-34
2.54688e-34
1.76341e-34
9.85829e-35
2.26877e-35
-5.01594e-35
-1.18878e-34
-1.82505e-34
-2.40206e-34
-2.91285e-34
-3.35185e-34
-3.71497e-34
-3.99957e-34
-4.20443e-34
-4.32972e-34
-4.37694e-34
-4.34883e-34
-4.24926e-34
-4.08313e-34
-3.85621e-34
-3.57505e-34
-3.24679e-34
-2.87907e-34
-2.4798e-34
-2.05708e-34
-1.61906e-34
-1.17374e-34
-7.28898e-35
-2.91956e-35
1.30137e-35
5.30993e-35
9.04866e-35
1.24672e-34
1.55229e-34
1.8181e-34
2.0415e-34
2.22067e-34
2.35461e-34
2.44312e-34
2.48678e-34
2.48687e-34
2.44538e-34
2.36486e-34
2.24842e-34
2.09965e-34
1.92247e-34
1.72115e-34
1.50013e-34
1.26401e-34
1.01741e-34
7.6493e-35
5.11061e-35
2.6011e-35
1.61423e-36
-2.17078e-35
-4.36136e-35
-6.38008e-35
-8.20093e-35
-9.8024e-35
-1.11676e-34
-1.22844e-34
-1.31453e-34
-1.37475e-34
-1.40926e-34
-1.41864e-34
-1.40388e-34
-1.3663e-34
-1.30757e-34
-1.22962e-34
-1.13463e-34
-1.02495e-34
-9.03091e-35
-7.71627e-35
-6.33195e-35
-4.90426e-35
-3.45902e-35
-2.0212e-35
-6.14514e-36
7.38927e-36
2.01889e-35
3.20729e-35
4.28838e-35
5.24893e-35
6.07833e-35
6.76862e-35
7.31453e-35
7.71346e-35
7.96538e-35
8.07271e-35
8.04019e-35
7.87467e-35
7.58493e-35
7.18143e-35
6.67604e-35
6.08183e-35
5.41275e-35
4.68336e-35
3.90858e-35
3.10342e-35
2.28272e-35
1.46091e-35
6.5178e-36
-1.31711e-36
-8.77617e-36
-1.57516e-35
-2.21486e-35
-2.78864e-35
-3.28986e-35
-3.71343e-35
-4.05577e-35
-4.31482e-35
-4.49001e-35
-4.5822e-35
-4.5936e-35
-4.52765e-35
-4.38897e-35
-4.18315e-35
-3.91666e-35
-3.59671e-35
-3.23105e-35
-2.82787e-35
-2.39561e-35
-1.9428e-35
-1.47795e-35
-1.00937e-35
-5.45078e-36
-9.26343e-37
3.40926e-36
7.49205e-36
1.12652e-35
1.46795e-35
1.76941e-35
2.02767e-35
2.24036e-35
2.40597e-35
2.52387e-35
2.59424e-35
2.61804e-35
2.59698e-35
2.53345e-35
2.43041e-35
2.29138e-35
2.12031e-35
1.9215e-35
1.69954e-35
1.45917e-35
1.20526e-35
9.42663e-36
6.76156e-36
4.10377e-36
1.49737e-36
-1.01637e-36
-3.39959e-36
-5.61834e-36
-7.64293e-36
-9.44826e-36
-1.10141e-35
-1.23249e-35
-1.33705e-35
-1.41453e-35
-1.46485e-35
-1.4884e-35
-1.48599e-35
-1.45884e-35
-1.40852e-35
-1.33692e-35
-1.24619e-35
-1.13872e-35
-1.01705e-35
-8.83877e-36
-7.41933e-36
-5.9399e-36
-4.42794e-36
-2.91022e-36
-1.41236e-36
4.14778e-38
1.42897e-36
2.7299e-36
3.92643e-36
5.00325e-36
5.94778e-36
6.75018e-36
7.40346e-36
7.90342e-36
8.24862e-36
8.44029e-36
8.48215e-36
8.38026e-36
8.14282e-36
7.77993e-36
7.30332e-36
6.72609e-36
6.06244e-36
5.32738e-36
4.53641e-36
3.7053e-36
2.84976e-36
1.98519e-36
1.12647e-36
2.87687e-37
-5.18027e-37
-1.27869e-36
-1.98362e-36
-2.62354e-36
-3.19069e-36
-3.67886e-36
-4.08347e-36
-4.40151e-36
-4.63158e-36
-4.7738e-36
-4.82976e-36
-4.80243e-36
-4.69601e-36
-4.51586e-36
-4.26833e-36
-3.96059e-36
-3.60051e-36
-3.19648e-36
-2.75723e-36
-2.29171e-36
-1.80889e-36
-1.31762e-36
-8.26496e-37
-3.43731e-37
1.22981e-37
5.6656e-37
9.80632e-37
1.3596e-36
1.69872e-36
1.99412e-36
2.24283e-36
2.44279e-36
2.59288e-36
2.69282e-36
2.74321e-36
2.74546e-36
2.70168e-36
2.6147e-36
2.48792e-36
2.32526e-36
2.13106e-36
1.90998e-36
1.66695e-36
1.40701e-36
1.13529e-36
8.56847e-37
5.76649e-37
2.99461e-37
2.9783e-38
-2.28215e-37
-4.70745e-37
-6.9445e-37
-8.96439e-37
-1.07431e-36
-1.22619e-36
-1.3507e-36
-1.447e-36
-1.51475e-36
-1.55411e-36
-1.5657e-36
-1.55058e-36
-1.51022e-36
-1.44642e-36
-1.36131e-36
-1.25728e-36
-1.13692e-36
-1.00298e-36
-8.58316e-37
-7.05831e-37
-5.48428e-37
-3.88962e-37
-2.30193e-37
-7.47432e-38
7.49364e-38
2.16603e-37
3.4825e-37
4.68128e-37
5.74764e-37
6.66971e-37
7.4386e-37
8.04836e-37
8.49599e-37
8.78132e-37
8.90691e-37
8.87786e-37
8.70165e-37
8.38787e-37
7.94799e-37
7.39504e-37
6.74339e-37
6.0084e-37
5.20611e-37
4.35298e-37
3.46559e-37
2.56031e-37
1.6531e-37
7.59207e-38
-1.07012e-38
-9.32324e-38
-1.70477e-37
-2.41383e-37
-3.05049e-37
-3.60739e-37
-4.07881e-37
-4.46073e-37
-4.7508e-37
-4.94833e-37
-5.05417e-37
-5.07071e-37
-5.0017e-37
-4.85216e-37
-4.62823e-37
-4.33701e-37
-3.98641e-37
-3.58497e-37
-3.14171e-37
-2.66593e-37
-2.16704e-37
-1.65444e-37
-1.13733e-37
-6.24543e-38
-1.24471e-38
3.551e-38
8.07075e-38
1.22514e-37
1.60384e-37
1.93861e-37
2.22585e-37
2.46289e-37
2.64803e-37
2.78053e-37
2.86054e-37
2.88911e-37
2.86806e-37
2.8e-37
2.68819e-37
2.53646e-37
2.34917e-37
2.13105e-37
1.88715e-37
1.62269e-37
1.34304e-37
1.05356e-37
7.59535e-38
4.66084e-38
1.78089e-38
-9.98777e-39
-3.63621e-38
-6.09373e-38
-8.33836e-38
-1.03422e-37
-1.20825e-37
-1.35422e-37
-1.47095e-37
-1.55781e-37
-1.6147e-37
-1.64201e-37
-1.64062e-37
-1.61187e-37
-1.55745e-37
-1.47944e-37
-1.38022e-37
-1.26239e-37
-1.12878e-37
-9.82315e-38
-8.2604e-38
-6.63007e-38
-4.96249e-38
-3.28722e-38
-1.63263e-38
-2.54596e-40
1.50956e-38
2.95001e-38
4.27608e-38
5.47075e-38
6.51998e-38
7.41278e-38
8.1413e-38
8.70076e-38
9.08945e-38
9.30858e-38
9.36213e-38
9.2567e-38
9.00121e-38
8.60673e-38
8.08613e-38
7.45381e-38
6.72538e-38
5.91738e-38
5.0469e-38
4.13133e-38
3.18801e-38
2.23398e-38
1.28567e-38
3.58686e-39
-5.32436e-39
-1.37441e-38
-2.15538e-38
-2.86503e-38
-3.49472e-38
-4.03753e-38
-4.4883e-38
-4.84365e-38
-5.10196e-38
-5.26327e-38
-5.32927e-38
-5.30317e-38
-5.18955e-38
-4.99428e-38
-4.7243e-38
-4.3875e-38
-3.99254e-38
-3.54864e-38
-3.06544e-38
-2.5528e-38
-2.02062e-38
-1.47868e-38
-9.36478e-39
-4.03104e-39
1.12924e-39
6.0376e-39
1.06233e-38
1.48243e-38
1.85877e-38
2.18702e-38
2.46388e-38
2.68702e-38
2.85516e-38
2.96795e-38
3.02601e-38
3.03085e-38
2.98477e-38
2.89087e-38
2.75286e-38
2.57504e-38
2.36218e-38
2.11944e-38
1.85221e-38
1.56607e-38
1.26667e-38
9.59597e-39
6.50347e-39
3.44186e-39
4.6095e-40
-2.39305e-39
-5.07814e-39
-7.55705e-39
-9.79763e-39
-1.17732e-38
-1.34626e-38
-1.48506e-38
-1.59275e-38
-1.66895e-38
-1.71379e-38
-1.72794e-38
-1.71256e-38
-1.66923e-38
-1.59995e-38
-1.50703e-38
-1.39311e-38
-1.26103e-38
-1.11383e-38
-9.54645e-39
-7.86686e-39
-6.13156e-39
-4.37208e-39
-2.61894e-39
-9.01168e-40
7.54096e-40
2.322e-39
3.78026e-39
5.10946e-39
6.29317e-39
7.31819e-39
8.17453e-39
8.85548e-39
9.35759e-39
9.68053e-39
9.82699e-39
9.80249e-39
9.61515e-39
9.27548e-39
8.79602e-39
8.19111e-39
7.47654e-39
6.66919e-39
5.78677e-39
4.84742e-39
3.86943e-39
2.87089e-39
1.86943e-39
8.81931e-40
-7.57178e-41
-9.88853e-40
-1.84422e-39
-2.63011e-39
-3.33653e-39
-3.95524e-39
-4.47987e-39
-4.90589e-39
-5.23063e-39
-5.45322e-39
-5.57456e-39
-5.59719e-39
-5.5252e-39
-5.36405e-39
-5.12048e-39
-4.80227e-39
-4.41812e-39
-3.97743e-39
-3.49012e-39
-2.96645e-39
-2.41682e-39
-1.85159e-39
-1.28092e-39
-7.14594e-40
-1.61895e-40
3.68554e-40
8.68885e-40
1.33209e-39
1.75209e-39
2.12383e-39
2.44326e-39
2.70741e-39
2.91434e-39
3.0632e-39
3.15411e-39
3.18816e-39
3.16735e-39
3.09451e-39
2.97321e-39
2.80766e-39
2.60263e-39
2.36334e-39
2.09533e-39
1.80438e-39
1.49639e-39
1.17729e-39
8.52913e-40
5.28916e-40
2.10703e-40
-9.66644e-41
-3.88534e-40
-6.60723e-40
-9.09572e-40
-1.13197e-39
-1.3254e-39
-1.48792e-39
-1.61823e-39
-1.71558e-39
-1.77984e-39
-1.81144e-39
-1.81132e-39
-1.78091e-39
-1.72209e-39
-1.63713e-39
-1.52862e-39
-1.39945e-39
-1.25272e-39
-1.09165e-39
-9.19608e-40
-7.3995e-40
-5.56032e-40
-3.71123e-40
-1.88358e-40
-1.06989e-41
1.59115e-40
3.18598e-40
4.65551e-40
5.9808e-40
7.14622e-40
8.13948e-40
8.95179e-40
9.57768e-40
1.00151e-39
1.02653e-39
1.03326e-39
1.0224e-39
9.94928e-40
9.52062e-40
8.9521e-40
8.25952e-40
7.46009e-40
6.57202e-40
5.61413e-40
4.60562e-40
3.56563e-40
2.51296e-40
1.4658e-40
4.41423e-41
-5.44082e-41
-1.476e-40
-2.34116e-40
-3.1281e-40
-3.82718e-40
-4.43067e-40
-4.93279e-40
-5.32974e-40
-5.61963e-40
-5.80244e-40
-5.87996e-40
-5.85565e-40
-5.73452e-40
-5.52295e-40
-5.22858e-40
-4.86005e-40
-4.4269e-40
-3.93927e-40
-3.4078e-40
-2.84335e-40
-2.25683e-40
-1.65907e-40
-1.06056e-40
-4.71341e-41
9.91419e-42
6.42215e-41
1.15e-40
1.61563e-40
2.0332e-40
2.3979e-40
2.70605e-40
2.95503e-40
3.14334e-40
3.27057e-40
3.33736e-40
3.34532e-40
3.29695e-40
3.19563e-40
3.04547e-40
2.85115e-40
2.61793e-40
2.35146e-40
2.05771e-40
1.74279e-40
1.41296e-40
1.07439e-40
7.33145e-41
3.95054e-41
6.56228e-42
-2.5002e-41
-5.47235e-41
-8.2189e-41
-1.0704e-40
-1.28978e-40
-1.47771e-40
-1.63244e-40
-1.75288e-40
-1.83859e-40
-1.88969e-40
-1.90689e-40
-1.8914e-40
-1.84498e-40
-1.7698e-40
-1.66841e-40
-1.54368e-40
-1.39878e-40
-1.23701e-40
-1.06188e-40
-8.76877e-41
-6.85557e-41
-4.91421e-41
-2.97832e-41
-1.08012e-41
7.50395e-42
2.48576e-41
4.10132e-41
5.57521e-41
6.8892e-41
8.0286e-41
8.98218e-41
9.74253e-41
1.03056e-40
1.06709e-40
1.08413e-40
1.08226e-40
1.06238e-40
1.02562e-40
9.73384e-41
9.07229e-41
8.28882e-41
7.40208e-41
6.43154e-41
5.39724e-41
4.31936e-41
3.21794e-41
2.11246e-41
1.02141e-41
-3.74147e-43
-1.04775e-41
-1.99503e-41
-2.86622e-41
-3.6501e-41
-4.33758e-41
-4.9215e-41
-5.39668e-41
-5.76032e-41
-6.01129e-41
-6.1503e-41
-6.18001e-41
-6.10504e-41
-5.93128e-41
-5.66615e-41
-5.31807e-41
-4.89698e-41
-4.41297e-41
-3.87711e-41
-3.30048e-41
-2.6947e-41
-2.07126e-41
-1.44138e-41
-8.15696e-42
-2.0459e-42
3.82274e-42
9.36208e-42
1.44922e-41
1.91487e-41
2.32742e-41
2.68237e-41
2.97636e-41
3.20729e-41
3.37391e-41
3.47662e-41
3.51642e-41
3.49568e-41
3.41735e-41
3.28548e-41
3.10472e-41
2.88023e-41
2.61763e-41
2.32321e-41
2.0033e-41
1.66446e-41
1.31316e-41
9.55686e-42
5.98354e-42
2.47049e-42
-9.26258e-43
-4.15485e-42
-7.16764e-42
-9.92259e-42
-1.23847e-41
-1.45301e-41
-1.63363e-41
-1.77881e-41
-1.88769e-41
-1.96e-41
-1.99629e-41
-1.99755e-41
-1.96532e-41
-1.90156e-41
-1.80894e-41
-1.69011e-41
-1.54843e-41
-1.38729e-41
-1.2103e-41
-1.02113e-41
-8.23403e-42
-6.21055e-42
-4.17307e-42
-2.1566e-42
-1.93379e-43
1.68436e-42
3.44719e-42
5.0741e-42
6.54266e-42
7.83746e-42
8.94309e-42
9.84833e-42
1.05476e-41
1.10408e-41
1.13267e-41
1.14094e-41
1.13001e-41
1.10072e-41
1.05448e-41
9.9254e-42
9.1687e-42
8.29288e-42
7.31898e-42
6.26801e-42
5.15958e-42
4.01472e-42
2.85444e-42
1.69978e-42
5.68927e-43
-5.1848e-43
-1.54563e-42
-2.49992e-42
-3.37012e-42
-4.14364e-42
-4.81206e-42
-5.36978e-42
-5.81259e-42
-6.13909e-42
-6.34928e-42
-6.44317e-42
-6.42495e-42
-6.30164e-42
-6.07883e-42
-5.76354e-42
-5.36417e-42
-4.89474e-42
-4.36504e-42
-3.78631e-42
-3.16974e-42
-2.52794e-42
-1.87354e-42
-1.21633e-42
-5.68927e-43
5.74532e-44
6.54406e-43
1.21493e-42
1.7306e-42
2.19443e-42
2.60081e-42
2.94553e-42
3.22439e-42
3.43598e-42
3.57892e-42
3.65599e-42
3.6686e-42
3.61955e-42
3.51306e-42
3.35191e-42
3.14171e-42
2.88808e-42
2.59941e-42
2.27991e-42
1.93659e-42
1.57646e-42
1.20652e-42
8.32371e-43
4.59626e-43
9.66896e-44
-2.52234e-43
-5.81539e-43
-8.85621e-43
-1.16028e-42
-1.4027e-42
-1.60869e-42
-1.77685e-42
-1.90997e-42
-2.00526e-42
-2.06271e-42
-2.08373e-42
-2.06972e-42
-2.02067e-42
-1.9394e-42
-1.8301e-42
-1.69417e-42
-1.53863e-42
-1.36346e-42
-1.17289e-42
-9.69699e-43
-7.60905e-43
-5.49309e-43
-3.39114e-43
-1.31722e-43
6.86636e-44
2.5924e-43
4.37205e-43
5.99756e-43
7.46892e-43
8.73009e-43
9.80909e-43
1.06779e-42
1.13365e-42
1.17709e-42
1.19951e-42
1.20231e-42
1.1869e-42
1.15187e-42
1.09862e-42
1.02855e-42
9.44475e-43
8.47786e-43
7.41287e-43
6.2638e-43
5.05869e-43
3.81153e-43
2.53635e-43
1.27518e-43
4.2039e-45
-1.13505e-43
-2.24208e-43
-3.25101e-43
-4.14784e-43
-4.93257e-43
-5.60519e-43
-6.1517e-43
-6.55808e-43
-6.85235e-43
-7.03452e-43
-7.09057e-43
-7.03452e-43
-6.86636e-43
-6.60012e-43
-6.22177e-43
-5.77335e-43
-5.25487e-43
-4.68034e-43
-4.03574e-43
-3.3491e-43
-2.63444e-43
-1.90577e-43
-1.17709e-43
-4.62428e-44
2.38221e-44
9.10844e-44
1.54143e-43
2.11596e-43
2.63444e-43
3.09687e-43
3.47522e-43
3.76949e-43
3.9937e-43
4.13383e-43
4.18988e-43
4.17587e-43
4.07778e-43
3.92364e-43
3.71344e-43
3.44719e-43
3.13891e-43
2.78858e-43
2.39622e-43
1.98984e-43
1.56945e-43
1.13505e-43
7.00649e-44
2.66247e-44
-1.68156e-44
-5.74532e-44
-9.52883e-44
-1.30321e-43
-1.62551e-43
-1.90577e-43
-2.12997e-43
-2.29813e-43
-2.42425e-43
-2.49431e-43
-2.52234e-43
-2.50832e-43
-2.45227e-43
-2.35418e-43
-2.22806e-43
-2.07392e-43
-1.90577e-43
-1.70958e-43
-1.48538e-43
-1.26117e-43
-1.03696e-43
-7.9874e-44
-5.60519e-44
-3.22299e-44
-8.40779e-45
1.54143e-44
3.92364e-44
6.30584e-44
8.54792e-44
1.05097e-43
1.23314e-43
1.38729e-43
1.52742e-43
1.62551e-43
1.69557e-43
1.7236e-43
1.7236e-43
1.69557e-43
1.62551e-43
1.54143e-43
1.42932e-43
1.31722e-43
1.1911e-43
1.05097e-43
8.96831e-44
7.42688e-44
6.02558e-44
4.48416e-44
2.94273e-44
1.4013e-44
-1.4013e-45
-1.4013e-44
-2.66247e-44
-3.78351e-44
-4.76441e-44
-5.74532e-44
-6.5861e-44
-7.28675e-44
-7.84727e-44
-8.26766e-44
-8.54792e-44
-8.68805e-44
-8.68805e-44
-8.40779e-44
-7.9874e-44
-7.56701e-44
-7.14662e-44
-6.44597e-44
-5.60519e-44
-4.76441e-44
-3.92364e-44
-2.94273e-44
-1.96182e-44
-9.80909e-45
0
8.40779e-45
1.68156e-44
2.52234e-44
3.50325e-44
4.34403e-44
5.04467e-44
5.46506e-44
5.60519e-44
5.46506e-44
5.1848e-44
4.76441e-44
4.34403e-44
3.92364e-44
3.50325e-44
3.08286e-44
2.66247e-44
2.10195e-44
1.54143e-44
9.80909e-45
4.2039e-45
-2.8026e-45
-8.40779e-45
-1.26117e-44
-1.54143e-44
-1.82169e-44
-2.10195e-44
-2.38221e-44
-2.66247e-44
-2.94273e-44
-3.22299e-44
-3.50325e-44
-3.78351e-44
-4.2039e-44
-4.76441e-44
-5.04467e-44
-5.04467e-44
-4.90454e-44
-4.62428e-44
-4.34403e-44
-4.2039e-44
-4.2039e-44
-4.34403e-44
-4.48416e-44
-4.48416e-44
-4.34403e-44
-4.2039e-44
-4.06377e-44
-3.92364e-44
-3.78351e-44
-3.64338e-44
-3.36312e-44
-3.08286e-44
-2.66247e-44
-2.10195e-44
-1.54143e-44
-9.80909e-45
-4.2039e-45
1.4013e-45
7.00649e-45
1.4013e-44
1.82169e-44
2.10195e-44
2.24208e-44
2.24208e-44
2.24208e-44
2.10195e-44
1.96182e-44
1.82169e-44
1.68156e-44
1.54143e-44
1.4013e-44
1.26117e-44
9.80909e-45
8.40779e-45
8.40779e-45
9.80909e-45
1.12104e-44
1.12104e-44
1.26117e-44
1.4013e-44
1.54143e-44
1.68156e-44
1.82169e-44
1.96182e-44
2.10195e-44
2.38221e-44
2.52234e-44
2.52234e-44
2.38221e-44
2.10195e-44
1.82169e-44
1.4013e-44
9.80909e-45
5.60519e-45
1.4013e-45
-2.8026e-45
-7.00649e-45
-1.12104e-44
-1.54143e-44
-1.82169e-44
-1.96182e-44
-1.96182e-44
-1.82169e-44
-1.68156e-44
-1.4013e-44
-1.12104e-44
-8.40779e-45
-7.00649e-45
-5.60519e-45
-4.2039e-45
-2.8026e-45
0
1.4013e-45
1.4013e-45
0
-2.8026e-45
-5.60519e-45
-9.80909e-45
-1.26117e-44
-1.4013e-44
-1.54143e-44
-1.68156e-44
-1.82169e-44
-1.96182e-44
-2.24208e-44
-2.38221e-44
-2.38221e-44
-2.24208e-44
-1.96182e-44
-1.68156e-44
-1.26117e-44
-8.40779e-45
-5.60519e-45
-2.8026e-45
0
2.8026e-45
5.60519e-45
9.80909e-45
1.12104e-44
9.80909e-45
7.00649e-45
2.8026e-45
-1.4013e-45
-7.00649e-45
-1.26117e-44
-1.68156e-44
-2.10195e-44
-2.52234e-44
-2.94273e-44
-3.22299e-44
-3.50325e-44
-3.50325e-44
-3.36312e-44
-3.08286e-44
-2.66247e-44
-2.10195e-44
-1.4013e-44
-7.00649e-45
-1.4013e-45
4.2039e-45
9.80909e-45
1.4013e-44
1.68156e-44
2.10195e-44
2.38221e-44
2.52234e-44
2.52234e-44
2.38221e-44
2.24208e-44
1.96182e-44
1.68156e-44
1.4013e-44
1.12104e-44
8.40779e-45
7.00649e-45
5.60519e-45
2.8026e-45
1.4013e-45
1.4013e-45
2.8026e-45
5.60519e-45
8.40779e-45
1.26117e-44
1.54143e-44
1.82169e-44
2.10195e-44
2.38221e-44
2.66247e-44
2.8026e-44
2.94273e-44
2.8026e-44
2.38221e-44
1.82169e-44
1.12104e-44
4.2039e-45
-2.8026e-45
-9.80909e-45
-1.54143e-44
-1.96182e-44
-2.38221e-44
-2.8026e-44
-3.08286e-44
-3.36312e-44
-3.36312e-44
-3.22299e-44
-2.94273e-44
-2.38221e-44
-1.82169e-44
-1.12104e-44
-4.2039e-45
1.4013e-45
7.00649e-45
1.26117e-44
1.68156e-44
2.10195e-44
2.66247e-44
2.94273e-44
2.94273e-44
2.66247e-44
2.10195e-44
1.54143e-44
8.40779e-45
2.8026e-45
-2.8026e-45
-8.40779e-45
-1.4013e-44
-1.82169e-44
-2.24208e-44
-2.8026e-44
-3.08286e-44
-3.08286e-44
-2.8026e-44
-2.24208e-44
-1.68156e-44
-9.80909e-45
-2.8026e-45
4.2039e-45
1.12104e-44
1.68156e-44
2.24208e-44
2.8026e-44
3.36312e-44
3.64338e-44
3.78351e-44
3.78351e-44
3.64338e-44
3.50325e-44
3.22299e-44
2.94273e-44
2.52234e-44
2.10195e-44
1.68156e-44
1.26117e-44
8.40779e-45
4.2039e-45
1.4013e-45
0
0
1.4013e-45
2.8026e-45
5.60519e-45
8.40779e-45
1.12104e-44
1.26117e-44
1.4013e-44
1.54143e-44
1.68156e-44
1.96182e-44
2.10195e-44
2.10195e-44
1.96182e-44
1.68156e-44
1.4013e-44
9.80909e-45
5.60519e-45
1.4013e-45
-2.8026e-45
-7.00649e-45
-1.12104e-44
-1.4013e-44
-1.82169e-44
-2.10195e-44
-2.24208e-44
-2.24208e-44
-2.10195e-44
-1.96182e-44
-1.68156e-44
-1.4013e-44
-1.12104e-44
-8.40779e-45
-7.00649e-45
-5.60519e-45
-4.2039e-45
-1.4013e-45
0
0
-1.4013e-45
-4.2039e-45
-7.00649e-45
-1.12104e-44
-1.4013e-44
-1.68156e-44
-1.96182e-44
-2.24208e-44
-2.52234e-44
-2.8026e-44
-3.08286e-44
-3.08286e-44
-2.8026e-44
-2.24208e-44
-1.54143e-44
-8.40779e-45
-1.4013e-45
5.60519e-45
1.26117e-44
1.82169e-44
2.38221e-44
2.94273e-44
3.36312e-44
3.78351e-44
4.06377e-44
4.2039e-44
4.2039e-44
4.06377e-44
3.92364e-44
3.64338e-44
3.36312e-44
3.08286e-44
2.8026e-44
2.38221e-44
1.96182e-44
1.54143e-44
9.80909e-45
5.60519e-45
2.8026e-45
1.4013e-45
1.4013e-45
1.4013e-45
2.8026e-45
4.2039e-45
5.60519e-45
7.00649e-45
8.40779e-45
9.80909e-45
9.80909e-45
9.80909e-45
7.00649e-45
2.8026e-45
-2.8026e-45
-9.80909e-45
-1.54143e-44
-2.10195e-44
-2.66247e-44
-3.08286e-44
-3.36312e-44
-3.50325e-44
-3.64338e-44
-3.78351e-44
-4.06377e-44
-4.2039e-44
-4.2039e-44
-4.06377e-44
-3.78351e-44
-3.50325e-44
-3.08286e-44
-2.66247e-44
-2.10195e-44
-1.54143e-44
-9.80909e-45
-4.2039e-45
1.4013e-45
8.40779e-45
1.4013e-44
1.68156e-44
1.82169e-44
1.82169e-44
1.82169e-44
1.68156e-44
1.54143e-44
1.4013e-44
1.26117e-44
1.12104e-44
9.80909e-45
8.40779e-45
5.60519e-45
4.2039e-45
4.2039e-45
5.60519e-45
8.40779e-45
1.12104e-44
1.4013e-44
1.68156e-44
1.96182e-44
2.24208e-44
2.52234e-44
2.8026e-44
2.94273e-44
3.08286e-44
2.94273e-44
2.52234e-44
1.96182e-44
1.26117e-44
5.60519e-45
-1.4013e-45
-8.40779e-45
-1.54143e-44
-2.10195e-44
-2.66247e-44
-3.08286e-44
-3.36312e-44
-3.64338e-44
-3.78351e-44
-3.78351e-44
-3.64338e-44
-3.36312e-44
-3.08286e-44
-2.66247e-44
-2.10195e-44
-1.54143e-44
-9.80909e-45
-4.2039e-45
1.4013e-45
7.00649e-45
1.4013e-44
1.82169e-44
2.10195e-44
2.24208e-44
2.24208e-44
2.24208e-44
2.10195e-44
1.96182e-44
1.82169e-44
1.68156e-44
1.54143e-44
1.4013e-44
1.26117e-44
9.80909e-45
8.40779e-45
8.40779e-45
9.80909e-45
1.12104e-44
1.12104e-44
1.26117e-44
1.4013e-44
1.54143e-44
1.68156e-44
1.82169e-44
1.96182e-44
2.10195e-44
2.38221e-44
2.52234e-44
2.52234e-44
2.38221e-44
2.10195e-44
1.82169e-44
1.4013e-44
9.80909e-45
5.60519e-45
1.4013e-45
-2.8026e-45
-7.00649e-45
-1.12104e-44
-1.54143e-44
-1.82169e-44
-1.96182e-44
-1.96182e-44
-1.82169e-44
-1.68156e-44
-1.4013e-44
-1.12104e-44
-8.40779e-45
-7.00649e-45
-5.60519e-45
-4.2039e-45
-2.8026e-45
0
1.4013e-45
1.4013e-45
0
-2.8026e-45
-5.60519e-45
-9.80909e-45
-1.26117e-44
-1.4013e-44
-1.54143e-44
-1.68156e-44
-1.82169e-44
-1.96182e-44
-2.24208e-44
-2.38221e-44
-2.38221e-44
-2.24208e-44
-1.96182e-44
-1.68156e-44
-1.26117e-44
-8.40779e-45
-5.60519e-45
-2.8026e-45
0
2.8026e-45
5.60519e-45
9.80909e-45
1.12104e-44
9.80909e-45
7.00649e-45
2.8026e-45
-1.4013e-45
-7.00649e-45
-1.26117e-44
-1.68156e-44
-2.10195e-44
-2.52234e-44
-2.94273e-44
-3.22299e-44
-3.50325e-44
-3.50325e-44
-3.36312e-44
-3.08286e-44
-2.66247e-44
-2.10195e-44
-1.4013e-44
-7.00649e-45
-1.4013e-45
4.2039e-45
9.80909e-45
1.4013e-44
1.68156e-44
2.10195e-44
2.38221e-44
2.52234e-44
2.52234e-44
2.38221e-44
2.24208e-44
1.96182e-44
1.68156e-44
1.4013e-44
1.12104e-44
8.40779e-45
7.00649e-45
5.60519e-45
2.8026e-45
1.4013e-45
1.4013e-45
2.8026e-45
5.60519e-45
8.40779e-45
1.26117e-44
1.54143e-44
1.82169e-44
2.10195e-44
2.38221e-44
2.66247e-44
2.8026e-44
2.94273e-44
2.8026e-44
2.38221e-44
1.82169e-44
1.12104e-44
4.2039e-45
-2.8026e-45
-9.80909e-45
-1.54143e-44
-1.96182e-44
-2.38221e-44
-2.8026e-44
-3.08286e-44
-3.36312e-44
-3.36312e-44
-3.22299e-44
-2.94273e-44
-2.38221e-44
-1.82169e-44
-1.12104e-44
-4.2039e-45
1.4013e-45
7.00649e-45
1.26117e-44
1.68156e-44
2.10195e-44
2.66247e-44
2.94273e-44
2.94273e-44
2.66247e-44
2.10195e-44
1.54143e-44
8.40779e-45
2.8026e-45
-2.8026e-45
-8.40779e-45
-1.4013e-44
-1.82169e-44
-2.24208e-44
-2.8026e-44
-3.08286e-44
-3.08286e-44
-2.8026e-44
-2.24208e-44
-1.68156e-44
-9.80909e-45
-2.8026e-45
4.2039e-45
1.12104e-44
1.68156e-44
2.24208e-44
2.8026e-44
3.36312e-44
3.64338e-44
3.78351e-44
3.78351e-44
3.64338e-44
3.50325e-44
3.22299e-44
2.94273e-44
2.52234e-44
2.10195e-44
1.68156e-44
1.26117e-44
8.40779e-45
4.2039e-45
1.4013e-45
0
0
1.4013e-45
2.8026e-45
5.60519e-45
8.40779e-45
1.12104e-44
1.26117e-44
1.4013e-44
1.54143e-44
1.68156e-44
1.96182e-44
2.10195e-44
2.10195e-44
1.96182e-44
1.68156e-44
1.4013e-44
9.80909e-45
5.60519e-45
1.4013e-45
-2.8026e-45
-7.00649e-45
-1.12104e-44
-1.4013e-44
-1.82169e-44
-2.10195e-44
-2.24208e-44
-2.24208e-44
-2.10195e-44
-1.96182e-44
-1.68156e-44
-1.4013e-44
-1.12104e-44
-8.40779e-45
-7.00649e-45
-5.60519e-45
-4.2039e-45
-1.4013e-45
0
0
-1.4013e-45
-4.2039e-45
-7.00649e-45
-1.12104e-44
-1.4013e-44
-1.68156e-44
-1.96182e-44
-2.24208e-44
-2.52234e-44
-2.8026e-44
-3.08286e-44
-3.08286e-44
-2.8026e-44
-2.24208e-44
-1.54143e-44
-8.40779e-45
-1.4013e-45
5.60519e-45
1.26117e-44
1.82169e-44
2.38221e-44
2.94273e-44
3.36312e-44
3.78351e-44
4.06377e-44
4.2039e-44
4.2039e-44
4.06377e-44
3.92364e-44
3.64338e-44
3.36312e-44
3.08286e-44
2.8026e-44
2.38221e-44
1.96182e-44
1.54143e-44
9.80909e-45
5.60519e-45
2.8026e-45
1.4013e-45
1.4013e-45
1.4013e-45
2.8026e-45
4.2039e-45
5.60519e-45
7.00649e-45
8.40779e-45
9.80909e-45
9.80909e-45
9.80909e-45
7.00649e-45
2.8026e-45
-2.8026e-45
-9.80909e-45
-1.54143e-44
-2.10195e-44
-2.66247e-44
-3.08286e-44
-3.36312e-44
-3.50325e-44
-3.64338e-44
-3.78351e-44
-4.06377e-44
-4.2039e-44
-4.2039e-44
-4.06377e-44
-3.78351e-44
-3.50325e-44
-3.08286e-44
-2.66247e-44
-2.10195e-44
-1.54143e-44
-9.80909e-45
-4.2039e-45
1.4013e-45
8.40779e-45
1.4013e-44
1.68156e-44
1.82169e-44
1.82169e-44
1.82169e-44
1.68156e-44
1.54143e-44
1.4013e-44
1.26117e-44
1.12104e-44
9.80909e-45
8.40779e-45
5.60519e-45
4.2039e-45
4.2039e-45
5.60519e-45
8.40779e-45
1.12104e-44
1.4013e-44
1.68156e-44
1.96182e-44
2.24208e-44
2.52234e-44
2.8026e-44
2.94273e-44
3.08286e-44
2.94273e-44
2.52234e-44
1.96182e-44
1.26117e-44
5.60519e-45
-1.4013e-45
-8.40779e-45
-1.54143e-44
-2.10195e-44
-2.66247e-44
-3.08286e-44
-3.36312e-44
-3.64338e-44
-3.78351e-44
-3.78351e-44
-3.64338e-44
-3.36312e-44
-3.08286e-44
-2.66247e-44
-2.10195e-44
-1.54143e-44
-9.80909e-45
-4.2039e-45
1.4013e-45
7.00649e-45
1.4013e-44
1.82169e-44
2.10195e-44
2.24208e-44
2.24208e-44
2.24208e-44
2.10195e-44
1.96182e-44
1.82169e-44
1.68156e-44
1.54143e-44
1.4013e-44
1.26117e-44
9.80909e-45
8.40779e-45
8.40779e-45
9.80909e-45
1.12104e-44
1.12104e-44
1.26117e-44
1.4013e-44
1.54143e-44
1.68156e-44
1.82169e-44
1.96182e-44
2.10195e-44
2.38221e-44
2.52234e-44
2.52234e-44
2.38221e-44
2.10195e-44
1.82169e-44
1.4013e-44
9.80909e-45
5.60519e-45
1.4013e-45
-2.8026e-45
-7.00649e-45
-1.12104e-44
-1.54143e-44
-1.82169e-44
-1.96182e-44
-1.96182e-44
-1.82169e-44
-1.68156e-44
-1.4013e-44
-1.12104e-44
-8.40779e-45
-7.00649e-45
-5.60519e-45
-4.2039e-45
-2.8026e-45
0
1.4013e-45
1.4013e-45
0
-2.8026e-45
-5.60519e-45
-9.80909e-45
-1.26117e-44
-1.4013e-44
-1.54143e-44
-1.68156e-44
-1.82169e-44
-1.96182e-44
-2.24208e-44
-2.38221e-44
-2.38221e-44
-2.24208e-44
-1.96182e-44
-1.68156e-44
-1.26117e-44
-8.40779e-45
-5.60519e-45
-2.8026e-45
0
2.8026e-45
5.60519e-45
9.80909e-45
1.12104e-44
9.80909e-45
7.00649e-45
2.8026e-45
-1.4013e-45
-7.00649e-45
-1.26117e-44
-1.68156e-44
-2.10195e-44
-2.52234e-44
-2.94273e-44
-3.22299e-44
-3.50325e-44
-3.50325e-44
-3.36312e-44
-3.08286e-44
-2.66247e-44
-2.10195e-44
-1.4013e-44
-7.00649e-45
-1.4013e-45
4.2039e-45
9.80909e-45
1.4013e-44
1.68156e-44
2.10195e-44
2.38221e-44
2.52234e-44
2.52234e-44
2.38221e-44
2.24208e-44
1.96182e-44
1.68156e-44
1.4013e-44
1.12104e-44
8.40779e-45
7.00649e-45
5.60519e-45
2.8026e-45
1.4013e-45
1.4013e-45
2.8026e-45
5.60519e-45
8.40779e-45
1.26117e-44
1.54143e-44
1.82169e-44
2.10195e-44
2.38221e-44
2.66247e-44
2.8026e-44
2.94273e-44
2.8026e-44
2.38221e-44
1.82169e-44
1.12104e-44
4.2039e-45
-2.8026e-45
-9.80909e-45
-1.54143e-44
-1.96182e-44
-2.38221e-44
-2.8026e-44
-3.08286e-44
-3.36312e-44
-3.36312e-44
-3.22299e-44
-2.94273e-44
-2.38221e-44
-1.82169e-44
-1.12104e-44
-4.2039e-45
1.4013e-45
7.00649e-45
1.26117e-44
1.68156e-44
2.10195e-44
2.66247e-44
2.94273e-44
2.94273e-44
2.66247e-44
2.10195e-44
1.54143e-44
8.40779e-45
2.8026e-45
-2.8026e-45
-8.40779e-45
-1.4013e-44
-1.82169e-44
-2.24208e-44
-2.8026e-44
-3.08286e-44
-3.08286e-44
-2.8026e-44
-2.24208e-44
-1.68156e-44
-9.80909e-45
-2.8026e-45
4.2039e-45
1.12104e-44
1.68156e-44
2.24208e-44
2.8026e-44
3.36312e-44
3.64338e-44
3.78351e-44
3.78351e-44
3.64338e-44
3.50325e-44
3.22299e-44
2.94273e-44
2.52234e-44
2.10195e-44
1.68156e-44
1.26117e-44
8.40779e-45
4.2039e-45
1.4013e-45
0
0
1.4013e-45
2.8026e-45
5.60519e-45
8.40779e-45
1.12104e-44
1.26117e-44
1.4013e-44
1.54143e-44
1.68156e-44
1.96182e-44
2.10195e-44
2.10195e-44
1.96182e-44
1.68156e-44
1.4013e-44
9.80909e-45
5.60519e-45
1.4013e-45
-2.8026e-45
-7.00649e-45
-1.12104e-44
-1.4013e-44
-1.82169e-44
-2.10195e-44
-2.24208e-44
-2.24208e-44
-2.10195e-44
-1.96182e-44
-1.68156e-44
-1.4013e-44
-1.12104e-44
-8.40779e-45
-7.00649e-45
-5.60519e-45
-4.2039e-45
-1.4013e-45
0
0
-1.4013e-45
-4.2039e-45
-7.00649e-45
-1.12104e-44
-1.4013e-44
-1.68156e-44
-1.96182e-44
-2.24208e-44
-2.52234e-44
-2.8026e-44
-3.08286e-44
-3.08286e-44
-2.8026e-44
-2.24208e-44
-1.54143e-44
-8.40779e-45
-1.4013e-45
5.60519e-45
1.26117e-44
1.82169e-44
2.38221e-44
2.94273e-44
3.36312e-44
3.78351e-44
4.06377e-44
4.2039e-44
4.2039e-44
4.06377e-44
3.92364e-44
3.64338e-44
3.36312e-44
3.08286e-44
2.8026e-44
2.38221e-44
1.96182e-44
1.54143e-44
9.80909e-45
5.60519e-45
2.8026e-45
1.4013e-45
1.4013e-45
1.4013e-45
2.8026e-45
4.2039e-45
5.60519e-45
7.00649e-45
8.40779e-45
9.80909e-45
9.80909e-45
9.80909e-45
7.00649e-45
2.8026e-45
-2.8026e-45
-9.80909e-45
-1.54143e-44
-2.10195e-44
-2.66247e-44
-3.08286e-44
-3.36312e-44
-3.50325e-44
-3.64338e-44
-3.78351e-44
-4.06377e-44
-4.2039e-44
-4.2039e-44
-4.06377e-44
-3.78351e-44
-3.50325e-44
-3.08286e-44
-2.66247e-44
-2.10195e-44
-1.54143e-44
-9.80909e-45
-4.2039e-45
1.4013e-45
8.40779e-45
1.4013e-44
1.68156e-44
1.82169e-44
1.82169e-44
1.82169e-44
1.68156e-44
1.54143e-44
1.4013e-44
1.26117e-44
1.12104e-44
9.80909e-45
8.40779e-45
5.60519e-45
4.2039e-45
4.2039e-45
5.60519e-45
8.40779e-45
1.12104e-44
1.4013e-44
1.68156e-44
1.96182e-44
2.24208e-44
2.52234e-44
2.8026e-44
2.94273e-44
3.08286e-44
2.94273e-44
2.52234e-44
1.96182e-44
1.26117e-44
5.60519e-45
-1.4013e-45
-8.40779e-45
-1.54143e-44
-2.10195e-44
-2.66247e-44
-3.08286e-44
-3.36312e-44
-3.64338e-44
-3.78351e-44
-3.78351e-44
-3.64338e-44
-3.36312e-44
-3.08286e-44
-2.66247e-44
-2.10195e-44
-1.54143e-44
-9.80909e-45
-4.2039e-45
1.4013e-45
7.00649e-45
1.4013e-44
1.82169e-44
2.10195e-44
2.24208e-44
2.24208e-44
2.24208e-44
2.10195e-44
1.96182e-44
1.82169e-44
1.68156e-44
1.54143e-44
1.4013e-44
1.26117e-44
9.80909e-45
8.40779e-45
8.40779e-45
9.80909e-45
1.12104e-44
1.12104e-44
1.26117e-44
1.4013e-44
1.54143e-44
1.68156e-44
1.82169e-44
1.96182e-44
2.10195e-44
2.38221e-44
2.52234e-44
2.52234e-44
2.38221e-44
2.10195e-44
1.82169e-44
1.4013e-44
9.80909e-45
5.60519e-45
1.4013e-45
-2.8026e-45
-7.00649e-45
-1.12104e-44
-1.54143e-44
-1.82169e-44
-1.96182e-44
-1.96182e-44
-1.82169e-44
-1.68156e-44
-1.4013e-44
-1.12104e-44
-8.40779e-45
-7.00649e-45
-5.60519e-45
-4.2039e-45
-2.8026e-45
0
1.4013e-45
1.4013e-45
0
-2.8026e-45
-5.60519e-45
-9.80909e-45
-1.26117e-44
-1.4013e-44
-1.54143e-44
-1.68156e-44
-1.82169e-44
-1.96182e-44
-2.24208e-44
-2.38221e-44
-2.38221e-44
-2.24208e-44
-1.96182e-44
-1.68156e-44
-1.26117e-44
-8.40779e-45
-5.60519e-45
-2.8026e-45
0
2.8026e-45
5.60519e-45
9.80909e-45
1.12104e-44
9.80909e-45
7.00649e-45
2.8026e-45
-1.4013e-45
-7.00649e-45
-1.26117e-44
-1.68156e-44
-2.10195e-44
-2.52234e-44
-2.94273e-44
-3.22299e-44
-3.50325e-44
-3.50325e-44
-3.36312e-44
-3.08286e-44
-2.66247e-44
-2.10195e-44
-1.4013e-44
-7.00649e-45
-1.4013e-45
4.2039e-45
9.80909e-45
1.4013e-44
1.68156e-44
2.10195e-44
2.38221e-44
2.52234e-44
2.52234e-44
2.38221e-44
2.24208e-44
1.96182e-44
1.68156e-44
1.4013e-44
1.12104e-44
8.40779e-45
7.00649e-45
5.60519e-45
2.8026e-45
1.4013e-45
1.4013e-45
2.8026e-45
5.60519e-45
8.40779e-45
1.26117e-44
1.54143e-44
1.82169e-44
2.10195e-44
2.38221e-44
2.66247e-44
2.8026e-44
2.94273e-44
2.8026e-44
2.38221e-44
1.82169e-44
1.12104e-44
4.2039e-45
-2.8026e-45
-9.80909e-45
-1.54143e-44
-1.96182e-44
-2.38221e-44
-2.8026e-44
-3.08286e-44
-3.36312e-44
-3.36312e-44
-3.22299e-44
-2.94273e-44
-2.38221e-44
-1.82169e-44
-1.12104e-44
-4.2039e-45
1.4013e-45
7.00649e-45
1.26117e-44
1.68156e-44
2.10195e-44
2.66247e-44
2.94273e-44
2.94273e-44
2.66247e-44
2.10195e-44
1.54143e-44
8.40779e-45
2.8026e-45
-2.8026e-45
-8.40779e-45
-1.4013e-44
-1.82169e-44
-2.24208e-44
-2.8026e-44
-3.08286e-44
-3.08286e-44
-2.8026e-44
-2.24208e-44
-1.68156e-44
-9.80909e-45
-2.8026e-45
4.2039e-45
1.12104e-44
1.68156e-44
2.24208e-44
2.8026e-44
3.36312e-44
3.64338e-44
3.78351e-44
3.78351e-44
3.64338e-44
3.50325e-44
3.22299e-44
2.94273e-44
2.52234e-44
2.10195e-44
1.68156e-44
1.26117e-44
8.40779e-45
4.2039e-45
1.4013e-45
0
0
1.4013e-45
2.8026e-45
5.60519e-45
8.40779e-45
1.12104e-44
1.26117e-44
1.4013e-44
1.54143e-44
1.68156e-44
1.96182e-44
2.10195e-44
2.10195e-44
1.96182e-44
1.68156e-44
1.4013e-44
9.80909e-45
5.60519e-45
1.4013e-45
-2.8026e-45
-7.00649e-45
-1.12104e-44
-1.4013e-44
-1.82169e-44
-2.10195e-44
-2.24208e-44
-2.24208e-44
-2.10195e-44
-1.96182e-44
-1.68156e-44
-1.4013e-44
-1.12104e-44
-8.40779e-45
-7.00649e-45
-5.60519e-45
-4.2039e-45
-1.4013e-45
0
0
-1.4013e-45
-4.2039e-45
-7.00649e-45
-1.12104e-44
-1.4013e-44
-1.68156e-44
-1.96182e-44
-2.24208e-44
-2.52234e-44
-2.8026e-44
-3.08286e-44
-3.08286e-44
-2.8026e-44
-2.24208e-44
-1.54143e-44
-8.40779e-45
-1.4013e-45
5.60519e-45
1.26117e-44
1.82169e-44
2.38221e-44
2.94273e-44
3.36312e-44
3.78351e-44
4.06377e-44
4.2039e-44
4.2039e-44
4.06377e-44
3.92364e-44
3.64338e-44
3.36312e-44
3.08286e-44
2.8026e-44
2.38221e-44
1.96182e-44
1.54143e-44
9.80909e-45
5.60519e-45
2.8026e-45
1.4013e-45
1.4013e-45
1.4013e-45
2.8026e-45
4.2039e-45
5.60519e-45
7.00649e-45
8.40779e-45
9.80909e-45
9.80909e-45
9.80909e-45
7.00649e-45
2.8026e-45
-2.8026e-45
-9.80909e-45
-1.54143e-44
-2.10195e-44
-2.66247e-44
-3.08286e-44
-3.36312e-44
-3.50325e-44
-3.64338e-44
-3.78351e-44
-4.06377e-44
-4.2039e-44
-4.2039e-44
-4.06377e-44
-3.78351e-44
-3.50325e-44
-3.08286e-44
-2.66247e-44
-2.10195e-44
-1.54143e-44
-9.80909e-45
-4.2039e-45
1.4013e-45
8.40779e-45
1.4013e-44
1.68156e-44
1.82169e-44
1.82169e-44
1.82169e-44
1.68156e-44
1.54143e-44
1.4013e-44
1.26117e-44
1.12104e-44
9.80909e-45
8.40779e-45
5.60519e-45
4.2039e-45
4.2039e-45
5.60519e-45
8.40779e-45
1.12104e-44
1.4013e-44
1.68156e-44
1.96182e-44
2.24208e-44
2.52234e-44
2.8026e-44
2.94273e-44
3.08286e-44
2.94273e-44
2.52234e-44
1.96182e-44
1.26117e-44
5.60519e-45
-1.4013e-45
-8.40779e-45
-1.54143e-44
-2.10195e-44
-2.66247e-44
-3.08286e-44
-3.36312e-44
-3.64338e-44
-3.78351e-44
-3.78351e-44
-3.64338e-44
-3.36312e-44
-3.08286e-44
-2.66247e-44
-2.10195e-44
-1.54143e-44
-9.80909e-45
-4.2039e-45
1.4013e-45
7.00649e-45
1.4013e-44
1.82169e-44
2.10195e-44
2.24208e-44
2.24208e-44
2.24208e-44
2.10195e-44
1.96182e-44
1.82169e-44
1.68156e-44
1.54143e-44
1.4013e-44
1.26117e-44
9.80909e-45
8.40779e-45
8.40779e-45
9.80909e-45
1.12104e-44
1.12104e-44
1.26117e-44
1.4013e-44
1.54143e-44
1.68156e-44
1.82169e-44
1.96182e-44
2.10195e-44
2.38221e-44
2.52234e-44
2.52234e-44
2.38221e-44
2.10195e-44
1.82169e-44
1.4013e-44
9.80909e-45
5.60519e-45
1.4013e-45
-2.8026e-45
-7.00649e-45
-1.12104e-44
-1.54143e-44
-1.82169e-44
-1.96182e-44
-1.96182e-44
-1.82169e-44
-1.68156e-44
-1.4013e-44
-1.12104e-44
-8.40779e-45
-7.00649e-45
-5.60519e-45
-4.2039e-45
-2.8026e-45
0
1.4013e-45
1.4013e-45
0
-2.8026e-45
-5.60519e-45
-9.80909e-45
-1.26117e-44
-1.4013e-44
-1.54143e-44
-1.68156e-44
-1.82169e-44
-1.96182e-44
-2.24208e-44
-2.38221e-44
-2.38221e-44
-2.24208e-44
-1.96182e-44
-1.68156e-44
-1.26117e-44
-8.40779e-45
-5.60519e-45
-2.8026e-45
0
2.8026e-45
5.60519e-45
9.80909e-45
1.12104e-44
9.80909e-45
7.00649e-45
2.8026e-45
-1.4013e-45
-7.00649e-45
-1.26117e-44
-1.68156e-44
-2.10195e-44
-2.52234e-44
-2.94273e-44
-3.22299e-44
-3.50325e-44
-3.50325e-44
-3.36312e-44
-3.08286e-44
-2.66247e-44
-2.10195e-44
-1.4013e-44
-7.00649e-45
-1.4013e-45
4.2039e-45
9.80909e-45
1.4013e-44
1.68156e-44
2.10195e-44
2.38221e-44
2.52234e-44
2.52234e-44
2.38221e-44
2.24208e-44
1.96182e-44
1.68156e-44
1.4013e-44
1.12104e-44
8.40779e-45
7.00649e-45
5.60519e-45
2.8026e-45
1.4013e-45
1.4013e-45
2.8026e-45
5.60519e-45
8.40779e-45
1.26117e-44
1.54143e-44
1.82169e-44
2.10195e-44
2.38221e-44
2.66247e-44
2.8026e-44
2.94273e-44
2.8026e-44
2.38221e-44
1.82169e-44
1.12104e-44
4.2039e-45
-2.8026e-45
-9.80909e-45
-1.54143e-44
-1.96182e-44
-2.38221e-44
-2.8026e-44
-3.08286e-44
-3.36312e-44
-3.36312e-44
-3.22299e-44
-2.94273e-44
-2.38221e-44
-1.82169e-44
-1.12104e-44
-4.2039e-45
1.4013e-45
7.00649e-45
1.26117e-44
1.68156e-44
2.10195e-44
2.66247e-44
2.94273e-44
2.94273e-44
2.66247e-44
2.10195e-44
1.54143e-44
8.40779e-45
2.8026e-45
-2.8026e-45
-8.40779e-45
-1.4013e-44
-1.82169e-44
-2.24208e-44
-2.8026e-44
-3.08286e-44
-3.08286e-44
-2.8026e-44
-2.24208e-44
-1.68156e-44
-9.80909e-45
-2.8026e-45
4.2039e-45
1.12104e-44
1.68156e-44
2.24208e-44
2.8026e-44
3.36312e-44
3.64338e-44
3.78351e-44
3.78351e-44
3.64338e-44
3.50325e-44
3.22299e-44
2.94273e-44
2.52234e-44
2.10195e-44
1.68156e-44
1.26117e-44
8.40779e-45
4.2039e-45
1.4013e-45
0
0
1.4013e-45
2.8026e-45
5.60519e-45
8.40779e-45
1.12104e-44
1.26117e-44
1.4013e-44
1.54143e-44
1.68156e-44
1.96182e-44
2.10195e-44
2.10195e-44
1.96182e-44
1.68156e-44
1.4013e-44
9.80909e-45
5.60519e-45
1.4013e-45
-2.8026e-45
-7.00649e-45
-1.12104e-44
-1.4013e-44
-1.82169e-44
-2.10195e-44
-2.24208e-44
-2.24208e-44
-2.10195e-44
-1.96182e-44
-1.68156e-44
-1.4013e-44
-1.12104e-44
-8.40779e-45
-7.00649e-45
-5.60519e-45
-4.2039e-45
-1.4013e-45
0
0
-1.4013e-45
-4.2039e-45
-7.00649e-45
-1.12104e-44
-1.4013e-44
-1.68156e-44
-1.96182e-44
-2.24208e-44
-2.52234e-44
-2.8026e-44
-3.08286e-44
-3.08286e-44
-2.8026e-44
-2.24208e-44
-1.54143e-44
-8.40779e-45
-1.4013e-45
5.60519e-45
1.26117e-44
1.82169e-44
2.38221e-44
2.94273e-44
3.36312e-44
3.78351e-44
4.06377e-44
4.2039e-44
4.2039e-44
4.06377e-44
3.92364e-44
3.64338e-44
3.36312e-44
3.08286e-44
2.8026e-44
2.38221e-44
1.96182e-44
1.54143e-44
9.80909e-45
5.60519e-45
2.8026e-45
1.4013e-45
1.4013e-45
1.4013e-45
2.8026e-45
4.2039e-45
5.60519e-45
7.00649e-45
8.40779e-45
9.80909e-45
9.80909e-45
9.80909e-45
7.00649e-45
2.8026e-45
-2.8026e-45
-9.80909e-45
-1.54143e-44
-2.10195e-44
-2.66247e-44
-3.08286e-44
-3.36312e-44
-3.50325e-44
-3.64338e-44
-3.78351e-44
-4.06377e-44
-4.2039e-44
-4.2039e-44
-4.06377e-44
-3.78351e-44
-3.50325e-44
-3.08286e-44
-2.66247e-44
-2.10195e-44
-1.54143e-44
-9.80909e-45
-4.2039e-45
1.4013e-45
8.40779e-45
1.4013e-44
1.68156e-44
1.82169e-44
1.82169e-44
1.82169e-44
1.68156e-44
1.54143e-44
1.4013e-44
1.26117e-44
1.12104e-44
9.80909e-45
8.40779e-45
5.60519e-45
4.2039e-45
4.2039e-45
5.60519e-45
8.40779e-45
1.12104e-44
1.4013e-44
1.68156e-44
1.96182e-44
2.24208e-44
2.52234e-44
2.8026e-44
2.94273e-44
3.08286e-44
2.94273e-44
2.52234e-44
1.96182e-44
1.26117e-44
5.60519e-45
-1.4013e-45
-8.40779e-45
-1.54143e-44
-2.10195e-44
-2.66247e-44
-3.08286e-44
-3.36312e-44
-3.64338e-44
-3.78351e-44
-3.78351e-44
-3.64338e-44
-3.36312e-44
-3.08286e-44
-2.66247e-44
-2.10195e-44
-1.54143e-44
-9.80909e-45
-4.2039e-45
1.4013e-45
7.00649e-45
1.4013e-44
1.82169e-44
2.10195e-44
2.24208e-44
2.24208e-44
2.24208e-44
2.10195e-44
1.96182e-44
1.82169e-44
1.68156e-44
1.54143e-44
1.4013e-44
1.26117e-44
9.80909e-45
8.40779e-45
8.40779e-45
9.80909e-45
1.12104e-44
1.12104e-44
1.26117e-44
1.4013e-44
1.54143e-44
1.68156e-44
1.82169e-44
1.96182e-44
2.10195e-44
2.38221e-44
2.52234e-44
2.52234e-44
2.38221e-44
2.10195e-44
1.82169e-44
1.4013e-44
9.80909e-45
5.60519e-45
1.4013e-45
-2.8026e-45
-7.00649e-45
-1.12104e-44
-1.54143e-44
-1.82169e-44
-1.96182e-44
-1.96182e-44
-1.82169e-44
-1.68156e-44
-1.4013e-44
-1.12104e-44
-8.40779e-45
-7.00649e-45
-5.60519e-45
-4.2039e-45
-2.8026e-45
0
1.4013e-45
1.4013e-45
0
-2.8026e-45
-5.60519e-45
-9.80909e-45
-1.26117e-44
-1.4013e-44
-1.54143e-44
-1.68156e-44
-1.82169e-44
-1.96182e-44
-2.24208e-44
-2.38221e-44
-2.38221e-44
-2.24208e-44
-1.96182e-44
-1.68156e-44
-1.26117e-44
-8.40779e-45
-5.60519e-45
-2.8026e-45
0
2.8026e-45
5.60519e-45
9.80909e-45
1.12104e-44
9.80909e-45
7.00649e-45
2.8026e-45
-1.4013e-45
-7.00649e-45
-1.26117e-44
-1.68156e-44
-2.10195e-44
-2.52234e-44
-2.94273e-44
-3.22299e-44
-3.50325e-44
-3.50325e-44
-3.36312e-44
-3.08286e-44
-2.66247e-44
-2.10195e-44
-1.4013e-44
-7.00649e-45
-1.4013e-45
4.2039e-45
9.80909e-45
1.4013e-44
1.68156e-44
2.10195e-44
2.38221e-44
2.52234e-44
2.52234e-44
2.38221e-44
2.24208e-44
1.96182e-44
1.68156e-44
1.4013e-44
1.12104e-44
8.40779e-45
7.00649e-45
5.60519e-45
2.8026e-45
1.4013e-45
1.4013e-45
2.8026e-45
5.60519e-45
8.40779e-45
1.26117e-44
1.54143e-44
1.82169e-44
2.10195e-44
2.38221e-44
2.66247e-44
2.8026e-44
2.94273e-44
2.8026e-44
2.38221e-44
1.82169e-44
1.12104e-44
4.2039e-45
-2.8026e-45
-9.80909e-45
-1.54143e-44
-1.96182e-44
-2.38221e-44
-2.8026e-44
-3.08286e-44
-3.36312e-44
-3.36312e-44
-3.22299e-44
-2.94273e-44
-2.38221e-44
-1.82169e-44
-1.12104e-44
-4.2039e-45
1.4013e-45
7.00649e-45
1.26117e-44
1.68156e-44
2.10195e-44
2.66247e-44
2.94273e-44
2.94273e-44
2.66247e-44
2.10195e-44
1.54143e-44
8.40779e-45
2.8026e-45
-2.8026e-45
-8.40779e-45
-1.4013e-44
-1.82169e-44
-2.24208e-44
-2.8026e-44
-3.08286e-44
-3.08286e-44
-2.8026e-44
-2.24208e-44
-1.68156e-44
-9.80909e-45
-2.8026e-45
4.2039e-45
1.12104e-44
1.68156e-44
2.24208e-44
2.8026e-44
3.36312e-44
3.64338e-44
3.78351e-44
3.78351e-44
3.64338e-44
3.50325e-44
3.22299e-44
2.94273e-44
2.52234e-44
2.10195e-44
1.68156e-44
1.26117e-44
8.40779e-45
4.2039e-45
1.4013e-45
0
0
1.4013e-45
2.8026e-45
5.60519e-45
8.40779e-45
1.12104e-44
1.26117e-44
1.4013e-44
1.54143e-44
1.68156e-44
1.96182e-44
2.10195e-44
2.10195e-44
1.96182e-44
1.68156e-44
1.4013e-44
9.80909e-45
5.60519e-45
1.4013e-45
-2.8026e-45
-7.00649e-45
-1.12104e-44
-1.4013e-44
-1.82169e-44
-2.10195e-44
-2.24208e-44
-2.24208e-44
-2.10195e-44
-1.96182e-44
-1.68156e-44
-1.4013e-44
-1.12104e-44
-8.40779e-45
-7.00649e-45
-5.60519e-45
-4.2039e-45
-1.4013e-45
0
0
-1.4013e-45
-4.2039e-45
-7.00649e-45
-1.12104e-44
-1.4013e-44
-1.68156e-44
-1.96182e-44
-2.24208e-44
-2.52234e-44
-2.8026e-44
-3.08286e-44
-3.08286e-44
-2.8026e-44
-2.24208e-44
-1.54143e-44
-8.40779e-45
-1.4013e-45
5.60519e-45
1.26117e-44
1.82169e-44
2.38221e-44
2.94273e-44
3.36312e-44
3.78351e-44
4.06377e-44
4.2039e-44
4.2039e-44
4.06377e-44
3.92364e-44
3.64338e-44
3.36312e-44
3.08286e-44
2.8026e-44
2.38221e-44
1.96182e-44
1.54143e-44
9.80909e-45
5.60519e-45
2.8026e-45
1.4013e-45
1.4013e-45
1.4013e-45
2.8026e-45
4.2039e-45
5.60519e-45
7.00649e-45
8.40779e-45
9.80909e-45
9.80909e-45
9.80909e-45
7.00649e-45
2.8026e-45
-2.8026e-45
-9.80909e-45
-1.54143e-44
-2.10195e-44
-2.66247e-44
-3.08286e-44
-3.36312e-44
-3.50325e-44
-3.64338e-44
-3.78351e-44
-4.06377e-44
-4.2039e-44
-4.2039e-44
-4.06377e-44
-3.78351e-44
-3.50325e-44
-3.08286e-44
-2.66247e-44
-2.10195e-44
-1.54143e-44
-9.80909e-45
-4.2039e-45
1.4013e-45
8.40779e-45
1.4013e-44
1.68156e-44
1.82169e-44
1.82169e-44
1.82169e-44
1.68156e-44
1.54143e-44
1.4013e-44
1.26117e-44
1.12104e-44
9.80909e-45
8.40779e-45
5.60519e-45
4.2039e-45
4.2039e-45
5.60519e-45
8.40779e-45
1.12104e-44
1.4013e-44
1.68156e-44
1.96182e-44
2.24208e-44
2.52234e-44
2.8026e-44
2.94273e-44
3.08286e-44
2.94273e-44
2.52234e-44
1.96182e-44
1.26117e-44
5.60519e-45
-1.4013e-45
-8.40779e-45
-1.54143e-44
-2.10195e-44
-2.66247e-44
-3.08286e-44
-3.36312e-44
-3.64338e-44
-3.78351e-44
-3.78351e-44
-3.64338e-44
-3.36312e-44
-3.08286e-44
-2.66247e-44
-2.10195e-44
-1.54143e-44
-9.80909e-45
-4.2039e-45
1.4013e-45
7.00649e-45
1.4013e-44
1.82169e-44
2.10195e-44
2.24208e-44
2.24208e-44
2.24208e-44
2.10195e-44
1.96182e-44
1.82169e-44
1.68156e-44
1.54143e-44
1.4013e-44
1.26117e-44
9.80909e-45
8.40779e-45
8.40779e-45
9.80909e-45
1.12104e-44
1.12104e-44
1.26117e-44
1.4013e-44
1.54143e-44
1.68156e-44
1.82169e-44
1.96182e-44
2.10195e-44
2.38221e-44
2.52234e-44
2.52234e-44
2.38221e-44
2.10195e-44
1.82169e-44
1.4013e-44
9.80909e-45
5.60519e-45
1.4013e-45
-2.8026e-45
-7.00649e-45
-1.12104e-44
-1.54143e-44
-1.82169e-44
-1.96182e-44
-1.96182e-44
-1.82169e-44
-1.68156e-44
-1.4013e-44
-1.12104e-44
-8.40779e-45
-7.00649e-45
-5.60519e-45
-4.2039e-45
-2.8026e-45
0
1.4013e-45
1.4013e-45
0
-2.8026e-45
-5.60519e-45
-9.80909e-45
-1.26117e-44
-1.4013e-44
-1.54143e-44
-1.68156e-44
-1.82169e-44
-1.96182e-44
-2.24208e-44
-2.38221e-44
-2.38221e-44
-2.24208e-44
-1.96182e-44
-1.68156e-44
-1.26117e-44
-8.40779e-45
-5.60519e-45
-2.8026e-45
0
2.8026e-45
5.60519e-45
9.80909e-45
1.12104e-44
9.80909e-45
7.00649e-45
2.8026e-45
-1.4013e-45
-7.00649e-45
-1.26117e-44
-1.68156e-44
-2.10195e-44
-2.52234e-44
-2.94273e-44
-3.22299e-44
-3.50325e-44
-3.50325e-44
-3.36312e-44
-3.08286e-44
-2.66247e-44
-2.10195e-44
-1.4013e-44
-7.00649e-45
-1.4013e-45
4.2039e-45
9.80909e-45
1.4013e-44
1.68156e-44
2.10195e-44
2.38221e-44
2.52234e-44
2.52234e-44
2.38221e-44
2.24208e-44
1.96182e-44
1.68156e-44
1.4013e-44
1.12104e-44
8.40779e-45
7.00649e-45
5.60519e-45
2.8026e-45
1.4013e-45
1.4013e-45
2.8026e-45
5.60519e-45
8.40779e-45
1.26117e-44
1.54143e-44
1.82169e-44
2.10195e-44
2.38221e-44
2.66247e-44
2.8026e-44
2.94273e-44
2.8026e-44
2.38221e-44
1.82169e-44
1.12104e-44
4.2039e-45
-2.8026e-45
-9.80909e-45
-1.54143e-44
-1.96182e-44
-2.38221e-44
-2.8026e-44
-3.08286e-44
-3.36312e-44
-3.36312e-44
-3.22299e-44
-2.94273e-44
-2.38221e-44
-1.82169e-44
-1.12104e-44
-4.2039e-45
1.4013e-45
7.00649e-45
1.26117e-44
1.68156e-44
2.10195e-44
2.66247e-44
2.94273e-44
2.94273e-44
2.66247e-44
2.10195e-44
1.54143e-44
8.40779e-45
2.8026e-45
-2.8026e-45
-8.40779e-45
-1.4013e-44
-1.82169e-44
-2.24208e-44
-2.8026e-44
-3.08286e-44
-3.08286e-44
-2.8026e-44
-2.24208e-44
-1.68156e-44
-9.80909e-45
-2.8026e-45
4.2039e-45
1.12104e-44
1.68156e-44
2.24208e-44
2.8026e-44
3.36312e-44
3.64338e-44
3.78351e-44
3.78351e-44
3.64338e-44
3.50325e-44
3.22299e-44
2.94273e-44
2.52234e-44
2.10195e-44
1.68156e-44
1.26117e-44
8.40779e-45
4.2039e-45
1.4013e-45
0
0
1.4013e-45
2.8026e-45
5.60519e-45
8.40779e-45
1.12104e-44
1.26117e-44
1.4013e-44
1.54143e-44
1.68156e-44
1.96182e-44
2.10195e-44
2.10195e-44
1.96182e-44
1.68156e-44
1.4013e-44
9.80909e-45
5.60519e-45
1.4013e-45
-2.8026e-45
-7.00649e-45
-1.12104e-44
-1.4013e-44
-1.82169e-44
-2.10195e-44
-2.24208e-44
-2.24208e-44
-2.10195e-44
-1.96182e-44
-1.68156e-44
-1.4013e-44
-1.12104e-44
-8.40779e-45
-7.00649e-45
-5.60519e-45
-4.2039e-45
-1.4013e-45
0
0
-1.4013e-45
-4.2039e-45
-7.00649e-45
-1.12104e-44
-1.4013e-44
-1.68156e-44
-1.96182e-44
-2.24208e-44
-2.52234e-44
-2.8026e-44
-3.08286e-44
-3.08286e-44
-2.8026e-44
-2.24208e-44
-1.54143e-44
-8.40779e-45
-1.4013e-45
5.60519e-45
1.26117e-44
1.82169e-44
2.38221e-44
2.94273e-44
3.36312e-44
3.78351e-44
4.06377e-44
4.2039e-44
4.2039e-44
4.06377e-44
3.92364e-44
3.64338e-44
3.36312e-44
3.08286e-44
2.8026e-44
2.38221e-44
1.96182e-44
1.54143e-44
9.80909e-45
5.60519e-45
2.8026e-45
1.4013e-45
1.4013e-45
1.4013e-45
2.8026e-45
4.2039e-45
5.60519e-45
7.00649e-45
8.40779e-45
9.80909e-45
9.80909e-45
9.80909e-45
7.00649e-45
2.8026e-45
-2.8026e-45
-9.80909e-45
-1.54143e-44
-2.10195e-44
-2.66247e-44
-3.08286e-44
-3.36312e-44
-3.50325e-44
-3.64338e-44
-3.78351e-44
-4.06377e-44
-4.2039e-44
-4.2039e-44
-4.06377e-44
-3.78351e-44
-3.50325e-44
-3.08286e-44
-2.66247e-44
-2.10195e-44
-1.54143e-44
-9.80909e-45
-4.2039e-45
1.4013e-45
8.40779e-45
1.4013e-44
1.68156e-44
1.82169e-44
1.82169e-44
1.82169e-44
1.68156e-44
1.54143e-44
1.4013e-44
1.26117e-44
1.12104e-44
9.80909e-45
8.40779e-45
5.60519e-45
4.2039e-45
4.2039e-45
5.60519e-45
8.40779e-45
1.12104e-44
1.4013e-44
1.68156e-44
1.96182e-44
2.24208e-44
2.52234e-44
2.8026e-44
2.94273e-44
3.08286e-44
2.94273e-44
2.52234e-44
1.96182e-44
1.26117e-44
5.60519e-45
-1.4013e-45
-8.40779e-45
-1.54143e-44
-2.10195e-44
-2.66247e-44
-3.08286e-44
-3.36312e-44
-3.64338e-44
-3.78351e-44
-3.78351e-44
-3.64338e-44
-3.36312e-44
-3.08286e-44
-2.66247e-44
-2.10195e-44
-1.54143e-44
-9.80909e-45
-4.2039e-45
1.4013e-45
7.00649e-45
1.4013e-44
1.82169e-44
2.10195e-44
2.24208e-44
2.24208e-44
2.24208e-44
2.10195e-44
1.96182e-44
1.82169e-44
1.68156e-44
1.54143e-44
1.4013e-44
1.26117e-44
9.80909e-45
8.40779e-45
8.40779e-45
9.80909e-45
1.12104e-44
1.12104e-44
1.26117e-44
1.4013e-44
1.54143e-44
1.68156e-44
1.82169e-44
1.96182e-44
2.10195e-44
2.38221e-44
2.52234e-44
2.52234e-44
2.38221e-44
2.10195e-44
1.82169e-44
1.4013e-44
9.80909e-45
5.60519e-45
1.4013e-45
-2.8026e-45
-7.00649e-45
-1.12104e-44
-1.54143e-44
-1.82169e-44
-1.96182e-44
-1.96182e-44
-1.82169e-44
-1.68156e-44
-1.4013e-44
-1.12104e-44
-8.40779e-45
-7.00649e-45
-5.60519e-45
-4.2039e-45
-2.8026e-45
0
1.4013e-45
1.4013e-45
0
-2.8026e-45
-5.60519e-45
-9.80909e-45
-1.26117e-44
-1.4013e-44
-1.54143e-44
-1.68156e-44
-1.82169e-44
-1.96182e-44
-2.24208e-44
-2.38221e-44
-2.38221e-44
-2.24208e-44
-1.96182e-44
-1.68156e-44
-1.26117e-44
-8.40779e-45
-5.60519e-45
-2.8026e-45
0
2.8026e-45
5.60519e-45
9.80909e-45
1.12104e-44
9.80909e-45
7.00649e-45
2.8026e-45
-1.4013e-45
-7.00649e-45
-1.26117e-44
-1.68156e-44
-2.10195e-44
-2.52234e-44
-2.94273e-44
-3.22299e-44
-3.50325e-44
-3.50325e-44
-3.36312e-44
-3.08286e-44
-2.66247e-44
-2.10195e-44
-1.4013e-44
-7.00649e-45
-1.4013e-45
4.2039e-45
9.80909e-45
1.4013e-44
1.68156e-44
2.10195e-44
2.38221e-44
2.52234e-44
2.52234e-44
2.38221e-44
2.24208e-44
1.96182e-44
1.68156e-44
1.4013e-44
1.12104e-44
8.40779e-45
7.00649e-45
5.60519e-45
2.8026e-45
1.4013e-45
1.4013e-45
2.8026e-45
5.60519e-45
8.40779e-45
1.26117e-44
1.54143e-44
1.82169e-44
2.10195e-44
2.38221e-44
2.66247e-44
2.8026e-44
2.94273e-44
2.8026e-44
2.38221e-44
1.82169e-44
1.12104e-44
4.2039e-45
-2.8026e-45
-9.80909e-45
-1.54143e-44
-1.96182e-44
-2.38221e-44
-2.8026e-44
-3.08286e-44
-3.36312e-44
-3.36312e-44
-3.22299e-44
-2.94273e-44
-2.38221e-44
-1.82169e-44
-1.12104e-44
-4.2039e-45
1.4013e-45
7.00649e-45
1.26117e-44
1.68156e-44
2.10195e-44
2.66247e-44
2.94273e-44
2.94273e-44
2.66247e-44
2.10195e-44
1.54143e-44
8.40779e-45
2.8026e-45
-2.8026e-45
-8.40779e-45
-1.4013e-44
-1.82169e-44
-2.24208e-44
-2.8026e-44
-3.08286e-44
-3.08286e-44
-2.8026e-44
-2.24208e-44
-1.68156e-44
-9.80909e-45
-2.8026e-45
4.2039e-45
1.12104e-44
1.68156e-44
2.24208e-44
2.8026e-44
3.36312e-44
3.64338e-44
3.78351e-44
3.78351e-44
3.64338e-44
3.50325e-44
3.22299e-44
2.94273e-44
2.52234e-44
2.10195e-44
1.68156e-44
1.26117e-44
8.40779e-45
4.2039e-45
1.4013e-45
0
0
1.4013e-45
2.8026e-45
5.60519e-45
8.40779e-45
1.12104e-44
1.26117e-44
1.4013e-44
1.54143e-44
1.68156e-44
1.96182e-44
2.10195e-44
2.10195e-44
1.96182e-44
1.68156e-44
1.4013e-44
9.80909e-45
5.60519e-45
1.4013e-45
-2.8026e-45
-7.00649e-45
-1.12104e-44
-1.4013e-44
-1.82169e-44
-2.10195e-44
-2.24208e-44
-2.24208e-44
-2.10195e-44
-1.96182e-44
-1.68156e-44
-1.4013e-44
-1.12104e-44
-8.40779e-45
-7.00649e-45
-5.60519e-45
-4.2039e-45
-1.4013e-45
0
0
-1.4013e-45
-4.2039e-45
-7.00649e-45
-1.12104e-44
-1.4013e-44
-1.68156e-44
-1.96182e-44
-2.24208e-44
-2.52234e-44
-2.8026e-44
-3.08286e-44
-3.08286e-44
-2.8026e-44
-2.24208e-44
-1.54143e-44
-8.40779e-45
-1.4013e-45
5.60519e-45
1.26117e-44
1.82169e-44
2.38221e-44
2.94273e-44
3.36312e-44
3.78351e-44
4.06377e-44
4.2039e-44
4.2039e-44
4.06377e-44
3.92364e-44
3.64338e-44
3.36312e-44
3.08286e-44
2.8026e-44
2.38221e-44
1.96182e-44
1.54143e-44
9.80909e-45
5.60519e-45
2.8026e-45
1.4013e-45
1.4013e-45
1.4013e-45
2.8026e-45
4.2039e-45
5.60519e-45
7.00649e-45
8.40779e-45
9.80909e-45
9.80909e-45
9.80909e-45
7.00649e-45
2.8026e-45
-2.8026e-45
-9.80909e-45
-1.54143e-44
-2.10195e-44
-2.66247e-44
-3.08286e-44
-3.36312e-44
-3.50325e-44
-3.64338e-44
-3.78351e-44
-4.06377e-44
-4.2039e-44
-4.2039e-44
-4.06377e-44
-3.78351e-44
-3.50325e-44
-3.08286e-44
-2.66247e-44
-2.10195e-44
-1.54143e-44
-9.80909e-45
-4.2039e-45
1.4013e-45
8.40779e-45
1.4013e-44
1.68156e-44
1.82169e-44
1.82169e-44
1.82169e-44
1.68156e-44
1.54143e-44
1.4013e-44
1.26117e-44
1.12104e-44
9.80909e-45
8.40779e-45
5.60519e-45
4.2039e-45
4.2039e-45
5.60519e-45
8.40779e-45
1.12104e-44
1.4013e-44
1.68156e-44
1.96182e-44
2.24208e-44
2.52234e-44
2.8026e-44
2.94273e-44
3.08286e-44
2.94273e-44
2.52234e-44
1.96182e-44
1.26117e-44
5.60519e-45
-1.4013e-45
-8.40779e-45
-1.54143e-44
-2.10195e-44
-2.66247e-44
-3.08286e-44
-3.36312e-44
-3.64338e-44
-3.78351e-44
-3.78351e-44
-3.64338e-44
-3.36312e-44
-3.08286e-44
-2.66247e-44
-2.10195e-44
-1.54143e-44
-9.80909e-45
-4.2039e-45
1.4013e-45
7.00649e-45
1.4013e-44
1.82169e-44
2.10195e-44
2.24208e-44
2.24208e-44
2.24208e-44
2.10195e-44
1.96182e-44
1.82169e-44
1.68156e-44
1.54143e-44
1.4013e-44
1.26117e-44
9.80909e-45
8.40779e-45
8.40779e-45
9.80909e-45
1.12104e-44
1.12104e-44
1.26117e-44
1.4013e-44
1.54143e-44
1.68156e-44
1.82169e-44
1.96182e-44
2.10195e-44
2.38221e-44
2.52234e-44
2.52234e-44
2.38221e-44
2.10195e-44
1.82169e-44
1.4013e-44
9.80909e-45
5.60519e-45
1.4013e-45
-2.8026e-45
-7.00649e-45
-1.12104e-44
-1.54143e-44
-1.82169e-44
-1.96182e-44
-1.96182e-44
-1.82169e-44
-1.68156e-44
-1.4013e-44
-1.12104e-44
-8.40779e-45
-7.00649e-45
-5.60519e-45
-4.2039e-45
-2.8026e-45
0
1.4013e-45
1.4013e-45
0
-2.8026e-45
-5.60519e-45
-9.80909e-45
-1.26117e-44
-1.4013e-44
-1.54143e-44
-1.68156e-44
-1.82169e-44
-1.96182e-44
-2.24208e-44
-2.38221e-44
-2.38221e-44
-2.24208e-44
-1.96182e-44
-1.68156e-44
-1.26117e-44
-8.40779e-45
-5.60519e-45
-2.8026e-45
0
2.8026e-45
5.60519e-45
9.80909e-45
1.12104e-44
9.80909e-45
7.00649e-45
2.8026e-45
-1.4013e-45
-7.00649e-45
-1.26117e-44
-1.68156e-44
-2.10195e-44
-2.52234e-44
-2.94273e-44
-3.22299e-44
-3.50325e-44
-3.50325e-44
-3.36312e-44
-3.08286e-44
-2.66247e-44
-2.10195e-44
-1.4013e-44
-7.00649e-45
-1.4013e-45
4.2039e-45
9.80909e-45
1.4013e-44
1.68156e-44
2.10195e-44
2.38221e-44
2.52234e-44
2.52234e-44
2.38221e-44
2.24208e-44
1.96182e-44
1.68156e-44
1.4013e-44
1.12104e-44
8.40779e-45
7.00649e-45
5.60519e-45
2.8026e-45
1.4013e-45
1.4013e-45
2.8026e-45
5.60519e-45
8.40779e-45
1.26117e-44
1.54143e-44
1.82169e-44
2.10195e-44
2.38221e-44
2.66247e-44
2.8026e-44
2.94273e-44
2.8026e-44
2.38221e-44
1.82169e-44
1.12104e-44
4.2039e-45
-2.8026e-45
-9.80909e-45
-1.54143e-44
-1.96182e-44
-2.38221e-44
-2.8026e-44
-3.08286e-44
-3.36312e-44
-3.36312e-44
-3.22299e-44
-2.94273e-44
-2.38221e-44
-1.82169e-44
-1.12104e-44
-4.2039e-45
1.4013e-45
7.00649e-45
1.26117e-44
1.68156e-44
2.10195e-44
2.66247e-44
2.94273e-44
2.94273e-44
2.66247e-44
2.10195e-44
1.54143e-44
8.40779e-45
2.8026e-45
-2.8026e-45
-8.40779e-45
-1.4013e-44
-1.82169e-44
-2.24208e-44
-2.8026e-44
-3.08286e-44
-3.08286e-44
-2.8026e-44
-2.24208e-44
-1.68156e-44
-9.80909e-45
-2.8026e-45
4.2039e-45
1.12104e-44
1.68156e-44
2.24208e-44
2.8026e-44
3.36312e-44
3.64338e-44
3.78351e-44
3.78351e-44
3.64338e-44
3.50325e-44
3.22299e-44
2.94273e-44
2.52234e-44
2.10195e-44
1.68156e-44
1.26117e-44
8.40779e-45
4.2039e-45
1.4013e-45
0
0
1.4013e-45
2.8026e-45
5.60519e-45
8.40779e-45
1.12104e-44
1.26117e-44
1.4013e-44
1.54143e-44
1.68156e-44
1.96182e-44
2.10195e-44
2.10195e-44
1.96182e-44
1.68156e-44
1.4013e-44
9.80909e-45
5.60519e-45
1.4013e-45
-2.8026e-45
-7.00649e-45
-1.12104e-44
-1.4013e-44
-1.82169e-44
-2.10195e-44
-2.24208e-44
-2.24208e-44
-2.10195e-44
-1.96182e-44
-1.68156e-44
-1.4013e-44
-1.12104e-44
-8.40779e-45
-7.00649e-45
-5.60519e-45
-4.2039e-45
-1.4013e-45
0
0
-1.4013e-45
-4.2039e-45
-7.00649e-45
-1.12104e-44
-1.4013e-44
-1.68156e-44
-1.96182e-44
-2.24208e-44
-2.52234e-44
-2.8026e-44
-3.08286e-44
-3.08286e-44
-2.8026e-44
-2.24208e-44
-1.54143e-44
-8.40779e-45
-1.4013e-45
5.60519e-45
1.26117e-44
1.82169e-44
2.38221e-44
2.94273e-44
3.36312e-44
3.78351e-44
4.06377e-44
4.2039e-44
4.2039e-44
4.06377e-44
3.92364e-44
3.64338e-44
3.36312e-44
3.08286e-44
2.8026e-44
2.38221e-44
1.96182e-44
1.54143e-44
9.80909e-45
5.60519e-45
2.8026e-45
1.4013e-45
1.4013e-45
1.4013e-45
2.8026e-45
4.2039e-45
5.60519e-45
7.00649e-45
8.40779e-45
9.80909e-45
9.80909e-45
9.80909e-45
7.00649e-45
2.8026e-45
-2.8026e-45
-9.80909e-45
-1.54143e-44
-2.10195e-44
-2.66247e-44
-3.08286e-44
-3.36312e-44
-3.50325e-44
-3.64338e-44
-3.78351e-44
-4.06377e-44
-4.2039e-44
-4.2039e-44
-4.06377e-44
-3.78351e-44
-3.50325e-44
-3.08286e-44
-2.66247e-44
-2.10195e-44
-1.54143e-44
-9.80909e-45
-4.2039e-45
1.4013e-45
8.40779e-45
1.4013e-44
1.68156e-44
1.82169e-44
1.82169e-44
1.82169e-44
1.68156e-44
1.54143e-44
1.4013e-44
1.26117e-44
1.12104e-44
9.80909e-45
8.40779e-45
5.60519e-45
4.2039e-45
4.2039e-45
5.60519e-45
8.40779e-45
1.12104e-44
1.4013e-44
1.68156e-44
1.96182e-44
2.24208e-44
2.52234e-44
2.8026e-44
2.94273e-44
3.08286e-44
2.94273e-44
2.52234e-44
1.96182e-44
1.26117e-44
5.60519e-45
-1.4013e-45
-8.40779e-45
-1.54143e-44
-2.10195e-44
-2.66247e-44
-3.08286e-44
-3.36312e-44
-3.64338e-44
-3.78351e-44
-3.78351e-44
-3.64338e-44
-3.36312e-44
-3.08286e-44
-2.66247e-44
-2.10195e-44
-1.54143e-44
-9.80909e-45
-4.2039e-45
1.4013e-45
7.00649e-45
1.4013e-44
1.82169e-44
2.10195e-44
2.24208e-44
2.24208e-44
2.24208e-44
2.10195e-44
1.96182e-44
1.82169e-44
1.68156e-44
1.54143e-44
1.4013e-44
1.26117e-44
9.80909e-45
8.40779e-45
8.40779e-45
9.80909e-45
1.12104e-44
1.12104e-44
1.26117e-44
1.4013e-44
1.54143e-44
1.68156e-44
1.82169e-44
1.96182e-44
2.10195e-44
2.38221e-44
2.52234e-44
2.52234e-44
2.38221e-44
2.10195e-44
1.82169e-44
1.4013e-44
9.80909e-45
5.60519e-45
1.4013e-45
-2.8026e-45
-7.00649e-45
-1.12104e-44
-1.54143e-44
-1.82169e-44
-1.96182e-44
-1.96182e-44
-1.82169e-44
-1.68156e-44
-1.4013e-44
-1.12104e-44
-8.40779e-45
-7.00649e-45
-5.60519e-45
-4.2039e-45
-2.8026e-45
0
1.4013e-45
1.4013e-45
0
-2.8026e-45
-5.60519e-45
-9.80909e-45
-1.26117e-44
-1.4013e-44
-1.54143e-44
-1.68156e-44
-1.82169e-44
-1.96182e-44
-2.24208e-44
-2.38221e-44
-2.38221e-44
-2.24208e-44
-1.96182e-44
-1.68156e-44
-1.26117e-44
-8.40779e-45
-5.60519e-45
-2.8026e-45
0
2.8026e-45
5.60519e-45
9.80909e-45
1.12104e-44
9.80909e-45
7.00649e-45
2.8026e-45
-1.4013e-45
-7.00649e-45
-1.26117e-44
-1.68156e-44
-2.10195e-44
-2.52234e-44
-2.94273e-44
-3.22299e-44
-3.50325e-44
-3.50325e-44
-3.36312e-44
-3.08286e-44
-2.66247e-44
-2.10195e-44
-1.4013e-44
-7.00649e-45
-1.4013e-45
4.2039e-45
9.80909e-45
1.4013e-44
1.68156e-44
2.10195e-44
2.38221e-44
2.52234e-44
2.52234e-44
2.38221e-44
2.24208e-44
1.96182e-44
1.68156e-44
1.4013e-44
1.12104e-44
8.40779e-45
7.00649e-45
5.60519e-45
2.8026e-45
1.4013e-45
1.4013e-45
2.8026e-45
5.60519e-45
8.40779e-45
1.26117e-44
1.54143e-44
1.82169e-44
2.10195e-44
2.38221e-44
2.66247e-44
2.8026e-44
2.94273e-44
2.8026e-44
2.38221e-44
1.82169e-44
1.12104e-44
4.2039e-45
-2.8026e-45
-9.80909e-45
-1.54143e-44
-1.96182e-44
-2.38221e-44
-2.8026e-44
-3.08286e-44
-3.36312e-44
-3.36312e-44
-3.22299e-44
-2.94273e-44
-2.38221e-44
-1.82169e-44
-1.12104e-44
-4.2039e-45
1.4013e-45
7.00649e-45
1.26117e-44
1.68156e-44
2.10195e-44
2.66247e-44
2.94273e-44
2.94273e-44
2.66247e-44
2.10195e-44
1.54143e-44
8.40779e-45
2.8026e-45
-2.8026e-45
-8.40779e-45
-1.4013e-44
-1.82169e-44
-2.24208e-44
-2.8026e-44
-3.08286e-44
-3.08286e-44
-2.8026e-44
-2.24208e-44
-1.68156e-44
-9.80909e-45
-2.8026e-45
4.2039e-45
1.12104e-44
1.68156e-44
2.24208e-44
2.8026e-44
3.36312e-44
3.64338e-44
3.78351e-44
3.78351e-44
3.64338e-44
3.50325e-44
3.22299e-44
2.94273e-44
2.52234e-44
2.10195e-44
1.68156e-44
1.26117e-44
8.40779e-45
4.2039e-45
1.4013e-45
0
0
1.4013e-45
2.8026e-45
5.60519e-45
8.40779e-45
1.12104e-44
1.26117e-44
1.4013e-44
1.54143e-44
1.68156e-44
1.96182e-44
2.10195e-44
2.10195e-44
1.96182e-44
1.68156e-44
1.4013e-44
9.80909e-45
5.60519e-45
1.4013e-45
-2.8026e-45
-7.00649e-45
-1.12104e-44
-1.4013e-44
-1.82169e-44
-2.10195e-44
-2.24208e-44
-2.24208e-44
-2.10195e-44
-1.96182e-44
-1.68156e-44
-1.4013e-44
-1.12104e-44
-8.40779e-45
-7.00649e-45
-5.60519e-45
-4.2039e-45
-1.4013e-45
0
0
-1.4013e-45
-4.2039e-45
-7.00649e-45
-1.12104e-44
-1.4013e-44
-1.68156e-44
-1.96182e-44
-2.24208e-44
-2.52234e-44
-2.8026e-44
-3.08286e-44
-3.08286e-44
-2.8026e-44
-2.24208e-44
-1.54143e-44
-8.40779e-45
-1.4013e-45
5.60519e-45
1.26117e-44
1.82169e-44
2.38221e-44
2.94273e-44
3.36312e-44
3.78351e-44
4.06377e-44
4.2039e-44
4.2039e-44
4.06377e-44
3.92364e-44
3.64338e-44
3.36312e-44
3.08286e-44
2.8026e-44
2.38221e-44
1.96182e-44
1.54143e-44
9.80909e-45
5.60519e-45
2.8026e-45
1.4013e-45
1.4013e-45
1.4013e-45
2.8026e-45
4.2039e-45
5.60519e-45
7.00649e-45
8.40779e-45
9.80909e-45
9.80909e-45
9.80909e-45
7.00649e-45
2.8026e-45
-2.8026e-45
-9.80909e-45
-1.54143e-44
-2.10195e-44
-2.66247e-44
-3.08286e-44
-3.36312e-44
-3.50325e-44
-3.64338e-44
-3.78351e-44
-4.06377e-44
-4.2039e-44
-4.2039e-44
-4.06377e-44
-3.78351e-44
-3.50325e-44
-3.08286e-44
-2.66247e-44
-2.10195e-44
-1.54143e-44
-9.80909e-45
-4.2039e-45
1.4013e-45
8.40779e-45
1.4013e-44
1.68156e-44
1.82169e-44
1.82169e-44
1.82169e-44
1.68156e-44
1.54143e-44
1.4013e-44
1.26117e-44
1.12104e-44
9.80909e-45
8.40779e-45
5.60519e-45
4.2039e-45
4.2039e-45
5.60519e-45
8.40779e-45
1.12104e-44
1.4013e-44
1.68156e-44
1.96182e-44
2.24208e-44
2.52234e-44
2.8026e-44
2.94273e-44
3.08286e-44
2.94273e-44
2.52234e-44
1.96182e-44
1.26117e-44
5.60519e-45
-1.4013e-45
-8.40779e-45
-1.54143e-44
-2.10195e-44
-2.66247e-44
-3.08286e-44
-3.36312e-44
-3.64338e-44
-3.78351e-44
-3.78351e-44
-3.64338e-44
-3.36312e-44
-3.08286e-44
-2.66247e-44
-2.10195e-44
-1.54143e-44
-9.80909e-45
-4.2039e-45
1.4013e-45
7.00649e-45
1.4013e-44
1.82169e-44
2.10195e-44
2.24208e-44
2.24208e-44
2.24208e-44
2.10195e-44
1.96182e-44
1.82169e-44
1.68156e-44
1.54143e-44
1.4013e-44
1.26117e-44
9.80909e-45
8.40779e-45
8.40779e-45
9.80909e-45
1.12104e-44
1.12104e-44
1.26117e-44
1.4013e-44
1.54143e-44
1.68156e-44
1.82169e-44
1.96182e-44
2.10195e-44
2.38221e-44
2.52234e-44
2.52234e-44
2.38221e-44
2.10195e-44
1.82169e-44
1.4013e-44
9.80909e-45
5.60519e-45
1.4013e-45
-2.8026e-45
-7.00649e-45
-1.12104e-44
-1.54143e-44
-1.82169e-44
-1.96182e-44
-1.96182e-44
-1.82169e-44
-1.68156e-44
-1.4013e-44
-1.12104e-44
-8.40779e-45
-7.00649e-45
-5.60519e-45
-4.2039e-45
-2.8026e-45
0
1.4013e-45
1.4013e-45
0
-2.8026e-45
-5.60519e-45
-9.80909e-45
-1.26117e-44
-1.4013e-44
-1.54143e-44
-1.68156e-44
-1.82169e-44
-1.96182e-44
-2.24208e-44
-2.38221e-44
-2.38221e-44
-2.24208e-44
-1.96182e-44
-1.68156e-44
-1.26117e-44
-8.40779e-45
-5.60519e-45
-2.8026e-45
0
2.8026e-45
5.60519e-45
9.80909e-45
1.12104e-44
9.80909e-45
7.00649e-45
2.8026e-45
-1.4013e-45
-7.00649e-45
-1.26117e-44
-1.68156e-44
-2.10195e-44
-2.52234e-44
-2.94273e-44
-3.22299e-44
-3.50325e-44
-3.50325e-44
-3.36312e-44
-3.08286e-44
-2.66247e-44
-2.10195e-44
-1.4013e-44
-7.00649e-45
-1.4013e-45
4.2039e-45
9.80909e-45
1.4013e-44
1.68156e-44
2.10195e-44
2.38221e-44
2.52234e-44
2.52234e-44
2.38221e-44
2.24208e-44
1.96182e-44
1.68156e-44
1.4013e-44
1.12104e-44
8.40779e-45
7.00649e-45
5.60519e-45
2.8026e-45
1.4013e-45
1.4013e-45
2.8026e-45
5.60519e-45
8.40779e-45
1.26117e-44
1.54143e-44
1.82169e-44
2.10195e-44
2.38221e-44
2.66247e-44
2.8026e-44
2.94273e-44
2.8026e-44
2.38221e-44
1.82169e-44
1.12104e-44
4.2039e-45
-2.8026e-45
-9.80909e-45
-1.54143e-44
-1.96182e-44
-2.38221e-44
-2.8026e-44
-3.08286e-44
-3.36312e-44
-3.36312e-44
-3.22299e-44
-2.94273e-44
-2.38221e-44
-1.82169e-44
-1.12104e-44
-4.2039e-45
1.4013e-45
7.00649e-45
1.26117e-44
1.68156e-44
2.10195e-44
2.66247e-44
2.94273e-44
2.94273e-44
2.66247e-44
2.10195e-44
1.54143e-44
8.40779e-45
2.8026e-45
-2.8026e-45
-8.40779e-45
-1.4013e-44
-1.82169e-44
-2.24208e-44
-2.8026e-44
-3.08286e-44
-3.08286e-44
-2.8026e-44
-2.24208e-44
-1.68156e-44
-9.80909e-45
-2.8026e-45
4.2039e-45
1.12104e-44
1.68156e-44
2.24208e-44
2.8026e-44
3.36312e-44
3.64338e-44
3.78351e-44
3.78351e-44
3.64338e-44
3.50325e-44
3.22299e-44
2.94273e-44
2.52234e-44
2.10195e-44
1.68156e-44
1.26117e-44
8.40779e-45
4.2039e-45
1.4013e-45
0
0
1.4013e-45
2.8026e-45
5.60519e-45
8.40779e-45
1.12104e-44
1.26117e-44
1.4013e-44
1.54143e-44
1.68156e-44
1.96182e-44
2.10195e-44
2.10195e-44
1.96182e-44
1.68156e-44
1.4013e-44
9.80909e-45
5.60519e-45
1.4013e-45
-2.8026e-45
-7.00649e-45
-1.12104e-44
-1.4013e-44
-1.82169e-44
-2.10195e-44
-2.24208e-44
-2.24208e-44
-2.10195e-44
-1.96182e-44
-1.68156e-44
-1.4013e-44
-1.12104e-44
-8.40779e-45
-7.00649e-45
-5.60519e-45
-4.2039e-45
-1.4013e-45
0
0
-1.4013e-45
-4.2039e-45
-7.00649e-45
-1.12104e-44
-1.4013e-44
-1.68156e-44
-1.96182e-44
-2.24208e-44
-2.52234e-44
-2.8026e-44
-3.08286e-44
-3.08286e-44
-2.8026e-44
-2.24208e-44
-1.54143e-44
-8.40779e-45
-1.4013e-45
5.60519e-45
1.26117e-44
1.82169e-44
2.38221e-44
2.94273e-44
3.36312e-44
3.78351e-44
4.06377e-44
4.2039e-44
4.2039e-44
4.06377e-44
3.92364e-44
3.64338e-44
3.36312e-44
3.08286e-44
2.8026e-44
2.38221e-44
1.96182e-44
1.54143e-44
9.80909e-45
5.60519e-45
2.8026e-45
1.4013e-45
1.4013e-45
1.4013e-45
2.8026e-45
4.2039e-45
5.60519e-45
7.00649e-45
8.40779e-45
9.80909e-45
9.80909e-45
9.80909e-45
7.00649e-45
2.8026e-45
-2.8026e-45
-9.80909e-45
-1.54143e-44
-2.10195e-44
-2.66247e-44
-3.08286e-44
-3.36312e-44
-3.50325e-44
-3.64338e-44
-3.78351e-44
-4.06377e-44
-4.2039e-44
-4.2039e-44
-4.06377e-44
-3.78351e-44
-3.50325e-44
-3.08286e-44
-2.66247e-44
-2.10195e-44
-1.54143e-44
-9.80909e-45
-4.2039e-45
1.4013e-45
8.40779e-45
1.4013e-44
1.68156e-44
1.82169e-44
1.82169e-44
1.82169e-44
1.68156e-44
1.54143e-44
1.4013e-44
1.26117e-44
1.12104e-44
9.80909e-45
8.40779e-45
5.60519e-45
4.2039e-45
4.2039e-45
5.60519e-45
8.40779e-45
1.12104e-44
1.4013e-44
1.68156e-44
1.96182e-44
2.24208e-44
2.52234e-44
2.8026e-44
2.94273e-44
3.08286e-44
2.94273e-44
2.52234e-44
1.96182e-44
1.26117e-44
5.60519e-45
-1.4013e-45
-8.40779e-45
-1.54143e-44
-2.10195e-44
-2.66247e-44
-3.08286e-44
-3.36312e-44
-3.64338e-44
-3.78351e-44
-3.78351e-44
-3.64338e-44
-3.36312e-44
-3.08286e-44
-2.66247e-44
-2.10195e-44
-1.54143e-44
-9.80909e-45
-4.2039e-45
1.4013e-45
7.00649e-45
1.4013e-44
1.82169e-44
2.10195e-44
2.24208e-44
2.24208e-44
2.24208e-44
2.10195e-44
1.96182e-44
1.82169e-44
1.68156e-44
1.54143e-44
1.4013e-44
1.26117e-44
9.80909e-45
8.40779e-45
8.40779e-45
9.80909e-45
1.12104e-44
1.12104e-44
1.26117e-44
1.4013e-44
1.54143e-44
1.68156e-44
1.82169e-44
1.96182e-44
2.10195e-44
2.38221e-44
2.52234e-44
2.52234e-44
2.38221e-44
2.10195e-44
1.82169e-44
1.4013e-44
9.80909e-45
5.60519e-45
1.4013e-45
-2.8026e-45
-7.00649e-45
-1.12104e-44
-1.54143e-44
-1.82169e-44
-1.96182e-44
-1.96182e-44
-1.82169e-44
-1.68156e-44
-1.4013e-44
-1.12104e-44
-8.40779e-45
-7.00649e-45
-5.60519e-45
-4.2039e-45
-2.8026e-45
0
1.4013e-45
1.4013e-45
0
-2.8026e-45
-5.60519e-45
-9.80909e-45
-1.26117e-44
-1.4013e-44
-1.54143e-44
-1.68156e-44
-1.82169e-44
-1.96182e-44
-2.24208e-44
-2.38221e-44
-2.38221e-44
-2.24208e-44
-1.96182e-44
-1.68156e-44
-1.26117e-44
-8.40779e-45
-5.60519e-45
-2.8026e-45
0
2.8026e-45
5.60519e-45
9.80909e-45
1.12104e-44
9.80909e-45
7.00649e-45
2.8026e-45
-1.4013e-45
-7.00649e-45
-1.26117e-44
-1.68156e-44
-2.10195e-44
-2.52234e-44
-2.94273e-44
-3.22299e-44
-3.50325e-44
-3.50325e-44
-3.36312e-44
-3.08286e-44
-2.66247e-44
-2.10195e-44
-1.4013e-44
-7.00649e-45
-1.4013e-45
4.2039e-45
9.80909e-45
1.4013e-44
1.68156e-44
2.10195e-44
2.38221e-44
2.52234e-44
2.52234e-44
2.38221e-44
2.24208e-44
1.96182e-44
1.68156e-44
1.4013e-44
1.12104e-44
8.40779e-45
7.00649e-45
5.60519e-45
2.8026e-45
1.4013e-45
1.4013e-45
2.8026e-45
5.60519e-45
8.40779e-45
1.26117e-44
1.54143e-44
1.82169e-44
2.10195e-44
2.38221e-44
2.66247e-44
2.8026e-44
2.94273e-44
2.8026e-44
2.38221e-44
1.82169e-44
1.12104e-44
4.2039e-45
-2.8026e-45
-9.80909e-45
-1.54143e-44
-1.96182e-44
-2.38221e-44
-2.8026e-44
-3.08286e-44
-3.36312e-44
-3.36312e-44
-3.22299e-44
-2.94273e-44
-2.38221e-44
-1.82169e-44
-1.12104e-44
-4.2039e-45
1.4013e-45
7.00649e-45
1.26117e-44
1.68156e-44
2.10195e-44
2.66247e-44
2.94273e-44
2.94273e-44
2.66247e-44
2.10195e-44
1.54143e-44
8.40779e-45
2.8026e-45
-2.8026e-45
-8.40779e-45
-1.4013e-44
-1.82169e-44
-2.24208e-44
-2.8026e-44
-3.08286e-44
-3.08286e-44
-2.8026e-44
-2.24208e-44
-1.68156e-44
-9.80909e-45
-2.8026e-45
4.2039e-45
1.12104e-44
1.68156e-44
2.24208e-44
2.8026e-44
3.36312e-44
3.64338e-44
3.78351e-44
3.78351e-44
3.64338e-44
3.50325e-44
3.22299e-44
2.94273e-44
2.52234e-44
2.10195e-44
1.68156e-44
1.26117e-44
8.40779e-45
4.2039e-45
1.4013e-45
0
0
1.4013e-45
2.8026e-45
5.60519e-45
8.40779e-45
1.12104e-44
1.26117e-44
1.4013e-44
1.54143e-44
1.68156e-44
1.96182e-44
2.10195e-44
2.10195e-44
1.96182e-44
1.68156e-44
1.4013e-44
9.80909e-45
5.60519e-45
1.4013e-45
-2.8026e-45
-7.00649e-45
-1.12104e-44
-1.4013e-44
-1.82169e-44
-2.10195e-44
-2.24208e-44
-2.24208e-44
-2.10195e-44
-1.96182e-44
-1.68156e-44
-1.4013e-44
-1.12104e-44
-8.40779e-45
-7.00649e-45
-5.60519e-45
-4.2039e-45
-1.4013e-45
0
0
-1.4013e-45
-4.2039e-45
-7.00649e-45
-1.12104e-44
-1.4013e-44
-1.68156e-44
-1.96182e-44
-2.24208e-44
-2.52234e-44
-2.8026e-44
-3.08286e-44
-3.08286e-44
-2.8026e-44
-2.24208e-44
-1.54143e-44
-8.40779e-45
-1.4013e-45
5.60519e-45
1.26117e-44
1.82169e-44
2.38221e-44
2.94273e-44
3.36312e-44
3.78351e-44
4.06377e-44
4.2039e-44
4.2039e-44
4.06377e-44
3.92364e-44
3.64338e-44
3.36312e-44
3.08286e-44
2.8026e-44
2.38221e-44
1.96182e-44
1.54143e-44
9.80909e-45
5.60519e-45
2.8026e-45
1.4013e-45
1.4013e-45
1.4013e-45
2.8026e-45
4.2039e-45
5.60519e-45
7.00649e-45
8.40779e-45
9.80909e-45
9.80909e-45
9.80909e-45
7.00649e-45
2.8026e-45
-2.8026e-45
-9.80909e-45
-1.54143e-44
-2.10195e-44
-2.66247e-44
-3.08286e-44
-3.36312e-44
-3.50325e-44
-3.64338e-44
-3.78351e-44
-4.06377e-44
-4.2039e-44
-4.2039e-44
-4.06377e-44
-3.78351e-44
-3.50325e-44
-3.08286e-44
-2.66247e-44
-2.10195e-44
-1.54143e-44
-9.80909e-45
-4.2039e-45
1.4013e-45
8.40779e-45
1.4013e-44
1.68156e-44
1.82169e-44
1.82169e-44
1.82169e-44
1.68156e-44
1.54143e-44
1.4013e-44
1.26117e-44
1.12104e-44
9.80909e-45
8.40779e-45
5.60519e-45
4.2039e-45
4.2039e-45
5.60519e-45
8.40779e-45
1.12104e-44
1.4013e-44
1.68156e-44
1.96182e-44
2.24208e-44
2.52234e-44
2.8026e-44
2.94273e-44
3.08286e-44
2.94273e-44
2.52234e-44
1.96182e-44
1.26117e-44
5.60519e-45
-1.4013e-45
-8.40779e-45
-1.54143e-44
-2.10195e-44
-2.66247e-44
-3.08286e-44
-3.36312e-44
-3.64338e-44
-3.78351e-44
-3.78351e-44
-3.64338e-44
-3.36312e-44
-3.08286e-44
-2.66247e-44
-2.10195e-44
-1.54143e-44
-9.80909e-45
-4.2039e-45
1.4013e-45
7.00649e-45
1.4013e-44
1.82169e-44
2.10195e-44
2.24208e-44
2.24208e-44
2.24208e-44
2.10195e-44
1.96182e-44
1.82169e-44
1.68156e-44
1.54143e-44
1.4013e-44
1.26117e-44
9.80909e-45
8.40779e-45
8.40779e-45
9.80909e-45
1.12104e-44
1.12104e-44
1.26117e-44
1.4013e-44
1.54143e-44
1.68156e-44
1.82169e-44
1.96182e-44
2.10195e-44
2.38221e-44
2.52234e-44
2.52234e-44
2.38221e-44
2.10195e-44
1.82169e-44
1.4013e-44
9.80909e-45
5.60519e-45
1.4013e-45
-2.8026e-45
-7.00649e-45
-1.12104e-44
-1.54143e-44
-1.82169e-44
-1.96182e-44
-1.96182e-44
-1.82169e-44
-1.68156e-44
-1.4013e-44
-1.12104e-44
-8.40779e-45
-7.00649e-45
-5.60519e-45
-4.2039e-45
-2.8026e-45
0
1.4013e-45
1.4013e-45
0
-2.8026e-45
-5.60519e-45
-9.80909e-45
-1.26117e-44
-1.4013e-44
-1.54143e-44
-1.68156e-44
-1.82169e-44
-1.96182e-44
-2.24208e-44
-2.38221e-44
-2.38221e-44
-2.24208e-44
-1.96182e-44
-1.68156e-44
-1.26117e-44
-8.40779e-45
-5.60519e-45
-2.8026e-45
0
2.8026e-45
5.60519e-45
9.80909e-45
1.12104e-44
9.80909e-45
7.00649e-45
2.8026e-45
-1.4013e-45
-7.00649e-45
-1.26117e-44
-1.68156e-44
-2.10195e-44
-2.52234e-44
-2.94273e-44
-3.22299e-44
-3.50325e-44
-3.50325e-44
-3.36312e-44
-3.08286e-44
-2.66247e-44
-2.10195e-44
-1.4013e-44
-7.00649e-45
-1.4013e-45
4.2039e-45
9.80909e-45
1.4013e-44
1.68156e-44
2.10195e-44
2.38221e-44
2.52234e-44
2.52234e-44
2.38221e-44
2.24208e-44
1.96182e-44
1.68156e-44
1.4013e-44
1.12104e-44
8.40779e-45
7.00649e-45
5.60519e-45
2.8026e-45
1.4013e-45
1.4013e-45
2.8026e-45
5.60519e-45
8.40779e-45
1.26117e-44
1.54143e-44
1.82169e-44
2.10195e-44
2.38221e-44
2.66247e-44
2.8026e-44
2.94273e-44
2.8026e-44
2.38221e-44
1.82169e-44
1.12104e-44
4.2039e-45
-2.8026e-45
-9.80909e-45
-1.54143e-44
-1.96182e-44
-2.38221e-44
-2.8026e-44
-3.08286e-44
-3.36312e-44
-3.36312e-44
-3.22299e-44
-2.94273e-44
-2.38221e-44
-1.82169e-44
-1.12104e-44
-4.2039e-45
1.4013e-45
7.00649e-45
1.26117e-44
1.68156e-44
2.10195e-44
2.66247e-44
2.94273e-44
2.94273e-44
2.66247e-44
2.10195e-44
1.54143e-44
8.40779e-45
2.8026e-45
-2.8026e-45
-8.40779e-45
-1.4013e-44
-1.82169e-44
-2.24208e-44
-2.8026e-44
-3.08286e-44
-3.08286e-44
-2.8026e-44
-2.24208e-44
-1.68156e-44
-9.80909e-45
-2.8026e-45
4.2039e-45
1.12104e-44
1.68156e-44
2.24208e-44
2.8026e-44
3.36312e-44
3.64338e-44
3.78351e-44
3.78351e-44
3.64338e-44
3.50325e-44
3.22299e-44
2.94273e-44
2.52234e-44
2.10195e-44
1.68156e-44
1.26117e-44
8.40779e-45
4.2039e-45
1.4013e-45
0
0
1.4013e-45
2.8026e-45
5.60519e-45
8.40779e-45
1.12104e-44
1.26117e-44
1.4013e-44
1.54143e-44
1.68156e-44
1.96182e-44
2.10195e-44
2.10195e-44
1.96182e-44
1.68156e-44
1.4013e-44
9.80909e-45
5.60519e-45
1.4013e-45
-2.8026e-45
-7.00649e-45
-1.12104e-44
-1.4013e-44
-1.82169e-44
-2.10195e-44
-2.24208e-44
-2.24208e-44
-2.10195e-44
-1.96182e-44
-1.68156e-44
-1.4013e-44
-1.12104e-44
-8.40779e-45
-7.00649e-45
-5.60519e-45
-4.2039e-45
-1.4013e-45
0
0
-1.4013e-45
-4.2039e-45
-7.00649e-45
-1.12104e-44
-1.4013e-44
-1.68156e-44
-1.96182e-44
-2.24208e-44
-2.52234e-44
-2.8026e-44
-3.08286e-44
-3.08286e-44
-2.8026e-44
-2.24208e-44
-1.54143e-44
-8.40779e-45
-1.4013e-45
5.60519e-45
1.26117e-44
1.82169e-44
2.38221e-44
2.94273e-44
3.36312e-44
3.78351e-44
4.06377e-44
4.2039e-44
4.2039e-44
4.06377e-44
3.92364e-44
3.64338e-44
3.36312e-44
3.08286e-44
2.8026e-44
2.38221e-44
1.96182e-44
1.54143e-44
9.80909e-45
5.60519e-45
2.8026e-45
1.4013e-45
1.4013e-45
1.4013e-45
2.8026e-45
4.2039e-45
5.60519e-45
7.00649e-45
8.40779e-45
9.80909e-45
9.80909e-45
9.80909e-45
7.00649e-45
2.8026e-45
-2.8026e-45
-9.80909e-45
-1.54143e-44
-2.10195e-44
-2.66247e-44
-3.08286e-44
-3.36312e-44
-3.50325e-44
-3.64338e-44
-3.78351e-44
-4.06377e-44
-4.2039e-44
-4.2039e-44
-4.06377e-44
-3.78351e-44
-3.50325e-44
-3.08286e-44
-2.66247e-44
-2.10195e-44
-1.54143e-44
-9.80909e-45
-4.2039e-45
1.4013e-45
8.40779e-45
1.4013e-44
1.68156e-44
1.82169e-44
1.82169e-44
1.82169e-44
1.68156e-44
1.54143e-44
1.4013e-44
1.26117e-44
1.12104e-44
9.80909e-45
8.40779e-45
5.60519e-45
4.2039e-45
4.2039e-45
5.60519e-45
8.40779e-45
1.12104e-44
1.4013e-44
1.68156e-44
1.96182e-44
2.24208e-44
2.52234e-44
2.8026e-44
2.94273e-44
3.08286e-44
2.94273e-44
2.52234e-44
1.96182e-44
1.26117e-44
5.60519e-45
-1.4013e-45
-8.40779e-45
-1.54143e-44
-2.10195e-44
-2.66247e-44
-3.08286e-44
-3.36312e-44
-3.64338e-44
-3.78351e-44
-3.78351e-44
-3.64338e-44
-3.36312e-44
-3.08286e-44
-2.66247e-44
-2.10195e-44
-1.54143e-44
-9.80909e-45
-4.2039e-45
1.4013e-45
7.00649e-45
1.4013e-44
1.82169e-44
2.10195e-44
2.24208e-44
2.24208e-44
2.24208e-44
2.10195e-44
1.96182e-44
1.82169e-44
1.68156e-44
1.54143e-44
1.4013e-44
1.26117e-44
9.80909e-45
8.40779e-45
8.40779e-45
9.80909e-45
1.12104e-44
1.12104e-44
1.26117e-44
1.4013e-44
1.54143e-44
1.68156e-44
1.82169e-44
1.96182e-44
2.10195e-44
2.38221e-44
2.52234e-44
2.52234e-44
2.38221e-44
2.10195e-44
1.82169e-44
1.4013e-44
9.80909e-45
5.60519e-45
1.4013e-45
-2.8026e-45
-7.00649e-45
-1.12104e-44
-1.54143e-44
-1.82169e-44
-1.96182e-44
-1.96182e-44
-1.82169e-44
-1.68156e-44
-1.4013e-44
-1.12104e-44
-8.40779e-45
-7.00649e-45
-5.60519e-45
-4.2039e-45
-2.8026e-45
0
1.4013e-45
1.4013e-45
0
-2.8026e-45
-5.60519e-45
-9.80909e-45
-1.26117e-44
-1.4013e-44
-1.54143e-44
-1.68156e-44
-1.82169e-44
-1.96182e-44
-2.24208e-44
-2.38221e-44
-2.38221e-44
-2.24208e-44
-1.96182e-44
-1.68156e-44
-1.26117e-44
-8.40779e-45
-5.60519e-45
-2.8026e-45
0
2.8026e-45
5.60519e-45
9.80909e-45
1.12104e-44
9.80909e-45
7.00649e-45
2.8026e-45
-1.4013e-45
-7.00649e-45
-1.26117e-44
-1.68156e-44
-2.10195e-44
-2.52234e-44
-2.94273e-44
-3.22299e-44
-3.50325e-44
-3.50325e-44
-3.36312e-44
-3.08286e-44
-2.66247e-44
-2.10195e-44
-1.4013e-44
-7.00649e-45
-1.4013e-45
4.2039e-45
9.80909e-45
1.4013e-44
1.68156e-44
2.10195e-44
2.38221e-44
2.52234e-44
2.52234e-44
2.38221e-44
2.24208e-44
1.96182e-44
1.68156e-44
1.4013e-44
1.12104e-44
8.40779e-45
7.00649e-45
5.60519e-45
2.8026e-45
1.4013e-45
1.4013e-45
2.8026e-45
5.60519e-45
8.40779e-45
1.26117e-44
1.54143e-44
1.82169e-44
2.10195e-44
2.38221e-44
2.66247e-44
2.8026e-44
2.94273e-44
2.8026e-44
2.38221e-44
1.82169e-44
1.12104e-44
4.2039e-45
-2.8026e-45
-9.80909e-45
-1.54143e-44
-1.96182e-44
-2.38221e-44
-2.8026e-44
-3.08286e-44
-3.36312e-44
-3.36312e-44
-3.22299e-44
-2.94273e-44
-2.38221e-44
-1.82169e-44
-1.12104e-44
-4.2039e-45
1.4013e-45
7.00649e-45
1.26117e-44
1.68156e-44
2.10195e-44
2.66247e-44
2.94273e-44
2.94273e-44
2.66247e-44
2.10195e-44
1.54143e-44
8.40779e-45
2.8026e-45
-2.8026e-45
-8.40779e-45
-1.4013e-44
-1.82169e-44
-2.24208e-44
-2.8026e-44
-3.08286e-44
-3.08286e-44
-2.8026e-44
-2.24208e-44
-1.68156e-44
-9.80909e-45
-2.8026e-45
4.2039e-45
1.12104e-44
1.68156e-44
2.24208e-44
2.8026e-44
3.36312e-44
3.64338e-44
3.78351e-44
3.78351e-44
3.64338e-44
3.50325e-44
3.22299e-44
2.94273e-44
2.52234e-44
2.10195e-44
1.68156e-44
1.26117e-44
8.40779e-45
4.2039e-45
1.4013e-45
0
0
1.4013e-45
2.8026e-45
5.60519e-45
8.40779e-45
1.12104e-44
1.26117e-44
1.4013e-44
1.54143e-44
1.68156e-44
1.96182e-44
2.10195e-44
2.10195e-44
1.96182e-44
1.68156e-44
1.4013e-44
9.80909e-45
5.60519e-45
1.4013e-45
-2.8026e-45
-7.00649e-45
-1.12104e-44
-1.4013e-44
-1.82169e-44
-2.10195e-44
-2.24208e-44
-2.24208e-44
-2.10195e-44
-1.96182e-44
-1.68156e-44
-1.4013e-44
-1.12104e-44
-8.40779e-45
-7.00649e-45
-5.60519e-45
-4.2039e-45
-1.4013e-45
0
0
-1.4013e-45
-4.2039e-45
-7.00649e-45
-1.12104e-44
-1.4013e-44
-1.68156e-44
-1.96182e-44
-2.24208e-44
-2.52234e-44
-2.8026e-44
-3.08286e-44
-3.08286e-44
-2.8026e-44
-2.24208e-44
-1.54143e-44
-8.40779e-45
-1.4013e-45
5.60519e-45
1.26117e-44
1.82169e-44
2.38221e-44
2.94273e-44
3.36312e-44
3.78351e-44
4.06377e-44
4.2039e-44
4.2039e-44
4.06377e-44
3.92364e-44
3.64338e-44
3.36312e-44
3.08286e-44
2.8026e-44
2.38221e-44
1.96182e-44
1.54143e-44
9.80909e-45
5.60519e-45
2.8026e-45
1.4013e-45
1.4013e-45
1.4013e-45
2.8026e-45
4.2039e-45
5.60519e-45
7.00649e-45
8.40779e-45
9.80909e-45
9.80909e-45
9.80909e-45
7.00649e-45
2.8026e-45
-2.8026e-45
-9.80909e-45
-1.54143e-44
-2.10195e-44
-2.66247e-44
-3.08286e-44
-3.36312e-44
-3.50325e-44
-3.64338e-44
-3.78351e-44
-4.06377e-44
-4.2039e-44
-4.2039e-44
-4.06377e-44
-3.78351e-44
-3.50325e-44
-3.08286e-44
-2.66247e-44
-2.10195e-44
-1.54143e-44
-9.80909e-45
-4.2039e-45
1.4013e-45
8.40779e-45
1.4013e-44
1.68156e-44
1.82169e-44
1.82169e-44
1.82169e-44
1.68156e-44
1.54143e-44
1.4013e-44
1.26117e-44
1.12104e-44
9.80909e-45
8.40779e-45
5.60519e-45
4.2039e-45
4.2039e-45
5.60519e-45
8.40779e-45
1.12104e-44
1.4013e-44
1.68156e-44
1.96182e-44
2.24208e-44
2.52234e-44
2.8026e-44
2.94273e-44
3.08286e-44
2.94273e-44
2.52234e-44
1.96182e-44
1.26117e-44
5.60519e-45
-1.4013e-45
-8.40779e-45
-1.54143e-44
-2.10195e-44
-2.66247e-44
-3.08286e-44
-3.36312e-44
-3.64338e-44
-3.78351e-44
-3.78351e-44
-3.64338e-44
-3.36312e-44
-3.08286e-44
-2.66247e-44
-2.10195e-44
-1.54143e-44
-9.80909e-45
-4.2039e-45
1.4013e-45
7.00649e-45
1.4013e-44
1.82169e-44
2.10195e-44
2.24208e-44
2.24208e-44
2.24208e-44
2.10195e-44
1.96182e-44
1.82169e-44
1.68156e-44
1.54143e-44
1.4013e-44
1.26117e-44
9.80909e-45
8.40779e-45
8.40779e-45
9.80909e-45
1.12104e-44
1.12104e-44
1.26117e-44
1.4013e-44
1.54143e-44
1.68156e-44
1.82169e-44
1.96182e-44
2.10195e-44
2.38221e-44
2.52234e-44
2.52234e-44
2.38221e-44
2.10195e-44
1.82169e-44
1.4013e-44
9.80909e-45
5.60519e-45
1.4013e-45
-2.8026e-45
-7.00649e-45
-1.12104e-44
-1.54143e-44
-1.82169e-44
-1.96182e-44
-1.96182e-44
-1.82169e-44
-1.68156e-44
-1.4013e-44
-1.12104e-44
-8.40779e-45
-7.00649e-45
-5.60519e-45
-4.2039e-45
-2.8026e-45
0
1.4013e-45
1.4013e-45
0
-2.8026e-45
-5.60519e-45
-9.80909e-45
-1.26117e-44
-1.4013e-44
-1.54143e-44
-1.68156e-44
-1.82169e-44
-1.96182e-44
-2.24208e-44
-2.38221e-44
-2.38221e-44
-2.24208e-44
-1.96182e-44
-1.68156e-44
-1.26117e-44
-8.40779e-45
-5.60519e-45
-2.8026e-45
0
2.8026e-45
5.60519e-45
9.80909e-45
1.12104e-44
9.80909e-45
7.00649e-45
2.8026e-45
-1.4013e-45
-7.00649e-45
-1.26117e-44
-1.68156e-44
-2.10195e-44
-2.52234e-44
-2.94273e-44
-3.22299e-44
-3.50325e-44
-3.50325e-44
-3.36312e-44
-3.08286e-44
-2.66247e-44
-2.10195e-44
-1.4013e-44
-7.00649e-45
-1.4013e-45
4.2039e-45
9.80909e-45
1.4013e-44
1.68156e-44
2.10195e-44
2.38221e-44
2.52234e-44
2.52234e-44
2.38221e-44
2.24208e-44
1.96182e-44
1.68156e-44
1.4013e-44
1.12104e-44
8.40779e-45
7.00649e-45
5.60519e-45
2.8026e-45
1.4013e-45
1.4013e-45
2.8026e-45
5.60519e-45
8.40779e-45
1.26117e-44
1.54143e-44
1.82169e-44
2.10195e-44
2.38221e-44
2.66247e-44
2.8026e-44
2.94273e-44
2.8026e-44
2.38221e-44
1.82169e-44
1.12104e-44
4.2039e-45
-2.8026e-45
-9.80909e-45
-1.54143e-44
-1.96182e-44
-2.38221e-44
-2.8026e-44
-3.08286e-44
-3.36312e-44
-3.36312e-44
-3.22299e-44
-2.94273e-44
-2.38221e-44
-1.82169e-44
-1.12104e-44
-4.2039e-45
1.4013e-45
7.00649e-45
1.26117e-44
1.68156e-44
2.10195e-44
2.66247e-44
2.94273e-44
2.94273e-44
2.66247e-44
2.10195e-44
1.54143e-44
8.40779e-45
2.8026e-45
-2.8026e-45
-8.40779e-45
-1.4013e-44
-1.82169e-44
-2.24208e-44
-2.8026e-44
-3.08286e-44
-3.08286e-44
-2.8026e-44
-2.24208e-44
-1.68156e-44
-9.80909e-45
-2.8026e-45
4.2039e-45
1.12104e-44
1.68156e-44
2.24208e-44
2.8026e-44
3.36312e-44
3.64338e-44
3.78351e-44
3.78351e-44
3.64338e-44
3.50325e-44
3.22299e-44
2.94273e-44
2.52234e-44
2.10195e-44
1.68156e-44
1.26117e-44
8.40779e-45
4.2039e-45
1.4013e-45
0
0
1.4013e-45
2.8026e-45
5.60519e-45
8.40779e-45
1.12104e-44
1.26117e-44
1.4013e-44
1.54143e-44
1.68156e-44
1.96182e-44
2.10195e-44
2.10195e-44
1.96182e-44
1.68156e-44
1.4013e-44
9.80909e-45
5.60519e-45
1.4013e-45
-2.8026e-45
-7.00649e-45
-1.12104e-44
-1.4013e-44
-1.82169e-44
-2.10195e-44
-2.24208e-44
-2.24208e-44
-2.10195e-44
-1.96182e-44
-1.68156e-44
-1.4013e-44
-1.12104e-44
-8.40779e-45
-7.00649e-45
-5.60519e-45
-4.2039e-45
-1.4013e-45
0
0
-1.4013e-45
-4.2039e-45
-7.00649e-45
-1.12104e-44
-1.4013e-44
-1.68156e-44
-1.96182e-44
-2.24208e-44
-2.52234e-44
-2.8026e-44
-3.08286e-44
-3.08286e-44
-2.8026e-44
-2.24208e-44
-1.54143e-44
-8.40779e-45
-1.4013e-45
5.60519e-45
1.26117e-44
1.82169e-44
2.38221e-44
2.94273e-44
3.36312e-44
3.78351e-44
4.06377e-44
4.2039e-44
4.2039e-44
4.06377e-44
3.92364e-44
3.64338e-44
3.36312e-44
3.08286e-44
2.8026e-44
2.38221e-44
1.96182e-44
1.54143e-44
9.80909e-45
5.60519e-45
2.8026e-45
1.4013e-45
1.4013e-45
1.4013e-45
2.8026e-45
4.2039e-45
5.60519e-45
7.00649e-45
8.40779e-45
9.80909e-45
9.80909e-45
9.80909e-45
7.00649e-45
2.8026e-45
-2.8026e-45
-9.80909e-45
-1.54143e-44
-2.10195e-44
-2.66247e-44
-3.08286e-44
-3.36312e-44
-3.50325e-44
-3.64338e-44
-3.78351e-44
-4.06377e-44
-4.2039e-44
-4.2039e-44
-4.06377e-44
-3.78351e-44
-3.50325e-44
-3.08286e-44
-2.66247e-44
-2.10195e-44
-1.54143e-44
-9.80909e-45
-4.2039e-45
1.4013e-45
8.40779e-45
1.4013e-44
1.68156e-44
1.82169e-44
1.82169e-44
1.82169e-44
1.68156e-44
1.54143e-44
1.4013e-44
1.26117e-44
1.12104e-44
9.80909e-45
8.40779e-45
5.60519e-45
4.2039e-45
4.2039e-45
5.60519e-45
8.40779e-45
1.12104e-44
1.4013e-44
1.68156e-44
1.96182e-44
2.24208e-44
2.52234e-44
2.8026e-44
2.94273e-44
3.08286e-44
2.94273e-44
2.52234e-44
1.96182e-44
1.26117e-44
5.60519e-45
-1.4013e-45
-8.40779e-45
-1.54143e-44
-2.10195e-44
-2.66247e-44
-3.08286e-44
-3.36312e-44
-3.64338e-44
-3.78351e-44
-3.78351e-44
-3.64338e-44
-3.36312e-44
-3.08286e-44
-2.66247e-44
-2.10195e-44
-1.54143e-44
-9.80909e-45
-4.2039e-45
1.4013e-45
7.00649e-45
1.4013e-44
1.82169e-44
2.10195e-44
2.24208e-44
2.24208e-44
2.24208e-44
2.10195e-44
1.96182e-44
1.82169e-44
1.68156e-44
1.54143e-44
1.4013e-44
1.26117e-44
9.80909e-45
8.40779e-45
8.40779e-45
9.80909e-45
1.12104e-44
1.12104e-44
1.26117e-44
1.4013e-44
1.54143e-44
1.68156e-44
1.82169e-44
1.96182e-44
2.10195e-44
2.38221e-44
2.52234e-44
2.52234e-44
2.38221e-44
2.10195e-44
1.82169e-44
1.4013e-44
9.80909e-45
5.60519e-45
1.4013e-45
-2.8026e-45
-7.00649e-45
-1.12104e-44
-1.54143e-44
-1.82169e-44
-1.96182e-44
-1.96182e-44
-1.82169e-44
-1.68156e-44
-1.4013e-44
-1.12104e-44
-8.40779e-45
-7.00649e-45
-5.60519e-45
-4.2039e-45
-2.8026e-45
0
1.4013e-45
1.4013e-45
0
-2.8026e-45
-5.60519e-45
-9.80909e-45
-1.26117e-44
-1.4013e-44
-1.54143e-44
-1.68156e-44
-1.82169e-44
-1.96182e-44
-2.24208e-44
-2.38221e-44
-2.38221e-44
-2.24208e-44
-1.96182e-44
-1.68156e-44
-1.26117e-44
-8.40779e-45
-5.60519e-45
-2.8026e-45
0
2.8026e-45
5.60519e-45
9.80909e-45
1.12104e-44
9.80909e-45
7.00649e-45
2.8026e-45
-1.4013e-45
-7.00649e-45
-1.26117e-44
-1.68156e-44
-2.10195e-44
-2.52234e-44
-2.94273e-44
-3.22299e-44
-3.50325e-44
-3.50325e-44
-3.36312e-44
-3.08286e-44
-2.66247e-44
-2.10195e-44
-1.4013e-44
-7.00649e-45
-1.4013e-45
4.2039e-45
9.80909e-45
1.4013e-44
1.68156e-44
2.10195e-44
2.38221e-44
2.52234e-44
2.52234e-44
2.38221e-44
2.24208e-44
1.96182e-44
1.68156e-44
1.4013e-44
1.12104e-44
8.40779e-45
7.00649e-45
5.60519e-45
2.8026e-45
1.4013e-45
1.4013e-45
2.8026e-45
5.60519e-45
8.40779e-45
1.26117e-44
1.54143e-44
1.82169e-44
2.10195e-44
2.38221e-44
2.66247e-44
2.8026e-44
2.94273e-44
2.8026e-44
2.38221e-44
1.82169e-44
1.12104e-44
4.2039e-45
-2.8026e-45
-9.80909e-45
-1.54143e-44
-1.96182e-44
-2.38221e-44
-2.8026e-44
-3.08286e-44
-3.36312e-44
-3.36312e-44
-3.22299e-44
-2.94273e-44
-2.38221e-44
-1.82169e-44
-1.12104e-44
-4.2039e-45
1.4013e-45
7.00649e-45
1.26117e-44
1.68156e-44
2.10195e-44
2.66247e-44
2.94273e-44
2.94273e-44
2.66247e-44
2.10195e-44
1.54143e-44
8.40779e-45
2.8026e-45
-2.8026e-45
-8.40779e-45
-1.4013e-44
-1.82169e-44
-2.24208e-44
-2.8026e-44
-3.08286e-44
-3.08286e-44
-2.8026e-44
-2.24208e-44
-1.68156e-44
-9.80909e-45
-2.8026e-45
4.2039e-45
1.12104e-44
1.68156e-44
2.24208e-44
2.8026e-44
3.36312e-44
3.64338e-44
3.78351e-44
3.78351e-44
3.64338e-44
3.50325e-44
3.22299e-44
2.94273e-44
2.52234e-44
2.10195e-44
1.68156e-44
1.26117e-44
8.40779e-45
4.2039e-45
1.4013e-45
0
0
1.4013e-45
2.8026e-45
5.60519e-45
8.40779e-45
1.12104e-44
1.26117e-44
1.4013e-44
1.54143e-44
1.68156e-44
1.96182e-44
2.10195e-44
2.10195e-44
1.96182e-44
1.68156e-44
1.4013e-44
9.80909e-45
5.60519e-45
1.4013e-45
-2.8026e-45
-7.00649e-45
-1.12104e-44
-1.4013e-44
-1.82169e-44
-2.10195e-44
-2.24208e-44
-2.24208e-44
-2.10195e-44
-1.96182e-44
-1.68156e-44
-1.4013e-44
-1.12104e-44
-8.40779e-45
-7.00649e-45
-5.60519e-45
-4.2039e-45
-1.4013e-45
0
0
-1.4013e-45
-4.2039e-45
-7.00649e-45
-1.12104e-44
-1.4013e-44
-1.68156e-44
-1.96182e-44
-2.24208e-44
-2.52234e-44
-2.8026e-44
-3.08286e-44
-3.08286e-44
-2.8026e-44
-2.24208e-44
-1.54143e-44
-8.40779e-45
-1.4013e-45
5.60519e-45
1.26117e-44
1.82169e-44
2.38221e-44
2.94273e-44
3.36312e-44
3.78351e-44
4.06377e-44
4.2039e-44
4.2039e-44
4.06377e-44
3.92364e-44
3.64338e-44
3.36312e-44
3.08286e-44
2.8026e-44
2.38221e-44
1.96182e-44
1.54143e-44
9.80909e-45
5.60519e-45
2.8026e-45
1.4013e-45
1.4013e-45
1.4013e-45
2.8026e-45
4.2039e-45
5.60519e-45
7.00649e-45
8.40779e-45
9.80909e-45
9.80909e-45
9.80909e-45
7.00649e-45
2.8026e-45
-2.8026e-45
-9.80909e-45
-1.54143e-44
-2.10195e-44
-2.66247e-44
-3.08286e-44
-3.36312e-44
-3.50325e-44
-3.64338e-44
-3.78351e-44
-4.06377e-44
-4.2039e-44
-4.2039e-44
-4.06377e-44
-3.78351e-44
-3.50325e-44
-3.08286e-44
-2.66247e-44
-2.10195e-44
-1.54143e-44
-9.80909e-45
-4.2039e-45
1.4013e-45
8.40779e-45
1.4013e-44
1.68156e-44
1.82169e-44
1.82169e-44
1.82169e-44
1.68156e-44
1.54143e-44
1.4013e-44
1.26117e-44
1.12104e-44
9.80909e-45
8.40779e-45
5.60519e-45
4.2039e-45
4.2039e-45
5.60519e-45
8.40779e-45
1.12104e-44
1.4013e-44
1.68156e-44
1.96182e-44
2.24208e-44
2.52234e-44
2.8026e-44
2.94273e-44
3.08286e-44
2.94273e-44
2.52234e-44
1.96182e-44
1.26117e-44
5.60519e-45
-1.4013e-45
-8.40779e-45
-1.54143e-44
-2.10195e-44
-2.66247e-44
-3.08286e-44
-3.36312e-44
-3.64338e-44
-3.78351e-44
-3.78351e-44
-3.64338e-44
-3.36312e-44
-3.08286e-44
-2.66247e-44
-2.10195e-44
-1.54143e-44
-9.80909e-45
-4.2039e-45
1.4013e-45
7.00649e-45
1.4013e-44
1.82169e-44
2.10195e-44
2.24208e-44
2.24208e-44
2.24208e-44
2.10195e-44
1.96182e-44
1.82169e-44
1.68156e-44
1.54143e-44
1.4013e-44
1.26117e-44
9.80909e-45
8.40779e-45
8.40779e-45
9.80909e-45
1.12104e-44
1.12104e-44
1.26117e-44
1.4013e-44
1.54143e-44
1.68156e-44
1.82169e-44
1.96182e-44
2.10195e-44
2.38221e-44
2.52234e-44
2.52234e-44
2.38221e-44
2.10195e-44
1.82169e-44
1.4013e-44
9.80909e-45
5.60519e-45
1.4013e-45
-2.8026e-45
-7.00649e-45
-1.12104e-44
-1.54143e-44
-1.82169e-44
-1.96182e-44
-1.96182e-44
-1.82169e-44
-1.68156e-44
-1.4013e-44
-1.12104e-44
-8.40779e-45
-7.00649e-45
-5.60519e-45
-4.2039e-45
-2.8026e-45
0
1.4013e-45
1.4013e-45
0
-2.8026e-45
-5.60519e-45
-9.80909e-45
-1.26117e-44
-1.4013e-44
-1.54143e-44
-1.68156e-44
-1.82169e-44
-1.96182e-44
-2.24208e-44
-2.38221e-44
-2.38221e-44
-2.24208e-44
-1.96182e-44
-1.68156e-44
-1.26117e-44
-8.40779e-45
-5.60519e-45
-2.8026e-45
0
2.8026e-45
5.60519e-45
9.80909e-45
1.12104e-44
9.80909e-45
7.00649e-45
2.8026e-45
-1.4013e-45
-7.00649e-45
-1.26117e-44
-1.68156e-44
-2.10195e-44
-2.52234e-44
-2.94273e-44
-3.22299e-44
-3.50325e-44
-3.50325e-44
-3.36312e-44
-3.08286e-44
-2.66247e-44
-2.10195e-44
-1.4013e-44
-7.00649e-45
-1.4013e-45
4.2039e-45
9.80909e-45
1.4013e-44
1.68156e-44
2.10195e-44
2.38221e-44
2.52234e-44
2.52234e-44
2.38221e-44
2.24208e-44
1.96182e-44
1.68156e-44
1.4013e-44
1.12104e-44
8.40779e-45
7.00649e-45
5.60519e-45
2.8026e-45
1.4013e-45
1.4013e-45
2.8026e-45
5.60519e-45
8.40779e-45
1.26117e-44
1.54143e-44
1.82169e-44
2.10195e-44
2.38221e-44
2.66247e-44
2.8026e-44
2.94273e-44
2.8026e-44
2.38221e-44
1.82169e-44
1.12104e-44
4.2039e-45
-2.8026e-45
-9.80909e-45
-1.54143e-44
-1.96182e-44
-2.38221e-44
-2.8026e-44
-3.08286e-44
-3.36312e-44
-3.36312e-44
-3.22299e-44
-2.94273e-44
-2.38221e-44
-1.82169e-44
-1.12104e-44
-4.2039e-45
1.4013e-45
7.00649e-45
1.26117e-44
1.68156e-44
2.10195e-44
2.66247e-44
2.94273e-44
2.94273e-44
2.66247e-44
2.10195e-44
1.54143e-44
8.40779e-45
2.8026e-45
-2.8026e-45
-8.40779e-45
-1.4013e-44
-1.82169e-44
-2.24208e-44
-2.8026e-44
-3.08286e-44
-3.08286e-44
-2.8026e-44
-2.24208e-44
-1.68156e-44
-9.80909e-45
-2.8026e-45
4.2039e-45
1.12104e-44
1.68156e-44
2.24208e-44
2.8026e-44
3.36312e-44
3.64338e-44
3.78351e-44
3.78351e-44
3.64338e-44
3.50325e-44
3.22299e-44
2.94273e-44
2.52234e-44
2.10195e-44
1.68156e-44
1.26117e-44
8.40779e-45
4.2039e-45
1.4013e-45
0
0
1.4013e-45
2.8026e-45
5.60519e-45
8.40779e-45
1.12104e-44
1.26117e-44
1.4013e-44
1.54143e-44
1.68156e-44
1.96182e-44
2.10195e-44
2.10195e-44
1.96182e-44
1.68156e-44
1.4013e-44
9.80909e-45
5.60519e-45
1.4013e-45
-2.8026e-45
-7.00649e-45
-1.12104e-44
-1.4013e-44
-1.82169e-44
-2.10195e-44
-2.24208e-44
-2.24208e-44
-2.10195e-44
-1.96182e-44
-1.68156e-44
-1.4013e-44
-1.12104e-44
-8.40779e-45
-7.00649e-45
-5.60519e-45
-4.2039e-45
-1.4013e-45
0
0
-1.4013e-45
-4.2039e-45
-7.00649e-45
-1.12104e-44
-1.4013e-44
-1.68156e-44
-1.96182e-44
-2.24208e-44
-2.52234e-44
-2.8026e-44
-3.08286e-44
-3.08286e-44
-2.8026e-44
-2.24208e-44
-1.54143e-44
-8.40779e-45
-1.4013e-45
5.60519e-45
1.26117e-44
1.82169e-44
2.38221e-44
2.94273e-44
3.36312e-44
3.78351e-44
4.06377e-44
4.2039e-44
4.2039e-44
4.06377e-44
3.92364e-44
3.64338e-44
3.36312e-44
3.08286e-44
2.8026e-44
2.38221e-44
1.96182e-44
1.54143e-44
9.80909e-45
5.60519e-45
2.8026e-45
1.4013e-45
1.4013e-45
1.4013e-45
2.8026e-45
4.2039e-45
5.60519e-45
7.00649e-45
8.40779e-45
9.80909e-45
9.80909e-45
9.80909e-45
7.00649e-45
2.8026e-45
-2.8026e-45
-9.80909e-45
-1.54143e-44
-2.10195e-44
-2.66247e-44
-3.08286e-44
-3.36312e-44
-3.50325e-44
-3.64338e-44
-3.78351e-44
-4.06377e-44
-4.2039e-44
-4.2039e-44
-4.06377e-44
-3.78351e-44
-3.50325e-44
-3.08286e-44
-2.66247e-44
-2.10195e-44
-1.54143e-44
-9.80909e-45
-4.2039e-45
1.4013e-45
8.40779e-45
1.4013e-44
1.68156e-44
1.82169e-44
1.82169e-44
1.82169e-44
1.68156e-44
1.54143e-44
1.4013e-44
1.26117e-44
1.12104e-44
9.80909e-45
8.40779e-45
5.60519e-45
4.2039e-45
4.2039e-45
5.60519e-45
8.40779e-45
1.12104e-44
1.4013e-44
1.68156e-44
1.96182e-44
2.24208e-44
2.52234e-44
2.8026e-44
2.94273e-44
3.08286e-44
2.94273e-44
2.52234e-44
1.96182e-44
1.26117e-44
5.60519e-45
-1.4013e-45
-8.40779e-45
-1.54143e-44
-2.10195e-44
-2.66247e-44
-3.08286e-44
-3.36312e-44
-3.64338e-44
-3.78351e-44
-3.78351e-44
-3.64338e-44
-3.36312e-44
-3.08286e-44
-2.66247e-44
-2.10195e-44
-1.54143e-44
-9.80909e-45
-4.2039e-45
1.4013e-45
7.00649e-45
1.4013e-44
1.82169e-44
2.10195e-44
2.24208e-44
2.24208e-44
2.24208e-44
2.10195e-44
1.96182e-44
1.82169e-44
1.68156e-44
1.54143e-44
1.4013e-44
1.26117e-44
9.80909e-45
8.40779e-45
8.40779e-45
9.80909e-45
1.12104e-44
1.12104e-44
1.26117e-44
1.4013e-44
1.54143e-44
1.68156e-44
1.82169e-44
1.96182e-44
2.10195e-44
2.38221e-44
2.52234e-44
2.52234e-44
2.38221e-44
2.10195e-44
1.82169e-44
1.4013e-44
9.80909e-45
5.60519e-45
1.4013e-45
-2.8026e-45
-7.00649e-45
-1.12104e-44
-1.54143e-44
-1.82169e-44
-1.96182e-44
-1.96182e-44
-1.82169e-44
-1.68156e-44
-1.4013e-44
-1.12104e-44
-8.40779e-45
-7.00649e-45
-5.60519e-45
-4.2039e-45
-2.8026e-45
0
1.4013e-45
1.4013e-45
0
-2.8026e-45
-5.60519e-45
-9.80909e-45
-1.26117e-44
-1.4013e-44
-1.54143e-44
-1.68156e-44
-1.82169e-44
-1.96182e-44
-2.24208e-44
-2.38221e-44
-2.38221e-44
-2.24208e-44
-1.96182e-44
-1.68156e-44
-1.26117e-44
-8.40779e-45
-5.60519e-45
-2.8026e-45
0
2.8026e-45
5.60519e-45
9.80909e-45
1.12104e-44
9.80909e-45
7.00649e-45
2.8026e-45
-1.4013e-45
-7.00649e-45
-1.26117e-44
-1.68156e-44
-2.10195e-44
-2.52234e-44
-2.94273e-44
-3.22299e-44
-3.50325e-44
-3.50325e-44
-3.36312e-44
-3.08286e-44
-2.66247e-44
-2.10195e-44
-1.4013e-44
-7.00649e-45
-1.4013e-45
4.2039e-45
9.80909e-45
1.4013e-44
1.68156e-44
2.10195e-44
2.38221e-44
2.52234e-44
2.52234e-44
2.38221e-44
2.24208e-44
1.96182e-44
1.68156e-44
1.4013e-44
1.12104e-44
8.40779e-45
7.00649e-45
5.60519e-45
2.8026e-45
1.4013e-45
1.4013e-45
2.8026e-45
5.60519e-45
8.40779e-45
1.26117e-44
1.54143e-44
1.82169e-44
2.10195e-44
2.38221e-44
2.66247e-44
2.8026e-44
2.94273e-44
2.8026e-44
2.38221e-44
1.82169e-44
1.12104e-44
4.2039e-45
-2.8026e-45
-9.80909e-45
-1.54143e-44
-1.96182e-44
-2.38221e-44
-2.8026e-44
-3.08286e-44
-3.36312e-44
-3.36312e-44
-3.22299e-44
-2.94273e-44
-2.38221e-44
-1.82169e-44
-1.12104e-44
-4.2039e-45
1.4013e-45
7.00649e-45
1.26117e-44
1.68156e-44
2.10195e-44
2.66247e-44
2.94273e-44
2.94273e-44
2.66247e-44
2.10195e-44
1.54143e-44
8.40779e-45
2.8026e-45
-2.8026e-45
-8.40779e-45
-1.4013e-44
-1.82169e-44
-2.24208e-44
-2.8026e-44
-3.08286e-44
-3.08286e-44
-2.8026e-44
-2.24208e-44
-1.68156e-44
-9.80909e-45
-2.8026e-45
4.2039e-45
1.12104e-44
1.68156e-44
2.24208e-44
2.8026e-44
3.36312e-44
3.64338e-44
3.78351e-44
3.78351e-44
3.64338e-44
3.50325e-44
3.22299e-44
2.94273e-44
2.52234e-44
2.10195e-44
1.68156e-44
1.26117e-44
8.40779e-45
4.2039e-45
1.4013e-45
0
0
1.4013e-45
2.8026e-45
5.60519e-45
8.40779e-45
1.12104e-44
1.26117e-44
1.4013e-44
1.54143e-44
1.68156e-44
1.96182e-44
2.10195e-44
2.10195e-44
1.96182e-44
1.68156e-44
1.4013e-44
9.80909e-45
5.60519e-45
1.4013e-45
-2.8026e-45
-7.00649e-45
-1.12104e-44
-1.4013e-44
-1.82169e-44
-2.10195e-44
-2.24208e-44
-2.24208e-44
-2.10195e-44
-1.96182e-44
-1.68156e-44
-1.4013e-44
-1.12104e-44
-8.40779e-45
-7.00649e-45
-5.60519e-45
-4.2039e-45
-1.4013e-45
0
0
-1.4013e-45
-4.2039e-45
-7.00649e-45
-1.12104e-44
-1.4013e-44
-1.68156e-44
-1.96182e-44
-2.24208e-44
-2.52234e-44
-2.8026e-44
-3.08286e-44
-3.08286e-44
-2.8026e-44
-2.24208e-44
-1.54143e-44
-8.40779e-45
-1.4013e-45
5.60519e-45
1.26117e-44
1.82169e-44
2.38221e-44
2.94273e-44
3.36312e-44
3.78351e-44
4.06377e-44
4.2039e-44
4.2039e-44
4.06377e-44
3.92364e-44
3.64338e-44
3.36312e-44
3.08286e-44
2.8026e-44
2.38221e-44
1.96182e-44
1.54143e-44
9.80909e-45
5.60519e-45
2.8026e-45
1.4013e-45
1.4013e-45
1.4013e-45
2.8026e-45
4.2039e-45
5.60519e-45
7.00649e-45
8.40779e-45
9.80909e-45
9.80909e-45
9.80909e-45
7.00649e-45
2.8026e-45
-2.8026e-45
-9.80909e-45
-1.54143e-44
-2.10195e-44
-2.66247e-44
-3.08286e-44
-3.36312e-44
-3.50325e-44
-3.64338e-44
-3.78351e-44
-4.06377e-44
-4.2039e-44
-4.2039e-44
-4.06377e-44
-3.78351e-44
-3.50325e-44
-3.08286e-44
-2.66247e-44
-2.10195e-44
-1.54143e-44
-9.80909e-45
-4.2039e-45
1.4013e-45
8.40779e-45
1.4013e-44
1.68156e-44
1.82169e-44
1.82169e-44
1.82169e-44
1.68156e-44
1.54143e-44
1.4013e-44
1.26117e-44
1.12104e-44
9.80909e-45
8.40779e-45
5.60519e-45
4.2039e-45
4.2039e-45
5.60519e-45
8.40779e-45
1.12104e-44
1.4013e-44
1.68156e-44
1.96182e-44
2.24208e-44
2.52234e-44
2.8026e-44
2.94273e-44
3.08286e-44
2.94273e-44
2.52234e-44
1.96182e-44
1.26117e-44
5.60519e-45
-1.4013e-45
-8.40779e-45
-1.54143e-44
-2.10195e-44
-2.66247e-44
-3.08286e-44
-3.36312e-44
-3.64338e-44
-3.78351e-44
-3.78351e-44
-3.64338e-44
-3.36312e-44
-3.08286e-44
-2.66247e-44
-2.10195e-44
-1.54143e-44
-9.80909e-45
-4.2039e-45
1.4013e-45
7.00649e-45
1.4013e-44
1.82169e-44
2.10195e-44
2.24208e-44
2.24208e-44
2.24208e-44
2.10195e-44
1.96182e-44
1.82169e-44
1.68156e-44
1.54143e-44
1.4013e-44
1.26117e-44
9.80909e-45
8.40779e-45
8.40779e-45
9.80909e-45
1.12104e-44
1.12104e-44
1.26117e-44
1.4013e-44
1.54143e-44
1.68156e-44
1.82169e-44
1.96182e-44
2.10195e-44
2.38221e-44
2.52234e-44
2.52234e-44
2.38221e-44
2.10195e-44
1.82169e-44
1.4013e-44
9.80909e-45
5.60519e-45
1.4013e-45
-2.8026e-45
-7.00649e-45
-1.12104e-44
-1.54143e-44
-1.82169e-44
-1.96182e-44
-1.96182e-44
-1.82169e-44
-1.68156e-44
-1.4013e-44
-1.12104e-44
-8.40779e-45
-7.00649e-45
-5.60519e-45
-4.2039e-45
-2.8026e-45
0
1.4013e-45
1.4013e-45
0
-2.8026e-45
-5.60519e-45
-9.80909e-45
-1.26117e-44
-1.4013e-44
-1.54143e-44
-1.68156e-44
-1.82169e-44
-1.96182e-44
-2.24208e-44
-2.38221e-44
-2.38221e-44
-2.24208e-44
-1.96182e-44
-1.68156e-44
-1.26117e-44
-8.40779e-45
-5.60519e-45
-2.8026e-45
0
2.8026e-45
5.60519e-45
9.80909e-45
1.12104e-44
9.80909e-45
7.00649e-45
2.8026e-45
-1.4013e-45
-7.00649e-45
-1.26117e-44
-1.68156e-44
-2.10195e-44
-2.52234e-44
-2.94273e-44
-3.22299e-44
-3.50325e-44
-3.50325e-44
-3.36312e-44
-3.08286e-44
-2.66247e-44
-2.10195e-44
-1.4013e-44
-7.00649e-45
-1.4013e-45
4.2039e-45
9.80909e-45
1.4013e-44
1.68156e-44
2.10195e-44
2.38221e-44
2.52234e-44
2.52234e-44
2.38221e-44
2.24208e-44
1.96182e-44
1.68156e-44
1.4013e-44
1.12104e-44
8.40779e-45
7.00649e-45
5.60519e-45
2.8026e-45
1.4013e-45
1.4013e-45
2.8026e-45
5.60519e-45
8.40779e-45
1.26117e-44
1.54143e-44
1.82169e-44
2.10195e-44
2.38221e-44
2.66247e-44
2.8026e-44
2.94273e-44
2.8026e-44
2.38221e-44
1.82169e-44
1.12104e-44
4.2039e-45
-2.8026e-45
-9.80909e-45
-1.54143e-44
-1.96182e-44
-2.38221e-44
-2.8026e-44
-3.08286e-44
-3.36312e-44
-3.36312e-44
-3.22299e-44
-2.94273e-44
-2.38221e-44
-1.82169e-44
-1.12104e-44
-4.2039e-45
1.4013e-45
7.00649e-45
1.26117e-44
1.68156e-44
2.10195e-44
2.66247e-44
2.94273e-44
2.94273e-44
2.66247e-44
2.10195e-44
1.54143e-44
8.40779e-45
2.8026e-45
-2.8026e-45
-8.40779e-45
-1.4013e-44
-1.82169e-44
-2.24208e-44
-2.8026e-44
-3.08286e-44
-3.08286e-44
-2.8026e-44
-2.24208e-44
-1.68156e-44
-9.80909e-45
-2.8026e-45
4.2039e-45
1.12104e-44
1.68156e-44
2.24208e-44
2.8026e-44
3.36312e-44
3.64338e-44
3.78351e-44
3.78351e-44
3.64338e-44
3.50325e-44
3.22299e-44
2.94273e-44
2.52234e-44
2.10195e-44
1.68156e-44
1.26117e-44
8.40779e-45
4.2039e-45
1.4013e-45
0
0
1.4013e-45
2.8026e-45
5.60519e-45
8.40779e-45
1.12104e-44
1.26117e-44
1.4013e-44
1.54143e-44
1.68156e-44
1.96182e-44
2.10195e-44
2.10195e-44
1.96182e-44
1.68156e-44
1.4013e-44
9.80909e-45
5.60519e-45
1.4013e-45
-2.8026e-45
-7.00649e-45
-1.12104e-44
-1.4013e-44
-1.82169e-44
-2.10195e-44
-2.24208e-44
-2.24208e-44
-2.10195e-44
-1.96182e-44
-1.68156e-44
-1.4013e-44
-1.12104e-44
-8.40779e-45
-7.00649e-45
-5.60519e-45
-4.2039e-45
-1.4013e-45
0
0
-1.4013e-45
-4.2039e-45
-7.00649e-45
-1.12104e-44
-1.4013e-44
-1.68156e-44
-1.96182e-44
-2.24208e-44
-2.52234e-44
-2.8026e-44
-3.08286e-44
-3.08286e-44
-2.8026e-44
-2.24208e-44
-1.54143e-44
-8.40779e-45
-1.4013e-45
5.60519e-45
1.26117e-44
1.82169e-44
2.38221e-44
2.94273e-44
3.36312e-44
3.78351e-44
4.06377e-44
4.2039e-44
4.2039e-44
4.06377e-44
3.92364e-44
3.64338e-44
3.36312e-44
3.08286e-44
2.8026e-44
2.38221e-44
1.96182e-44
1.54143e-44
9.80909e-45
5.60519e-45
2.8026e-45
1.4013e-45
1.4013e-45
1.4013e-45
2.8026e-45
4.2039e-45
5.60519e-45
7.00649e-45
8.40779e-45
9.80909e-45
9.80909e-45
9.80909e-45
7.00649e-45
2.8026e-45
-2.8026e-45
-9.80909e-45
-1.54143e-44
-2.10195e-44
-2.66247e-44
-3.08286e-44
-3.36312e-44
-3.50325e-44
-3.64338e-44
-3.78351e-44
-4.06377e-44
-4.2039e-44
-4.2039e-44
-4.06377e-44
-3.78351e-44
-3.50325e-44
-3.08286e-44
-2.66247e-44
-2.10195e-44
-1.54143e-44
-9.80909e-45
-4.2039e-45
1.4013e-45
8.40779e-45
1.4013e-44
1.68156e-44
1.82169e-44
1.82169e-44
1.82169e-44
1.68156e-44
1.54143e-44
1.4013e-44
1.26117e-44
1.12104e-44
9.80909e-45
8.40779e-45
5.60519e-45
4.2039e-45
4.2039e-45
5.60519e-45
8.40779e-45
1.12104e-44
1.4013e-44
1.68156e-44
1.96182e-44
2.24208e-44
2.52234e-44
2.8026e-44
2.94273e-44
3.08286e-44
2.94273e-44
2.52234e-44
1.96182e-44
1.26117e-44
5.60519e-45
-1.4013e-45
-8.40779e-45
-1.54143e-44
-2.10195e-44
-2.66247e-44
-3.08286e-44
-3.36312e-44
-3.64338e-44
-3.78351e-44
-3.78351e-44
-3.64338e-44
-3.36312e-44
-3.08286e-44
-2.66247e-44
-2.10195e-44
-1.54143e-44
-9.80909e-45
-4.2039e-45
1.4013e-45
7.00649e-45
1.4013e-44
1.82169e-44
2.10195e-44
2.24208e-44
2.24208e-44
2.24208e-44
2.10195e-44
1.96182e-44
1.82169e-44
1.68156e-44
1.54143e-44
1.4013e-44
1.26117e-44
9.80909e-45
8.40779e-45
8.40779e-45
9.80909e-45
1.12104e-44
1.12104e-44
1.26117e-44
1.4013e-44
1.54143e-44
1.68156e-44
1.82169e-44
1.96182e-44
2.10195e-44
2.38221e-44
2.52234e-44
2.52234e-44
2.38221e-44
2.10195e-44
1.82169e-44
1.4013e-44
9.80909e-45
5.60519e-45
1.4013e-45
-2.8026e-45
-7.00649e-45
-1.12104e-44
-1.54143e-44
-1.82169e-44
-1.96182e-44
-1.96182e-44
-1.82169e-44
-1.68156e-44
-1.4013e-44
-1.12104e-44
-8.40779e-45
-7.00649e-45
-5.60519e-45
-4.2039e-45
-2.8026e-45
0
1.4013e-45
1.4013e-45
0
-2.8026e-45
-5.60519e-45
-9.80909e-45
-1.26117e-44
-1.4013e-44
-1.54143e-44
-1.68156e-44
-1.82169e-44
-1.96182e-44
-2.24208e-44
-2.38221e-44
-2.38221e-44
-2.24208e-44
-1.96182e-44
-1.68156e-44
-1.26117e-44
-8.40779e-45
-5.60519e-45
-2.8026e-45
0
2.8026e-45
5.60519e-45
9.80909e-45
1.12104e-44
9.80909e-45
7.00649e-45
2.8026e-45
-1.4013e-45
-7.00649e-45
-1.26117e-44
-1.68156e-44
-2.10195e-44
-2.52234e-44
-2.94273e-44
-3.22299e-44
-3.50325e-44
-3.50325e-44
-3.36312e-44
-3.08286e-44
-2.66247e-44
-2.10195e-44
-1.4013e-44
-7.00649e-45
-1.4013e-45
4.2039e-45
9.80909e-45
1.4013e-44
1.68156e-44
2.10195e-44
2.38221e-44
2.52234e-44
2.52234e-44
2.38221e-44
2.24208e-44
1.96182e-44
1.68156e-44
1.4013e-44
1.12104e-44
8.40779e-45
7.00649e-45
5.60519e-45
2.8026e-45
1.4013e-45
1.4013e-45
2.8026e-45
5.60519e-45
8.40779e-45
1.26117e-44
1.54143e-44
1.82169e-44
2.10195e-44
2.38221e-44
2.66247e-44
2.8026e-44
2.94273e-44
2.8026e-44
2.38221e-44
1.82169e-44
1.12104e-44
4.2039e-45
-2.8026e-45
-9.80909e-45
-1.54143e-44
-1.96182e-44
-2.38221e-44
-2.8026e-44
-3.08286e-44
-3.36312e-44
-3.36312e-44
-3.22299e-44
-2.94273e-44
-2.38221e-44
-1.82169e-44
-1.12104e-44
-4.2039e-45
1.4013e-45
7.00649e-45
1.26117e-44
1.68156e-44
2.10195e-44
2.66247e-44
2.94273e-44
2.94273e-44
2.66247e-44
2.10195e-44
1.54143e-44
8.40779e-45
2.8026e-45
-2.8026e-45
-8.40779e-45
-1.4013e-44
-1.82169e-44
-2.24208e-44
-2.8026e-44
-3.08286e-44
-3.08286e-44
-2.8026e-44
-2.24208e-44
-1.68156e-44
-9.80909e-45
-2.8026e-45
4.2039e-45
1.12104e-44
1.68156e-44
2.24208e-44
2.8026e-44
3.36312e-44
3.64338e-44
3.78351e-44
3.78351e-44
3.64338e-44
3.50325e-44
3.22299e-44
2.94273e-44
2.52234e-44
2.10195e-44
1.68156e-44
1.26117e-44
8.40779e-45
4.2039e-45
1.4013e-45
0
0
1.4013e-45
2.8026e-45
5.60519e-45
8.40779e-45
1.12104e-44
1.26117e-44
1.4013e-44
1.54143e-44
1.68156e-44
1.96182e-44
2.10195e-44
2.10195e-44
1.96182e-44
1.68156e-44
1.4013e-44
9.80909e-45
5.60519e-45
1.4013e-45
-2.8026e-45
-7.00649e-45
-1.12104e-44
-1.4013e-44
-1.82169e-44
-2.10195e-44
-2.24208e-44
-2.24208e-44
-2.10195e-44
-1.96182e-44
-1.68156e-44
-1.4013e-44
-1.12104e-44
-8.40779e-45
-7.00649e-45
-5.60519e-45
-4.2039e-45
-1.4013e-45
0
0
-1.4013e-45
-4.2039e-45
-7.00649e-45
-1.12104e-44
-1.4013e-44
-1.68156e-44
-1.96182e-44
-2.24208e-44
-2.52234e-44
-2.8026e-44
-3.08286e-44
-3.08286e-44
-2.8026e-44
-2.24208e-44
-1.54143e-44
-8.40779e-45
-1.4013e-45
5.60519e-45
1.26117e-44
1.82169e-44
2.38221e-44
2.94273e-44
3.36312e-44
3.78351e-44
4.06377e-44
4.2039e-44
4.2039e-44
4.06377e-44
3.92364e-44
3.64338e-44
3.36312e-44
3.08286e-44
2.8026e-44
2.38221e-44
1.96182e-44
1.54143e-44
9.80909e-45
5.60519e-45
2.8026e-45
1.4013e-45
1.4013e-45
1.4013e-45
2.8026e-45
4.2039e-45
5.60519e-45
7.00649e-45
8.40779e-45
9.80909e-45
9.80909e-45
9.80909e-45
7.00649e-45
2.8026e-45
-2.8026e-45
-9.80909e-45
-1.54143e-44
-2.10195e-44
-2.66247e-44
-3.08286e-44
-3.36312e-44
-3.50325e-44
-3.64338e-44
-3.78351e-44
-4.06377e-44
-4.2039e-44
-4.2039e-44
-4.06377e-44
-3.78351e-44
-3.50325e-44
-3.08286e-44
-2.66247e-44
-2.10195e-44
-1.54143e-44
-9.80909e-45
-4.2039e-45
1.4013e-45
8.40779e-45
1.4013e-44
1.68156e-44
1.82169e-44
1.82169e-44
1.82169e-44
1.68156e-44
1.54143e-44
1.4013e-44
1.26117e-44
1.12104e-44
9.80909e-45
8.40779e-45
5.60519e-45
4.2039e-45
4.2039e-45
5.60519e-45
8.40779e-45
1.12104e-44
1.4013e-44
1.68156e-44
1.96182e-44
2.24208e-44
2.52234e-44
2.8026e-44
2.94273e-44
3.08286e-44
2.94273e-44
2.52234e-44
1.96182e-44
1.26117e-44
5.60519e-45
-1.4013e-45
-8.40779e-45
-1.54143e-44
-2.10195e-44
-2.66247e-44
-3.08286e-44
-3.36312e-44
-3.64338e-44
-3.78351e-44
-3.78351e-44
-3.64338e-44
-3.36312e-44
-3.08286e-44
-2.66247e-44
-2.10195e-44
-1.54143e-44
-9.80909e-45
-4.2039e-45
1.4013e-45
7.00649e-45
1.4013e-44
1.82169e-44
2.10195e-44
2.24208e-44
2.24208e-44
2.24208e-44
2.10195e-44
1.96182e-44
1.82169e-44
1.68156e-44
1.54143e-44
1.4013e-44
1.26117e-44
9.80909e-45
8.40779e-45
8.40779e-45
9.80909e-45
1.12104e-44
1.12104e-44
1.26117e-44
1.4013e-44
1.54143e-44
1.68156e-44
1.82169e-44
1.96182e-44
2.10195e-44
2.38221e-44
2.52234e-44
2.52234e-44
2.38221e-44
2.10195e-44
1.82169e-44
1.4013e-44
9.80909e-45
5.60519e-45
1.4013e-45
-2.8026e-45
-7.00649e-45
-1.12104e-44
-1.54143e-44
-1.82169e-44
-1.96182e-44
-1.96182e-44
-1.82169e-44
-1.68156e-44
-1.4013e-44
-1.12104e-44
-8.40779e-45
-7.00649e-45
-5.60519e-45
-4.2039e-45
-2.8026e-45
0
1.4013e-45
1.4013e-45
0
-2.8026e-45
-5.60519e-45
-9.80909e-45
-1.26117e-44
-1.4013e-44
-1.54143e-44
-1.68156e-44
-1.82169e-44
-1.96182e-44
-2.24208e-44
-2.38221e-44
-2.38221e-44
-2.24208e-44
-1.96182e-44
-1.68156e-44
-1.26117e-44
-8.40779e-45
-5.60519e-45
-2.8026e-45
0
2.8026e-45
5.60519e-45
9.80909e-45
1.12104e-44
9.80909e-45
7.00649e-45
2.8026e-45
-1.4013e-45
-7.00649e-45
-1.26117e-44
-1.68156e-44
-2.10195e-44
-2.52234e-44
-2.94273e-44
-3.22299e-44
-3.50325e-44
-3.50325e-44
-3.36312e-44
-3.08286e-44
-2.66247e-44
-2.10195e-44
-1.4013e-44
-7.00649e-45
-1.4013e-45
4.2039e-45
9.80909e-45
1.4013e-44
1.68156e-44
2.10195e-44
2.38221e-44
2.52234e-44
2.52234e-44
2.38221e-44
2.24208e-44
1.96182e-44
1.68156e-44
1.4013e-44
1.12104e-44
8.40779e-45
7.00649e-45
5.60519e-45
2.8026e-45
1.4013e-45
1.4013e-45
2.8026e-45
5.60519e-45
8.40779e-45
1.26117e-44
1.54143e-44
1.82169e-44
2.10195e-44
2.38221e-44
2.66247e-44
2.8026e-44
2.94273e-44
2.8026e-44
2.38221e-44
1.82169e-44
1.12104e-44
4.2039e-45
-2.8026e-45
-9.80909e-45
-1.54143e-44
-1.96182e-44
-2.38221e-44
-2.8026e-44
-3.08286e-44
-3.36312e-44
-3.36312e-44
-3.22299e-44
-2.94273e-44
-2.38221e-44
-1.82169e-44
-1.12104e-44
-4.2039e-45
1.4013e-45
7.00649e-45
1.26117e-44
1.68156e-44
2.10195e-44
2.66247e-44
2.94273e-44
2.94273e-44
2.66247e-44
2.10195e-44
1.54143e-44
8.40779e-45
2.8026e-45
-2.8026e-45
-8.40779e-45
-1.4013e-44
-1.82169e-44
-2.24208e-44
-2.8026e-44
-3.08286e-44
-3.08286e-44
-2.8026e-44
-2.24208e-44
-1.68156e-44
-9.80909e-45
-2.8026e-45
4.2039e-45
1.12104e-44
1.68156e-44
2.24208e-44
2.8026e-44
3.36312e-44
3.64338e-44
3.78351e-44
3.78351e-44
3.64338e-44
3.50325e-44
3.22299e-44
2.94273e-44
2.52234e-44
2.10195e-44
1.68156e-44
1.26117e-44
8.40779e-45
4.2039e-45
1.4013e-45
0
0
1.4013e-45
2.8026e-45
5.60519e-45
8.40779e-45
1.12104e-44
1.26117e-44
1.4013e-44
1.54143e-44
1.68156e-44
1.96182e-44
2.10195e-44
2.10195e-44
1.96182e-44
1.68156e-44
1.4013e-44
9.80909e-45
5.60519e-45
1.4013e-45
-2.8026e-45
-7.00649e-45
-1.12104e-44
-1.4013e-44
-1.82169e-44
-2.10195e-44
-2.24208e-44
-2.24208e-44
-2.10195e-44
-1.96182e-44
-1.68156e-44
-1.4013e-44
-1.12104e-44
-8.40779e-45
-7.00649e-45
-5.60519e-45
-4.2039e-45
-1.4013e-45
0
0
-1.4013e-45
-4.2039e-45
-7.00649e-45
-1.12104e-44
-1.4013e-44
-1.68156e-44
-1.96182e-44
-2.24208e-44
-2.52234e-44
-2.8026e-44
-3.08286e-44
-3.08286e-44
-2.8026e-44
-2.24208e-44
-1.54143e-44
-8.40779e-45
-1.4013e-45
5.60519e-45
1.26117e-44
1.82169e-44
2.38221e-44
2.94273e-44
3.36312e-44
3.78351e-44
4.06377e-44
4.2039e-44
4.2039e-44
4.06377e-44
3.92364e-44
3.64338e-44
3.36312e-44
3.08286e-44
2.8026e-44
2.38221e-44
1.96182e-44
1.54143e-44
9.80909e-45
5.60519e-45
2.8026e-45
1.4013e-45
1.4013e-45
1.4013e-45
2.8026e-45
4.2039e-45
5.60519e-45
7.00649e-45
8.40779e-45
9.80909e-45
9.80909e-45
9.80909e-45
7.00649e-45
2.8026e-45
-2.8026e-45
-9.80909e-45
-1.54143e-44
-2.10195e-44
-2.66247e-44
-3.08286e-44
-3.36312e-44
-3.50325e-44
-3.64338e-44
-3.78351e-44
-4.06377e-44
-4.2039e-44
-4.2039e-44
-4.06377e-44
-3.78351e-44
-3.50325e-44
-3.08286e-44
-2.66247e-44
-2.10195e-44
-1.54143e-44
-9.80909e-45
-4.2039e-45
1.4013e-45
8.40779e-45
1.4013e-44
1.68156e-44
1.82169e-44
1.82169e-44
1.82169e-44
1.68156e-44
1.54143e-44
1.4013e-44
1.26117e-44
1.12104e-44
9.80909e-45
8.40779e-45
5.60519e-45
4.2039e-45
4.2039e-45
5.60519e-45
8.40779e-45
1.12104e-44
1.4013e-44
1.68156e-44
1.96182e-44
2.24208e-44
2.52234e-44
2.8026e-44
2.94273e-44
3.08286e-44
2.94273e-44
2.52234e-44
1.96182e-44
1.26117e-44
5.60519e-45
-1.4013e-45
-8.40779e-45
-1.54143e-44
-2.10195e-44
-2.66247e-44
-3.08286e-44
-3.36312e-44
-3.64338e-44
-3.78351e-44
-3.78351e-44
-3.64338e-44
-3.36312e-44
-3.08286e-44
-2.66247e-44
-2.10195e-44
-1.54143e-44
-9.80909e-45
-4.2039e-45
1.4013e-45
7.00649e-45
1.4013e-44
1.82169e-44
2.10195e-44
2.24208e-44
2.24208e-44
2.24208e-44
2.10195e-44
1.96182e-44
1.82169e-44
1.68156e-44
1.54143e-44
1.4013e-44
1.26117e-44
9.80909e-45
8.40779e-45
8.40779e-45
9.80909e-45
1.12104e-44
1.12104e-44
1.26117e-44
1.4013e-44
1.54143e-44
1.68156e-44
1.82169e-44
1.96182e-44
2.10195e-44
2.38221e-44
2.52234e-44
2.52234e-44
2.38221e-44
2.10195e-44
1.82169e-44
1.4013e-44
9.80909e-45
5.60519e-45
1.4013e-45
-2.8026e-45
-7.00649e-45
-1.12104e-44
-1.54143e-44
-1.82169e-44
-1.96182e-44
-1.96182e-44
-1.82169e-44
-1.68156e-44
-1.4013e-44
-1.12104e-44
-8.40779e-45
-7.00649e-45
-5.60519e-45
-4.2039e-45
-2.8026e-45
0
1.4013e-45
1.4013e-45
0
-2.8026e-45
-5.60519e-45
-9.80909e-45
-1.26117e-44
-1.4013e-44
-1.54143e-44
-1.68156e-44
-1.82169e-44
-1.96182e-44
-2.24208e-44
-2.38221e-44
-2.38221e-44
-2.24208e-44
-1.96182e-44
-1.68156e-44
-1.26117e-44
-8.40779e-45
-5.60519e-45
-2.8026e-45
0
2.8026e-45
5.60519e-45
9.80909e-45
1.12104e-44
9.80909e-45
7.00649e-45
2.8026e-45
-1.4013e-45
-7.00649e-45
-1.26117e-44
-1.68156e-44
-2.10195e-44
-2.52234e-44
-2.94273e-44
-3.22299e-44
-3.50325e-44
-3.50325e-44
-3.36312e-44
-3.08286e-44
-2.66247e-44
-2.10195e-44
-1.4013e-44
-7.00649e-45
-1.4013e-45
4.2039e-45
9.80909e-45
1.4013e-44
1.68156e-44
2.10195e-44
2.38221e-44
2.52234e-44
2.52234e-44
2.38221e-44
2.24208e-44
1.96182e-44
1.68156e-44
1.4013e-44
1.12104e-44
8.40779e-45
7.00649e-45
5.60519e-45
2.8026e-45
1.4013e-45
1.4013e-45
2.8026e-45
5.60519e-45
8.40779e-45
1.26117e-44
1.54143e-44
1.82169e-44
2.10195e-44
2.38221e-44
2.66247e-44
2.8026e-44
2.94273e-44
2.8026e-44
2.38221e-44
1.82169e-44
1.12104e-44
4.2039e-45
-2.8026e-45
-9.80909e-45
-1.54143e-44
-1.96182e-44
-2.38221e-44
-2.8026e-44
-3.08286e-44
-3.36312e-44
-3.36312e-44
-3.22299e-44
-2.94273e-44
-2.38221e-44
-1.82169e-44
-1.12104e-44
-4.2039e-45
1.4013e-45
7.00649e-45
1.26117e-44
1.68156e-44
2.10195e-44
2.66247e-44
2.94273e-44
2.94273e-44
2.66247e-44
2.10195e-44
1.54143e-44
8.40779e-45
2.8026e-45
-2.8026e-45
-8.40779e-45
-1.4013e-44
-1.82169e-44
-2.24208e-44
-2.8026e-44
-3.08286e-44
-3.08286e-44
-2.8026e-44
-2.24208e-44
-1.68156e-44
-9.80909e-45
-2.8026e-45
4.2039e-45
1.12104e-44
1.68156e-44
2.24208e-44
2.8026e-44
3.36312e-44
3.64338e-44
3.78351e-44
3.78351e-44
3.64338e-44
3.50325e-44
3.22299e-44
2.94273e-44
2.52234e-44
2.10195e-44
1.68156e-44
1.26117e-44
8.40779e-45
4.2039e-45
1.4013e-45
0
0
1.4013e-45
2.8026e-45
5.60519e-45
8.40779e-45
1.12104e-44
1.26117e-44
1.4013e-44
1.54143e-44
1.68156e-44
1.96182e-44
2.10195e-44
2.10195e-44
1.96182e-44
1.68156e-44
1.4013e-44
9.80909e-45
5.60519e-45
1.4013e-45
-2.8026e-45
-7.00649e-45
-1.12104e-44
-1.4013e-44
-1.82169e-44
-2.10195e-44
-2.24208e-44
-2.24208e-44
-2.10195e-44
-1.96182e-44
-1.68156e-44
-1.4013e-44
-1.12104e-44
-8.40779e-45
-7.00649e-45
-5.60519e-45
-4.2039e-45
-1.4013e-45
0
0
-1.4013e-45
-4.2039e-45
-7.00649e-45
-1.12104e-44
-1.4013e-44
-1.68156e-44
-1.96182e-44
-2.24208e-44
-2.52234e-44
-2.8026e-44
-3.08286e-44
-3.08286e-44
-2.8026e-44
-2.24208e-44
-1.54143e-44
-8.40779e-45
-1.4013e-45
5.60519e-45
1.26117e-44
1.82169e-44
2.38221e-44
2.94273e-44
3.36312e-44
3.78351e-44
4.06377e-44
4.2039e-44
4.2039e-44
4.06377e-44
3.92364e-44
3.64338e-44
3.36312e-44
3.08286e-44
2.8026e-44
2.38221e-44
1.96182e-44
1.54143e-44
9.80909e-45
5.60519e-45
2.8026e-45
1.4013e-45
1.4013e-45
1.4013e-45
2.8026e-45
4.2039e-45
5.60519e-45
7.00649e-45
8.40779e-45
9.80909e-45
9.80909e-45
9.80909e-45
7.00649e-45
2.8026e-45
-2.8026e-45
-9.80909e-45
-1.54143e-44
-2.10195e-44
-2.66247e-44
-3.08286e-44
-3.36312e-44
-3.50325e-44
-3.64338e-44
-3.78351e-44
-4.06377e-44
-4.2039e-44
-4.2039e-44
-4.06377e-44
-3.78351e-44
-3.50325e-44
-3.08286e-44
-2.66247e-44
-2.10195e-44
-1.54143e-44
-9.80909e-45
-4.2039e-45
1.4013e-45
8.40779e-45
1.4013e-44
1.68156e-44
1.82169e-44
1.82169e-44
1.82169e-44
1.68156e-44
1.54143e-44
1.4013e-44
1.26117e-44
1.12104e-44
9.80909e-45
8.40779e-45
5.60519e-45
4.2039e-45
4.2039e-45
5.60519e-45
8.40779e-45
1.12104e-44
1.4013e-44
1.68156e-44
1.96182e-44
2.24208e-44
2.52234e-44
2.8026e-44
2.94273e-44
3.08286e-44
2.94273e-44
2.52234e-44
1.96182e-44
1.26117e-44
5.60519e-45
-1.4013e-45
-8.40779e-45
-1.54143e-44
-2.10195e-44
-2.66247e-44
-3.08286e-44
-3.36312e-44
-3.64338e-44
-3.78351e-44
-3.78351e-44
-3.64338e-44
-3.36312e-44
-3.08286e-44
-2.66247e-44
-2.10195e-44
-1.54143e-44
-9.80909e-45
-4.2039e-45
1.4013e-45
7.00649e-45
1.4013e-44
1.82169e-44
2.10195e-44
2.24208e-44
2.24208e-44
2.24208e-44
2.10195e-44
1.96182e-44
1.82169e-44
1.68156e-44
1.54143e-44
1.4013e-44
1.26117e-44
9.80909e-45
8.40779e-45
8.40779e-45
9.80909e-45
1.12104e-44
1.12104e-44
1.26117e-44
1.4013e-44
1.54143e-44
1.68156e-44
1.82169e-44
1.96182e-44
2.10195e-44
2.38221e-44
2.52234e-44
2.52234e-44
2.38221e-44
2.10195e-44
1.82169e-44
1.4013e-44
9.80909e-45
5.60519e-45
1.4013e-45
-2.8026e-45
-7.00649e-45
-1.12104e-44
-1.54143e-44
-1.82169e-44
-1.96182e-44
-1.96182e-44
-1.82169e-44
-1.68156e-44
-1.4013e-44
-1.12104e-44
-8.40779e-45
-7.00649e-45
-5.60519e-45
-4.2039e-45
-2.8026e-45
0
1.4013e-45
1.4013e-45
0
-2.8026e-45
-5.60519e-45
-9.80909e-45
-1.26117e-44
-1.4013e-44
-1.54143e-44
-1.68156e-44
-1.82169e-44
-1.96182e-44
-2.24208e-44
-2.38221e-44
-2.38221e-44
-2.24208e-44
-1.96182e-44
-1.68156e-44
-1.26117e-44
-8.40779e-45
-5.60519e-45
-2.8026e-45
0
2.8026e-45
5.60519e-45
9.80909e-45
1.12104e-44
9.80909e-45
7.00649e-45
2.8026e-45
-1.4013e-45
-7.00649e-45
-1.26117e-44
-1.68156e-44
-2.10195e-44
-2.52234e-44
-2.94273e-44
-3.22299e-44
-3.50325e-44
-3.50325e-44
-3.36312e-44
-3.08286e-44
-2.66247e-44
-2.10195e-44
-1.4013e-44
-7.00649e-45
-1.4013e-45
4.2039e-45
9.80909e-45
1.4013e-44
1.68156e-44
2.10195e-44
2.38221e-44
2.52234e-44
2.52234e-44
2.38221e-44
2.24208e-44
1.96182e-44
1.68156e-44
1.4013e-44
1.12104e-44
8.40779e-45
7.00649e-45
5.60519e-45
2.8026e-45
1.4013e-45
1.4013e-45
2.8026e-45
5.60519e-45
8.40779e-45
1.26117e-44
1.54143e-44
1.82169e-44
2.10195e-44
2.38221e-44
2.66247e-44
2.8026e-44
2.94273e-44
2.8026e-44
2.38221e-44
1.82169e-44
1.12104e-44
4.2039e-45
-2.8026e-45
-9.80909e-45
-1.54143e-44
-1.96182e-44
-2.38221e-44
-2.8026e-44
-3.08286e-44
-3.36312e-44
-3.36312e-44
-3.22299e-44
-2.94273e-44
-2.38221e-44
-1.82169e-44
-1.12104e-44
-4.2039e-45
1.4013e-45
7.00649e-45
1.26117e-44
1.68156e-44
2.10195e-44
2.66247e-44
2.94273e-44
2.94273e-44
2.66247e-44
2.10195e-44
1.54143e-44
8.40779e-45
2.8026e-45
-2.8026e-45
-8.40779e-45
-1.4013e-44
-1.82169e-44
-2.24208e-44
-2.8026e-44
-3.08286e-44
-3.08286e-44
-2.8026e-44
-2.24208e-44
-1.68156e-44
-9.80909e-45
-2.8026e-45
4.2039e-45
1.12104e-44
1.68156e-44
2.24208e-44
2.8026e-44
3.36312e-44
3.64338e-44
3.78351e-44
3.78351e-44
3.64338e-44
3.50325e-44
3.22299e-44
2.94273e-44
2.52234e-44
2.10195e-44
1.68156e-44
1.26117e-44
8.40779e-45
4.2039e-45
1.4013e-45
0
0
1.4013e-45
2.8026e-45
5.60519e-45
8.40779e-45
1.12104e-44
1.26117e-44
1.4013e-44
1.54143e-44
1.68156e-44
1.96182e-44
2.10195e-44
2.10195e-44
1.96182e-44
1.68156e-44
1.4013e-44
9.80909e-45
5.60519e-45
1.4013e-45
-2.8026e-45
-7.00649e-45
-1.12104e-44
-1.4013e-44
-1.82169e-44
-2.10195e-44
-2.24208e-44
-2.24208e-44
-2.10195e-44
-1.96182e-44
-1.68156e-44
-1.4013e-44
-1.12104e-44
-8.40779e-45
-7.00649e-45
-5.60519e-45
-4.2039e-45
-1.4013e-45
0
0
-1.4013e-45
-4.2039e-45
-7.00649e-45
-1.12104e-44
-1.4013e-44
-1.68156e-44
-1.96182e-44
-2.24208e-44
-2.52234e-44
-2.8026e-44
-3.08286e-44
-3.08286e-44
-2.8026e-44
-2.24208e-44
-1.54143e-44
-8.40779e-45
-1.4013e-45
5.60519e-45
1.26117e-44
1.82169e-44
2.38221e-44
2.94273e-44
3.36312e-44
3.78351e-44
4.06377e-44
4.2039e-44
4.2039e-44
4.06377e-44
3.92364e-44
3.64338e-44
3.36312e-44
3.08286e-44
2.8026e-44
2.38221e-44
1.96182e-44
1.54143e-44
9.80909e-45
5.60519e-45
2.8026e-45
1.4013e-45
1.4013e-45
1.4013e-45
2.8026e-45
4.2039e-45
5.60519e-45
7.00649e-45
8.40779e-45
9.80909e-45
9.80909e-45
9.80909e-45
7.00649e-45
2.8026e-45
-2.8026e-45
-9.80909e-45
-1.54143e-44
-2.10195e-44
-2.66247e-44
-3.08286e-44
-3.36312e-44
-3.50325e-44
-3.64338e-44
-3.78351e-44
-4.06377e-44
-4.2039e-44
-4.2039e-44
-4.06377e-44
-3.78351e-44
-3.50325e-44
-3.08286e-44
-2.66247e-44
-2.10195e-44
-1.54143e-44
-9.80909e-45
-4.2039e-45
1.4013e-45
8.40779e-45
1.4013e-44
1.68156e-44
1.82169e-44
1.82169e-44
1.82169e-44
1.68156e-44
1.54143e-44
1.4013e-44
1.26117e-44
1.12104e-44
9.80909e-45
8.40779e-45
5.60519e-45
4.2039e-45
4.2039e-45
5.60519e-45
8.40779e-45
1.12104e-44
1.4013e-44
1.68156e-44
1.96182e-44
2.24208e-44
2.52234e-44
2.8026e-44
2.94273e-44
3.08286e-44
2.94273e-44
2.52234e-44
1.96182e-44
1.26117e-44
5.60519e-45
-1.4013e-45
-8.40779e-45
-1.54143e-44
-2.10195e-44
-2.66247e-44
-3.08286e-44
-3.36312e-44
-3.64338e-44
-3.78351e-44
-3.78351e-44
-3.64338e-44
-3.36312e-44
-3.08286e-44
-2.66247e-44
-2.10195e-44
-1.54143e-44
-9.80909e-45
-4.2039e-45
1.4013e-45
7.00649e-45
1.4013e-44
1.82169e-44
2.10195e-44
2.24208e-44
2.24208e-44
2.24208e-44
2.10195e-44
1.96182e-44
1.82169e-44
1.68156e-44
1.54143e-44
1.4013e-44
1.26117e-44
9.80909e-45
8.40779e-45
8.40779e-45
9.80909e-45
1.12104e-44
1.12104e-44
1.26117e-44
1.4013e-44
1.54143e-44
1.68156e-44
1.82169e-44
1.96182e-44
2.10195e-44
2.38221e-44
2.52234e-44
2.52234e-44
2.38221e-44
2.10195e-44
1.82169e-44
1.4013e-44
9.80909e-45
5.60519e-45
1.4013e-45
-2.8026e-45
-7.00649e-45
-1.12104e-44
-1.54143e-44
-1.82169e-44
-1.96182e-44
-1.96182e-44
-1.82169e-44
-1.68156e-44
-1.4013e-44
-1.12104e-44
-8.40779e-45
-7.00649e-45
-5.60519e-45
-4.2039e-45
-2.8026e-45
0
1.4013e-45
1.4013e-45
0
-2.8026e-45
-5.60519e-45
-9.80909e-45
-1.26117e-44
-1.4013e-44
-1.54143e-44
-1.68156e-44
-1.82169e-44
-1.96182e-44
-2.24208e-44
-2.38221e-44
-2.38221e-44
-2.24208e-44
-1.96182e-44
-1.68156e-44
-1.26117e-44
-8.40779e-45
-5.60519e-45
-2.8026e-45
0
2.8026e-45
5.60519e-45
9.80909e-45
1.12104e-44
9.80909e-45
7.00649e-45
2.8026e-45
-1.4013e-45
-7.00649e-45
-1.26117e-44
-1.68156e-44
-2.10195e-44
-2.52234e-44
-2.94273e-44
-3.22299e-44
-3.50325e-44
-3.50325e-44
-3.36312e-44
-3.08286e-44
-2.66247e-44
-2.10195e-44
-1.4013e-44
-7.00649e-45
-1.4013e-45
4.2039e-45
9.80909e-45
1.4013e-44
1.68156e-44
2.10195e-44
2.38221e-44
2.52234e-44
2.52234e-44
2.38221e-44
2.24208e-44
1.96182e-44
1.68156e-44
1.4013e-44
1.12104e-44
8.40779e-45
7.00649e-45
5.60519e-45
2.8026e-45
1.4013e-45
1.4013e-45
2.8026e-45
5.60519e-45
8.40779e-45
1.26117e-44
1.54143e-44
1.82169e-44
2.10195e-44
2.38221e-44
2.66247e-44
2.8026e-44
2.94273e-44
2.8026e-44
2.38221e-44
1.82169e-44
1.12104e-44
4.2039e-45
-2.8026e-45
-9.80909e-45
-1.54143e-44
-1.96182e-44
-2.38221e-44
-2.8026e-44
-3.08286e-44
-3.36312e-44
-3.36312e-44
-3.22299e-44
-2.94273e-44
-2.38221e-44
-1.82169e-44
-1.12104e-44
-4.2039e-45
1.4013e-45
7.00649e-45
1.26117e-44
1.68156e-44
2.10195e-44
2.66247e-44
2.94273e-44
2.94273e-44
2.66247e-44
2.10195e-44
1.54143e-44
8.40779e-45
2.8026e-45
-2.8026e-45
-8.40779e-45
-1.4013e-44
-1.82169e-44
-2.24208e-44
-2.8026e-44
-3.08286e-44
-3.08286e-44
-2.8026e-44
-2.24208e-44
-1.68156e-44
-9.80909e-45
-2.8026e-45
4.2039e-45
1.12104e-44
1.68156e-44
2.24208e-44
2.8026e-44
3.36312e-44
3.64338e-44
3.78351e-44
3.78351e-44
3.64338e-44
3.50325e-44
3.22299e-44
2.94273e-44
2.52234e-44
2.10195e-44
1.68156e-44
1.26117e-44
8.40779e-45
4.2039e-45
1.4013e-45
0
0
1.4013e-45
2.8026e-45
5.60519e-45
8.40779e-45
1.12104e-44
1.26117e-44
1.4013e-44
1.54143e-44
1.68156e-44
1.96182e-44
2.10195e-44
2.10195e-44
1.96182e-44
1.68156e-44
1.4013e-44
9.80909e-45
5.60519e-45
1.4013e-45
-2.8026e-45
-7.00649e-45
-1.12104e-44
-1.4013e-44
-1.82169e-44
-2.10195e-44
-2.24208e-44
-2.24208e-44
-2.10195e-44
-1.96182e-44
-1.68156e-44
-1.4013e-44
-1.12104e-44
-8.40779e-45
-7.00649e-45
-5.60519e-45
-4.2039e-45
-1.4013e-45
0
0
-1.4013e-45
-4.2039e-45
-7.00649e-45
-1.12104e-44
-1.4013e-44
-1.68156e-44
-1.96182e-44
-2.24208e-44
-2.52234e-44
-2.8026e-44
-3.08286e-44
-3.08286e-44
-2.8026e-44
-2.24208e-44
-1.54143e-44
-8.40779e-45
-1.4013e-45
5.60519e-45
1.26117e-44
1.82169e-44
2.38221e-44
2.94273e-44
3.36312e-44
3.78351e-44
4.06377e-44
4.2039e-44
4.2039e-44
4.06377e-44
3.92364e-44
3.64338e-44
3.36312e-44
3.08286e-44
2.8026e-44
2.38221e-44
1.96182e-44
1.54143e-44
9.80909e-45
5.60519e-45
2.8026e-45
1.4013e-45
1.4013e-45
1.4013e-45
2.8026e-45
4.2039e-45
5.60519e-45
7.00649e-45
8.40779e-45
9.80909e-45
9.80909e-45
9.80909e-45
7.00649e-45
2.8026e-45
-2.8026e-45
-9.80909e-45
-1.54143e-44
-2.10195e-44
-2.66247e-44
-3.08286e-44
-3.36312e-44
-3.50325e-44
-3.64338e-44
-3.78351e-44
-4.06377e-44
-4.2039e-44
-4.2039e-44
-4.06377e-44
-3.78351e-44
-3.50325e-44
-3.08286e-44
-2.66247e-44
-2.10195e-44
-1.54143e-44
-9.80909e-45
-4.2039e-45
1.4013e-45
8.40779e-45
1.4013e-44
1.68156e-44
1.82169e-44
1.82169e-44
1.82169e-44
1.68156e-44
1.54143e-44
1.4013e-44
1.26117e-44
1.12104e-44
9.80909e-45
8.40779e-45
5.60519e-45
4.2039e-45
4.2039e-45
5.60519e-45
8.40779e-45
1.12104e-44
1.4013e-44
1.68156e-44
1.96182e-44
2.24208e-44
2.52234e-44
2.8026e-44
2.94273e-44
3.08286e-44
2.94273e-44
2.52234e-44
1.96182e-44
1.26117e-44
5.60519e-45
-1.4013e-45
-8.40779e-45
-1.54143e-44
-2.10195e-44
-2.66247e-44
-3.08286e-44
-3.36312e-44
-3.64338e-44
-3.78351e-44
-3.78351e-44
-3.64338e-44
-3.36312e-44
-3.08286e-44
-2.66247e-44
-2.10195e-44
-1.54143e-44
-9.80909e-45
-4.2039e-45
1.4013e-45
7.00649e-45
1.4013e-44
1.82169e-44
2.10195e-44
2.24208e-44
2.24208e-44
2.24208e-44
2.10195e-44
1.96182e-44
1.82169e-44
1.68156e-44
1.54143e-44
1.4013e-44
1.26117e-44
9.80909e-45
8.40779e-45
8.40779e-45
9.80909e-45
1.12104e-44
1.12104e-44
1.26117e-44
1.4013e-44
1.54143e-44
1.68156e-44
1.82169e-44
1.96182e-44
2.10195e-44
2.38221e-44
2.52234e-44
2.52234e-44
2.38221e-44
2.10195e-44
1.82169e-44
1.4013e-44
9.80909e-45
5.60519e-45
1.4013e-45
-2.8026e-45
-7.00649e-45
-1.12104e-44
-1.54143e-44
-1.82169e-44
-1.96182e-44
-1.96182e-44
-1.82169e-44
-1.68156e-44
-1.4013e-44
-1.12104e-44
-8.40779e-45
-7.00649e-45
-5.60519e-45
-4.2039e-45
-2.8026e-45
0
1.4013e-45
1.4013e-45
0
-2.8026e-45
-5.60519e-45
-9.80909e-45
-1.26117e-44
-1.4013e-44
-1.54143e-44
-1.68156e-44
-1.82169e-44
-1.96182e-44
-2.24208e-44
-2.38221e-44
-2.38221e-44
-2.24208e-44
-1.96182e-44
-1.68156e-44
-1.26117e-44
-8.40779e-45
-5.60519e-45
-2.8026e-45
0
2.8026e-45
5.60519e-45
9.80909e-45
1.12104e-44
9.80909e-45
7.00649e-45
2.8026e-45
-1.4013e-45
-7.00649e-45
-1.26117e-44
-1.68156e-44
-2.10195e-44
-2.52234e-44
-2.94273e-44
-3.22299e-44
-3.50325e-44
-3.50325e-44
-3.36312e-44
-3.08286e-44
-2.66247e-44
-2.10195e-44
-1.4013e-44
-7.00649e-45
-1.4013e-45
4.2039e-45
9.80909e-45
1.4013e-44
1.68156e-44
2.10195e-44
2.38221e-44
2.52234e-44
2.52234e-44
2.38221e-44
2.24208e-44
1.96182e-44
1.68156e-44
1.4013e-44
1.12104e-44
8.40779e-45
7.00649e-45
5.60519e-45
2.8026e-45
1.4013e-45
1.4013e-45
2.8026e-45
5.60519e-45
8.40779e-45
1.26117e-44
1.54143e-44
1.82169e-44
2.10195e-44
2.38221e-44
2.66247e-44
2.8026e-44
2.94273e-44
2.8026e-44
2.38221e-44
1.82169e-44
1.12104e-44
4.2039e-45
-2.8026e-45
-9.80909e-45
-1.54143e-44
-1.96182e-44
-2.38221e-44
-2.8026e-44
-3.08286e-44
-3.36312e-44
-3.36312e-44
-3.22299e-44
-2.94273e-44
-2.38221e-44
-1.82169e-44
-1.12104e-44
-4.2039e-45
1.4013e-45
7.00649e-45
1.26117e-44
1.68156e-44
2.10195e-44
2.66247e-44
2.94273e-44
2.94273e-44
2.66247e-44
2.10195e-44
1.54143e-44
8.40779e-45
2.8026e-45
-2.8026e-45
-8.40779e-45
-1.4013e-44
-1.82169e-44
-2.24208e-44
-2.8026e-44
-3.08286e-44
-3.08286e-44
-2.8026e-44
-2.24208e-44
-1.68156e-44
-9.80909e-45
-2.8026e-45
4.2039e-45
1.12104e-44
1.68156e-44
2.24208e-44
2.8026e-44
3.36312e-44
3.64338e-44
3.78351e-44
3.78351e-44
3.64338e-44
3.50325e-44
3.22299e-44
2.94273e-44
2.52234e-44
2.10195e-44
1.68156e-44
1.26117e-44
8.40779e-45
4.2039e-45
1.4013e-45
0
0
1.4013e-45
2.8026e-45
5.60519e-45
8.40779e-45
1.12104e-44
1.26117e-44
1.4013e-44
1.54143e-44
1.68156e-44
1.96182e-44
2.10195e-44
2.10195e-44
1.96182e-44
1.68156e-44
1.4013e-44
9.80909e-45
5.60519e-45
1.4013e-45
-2.8026e-45
-7.00649e-45
-1.12104e-44
-1.4013e-44
-1.82169e-44
-2.10195e-44
-2.24208e-44
-2.24208e-44
-2.10195e-44
-1.96182e-44
-1.68156e-44
-1.4013e-44
-1.12104e-44
-8.40779e-45
-7.00649e-45
-5.60519e-45
-4.2039e-45
-1.4013e-45
0
0
-1.4013e-45
-4.2039e-45
-7.00649e-45
-1.12104e-44
-1.4013e-44
-1.68156e-44
-1.96182e-44
-2.24208e-44
-2.52234e-44
-2.8026e-44
-3.08286e-44
-3.08286e-44
-2.8026e-44
-2.24208e-44
-1.54143e-44
-8.40779e-45
-1.4013e-45
5.60519e-45
1.26117e-44
1.82169e-44
2.38221e-44
2.94273e-44
3.36312e-44
3.78351e-44
4.06377e-44
4.2039e-44
4.2039e-44
4.06377e-44
3.92364e-44
3.64338e-44
3.36312e-44
3.08286e-44
2.8026e-44
2.38221e-44
1.96182e-44
1.54143e-44
9.80909e-45
5.60519e-45
2.8026e-45
1.4013e-45
1.4013e-45
1.4013e-45
2.8026e-45
4.2039e-45
5.60519e-45
7.00649e-45
8.40779e-45
9.80909e-45
9.80909e-45
9.80909e-45
7.00649e-45
2.8026e-45
-2.8026e-45
-9.80909e-45
-1.54143e-44
-2.10195e-44
-2.66247e-44
-3.08286e-44
-3.36312e-44
-3.50325e-44
-3.64338e-44
-3.78351e-44
-4.06377e-44
-4.2039e-44
-4.2039e-44
-4.06377e-44
-3.78351e-44
-3.50325e-44
-3.08286e-44
-2.66247e-44
-2.10195e-44
-1.54143e-44
-9.80909e-45
-4.2039e-45
1.4013e-45
8.40779e-45
1.4013e-44
1.68156e-44
1.82169e-44
1.82169e-44
1.82169e-44
1.68156e-44
1.54143e-44
1.4013e-44
1.26117e-44
1.12104e-44
9.80909e-45
8.40779e-45
5.60519e-45
4.2039e-45
4.2039e-45
5.60519e-45
8.40779e-45
1.12104e-44
1.4013e-44
1.68156e-44
1.96182e-44
2.24208e-44
2.52234e-44
2.8026e-44
2.94273e-44
3.08286e-44
2.94273e-44
2.52234e-44
1.96182e-44
1.26117e-44
5.60519e-45
-1.4013e-45
-8.40779e-45
-1.54143e-44
-2.10195e-44
-2.66247e-44
-3.08286e-44
-3.36312e-44
-3.64338e-44
-3.78351e-44
-3.78351e-44
-3.64338e-44
-3.36312e-44
-3.08286e-44
-2.66247e-44
-2.10195e-44
-1.54143e-44
-9.80909e-45
-4.2039e-45
1.4013e-45
7.00649e-45
1.4013e-44
1.82169e-44
2.10195e-44
2.24208e-44
2.24208e-44
2.24208e-44
2.10195e-44
1.96182e-44
1.82169e-44
1.68156e-44
1.54143e-44
1.4013e-44
1.26117e-44
9.80909e-45
8.40779e-45
8.40779e-45
9.80909e-45
1.12104e-44
1.12104e-44
1.26117e-44
1.4013e-44
1.54143e-44
1.68156e-44
1.82169e-44
1.96182e-44
2.10195e-44
2.38221e-44
2.52234e-44
2.52234e-44
2.38221e-44
2.10195e-44
1.82169e-44
1.4013e-44
9.80909e-45
5.60519e-45
1.4013e-45
-2.8026e-45
-7.00649e-45
-1.12104e-44
-1.54143e-44
-1.82169e-44
-1.96182e-44
-1.96182e-44
-1.82169e-44
-1.68156e-44
-1.4013e-44
-1.12104e-44
-8.40779e-45
-7.00649e-45
-5.60519e-45
-4.2039e-45
-2.8026e-45
0
1.4013e-45
1.4013e-45
0
-2.8026e-45
-5.60519e-45
-9.80909e-45
-1.26117e-44
-1.4013e-44
-1.54143e-44
-1.68156e-44
-1.82169e-44
-1.96182e-44
-2.24208e-44
-2.38221e-44
-2.38221e-44
-2.24208e-44
-1.96182e-44
-1.68156e-44
-1.26117e-44
-8.40779e-45
-5.60519e-45
-2.8026e-45
0
2.8026e-45
5.60519e-45
9.80909e-45
1.12104e-44
9.80909e-45
7.00649e-45
2.8026e-45
-1.4013e-45
-7.00649e-45
-1.26117e-44
-1.68156e-44
-2.10195e-44
-2.52234e-44
-2.94273e-44
-3.22299e-44
-3.50325e-44
-3.50325e-44
-3.36312e-44
-3.08286e-44
-2.66247e-44
-2.10195e-44
-1.4013e-44
-7.00649e-45
-1.4013e-45
4.2039e-45
9.80909e-45
1.4013e-44
1.68156e-44
2.10195e-44
2.38221e-44
2.52234e-44
2.52234e-44
2.38221e-44
2.24208e-44
1.96182e-44
1.68156e-44
1.4013e-44
1.12104e-44
8.40779e-45
7.00649e-45
5.60519e-45
2.8026e-45
1.4013e-45
1.4013e-45
2.8026e-45
5.60519e-45
8.40779e-45
1.26117e-44
1.54143e-44
1.82169e-44
2.10195e-44
2.38221e-44
2.66247e-44
2.8026e-44
2.94273e-44
2.8026e-44
2.38221e-44
1.82169e-44
1.12104e-44
4.2039e-45
-2.8026e-45
-9.80909e-45
-1.54143e-44
-1.96182e-44
-2.38221e-44
-2.8026e-44
-3.08286e-44
-3.36312e-44
-3.36312e-44
-3.22299e-44
-2.94273e-44
-2.38221e-44
-1.82169e-44
-1.12104e-44
-4.2039e-45
1.4013e-45
7.00649e-45
1.26117e-44
1.68156e-44
2.10195e-44
2.66247e-44
2.94273e-44
2.94273e-44
2.66247e-44
2.10195e-44
1.54143e-44
8.40779e-45
2.8026e-45
-2.8026e-45
-8.40779e-45
-1.4013e-44
-1.82169e-44
-2.24208e-44
-2.8026e-44
-3.08286e-44
-3.08286e-44
-2.8026e-44
-2.24208e-44
-1.68156e-44
-9.80909e-45
-2.8026e-45
4.2039e-45
1.12104e-44
1.68156e-44
2.24208e-44
2.8026e-44
3.36312e-44
3.64338e-44
3.78351e-44
3.78351e-44
3.64338e-44
3.50325e-44
3.22299e-44
2.94273e-44
2.52234e-44
2.10195e-44
1.68156e-44
1.26117e-44
8.40779e-45
4.2039e-45
1.4013e-45
0
0
1.4013e-45
2.8026e-45
5.60519e-45
8.40779e-45
1.12104e-44
1.26117e-44
1.4013e-44
1.54143e-44
1.68156e-44
1.96182e-44
2.10195e-44
2.10195e-44
1.96182e-44
1.68156e-44
1.4013e-44
9.80909e-45
5.60519e-45
1.4013e-45
-2.8026e-45
-7.00649e-45
-1.12104e-44
-1.4013e-44
-1.82169e-44
-2.10195e-44
-2.24208e-44
-2.24208e-44
-2.10195e-44
-1.96182e-44
-1.68156e-44
-1.4013e-44
-1.12104e-44
-8.40779e-45
-7.00649e-45
-5.60519e-45
-4.2039e-45
-1.4013e-45
0
0
-1.4013e-45
-4.2039e-45
-7.00649e-45
-1.12104e-44
-1.4013e-44
-1.68156e-44
-1.96182e-44
-2.24208e-44
-2.52234e-44
-2.8026e-44
-3.08286e-44
-3.08286e-44
-2.8026e-44
-2.24208e-44
-1.54143e-44
-8.40779e-45
-1.4013e-45
5.60519e-45
1.26117e-44
1.82169e-44
2.38221e-44
2.94273e-44
3.36312e-44
3.78351e-44
4.06377e-44
4.2039e-44
4.2039e-44
4.06377e-44
3.92364e-44
3.64338e-44
3.36312e-44
3.08286e-44
2.8026e-44
2.38221e-44
1.96182e-44
1.54143e-44
9.80909e-45
5.60519e-45
2.8026e-45
1.4013e-45
1.4013e-45
1.4013e-45
2.8026e-45
4.2039e-45
5.60519e-45
7.00649e-45
8.40779e-45
9.80909e-45
9.80909e-45
9.80909e-45
7.00649e-45
2.8026e-45
-2.8026e-45
-9.80909e-45
-1.54143e-44
-2.10195e-44
-2.66247e-44
-3.08286e-44
-3.36312e-44
-3.50325e-44
-3.64338e-44
-3.78351e-44
-4.06377e-44
-4.2039e-44
-4.2039e-44
-4.06377e-44
-3.78351e-44
-3.50325e-44
-3.08286e-44
-2.66247e-44
-2.10195e-44
-1.54143e-44
-9.80909e-45
-4.2039e-45
1.4013e-45
8.40779e-45
1.4013e-44
1.68156e-44
1.82169e-44
1.82169e-44
1.82169e-44
1.68156e-44
1.54143e-44
1.4013e-44
1.26117e-44
1.12104e-44
9.80909e-45
8.40779e-45
5.60519e-45
4.2039e-45
4.2039e-45
5.60519e-45
8.40779e-45
1.12104e-44
1.4013e-44
1.68156e-44
1.96182e-44
2.24208e-44
2.52234e-44
2.8026e-44
2.94273e-44
3.08286e-44
2.94273e-44
2.52234e-44
1.96182e-44
1.26117e-44
5.60519e-45
-1.4013e-45
-8.40779e-45
-1.54143e-44
-2.10195e-44
-2.66247e-44
-3.08286e-44
-3.36312e-44
-3.64338e-44
-3.78351e-44
-3.78351e-44
-3.64338e-44
-3.36312e-44
-3.08286e-44
-2.66247e-44
-2.10195e-44
-1.54143e-44
-9.80909e-45
-4.2039e-45
1.4013e-45
7.00649e-45
1.4013e-44
1.82169e-44
2.10195e-44
2.24208e-44
2.24208e-44
2.24208e-44
2.10195e-44
1.96182e-44
1.82169e-44
1.68156e-44
1.54143e-44
1.4013e-44
1.26117e-44
9.80909e-45
8.40779e-45
8.40779e-45
9.80909e-45
1.12104e-44
1.12104e-44
1.26117e-44
1.4013e-44
1.54143e-44
1.68156e-44
1.82169e-44
1.96182e-44
2.10195e-44
2.38221e-44
2.52234e-44
2.52234e-44
2.38221e-44
2.10195e-44
1.82169e-44
1.4013e-44
9.80909e-45
5.60519e-45
1.4013e-45
-2.8026e-45
-7.00649e-45
-1.12104e-44
-1.54143e-44
-1.82169e-44
-1.96182e-44
-1.96182e-44
-1.82169e-44
-1.68156e-44
-1.4013e-44
-1.12104e-44
-8.40779e-45
-7.00649e-45
-5.60519e-45
-4.2039e-45
-2.8026e-45
0
1.4013e-45
1.4013e-45
0
-2.8026e-45
-5.60519e-45
-9.80909e-45
-1.26117e-44
-1.4013e-44
-1.54143e-44
-1.68156e-44
-1.82169e-44
-1.96182e-44
-2.24208e-44
-2.38221e-44
-2.38221e-44
-2.24208e-44
-1.96182e-44
-1.68156e-44
-1.26117e-44
-8.40779e-45
-5.60519e-45
-2.8026e-45
0
2.8026e-45
5.60519e-45
9.80909e-45
1.12104e-44
9.80909e-45
7.00649e-45
2.8026e-45
-1.4013e-45
-7.00649e-45
-1.26117e-44
-1.68156e-44
-2.10195e-44
-2.52234e-44
-2.94273e-44
-3.22299e-44
-3.50325e-44
-3.50325e-44
-3.36312e-44
-3.08286e-44
-2.66247e-44
-2.10195e-44
-1.4013e-44
-7.00649e-45
-1.4013e-45
4.2039e-45
9.80909e-45
1.4013e-44
1.68156e-44
2.10195e-44
2.38221e-44
2.52234e-44
2.52234e-44
2.38221e-44
2.24208e-44
1.96182e-44
1.68156e-44
1.4013e-44
1.12104e-44
8.40779e-45
7.00649e-45
5.60519e-45
2.8026e-45
1.4013e-45
1.4013e-45
2.8026e-45
5.60519e-45
8.40779e-45
1.26117e-44
1.54143e-44
1.82169e-44
2.10195e-44
2.38221e-44
2.66247e-44
2.8026e-44
2.94273e-44
2.8026e-44
2.38221e-44
1.82169e-44
1.12104e-44
4.2039e-45
-2.8026e-45
-9.80909e-45
-1.54143e-44
-1.96182e-44
-2.38221e-44
-2.8026e-44
-3.08286e-44
-3.36312e-44
-3.36312e-44
-3.22299e-44
-2.94273e-44
-2.38221e-44
-1.82169e-44
-1.12104e-44
-4.2039e-45
1.4013e-45
7.00649e-45
1.26117e-44
1.68156e-44
2.10195e-44
2.66247e-44
2.94273e-44
2.94273e-44
2.66247e-44
2.10195e-44
1.54143e-44
8.40779e-45
2.8026e-45
-2.8026e-45
-8.40779e-45
-1.4013e-44
-1.82169e-44
-2.24208e-44
-2.8026e-44
-3.08286e-44
-3.08286e-44
-2.8026e-44
-2.24208e-44
-1.68156e-44
-9.80909e-45
-2.8026e-45
4.2039e-45
1.12104e-44
1.68156e-44
2.24208e-44
2.8026e-44
3.36312e-44
3.64338e-44
3.78351e-44
3.78351e-44
3.64338e-44
3.50325e-44
3.22299e-44
2.94273e-44
2.52234e-44
2.10195e-44
1.68156e-44
1.26117e-44
8.40779e-45
4.2039e-45
1.4013e-45
0
0
1.4013e-45
2.8026e-45
5.60519e-45
8.40779e-45
1.12104e-44
1.26117e-44
1.4013e-44
1.54143e-44
1.68156e-44
1.96182e-44
2.10195e-44
2.10195e-44
1.96182e-44
1.68156e-44
1.4013e-44
9.80909e-45
5.60519e-45
1.4013e-45
-2.8026e-45
-7.00649e-45
-1.12104e-44
-1.4013e-44
-1.82169e-44
-2.10195e-44
-2.24208e-44
-2.24208e-44
-2.10195e-44
-1.96182e-44
-1.68156e-44
-1.4013e-44
-1.12104e-44
-8.40779e-45
-7.00649e-45
-5.60519e-45
-4.2039e-45
-1.4013e-45
0
0
-1.4013e-45
-4.2039e-45
-7.00649e-45
-1.12104e-44
-1.4013e-44
-1.68156e-44
-1.96182e-44
-2.24208e-44
-2.52234e-44
-2.8026e-44
-3.08286e-44
-3.08286e-44
-2.8026e-44
-2.24208e-44
-1.54143e-44
-8.40779e-45
-1.4013e-45
5.60519e-45
1.26117e-44
1.82169e-44
2.38221e-44
2.94273e-44
3.36312e-44
3.78351e-44
4.06377e-44
4.2039e-44
4.2039e-44
4.06377e-44
3.92364e-44
3.64338e-44
3.36312e-44
3.08286e-44
2.8026e-44
2.38221e-44
1.96182e-44
1.54143e-44
9.80909e-45
5.60519e-45
2.8026e-45
1.4013e-45
1.4013e-45
1.4013e-45
2.8026e-45
4.2039e-45
5.60519e-45
7.00649e-45
8.40779e-45
9.80909e-45
9.80909e-45
9.80909e-45
7.00649e-45
2.8026e-45
-2.8026e-45
-9.80909e-45
-1.54143e-44
-2.10195e-44
-2.66247e-44
-3.08286e-44
-3.36312e-44
-3.50325e-44
-3.64338e-44
-3.78351e-44
-4.06377e-44
-4.2039e-44
-4.2039e-44
-4.06377e-44
-3.78351e-44
-3.50325e-44
-3.08286e-44
-2.66247e-44
-2.10195e-44
-1.54143e-44
-9.80909e-45
-4.2039e-45
1.4013e-45
8.40779e-45
1.4013e-44
1.68156e-44
1.82169e-44
1.82169e-44
1.82169e-44
1.68156e-44
1.54143e-44
1.4013e-44
1.26117e-44
1.12104e-44
9.80909e-45
8.40779e-45
5.60519e-45
4.2039e-45
4.2039e-45
5.60519e-45
8.40779e-45
1.12104e-44
1.4013e-44
1.68156e-44
1.96182e-44
2.24208e-44
2.52234e-44
2.8026e-44
2.94273e-44
3.08286e-44
2.94273e-44
2.52234e-44
1.96182e-44
1.26117e-44
5.60519e-45
-1.4013e-45
-8.40779e-45
-1.54143e-44
-2.10195e-44
-2.66247e-44
-3.08286e-44
-3.36312e-44
-3.64338e-44
-3.78351e-44
-3.78351e-44
-3.64338e-44
-3.36312e-44
-3.08286e-44
-2.66247e-44
-2.10195e-44
-1.54143e-44
-9.80909e-45
-4.2039e-45
1.4013e-45
7.00649e-45
1.4013e-44
1.82169e-44
2.10195e-44
2.24208e-44
2.24208e-44
2.24208e-44
2.10195e-44
1.96182e-44
1.82169e-44
1.68156e-44
1.54143e-44
1.4013e-44
1.26117e-44
9.80909e-45
8.40779e-45
8.40779e-45
9.80909e-45
1.12104e-44
1.12104e-44
1.26117e-44
1.4013e-44
1.54143e-44
1.68156e-44
1.82169e-44
1.96182e-44
2.10195e-44
2.38221e-44
2.52234e-44
2.52234e-44
2.38221e-44
2.10195e-44
1.82169e-44
1.4013e-44
9.80909e-45
5.60519e-45
1.4013e-45
-2.8026e-45
-7.00649e-45
-1.12104e-44
-1.54143e-44
-1.82169e-44
-1.96182e-44
-1.96182e-44
-1.82169e-44
-1.68156e-44
-1.4013e-44
-1.12104e-44
-8.40779e-45
-7.00649e-45
-5.60519e-45
-4.2039e-45
-2.8026e-45
0
1.4013e-45
1.4013e-45
0
-2.8026e-45
-5.60519e-45
-9.80909e-45
-1.26117e-44
-1.4013e-44
-1.54143e-44
-1.68156e-44
-1.82169e-44
-1.96182e-44
-2.24208e-44
-2.38221e-44
-2.38221e-44
-2.24208e-44
-1.96182e-44
-1.68156e-44
-1.26117e-44
-8.40779e-45
-5.60519e-45
-2.8026e-45
0
2.8026e-45
5.60519e-45
9.80909e-45
1.12104e-44
9.80909e-45
7.00649e-45
2.8026e-45
-1.4013e-45
-7.00649e-45
-1.26117e-44
-1.68156e-44
-2.10195e-44
-2.52234e-44
-2.94273e-44
-3.22299e-44
-3.50325e-44
-3.50325e-44
-3.36312e-44
-3.08286e-44
-2.66247e-44
-2.10195e-44
-1.4013e-44
-7.00649e-45
-1.4013e-45
4.2039e-45
9.80909e-45
1.4013e-44
1.68156e-44
2.10195e-44
2.38221e-44
2.52234e-44
2.52234e-44
2.38221e-44
2.24208e-44
1.96182e-44
1.68156e-44
1.4013e-44
1.12104e-44
8.40779e-45
7.00649e-45
5.60519e-45
2.8026e-45
1.4013e-45
1.4013e-45
2.8026e-45
5.60519e-45
8.40779e-45
1.26117e-44
1.54143e-44
1.82169e-44
2.10195e-44
2.38221e-44
2.66247e-44
2.8026e-44
2.94273e-44
2.8026e-44
2.38221e-44
1.82169e-44
1.12104e-44
4.2039e-45
-2.8026e-45
-9.80909e-45
-1.54143e-44
-1.96182e-44
-2.38221e-44
-2.8026e-44
-3.08286e-44
-3.36312e-44
-3.36312e-44
-3.22299e-44
-2.94273e-44
-2.38221e-44
-1.82169e-44
-1.12104e-44
-4.2039e-45
1.4013e-45
7.00649e-45
1.26117e-44
1.68156e-44
2.10195e-44
2.66247e-44
2.94273e-44
2.94273e-44
2.66247e-44
2.10195e-44
1.54143e-44
8.40779e-45
2.8026e-45
-2.8026e-45
-8.40779e-45
-1.4013e-44
-1.82169e-44
-2.24208e-44
-2.8026e-44
-3.08286e-44
-3.08286e-44
-2.8026e-44
-2.24208e-44
-1.68156e-44
-9.80909e-45
-2.8026e-45
4.2039e-45
1.12104e-44
1.68156e-44
2.24208e-44
2.8026e-44
3.36312e-44
3.64338e-44
3.78351e-44
3.78351e-44
3.64338e-44
3.50325e-44
3.22299e-44
2.94273e-44
2.52234e-44
2.10195e-44
1.68156e-44
1.26117e-44
8.40779e-45
4.2039e-45
1.4013e-45
0
0
1.4013e-45
2.8026e-45
5.60519e-45
8.40779e-45
1.12104e-44
1.26117e-44
1.4013e-44
1.54143e-44
1.68156e-44
1.96182e-44
2.10195e-44
2.10195e-44
1.96182e-44
1.68156e-44
1.4013e-44
9.80909e-45
5.60519e-45
1.4013e-45
-2.8026e-45
-7.00649e-45
-1.12104e-44
-1.4013e-44
-1.82169e-44
-2.10195e-44
-2.24208e-44
-2.24208e-44
-2.10195e-44
-1.96182e-44
-1.68156e-44
-1.4013e-44
-1.12104e-44
-8.40779e-45
-7.00649e-45
-5.60519e-45
-4.2039e-45
-1.4013e-45
0
0
-1.4013e-45
-4.2039e-45
-7.00649e-45
-1.12104e-44
-1.4013e-44
-1.68156e-44
-1.96182e-44
-2.24208e-44
-2.52234e-44
-2.8026e-44
-3.08286e-44
-3.08286e-44
-2.8026e-44
-2.24208e-44
-1.54143e-44
-8.40779e-45
-1.4013e-45
5.60519e-45
1.26117e-44
1.82169e-44
2.38221e-44
2.94273e-44
3.36312e-44
3.78351e-44
4.06377e-44
4.2039e-44
4.2039e-44
4.06377e-44
3.92364e-44
3.64338e-44
3.36312e-44
3.08286e-44
2.8026e-44
2.38221e-44
1.96182e-44
1.54143e-44
9.80909e-45
5.60519e-45
2.8026e-45
1.4013e-45
1.4013e-45
1.4013e-45
2.8026e-45
4.2039e-45
5.60519e-45
7.00649e-45
8.40779e-45
9.80909e-45
9.80909e-45
9.80909e-45
7.00649e-45
2.8026e-45
-2.8026e-45
-9.80909e-45
-1.54143e-44
-2.10195e-44
-2.66247e-44
-3.08286e-44
-3.36312e-44
-3.50325e-44
-3.64338e-44
-3.78351e-44
-4.06377e-44
-4.2039e-44
-4.2039e-44
-4.06377e-44
-3.78351e-44
-3.50325e-44
-3.08286e-44
-2.66247e-44
-2.10195e-44
-1.54143e-44
-9.80909e-45
-4.2039e-45
1.4013e-45
8.40779e-45
1.4013e-44
1.68156e-44
1.82169e-44
1.82169e-44
1.82169e-44
1.68156e-44
1.54143e-44
1.4013e-44
1.26117e-44
1.12104e-44
9.80909e-45
8.40779e-45
5.60519e-45
4.2039e-45
4.2039e-45
5.60519e-45
8.40779e-45
1.12104e-44
1.4013e-44
1.68156e-44
1.96182e-44
2.24208e-44
2.52234e-44
2.8026e-44
2.94273e-44
3.08286e-44
2.94273e-44
2.52234e-44
1.96182e-44
1.26117e-44
5.60519e-45
-1.4013e-45
-8.40779e-45
-1.54143e-44
-2.10195e-44
-2.66247e-44
-3.08286e-44
-3.36312e-44
-3.64338e-44
-3.78351e-44
-3.78351e-44
-3.64338e-44
-3.36312e-44
-3.08286e-44
-2.66247e-44
-2.10195e-44
-1.54143e-44
-9.80909e-45
-4.2039e-45
1.4013e-45
7.00649e-45
1.4013e-44
1.82169e-44
2.10195e-44
2.24208e-44
2.24208e-44
2.24208e-44
2.10195e-44
1.96182e-44
1.82169e-44
1.68156e-44
1.54143e-44
1.4013e-44
1.26117e-44
9.80909e-45
8.40779e-45
8.40779e-45
9.80909e-45
1.12104e-44
1.12104e-44
1.26117e-44
1.4013e-44
1.54143e-44
1.68156e-44
1.82169e-44
1.96182e-44
2.10195e-44
2.38221e-44
2.52234e-44
2.52234e-44
2.38221e-44
2.10195e-44
1.82169e-44
1.4013e-44
9.80909e-45
5.60519e-45
1.4013e-45
-2.8026e-45
-7.00649e-45
-1.12104e-44
-1.54143e-44
-1.82169e-44
-1.96182e-44
-1.96182e-44
-1.82169e-44
-1.68156e-44
-1.4013e-44
-1.12104e-44
-8.40779e-45
-7.00649e-45
-5.60519e-45
-4.2039e-45
-2.8026e-45
0
1.4013e-45
1.4013e-45
0
-2.8026e-45
-5.60519e-45
-9.80909e-45
-1.26117e-44
-1.4013e-44
-1.54143e-44
-1.68156e-44
-1.82169e-44
-1.96182e-44
-2.24208e-44
-2.38221e-44
-2.38221e-44
-2.24208e-44
-1.96182e-44
-1.68156e-44
-1.26117e-44
-8.40779e-45
-5.60519e-45
-2.8026e-45
0
2.8026e-45
5.60519e-45
9.80909e-45
1.12104e-44
9.80909e-45
7.00649e-45
2.8026e-45
-1.4013e-45
-7.00649e-45
-1.26117e-44
-1.68156e-44
-2.10195e-44
-2.52234e-44
-2.94273e-44
-3.22299e-44
-3.50325e-44
-3.50325e-44
-3.36312e-44
-3.08286e-44
-2.66247e-44
-2.10195e-44
-1.4013e-44
-7.00649e-45
-1.4013e-45
4.2039e-45
9.80909e-45
1.4013e-44
1.68156e-44
2.10195e-44
2.38221e-44
2.52234e-44
2.52234e-44
2.38221e-44
2.24208e-44
1.96182e-44
1.68156e-44
1.4013e-44
1.12104e-44
8.40779e-45
7.00649e-45
5.60519e-45
2.8026e-45
1.4013e-45
1.4013e-45
2.8026e-45
5.60519e-45
8.40779e-45
1.26117e-44
1.54143e-44
1.82169e-44
2.10195e-44
2.38221e-44
2.66247e-44
2.8026e-44
2.94273e-44
2.8026e-44
2.38221e-44
1.82169e-44
1.12104e-44
4.2039e-45
-2.8026e-45
-9.80909e-45
-1.54143e-44
-1.96182e-44
-2.38221e-44
-2.8026e-44
-3.08286e-44
-3.36312e-44
-3.36312e-44
-3.22299e-44
-2.94273e-44
-2.38221e-44
-1.82169e-44
-1.12104e-44
-4.2039e-45
1.4013e-45
7.00649e-45
1.26117e-44
1.68156e-44
2.10195e-44
2.66247e-44
2.94273e-44
2.94273e-44
2.66247e-44
2.10195e-44
1.54143e-44
8.40779e-45
2.8026e-45
-2.8026e-45
-8.40779e-45
-1.4013e-44
-1.82169e-44
-2.24208e-44
-2.8026e-44
-3.08286e-44
-3.08286e-44
-2.8026e-44
-2.24208e-44
-1.68156e-44
-9.80909e-45
-2.8026e-45
4.2039e-45
1.12104e-44
1.68156e-44
2.24208e-44
2.8026e-44
3.36312e-44
3.64338e-44
3.78351e-44
3.78351e-44
3.64338e-44
3.50325e-44
3.22299e-44
2.94273e-44
2.52234e-44
2.10195e-44
1.68156e-44
1.26117e-44
8.40779e-45
4.2039e-45
1.4013e-45
0
0
1.4013e-45
2.8026e-45
5.60519e-45
8.40779e-45
1.12104e-44
1.26117e-44
1.4013e-44
1.54143e-44
1.68156e-44
1.96182e-44
2.10195e-44
2.10195e-44
1.96182e-44
1.68156e-44
1.4013e-44
9.80909e-45
5.60519e-45
1.4013e-45
-2.8026e-45
-7.00649e-45
-1.12104e-44
-1.4013e-44
-1.82169e-44
-2.10195e-44
-2.24208e-44
-2.24208e-44
-2.10195e-44
-1.96182e-44
-1.68156e-44
-1.4013e-44
-1.12104e-44
-8.40779e-45
-7.00649e-45
-5.60519e-45
-4.2039e-45
-1.4013e-45
0
0
-1.4013e-45
-4.2039e-45
-7.00649e-45
-1.12104e-44
-1.4013e-44
-1.68156e-44
-1.96182e-44
-2.24208e-44
-2.52234e-44
-2.8026e-44
-3.08286e-44
-3.08286e-44
-2.8026e-44
-2.24208e-44
-1.54143e-44
-8.40779e-45
-1.4013e-45
5.60519e-45
1.26117e-44
1.82169e-44
2.38221e-44
2.94273e-44
3.36312e-44
3.78351e-44
4.06377e-44
4.2039e-44
4.2039e-44
4.06377e-44
3.92364e-44
3.64338e-44
3.36312e-44
3.08286e-44
2.8026e-44
2.38221e-44
1.96182e-44
1.54143e-44
9.80909e-45
5.60519e-45
2.8026e-45
1.4013e-45
1.4013e-45
1.4013e-45
2.8026e-45
4.2039e-45
5.60519e-45
7.00649e-45
8.40779e-45
9.80909e-45
9.80909e-45
9.80909e-45
7.00649e-45
2.8026e-45
-2.8026e-45
-9.80909e-45
-1.54143e-44
-2.10195e-44
-2.66247e-44
-3.08286e-44
-3.36312e-44
-3.50325e-44
-3.64338e-44
-3.78351e-44
-4.06377e-44
-4.2039e-44
-4.2039e-44
-4.06377e-44
-3.78351e-44
-3.50325e-44
-3.08286e-44
-2.66247e-44
-2.10195e-44
-1.54143e-44
-9.80909e-45
-4.2039e-45
1.4013e-45
8.40779e-45
1.4013e-44
1.68156e-44
1.82169e-44
1.82169e-44
1.82169e-44
1.68156e-44
1.54143e-44
1.4013e-44
1.26117e-44
1.12104e-44
9.80909e-45
8.40779e-45
5.60519e-45
4.2039e-45
4.2039e-45
5.60519e-45
8.40779e-45
1.12104e-44
1.4013e-44
1.68156e-44
1.96182e-44
2.24208e-44
2.52234e-44
2.8026e-44
2.94273e-44
3.08286e-44
2.94273e-44
2.52234e-44
1.96182e-44
1.26117e-44
5.60519e-45
-1.4013e-45
-8.40779e-45
-1.54143e-44
-2.10195e-44
-2.66247e-44
-3.08286e-44
-3.36312e-44
-3.64338e-44
-3.78351e-44
-3.78351e-44
-3.64338e-44
-3.36312e-44
-3.08286e-44
-2.66247e-44
-2.10195e-44
-1.54143e-44
-9.80909e-45
-4.2039e-45
1.4013e-45
7.00649e-45
1.4013e-44
1.82169e-44
2.10195e-44
2.24208e-44
2.24208e-44
2.24208e-44
2.10195e-44
1.96182e-44
1.82169e-44
1.68156e-44
1.54143e-44
1.4013e-44
1.26117e-44
9.80909e-45
8.40779e-45
8.40779e-45
9.80909e-45
1.12104e-44
1.12104e-44
1.26117e-44
1.4013e-44
1.54143e-44
1.68156e-44
1.82169e-44
1.96182e-44
2.10195e-44
2.38221e-44
2.52234e-44
2.52234e-44
2.38221e-44
2.10195e-44
1.82169e-44
1.4013e-44
9.80909e-45
5.60519e-45
1.4013e-45
-2.8026e-45
-7.00649e-45
-1.12104e-44
-1.54143e-44
-1.82169e-44
-1.96182e-44
-1.96182e-44
-1.82169e-44
-1.68156e-44
-1.4013e-44
-1.12104e-44
-8.40779e-45
-7.00649e-45
-5.60519e-45
-4.2039e-45
-2.8026e-45
0
1.4013e-45
1.4013e-45
0
-2.8026e-45
-5.60519e-45
-9.80909e-45
-1.26117e-44
-1.4013e-44
-1.54143e-44
-1.68156e-44
-1.82169e-44
-1.96182e-44
-2.24208e-44
-2.38221e-44
-2.38221e-44
-2.24208e-44
-1.96182e-44
-1.68156e-44
-1.26117e-44
-8.40779e-45
-5.60519e-45
-2.8026e-45
0
2.8026e-45
5.60519e-45
9.80909e-45
1.12104e-44
9.80909e-45
7.00649e-45
2.8026e-45
-1.4013e-45
-7.00649e-45
-1.26117e-44
-1.68156e-44
-2.10195e-44
-2.52234e-44
-2.94273e-44
-3.22299e-44
-3.50325e-44
-3.50325e-44
-3.36312e-44
-3.08286e-44
-2.66247e-44
-2.10195e-44
-1.4013e-44
-7.00649e-45
-1.4013e-45
4.2039e-45
9.80909e-45
1.4013e-44
1.68156e-44
2.10195e-44
2.38221e-44
2.52234e-44
2.52234e-44
2.38221e-44
2.24208e-44
1.96182e-44
1.68156e-44
1.4013e-44
1.12104e-44
8.40779e-45
7.00649e-45
5.60519e-45
2.8026e-45
1.4013e-45
1.4013e-45
2.8026e-45
5.60519e-45
8.40779e-45
1.26117e-44
1.54143e-44
1.82169e-44
2.10195e-44
2.38221e-44
2.66247e-44
2.8026e-44
2.94273e-44
2.8026e-44
2.38221e-44
1.82169e-44
1.12104e-44
4.2039e-45
-2.8026e-45
-9.80909e-45
-1.54143e-44
-1.96182e-44
-2.38221e-44
-2.8026e-44
-3.08286e-44
-3.36312e-44
-3.36312e-44
-3.22299e-44
-2.94273e-44
-2.38221e-44
-1.82169e-44
-1.12104e-44
-4.2039e-45
1.4013e-45
7.00649e-45
1.26117e-44
1.68156e-44
2.10195e-44
2.66247e-44
2.94273e-44
2.94273e-44
2.66247e-44
2.10195e-44
1.54143e-44
8.40779e-45
2.8026e-45
-2.8026e-45
-8.40779e-45
-1.4013e-44
-1.82169e-44
-2.24208e-44
-2.8026e-44
-3.08286e-44
-3.08286e-44
-2.8026e-44
-2.24208e-44
-1.68156e-44
-9.80909e-45
-2.8026e-45
4.2039e-45
1.12104e-44
1.68156e-44
2.24208e-44
2.8026e-44
3.36312e-44
3.64338e-44
3.78351e-44
3.78351e-44
3.64338e-44
3.50325e-44
3.22299e-44
2.94273e-44
2.52234e-44
2.10195e-44
1.68156e-44
1.26117e-44
8.40779e-45
4.2039e-45
1.4013e-45
0
0
1.4013e-45
2.8026e-45
5.60519e-45
8.40779e-45
1.12104e-44
1.26117e-44
1.4013e-44
1.54143e-44
1.68156e-44
1.96182e-44
2.10195e-44
2.10195e-44
1.96182e-44
1.68156e-44
1.4013e-44
9.80909e-45
5.60519e-45
1.4013e-45
-2.8026e-45
-7.00649e-45
-1.12104e-44
-1.4013e-44
-1.82169e-44
-2.10195e-44
-2.24208e-44
-2.24208e-44
-2.10195e-44
-1.96182e-44
-1.68156e-44
-1.4013e-44
-1.12104e-44
-8.40779e-45
-7.00649e-45
-5.60519e-45
-4.2039e-45
-1.4013e-45
0
0
-1.4013e-45
-4.2039e-45
-7.00649e-45
-1.12104e-44
-1.4013e-44
-1.68156e-44
-1.96182e-44
-2.24208e-44
-2.52234e-44
-2.8026e-44
-3.08286e-44
-3.08286e-44
-2.8026e-44
-2.24208e-44
-1.54143e-44
-8.40779e-45
-1.4013e-45
5.60519e-45
1.26117e-44
1.82169e-44
2.38221e-44
2.94273e-44
3.36312e-44
3.78351e-44
4.06377e-44
4.2039e-44
4.2039e-44
4.06377e-44
3.92364e-44
3.64338e-44
3.36312e-44
3.08286e-44
2.8026e-44
2.38221e-44
1.96182e-44
1.54143e-44
9.80909e-45
5.60519e-45
2.8026e-45
1.4013e-45
1.4013e-45
1.4013e-45
2.8026e-45
4.2039e-45
5.60519e-45
7.00649e-45
8.40779e-45
9.80909e-45
9.80909e-45
9.80909e-45
7.00649e-45
2.8026e-45
-2.8026e-45
-9.80909e-45
-1.54143e-44
-2.10195e-44
-2.66247e-44
-3.08286e-44
-3.36312e-44
-3.50325e-44
-3.64338e-44
-3.78351e-44
-4.06377e-44
-4.2039e-44
-4.2039e-44
-4.06377e-44
-3.78351e-44
-3.50325e-44
-3.08286e-44
-2.66247e-44
-2.10195e-44
-1.54143e-44
-9.80909e-45
-4.2039e-45
1.4013e-45
8.40779e-45
1.4013e-44
1.68156e-44
1.82169e-44
1.82169e-44
1.82169e-44
1.68156e-44
1.54143e-44
1.4013e-44
1.26117e-44
1.12104e-44
9.80909e-45
8.40779e-45
5.60519e-45
4.2039e-45
4.2039e-45
5.60519e-45
8.40779e-45
1.12104e-44
1.4013e-44
1.68156e-44
1.96182e-44
2.24208e-44
2.52234e-44
2.8026e-44
2.94273e-44
3.08286e-44
2.94273e-44
2.52234e-44
1.96182e-44
1.26117e-44
5.60519e-45
-1.4013e-45
-8.40779e-45
-1.54143e-44
-2.10195e-44
-2.66247e-44
-3.08286e-44
-3.36312e-44
-3.64338e-44
-3.78351e-44
-3.78351e-44
-3.64338e-44
-3.36312e-44
-3.08286e-44
-2.66247e-44
-2.10195e-44
-1.54143e-44
-9.80909e-45
-4.2039e-45
1.4013e-45
7.00649e-45
1.4013e-44
1.82169e-44
2.10195e-44
2.24208e-44
2.24208e-44
2.24208e-44
2.10195e-44
1.96182e-44
1.82169e-44
1.68156e-44
1.54143e-44
1.4013e-44
1.26117e-44
9.80909e-45
8.40779e-45
8.40779e-45
9.80909e-45
1.12104e-44
1.12104e-44
1.26117e-44
1.4013e-44
1.54143e-44
1.68156e-44
1.82169e-44
1.96182e-44
2.10195e-44
2.38221e-44
2.52234e-44
2.52234e-44
2.38221e-44
2.10195e-44
1.82169e-44
1.4013e-44
9.80909e-45
5.60519e-45
1.4013e-45
-2.8026e-45
-7.00649e-45
-1.12104e-44
-1.54143e-44
-1.82169e-44
-1.96182e-44
-1.96182e-44
-1.82169e-44
-1.68156e-44
-1.4013e-44
-1.12104e-44
-8.40779e-45
-7.00649e-45
-5.60519e-45
-4.2039e-45
-2.8026e-45
0
1.4013e-45
1.4013e-45
0
-2.8026e-45
-5.60519e-45
-9.80909e-45
-1.26117e-44
-1.4013e-44
-1.54143e-44
-1.68156e-44
-1.82169e-44
-1.96182e-44
-2.24208e-44
-2.38221e-44
-2.38221e-44
-2.24208e-44
-1.96182e-44
-1.68156e-44
-1.26117e-44
-8.40779e-45
-5.60519e-45
-2.8026e-45
0
2.8026e-45
5.60519e-45
9.80909e-45
1.12104e-44
9.80909e-45
7.00649e-45
2.8026e-45
-1.4013e-45
-7.00649e-45
-1.26117e-44
-1.68156e-44
-2.10195e-44
-2.52234e-44
-2.94273e-44
-3.22299e-44
-3.50325e-44
-3.50325e-44
-3.36312e-44
-3.08286e-44
-2.66247e-44
-2.10195e-44
-1.4013e-44
-7.00649e-45
-1.4013e-45
4.2039e-45
9.80909e-45
1.4013e-44
1.68156e-44
2.10195e-44
2.38221e-44
2.52234e-44
2.52234e-44
2.38221e-44
2.24208e-44
1.96182e-44
1.68156e-44
1.4013e-44
1.12104e-44
8.40779e-45
7.00649e-45
5.60519e-45
2.8026e-45
1.4013e-45
1.4013e-45
2.8026e-45
5.60519e-45
8.40779e-45
1.26117e-44
1.54143e-44
1.82169e-44
2.10195e-44
2.38221e-44
2.66247e-44
2.8026e-44
2.94273e-44
2.8026e-44
2.38221e-44
1.82169e-44
1.12104e-44
4.2039e-45
-2.8026e-45
-9.80909e-45
-1.54143e-44
-1.96182e-44
-2.38221e-44
-2.8026e-44
-3.08286e-44
-3.36312e-44
-3.36312e-44
-3.22299e-44
-2.94273e-44
-2.38221e-44
-1.82169e-44
-1.12104e-44
-4.2039e-45
1.4013e-45
7.00649e-45
1.26117e-44
1.68156e-44
2.10195e-44
2.66247e-44
2.94273e-44
2.94273e-44
2.66247e-44
2.10195e-44
1.54143e-44
8.40779e-45
2.8026e-45
-2.8026e-45
-8.40779e-45
-1.4013e-44
-1.82169e-44
-2.24208e-44
-2.8026e-44
-3.08286e-44
-3.08286e-44
-2.8026e-44
-2.24208e-44
-1.68156e-44
-9.80909e-45
-2.8026e-45
4.2039e-45
1.12104e-44
1.68156e-44
2.24208e-44
2.8026e-44
3.36312e-44
3.64338e-44
3.78351e-44
3.78351e-44
3.64338e-44
3.50325e-44
3.22299e-44
2.94273e-44
2.52234e-44
2.10195e-44
1.68156e-44
1.26117e-44
8.40779e-45
4.2039e-45
1.4013e-45
0
0
1.4013e-45
2.8026e-45
5.60519e-45
8.40779e-45
1.12104e-44
1.26117e-44
1.4013e-44
1.54143e-44
1.68156e-44
1.96182e-44
2.10195e-44
2.10195e-44
1.96182e-44
1.68156e-44
1.4013e-44
9.80909e-45
5.60519e-45
1.4013e-45
-2.8026e-45
-7.00649e-45
-1.12104e-44
-1.4013e-44
-1.82169e-44
-2.10195e-44
-2.24208e-44
-2.24208e-44
-2.10195e-44
-1.96182e-44
-1.68156e-44
-1.4013e-44
-1.12104e-44
-8.40779e-45
-7.00649e-45
-5.60519e-45
-4.2039e-45
-1.4013e-45
0
0
-1.4013e-45
-4.2039e-45
-7.00649e-45
-1.12104e-44
-1.4013e-44
-1.68156e-44
-1.96182e-44
-2.24208e-44
-2.52234e-44
-2.8026e-44
-3.08286e-44
-3.08286e-44
-2.8026e-44
-2.24208e-44
-1.54143e-44
-8.40779e-45
-1.4013e-45
5.60519e-45
1.26117e-44
1.82169e-44
2.38221e-44
2.94273e-44
3.36312e-44
3.78351e-44
4.06377e-44
4.2039e-44
4.2039e-44
4.06377e-44
3.92364e-44
3.64338e-44
3.36312e-44
3.08286e-44
2.8026e-44
2.38221e-44
1.96182e-44
1.54143e-44
9.80909e-45
5.60519e-45
2.8026e-45
1.4013e-45
1.4013e-45
1.4013e-45
2.8026e-45
4.2039e-45
5.60519e-45
7.00649e-45
8.40779e-45
9.80909e-45
9.80909e-45
9.80909e-45
7.00649e-45
2.8026e-45
-2.8026e-45
-9.80909e-45
-1.54143e-44
-2.10195e-44
-2.66247e-44
-3.08286e-44
-3.36312e-44
-3.50325e-44
-3.64338e-44
-3.78351e-44
-4.06377e-44
-4.2039e-44
-4.2039e-44
-4.06377e-44
-3.78351e-44
-3.50325e-44
-3.08286e-44
-2.66247e-44
-2.10195e-44
-1.54143e-44
-9.80909e-45
-4.2039e-45
1.4013e-45
8.40779e-45
1.4013e-44
1.68156e-44
1.82169e-44
1.82169e-44
1.82169e-44
1.68156e-44
1.54143e-44
1.4013e-44
1.26117e-44
1.12104e-44
9.80909e-45
8.40779e-45
5.60519e-45
4.2039e-45
4.2039e-45
5.60519e-45
8.40779e-45
1.12104e-44
1.4013e-44
1.68156e-44
1.96182e-44
2.24208e-44
2.52234e-44
2.8026e-44
2.94273e-44
3.08286e-44
2.94273e-44
2.52234e-44
1.96182e-44
1.26117e-44
5.60519e-45
-1.4013e-45
-8.40779e-45
-1.54143e-44
-2.10195e-44
-2.66247e-44
-3.08286e-44
-3.36312e-44
-3.64338e-44
-3.78351e-44
-3.78351e-44
-3.64338e-44
-3.36312e-44
-3.08286e-44
-2.66247e-44
-2.10195e-44
-1.54143e-44
-9.80909e-45
-4.2039e-45
1.4013e-45
7.00649e-45
1.4013e-44
1.82169e-44
2.10195e-44
2.24208e-44
2.24208e-44
2.24208e-44
2.10195e-44
1.96182e-44
1.82169e-44
1.68156e-44
1.54143e-44
1.4013e-44
1.26117e-44
9.80909e-45
8.40779e-45
8.40779e-45
9.80909e-45
1.12104e-44
1.12104e-44
1.26117e-44
1.4013e-44
1.54143e-44
1.68156e-44
1.82169e-44
1.96182e-44
2.10195e-44
2.38221e-44
2.52234e-44
2.52234e-44
2.38221e-44
2.10195e-44
1.82169e-44
1.4013e-44
9.80909e-45
5.60519e-45
1.4013e-45
-2.8026e-45
-7.00649e-45
-1.12104e-44
-1.54143e-44
-1.82169e-44
-1.96182e-44
-1.96182e-44
-1.82169e-44
-1.68156e-44
-1.4013e-44
-1.12104e-44
-8.40779e-45
-7.00649e-45
-5.60519e-45
-4.2039e-45
-2.8026e-45
0
1.4013e-45
1.4013e-45
0
-2.8026e-45
-5.60519e-45
-9.80909e-45
-1.26117e-44
-1.4013e-44
-1.54143e-44
-1.68156e-44
-1.82169e-44
-1.96182e-44
-2.24208e-44
-2.38221e-44
-2.38221e-44
-2.24208e-44
-1.96182e-44
-1.68156e-44
-1.26117e-44
-8.40779e-45
-5.60519e-45
-2.8026e-45
0
2.8026e-45
5.60519e-45
9.80909e-45
1.12104e-44
9.80909e-45
7.00649e-45
2.8026e-45
-1.4013e-45
-7.00649e-45
-1.26117e-44
-1.68156e-44
-2.10195e-44
-2.52234e-44
-2.94273e-44
-3.22299e-44
-3.50325e-44
-3.50325e-44
-3.36312e-44
-3.08286e-44
-2.66247e-44
-2.10195e-44
-1.4013e-44
-7.00649e-45
-1.4013e-45
4.2039e-45
9.80909e-45
1.4013e-44
1.68156e-44
2.10195e-44
2.38221e-44
2.52234e-44
2.52234e-44
2.38221e-44
2.24208e-44
1.96182e-44
1.68156e-44
1.4013e-44
1.12104e-44
8.40779e-45
7.00649e-45
5.60519e-45
2.8026e-45
1.4013e-45
1.4013e-45
2.8026e-45
5.60519e-45
8.40779e-45
1.26117e-44
1.54143e-44
1.82169e-44
2.10195e-44
2.38221e-44
2.66247e-44
2.8026e-44
2.94273e-44
2.8026e-44
2.38221e-44
1.82169e-44
1.12104e-44
4.2039e-45
-2.8026e-45
-9.80909e-45
-1.54143e-44
-1.96182e-44
-2.38221e-44
-2.8026e-44
-3.08286e-44
-3.36312e-44
-3.36312e-44
-3.22299e-44
-2.94273e-44
-2.38221e-44
-1.82169e-44
-1.12104e-44
-4.2039e-45
1.4013e-45
7.00649e-45
1.26117e-44
1.68156e-44
2.10195e-44
2.66247e-44
2.94273e-44
2.94273e-44
2.66247e-44
2.10195e-44
1.54143e-44
8.40779e-45
2.8026e-45
-2.8026e-45
-8.40779e-45
-1.4013e-44
-1.82169e-44
-2.24208e-44
-2.8026e-44
-3.08286e-44
-3.08286e-44
-2.8026e-44
-2.24208e-44
-1.68156e-44
-9.80909e-45
-2.8026e-45
4.2039e-45
1.12104e-44
1.68156e-44
2.24208e-44
2.8026e-44
3.36312e-44
3.64338e-44
3.78351e-44
3.78351e-44
3.64338e-44
3.50325e-44
3.22299e-44
2.94273e-44
2.52234e-44
2.10195e-44
1.68156e-44
1.26117e-44
8.40779e-45
4.2039e-45
1.4013e-45
0
0
1.4013e-45
2.8026e-45
5.60519e-45
8.40779e-45
1.12104e-44
1.26117e-44
1.4013e-44
1.54143e-44
1.68156e-44
1.96182e-44
2.10195e-44
2.10195e-44
1.96182e-44
1.68156e-44
1.4013e-44
9.80909e-45
5.60519e-45
1.4013e-45
-2.8026e-45
-7.00649e-45
-1.12104e-44
-1.4013e-44
-1.82169e-44
-2.10195e-44
-2.24208e-44
-2.24208e-44
-2.10195e-44
-1.96182e-44
-1.68156e-44
-1.4013e-44
-1.12104e-44
-8.40779e-45
-7.00649e-45
-5.60519e-45
-4.2039e-45
-1.4013e-45
0
0
-1.4013e-45
-4.2039e-45
-7.00649e-45
-1.12104e-44
-1.4013e-44
-1.68156e-44
-1.96182e-44
-2.24208e-44
-2.52234e-44
-2.8026e-44
-3.08286e-44
-3.08286e-44
-2.8026e-44
-2.24208e-44
-1.54143e-44
-8.40779e-45
-1.4013e-45
5.60519e-45
1.26117e-44
1.82169e-44
2.38221e-44
2.94273e-44
3.36312e-44
3.78351e-44
4.06377e-44
4.2039e-44
4.2039e-44
4.06377e-44
3.92364e-44
3.64338e-44
3.36312e-44
3.08286e-44
2.8026e-44
2.38221e-44
1.96182e-44
1.54143e-44
9.80909e-45
5.60519e-45
2.8026e-45
1.4013e-45
1.4013e-45
1.4013e-45
2.8026e-45
4.2039e-45
5.60519e-45
7.00649e-45
8.40779e-45
9.80909e-45
9.80909e-45
9.80909e-45
7.00649e-45
2.8026e-45
-2.8026e-45
-9.80909e-45
-1.54143e-44
-2.10195e-44
-2.66247e-44
-3.08286e-44
-3.36312e-44
-3.50325e-44
-3.64338e-44
-3.78351e-44
-4.06377e-44
-4.2039e-44
-4.2039e-44
-4.06377e-44
-3.78351e-44
-3.50325e-44
-3.08286e-44
-2.66247e-44
-2.10195e-44
-1.54143e-44
-9.80909e-45
-4.2039e-45
1.4013e-45
8.40779e-45
1.4013e-44
1.68156e-44
1.82169e-44
1.82169e-44
1.82169e-44
1.68156e-44
1.54143e-44
1.4013e-44
1.26117e-44
1.12104e-44
9.80909e-45
8.40779e-45
5.60519e-45
4.2039e-45
4.2039e-45
5.60519e-45
8.40779e-45
1.12104e-44
1.4013e-44
1.68156e-44
1.96182e-44
2.24208e-44
2.52234e-44
2.8026e-44
2.94273e-44
3.08286e-44
2.94273e-44
2.52234e-44
1.96182e-44
1.26117e-44
5.60519e-45
-1.4013e-45
-8.40779e-45
-1.54143e-44
-2.10195e-44
-2.66247e-44
-3.08286e-44
-3.36312e-44
-3.64338e-44
-3.78351e-44
-3.78351e-44
-3.64338e-44
-3.36312e-44
-3.08286e-44
-2.66247e-44
-2.10195e-44
-1.54143e-44
-9.80909e-45
-4.2039e-45
1.4013e-45
7.00649e-45
1.4013e-44
1.82169e-44
2.10195e-44
2.24208e-44
2.24208e-44
2.24208e-44
2.10195e-44
1.96182e-44
1.82169e-44
1.68156e-44
1.54143e-44
1.4013e-44
1.26117e-44
9.80909e-45
8.40779e-45
8.40779e-45
9.80909e-45
1.12104e-44
1.12104e-44
1.26117e-44
1.4013e-44
1.54143e-44
1.68156e-44
1.82169e-44
1.96182e-44
2.10195e-44
2.38221e-44
2.52234e-44
2.52234e-44
2.38221e-44
2.10195e-44
1.82169e-44
1.4013e-44
9.80909e-45
5.60519e-45
1.4013e-45
-2.8026e-45
-7.00649e-45
-1.12104e-44
-1.54143e-44
-1.82169e-44
-1.96182e-44
-1.96182e-44
-1.82169e-44
-1.68156e-44
-1.4013e-44
-1.12104e-44
-8.40779e-45
-7.00649e-45
-5.60519e-45
-4.2039e-45
-2.8026e-45
0
1.4013e-45
1.4013e-45
0
-2.8026e-45
-5.60519e-45
-9.80909e-45
-1.26117e-44
-1.4013e-44
-1.54143e-44
-1.68156e-44
-1.82169e-44
-1.96182e-44
-2.24208e-44
-2.38221e-44
-2.38221e-44
-2.24208e-44
-1.96182e-44
-1.68156e-44
-1.26117e-44
-8.40779e-45
-5.60519e-45
-2.8026e-45
0
2.8026e-45
5.60519e-45
9.80909e-45
1.12104e-44
9.80909e-45
7.00649e-45
2.8026e-45
-1.4013e-45
-7.00649e-45
-1.26117e-44
-1.68156e-44
-2.10195e-44
-2.52234e-44
-2.94273e-44
-3.22299e-44
-3.50325e-44
-3.50325e-44
-3.36312e-44
-3.08286e-44
-2.66247e-44
-2.10195e-44
-1.4013e-44
-7.00649e-45
-1.4013e-45
4.2039e-45
9.80909e-45
1.4013e-44
1.68156e-44
2.10195e-44
2.38221e-44
2.52234e-44
2.52234e-44
2.38221e-44
2.24208e-44
1.96182e-44
1.68156e-44
1.4013e-44
1.12104e-44
8.40779e-45
7.00649e-45
5.60519e-45
2.8026e-45
1.4013e-45
1.4013e-45
2.8026e-45
5.60519e-45
8.40779e-45
1.26117e-44
1.54143e-44
1.82169e-44
2.10195e-44
2.38221e-44
2.66247e-44
2.8026e-44
2.94273e-44
2.8026e-44
2.38221e-44
1.82169e-44
1.12104e-44
4.2039e-45
-2.8026e-45
-9.80909e-45
-1.54143e-44
-1.96182e-44
-2.38221e-44
-2.8026e-44
-3.08286e-44
-3.36312e-44
-3.36312e-44
-3.22299e-44
-2.94273e-44
-2.38221e-44
-1.82169e-44
-1.12104e-44
-4.2039e-45
1.4013e-45
7.00649e-45
1.26117e-44
1.68156e-44
2.10195e-44
2.66247e-44
2.94273e-44
2.94273e-44
2.66247e-44
2.10195e-44
1.54143e-44
8.40779e-45
2.8026e-45
-2.8026e-45
-8.40779e-45
-1.4013e-44
-1.82169e-44
-2.24208e-44
-2.8026e-44
-3.08286e-44
-3.08286e-44
-2.8026e-44
-2.24208e-44
-1.68156e-44
-9.80909e-45
-2.8026e-45
4.2039e-45
1.12104e-44
1.68156e-44
2.24208e-44
2.8026e-44
3.36312e-44
3.64338e-44
3.78351e-44
3.78351e-44
3.64338e-44
3.50325e-44
3.22299e-44
2.94273e-44
2.52234e-44
2.10195e-44
1.68156e-44
1.26117e-44
8.40779e-45
4.2039e-45
1.4013e-45
0
0
1.4013e-45
2.8026e-45
5.60519e-45
8.40779e-45
1.12104e-44
1.26117e-44
1.4013e-44
1.54143e-44
1.68156e-44
1.96182e-44
2.10195e-44
2.10195e-44
1.96182e-44
1.68156e-44
1.4013e-44
9.80909e-45
5.60519e-45
1.4013e-45
-2.8026e-45
-7.00649e-45
-1.12104e-44
-1.4013e-44
-1.82169e-44
-2.10195e-44
-2.24208e-44
-2.24208e-44
-2.10195e-44
-1.96182e-44
-1.68156e-44
-1.4013e-44
-1.12104e-44
-8.40779e-45
-7.00649e-45
-5.60519e-45
-4.2039e-45
-1.4013e-45
0
0
-1.4013e-45
-4.2039e-45
-7.00649e-45
-1.12104e-44
-1.4013e-44
-1.68156e-44
-1.96182e-44
-2.24208e-44
-2.52234e-44
-2.8026e-44
-3.08286e-44
-3.08286e-44
-2.8026e-44
-2.24208e-44
-1.54143e-44
-8.40779e-45
-1.4013e-45
5.60519e-45
1.26117e-44
1.82169e-44
2.38221e-44
2.94273e-44
3.36312e-44
3.78351e-44
4.06377e-44
4.2039e-44
4.2039e-44
4.06377e-44
3.92364e-44
3.64338e-44
3.36312e-44
3.08286e-44
2.8026e-44
2.38221e-44
1.96182e-44
1.54143e-44
9.80909e-45
5.60519e-45
2.8026e-45
1.4013e-45
1.4013e-45
1.4013e-45
2.8026e-45
4.2039e-45
5.60519e-45
7.00649e-45
8.40779e-45
9.80909e-45
9.80909e-45
9.80909e-45
7.00649e-45
2.8026e-45
-2.8026e-45
-9.80909e-45
-1.54143e-44
-2.10195e-44
-2.66247e-44
-3.08286e-44
-3.36312e-44
-3.50325e-44
-3.64338e-44
-3.78351e-44
-4.06377e-44
-4.2039e-44
-4.2039e-44
-4.06377e-44
-3.78351e-44
-3.50325e-44
-3.08286e-44
-2.66247e-44
-2.10195e-44
-1.54143e-44
-9.80909e-45
-4.2039e-45
1.4013e-45
8.40779e-45
1.4013e-44
1.68156e-44
1.82169e-44
1.82169e-44
1.82169e-44
1.68156e-44
1.54143e-44
1.4013e-44
1.26117e-44
1.12104e-44
9.80909e-45
8.40779e-45
5.60519e-45
4.2039e-45
4.2039e-45
5.60519e-45
8.40779e-45
1.12104e-44
1.4013e-44
1.68156e-44
1.96182e-44
2.24208e-44
2.52234e-44
2.8026e-44
2.94273e-44
3.08286e-44
2.94273e-44
2.52234e-44
1.96182e-44
1.26117e-44
5.60519e-45
-1.4013e-45
-8.40779e-45
-1.54143e-44
-2.10195e-44
-2.66247e-44
-3.08286e-44
-3.36312e-44
-3.64338e-44
-3.78351e-44
-3.78351e-44
-3.64338e-44
-3.36312e-44
-3.08286e-44
-2.66247e-44
-2.10195e-44
-1.54143e-44
-9.80909e-45
-4.2039e-45
1.4013e-45
7.00649e-45
1.4013e-44
1.82169e-44
2.10195e-44
2.24208e-44
2.24208e-44
2.24208e-44
2.10195e-44
1.96182e-44
1.82169e-44
1.68156e-44
1.54143e-44
1.4013e-44
1.26117e-44
9.80909e-45
8.40779e-45
8.40779e-45
9.80909e-45
1.12104e-44
1.12104e-44
1.26117e-44
1.4013e-44
1.54143e-44
1.68156e-44
1.82169e-44
1.96182e-44
2.10195e-44
2.38221e-44
2.52234e-44
2.52234e-44
2.38221e-44
2.10195e-44
1.82169e-44
1.4013e-44
9.80909e-45
5.60519e-45
1.4013e-45
-2.8026e-45
-7.00649e-45
-1.12104e-44
-1.54143e-44
-1.82169e-44
-1.96182e-44
-1.96182e-44
-1.82169e-44
-1.68156e-44
-1.4013e-44
-1.12104e-44
-8.40779e-45
-7.00649e-45
-5.60519e-45
-4.2039e-45
-2.8026e-45
0
1.4013e-45
1.4013e-45
0
-2.8026e-45
-5.60519e-45
-9.80909e-45
-1.26117e-44
-1.4013e-44
-1.54143e-44
-1.68156e-44
-1.82169e-44
-1.96182e-44
-2.24208e-44
-2.38221e-44
-2.38221e-44
-2.24208e-44
-1.96182e-44
-1.68156e-44
-1.26117e-44
-8.40779e-45
-5.60519e-45
-2.8026e-45
0
2.8026e-45
5.60519e-45
9.80909e-45
1.12104e-44
9.80909e-45
7.00649e-45
2.8026e-45
-1.4013e-45
-7.00649e-45
-1.26117e-44
-1.68156e-44
-2.10195e-44
-2.52234e-44
-2.94273e-44
-3.22299e-44
-3.50325e-44
-3.50325e-44
-3.36312e-44
-3.08286e-44
-2.66247e-44
-2.10195e-44
-1.4013e-44
-7.00649e-45
-1.4013e-45
4.2039e-45
9.80909e-45
1.4013e-44
1.68156e-44
2.10195e-44
2.38221e-44
2.52234e-44
2.52234e-44
2.38221e-44
2.24208e-44
1.96182e-44
1.68156e-44
1.4013e-44
1.12104e-44
8.40779e-45
7.00649e-45
5.60519e-45
2.8026e-45
1.4013e-45
1.4013e-45
2.8026e-45
5.60519e-45
8.40779e-45
1.26117e-44
1.54143e-44
1.82169e-44
2.10195e-44
2.38221e-44
2.66247e-44
2.8026e-44
2.94273e-44
2.8026e-44
2.38221e-44
1.82169e-44
1.12104e-44
4.2039e-45
-2.8026e-45
-9.80909e-45
-1.54143e-44
-1.96182e-44
-2.38221e-44
-2.8026e-44
-3.08286e-44
-3.36312e-44
-3.36312e-44
-3.22299e-44
-2.94273e-44
-2.38221e-44
-1.82169e-44
-1.12104e-44
-4.2039e-45
1.4013e-45
7.00649e-45
1.26117e-44
1.68156e-44
2.10195e-44
2.66247e-44
2.94273e-44
2.94273e-44
2.66247e-44
2.10195e-44
1.54143e-44
8.40779e-45
2.8026e-45
-2.8026e-45
-8.40779e-45
-1.4013e-44
-1.82169e-44
-2.24208e-44
-2.8026e-44
-3.08286e-44
-3.08286e-44
-2.8026e-44
-2.24208e-44
-1.68156e-44
-9.80909e-45
-2.8026e-45
4.2039e-45
1.12104e-44
1.68156e-44
2.24208e-44
2.8026e-44
3.36312e-44
3.64338e-44
3.78351e-44
3.78351e-44
3.64338e-44
3.50325e-44
3.22299e-44
2.94273e-44
2.52234e-44
2.10195e-44
1.68156e-44
1.26117e-44
8.40779e-45
4.2039e-45
1.4013e-45
0
0
1.4013e-45
2.8026e-45
5.60519e-45
8.40779e-45
1.12104e-44
1.26117e-44
1.4013e-44
1.54143e-44
1.68156e-44
1.96182e-44
2.10195e-44
2.10195e-44
1.96182e-44
1.68156e-44
1.4013e-44
9.80909e-45
5.60519e-45
1.4013e-45
-2.8026e-45
-7.00649e-45
-1.12104e-44
-1.4013e-44
-1.82169e-44
-2.10195e-44
-2.24208e-44
-2.24208e-44
-2.10195e-44
-1.96182e-44
-1.68156e-44
-1.4013e-44
-1.12104e-44
-8.40779e-45
-7.00649e-45
-5.60519e-45
-4.2039e-45
-1.4013e-45
0
0
-1.4013e-45
-4.2039e-45
-7.00649e-45
-1.12104e-44
-1.4013e-44
-1.68156e-44
-1.96182e-44
-2.24208e-44
-2.52234e-44
-2.8026e-44
-3.08286e-44
-3.08286e-44
-2.8026e-44
-2.24208e-44
-1.54143e-44
-8.40779e-45
-1.4013e-45
5.60519e-45
1.26117e-44
1.82169e-44
2.38221e-44
2.94273e-44
3.36312e-44
3.78351e-44
4.06377e-44
4.2039e-44
4.2039e-44
4.06377e-44
3.92364e-44
3.64338e-44
3.36312e-44
3.08286e-44
2.8026e-44
2.38221e-44
1.96182e-44
1.54143e-44
9.80909e-45
5.60519e-45
2.8026e-45
1.4013e-45
1.4013e-45
1.4013e-45
2.8026e-45
4.2039e-45
5.60519e-45
7.00649e-45
8.40779e-45
9.80909e-45
9.80909e-45
9.80909e-45
7.00649e-45
2.8026e-45
-2.8026e-45
-9.80909e-45
-1.54143e-44
-2.10195e-44
-2.66247e-44
-3.08286e-44
-3.36312e-44
-3.50325e-44
-3.64338e-44
-3.78351e-44
-4.06377e-44
-4.2039e-44
-4.2039e-44
-4.06377e-44
-3.78351e-44
-3.50325e-44
-3.08286e-44
-2.66247e-44
-2.10195e-44
-1.54143e-44
-9.80909e-45
-4.2039e-45
1.4013e-45
8.40779e-45
1.4013e-44
1.68156e-44
1.82169e-44
1.82169e-44
1.82169e-44
1.68156e-44
1.54143e-44
1.4013e-44
1.26117e-44
1.12104e-44
9.80909e-45
8.40779e-45
5.60519e-45
4.2039e-45
4.2039e-45
5.60519e-45
8.40779e-45
1.12104e-44
1.4013e-44
1.68156e-44
1.96182e-44
2.24208e-44
2.52234e-44
2.8026e-44
2.94273e-44
3.08286e-44
2.94273e-44
2.52234e-44
1.96182e-44
1.26117e-44
5.60519e-45
-1.4013e-45
-8.40779e-45
-1.54143e-44
-2.10195e-44
-2.66247e-44
-3.08286e-44
-3.36312e-44
-3.64338e-44
-3.78351e-44
-3.78351e-44
-3.64338e-44
-3.36312e-44
-3.08286e-44
-2.66247e-44
-2.10195e-44
-1.54143e-44
-9.80909e-45
-4.2039e-45
1.4013e-45
7.00649e-45
1.4013e-44
1.82169e-44
2.10195e-44
2.24208e-44
2.24208e-44
2.24208e-44
2.10195e-44
1.96182e-44
1.82169e-44
1.68156e-44
1.54143e-44
1.4013e-44
1.26117e-44
9.80909e-45
8.40779e-45
8.40779e-45
9.80909e-45
1.12104e-44
1.12104e-44
1.26117e-44
1.4013e-44
1.54143e-44
1.68156e-44
1.82169e-44
1.96182e-44
2.10195e-44
2.38221e-44
2.52234e-44
2.52234e-44
2.38221e-44
2.10195e-44
1.82169e-44
1.4013e-44
9.80909e-45
5.60519e-45
1.4013e-45
-2.8026e-45
-7.00649e-45
-1.12104e-44
-1.54143e-44
-1.82169e-44
-1.96182e-44
-1.96182e-44
-1.82169e-44
-1.68156e-44
-1.4013e-44
-1.12104e-44
-8.40779e-45
-7.00649e-45
-5.60519e-45
-4.2039e-45
-2.8026e-45
0
1.4013e-45
1.4013e-45
0
-2.8026e-45
-5.60519e-45
-9.80909e-45
-1.26117e-44
-1.4013e-44
-1.54143e-44
-1.68156e-44
-1.82169e-44
-1.96182e-44
-2.24208e-44
-2.38221e-44
-2.38221e-44
-2.24208e-44
-1.96182e-44
-1.68156e-44
-1.26117e-44
-8.40779e-45
-5.60519e-45
-2.8026e-45
0
2.8026e-45
5.60519e-45
9.80909e-45
1.12104e-44
9.80909e-45
7.00649e-45
2.8026e-45
-1.4013e-45
-7.00649e-45
-1.26117e-44
-1.68156e-44
-2.10195e-44
-2.52234e-44
-2.94273e-44
-3.22299e-44
-3.50325e-44
-3.50325e-44
-3.36312e-44
-3.08286e-44
-2.66247e-44
-2.10195e-44
-1.4013e-44
-7.00649e-45
-1.4013e-45
4.2039e-45
9.80909e-45
1.4013e-44
1.68156e-44
2.10195e-44
2.38221e-44
2.52234e-44
2.52234e-44
2.38221e-44
2.24208e-44
1.96182e-44
1.68156e-44
1.4013e-44
1.12104e-44
8.40779e-45
7.00649e-45
5.60519e-45
2.8026e-45
1.4013e-45
1.4013e-45
2.8026e-45
5.60519e-45
8.40779e-45
1.26117e-44
1.54143e-44
1.82169e-44
2.10195e-44
2.38221e-44
2.66247e-44
2.8026e-44
2.94273e-44
2.8026e-44
2.38221e-44
1.82169e-44
1.12104e-44
4.2039e-45
-2.8026e-45
-9.80909e-45
-1.54143e-44
-1.96182e-44
-2.38221e-44
-2.8026e-44
-3.08286e-44
-3.36312e-44
-3.36312e-44
-3.22299e-44
-2.94273e-44
-2.38221e-44
-1.82169e-44
-1.12104e-44
-4.2039e-45
1.4013e-45
7.00649e-45
1.26117e-44
1.68156e-44
2.10195e-44
2.66247e-44
2.94273e-44
2.94273e-44
2.66247e-44
2.10195e-44
1.54143e-44
8.40779e-45
2.8026e-45
-2.8026e-45
-8.40779e-45
-1.4013e-44
-1.82169e-44
-2.24208e-44
-2.8026e-44
-3.08286e-44
-3.08286e-44
-2.8026e-44
-2.24208e-44
-1.68156e-44
-9.80909e-45
-2.8026e-45
4.2039e-45
1.12104e-44
1.68156e-44
2.24208e-44
2.8026e-44
3.36312e-44
3.64338e-44
3.78351e-44
3.78351e-44
3.64338e-44
3.50325e-44
3.22299e-44
2.94273e-44
2.52234e-44
2.10195e-44
1.68156e-44
1.26117e-44
8.40779e-45
4.2039e-45
1.4013e-45
0
0
1.4013e-45
2.8026e-45
5.60519e-45
8.40779e-45
1.12104e-44
1.26117e-44
1.4013e-44
1.54143e-44
1.68156e-44
1.96182e-44
2.10195e-44
2.10195e-44
1.96182e-44
1.68156e-44
1.4013e-44
9.80909e-45
5.60519e-45
1.4013e-45
-2.8026e-45
-7.00649e-45
-1.12104e-44
-1.4013e-44
-1.82169e-44
-2.10195e-44
-2.24208e-44
-2.24208e-44
-2.10195e-44
-1.96182e-44
-1.68156e-44
-1.4013e-44
-1.12104e-44
-8.40779e-45
-7.00649e-45
-5.60519e-45
-4.2039e-45
-1.4013e-45
0
0
-1.4013e-45
-4.2039e-45
-7.00649e-45
-1.12104e-44
-1.4013e-44
-1.68156e-44
-1.96182e-44
-2.24208e-44
-2.52234e-44
-2.8026e-44
-3.08286e-44
-3.08286e-44
-2.8026e-44
-2.24208e-44
-1.54143e-44
-8.40779e-45
-1.4013e-45
5.60519e-45
1.26117e-44
1.82169e-44
2.38221e-44
2.94273e-44
3.36312e-44
3.78351e-44
4.06377e-44
4.2039e-44
4.2039e-44
4.06377e-44
3.92364e-44
3.64338e-44
3.36312e-44
3.08286e-44
2.8026e-44
2.38221e-44
1.96182e-44
1.54143e-44
9.80909e-45
5.60519e-45
2.8026e-45
1.4013e-45
1.4013e-45
1.4013e-45
2.8026e-45
4.2039e-45
5.60519e-45
7.00649e-45
8.40779e-45
9.80909e-45
9.80909e-45
9.80909e-45
7.00649e-45
2.8026e-45
-2.8026e-45
-9.80909e-45
-1.54143e-44
-2.10195e-44
-2.66247e-44
-3.08286e-44
-3.36312e-44
-3.50325e-44
-3.64338e-44
-3.78351e-44
-4.06377e-44
-4.2039e-44
-4.2039e-44
-4.06377e-44
-3.78351e-44
-3.50325e-44
-3.08286e-44
-2.66247e-44
-2.10195e-44
-1.54143e-44
-9.80909e-45
-4.2039e-45
1.4013e-45
8.40779e-45
1.4013e-44
1.68156e-44
1.82169e-44
1.82169e-44
1.82169e-44
1.68156e-44
1.54143e-44
1.4013e-44
1.26117e-44
1.12104e-44
9.80909e-45
8.40779e-45
5.60519e-45
4.2039e-45
4.2039e-45
5.60519e-45
8.40779e-45
1.12104e-44
1.4013e-44
1.68156e-44
1.96182e-44
2.24208e-44
2.52234e-44
2.8026e-44
2.94273e-44
3.08286e-44
2.94273e-44
2.52234e-44
1.96182e-44
1.26117e-44
5.60519e-45
-1.4013e-45
-8.40779e-45
-1.54143e-44
-2.10195e-44
-2.66247e-44
-3.08286e-44
-3.36312e-44
-3.64338e-44
-3.78351e-44
-3.78351e-44
-3.64338e-44
-3.36312e-44
-3.08286e-44
-2.66247e-44
-2.10195e-44
-1.54143e-44
-9.80909e-45
-4.2039e-45
1.4013e-45
7.00649e-45
1.4013e-44
1.82169e-44
2.10195e-44
2.24208e-44
2.24208e-44
2.24208e-44
2.10195e-44
1.96182e-44
1.82169e-44
1.68156e-44
1.54143e-44
1.4013e-44
1.26117e-44
9.80909e-45
8.40779e-45
8.40779e-45
9.80909e-45
1.12104e-44
1.12104e-44
1.26117e-44
1.4013e-44
1.54143e-44
1.68156e-44
1.82169e-44
1.96182e-44
2.10195e-44
2.38221e-44
2.52234e-44
2.52234e-44
2.38221e-44
2.10195e-44
1.82169e-44
1.4013e-44
9.80909e-45
5.60519e-45
1.4013e-45
-2.8026e-45
-7.00649e-45
-1.12104e-44
-1.54143e-44
-1.82169e-44
-1.96182e-44
-1.96182e-44
-1.82169e-44
-1.68156e-44
-1.4013e-44
-1.12104e-44
-8.40779e-45
-7.00649e-45
-5.60519e-45
-4.2039e-45
-2.8026e-45
0
1.4013e-45
1.4013e-45
0
-2.8026e-45
-5.60519e-45
-9.80909e-45
-1.26117e-44
-1.4013e-44
-1.54143e-44
-1.68156e-44
-1.82169e-44
-1.96182e-44
-2.24208e-44
-2.38221e-44
-2.38221e-44
-2.24208e-44
-1.96182e-44
-1.68156e-44
-1.26117e-44
-8.40779e-45
-5.60519e-45
-2.8026e-45
0
2.8026e-45
5.60519e-45
9.80909e-45
1.12104e-44
9.80909e-45
7.00649e-45
2.8026e-45
-1.4013e-45
-7.00649e-45
-1.26117e-44
-1.68156e-44
-2.10195e-44
-2.52234e-44
-2.94273e-44
-3.22299e-44
-3.50325e-44
-3.50325e-44
-3.36312e-44
-3.08286e-44
-2.66247e-44
-2.10195e-44
-1.4013e-44
-7.00649e-45
-1.4013e-45
4.2039e-45
9.80909e-45
1.4013e-44
1.68156e-44
2.10195e-44
2.38221e-44
2.52234e-44
2.52234e-44
2.38221e-44
2.24208e-44
1.96182e-44
1.68156e-44
1.4013e-44
1.12104e-44
8.40779e-45
7.00649e-45
5.60519e-45
2.8026e-45
1.4013e-45
1.4013e-45
2.8026e-45
5.60519e-45
8.40779e-45
1.26117e-44
1.54143e-44
1.82169e-44
2.10195e-44
2.38221e-44
2.66247e-44
2.8026e-44
2.94273e-44
2.8026e-44
2.38221e-44
1.82169e-44
1.12104e-44
4.2039e-45
-2.8026e-45
-9.80909e-45
-1.54143e-44
-1.96182e-44
-2.38221e-44
-2.8026e-44
-3.08286e-44
-3.36312e-44
-3.36312e-44
-3.22299e-44
-2.94273e-44
-2.38221e-44
-1.82169e-44
-1.12104e-44
-4.2039e-45
1.4013e-45
7.00649e-45
1.26117e-44
1.68156e-44
2.10195e-44
2.66247e-44
2.94273e-44
2.94273e-44
2.66247e-44
2.10195e-44
1.54143e-44
8.40779e-45
2.8026e-45
-2.8026e-45
-8.40779e-45
-1.4013e-44
-1.82169e-44
-2.24208e-44
-2.8026e-44
-3.08286e-44
-3.08286e-44
-2.8026e-44
-2.24208e-44
-1.68156e-44
-9.80909e-45
-2.8026e-45
4.2039e-45
1.12104e-44
1.68156e-44
2.24208e-44
2.8026e-44
3.36312e-44
3.64338e-44
3.78351e-44
3.78351e-44
3.64338e-44
3.50325e-44
3.22299e-44
2.94273e-44
2.52234e-44
2.10195e-44
1.68156e-44
1.26117e-44
8.40779e-45
4.2039e-45
1.4013e-45
0
0
1.4013e-45
2.8026e-45
5.60519e-45
8.40779e-45
1.12104e-44
1.26117e-44
1.4013e-44
1.54143e-44
1.68156e-44
1.96182e-44
2.10195e-44
2.10195e-44
1.96182e-44
1.68156e-44
1.4013e-44
9.80909e-45
5.60519e-45
1.4013e-45
-2.8026e-45
-7.00649e-45
-1.12104e-44
-1.4013e-44
-1.82169e-44
-2.10195e-44
-2.24208e-44
-2.24208e-44
-2.10195e-44
-1.96182e-44
-1.68156e-44
-1.4013e-44
-1.12104e-44
-8.40779e-45
-7.00649e-45
-5.60519e-45
-4.2039e-45
-1.4013e-45
0
0
-1.4013e-45
-4.2039e-45
-7.00649e-45
-1.12104e-44
-1.4013e-44
-1.68156e-44
-1.96182e-44
-2.24208e-44
-2.52234e-44
-2.8026e-44
-3.08286e-44
-3.08286e-44
-2.8026e-44
-2.24208e-44
-1.54143e-44
-8.40779e-45
-1.4013e-45
5.60519e-45
1.26117e-44
1.82169e-44
2.38221e-44
2.94273e-44
3.36312e-44
3.78351e-44
4.06377e-44
4.2039e-44
4.2039e-44
4.06377e-44
3.92364e-44
3.64338e-44
3.36312e-44
3.08286e-44
2.8026e-44
2.38221e-44
1.96182e-44
1.54143e-44
9.80909e-45
5.60519e-45
2.8026e-45
1.4013e-45
1.4013e-45
1.4013e-45
2.8026e-45
4.2039e-45
5.60519e-45
7.00649e-45
8.40779e-45
9.80909e-45
9.80909e-45
9.80909e-45
7.00649e-45
2.8026e-45
-2.8026e-45
-9.80909e-45
-1.54143e-44
-2.10195e-44
-2.66247e-44
-3.08286e-44
-3.36312e-44
-3.50325e-44
-3.64338e-44
-3.78351e-44
-4.06377e-44
-4.2039e-44
-4.2039e-44
-4.06377e-44
-3.78351e-44
-3.50325e-44
-3.08286e-44
-2.66247e-44
-2.10195e-44
-1.54143e-44
-9.80909e-45
-4.2039e-45
1.4013e-45
8.40779e-45
1.4013e-44
1.68156e-44
1.82169e-44
1.82169e-44
1.82169e-44
1.68156e-44
1.54143e-44
1.4013e-44
1.26117e-44
1.12104e-44
9.80909e-45
8.40779e-45
5.60519e-45
4.2039e-45
4.2039e-45
5.60519e-45
8.40779e-45
1.12104e-44
1.4013e-44
1.68156e-44
1.96182e-44
2.24208e-44
2.52234e-44
2.8026e-44
2.94273e-44
3.08286e-44
2.94273e-44
2.52234e-44
1.96182e-44
1.26117e-44
5.60519e-45
-1.4013e-45
-8.40779e-45
-1.54143e-44
-2.10195e-44
-2.66247e-44
-3.08286e-44
-3.36312e-44
-3.64338e-44
-3.78351e-44
-3.78351e-44
-3.64338e-44
-3.36312e-44
-3.08286e-44
-2.66247e-44
-2.10195e-44
-1.54143e-44
-9.80909e-45
-4.2039e-45
1.4013e-45
7.00649e-45
1.4013e-44
1.82169e-44
2.10195e-44
2.24208e-44
2.24208e-44
2.24208e-44
2.10195e-44
1.96182e-44
1.82169e-44
1.68156e-44
1.54143e-44
1.4013e-44
1.26117e-44
9.80909e-45
8.40779e-45
8.40779e-45
9.80909e-45
1.12104e-44
1.12104e-44
1.26117e-44
1.4013e-44
1.54143e-44
1.68156e-44
1.82169e-44
1.96182e-44
2.10195e-44
2.38221e-44
2.52234e-44
2.52234e-44
2.38221e-44
2.10195e-44
1.82169e-44
1.4013e-44
9.80909e-45
5.60519e-45
1.4013e-45
-2.8026e-45
-7.00649e-45
-1.12104e-44
-1.54143e-44
-1.82169e-44
-1.96182e-44
-1.96182e-44
-1.82169e-44
-1.68156e-44
-1.4013e-44
-1.12104e-44
-8.40779e-45
-7.00649e-45
-5.60519e-45
-4.2039e-45
-2.8026e-45
0
1.4013e-45
1.4013e-45
0
-2.8026e-45
-5.60519e-45
-9.80909e-45
-1.26117e-44
-1.4013e-44
-1.54143e-44
-1.68156e-44
-1.82169e-44
-1.96182e-44
-2.24208e-44
-2.38221e-44
-2.38221e-44
-2.24208e-44
-1.96182e-44
-1.68156e-44
-1.26117e-44
-8.40779e-45
-5.60519e-45
-2.8026e-45
0
2.8026e-45
5.60519e-45
9.80909e-45
1.12104e-44
9.80909e-45
7.00649e-45
2.8026e-45
-1.4013e-45
-7.00649e-45
-1.26117e-44
-1.68156e-44
-2.10195e-44
-2.52234e-44
-2.94273e-44
-3.22299e-44
-3.50325e-44
-3.50325e-44
-3.36312e-44
-3.08286e-44
-2.66247e-44
-2.10195e-44
-1.4013e-44
-7.00649e-45
-1.4013e-45
4.2039e-45
9.80909e-45
1.4013e-44
1.68156e-44
2.10195e-44
2.38221e-44
2.52234e-44
2.52234e-44
2.38221e-44
2.24208e-44
1.96182e-44
1.68156e-44
1.4013e-44
1.12104e-44
8.40779e-45
7.00649e-45
5.60519e-45
2.8026e-45
1.4013e-45
1.4013e-45
2.8026e-45
5.60519e-45
8.40779e-45
1.26117e-44
1.54143e-44
1.82169e-44
2.10195e-44
2.38221e-44
2.66247e-44
2.8026e-44
2.94273e-44
2.8026e-44
2.38221e-44
1.82169e-44
1.12104e-44
4.2039e-45
-2.8026e-45
-9.80909e-45
-1.54143e-44
-1.96182e-44
-2.38221e-44
-2.8026e-44
-3.08286e-44
-3.36312e-44
-3.36312e-44
-3.22299e-44
-2.94273e-44
-2.38221e-44
-1.82169e-44
-1.12104e-44
-4.2039e-45
1.4013e-45
7.00649e-45
1.26117e-44
1.68156e-44
2.10195e-44
2.66247e-44
2.94273e-44
2.94273e-44
2.66247e-44
2.10195e-44
1.54143e-44
8.40779e-45
2.8026e-45
-2.8026e-45
-8.40779e-45
-1.4013e-44
-1.82169e-44
-2.24208e-44
-2.8026e-44
-3.08286e-44
-3.08286e-44
-2.8026e-44
-2.24208e-44
-1.68156e-44
-9.80909e-45
-2.8026e-45
4.2039e-45
1.12104e-44
1.68156e-44
2.24208e-44
2.8026e-44
3.36312e-44
3.64338e-44
3.78351e-44
3.78351e-44
3.64338e-44
3.50325e-44
3.22299e-44
2.94273e-44
2.52234e-44
2.10195e-44
1.68156e-44
1.26117e-44
8.40779e-45
4.2039e-45
1.4013e-45
0
0
1.4013e-45
2.8026e-45
5.60519e-45
8.40779e-45
1.12104e-44
1.26117e-44
1.4013e-44
1.54143e-44
1.68156e-44
1.96182e-44
2.10195e-44
2.10195e-44
1.96182e-44
1.68156e-44
1.4013e-44
9.80909e-45
5.60519e-45
1.4013e-45
-2.8026e-45
-7.00649e-45
-1.12104e-44
-1.4013e-44
-1.82169e-44
-2.10195e-44
-2.24208e-44
-2.24208e-44
-2.10195e-44
-1.96182e-44
-1.68156e-44
-1.4013e-44
-1.12104e-44
-8.40779e-45
-7.00649e-45
-5.60519e-45
-4.2039e-45
-1.4013e-45
0
0
-1.4013e-45
-4.2039e-45
-7.00649e-45
-1.12104e-44
-1.4013e-44
-1.68156e-44
-1.96182e-44
-2.24208e-44
-2.52234e-44
-2.8026e-44
-3.08286e-44
-3.08286e-44
-2.8026e-44
-2.24208e-44
-1.54143e-44
-8.40779e-45
-1.4013e-45
5.60519e-45
1.26117e-44
1.82169e-44
2.38221e-44
2.94273e-44
3.36312e-44
3.78351e-44
4.06377e-44
4.2039e-44
4.2039e-44
4.06377e-44
3.92364e-44
3.64338e-44
3.36312e-44
3.08286e-44
2.8026e-44
2.38221e-44
1.96182e-44
1.54143e-44
9.80909e-45
5.60519e-45
2.8026e-45
1.4013e-45
1.4013e-45
1.4013e-45
2.8026e-45
4.2039e-45
5.60519e-45
7.00649e-45
8.40779e-45
9.80909e-45
9.80909e-45
9.80909e-45
7.00649e-45
2.8026e-45
-2.8026e-45
-9.80909e-45
-1.54143e-44
-2.10195e-44
-2.66247e-44
-3.08286e-44
-3.36312e-44
-3.50325e-44
-3.64338e-44
-3.78351e-44
-4.06377e-44
-4.2039e-44
-4.2039e-44
-4.06377e-44
-3.78351e-44
-3.50325e-44
-3.08286e-44
-2.66247e-44
-2.10195e-44
-1.54143e-44
-9.80909e-45
-4.2039e-45
1.4013e-45
8.40779e-45
1.4013e-44
1.68156e-44
1.82169e-44
1.82169e-44
1.82169e-44
1.68156e-44
1.54143e-44
1.4013e-44
1.26117e-44
1.12104e-44
9.80909e-45
8.40779e-45
5.60519e-45
4.2039e-45
4.2039e-45
5.60519e-45
8.40779e-45
1.12104e-44
1.4013e-44
1.68156e-44
1.96182e-44
2.24208e-44
2.52234e-44
2.8026e-44
2.94273e-44
3.08286e-44
2.94273e-44
2.52234e-44
1.96182e-44
1.26117e-44
5.60519e-45
-1.4013e-45
-8.40779e-45
-1.54143e-44
-2.10195e-44
-2.66247e-44
-3.08286e-44
-3.36312e-44
-3.64338e-44
-3.78351e-44
-3.78351e-44
-3.64338e-44
-3.36312e-44
-3.08286e-44
-2.66247e-44
-2.10195e-44
-1.54143e-44
-9.80909e-45
-4.2039e-45
1.4013e-45
7.00649e-45
1.4013e-44
1.82169e-44
2.10195e-44
2.24208e-44
2.24208e-44
2.24208e-44
2.10195e-44
1.96182e-44
1.82169e-44
1.68156e-44
1.54143e-44
1.4013e-44
1.26117e-44
9.80909e-45
8.40779e-45
8.40779e-45
9.80909e-45
1.12104e-44
1.12104e-44
1.26117e-44
1.4013e-44
1.54143e-44
1.68156e-44
1.82169e-44
1.96182e-44
2.10195e-44
2.38221e-44
2.52234e-44
2.52234e-44
2.38221e-44
2.10195e-44
1.82169e-44
1.4013e-44
9.80909e-45
5.60519e-45
1.4013e-45
-2.8026e-45
-7.00649e-45
-1.12104e-44
-1.54143e-44
-1.82169e-44
-1.96182e-44
-1.96182e-44
-1.82169e-44
-1.68156e-44
-1.4013e-44
-1.12104e-44
-8.40779e-45
-7.00649e-45
-5.60519e-45
-4.2039e-45
-2.8026e-45
0
1.4013e-45
1.4013e-45
0
-2.8026e-45
-5.60519e-45
-9.80909e-45
-1.26117e-44
-1.4013e-44
-1.54143e-44
-1.68156e-44
-1.82169e-44
-1.96182e-44
-2.24208e-44
-2.38221e-44
-2.38221e-44
-2.24208e-44
-1.96182e-44
-1.68156e-44
-1.26117e-44
-8.40779e-45
-5.60519e-45
-2.8026e-45
0
2.8026e-45
5.60519e-45
9.80909e-45
1.12104e-44
9.80909e-45
7.00649e-45
2.8026e-45
-1.4013e-45
-7.00649e-45
-1.26117e-44
-1.68156e-44
-2.10195e-44
-2.52234e-44
-2.94273e-44
-3.22299e-44
-3.50325e-44
-3.50325e-44
-3.36312e-44
-3.08286e-44
-2.66247e-44
-2.10195e-44
-1.4013e-44
-7.00649e-45
-1.4013e-45
4.2039e-45
9.80909e-45
1.4013e-44
1.68156e-44
2.10195e-44
2.38221e-44
2.52234e-44
2.52234e-44
2.38221e-44
2.24208e-44
1.96182e-44
1.68156e-44
1.4013e-44
1.12104e-44
8.40779e-45
7.00649e-45
5.60519e-45
2.8026e-45
1.4013e-45
1.4013e-45
2.8026e-45
5.60519e-45
8.40779e-45
1.26117e-44
1.54143e-44
1.82169e-44
2.10195e-44
2.38221e-44
2.66247e-44
2.8026e-44
2.94273e-44
2.8026e-44
2.38221e-44
1.82169e-44
1.12104e-44
4.2039e-45
-2.8026e-45
-9.80909e-45
-1.54143e-44
-1.96182e-44
-2.38221e-44
-2.8026e-44
-3.08286e-44
-3.36312e-44
-3.36312e-44
-3.22299e-44
-2.94273e-44
-2.38221e-44
-1.82169e-44
-1.12104e-44
-4.2039e-45
1.4013e-45
7.00649e-45
1.26117e-44
1.68156e-44
2.10195e-44
2.66247e-44
2.94273e-44
2.94273e-44
2.66247e-44
2.10195e-44
1.54143e-44
8.40779e-45
2.8026e-45
-2.8026e-45
-8.40779e-45
-1.4013e-44
-1.82169e-44
-2.24208e-44
-2.8026e-44
-3.08286e-44
-3.08286e-44
-2.8026e-44
-2.24208e-44
-1.68156e-44
-9.80909e-45
-2.8026e-45
4.2039e-45
1.12104e-44
1.68156e-44
2.24208e-44
2.8026e-44
3.36312e-44
3.64338e-44
3.78351e-44
3.78351e-44
3.64338e-44
3.50325e-44
3.22299e-44
2.94273e-44
2.52234e-44
2.10195e-44
1.68156e-44
1.26117e-44
8.40779e-45
4.2039e-45
1.4013e-45
0
0
1.4013e-45
2.8026e-45
5.60519e-45
8.40779e-45
1.12104e-44
1.26117e-44
1.4013e-44
1.54143e-44
1.68156e-44
1.96182e-44
2.10195e-44
2.10195e-44
1.96182e-44
1.68156e-44
1.4013e-44
9.80909e-45
5.60519e-45
1.4013e-45
-2.8026e-45
-7.00649e-45
-1.12104e-44
-1.4013e-44
-1.82169e-44
-2.10195e-44
-2.24208e-44
-2.24208e-44
-2.10195e-44
-1.96182e-44
-1.68156e-44
-1.4013e-44
-1.12104e-44
-8.40779e-45
-7.00649e-45
-5.60519e-45
-4.2039e-45
-1.4013e-45
0
0
-1.4013e-45
-4.2039e-45
-7.00649e-45
-1.12104e-44
-1.4013e-44
-1.68156e-44
-1.96182e-44
-2.24208e-44
-2.52234e-44
-2.8026e-44
-3.08286e-44
-3.08286e-44
-2.8026e-44
-2.24208e-44
-1.54143e-44
-8.40779e-45
-1.4013e-45
5.60519e-45
1.26117e-44
1.82169e-44
2.38221e-44
2.94273e-44
3.36312e-44
3.78351e-44
4.06377e-44
4.2039e-44
4.2039e-44
4.06377e-44
3.92364e-44
3.64338e-44
3.36312e-44
3.08286e-44
2.8026e-44
2.38221e-44
1.96182e-44
1.54143e-44
9.80909e-45
5.60519e-45
2.8026e-45
1.4013e-45
1.4013e-45
1.4013e-45
2.8026e-45
4.2039e-45
5.60519e-45
7.00649e-45
8.40779e-45
9.80909e-45
9.80909e-45
9.80909e-45
7.00649e-45
2.8026e-45
-2.8026e-45
-9.80909e-45
-1.54143e-44
-2.10195e-44
-2.66247e-44
-3.08286e-44
-3.36312e-44
-3.50325e-44
-3.64338e-44
-3.78351e-44
-4.06377e-44
-4.2039e-44
-4.2039e-44
-4.06377e-44
-3.78351e-44
-3.50325e-44
-3.08286e-44
-2.66247e-44
-2.10195e-44
-1.54143e-44
-9.80909e-45
-4.2039e-45
1.4013e-45
8.40779e-45
1.4013e-44
1.68156e-44
1.82169e-44
1.82169e-44
1.82169e-44
1.68156e-44
1.54143e-44
1.4013e-44
1.26117e-44
1.12104e-44
9.80909e-45
8.40779e-45
5.60519e-45
4.2039e-45
4.2039e-45
5.60519e-45
8.40779e-45
1.12104e-44
1.4013e-44
1.68156e-44
1.96182e-44
2.24208e-44
2.52234e-44
2.8026e-44
2.94273e-44
3.08286e-44
2.94273e-44
2.52234e-44
1.96182e-44
1.26117e-44
5.60519e-45
-1.4013e-45
-8.40779e-45
-1.54143e-44
-2.10195e-44
-2.66247e-44
-3.08286e-44
-3.36312e-44
-3.64338e-44
-3.78351e-44
-3.78351e-44
-3.64338e-44
-3.36312e-44
-3.08286e-44
-2.66247e-44
-2.10195e-44
-1.54143e-44
-9.80909e-45
-4.2039e-45
1.4013e-45
7.00649e-45
1.4013e-44
1.82169e-44
2.10195e-44
2.24208e-44
2.24208e-44
2.24208e-44
2.10195e-44
1.96182e-44
1.82169e-44
1.68156e-44
1.54143e-44
1.4013e-44
1.26117e-44
9.80909e-45
8.40779e-45
8.40779e-45
9.80909e-45
1.12104e-44
1.12104e-44
1.26117e-44
1.4013e-44
1.54143e-44
1.68156e-44
1.82169e-44
1.96182e-44
2.10195e-44
2.38221e-44
2.52234e-44
2.52234e-44
2.38221e-44
2.10195e-44
1.82169e-44
1.4013e-44
9.80909e-45
5.60519e-45
1.4013e-45
-2.8026e-45
-7.00649e-45
-1.12104e-44
-1.54143e-44
-1.82169e-44
-1.96182e-44
-1.96182e-44
-1.82169e-44
-1.68156e-44
-1.4013e-44
-1.12104e-44
-8.40779e-45
-7.00649e-45
-5.60519e-45
-4.2039e-45
-2.8026e-45
0
1.4013e-45
1.4013e-45
0
-2.8026e-45
-5.60519e-45
-9.80909e-45
-1.26117e-44
-1.4013e-44
-1.54143e-44
-1.68156e-44
-1.82169e-44
-1.96182e-44
-2.24208e-44
-2.38221e-44
-2.38221e-44
-2.24208e-44
-1.96182e-44
-1.68156e-44
-1.26117e-44
-8.40779e-45
-5.60519e-45
-2.8026e-45
0
2.8026e-45
5.60519e-45
9.80909e-45
1.12104e-44
9.80909e-45
7.00649e-45
2.8026e-45
-1.4013e-45
-7.00649e-45
-1.26117e-44
-1.68156e-44
-2.10195e-44
-2.52234e-44
-2.94273e-44
-3.22299e-44
-3.50325e-44
-3.50325e-44
-3.36312e-44
-3.08286e-44
-2.66247e-44
-2.10195e-44
-1.4013e-44
-7.00649e-45
-1.4013e-45
4.2039e-45
9.80909e-45
1.4013e-44
1.68156e-44
2.10195e-44
2.38221e-44
2.52234e-44
2.52234e-44
2.38221e-44
2.24208e-44
1.96182e-44
1.68156e-44
1.4013e-44
1.12104e-44
8.40779e-45
7.00649e-45
5.60519e-45
2.8026e-45
1.4013e-45
1.4013e-45
2.8026e-45
5.60519e-45
8.40779e-45
1.26117e-44
1.54143e-44
1.82169e-44
2.10195e-44
2.38221e-44
2.66247e-44
2.8026e-44
2.94273e-44
2.8026e-44
2.38221e-44
1.82169e-44
1.12104e-44
4.2039e-45
-2.8026e-45
-9.80909e-45
-1.54143e-44
-1.96182e-44
-2.38221e-44
-2.8026e-44
-3.08286e-44
-3.36312e-44
-3.36312e-44
-3.22299e-44
-2.94273e-44
-2.38221e-44
-1.82169e-44
-1.12104e-44
-4.2039e-45
1.4013e-45
7.00649e-45
1.26117e-44
1.68156e-44
2.10195e-44
2.66247e-44
2.94273e-44
2.94273e-44
2.66247e-44
2.10195e-44
1.54143e-44
8.40779e-45
2.8026e-45
-2.8026e-45
-8.40779e-45
-1.4013e-44
-1.82169e-44
-2.24208e-44
-2.8026e-44
-3.08286e-44
-3.08286e-44
-2.8026e-44
-2.24208e-44
-1.68156e-44
-9.80909e-45
-2.8026e-45
4.2039e-45
1.12104e-44
1.68156e-44
2.24208e-44
2.8026e-44
3.36312e-44
3.64338e-44
3.78351e-44
3.78351e-44
3.64338e-44
3.50325e-44
3.22299e-44
2.94273e-44
2.52234e-44
2.10195e-44
1.68156e-44
1.26117e-44
8.40779e-45
4.2039e-45
1.4013e-45
0
0
1.4013e-45
2.8026e-45
5.60519e-45
8.40779e-45
1.12104e-44
1.26117e-44
1.4013e-44
1.54143e-44
1.68156e-44
1.96182e-44
2.10195e-44
2.10195e-44
1.96182e-44
1.68156e-44
1.4013e-44
9.80909e-45
5.60519e-45
1.4013e-45
-2.8026e-45
-7.00649e-45
-1.12104e-44
-1.4013e-44
-1.82169e-44
-2.10195e-44
-2.24208e-44
-2.24208e-44
-2.10195e-44
-1.96182e-44
-1.68156e-44
-1.4013e-44
-1.12104e-44
-8.40779e-45
-7.00649e-45
-5.60519e-45
-4.2039e-45
-1.4013e-45
0
0
-1.4013e-45
-4.2039e-45
-7.00649e-45
-1.12104e-44
-1.4013e-44
-1.68156e-44
-1.96182e-44
-2.24208e-44
-2.52234e-44
-2.8026e-44
-3.08286e-44
-3.08286e-44
-2.8026e-44
-2.24208e-44
-1.54143e-44
-8.40779e-45
-1.4013e-45
5.60519e-45
1.26117e-44
1.82169e-44
2.38221e-44
2.94273e-44
3.36312e-44
3.78351e-44
4.06377e-44
4.2039e-44
4.2039e-44
4.06377e-44
3.92364e-44
3.64338e-44
3.36312e-44
3.08286e-44
2.8026e-44
2.38221e-44
1.96182e-44
1.54143e-44
9.80909e-45
5.60519e-45
2.8026e-45
1.4013e-45
1.4013e-45
1.4013e-45
2.8026e-45
4.2039e-45
5.60519e-45
7.00649e-45
8.40779e-45
9.80909e-45
9.80909e-45
9.80909e-45
7.00649e-45
2.8026e-45
-2.8026e-45
-9.80909e-45
-1.54143e-44
-2.10195e-44
-2.66247e-44
-3.08286e-44
-3.36312e-44
-3.50325e-44
-3.64338e-44
-3.78351e-44
-4.06377e-44
-4.2039e-44
-4.2039e-44
-4.06377e-44
-3.78351e-44
-3.50325e-44
-3.08286e-44
-2.66247e-44
-2.10195e-44
-1.54143e-44
-9.80909e-45
-4.2039e-45
1.4013e-45
8.40779e-45
1.4013e-44
1.68156e-44
1.82169e-44
1.82169e-44
1.82169e-44
1.68156e-44
1.54143e-44
1.4013e-44
1.26117e-44
1.12104e-44
9.80909e-45
8.40779e-45
5.60519e-45
4.2039e-45
4.2039e-45
5.60519e-45
8.40779e-45
1.12104e-44
1.4013e-44
1.68156e-44
1.96182e-44
2.24208e-44
2.52234e-44
2.8026e-44
2.94273e-44
3.08286e-44
2.94273e-44
2.52234e-44
1.96182e-44
1.26117e-44
5.60519e-45
-1.4013e-45
-8.40779e-45
-1.54143e-44
-2.10195e-44
-2.66247e-44
-3.08286e-44
-3.36312e-44
-3.64338e-44
-3.78351e-44
-3.78351e-44
-3.64338e-44
-3.36312e-44
-3.08286e-44
-2.66247e-44
-2.10195e-44
-1.54143e-44
-9.80909e-45
-4.2039e-45
1.4013e-45
7.00649e-45
1.4013e-44
1.82169e-44
2.10195e-44
2.24208e-44
2.24208e-44
2.24208e-44
2.10195e-44
1.96182e-44
1.82169e-44
1.68156e-44
1.54143e-44
1.4013e-44
1.26117e-44
9.80909e-45
8.40779e-45
8.40779e-45
9.80909e-45
1.12104e-44
1.12104e-44
1.26117e-44
1.4013e-44
1.54143e-44
1.68156e-44
1.82169e-44
1.96182e-44
2.10195e-44
2.38221e-44
2.52234e-44
2.52234e-44
2.38221e-44
2.10195e-44
1.82169e-44
1.4013e-44
9.80909e-45
5.60519e-45
1.4013e-45
-2.8026e-45
-7.00649e-45
-1.12104e-44
-1.54143e-44
-1.82169e-44
-1.96182e-44
-1.96182e-44
-1.82169e-44
-1.68156e-44
-1.4013e-44
-1.12104e-44
-8.40779e-45
-7.00649e-45
-5.60519e-45
-4.2039e-45
-2.8026e-45
0
1.4013e-45
1.4013e-45
0
-2.8026e-45
-5.60519e-45
-9.80909e-45
-1.26117e-44
-1.4013e-44
-1.54143e-44
-1.68156e-44
-1.82169e-44
-1.96182e-44
-2.24208e-44
-2.38221e-44
-2.38221e-44
-2.24208e-44
-1.96182e-44
-1.68156e-44
-1.26117e-44
-8.40779e-45
-5.60519e-45
-2.8026e-45
0
2.8026e-45
5.60519e-45
9.80909e-45
1.12104e-44
9.80909e-45
7.00649e-45
2.8026e-45
-1.4013e-45
-7.00649e-45
-1.26117e-44
-1.68156e-44
-2.10195e-44
-2.52234e-44
-2.94273e-44
-3.22299e-44
-3.50325e-44
-3.50325e-44
-3.36312e-44
-3.08286e-44
-2.66247e-44
-2.10195e-44
-1.4013e-44
-7.00649e-45
-1.4013e-45
4.2039e-45
9.80909e-45
1.4013e-44
1.68156e-44
2.10195e-44
2.38221e-44
2.52234e-44
2.52234e-44
2.38221e-44
2.24208e-44
1.96182e-44
1.68156e-44
1.4013e-44
1.12104e-44
8.40779e-45
7.00649e-45
5.60519e-45
2.8026e-45
1.4013e-45
1.4013e-45
2.8026e-45
5.60519e-45
8.40779e-45
1.26117e-44
1.54143e-44
1.82169e-44
2.10195e-44
2.38221e-44
2.66247e-44
2.8026e-44
2.94273e-44
2.8026e-44
2.38221e-44
1.82169e-44
1.12104e-44
4.2039e-45
-2.8026e-45
-9.80909e-45
-1.54143e-44
-1.96182e-44
-2.38221e-44
-2.8026e-44
-3.08286e-44
-3.36312e-44
-3.36312e-44
-3.22299e-44
-2.94273e-44
-2.38221e-44
-1.82169e-44
-1.12104e-44
-4.2039e-45
1.4013e-45
7.00649e-45
1.26117e-44
1.68156e-44
2.10195e-44
2.66247e-44
2.94273e-44
2.94273e-44
2.66247e-44
2.10195e-44
1.54143e-44
8.40779e-45
2.8026e-45
-2.8026e-45
-8.40779e-45
-1.4013e-44
-1.82169e-44
-2.24208e-44
-2.8026e-44
-3.08286e-44
-3.08286e-44
-2.8026e-44
-2.24208e-44
-1.68156e-44
-9.80909e-45
-2.8026e-45
4.2039e-45
1.12104e-44
1.68156e-44
2.24208e-44
2.8026e-44
3.36312e-44
3.64338e-44
3.78351e-44
3.78351e-44
3.64338e-44
3.50325e-44
3.22299e-44
2.94273e-44
2.52234e-44
2.10195e-44
1.68156e-44
1.26117e-44
8.40779e-45
4.2039e-45
1.4013e-45
0
0
1.4013e-45
2.8026e-45
5.60519e-45
8.40779e-45
1.12104e-44
1.26117e-44
1.4013e-44
1.54143e-44
1.68156e-44
1.96182e-44
2.10195e-44
2.10195e-44
1.96182e-44
1.68156e-44
1.4013e-44
9.80909e-45
5.60519e-45
1.4013e-45
-2.8026e-45
-7.00649e-45
-1.12104e-44
-1.4013e-44
-1.82169e-44
-2.10195e-44
-2.24208e-44
-2.24208e-44
-2.10195e-44
-1.96182e-44
-1.68156e-44
-1.4013e-44
-1.12104e-44
-8.40779e-45
-7.00649e-45
-5.60519e-45
-4.2039e-45
-1.4013e-45
0
0
-1.4013e-45
-4.2039e-45
-7.00649e-45
-1.12104e-44
-1.4013e-44
-1.68156e-44
-1.96182e-44
-2.24208e-44
-2.52234e-44
-2.8026e-44
-3.08286e-44
-3.08286e-44
-2.8026e-44
-2.24208e-44
-1.54143e-44
-8.40779e-45
-1.4013e-45
5.60519e-45
1.26117e-44
1.82169e-44
2.38221e-44
2.94273e-44
3.36312e-44
3.78351e-44
4.06377e-44
4.2039e-44
4.2039e-44
4.06377e-44
3.92364e-44
3.64338e-44
3.36312e-44
3.08286e-44
2.8026e-44
2.38221e-44
1.96182e-44
1.54143e-44
9.80909e-45
5.60519e-45
2.8026e-45
1.4013e-45
1.4013e-45
1.4013e-45
2.8026e-45
4.2039e-45
5.60519e-45
7.00649e-45
8.40779e-45
9.80909e-45
9.80909e-45
9.80909e-45
7.00649e-45
2.8026e-45
-2.8026e-45
-9.80909e-45
-1.54143e-44
-2.10195e-44
-2.66247e-44
-3.08286e-44
-3.36312e-44
-3.50325e-44
-3.64338e-44
-3.78351e-44
-4.06377e-44
-4.2039e-44
-4.2039e-44
-4.06377e-44
-3.78351e-44
-3.50325e-44
-3.08286e-44
-2.66247e-44
-2.10195e-44
-1.54143e-44
-9.80909e-45
-4.2039e-45
1.4013e-45
8.40779e-45
1.4013e-44
1.68156e-44
1.82169e-44
1.82169e-44
1.82169e-44
1.68156e-44
1.54143e-44
1.4013e-44
1.26117e-44
1.12104e-44
9.80909e-45
8.40779e-45
5.60519e-45
4.2039e-45
4.2039e-45
5.60519e-45
8.40779e-45
1.12104e-44
1.4013e-44
1.68156e-44
1.96182e-44
2.24208e-44
2.52234e-44
2.8026e-44
2.94273e-44
3.08286e-44
2.94273e-44
2.52234e-44
1.96182e-44
1.26117e-44
5.60519e-45
-1.4013e-45
-8.40779e-45
-1.54143e-44
-2.10195e-44
-2.66247e-44
-3.08286e-44
-3.36312e-44
-3.64338e-44
-3.78351e-44
-3.78351e-44
-3.64338e-44
-3.36312e-44
-3.08286e-44
-2.66247e-44
-2.10195e-44
-1.54143e-44
-9.80909e-45
-4.2039e-45
1.4013e-45
7.00649e-45
1.4013e-44
1.82169e-44
2.10195e-44
2.24208e-44
2.24208e-44
2.24208e-44
2.10195e-44
1.96182e-44
1.82169e-44
1.68156e-44
1.54143e-44
1.4013e-44
1.26117e-44
9.80909e-45
8.40779e-45
8.40779e-45
9.80909e-45
1.12104e-44
1.12104e-44
1.26117e-44
1.4013e-44
1.54143e-44
1.68156e-44
1.82169e-44
1.96182e-44
2.10195e-44
2.38221e-44
2.52234e-44
2.52234e-44
2.38221e-44
2.10195e-44
1.82169e-44
1.4013e-44
9.80909e-45
5.60519e-45
1.4013e-45
-2.8026e-45
-7.00649e-45
-1.12104e-44
-1.54143e-44
-1.82169e-44
-1.96182e-44
-1.96182e-44
-1.82169e-44
-1.68156e-44
-1.4013e-44
-1.12104e-44
-8.40779e-45
-7.00649e-45
-5.60519e-45
-4.2039e-45
-2.8026e-45
0
1.4013e-45
1.4013e-45
0
-2.8026e-45
-5.60519e-45
-9.80909e-45
-1.26117e-44
-1.4013e-44
-1.54143e-44
-1.68156e-44
-1.82169e-44
-1.96182e-44
-2.24208e-44
-2.38221e-44
-2.38221e-44
-2.24208e-44
-1.96182e-44
-1.68156e-44
-1.26117e-44
-8.40779e-45
-5.60519e-45
-2.8026e-45
0
2.8026e-45
5.60519e-45
9.80909e-45
1.12104e-44
9.80909e-45
7.00649e-45
2.8026e-45
-1.4013e-45
-7.00649e-45
-1.26117e-44
-1.68156e-44
-2.10195e-44
-2.52234e-44
-2.94273e-44
-3.22299e-44
-3.50325e-44
-3.50325e-44
-3.36312e-44
-3.08286e-44
-2.66247e-44
-2.10195e-44
-1.4013e-44
-7.00649e-45
-1.4013e-45
4.2039e-45
9.80909e-45
1.4013e-44
1.68156e-44
2.10195e-44
2.38221e-44
2.52234e-44
2.52234e-44
2.38221e-44
2.24208e-44
1.96182e-44
1.68156e-44
1.4013e-44
1.12104e-44
8.40779e-45
7.00649e-45
5.60519e-45
2.8026e-45
1.4013e-45
1.4013e-45
2.8026e-45
5.60519e-45
8.40779e-45
1.26117e-44
1.54143e-44
1.82169e-44
2.10195e-44
2.38221e-44
2.66247e-44
2.8026e-44
2.94273e-44
2.8026e-44
2.38221e-44
1.82169e-44
1.12104e-44
4.2039e-45
-2.8026e-45
-9.80909e-45
-1.54143e-44
-1.96182e-44
-2.38221e-44
-2.8026e-44
-3.08286e-44
-3.36312e-44
-3.36312e-44
-3.22299e-44
-2.94273e-44
-2.38221e-44
-1.82169e-44
-1.12104e-44
-4.2039e-45
1.4013e-45
7.00649e-45
1.26117e-44
1.68156e-44
2.10195e-44
2.66247e-44
2.94273e-44
2.94273e-44
2.66247e-44
2.10195e-44
1.54143e-44
8.40779e-45
2.8026e-45
-2.8026e-45
-8.40779e-45
-1.4013e-44
-1.82169e-44
-2.24208e-44
-2.8026e-44
-3.08286e-44
-3.08286e-44
-2.8026e-44
-2.24208e-44
-1.68156e-44
-9.80909e-45
-2.8026e-45
4.2039e-45
1.12104e-44
1.68156e-44
2.24208e-44
2.8026e-44
3.36312e-44
3.64338e-44
3.78351e-44
3.78351e-44
3.64338e-44
3.50325e-44
3.22299e-44
2.94273e-44
2.52234e-44
2.10195e-44
1.68156e-44
1.26117e-44
8.40779e-45
4.2039e-45
1.4013e-45
0
0
1.4013e-45
2.8026e-45
5.60519e-45
8.40779e-45
1.12104e-44
1.26117e-44
1.4013e-44
1.54143e-44
1.68156e-44
1.96182e-44
2.10195e-44
2.10195e-44
1.96182e-44
1.68156e-44
1.4013e-44
9.80909e-45
5.60519e-45
1.4013e-45
-2.8026e-45
-7.00649e-45
-1.12104e-44
-1.4013e-44
-1.82169e-44
-2.10195e-44
-2.24208e-44
-2.24208e-44
-2.10195e-44
-1.96182e-44
-1.68156e-44
-1.4013e-44
-1.12104e-44
-8.40779e-45
-7.00649e-45
-5.60519e-45
-4.2039e-45
-1.4013e-45
0
0
-1.4013e-45
-4.2039e-45
-7.00649e-45
-1.12104e-44
-1.4013e-44
-1.68156e-44
-1.96182e-44
-2.24208e-44
-2.52234e-44
-2.8026e-44
-3.08286e-44
-3.08286e-44
-2.8026e-44
-2.24208e-44
-1.54143e-44
-8.40779e-45
-1.4013e-45
5.60519e-45
1.26117e-44
1.82169e-44
2.38221e-44
2.94273e-44
3.36312e-44
3.78351e-44
4.06377e-44
4.2039e-44
4.2039e-44
4.06377e-44
3.92364e-44
3.64338e-44
3.36312e-44
3.08286e-44
2.8026e-44
2.38221e-44
1.96182e-44
1.54143e-44
9.80909e-45
5.60519e-45
2.8026e-45
1.4013e-45
1.4013e-45
1.4013e-45
2.8026e-45
4.2039e-45
5.60519e-45
7.00649e-45
8.40779e-45
9.80909e-45
9.80909e-45
9.80909e-45
7.00649e-45
2.8026e-45
-2.8026e-45
-9.80909e-45
-1.54143e-44
-2.10195e-44
-2.66247e-44
-3.08286e-44
-3.36312e-44
-3.50325e-44
-3.64338e-44
-3.78351e-44
-4.06377e-44
-4.2039e-44
-4.2039e-44
-4.06377e-44
-3.78351e-44
-3.50325e-44
-3.08286e-44
-2.66247e-44
-2.10195e-44
-1.54143e-44
-9.80909e-45
-4.2039e-45
1.4013e-45
8.40779e-45
1.4013e-44
1.68156e-44
1.82169e-44
1.82169e-44
1.82169e-44
1.68156e-44
1.54143e-44
1.4013e-44
1.26117e-44
1.12104e-44
9.80909e-45
8.40779e-45
5.60519e-45
4.2039e-45
4.2039e-45
5.60519e-45
8.40779e-45
1.12104e-44
1.4013e-44
1.68156e-44
1.96182e-44
2.24208e-44
2.52234e-44
2.8026e-44
2.94273e-44
3.08286e-44
2.94273e-44
2.52234e-44
1.96182e-44
1.26117e-44
5.60519e-45
-1.4013e-45
-8.40779e-45
-1.54143e-44
-2.10195e-44
-2.66247e-44
-3.08286e-44
-3.36312e-44
-3.64338e-44
-3.78351e-44
-3.78351e-44
-3.64338e-44
-3.36312e-44
-3.08286e-44
-2.66247e-44
-2.10195e-44
-1.54143e-44
-9.80909e-45
-4.2039e-45
1.4013e-45
7.00649e-45
1.4013e-44
1.82169e-44
2.10195e-44
2.24208e-44
2.24208e-44
2.24208e-44
2.10195e-44
1.96182e-44
1.82169e-44
1.68156e-44
1.54143e-44
1.4013e-44
1.26117e-44
9.80909e-45
8.40779e-45
8.40779e-45
9.80909e-45
1.12104e-44
1.12104e-44
1.26117e-44
1.4013e-44
1.54143e-44
1.68156e-44
1.82169e-44
1.96182e-44
2.10195e-44
2.38221e-44
2.52234e-44
2.52234e-44
2.38221e-44
2.10195e-44
1.82169e-44
1.4013e-44
9.80909e-45
5.60519e-45
1.4013e-45
-2.8026e-45
-7.00649e-45
-1.12104e-44
-1.54143e-44
-1.82169e-44
-1.96182e-44
-1.96182e-44
-1.82169e-44
-1.68156e-44
-1.4013e-44
-1.12104e-44
-8.40779e-45
-7.00649e-45
-5.60519e-45
-4.2039e-45
-2.8026e-45
0
1.4013e-45
1.4013e-45
0
-2.8026e-45
-5.60519e-45
-9.80909e-45
-1.26117e-44
-1.4013e-44
-1.54143e-44
-1.68156e-44
-1.82169e-44
-1.96182e-44
-2.24208e-44
-2.38221e-44
-2.38221e-44
-2.24208e-44
-1.96182e-44
-1.68156e-44
-1.26117e-44
-8.40779e-45
-5.60519e-45
-2.8026e-45
0
2.8026e-45
5.60519e-45
9.80909e-45
1.12104e-44
9.80909e-45
7.00649e-45
2.8026e-45
-1.4013e-45
-7.00649e-45
-1.26117e-44
-1.68156e-44
-2.10195e-44
-2.52234e-44
-2.94273e-44
-3.22299e-44
-3.50325e-44
-3.50325e-44
-3.36312e-44
-3.08286e-44
-2.66247e-44
-2.10195e-44
-1.4013e-44
-7.00649e-45
-1.4013e-45
4.2039e-45
9.80909e-45
1.4013e-44
1.68156e-44
2.10195e-44
2.38221e-44
2.52234e-44
2.52234e-44
2.38221e-44
2.24208e-44
1.96182e-44
1.68156e-44
1.4013e-44
1.12104e-44
8.40779e-45
7.00649e-45
5.60519e-45
2.8026e-45
1.4013e-45
1.4013e-45
2.8026e-45
5.60519e-45
8.40779e-45
1.26117e-44
1.54143e-44
1.82169e-44
2.10195e-44
2.38221e-44
2.66247e-44
2.8026e-44
2.94273e-44
2.8026e-44
2.38221e-44
1.82169e-44
1.12104e-44
4.2039e-45
-2.8026e-45
-9.80909e-45
-1.54143e-44
-1.96182e-44
-2.38221e-44
-2.8026e-44
-3.08286e-44
-3.36312e-44
-3.36312e-44
-3.22299e-44
-2.94273e-44
-2.38221e-44
-1.82169e-44
-1.12104e-44
-4.2039e-45
1.4013e-45
7.00649e-45
1.26117e-44
1.68156e-44
2.10195e-44
2.66247e-44
2.94273e-44
2.94273e-44
2.66247e-44
2.10195e-44
1.54143e-44
8.40779e-45
2.8026e-45
-2.8026e-45
-8.40779e-45
-1.4013e-44
-1.82169e-44
-2.24208e-44
-2.8026e-44
-3.08286e-44
-3.08286e-44
-2.8026e-44
-2.24208e-44
-1.68156e-44
-9.80909e-45
-2.8026e-45
4.2039e-45
1.12104e-44
1.68156e-44
2.24208e-44
2.8026e-44
3.36312e-44
3.64338e-44
3.78351e-44
3.78351e-44
3.64338e-44
3.50325e-44
3.22299e-44
2.94273e-44
2.52234e-44
2.10195e-44
1.68156e-44
1.26117e-44
8.40779e-45
4.2039e-45
1.4013e-45
0
0
1.4013e-45
2.8026e-45
5.60519e-45
8.40779e-45
1.12104e-44
1.26117e-44
1.4013e-44
1.54143e-44
1.68156e-44
1.96182e-44
2.10195e-44
2.10195e-44
1.96182e-44
1.68156e-44
1.4013e-44
9.80909e-45
5.60519e-45
1.4013e-45
-2.8026e-45
-7.00649e-45
-1.12104e-44
-1.4013e-44
-1.82169e-44
-2.10195e-44
-2.24208e-44
-2.24208e-44
-2.10195e-44
-1.96182e-44
-1.68156e-44
-1.4013e-44
-1.12104e-44
-8.40779e-45
-7.00649e-45
-5.60519e-45
-4.2039e-45
-1.4013e-45
0
0
-1.4013e-45
-4.2039e-45
-7.00649e-45
-1.12104e-44
-1.4013e-44
-1.68156e-44
-1.96182e-44
-2.24208e-44
-2.52234e-44
-2.8026e-44
-3.08286e-44
-3.08286e-44
-2.8026e-44
-2.24208e-44
-1.54143e-44
-8.40779e-45
-1.4013e-45
5.60519e-45
1.26117e-44
1.82169e-44
2.38221e-44
2.94273e-44
3.36312e-44
3.78351e-44
4.06377e-44
4.2039e-44
4.2039e-44
4.06377e-44
3.92364e-44
3.64338e-44
3.36312e-44
3.08286e-44
2.8026e-44
2.38221e-44
1.96182e-44
1.54143e-44
9.80909e-45
5.60519e-45
2.8026e-45
1.4013e-45
1.4013e-45
1.4013e-45
2.8026e-45
4.2039e-45
5.60519e-45
7.00649e-45
8.40779e-45
9.80909e-45
9.80909e-45
9.80909e-45
7.00649e-45
2.8026e-45
-2.8026e-45
-9.80909e-45
-1.54143e-44
-2.10195e-44
-2.66247e-44
-3.08286e-44
-3.36312e-44
-3.50325e-44
-3.64338e-44
-3.78351e-44
-4.06377e-44
-4.2039e-44
-4.2039e-44
-4.06377e-44
-3.78351e-44
-3.50325e-44
-3.08286e-44
-2.66247e-44
-2.10195e-44
-1.54143e-44
-9.80909e-45
-4.2039e-45
1.4013e-45
8.40779e-45
1.4013e-44
1.68156e-44
1.82169e-44
1.82169e-44
1.82169e-44
1.68156e-44
1.54143e-44
1.4013e-44
1.26117e-44
1.12104e-44
9.80909e-45
8.40779e-45
5.60519e-45
4.2039e-45
4.2039e-45
5.60519e-45
8.40779e-45
1.12104e-44
1.4013e-44
1.68156e-44
1.96182e-44
2.24208e-44
2.52234e-44
2.8026e-44
2.94273e-44
3.08286e-44
2.94273e-44
2.52234e-44
1.96182e-44
1.26117e-44
5.60519e-45
-1.4013e-45
-8.40779e-45
-1.54143e-44
-2.10195e-44
-2.66247e-44
-3.08286e-44
-3.36312e-44
-3.64338e-44
-3.78351e-44
-3.78351e-44
-3.64338e-44
-3.36312e-44
-3.08286e-44
-2.66247e-44
-2.10195e-44
-1.54143e-44
-9.80909e-45
-4.2039e-45
1.4013e-45
7.00649e-45
1.4013e-44
1.82169e-44
2.10195e-44
2.24208e-44
2.24208e-44
2.24208e-44
2.10195e-44
1.96182e-44
1.82169e-44
1.68156e-44
1.54143e-44
1.4013e-44
1.26117e-44
9.80909e-45
8.40779e-45
8.40779e-45
9.80909e-45
1.12104e-44
1.12104e-44
1.26117e-44
1.4013e-44
1.54143e-44
1.68156e-44
1.82169e-44
1.96182e-44
2.10195e-44
2.38221e-44
2.52234e-44
2.52234e-44
2.38221e-44
2.10195e-44
1.82169e-44
1.4013e-44
9.80909e-45
5.60519e-45
1.4013e-45
-2.8026e-45
-7.00649e-45
-1.12104e-44
-1.54143e-44
-1.82169e-44
-1.96182e-44
-1.96182e-44
-1.82169e-44
-1.68156e-44
-1.4013e-44
-1.12104e-44
-8.40779e-45
-7.00649e-45
-5.60519e-45
-4.2039e-45
-2.8026e-45
0
1.4013e-45
1.4013e-45
0
-2.8026e-45
-5.60519e-45
-9.80909e-45
-1.26117e-44
-1.4013e-44
-1.54143e-44
-1.68156e-44
-1.82169e-44
-1.96182e-44
-2.24208e-44
-2.38221e-44
-2.38221e-44
-2.24208e-44
-1.96182e-44
-1.68156e-44
-1.26117e-44
-8.40779e-45
-5.60519e-45
-2.8026e-45
0
2.8026e-45
5.60519e-45
9.80909e-45
1.12104e-44
9.80909e-45
7.00649e-45
2.8026e-45
-1.4013e-45
-7.00649e-45
-1.26117e-44
-1.68156e-44
-2.10195e-44
-2.52234e-44
-2.94273e-44
-3.22299e-44
-3.50325e-44
-3.50325e-44
-3.36312e-44
-3.08286e-44
-2.66247e-44
-2.10195e-44
-1.4013e-44
-7.00649e-45
-1.4013e-45
4.2039e-45
9.80909e-45
1.4013e-44
1.68156e-44
2.10195e-44
2.38221e-44
2.52234e-44
2.52234e-44
2.38221e-44
2.24208e-44
1.96182e-44
1.68156e-44
1.4013e-44
1.12104e-44
8.40779e-45
7.00649e-45
5.60519e-45
2.8026e-45
1.4013e-45
1.4013e-45
2.8026e-45
5.60519e-45
8.40779e-45
1.26117e-44
1.54143e-44
1.82169e-44
2.10195e-44
2.38221e-44
2.66247e-44
2.8026e-44
2.94273e-44
2.8026e-44
2.38221e-44
1.82169e-44
1.12104e-44
4.2039e-45
-2.8026e-45
-9.80909e-45
-1.54143e-44
-1.96182e-44
-2.38221e-44
-2.8026e-44
-3.08286e-44
-3.36312e-44
-3.36312e-44
-3.22299e-44
-2.94273e-44
-2.38221e-44
-1.82169e-44
-1.12104e-44
-4.2039e-45
1.4013e-45
7.00649e-45
1.26117e-44
1.68156e-44
2.10195e-44
2.66247e-44
2.94273e-44
2.94273e-44
2.66247e-44
2.10195e-44
1.54143e-44
8.40779e-45
2.8026e-45
-2.8026e-45
-8.40779e-45
-1.4013e-44
-1.82169e-44
-2.24208e-44
-2.8026e-44
-3.08286e-44
-3.08286e-44
-2.8026e-44
-2.24208e-44
-1.68156e-44
-9.80909e-45
-2.8026e-45
4.2039e-45
1.12104e-44
1.68156e-44
2.24208e-44
2.8026e-44
3.36312e-44
3.64338e-44
3.78351e-44
3.78351e-44
3.64338e-44
3.50325e-44
3.22299e-44
2.94273e-44
2.52234e-44
2.10195e-44
1.68156e-44
1.26117e-44
8.40779e-45
4.2039e-45
1.4013e-45
0
0
1.4013e-45
2.8026e-45
5.60519e-45
8.40779e-45
1.12104e-44
1.26117e-44
1.4013e-44
1.54143e-44
1.68156e-44
1.96182e-44
2.10195e-44
2.10195e-44
1.96182e-44
1.68156e-44
1.4013e-44
9.80909e-45
5.60519e-45
1.4013e-45
-2.8026e-45
-7.00649e-45
-1.12104e-44
-1.4013e-44
-1.82169e-44
-2.10195e-44
-2.24208e-44
-2.24208e-44
-2.10195e-44
-1.96182e-44
-1.68156e-44
-1.4013e-44
-1.12104e-44
-8.40779e-45
-7.00649e-45
-5.60519e-45
-4.2039e-45
-1.4013e-45
0
0
-1.4013e-45
-4.2039e-45
-7.00649e-45
-1.12104e-44
-1.4013e-44
-1.68156e-44
-1.96182e-44
-2.24208e-44
-2.52234e-44
-2.8026e-44
-3.08286e-44
-3.08286e-44
-2.8026e-44
-2.24208e-44
-1.54143e-44
-8.40779e-45
-1.4013e-45
5.60519e-45
1.26117e-44
1.82169e-44
2.38221e-44
2.94273e-44
3.36312e-44
3.78351e-44
4.06377e-44
4.2039e-44
4.2039e-44
4.06377e-44
3.92364e-44
3.64338e-44
3.36312e-44
3.08286e-44
2.8026e-44
2.38221e-44
1.96182e-44
1.54143e-44
9.80909e-45
5.60519e-45
2.8026e-45
1.4013e-45
1.4013e-45
1.4013e-45
2.8026e-45
4.2039e-45
5.60519e-45
7.00649e-45
8.40779e-45
9.80909e-45
9.80909e-45
9.80909e-45
7.00649e-45
2.8026e-45
-2.8026e-45
-9.80909e-45
-1.54143e-44
-2.10195e-44
-2.66247e-44
-3.08286e-44
-3.36312e-44
-3.50325e-44
-3.64338e-44
-3.78351e-44
-4.06377e-44
-4.2039e-44
-4.2039e-44
-4.06377e-44
-3.78351e-44
-3.50325e-44
-3.08286e-44
-2.66247e-44
-2.10195e-44
-1.54143e-44
-9.80909e-45
-4.2039e-45
1.4013e-45
8.40779e-45
1.4013e-44
1.68156e-44
1.82169e-44
1.82169e-44
1.82169e-44
1.68156e-44
1.54143e-44
1.4013e-44
1.26117e-44
1.12104e-44
9.80909e-45
8.40779e-45
5.60519e-45
4.2039e-45
4.2039e-45
5.60519e-45
8.40779e-45
1.12104e-44
1.4013e-44
1.68156e-44
1.96182e-44
2.24208e-44
2.52234e-44
2.8026e-44
2.94273e-44
3.08286e-44
2.94273e-44
2.52234e-44
1.96182e-44
1.26117e-44
5.60519e-45
-1.4013e-45
-8.40779e-45
-1.54143e-44
-2.10195e-44
-2.66247e-44
-3.08286e-44
-3.36312e-44
-3.64338e-44
-3.78351e-44
-3.78351e-44
-3.64338e-44
-3.36312e-44
-3.08286e-44
-2.66247e-44
-2.10195e-44
-1.54143e-44
-9.80909e-45
-4.2039e-45
1.4013e-45
7.00649e-45
1.4013e-44
1.82169e-44
2.10195e-44
2.24208e-44
2.24208e-44
2.24208e-44
2.10195e-44
1.96182e-44
1.82169e-44
1.68156e-44
1.54143e-44
1.4013e-44
1.26117e-44
9.80909e-45
8.40779e-45
8.40779e-45
9.80909e-45
1.12104e-44
1.12104e-44
1.26117e-44
1.4013e-44
1.54143e-44
1.68156e-44
1.82169e-44
1.96182e-44
2.10195e-44
2.38221e-44
2.52234e-44
2.52234e-44
2.38221e-44
2.10195e-44
1.82169e-44
1.4013e-44
9.80909e-45
5.60519e-45
1.4013e-45
-2.8026e-45
-7.00649e-45
-1.12104e-44
-1.54143e-44
-1.82169e-44
-1.96182e-44
-1.96182e-44
-1.82169e-44
-1.68156e-44
-1.4013e-44
-1.12104e-44
-8.40779e-45
-7.00649e-45
-5.60519e-45
-4.2039e-45
-2.8026e-45
0
1.4013e-45
1.4013e-45
0
-2.8026e-45
-5.60519e-45
-9.80909e-45
-1.26117e-44
-1.4013e-44
-1.54143e-44
-1.68156e-44
-1.82169e-44
-1.96182e-44
-2.24208e-44
-2.38221e-44
-2.38221e-44
-2.24208e-44
-1.96182e-44
-1.68156e-44
-1.26117e-44
-8.40779e-45
-5.60519e-45
-2.8026e-45
0
2.8026e-45
5.60519e-45
9.80909e-45
1.12104e-44
9.80909e-45
7.00649e-45
2.8026e-45
-1.4013e-45
-7.00649e-45
-1.26117e-44
-1.68156e-44
-2.10195e-44
-2.52234e-44
-2.94273e-44
-3.22299e-44
-3.50325e-44
-3.50325e-44
-3.36312e-44
-3.08286e-44
-2.66247e-44
-2.10195e-44
-1.4013e-44
-7.00649e-45
-1.4013e-45
4.2039e-45
9.80909e-45
1.4013e-44
1.68156e-44
2.10195e-44
2.38221e-44
2.52234e-44
2.52234e-44
2.38221e-44
2.24208e-44
1.96182e-44
1.68156e-44
1.4013e-44
1.12104e-44
8.40779e-45
7.00649e-45
5.60519e-45
2.8026e-45
1.4013e-45
1.4013e-45
2.8026e-45
5.60519e-45
8.40779e-45
1.26117e-44
1.54143e-44
1.82169e-44
2.10195e-44
2.38221e-44
2.66247e-44
2.8026e-44
2.94273e-44
2.8026e-44
2.38221e-44
1.82169e-44
1.12104e-44
4.2039e-45
-2.8026e-45
-9.80909e-45
-1.54143e-44
-1.96182e-44
-2.38221e-44
-2.8026e-44
-3.08286e-44
-3.36312e-44
-3.36312e-44
-3.22299e-44
-2.94273e-44
-2.38221e-44
-1.82169e-44
-1.12104e-44
-4.2039e-45
1.4013e-45
7.00649e-45
1.26117e-44
1.68156e-44
2.10195e-44
2.66247e-44
2.94273e-44
2.94273e-44
2.66247e-44
2.10195e-44
1.54143e-44
8.40779e-45
2.8026e-45
-2.8026e-45
-8.40779e-45
-1.4013e-44
-1.82169e-44
-2.24208e-44
-2.8026e-44
-3.08286e-44
-3.08286e-44
-2.8026e-44
-2.24208e-44
-1.68156e-44
-9.80909e-45
-2.8026e-45
4.2039e-45
1.12104e-44
1.68156e-44
2.24208e-44
2.8026e-44
3.36312e-44
3.64338e-44
3.78351e-44
3.78351e-44
3.64338e-44
3.50325e-44
3.22299e-44
2.94273e-44
2.52234e-44
2.10195e-44
1.68156e-44
1.26117e-44
8.40779e-45
4.2039e-45
1.4013e-45
0
0
1.4013e-45
2.8026e-45
5.60519e-45
8.40779e-45
1.12104e-44
1.26117e-44
1.4013e-44
1.54143e-44
1.68156e-44
1.96182e-44
2.10195e-44
2.10195e-44
1.96182e-44
1.68156e-44
1.4013e-44
9.80909e-45
5.60519e-45
1.4013e-45
-2.8026e-45
-7.00649e-45
-1.12104e-44
-1.4013e-44
-1.82169e-44
-2.10195e-44
-2.24208e-44
-2.24208e-44
-2.10195e-44
-1.96182e-44
-1.68156e-44
-1.4013e-44
-1.12104e-44
-8.40779e-45
-7.00649e-45
-5.60519e-45
-4.2039e-45
-1.4013e-45
0
0
-1.4013e-45
-4.2039e-45
-7.00649e-45
-1.12104e-44
-1.4013e-44
-1.68156e-44
-1.96182e-44
-2.24208e-44
-2.52234e-44
-2.8026e-44
-3.08286e-44
-3.08286e-44
-2.8026e-44
-2.24208e-44
-1.54143e-44
-8.40779e-45
-1.4013e-45
5.60519e-45
1.26117e-44
1.82169e-44
2.38221e-44
2.94273e-44
3.36312e-44
3.78351e-44
4.06377e-44
4.2039e-44
4.2039e-44
4.06377e-44
3.92364e-44
3.64338e-44
3.36312e-44
3.08286e-44
2.8026e-44
2.38221e-44
1.96182e-44
1.54143e-44
9.80909e-45
5.60519e-45
2.8026e-45
1.4013e-45
1.4013e-45
1.4013e-45
2.8026e-45
4.2039e-45
5.60519e-45
7.00649e-45
8.40779e-45
9.80909e-45
9.80909e-45
9.80909e-45
7.00649e-45
2.8026e-45
-2.8026e-45
-9.80909e-45
-1.54143e-44
-2.10195e-44
-2.66247e-44
-3.08286e-44
-3.36312e-44
-3.50325e-44
-3.64338e-44
-3.78351e-44
-4.06377e-44
-4.2039e-44
-4.2039e-44
-4.06377e-44
-3.78351e-44
-3.50325e-44
-3.08286e-44
-2.66247e-44
-2.10195e-44
-1.54143e-44
-9.80909e-45
-4.2039e-45
1.4013e-45
8.40779e-45
1.4013e-44
1.68156e-44
1.82169e-44
1.82169e-44
1.82169e-44
1.68156e-44
1.54143e-44
1.4013e-44
1.26117e-44
1.12104e-44
9.80909e-45
8.40779e-45
5.60519e-45
4.2039e-45
4.2039e-45
5.60519e-45
8.40779e-45
1.12104e-44
1.4013e-44
1.68156e-44
1.96182e-44
2.24208e-44
2.52234e-44
2.8026e-44
2.94273e-44
3.08286e-44
2.94273e-44
2.52234e-44
1.96182e-44
1.26117e-44
5.60519e-45
-1.4013e-45
-8.40779e-45
-1.54143e-44
-2.10195e-44
-2.66247e-44
-3.08286e-44
-3.36312e-44
-3.64338e-44
-3.78351e-44
-3.78351e-44
-3.64338e-44
-3.36312e-44
-3.08286e-44
-2.66247e-44
-2.10195e-44
-1.54143e-44
-9.80909e-45
-4.2039e-45
1.4013e-45
7.00649e-45
1.4013e-44
1.82169e-44
2.10195e-44
2.24208e-44
2.24208e-44
2.24208e-44
2.10195e-44
1.96182e-44
1.82169e-44
1.68156e-44
1.54143e-44
1.4013e-44
1.26117e-44
9.80909e-45
8.40779e-45
8.40779e-45
9.80909e-45
1.12104e-44
1.12104e-44
1.26117e-44
1.4013e-44
1.54143e-44
1.68156e-44
1.82169e-44
1.96182e-44
2.10195e-44
2.38221e-44
2.52234e-44
2.52234e-44
2.38221e-44
2.10195e-44
1.82169e-44
1.4013e-44
9.80909e-45
5.60519e-45
1.4013e-45
-2.8026e-45
-7.00649e-45
-1.12104e-44
-1.54143e-44
-1.82169e-44
-1.96182e-44
-1.96182e-44
-1.82169e-44
-1.68156e-44
-1.4013e-44
-1.12104e-44
-8.40779e-45
-7.00649e-45
-5.60519e-45
-4.2039e-45
-2.8026e-45
0
1.4013e-45
1.4013e-45
0
-2.8026e-45
-5.60519e-45
-9.80909e-45
-1.26117e-44
-1.4013e-44
-1.54143e-44
-1.68156e-44
-1.82169e-44
-1.96182e-44
-2.24208e-44
-2.38221e-44
-2.38221e-44
-2.24208e-44
-1.96182e-44
-1.68156e-44
-1.26117e-44
-8.40779e-45
-5.60519e-45
-2.8026e-45
0
2.8026e-45
5.60519e-45
9.80909e-45
1.12104e-44
9.80909e-45
7.00649e-45
2.8026e-45
-1.4013e-45
-7.00649e-45
-1.26117e-44
-1.68156e-44
-2.10195e-44
-2.52234e-44
-2.94273e-44
-3.22299e-44
-3.50325e-44
-3.50325e-44
-3.36312e-44
-3.08286e-44
-2.66247e-44
-2.10195e-44
-1.4013e-44
-7.00649e-45
-1.4013e-45
4.2039e-45
9.80909e-45
1.4013e-44
1.68156e-44
2.10195e-44
2.38221e-44
2.52234e-44
2.52234e-44
2.38221e-44
2.24208e-44
1.96182e-44
1.68156e-44
1.4013e-44
1.12104e-44
8.40779e-45
7.00649e-45
5.60519e-45
2.8026e-45
1.4013e-45
1.4013e-45
2.8026e-45
5.60519e-45
8.40779e-45
1.26117e-44
1.54143e-44
1.82169e-44
2.10195e-44
2.38221e-44
2.66247e-44
2.8026e-44
2.94273e-44
2.8026e-44
2.38221e-44
1.82169e-44
1.12104e-44
4.2039e-45
-2.8026e-45
-9.80909e-45
-1.54143e-44
-1.96182e-44
-2.38221e-44
-2.8026e-44
-3.08286e-44
-3.36312e-44
-3.36312e-44
-3.22299e-44
-2.94273e-44
-2.38221e-44
-1.82169e-44
-1.12104e-44
-4.2039e-45
1.4013e-45
7.00649e-45
1.26117e-44
1.68156e-44
2.10195e-44
2.66247e-44
2.94273e-44
2.94273e-44
2.66247e-44
2.10195e-44
1.54143e-44
8.40779e-45
2.8026e-45
-2.8026e-45
-8.40779e-45
-1.4013e-44
-1.82169e-44
-2.24208e-44
-2.8026e-44
-3.08286e-44
-3.08286e-44
-2.8026e-44
-2.24208e-44
-1.68156e-44
-9.80909e-45
-2.8026e-45
4.2039e-45
1.12104e-44
1.68156e-44
2.24208e-44
2.8026e-44
3.36312e-44
3.64338e-44
3.78351e-44
3.78351e-44
3.64338e-44
3.50325e-44
3.22299e-44
2.94273e-44
2.52234e-44
2.10195e-44
1.68156e-44
1.26117e-44
8.40779e-45
4.2039e-45
1.4013e-45
0
0
1.4013e-45
2.8026e-45
5.60519e-45
8.40779e-45
1.12104e-44
1.26117e-44
1.4013e-44
1.54143e-44
1.68156e-44
1.96182e-44
2.10195e-44
2.10195e-44
1.96182e-44
1.68156e-44
1.4013e-44
9.80909e-45
5.60519e-45
1.4013e-45
-2.8026e-45
-7.00649e-45
-1.12104e-44
-1.4013e-44
-1.82169e-44
-2.10195e-44
-2.24208e-44
-2.24208e-44
-2.10195e-44
-1.96182e-44
-1.68156e-44
-1.4013e-44
-1.12104e-44
-8.40779e-45
-7.00649e-45
-5.60519e-45
-4.2039e-45
-1.4013e-45
0
0
-1.4013e-45
-4.2039e-45
-7.00649e-45
-1.12104e-44
-1.4013e-44
-1.68156e-44
-1.96182e-44
-2.24208e-44
-2.52234e-44
-2.8026e-44
-3.08286e-44
-3.08286e-44
-2.8026e-44
-2.24208e-44
-1.54143e-44
-8.40779e-45
-1.4013e-45
5.60519e-45
1.26117e-44
1.82169e-44
2.38221e-44
2.94273e-44
3.36312e-44
3.78351e-44
4.06377e-44
4.2039e-44
4.2039e-44
4.06377e-44
3.92364e-44
3.64338e-44
3.36312e-44
3.08286e-44
2.8026e-44
2.38221e-44
1.96182e-44
1.54143e-44
9.80909e-45
5.60519e-45
2.8026e-45
1.4013e-45
1.4013e-45
1.4013e-45
2.8026e-45
4.2039e-45
5.60519e-45
7.00649e-45
8.40779e-45
9.80909e-45
9.80909e-45
9.80909e-45
7.00649e-45
2.8026e-45
-2.8026e-45
-9.80909e-45
-1.54143e-44
-2.10195e-44
-2.66247e-44
-3.08286e-44
-3.36312e-44
-3.50325e-44
-3.64338e-44
-3.78351e-44
-4.06377e-44
-4.2039e-44
-4.2039e-44
-4.06377e-44
-3.78351e-44
-3.50325e-44
-3.08286e-44
-2.66247e-44
-2.10195e-44
-1.54143e-44
-9.80909e-45
-4.2039e-45
1.4013e-45
8.40779e-45
1.4013e-44
1.68156e-44
1.82169e-44
1.82169e-44
1.82169e-44
1.68156e-44
1.54143e-44
1.4013e-44
1.26117e-44
1.12104e-44
9.80909e-45
8.40779e-45
5.60519e-45
4.2039e-45
4.2039e-45
5.60519e-45
8.40779e-45
1.12104e-44
1.4013e-44
1.68156e-44
1.96182e-44
2.24208e-44
2.52234e-44
2.8026e-44
2.94273e-44
3.08286e-44
2.94273e-44
2.52234e-44
1.96182e-44
1.26117e-44
5.60519e-45
-1.4013e-45
-8.40779e-45
-1.54143e-44
-2.10195e-44
-2.66247e-44
-3.08286e-44
-3.36312e-44
-3.64338e-44
-3.78351e-44
-3.78351e-44
-3.64338e-44
-3.36312e-44
-3.08286e-44
-2.66247e-44
-2.10195e-44
-1.54143e-44
-9.80909e-45
-4.2039e-45
1.4013e-45
7.00649e-45
1.4013e-44
1.82169e-44
2.10195e-44
2.24208e-44
2.24208e-44
2.24208e-44
2.10195e-44
1.96182e-44
1.82169e-44
1.68156e-44
1.54143e-44
1.4013e-44
1.26117e-44
9.80909e-45
8.40779e-45
8.40779e-45
9.80909e-45
1.12104e-44
1.12104e-44
1.26117e-44
1.4013e-44
1.54143e-44
1.68156e-44
1.82169e-44
1.96182e-44
2.10195e-44
2.38221e-44
2.52234e-44
2.52234e-44
2.38221e-44
2.10195e-44
1.82169e-44
1.4013e-44
9.80909e-45
5.60519e-45
1.4013e-45
-2.8026e-45
-7.00649e-45
-1.12104e-44
-1.54143e-44
-1.82169e-44
-1.96182e-44
-1.96182e-44
-1.82169e-44
-1.68156e-44
-1.4013e-44
-1.12104e-44
-8.40779e-45
-7.00649e-45
-5.60519e-45
-4.2039e-45
-2.8026e-45
0
1.4013e-45
1.4013e-45
0
-2.8026e-45
-5.60519e-45
-9.80909e-45
-1.26117e-44
-1.4013e-44
-1.54143e-44
-1.68156e-44
-1.82169e-44
-1.96182e-44
-2.24208e-44
-2.38221e-44
-2.38221e-44
-2.24208e-44
-1.96182e-44
-1.68156e-44
-1.26117e-44
-8.40779e-45
-5.60519e-45
-2.8026e-45
0
2.8026e-45
5.60519e-45
9.80909e-45
1.12104e-44
9.80909e-45
7.00649e-45
2.8026e-45
-1.4013e-45
-7.00649e-45
-1.26117e-44
-1.68156e-44
-2.10195e-44
-2.52234e-44
-2.94273e-44
-3.22299e-44
-3.50325e-44
-3.50325e-44
-3.36312e-44
-3.08286e-44
-2.66247e-44
-2.10195e-44
-1.4013e-44
-7.00649e-45
-1.4013e-45
4.2039e-45
9.80909e-45
1.4013e-44
1.68156e-44
2.10195e-44
2.38221e-44
2.52234e-44
2.52234e-44
2.38221e-44
2.24208e-44
1.96182e-44
1.68156e-44
1.4013e-44
1.12104e-44
8.40779e-45
7.00649e-45
5.60519e-45
2.8026e-45
1.4013e-45
1.4013e-45
2.8026e-45
5.60519e-45
8.40779e-45
1.26117e-44
1.54143e-44
1.82169e-44
2.10195e-44
2.38221e-44
2.66247e-44
2.8026e-44
2.94273e-44
2.8026e-44
2.38221e-44
1.82169e-44
1.12104e-44
4.2039e-45
-2.8026e-45
-9.80909e-45
-1.54143e-44
-1.96182e-44
-2.38221e-44
-2.8026e-44
-3.08286e-44
-3.36312e-44
-3.36312e-44
-3.22299e-44
-2.94273e-44
-2.38221e-44
-1.82169e-44
-1.12104e-44
-4.2039e-45
1.4013e-45
7.00649e-45
1.26117e-44
1.68156e-44
2.10195e-44
2.66247e-44
2.94273e-44
2.94273e-44
2.66247e-44
2.10195e-44
1.54143e-44
8.40779e-45
2.8026e-45
-2.8026e-45
-8.40779e-45
-1.4013e-44
-1.82169e-44
-2.24208e-44
-2.8026e-44
-3.08286e-44
-3.08286e-44
-2.8026e-44
-2.24208e-44
-1.68156e-44
-9.80909e-45
-2.8026e-45
4.2039e-45
1.12104e-44
1.68156e-44
2.24208e-44
2.8026e-44
3.36312e-44
3.64338e-44
3.78351e-44
3.78351e-44
3.64338e-44
3.50325e-44
3.22299e-44
2.94273e-44
2.52234e-44
2.10195e-44
1.68156e-44
1.26117e-44
8.40779e-45
4.2039e-45
1.4013e-45
0
0
1.4013e-45
2.8026e-45
5.60519e-45
8.40779e-45
1.12104e-44
1.26117e-44
1.4013e-44
1.54143e-44
1.68156e-44
1.96182e-44
2.10195e-44
2.10195e-44
1.96182e-44
1.68156e-44
1.4013e-44
9.80909e-45
5.60519e-45
1.4013e-45
-2.8026e-45
-7.00649e-45
-1.12104e-44
-1.4013e-44
-1.82169e-44
-2.10195e-44
-2.24208e-44
-2.24208e-44
-2.10195e-44
-1.96182e-44
-1.68156e-44
-1.4013e-44
-1.12104e-44
-8.40779e-45
-7.00649e-45
-5.60519e-45
-4.2039e-45
-1.4013e-45
0
0
-1.4013e-45
-4.2039e-45
-7.00649e-45
-1.12104e-44
-1.4013e-44
-1.68156e-44
-1.96182e-44
-2.24208e-44
-2.52234e-44
-2.8026e-44
-3.08286e-44
-3.08286e-44
-2.8026e-44
-2.24208e-44
-1.54143e-44
-8.40779e-45
-1.4013e-45
5.60519e-45
1.26117e-44
1.82169e-44
2.38221e-44
2.94273e-44
3.36312e-44
3.78351e-44
4.06377e-44
4.2039e-44
4.2039e-44
4.06377e-44
3.92364e-44
3.64338e-44
3.36312e-44
3.08286e-44
2.8026e-44
2.38221e-44
1.96182e-44
1.54143e-44
9.80909e-45
5.60519e-45
2.8026e-45
1.4013e-45
1.4013e-45
1.4013e-45
2.8026e-45
4.2039e-45
5.60519e-45
7.00649e-45
8.40779e-45
9.80909e-45
9.80909e-45
9.80909e-45
7.00649e-45
2.8026e-45
-2.8026e-45
-9.80909e-45
-1.54143e-44
-2.10195e-44
-2.66247e-44
-3.08286e-44
-3.36312e-44
-3.50325e-44
-3.64338e-44
-3.78351e-44
-4.06377e-44
-4.2039e-44
-4.2039e-44
-4.06377e-44
-3.78351e-44
-3.50325e-44
-3.08286e-44
-2.66247e-44
-2.10195e-44
-1.54143e-44
-9.80909e-45
-4.2039e-45
1.4013e-45
8.40779e-45
1.4013e-44
1.68156e-44
1.82169e-44
1.82169e-44
1.82169e-44
1.68156e-44
1.54143e-44
1.4013e-44
1.26117e-44
1.12104e-44
9.80909e-45
8.40779e-45
5.60519e-45
4.2039e-45
4.2039e-45
5.60519e-45
8.40779e-45
1.12104e-44
1.4013e-44
1.68156e-44
1.96182e-44
2.24208e-44
2.52234e-44
2.8026e-44
2.94273e-44
3.08286e-44
2.94273e-44
2.52234e-44
1.96182e-44
1.26117e-44
5.60519e-45
-1.4013e-45
-8.40779e-45
-1.54143e-44
-2.10195e-44
-2.66247e-44
-3.08286e-44
-3.36312e-44
-3.64338e-44
-3.78351e-44
-3.78351e-44
-3.64338e-44
-3.36312e-44
-3.08286e-44
-2.66247e-44
-2.10195e-44
-1.54143e-44
-9.80909e-45
-4.2039e-45
1.4013e-45
7.00649e-45
1.4013e-44
1.82169e-44
2.10195e-44
2.24208e-44
2.24208e-44
2.24208e-44
2.10195e-44
1.96182e-44
1.82169e-44
1.68156e-44
1.54143e-44
1.4013e-44
1.26117e-44
9.80909e-45
8.40779e-45
8.40779e-45
9.80909e-45
1.12104e-44
1.12104e-44
1.26117e-44
1.4013e-44
1.54143e-44
1.68156e-44
1.82169e-44
1.96182e-44
2.10195e-44
2.38221e-44
2.52234e-44
2.52234e-44
2.38221e-44
2.10195e-44
1.82169e-44
1.4013e-44
9.80909e-45
5.60519e-45
1.4013e-45
-2.8026e-45
-7.00649e-45
-1.12104e-44
-1.54143e-44
-1.82169e-44
-1.96182e-44
-1.96182e-44
-1.82169e-44
-1.68156e-44
-1.4013e-44
-1.12104e-44
-8.40779e-45
-7.00649e-45
-5.60519e-45
-4.2039e-45
-2.8026e-45
0
1.4013e-45
1.4013e-45
0
-2.8026e-45
-5.60519e-45
-9.80909e-45
-1.26117e-44
-1.4013e-44
-1.54143e-44
-1.68156e-44
-1.82169e-44
-1.96182e-44
-2.24208e-44
-2.38221e-44
-2.38221e-44
-2.24208e-44
-1.96182e-44
-1.68156e-44
-1.26117e-44
-8.40779e-45
-5.60519e-45
-2.8026e-45
0
2.8026e-45
5.60519e-45
9.80909e-45
1.12104e-44
9.80909e-45
7.00649e-45
2.8026e-45
-1.4013e-45
-7.00649e-45
-1.26117e-44
-1.68156e-44
-2.10195e-44
-2.52234e-44
-2.94273e-44
-3.22299e-44
-3.50325e-44
-3.50325e-44
-3.36312e-44
-3.08286e-44
-2.66247e-44
-2.10195e-44
-1.4013e-44
-7.00649e-45
-1.4013e-45
4.2039e-45
9.80909e-45
1.4013e-44
1.68156e-44
2.10195e-44
2.38221e-44
2.52234e-44
2.52234e-44
2.38221e-44
2.24208e-44
1.96182e-44
1.68156e-44
1.4013e-44
1.12104e-44
8.40779e-45
7.00649e-45
5.60519e-45
2.8026e-45
1.4013e-45
1.4013e-45
2.8026e-45
5.60519e-45
8.40779e-45
1.26117e-44
1.54143e-44
1.82169e-44
2.10195e-44
2.38221e-44
2.66247e-44
2.8026e-44
2.94273e-44
2.8026e-44
2.38221e-44
1.82169e-44
1.12104e-44
4.2039e-45
-2.8026e-45
-9.80909e-45
-1.54143e-44
-1.96182e-44
-2.38221e-44
-2.8026e-44
-3.08286e-44
-3.36312e-44
-3.36312e-44
-3.22299e-44
-2.94273e-44
-2.38221e-44
-1.82169e-44
-1.12104e-44
-4.2039e-45
1.4013e-45
7.00649e-45
1.26117e-44
1.68156e-44
2.10195e-44
2.66247e-44
2.94273e-44
2.94273e-44
2.66247e-44
2.10195e-44
1.54143e-44
8.40779e-45
2.8026e-45
-2.8026e-45
-8.40779e-45
-1.4013e-44
-1.82169e-44
-2.24208e-44
-2.8026e-44
-3.08286e-44
-3.08286e-44
-2.8026e-44
-2.24208e-44
-1.68156e-44
-9.80909e-45
-2.8026e-45
4.2039e-45
1.12104e-44
1.68156e-44
2.24208e-44
2.8026e-44
3.36312e-44
3.64338e-44
3.78351e-44
3.78351e-44
3.64338e-44
3.50325e-44
3.22299e-44
2.94273e-44
2.52234e-44
2.10195e-44
1.68156e-44
1.26117e-44
8.40779e-45
4.2039e-45
1.4013e-45
0
0
1.4013e-45
2.8026e-45
5.60519e-45
8.40779e-45
1.12104e-44
1.26117e-44
1.4013e-44
1.54143e-44
1.68156e-44
1.96182e-44
2.10195e-44
2.10195e-44
1.96182e-44
1.68156e-44
1.4013e-44
9.80909e-45
5.60519e-45
1.4013e-45
-2.8026e-45
-7.00649e-45
-1.12104e-44
-1.4013e-44
-1.82169e-44
-2.10195e-44
-2.24208e-44
-2.24208e-44
-2.10195e-44
-1.96182e-44
-1.68156e-44
-1.4013e-44
-1.12104e-44
-8.40779e-45
-7.00649e-45
-5.60519e-45
-4.2039e-45
-1.4013e-45
0
0
-1.4013e-45
-4.2039e-45
-7.00649e-45
-1.12104e-44
-1.4013e-44
-1.68156e-44
-1.96182e-44
-2.24208e-44
-2.52234e-44
-2.8026e-44
-3.08286e-44
-3.08286e-44
-2.8026e-44
-2.24208e-44
-1.54143e-44
-8.40779e-45
-1.4013e-45
5.60519e-45
1.26117e-44
1.82169e-44
2.38221e-44
2.94273e-44
3.36312e-44
3.78351e-44
4.06377e-44
4.2039e-44
4.2039e-44
4.06377e-44
3.92364e-44
3.64338e-44
3.36312e-44
3.08286e-44
2.8026e-44
2.38221e-44
1.96182e-44
1.54143e-44
9.80909e-45
5.60519e-45
2.8026e-45
1.4013e-45
1.4013e-45
1.4013e-45
2.8026e-45
4.2039e-45
5.60519e-45
7.00649e-45
8.40779e-45
9.80909e-45
9.80909e-45
9.80909e-45
7.00649e-45
2.8026e-45
-2.8026e-45
-9.80909e-45
-1.54143e-44
-2.10195e-44
-2.66247e-44
-3.08286e-44
-3.36312e-44
-3.50325e-44
-3.64338e-44
-3.78351e-44
-4.06377e-44
-4.2039e-44
-4.2039e-44
-4.06377e-44
-3.78351e-44
-3.50325e-44
-3.08286e-44
-2.66247e-44
-2.10195e-44
-1.54143e-44
-9.80909e-45
-4.2039e-45
1.4013e-45
8.40779e-45
1.4013e-44
1.68156e-44
1.82169e-44
1.82169e-44
1.82169e-44
1.68156e-44
1.54143e-44
1.4013e-44
1.26117e-44
1.12104e-44
9.80909e-45
8.40779e-45
5.60519e-45
4.2039e-45
4.2039e-45
5.60519e-45
8.40779e-45
1.12104e-44
1.4013e-44
1.68156e-44
1.96182e-44
2.24208e-44
2.52234e-44
2.8026e-44
2.94273e-44
3.08286e-44
2.94273e-44
2.52234e-44
1.96182e-44
1.26117e-44
5.60519e-45
-1.4013e-45
-8.40779e-45
-1.54143e-44
-2.10195e-44
-2.66247e-44
-3.08286e-44
-3.36312e-44
-3.64338e-44
-3.78351e-44
-3.78351e-44
-3.64338e-44
-3.36312e-44
-3.08286e-44
-2.66247e-44
-2.10195e-44
-1.54143e-44
-9.80909e-45
-4.2039e-45
1.4013e-45
7.00649e-45
1.4013e-44
1.82169e-44
2.10195e-44
2.24208e-44
2.24208e-44
2.24208e-44
2.10195e-44
1.96182e-44
1.82169e-44
1.68156e-44
1.54143e-44
1.4013e-44
1.26117e-44
9.80909e-45
8.40779e-45
8.40779e-45
9.80909e-45
1.12104e-44
1.12104e-44
1.26117e-44
1.4013e-44
1.54143e-44
1.68156e-44
1.82169e-44
1.96182e-44
2.10195e-44
2.38221e-44
2.52234e-44
2.52234e-44
2.38221e-44
2.10195e-44
1.82169e-44
1.4013e-44
9.80909e-45
5.60519e-45
1.4013e-45
-2.8026e-45
-7.00649e-45
-1.12104e-44
-1.54143e-44
-1.82169e-44
-1.96182e-44
-1.96182e-44
-1.82169e-44
-1.68156e-44
-1.4013e-44
-1.12104e-44
-8.40779e-45
-7.00649e-45
-5.60519e-45
-4.2039e-45
-2.8026e-45
0
1.4013e-45
1.4013e-45
0
-2.8026e-45
-5.60519e-45
-9.80909e-45
-1.26117e-44
-1.4013e-44
-1.54143e-44
-1.68156e-44
-1.82169e-44
-1.96182e-44
-2.24208e-44
-2.38221e-44
-2.38221e-44
-2.24208e-44
-1.96182e-44
-1.68156e-44
-1.26117e-44
-8.40779e-45
-5.60519e-45
-2.8026e-45
0
2.8026e-45
5.60519e-45
9.80909e-45
1.12104e-44
9.80909e-45
7.00649e-45
2.8026e-45
-1.4013e-45
-7.00649e-45
-1.26117e-44
-1.68156e-44
-2.10195e-44
-2.52234e-44
-2.94273e-44
-3.22299e-44
-3.50325e-44
-3.50325e-44
-3.36312e-44
-3.08286e-44
-2.66247e-44
-2.10195e-44
-1.4013e-44
-7.00649e-45
-1.4013e-45
4.2039e-45
9.80909e-45
1.4013e-44
1.68156e-44
2.10195e-44
2.38221e-44
2.52234e-44
2.52234e-44
2.38221e-44
2.24208e-44
1.96182e-44
1.68156e-44
1.4013e-44
1.12104e-44
8.40779e-45
7.00649e-45
5.60519e-45
2.8026e-45
1.4013e-45
1.4013e-45
2.8026e-45
5.60519e-45
8.40779e-45
1.26117e-44
1.54143e-44
1.82169e-44
2.10195e-44
2.38221e-44
2.66247e-44
2.8026e-44
2.94273e-44
2.8026e-44
2.38221e-44
1.82169e-44
1.12104e-44
4.2039e-45
-2.8026e-45
-9.80909e-45
-1.54143e-44
-1.96182e-44
-2.38221e-44
-2.8026e-44
-3.08286e-44
-3.36312e-44
-3.36312e-44
-3.22299e-44
-2.94273e-44
-2.38221e-44
-1.82169e-44
-1.12104e-44
-4.2039e-45
1.4013e-45
7.00649e-45
1.26117e-44
1.68156e-44
2.10195e-44
2.66247e-44
2.94273e-44
2.94273e-44
2.66247e-44
2.10195e-44
1.54143e-44
8.40779e-45
2.8026e-45
-2.8026e-45
-8.40779e-45
-1.4013e-44
-1.82169e-44
-2.24208e-44
-2.8026e-44
-3.08286e-44
-3.08286e-44
-2.8026e-44
-2.24208e-44
-1.68156e-44
-9.80909e-45
-2.8026e-45
4.2039e-45
1.12104e-44
1.68156e-44
2.24208e-44
2.8026e-44
3.36312e-44
3.64338e-44
3.78351e-44
3.78351e-44
3.64338e-44
3.50325e-44
3.22299e-44
2.94273e-44
2.52234e-44
2.10195e-44
1.68156e-44
1.26117e-44
8.40779e-45
4.2039e-45
1.4013e-45
0
0
1.4013e-45
2.8026e-45
5.60519e-45
8.40779e-45
1.12104e-44
1.26117e-44
1.4013e-44
1.54143e-44
1.68156e-44
1.96182e-44
2.10195e-44
2.10195e-44
1.96182e-44
1.68156e-44
1.4013e-44
9.80909e-45
5.60519e-45
1.4013e-45
-2.8026e-45
-7.00649e-45
-1.12104e-44
-1.4013e-44
-1.82169e-44
-2.10195e-44
-2.24208e-44
-2.24208e-44
-2.10195e-44
-1.96182e-44
-1.68156e-44
-1.4013e-44
-1.12104e-44
-8.40779e-45
-7.00649e-45
-5.60519e-45
-4.2039e-45
-1.4013e-45
0
0
-1.4013e-45
-4.2039e-45
-7.00649e-45
-1.12104e-44
-1.4013e-44
-1.68156e-44
-1.96182e-44
-2.24208e-44
-2.52234e-44
-2.8026e-44
-3.08286e-44
-3.08286e-44
-2.8026e-44
-2.24208e-44
-1.54143e-44
-8.40779e-45
-1.4013e-45
5.60519e-45
1.26117e-44
1.82169e-44
2.38221e-44
2.94273e-44
3.36312e-44
3.78351e-44
4.06377e-44
4.2039e-44
4.2039e-44
4.06377e-44
3.92364e-44
3.64338e-44
3.36312e-44
3.08286e-44
2.8026e-44
2.38221e-44
1.96182e-44
1.54143e-44
9.80909e-45
5.60519e-45
2.8026e-45
1.4013e-45
1.4013e-45
1.4013e-45
2.8026e-45
4.2039e-45
5.60519e-45
7.00649e-45
8.40779e-45
9.80909e-45
9.80909e-45
9.80909e-45
7.00649e-45
2.8026e-45
-2.8026e-45
-9.80909e-45
-1.54143e-44
-2.10195e-44
-2.66247e-44
-3.08286e-44
-3.36312e-44
-3.50325e-44
-3.64338e-44
-3.78351e-44
-4.06377e-44
-4.2039e-44
-4.2039e-44
-4.06377e-44
-3.78351e-44
-3.50325e-44
-3.08286e-44
-2.66247e-44
-2.10195e-44
-1.54143e-44
-9.80909e-45
-4.2039e-45
1.4013e-45
8.40779e-45
1.4013e-44
1.68156e-44
1.82169e-44
1.82169e-44
1.82169e-44
1.68156e-44
1.54143e-44
1.4013e-44
1.26117e-44
1.12104e-44
9.80909e-45
8.40779e-45
5.60519e-45
4.2039e-45
4.2039e-45
5.60519e-45
8.40779e-45
1.12104e-44
1.4013e-44
1.68156e-44
1.96182e-44
2.24208e-44
2.52234e-44
2.8026e-44
2.94273e-44
3.08286e-44
2.94273e-44
2.52234e-44
1.96182e-44
1.26117e-44
5.60519e-45
-1.4013e-45
-8.40779e-45
-1.54143e-44
-2.10195e-44
-2.66247e-44
-3.08286e-44
-3.36312e-44
-3.64338e-44
-3.78351e-44
-3.78351e-44
-3.64338e-44
-3.36312e-44
-3.08286e-44
-2.66247e-44
-2.10195e-44
-1.54143e-44
-9.80909e-45
-4.2039e-45
1.4013e-45
7.00649e-45
1.4013e-44
1.82169e-44
2.10195e-44
2.24208e-44
2.24208e-44
2.24208e-44
2.10195e-44
1.96182e-44
1.82169e-44
1.68156e-44
1.54143e-44
1.4013e-44
1.26117e-44
9.80909e-45
8.40779e-45
8.40779e-45
9.80909e-45
1.12104e-44
1.12104e-44
1.26117e-44
1.4013e-44
1.54143e-44
1.68156e-44
1.82169e-44
1.96182e-44
2.10195e-44
2.38221e-44
2.52234e-44
2.52234e-44
2.38221e-44
2.10195e-44
1.82169e-44
1.4013e-44
9.80909e-45
5.60519e-45
1.4013e-45
-2.8026e-45
-7.00649e-45
-1.12104e-44
-1.54143e-44
-1.82169e-44
-1.96182e-44
-1.96182e-44
-1.82169e-44
-1.68156e-44
-1.4013e-44
-1.12104e-44
-8.40779e-45
-7.00649e-45
-5.60519e-45
-4.2039e-45
-2.8026e-45
0
1.4013e-45
1.4013e-45
0
-2.8026e-45
-5.60519e-45
-9.80909e-45
-1.26117e-44
-1.4013e-44
-1.54143e-44
-1.68156e-44
-1.82169e-44
-1.96182e-44
-2.24208e-44
-2.38221e-44
-2.38221e-44
-2.24208e-44
-1.96182e-44
-1.68156e-44
-1.26117e-44
-8.40779e-45
-5.60519e-45
-2.8026e-45
0
2.8026e-45
5.60519e-45
9.80909e-45
1.12104e-44
9.80909e-45
7.00649e-45
2.8026e-45
-1.4013e-45
-7.00649e-45
-1.26117e-44
-1.68156e-44
-2.10195e-44
-2.52234e-44
-2.94273e-44
-3.22299e-44
-3.50325e-44
-3.50325e-44
-3.36312e-44
-3.08286e-44
-2.66247e-44
-2.10195e-44
-1.4013e-44
-7.00649e-45
-1.4013e-45
4.2039e-45
9.80909e-45
1.4013e-44
1.68156e-44
2.10195e-44
2.38221e-44
2.52234e-44
2.52234e-44
2.38221e-44
2.24208e-44
1.96182e-44
1.68156e-44
1.4013e-44
1.12104e-44
8.40779e-45
7.00649e-45
5.60519e-45
2.8026e-45
1.4013e-45
1.4013e-45
2.8026e-45
5.60519e-45
8.40779e-45
1.26117e-44
1.54143e-44
1.82169e-44
2.10195e-44
2.38221e-44
2.66247e-44
2.8026e-44
2.94273e-44
2.8026e-44
2.38221e-44
1.82169e-44
1.12104e-44
4.2039e-45
-2.8026e-45
-9.80909e-45
-1.54143e-44
-1.96182e-44
-2.38221e-44
-2.8026e-44
-3.08286e-44
-3.36312e-44
-3.36312e-44
-3.22299e-44
-2.94273e-44
-2.38221e-44
-1.82169e-44
-1.12104e-44
-4.2039e-45
1.4013e-45
7.00649e-45
1.26117e-44
1.68156e-44
2.10195e-44
2.66247e-44
2.94273e-44
2.94273e-44
2.66247e-44
2.10195e-44
1.54143e-44
8.40779e-45
2.8026e-45
-2.8026e-45
-8.40779e-45
-1.4013e-44
-1.82169e-44
-2.24208e-44
-2.8026e-44
-3.08286e-44
-3.08286e-44
-2.8026e-44
-2.24208e-44
-1.68156e-44
-9.80909e-45
-2.8026e-45
4.2039e-45
1.12104e-44
1.68156e-44
2.24208e-44
2.8026e-44
3.36312e-44
3.64338e-44
3.78351e-44
3.78351e-44
3.64338e-44
3.50325e-44
3.22299e-44
2.94273e-44
2.52234e-44
2.10195e-44
1.68156e-44
1.26117e-44
8.40779e-45
4.2039e-45
1.4013e-45
0
0
1.4013e-45
2.8026e-45
5.60519e-45
8.40779e-45
1.12104e-44
1.26117e-44
1.4013e-44
1.54143e-44
1.68156e-44
1.96182e-44
2.10195e-44
2.10195e-44
1.96182e-44
1.68156e-44
1.4013e-44
9.80909e-45
5.60519e-45
1.4013e-45
-2.8026e-45
-7.00649e-45
-1.12104e-44
-1.4013e-44
-1.82169e-44
-2.10195e-44
-2.24208e-44
-2.24208e-44
-2.10195e-44
-1.96182e-44
-1.68156e-44
-1.4013e-44
-1.12104e-44
-8.40779e-45
-7.00649e-45
-5.60519e-45
-4.2039e-45
-1.4013e-45
0
0
-1.4013e-45
-4.2039e-45
-7.00649e-45
-1.12104e-44
-1.4013e-44
-1.68156e-44
-1.96182e-44
-2.24208e-44
-2.52234e-44
-2.8026e-44
-3.08286e-44
-3.08286e-44
-2.8026e-44
-2.24208e-44
-1.54143e-44
-8.40779e-45
-1.4013e-45
5.60519e-45
1.26117e-44
1.82169e-44
2.38221e-44
2.94273e-44
3.36312e-44
3.78351e-44
4.06377e-44
4.2039e-44
4.2039e-44
4.06377e-44
3.92364e-44
3.64338e-44
3.36312e-44
3.08286e-44
2.8026e-44
2.38221e-44
1.96182e-44
1.54143e-44
9.80909e-45
5.60519e-45
2.8026e-45
1.4013e-45
1.4013e-45
1.4013e-45
2.8026e-45
4.2039e-45
5.60519e-45
7.00649e-45
8.40779e-45
9.80909e-45
9.80909e-45
9.80909e-45
7.00649e-45
2.8026e-45
-2.8026e-45
-9.80909e-45
-1.54143e-44
-2.10195e-44
-2.66247e-44
-3.08286e-44
-3.36312e-44
-3.50325e-44
-3.64338e-44
-3.78351e-44
-4.06377e-44
-4.2039e-44
-4.2039e-44
-4.06377e-44
-3.78351e-44
-3.50325e-44
-3.08286e-44
-2.66247e-44
-2.10195e-44
-1.54143e-44
-9.80909e-45
-4.2039e-45
1.4013e-45
8.40779e-45
1.4013e-44
1.68156e-44
1.82169e-44
1.82169e-44
1.82169e-44
1.68156e-44
1.54143e-44
1.4013e-44
1.26117e-44
1.12104e-44
9.80909e-45
8.40779e-45
5.60519e-45
4.2039e-45
4.2039e-45
5.60519e-45
8.40779e-45
1.12104e-44
1.4013e-44
1.68156e-44
1.96182e-44
2.24208e-44
2.52234e-44
2.8026e-44
2.94273e-44
3.08286e-44
2.94273e-44
2.52234e-44
1.96182e-44
1.26117e-44
5.60519e-45
-1.4013e-45
-8.40779e-45
-1.54143e-44
-2.10195e-44
-2.66247e-44
-3.08286e-44
-3.36312e-44
-3.64338e-44
-3.78351e-44
-3.78351e-44
-3.64338e-44
-3.36312e-44
-3.08286e-44
-2.66247e-44
-2.10195e-44
-1.54143e-44
-9.80909e-45
-4.2039e-45
1.4013e-45
7.00649e-45
1.4013e-44
1.82169e-44
2.10195e-44
2.24208e-44
2.24208e-44
2.24208e-44
2.10195e-44
1.96182e-44
1.82169e-44
1.68156e-44
1.54143e-44
1.4013e-44
1.26117e-44
9.80909e-45
8.40779e-45
8.40779e-45
9.80909e-45
1.12104e-44
1.12104e-44
1.26117e-44
1.4013e-44
1.54143e-44
1.68156e-44
1.82169e-44
1.96182e-44
2.10195e-44
2.38221e-44
2.52234e-44
2.52234e-44
2.38221e-44
2.10195e-44
1.82169e-44
1.4013e-44
9.80909e-45
5.60519e-45
1.4013e-45
-2.8026e-45
-7.00649e-45
-1.12104e-44
-1.54143e-44
-1.82169e-44
-1.96182e-44
-1.96182e-44
-1.82169e-44
-1.68156e-44
-1.4013e-44
-1.12104e-44
-8.40779e-45
-7.00649e-45
-5.60519e-45
-4.2039e-45
-2.8026e-45
0
1.4013e-45
1.4013e-45
0
-2.8026e-45
-5.60519e-45
-9.80909e-45
-1.26117e-44
-1.4013e-44
-1.54143e-44
-1.68156e-44
-1.82169e-44
-1.96182e-44
-2.24208e-44
-2.38221e-44
-2.38221e-44
-2.24208e-44
-1.96182e-44
-1.68156e-44
-1.26117e-44
-8.40779e-45
-5.60519e-45
-2.8026e-45
0
2.8026e-45
5.60519e-45
9.80909e-45
1.12104e-44
9.80909e-45
7.00649e-45
2.8026e-45
-1.4013e-45
-7.00649e-45
-1.26117e-44
-1.68156e-44
-2.10195e-44
-2.52234e-44
-2.94273e-44
-3.22299e-44
-3.50325e-44
-3.50325e-44
-3.36312e-44
-3.08286e-44
-2.66247e-44
-2.10195e-44
-1.4013e-44
-7.00649e-45
-1.4013e-45
4.2039e-45
9.80909e-45
1.4013e-44
1.68156e-44
2.10195e-44
2.38221e-44
2.52234e-44
2.52234e-44
2.38221e-44
2.24208e-44
1.96182e-44
1.68156e-44
1.4013e-44
1.12104e-44
8.40779e-45
7.00649e-45
5.60519e-45
2.8026e-45
1.4013e-45
1.4013e-45
2.8026e-45
5.60519e-45
8.40779e-45
1.26117e-44
1.54143e-44
1.82169e-44
2.10195e-44
2.38221e-44
2.66247e-44
2.8026e-44
2.94273e-44
2.8026e-44
2.38221e-44
1.82169e-44
1.12104e-44
4.2039e-45
-2.8026e-45
-9.80909e-45
-1.54143e-44
-1.96182e-44
-2.38221e-44
-2.8026e-44
-3.08286e-44
-3.36312e-44
-3.36312e-44
-3.22299e-44
-2.94273e-44
-2.38221e-44
-1.82169e-44
-1.12104e-44
-4.2039e-45
1.4013e-45
7.00649e-45
1.26117e-44
1.68156e-44
2.10195e-44
2.66247e-44
2.94273e-44
2.94273e-44
2.66247e-44
2.10195e-44
1.54143e-44
8.40779e-45
2.8026e-45
-2.8026e-45
-8.40779e-45
-1.4013e-44
-1.82169e-44
-2.24208e-44
-2.8026e-44
-3.08286e-44
-3.08286e-44
-2.8026e-44
-2.24208e-44
-1.68156e-44
-9.80909e-45
-2.8026e-45
4.2039e-45
1.12104e-44
1.68156e-44
2.24208e-44
2.8026e-44
3.36312e-44
3.64338e-44
3.78351e-44
3.78351e-44
3.64338e-44
3.50325e-44
3.22299e-44
2.94273e-44
2.52234e-44
2.10195e-44
1.68156e-44
1.26117e-44
8.40779e-45
4.2039e-45
1.4013e-45
0
0
1.4013e-45
2.8026e-45
5.60519e-45
8.40779e-45
1.12104e-44
1.26117e-44
1.4013e-44
1.54143e-44
1.68156e-44
1.96182e-44
2.10195e-44
2.10195e-44
1.96182e-44
1.68156e-44
1.4013e-44
9.80909e-45
5.60519e-45
1.4013e-45
-2.8026e-45
-7.00649e-45
-1.12104e-44
-1.4013e-44
-1.82169e-44
-2.10195e-44
-2.24208e-44
-2.24208e-44
-2.10195e-44
-1.96182e-44
-1.68156e-44
-1.4013e-44
-1.12104e-44
-8.40779e-45
-7.00649e-45
-5.60519e-45
-4.2039e-45
-1.4013e-45
0
0
-1.4013e-45
-4.2039e-45
-7.00649e-45
-1.12104e-44
-1.4013e-44
-1.68156e-44
-1.96182e-44
-2.24208e-44
-2.52234e-44
-2.8026e-44
-3.08286e-44
-3.08286e-44
-2.8026e-44
-2.24208e-44
-1.54143e-44
-8.40779e-45
-1.4013e-45
5.60519e-45
1.26117e-44
1.82169e-44
2.38221e-44
2.94273e-44
3.36312e-44
3.78351e-44
4.06377e-44
4.2039e-44
4.2039e-44
4.06377e-44
3.92364e-44
3.64338e-44
3.36312e-44
3.08286e-44
2.8026e-44
2.38221e-44
1.96182e-44
1.54143e-44
9.80909e-45
5.60519e-45
2.8026e-45
1.4013e-45
1.4013e-45
1.4013e-45
2.8026e-45
4.2039e-45
5.60519e-45
7.00649e-45
8.40779e-45
9.80909e-45
9.80909e-45
9.80909e-45
7.00649e-45
2.8026e-45
-2.8026e-45
-9.80909e-45
-1.54143e-44
-2.10195e-44
-2.66247e-44
-3.08286e-44
-3.36312e-44
-3.50325e-44
-3.64338e-44
-3.78351e-44
-4.06377e-44
-4.2039e-44
-4.2039e-44
-4.06377e-44
-3.78351e-44
-3.50325e-44
-3.08286e-44
-2.66247e-44
-2.10195e-44
-1.54143e-44
-9.80909e-45
-4.2039e-45
1.4013e-45
8.40779e-45
1.4013e-44
1.68156e-44
1.82169e-44
1.82169e-44
1.82169e-44
1.68156e-44
1.54143e-44
1.4013e-44
1.26117e-44
1.12104e-44
9.80909e-45
8.40779e-45
5.60519e-45
4.2039e-45
4.2039e-45
5.60519e-45
8.40779e-45
1.12104e-44
1.4013e-44
1.68156e-44
1.96182e-44
2.24208e-44
2.52234e-44
2.8026e-44
2.94273e-44
3.08286e-44
2.94273e-44
2.52234e-44
1.96182e-44
1.26117e-44
5.60519e-45
-1.4013e-45
-8.40779e-45
-1.54143e-44
-2.10195e-44
-2.66247e-44
-3.08286e-44
-3.36312e-44
-3.64338e-44
-3.78351e-44
-3.78351e-44
-3.64338e-44
-3.36312e-44
-3.08286e-44
-2.66247e-44
-2.10195e-44
-1.54143e-44
-9.80909e-45
-4.2039e-45
1.4013e-45
7.00649e-45
1.4013e-44
1.82169e-44
2.10195e-44
2.24208e-44
2.24208e-44
2.24208e-44
2.10195e-44
1.96182e-44
1.82169e-44
1.68156e-44
1.54143e-44
1.4013e-44
1.26117e-44
9.80909e-45
8.40779e-45
8.40779e-45
9.80909e-45
1.12104e-44
1.12104e-44
1.26117e-44
1.4013e-44
1.54143e-44
1.68156e-44
1.82169e-44
1.96182e-44
2.10195e-44
2.38221e-44
2.52234e-44
2.52234e-44
2.38221e-44
2.10195e-44
1.82169e-44
1.4013e-44
9.80909e-45
5.60519e-45
1.4013e-45
-2.8026e-45
-7.00649e-45
-1.12104e-44
-1.54143e-44
-1.82169e-44
-1.96182e-44
-1.96182e-44
-1.82169e-44
-1.68156e-44
-1.4013e-44
-1.12104e-44
-8.40779e-45
-7.00649e-45
-5.60519e-45
-4.2039e-45
-2.8026e-45
0
1.4013e-45
1.4013e-45
0
-2.8026e-45
-5.60519e-45
-9.80909e-45
-1.26117e-44
-1.4013e-44
-1.54143e-44
-1.68156e-44
-1.82169e-44
-1.96182e-44
-2.24208e-44
-2.38221e-44
-2.38221e-44
-2.24208e-44
-1.96182e-44
-1.68156e-44
-1.26117e-44
-8.40779e-45
-5.60519e-45
-2.8026e-45
0
2.8026e-45
5.60519e-45
9.80909e-45
1.12104e-44
9.80909e-45
7.00649e-45
2.8026e-45
-1.4013e-45
-7.00649e-45
-1.26117e-44
-1.68156e-44
-2.10195e-44
-2.52234e-44
-2.94273e-44
-3.22299e-44
-3.50325e-44
-3.50325e-44
-3.36312e-44
-3.08286e-44
-2.66247e-44
-2.10195e-44
-1.4013e-44
-7.00649e-45
-1.4013e-45
4.2039e-45
9.80909e-45
1.4013e-44
1.68156e-44
2.10195e-44
2.38221e-44
2.52234e-44
2.52234e-44
2.38221e-44
2.24208e-44
1.96182e-44
1.68156e-44
1.4013e-44
1.12104e-44
8.40779e-45
7.00649e-45
5.60519e-45
2.8026e-45
1.4013e-45
1.4013e-45
2.8026e-45
5.60519e-45
8.40779e-45
1.26117e-44
1.54143e-44
1.82169e-44
2.10195e-44
2.38221e-44
2.66247e-44
2.8026e-44
2.94273e-44
2.8026e-44
2.38221e-44
1.82169e-44
1.12104e-44
4.2039e-45
-2.8026e-45
-9.80909e-45
-1.54143e-44
-1.96182e-44
-2.38221e-44
-2.8026e-44
-3.08286e-44
-3.36312e-44
-3.36312e-44
-3.22299e-44
-2.94273e-44
-2.38221e-44
-1.82169e-44
-1.12104e-44
-4.2039e-45
1.4013e-45
7.00649e-45
1.26117e-44
1.68156e-44
2.10195e-44
2.66247e-44
2.94273e-44
2.94273e-44
2.66247e-44
2.10195e-44
1.54143e-44
8.40779e-45
2.8026e-45
-2.8026e-45
-8.40779e-45
-1.4013e-44
-1.82169e-44
-2.24208e-44
-2.8026e-44
-3.08286e-44
-3.08286e-44
-2.8026e-44
-2.24208e-44
-1.68156e-44
-9.80909e-45
-2.8026e-45
4.2039e-45
1.12104e-44
1.68156e-44
2.24208e-44
2.8026e-44
3.36312e-44
3.64338e-44
3.78351e-44
3.78351e-44
3.64338e-44
3.50325e-44
3.22299e-44
2.94273e-44
2.52234e-44
2.10195e-44
1.68156e-44
1.26117e-44
8.40779e-45
4.2039e-45
1.4013e-45
0
0
1.4013e-45
2.8026e-45
5.60519e-45
8.40779e-45
1.12104e-44
1.26117e-44
1.4013e-44
1.54143e-44
1.68156e-44
1.96182e-44
2.10195e-44
2.10195e-44
1.96182e-44
1.68156e-44
1.4013e-44
9.80909e-45
5.60519e-45
1.4013e-45
-2.8026e-45
-7.00649e-45
-1.12104e-44
-1.4013e-44
-1.82169e-44
-2.10195e-44
-2.24208e-44
-2.24208e-44
-2.10195e-44
-1.96182e-44
-1.68156e-44
-1.4013e-44
-1.12104e-44
-8.40779e-45
-7.00649e-45
-5.60519e-45
-4.2039e-45
-1.4013e-45
0
0
-1.4013e-45
-4.2039e-45
-7.00649e-45
-1.12104e-44
-1.4013e-44
-1.68156e-44
-1.96182e-44
-2.24208e-44
-2.52234e-44
-2.8026e-44
-3.08286e-44
-3.08286e-44
-2.8026e-44
-2.24208e-44
-1.54143e-44
-8.40779e-45
-1.4013e-45
5.60519e-45
1.26117e-44
1.82169e-44
2.38221e-44
2.94273e-44
3.36312e-44
3.78351e-44
4.06377e-44
4.2039e-44
4.2039e-44
4.06377e-44
3.92364e-44
3.64338e-44
3.36312e-44
3.08286e-44
2.8026e-44
2.38221e-44
1.96182e-44
1.54143e-44
9.80909e-45
5.60519e-45
2.8026e-45
1.4013e-45
1.4013e-45
1.4013e-45
2.8026e-45
4.2039e-45
5.60519e-45
7.00649e-45
8.40779e-45
9.80909e-45
9.80909e-45
9.80909e-45
7.00649e-45
2.8026e-45
-2.8026e-45
-9.80909e-45
-1.54143e-44
-2.10195e-44
-2.66247e-44
-3.08286e-44
-3.36312e-44
-3.50325e-44
-3.64338e-44
-3.78351e-44
-4.06377e-44
-4.2039e-44
-4.2039e-44
-4.06377e-44
-3.78351e-44
-3.50325e-44
-3.08286e-44
-2.66247e-44
-2.10195e-44
-1.54143e-44
-9.80909e-45
-4.2039e-45
1.4013e-45
8.40779e-45
1.4013e-44
1.68156e-44
1.82169e-44
1.82169e-44
1.82169e-44
1.68156e-44
1.54143e-44
1.4013e-44
1.26117e-44
1.12104e-44
9.80909e-45
8.40779e-45
5.60519e-45
4.2039e-45
4.2039e-45
5.60519e-45
8.40779e-45
1.12104e-44
1.4013e-44
1.68156e-44
1.96182e-44
2.24208e-44
2.52234e-44
2.8026e-44
2.94273e-44
3.08286e-44
2.94273e-44
2.52234e-44
1.96182e-44
1.26117e-44
5.60519e-45
-1.4013e-45
-8.40779e-45
-1.54143e-44
-2.10195e-44
-2.66247e-44
-3.08286e-44
-3.36312e-44
-3.64338e-44
-3.78351e-44
-3.78351e-44
-3.64338e-44
-3.36312e-44
-3.08286e-44
-2.66247e-44
-2.10195e-44
-1.54143e-44
-9.80909e-45
-4.2039e-45
1.4013e-45
7.00649e-45
1.4013e-44
1.82169e-44
2.10195e-44
2.24208e-44
2.24208e-44
2.24208e-44
2.10195e-44
1.96182e-44
1.82169e-44
1.68156e-44
1.54143e-44
1.4013e-44
1.26117e-44
9.80909e-45
8.40779e-45
8.40779e-45
9.80909e-45
1.12104e-44
1.12104e-44
1.26117e-44
1.4013e-44
1.54143e-44
1.68156e-44
1.82169e-44
1.96182e-44
2.10195e-44
2.38221e-44
2.52234e-44
2.52234e-44
2.38221e-44
2.10195e-44
1.82169e-44
1.4013e-44
9.80909e-45
5.60519e-45
1.4013e-45
-2.8026e-45
-7.00649e-45
-1.12104e-44
-1.54143e-44
-1.82169e-44
-1.96182e-44
-1.96182e-44
-1.82169e-44
-1.68156e-44
-1.4013e-44
-1.12104e-44
-8.40779e-45
-7.00649e-45
-5.60519e-45
-4.2039e-45
-2.8026e-45
0
1.4013e-45
1.4013e-45
0
-2.8026e-45
-5.60519e-45
-9.80909e-45
-1.26117e-44
-1.4013e-44
-1.54143e-44
-1.68156e-44
-1.82169e-44
-1.96182e-44
-2.24208e-44
-2.38221e-44
-2.38221e-44
-2.24208e-44
-1.96182e-44
-1.68156e-44
-1.26117e-44
-8.40779e-45
-5.60519e-45
-2.8026e-45
0
2.8026e-45
5.60519e-45
9.80909e-45
1.12104e-44
9.80909e-45
7.00649e-45
2.8026e-45
-1.4013e-45
-7.00649e-45
-1.26117e-44
-1.68156e-44
-2.10195e-44
-2.52234e-44
-2.94273e-44
-3.22299e-44
-3.50325e-44
-3.50325e-44
-3.36312e-44
-3.08286e-44
-2.66247e-44
-2.10195e-44
-1.4013e-44
-7.00649e-45
-1.4013e-45
4.2039e-45
9.80909e-45
1.4013e-44
1.68156e-44
2.10195e-44
2.38221e-44
2.52234e-44
2.52234e-44
2.38221e-44
2.24208e-44
1.96182e-44
1.68156e-44
1.4013e-44
1.12104e-44
8.40779e-45
7.00649e-45
5.60519e-45
2.8026e-45
1.4013e-45
1.4013e-45
2.8026e-45
5.60519e-45
8.40779e-45
1.26117e-44
1.54143e-44
1.82169e-44
2.10195e-44
2.38221e-44
2.66247e-44
2.8026e-44
2.94273e-44
2.8026e-44
2.38221e-44
1.82169e-44
1.12104e-44
4.2039e-45
-2.8026e-45
-9.80909e-45
-1.54143e-44
-1.96182e-44
-2.38221e-44
-2.8026e-44
-3.08286e-44
-3.36312e-44
-3.36312e-44
-3.22299e-44
-2.94273e-44
-2.38221e-44
-1.82169e-44
-1.12104e-44
-4.2039e-45
1.4013e-45
7.00649e-45
1.26117e-44
1.68156e-44
2.10195e-44
2.66247e-44
2.94273e-44
2.94273e-44
2.66247e-44
2.10195e-44
1.54143e-44
8.40779e-45
2.8026e-45
-2.8026e-45
-8.40779e-45
-1.4013e-44
-1.82169e-44
-2.24208e-44
-2.8026e-44
-3.08286e-44
-3.08286e-44
-2.8026e-44
-2.24208e-44
-1.68156e-44
-9.80909e-45
-2.8026e-45
4.2039e-45
1.12104e-44
1.68156e-44
2.24208e-44
2.8026e-44
3.36312e-44
3.64338e-44
3.78351e-44
3.78351e-44
3.64338e-44
3.50325e-44
3.22299e-44
2.94273e-44
2.52234e-44
2.10195e-44
1.68156e-44
1.26117e-44
8.40779e-45
4.2039e-45
1.4013e-45
0
0
1.4013e-45
2.8026e-45
5.60519e-45
8.40779e-45
1.12104e-44
1.26117e-44
1.4013e-44
1.54143e-44
1.68156e-44
1.96182e-44
2.10195e-44
2.10195e-44
1.96182e-44
1.68156e-44
1.4013e-44
9.80909e-45
5.60519e-45
1.4013e-45
-2.8026e-45
-7.00649e-45
-1.12104e-44
-1.4013e-44
-1.82169e-44
-2.10195e-44
-2.24208e-44
-2.24208e-44
-2.10195e-44
-1.96182e-44
-1.68156e-44
-1.4013e-44
-1.12104e-44
-8.40779e-45
-7.00649e-45
-5.60519e-45
-4.2039e-45
-1.4013e-45
0
0
-1.4013e-45
-4.2039e-45
-7.00649e-45
-1.12104e-44
-1.4013e-44
-1.68156e-44
-1.96182e-44
-2.24208e-44
-2.52234e-44
-2.8026e-44
-3.08286e-44
-3.08286e-44
-2.8026e-44
-2.24208e-44
-1.54143e-44
-8.40779e-45
-1.4013e-45
5.60519e-45
1.26117e-44
1.82169e-44
2.38221e-44
2.94273e-44
3.36312e-44
3.78351e-44
4.06377e-44
4.2039e-44
4.2039e-44
4.06377e-44
3.92364e-44
3.64338e-44
3.36312e-44
3.08286e-44
2.8026e-44
2.38221e-44
1.96182e-44
1.54143e-44
9.80909e-45
5.60519e-45
2.8026e-45
1.4013e-45
1.4013e-45
1.4013e-45
2.8026e-45
4.2039e-45
5.60519e-45
7.00649e-45
8.40779e-45
9.80909e-45
9.80909e-45
9.80909e-45
7.00649e-45
2.8026e-45
-2.8026e-45
-9.80909e-45
-1.54143e-44
-2.10195e-44
-2.66247e-44
-3.08286e-44
-3.36312e-44
-3.50325e-44
-3.64338e-44
-3.78351e-44
-4.06377e-44
-4.2039e-44
-4.2039e-44
-4.06377e-44
-3.78351e-44
-3.50325e-44
-3.08286e-44
-2.66247e-44
-2.10195e-44
-1.54143e-44
-9.80909e-45
-4.2039e-45
1.4013e-45
8.40779e-45
1.4013e-44
1.68156e-44
1.82169e-44
1.82169e-44
1.82169e-44
1.68156e-44
1.54143e-44
1.4013e-44
1.26117e-44
1.12104e-44
9.80909e-45
8.40779e-45
5.60519e-45
4.2039e-45
4.2039e-45
5.60519e-45
8.40779e-45
1.12104e-44
1.4013e-44
1.68156e-44
1.96182e-44
2.24208e-44
2.52234e-44
2.8026e-44
2.94273e-44
3.08286e-44
2.94273e-44
2.52234e-44
1.96182e-44
1.26117e-44
5.60519e-45
-1.4013e-45
-8.40779e-45
-1.54143e-44
-2.10195e-44
-2.66247e-44
-3.08286e-44
-3.36312e-44
-3.64338e-44
-3.78351e-44
-3.78351e-44
-3.64338e-44
-3.36312e-44
-3.08286e-44
-2.66247e-44
-2.10195e-44
-1.54143e-44
-9.80909e-45
-4.2039e-45
1.4013e-45
7.00649e-45
1.4013e-44
1.82169e-44
2.10195e-44
2.24208e-44
2.24208e-44
2.24208e-44
2.10195e-44
1.96182e-44
1.82169e-44
1.68156e-44
1.54143e-44
1.4013e-44
1.26117e-44
9.80909e-45
8.40779e-45
8.40779e-45
9.80909e-45
1.12104e-44
1.12104e-44
1.26117e-44
1.4013e-44
1.54143e-44
1.68156e-44
1.82169e-44
1.96182e-44
2.10195e-44
2.38221e-44
2.52234e-44
2.52234e-44
2.38221e-44
2.10195e-44
1.82169e-44
1.4013e-44
9.80909e-45
5.60519e-45
1.4013e-45
-2.8026e-45
-7.00649e-45
-1.12104e-44
-1.54143e-44
-1.82169e-44
-1.96182e-44
-1.96182e-44
-1.82169e-44
-1.68156e-44
-1.4013e-44
-1.12104e-44
-8.40779e-45
-7.00649e-45
-5.60519e-45
-4.2039e-45
-2.8026e-45
0
1.4013e-45
1.4013e-45
0
-2.8026e-45
-5.60519e-45
-9.80909e-45
-1.26117e-44
-1.4013e-44
-1.54143e-44
-1.68156e-44
-1.82169e-44
-1.96182e-44
-2.24208e-44
-2.38221e-44
-2.38221e-44
-2.24208e-44
-1.96182e-44
-1.68156e-44
-1.26117e-44
-8.40779e-45
-5.60519e-45
-2.8026e-45
0
2.8026e-45
5.60519e-45
9.80909e-45
1.12104e-44
9.80909e-45
7.00649e-45
2.8026e-45
-1.4013e-45
-7.00649e-45
-1.26117e-44
-1.68156e-44
-2.10195e-44
-2.52234e-44
-2.94273e-44
-3.22299e-44
-3.50325e-44
-3.50325e-44
-3.36312e-44
-3.08286e-44
-2.66247e-44
-2.10195e-44
-1.4013e-44
-7.00649e-45
-1.4013e-45
4.2039e-45
9.80909e-45
1.4013e-44
1.68156e-44
2.10195e-44
2.38221e-44
2.52234e-44
2.52234e-44
2.38221e-44
2.24208e-44
1.96182e-44
1.68156e-44
1.4013e-44
1.12104e-44
8.40779e-45
7.00649e-45
5.60519e-45
2.8026e-45
1.4013e-45
1.4013e-45
2.8026e-45
5.60519e-45
8.40779e-45
1.26117e-44
1.54143e-44
1.82169e-44
2.10195e-44
2.38221e-44
2.66247e-44
2.8026e-44
2.94273e-44
2.8026e-44
2.38221e-44
1.82169e-44
1.12104e-44
4.2039e-45
-2.8026e-45
-9.80909e-45
-1.54143e-44
-1.96182e-44
-2.38221e-44
-2.8026e-44
-3.08286e-44
-3.36312e-44
-3.36312e-44
-3.22299e-44
-2.94273e-44
-2.38221e-44
-1.82169e-44
-1.12104e-44
-4.2039e-45
1.4013e-45
7.00649e-45
1.26117e-44
1.68156e-44
2.10195e-44
2.66247e-44
2.94273e-44
2.94273e-44
2.66247e-44
2.10195e-44
1.54143e-44
8.40779e-45
2.8026e-45
-2.8026e-45
-8.40779e-45
-1.4013e-44
-1.82169e-44
-2.24208e-44
-2.8026e-44
-3.08286e-44
-3.08286e-44
-2.8026e-44
-2.24208e-44
-1.68156e-44
-9.80909e-45
-2.8026e-45
4.2039e-45
1.12104e-44
1.68156e-44
2.24208e-44
2.8026e-44
3.36312e-44
3.64338e-44
3.78351e-44
3.78351e-44
3.64338e-44
3.50325e-44
3.22299e-44
2.94273e-44
2.52234e-44
2.10195e-44
1.68156e-44
1.26117e-44
8.40779e-45
4.2039e-45
1.4013e-45
0
0
1.4013e-45
2.8026e-45
5.60519e-45
8.40779e-45
1.12104e-44
1.26117e-44
1.4013e-44
1.54143e-44
1.68156e-44
1.96182e-44
2.10195e-44
2.10195e-44
1.96182e-44
1.68156e-44
1.4013e-44
9.80909e-45
5.60519e-45
1.4013e-45
-2.8026e-45
-7.00649e-45
-1.12104e-44
-1.4013e-44
-1.82169e-44
-2.10195e-44
-2.24208e-44
-2.24208e-44
-2.10195e-44
-1.96182e-44
-1.68156e-44
-1.4013e-44
-1.12104e-44
-8.40779e-45
-7.00649e-45
-5.60519e-45
-4.2039e-45
-1.4013e-45
0
0
-1.4013e-45
-4.2039e-45
-7.00649e-45
-1.12104e-44
-1.4013e-44
-1.68156e-44
-1.96182e-44
-2.24208e-44
-2.52234e-44
-2.8026e-44
-3.08286e-44
-3.08286e-44
-2.8026e-44
-2.24208e-44
-1.54143e-44
-8.40779e-45
-1.4013e-45
5.60519e-45
1.26117e-44
1.82169e-44
2.38221e-44
2.94273e-44
3.36312e-44
3.78351e-44
4.06377e-44
4.2039e-44
4.2039e-44
4.06377e-44
3.92364e-44
3.64338e-44
3.36312e-44
3.08286e-44
2.8026e-44
2.38221e-44
1.96182e-44
1.54143e-44
9.80909e-45
5.60519e-45
2.8026e-45
1.4013e-45
1.4013e-45
1.4013e-45
2.8026e-45
4.2039e-45
5.60519e-45
7.00649e-45
8.40779e-45
9.80909e-45
9.80909e-45
9.80909e-45
7.00649e-45
2.8026e-45
-2.8026e-45
-9.80909e-45
-1.54143e-44
-2.10195e-44
-2.66247e-44
-3.08286e-44
-3.36312e-44
-3.50325e-44
-3.64338e-44
-3.78351e-44
-4.06377e-44
-4.2039e-44
-4.2039e-44
-4.06377e-44
-3.78351e-44
-3.50325e-44
-3.08286e-44
-2.66247e-44
-2.10195e-44
-1.54143e-44
-9.80909e-45
-4.2039e-45
1.4013e-45
8.40779e-45
1.4013e-44
1.68156e-44
1.82169e-44
1.82169e-44
1.82169e-44
1.68156e-44
1.54143e-44
1.4013e-44
1.26117e-44
1.12104e-44
9.80909e-45
8.40779e-45
5.60519e-45
4.2039e-45
4.2039e-45
5.60519e-45
8.40779e-45
1.12104e-44
1.4013e-44
1.68156e-44
1.96182e-44
2.24208e-44
2.52234e-44
2.8026e-44
2.94273e-44
3.08286e-44
2.94273e-44
2.52234e-44
1.96182e-44
1.26117e-44
5.60519e-45
-1.4013e-45
-8.40779e-45
-1.54143e-44
-2.10195e-44
-2.66247e-44
-3.08286e-44
-3.36312e-44
-3.64338e-44
-3.78351e-44
-3.78351e-44
-3.64338e-44
-3.36312e-44
-3.08286e-44
-2.66247e-44
-2.10195e-44
-1.54143e-44
-9.80909e-45
-4.2039e-45
1.4013e-45
7.00649e-45
1.4013e-44
1.82169e-44
2.10195e-44
2.24208e-44
2.24208e-44
2.24208e-44
2.10195e-44
1.96182e-44
1.82169e-44
1.68156e-44
1.54143e-44
1.4013e-44
1.26117e-44
9.80909e-45
8.40779e-45
8.40779e-45
9.80909e-45
1.12104e-44
1.12104e-44
1.26117e-44
1.4013e-44
1.54143e-44
1.68156e-44
1.82169e-44
1.96182e-44
2.10195e-44
2.38221e-44
2.52234e-44
2.52234e-44
2.38221e-44
2.10195e-44
1.82169e-44
1.4013e-44
9.80909e-45
5.60519e-45
1.4013e-45
-2.8026e-45
-7.00649e-45
-1.12104e-44
-1.54143e-44
-1.82169e-44
-1.96182e-44
-1.96182e-44
-1.82169e-44
-1.68156e-44
-1.4013e-44
-1.12104e-44
-8.40779e-45
-7.00649e-45
-5.60519e-45
-4.2039e-45
-2.8026e-45
0
1.4013e-45
1.4013e-45
0
-2.8026e-45
-5.60519e-45
-9.80909e-45
-1.26117e-44
-1.4013e-44
-1.54143e-44
-1.68156e-44
-1.82169e-44
-1.96182e-44
-2.24208e-44
-2.38221e-44
-2.38221e-44
-2.24208e-44
-1.96182e-44
-1.68156e-44
-1.26117e-44
-8.40779e-45
-5.60519e-45
-2.8026e-45
0
2.8026e-45
5.60519e-45
9.80909e-45
1.12104e-44
9.80909e-45
7.00649e-45
2.8026e-45
-1.4013e-45
-7.00649e-45
-1.26117e-44
-1.68156e-44
-2.10195e-44
-2.52234e-44
-2.94273e-44
-3.22299e-44
-3.50325e-44
-3.50325e-44
-3.36312e-44
-3.08286e-44
-2.66247e-44
-2.10195e-44
-1.4013e-44
-7.00649e-45
-1.4013e-45
4.2039e-45
9.80909e-45
1.4013e-44
1.68156e-44
2.10195e-44
2.38221e-44
2.52234e-44
2.52234e-44
2.38221e-44
2.24208e-44
1.96182e-44
1.68156e-44
1.4013e-44
1.12104e-44
8.40779e-45
7.00649e-45
5.60519e-45
2.8026e-45
1.4013e-45
1.4013e-45
2.8026e-45
5.60519e-45
8.40779e-45
1.26117e-44
1.54143e-44
1.82169e-44
2.10195e-44
2.38221e-44
2.66247e-44
2.8026e-44
2.94273e-44
2.8026e-44
2.38221e-44
1.82169e-44
1.12104e-44
4.2039e-45
-2.8026e-45
-9.80909e-45
-1.54143e-44
-1.96182e-44
-2.38221e-44
-2.8026e-44
-3.08286e-44
-3.36312e-44
-3.36312e-44
-3.22299e-44
-2.94273e-44
-2.38221e-44
-1.82169e-44
-1.12104e-44
-4.2039e-45
1.4013e-45
7.00649e-45
1.26117e-44
1.68156e-44
2.10195e-44
2.66247e-44
2.94273e-44
2.94273e-44
2.66247e-44
2.10195e-44
1.54143e-44
8.40779e-45
2.8026e-45
-2.8026e-45
-8.40779e-45
-1.4013e-44
-1.82169e-44
-2.24208e-44
-2.8026e-44
-3.08286e-44
-3.08286e-44
-2.8026e-44
-2.24208e-44
-1.68156e-44
-9.80909e-45
-2.8026e-45
4.2039e-45
1.12104e-44
1.68156e-44
2.24208e-44
2.8026e-44
3.36312e-44
3.64338e-44
3.78351e-44
3.78351e-44
3.64338e-44
3.50325e-44
3.22299e-44
2.94273e-44
2.52234e-44
2.10195e-44
1.68156e-44
1.26117e-44
8.40779e-45
4.2039e-45
1.4013e-45
0
0
1.4013e-45
2.8026e-45
5.60519e-45
8.40779e-45
1.12104e-44
1.26117e-44
1.4013e-44
1.54143e-44
1.68156e-44
1.96182e-44
2.10195e-44
2.10195e-44
1.96182e-44
1.68156e-44
1.4013e-44
9.80909e-45
5.60519e-45
1.4013e-45
-2.8026e-45
-7.00649e-45
-1.12104e-44
-1.4013e-44
-1.82169e-44
-2.10195e-44
-2.24208e-44
-2.24208e-44
-2.10195e-44
-1.96182e-44
-1.68156e-44
-1.4013e-44
-1.12104e-44
-8.40779e-45
-7.00649e-45
-5.60519e-45
-4.2039e-45
-1.4013e-45
0
0
-1.4013e-45
-4.2039e-45
-7.00649e-45
-1.12104e-44
-1.4013e-44
-1.68156e-44
-1.96182e-44
-2.24208e-44
-2.52234e-44
-2.8026e-44
-3.08286e-44
-3.08286e-44
-2.8026e-44
-2.24208e-44
-1.54143e-44
-8.40779e-45
-1.4013e-45
5.60519e-45
1.26117e-44
1.82169e-44
2.38221e-44
2.94273e-44
3.36312e-44
3.78351e-44
4.06377e-44
4.2039e-44
4.2039e-44
4.06377e-44
3.92364e-44
3.64338e-44
3.36312e-44
3.08286e-44
2.8026e-44
2.38221e-44
1.96182e-44
1.54143e-44
9.80909e-45
5.60519e-45
2.8026e-45
1.4013e-45
1.4013e-45
1.4013e-45
2.8026e-45
4.2039e-45
5.60519e-45
7.00649e-45
8.40779e-45
9.80909e-45
9.80909e-45
9.80909e-45
7.00649e-45
2.8026e-45
-2.8026e-45
-9.80909e-45
-1.54143e-44
-2.10195e-44
-2.66247e-44
-3.08286e-44
-3.36312e-44
-3.50325e-44
-3.64338e-44
-3.78351e-44
-4.06377e-44
-4.2039e-44
-4.2039e-44
-4.06377e-44
-3.78351e-44
-3.50325e-44
-3.08286e-44
-2.66247e-44
-2.10195e-44
-1.54143e-44
-9.80909e-45
-4.2039e-45
1.4013e-45
8.40779e-45
1.4013e-44
1.68156e-44
1.82169e-44
1.82169e-44
1.82169e-44
1.68156e-44
1.54143e-44
1.4013e-44
1.26117e-44
1.12104e-44
9.80909e-45
8.40779e-45
5.60519e-45
4.2039e-45
4.2039e-45
5.60519e-45
8.40779e-45
1.12104e-44
1.4013e-44
1.68156e-44
1.96182e-44
2.24208e-44
2.52234e-44
2.8026e-44
2.94273e-44
3.08286e-44
2.94273e-44
2.52234e-44
1.96182e-44
1.26117e-44
5.60519e-45
-1.4013e-45
-8.40779e-45
-1.54143e-44
-2.10195e-44
-2.66247e-44
-3.08286e-44
-3.36312e-44
-3.64338e-44
-3.78351e-44
-3.78351e-44
-3.64338e-44
-3.36312e-44
-3.08286e-44
-2.66247e-44
-2.10195e-44
-1.54143e-44
-9.80909e-45
-4.2039e-45
1.4013e-45
7.00649e-45
1.4013e-44
1.82169e-44
2.10195e-44
2.24208e-44
2.24208e-44
2.24208e-44
2.10195e-44
1.96182e-44
1.82169e-44
1.68156e-44
1.54143e-44
1.4013e-44
1.26117e-44
9.80909e-45
8.40779e-45
8.40779e-45
9.80909e-45
1.12104e-44
1.12104e-44
1.26117e-44
1.4013e-44
1.54143e-44
1.68156e-44
1.82169e-44
1.96182e-44
2.10195e-44
2.38221e-44
2.52234e-44
2.52234e-44
2.38221e-44
2.10195e-44
1.82169e-44
1.4013e-44
9.80909e-45
5.60519e-45
1.4013e-45
-2.8026e-45
-7.00649e-45
-1.12104e-44
-1.54143e-44
-1.82169e-44
-1.96182e-44
-1.96182e-44
-1.82169e-44
-1.68156e-44
-1.4013e-44
-1.12104e-44
-8.40779e-45
-7.00649e-45
-5.60519e-45
-4.2039e-45
-2.8026e-45
0
1.4013e-45
1.4013e-45
0
-2.8026e-45
-5.60519e-45
-9.80909e-45
-1.26117e-44
-1.4013e-44
-1.54143e-44
-1.68156e-44
-1.82169e-44
-1.96182e-44
-2.24208e-44
-2.38221e-44
-2.38221e-44
-2.24208e-44
-1.96182e-44
-1.68156e-44
-1.26117e-44
-8.40779e-45
-5.60519e-45
-2.8026e-45
0
2.8026e-45
5.60519e-45
9.80909e-45
1.12104e-44
9.80909e-45
7.00649e-45
2.8026e-45
-1.4013e-45
-7.00649e-45
-1.26117e-44
-1.68156e-44
-2.10195e-44
-2.52234e-44
-2.94273e-44
-3.22299e-44
-3.50325e-44
-3.50325e-44
-3.36312e-44
-3.08286e-44
-2.66247e-44
-2.10195e-44
-1.4013e-44
-7.00649e-45
-1.4013e-45
4.2039e-45
9.80909e-45
1.4013e-44
1.68156e-44
2.10195e-44
2.38221e-44
2.52234e-44
2.52234e-44
2.38221e-44
2.24208e-44
1.96182e-44
1.68156e-44
1.4013e-44
1.12104e-44
8.40779e-45
7.00649e-45
5.60519e-45
2.8026e-45
1.4013e-45
1.4013e-45
2.8026e-45
5.60519e-45
8.40779e-45
1.26117e-44
1.54143e-44
1.82169e-44
2.10195e-44
2.38221e-44
2.66247e-44
2.8026e-44
2.94273e-44
2.8026e-44
2.38221e-44
1.82169e-44
1.12104e-44
4.2039e-45
-2.8026e-45
-9.80909e-45
-1.54143e-44
-1.96182e-44
-2.38221e-44
-2.8026e-44
-3.08286e-44
-3.36312e-44
-3.36312e-44
-3.22299e-44
-2.94273e-44
-2.38221e-44
-1.82169e-44
-1.12104e-44
-4.2039e-45
1.4013e-45
7.00649e-45
1.26117e-44
1.68156e-44
2.10195e-44
2.66247e-44
2.94273e-44
2.94273e-44
2.66247e-44
2.10195e-44
1.54143e-44
8.40779e-45
2.8026e-45
-2.8026e-45
-8.40779e-45
-1.4013e-44
-1.82169e-44
-2.24208e-44
-2.8026e-44
-3.08286e-44
-3.08286e-44
-2.8026e-44
-2.24208e-44
-1.68156e-44
-9.80909e-45
-2.8026e-45
4.2039e-45
1.12104e-44
1.68156e-44
2.24208e-44
2.8026e-44
3.36312e-44
3.64338e-44
3.78351e-44
3.78351e-44
3.64338e-44
3.50325e-44
3.22299e-44
2.94273e-44
2.52234e-44
2.10195e-44
1.68156e-44
1.26117e-44
8.40779e-45
4.2039e-45
1.4013e-45
0
0
1.4013e-45
2.8026e-45
5.60519e-45
8.40779e-45
1.12104e-44
1.26117e-44
1.4013e-44
1.54143e-44
1.68156e-44
1.96182e-44
2.10195e-44
2.10195e-44
1.96182e-44
1.68156e-44
1.4013e-44
9.80909e-45
5.60519e-45
1.4013e-45
-2.8026e-45
-7.00649e-45
-1.12104e-44
-1.4013e-44
-1.82169e-44
-2.10195e-44
-2.24208e-44
-2.24208e-44
-2.10195e-44
-1.96182e-44
-1.68156e-44
-1.4013e-44
-1.12104e-44
-8.40779e-45
-7.00649e-45
-5.60519e-45
-4.2039e-45
-1.4013e-45
0
0
-1.4013e-45
-4.2039e-45
-7.00649e-45
-1.12104e-44
-1.4013e-44
-1.68156e-44
-1.96182e-44
-2.24208e-44
-2.52234e-44
-2.8026e-44
-3.08286e-44
-3.08286e-44
-2.8026e-44
-2.24208e-44
-1.54143e-44
-8.40779e-45
-1.4013e-45
5.60519e-45
1.26117e-44
1.82169e-44
2.38221e-44
2.94273e-44
3.36312e-44
3.78351e-44
4.06377e-44
4.2039e-44
4.2039e-44
4.06377e-44
3.92364e-44
3.64338e-44
3.36312e-44
3.08286e-44
2.8026e-44
2.38221e-44
1.96182e-44
1.54143e-44
9.80909e-45
5.60519e-45
2.8026e-45
1.4013e-45
1.4013e-45
1.4013e-45
2.8026e-45
4.2039e-45
5.60519e-45
7.00649e-45
8.40779e-45
9.80909e-45
9.80909e-45
9.80909e-45
7.00649e-45
2.8026e-45
-2.8026e-45
-9.80909e-45
-1.54143e-44
-2.10195e-44
-2.66247e-44
-3.08286e-44
-3.36312e-44
-3.50325e-44
-3.64338e-44
-3.78351e-44
-4.06377e-44
-4.2039e-44
-4.2039e-44
-4.06377e-44
-3.78351e-44
-3.50325e-44
-3.08286e-44
-2.66247e-44
-2.10195e-44
-1.54143e-44
-9.80909e-45
-4.2039e-45
1.4013e-45
8.40779e-45
1.4013e-44
1.68156e-44
1.82169e-44
1.82169e-44
1.82169e-44
1.68156e-44
1.54143e-44
1.4013e-44
1.26117e-44
1.12104e-44
9.80909e-45
8.40779e-45
5.60519e-45
4.2039e-45
4.2039e-45
5.60519e-45
8.40779e-45
1.12104e-44
1.4013e-44
1.68156e-44
1.96182e-44
2.24208e-44
2.52234e-44
2.8026e-44
2.94273e-44
3.08286e-44
2.94273e-44
2.52234e-44
1.96182e-44
1.26117e-44
5.60519e-45
-1.4013e-45
-8.40779e-45
-1.54143e-44
-2.10195e-44
-2.66247e-44
-3.08286e-44
-3.36312e-44
-3.64338e-44
-3.78351e-44
-3.78351e-44
-3.64338e-44
-3.36312e-44
-3.08286e-44
-2.66247e-44
-2.10195e-44
-1.54143e-44
-9.80909e-45
-4.2039e-45
1.4013e-45
7.00649e-45
1.4013e-44
1.82169e-44
2.10195e-44
2.24208e-44
2.24208e-44
2.24208e-44
2.10195e-44
1.96182e-44
1.82169e-44
1.68156e-44
1.54143e-44
1.4013e-44
1.26117e-44
9.80909e-45
8.40779e-45
8.40779e-45
9.80909e-45
1.12104e-44
1.12104e-44
1.26117e-44
1.4013e-44
1.54143e-44
1.68156e-44
1.82169e-44
1.96182e-44
2.10195e-44
2.38221e-44
2.52234e-44
2.52234e-44
2.38221e-44
2.10195e-44
1.82169e-44
1.4013e-44
9.80909e-45
5.60519e-45
1.4013e-45
-2.8026e-45
-7.00649e-45
-1.12104e-44
-1.54143e-44
-1.82169e-44
-1.96182e-44
-1.96182e-44
-1.82169e-44
-1.68156e-44
-1.4013e-44
-1.12104e-44
-8.40779e-45
-7.00649e-45
-5.60519e-45
-4.2039e-45
-2.8026e-45
0
1.4013e-45
1.4013e-45
0
-2.8026e-45
-5.60519e-45
-9.80909e-45
-1.26117e-44
-1.4013e-44
-1.54143e-44
-1.68156e-44
-1.82169e-44
-1.96182e-44
-2.24208e-44
-2.38221e-44
-2.38221e-44
-2.24208e-44
-1.96182e-44
-1.68156e-44
-1.26117e-44
-8.40779e-45
-5.60519e-45
-2.8026e-45
0
2.8026e-45
5.60519e-45
9.80909e-45
1.12104e-44
9.80909e-45
7.00649e-45
2.8026e-45
-1.4013e-45
-7.00649e-45
-1.26117e-44
-1.68156e-44
-2.10195e-44
-2.52234e-44
-2.94273e-44
-3.22299e-44
-3.50325e-44
-3.50325e-44
-3.36312e-44
-3.08286e-44
-2.66247e-44
-2.10195e-44
-1.4013e-44
-7.00649e-45
-1.4013e-45
4.2039e-45
9.80909e-45
1.4013e-44
1.68156e-44
2.10195e-44
2.38221e-44
2.52234e-44
2.52234e-44
2.38221e-44
2.24208e-44
1.96182e-44
1.68156e-44
1.4013e-44
1.12104e-44
8.40779e-45
7.00649e-45
5.60519e-45
2.8026e-45
1.4013e-45
1.4013e-45
2.8026e-45
5.60519e-45
8.40779e-45
1.26117e-44
1.54143e-44
1.82169e-44
2.10195e-44
2.38221e-44
2.66247e-44
2.8026e-44
2.94273e-44
2.8026e-44
2.38221e-44
1.82169e-44
1.12104e-44
4.2039e-45
-2.8026e-45
-9.80909e-45
-1.54143e-44
-1.96182e-44
-2.38221e-44
-2.8026e-44
-3.08286e-44
-3.36312e-44
-3.36312e-44
-3.22299e-44
-2.94273e-44
-2.38221e-44
-1.82169e-44
-1.12104e-44
-4.2039e-45
1.4013e-45
7.00649e-45
1.26117e-44
1.68156e-44
2.10195e-44
2.66247e-44
2.94273e-44
2.94273e-44
2.66247e-44
2.10195e-44
1.54143e-44
8.40779e-45
2.8026e-45
-2.8026e-45
-8.40779e-45
-1.4013e-44
-1.82169e-44
-2.24208e-44
-2.8026e-44
-3.08286e-44
-3.08286e-44
-2.8026e-44
-2.24208e-44
-1.68156e-44
-9.80909e-45
-2.8026e-45
4.2039e-45
1.12104e-44
1.68156e-44
2.24208e-44
2.8026e-44
3.36312e-44
3.64338e-44
3.78351e-44
3.78351e-44
3.64338e-44
3.50325e-44
3.22299e-44
2.94273e-44
2.52234e-44
2.10195e-44
1.68156e-44
1.26117e-44
8.40779e-45
4.2039e-45
1.4013e-45
0
0
1.4013e-45
2.8026e-45
5.60519e-45
8.40779e-45
1.12104e-44
1.26117e-44
1.4013e-44
1.54143e-44
1.68156e-44
1.96182e-44
2.10195e-44
2.10195e-44
1.96182e-44
1.68156e-44
1.4013e-44
9.80909e-45
5.60519e-45
1.4013e-45
-2.8026e-45
-7.00649e-45
-1.12104e-44
-1.4013e-44
-1.82169e-44
-2.10195e-44
-2.24208e-44
-2.24208e-44
-2.10195e-44
-1.96182e-44
-1.68156e-44
-1.4013e-44
-1.12104e-44
-8.40779e-45
-7.00649e-45
-5.60519e-45
-4.2039e-45
-1.4013e-45
0
0
-1.4013e-45
-4.2039e-45
-7.00649e-45
-1.12104e-44
-1.4013e-44
-1.68156e-44
-1.96182e-44
-2.24208e-44
-2.52234e-44
-2.8026e-44
-3.08286e-44
-3.08286e-44
-2.8026e-44
-2.24208e-44
-1.54143e-44
-8.40779e-45
-1.4013e-45
5.60519e-45
1.26117e-44
1.82169e-44
2.38221e-44
2.94273e-44
3.36312e-44
3.78351e-44
4.06377e-44
4.2039e-44
4.2039e-44
4.06377e-44
3.92364e-44
3.64338e-44
3.36312e-44
3.08286e-44
2.8026e-44
2.38221e-44
1.96182e-44
1.54143e-44
9.80909e-45
5.60519e-45
2.8026e-45
1.4013e-45
1.4013e-45
1.4013e-45
2.8026e-45
4.2039e-45
5.60519e-45
7.00649e-45
8.40779e-45
9.80909e-45
9.80909e-45
9.80909e-45
7.00649e-45
2.8026e-45
-2.8026e-45
-9.80909e-45
-1.54143e-44
-2.10195e-44
-2.66247e-44
-3.08286e-44
-3.36312e-44
-3.50325e-44
-3.64338e-44
-3.78351e-44
-4.06377e-44
-4.2039e-44
-4.2039e-44
-4.06377e-44
-3.78351e-44
-3.50325e-44
-3.08286e-44
-2.66247e-44
-2.10195e-44
-1.54143e-44
-9.80909e-45
-4.2039e-45
1.4013e-45
8.40779e-45
1.4013e-44
1.68156e-44
1.82169e-44
1.82169e-44
1.82169e-44
1.68156e-44
1.54143e-44
1.4013e-44
1.26117e-44
1.12104e-44
9.80909e-45
8.40779e-45
5.60519e-45
4.2039e-45
4.2039e-45
5.60519e-45
8.40779e-45
1.12104e-44
1.4013e-44
1.68156e-44
1.96182e-44
2.24208e-44
2.52234e-44
2.8026e-44
2.94273e-44
3.08286e-44
2.94273e-44
2.52234e-44
1.96182e-44
1.26117e-44
5.60519e-45
-1.4013e-45
-8.40779e-45
-1.54143e-44
-2.10195e-44
-2.66247e-44
-3.08286e-44
-3.36312e-44
-3.64338e-44
-3.78351e-44
-3.78351e-44
-3.64338e-44
-3.36312e-44
-3.08286e-44
-2.66247e-44
-2.10195e-44
-1.54143e-44
-9.80909e-45
-4.2039e-45
1.4013e-45
7.00649e-45
1.4013e-44
1.82169e-44
2.10195e-44
2.24208e-44
2.24208e-44
2.24208e-44
2.10195e-44
1.96182e-44
1.82169e-44
1.68156e-44
1.54143e-44
1.4013e-44
1.26117e-44
9.80909e-45
8.40779e-45
8.40779e-45
9.80909e-45
1.12104e-44
1.12104e-44
1.26117e-44
1.4013e-44
1.54143e-44
1.68156e-44
1.82169e-44
1.96182e-44
2.10195e-44
2.38221e-44
2.52234e-44
2.52234e-44
2.38221e-44
2.10195e-44
1.82169e-44
1.4013e-44
9.80909e-45
5.60519e-45
1.4013e-45
-2.8026e-45
-7.00649e-45
-1.12104e-44
-1.54143e-44
-1.82169e-44
-1.96182e-44
-1.96182e-44
-1.82169e-44
-1.68156e-44
-1.4013e-44
-1.12104e-44
-8.40779e-45
-7.00649e-45
-5.60519e-45
-4.2039e-45
-2.8026e-45
0
1.4013e-45
1.4013e-45
0
-2.8026e-45
-5.60519e-45
-9.80909e-45
-1.26117e-44
-1.4013e-44
-1.54143e-44
-1.68156e-44
-1.82169e-44
-1.96182e-44
-2.24208e-44
-2.38221e-44
-2.38221e-44
-2.24208e-44
-1.96182e-44
-1.68156e-44
-1.26117e-44
-8.40779e-45
-5.60519e-45
-2.8026e-45
0
2.8026e-45
5.60519e-45
9.80909e-45
1.12104e-44
9.80909e-45
7.00649e-45
2.8026e-45
-1.4013e-45
-7.00649e-45
-1.26117e-44
-1.68156e-44
-2.10195e-44
-2.52234e-44
-2.94273e-44
-3.22299e-44
-3.50325e-44
-3.50325e-44
-3.36312e-44
-3.08286e-44
-2.66247e-44
-2.10195e-44
-1.4013e-44
-7.00649e-45
-1.4013e-45
4.2039e-45
9.80909e-45
1.4013e-44
1.68156e-44
2.10195e-44
2.38221e-44
2.52234e-44
2.52234e-44
2.38221e-44
2.24208e-44
1.96182e-44
1.68156e-44
1.4013e-44
1.12104e-44
8.40779e-45
7.00649e-45
5.60519e-45
2.8026e-45
1.4013e-45
1.4013e-45
2.8026e-45
5.60519e-45
8.40779e-45
1.26117e-44
1.54143e-44
1.82169e-44
2.10195e-44
2.38221e-44
2.66247e-44
2.8026e-44
2.94273e-44
2.8026e-44
2.38221e-44
1.82169e-44
1.12104e-44
4.2039e-45
-2.8026e-45
-9.80909e-45
-1.54143e-44
-1.96182e-44
-2.38221e-44
-2.8026e-44
-3.08286e-44
-3.36312e-44
-3.36312e-44
-3.22299e-44
-2.94273e-44
-2.38221e-44
-1.82169e-44
-1.12104e-44
-4.2039e-45
1.4013e-45
7.00649e-45
1.26117e-44
1.68156e-44
2.10195e-44
2.66247e-44
2.94273e-44
2.94273e-44
2.66247e-44
2.10195e-44
1.54143e-44
8.40779e-45
2.8026e-45
-2.8026e-45
-8.40779e-45
-1.4013e-44
-1.82169e-44
-2.24208e-44
-2.8026e-44
-3.08286e-44
-3.08286e-44
-2.8026e-44
-2.24208e-44
-1.68156e-44
-9.80909e-45
-2.8026e-45
4.2039e-45
1.12104e-44
1.68156e-44
2.24208e-44
2.8026e-44
3.36312e-44
3.64338e-44
3.78351e-44
3.78351e-44
3.64338e-44
3.50325e-44
3.22299e-44
2.94273e-44
2.52234e-44
2.10195e-44
1.68156e-44
1.26117e-44
8.40779e-45
4.2039e-45
1.4013e-45
0
0
1.4013e-45
2.8026e-45
5.60519e-45
8.40779e-45
1.12104e-44
1.26117e-44
1.4013e-44
1.54143e-44
1.68156e-44
1.96182e-44
2.10195e-44
2.10195e-44
1.96182e-44
1.68156e-44
1.4013e-44
9.80909e-45
5.60519e-45
1.4013e-45
-2.8026e-45
-7.00649e-45
-1.12104e-44
-1.4013e-44
-1.82169e-44
-2.10195e-44
-2.24208e-44
-2.24208e-44
-2.10195e-44
-1.96182e-44
-1.68156e-44
-1.4013e-44
-1.12104e-44
-8.40779e-45
-7.00649e-45
-5.60519e-45
-4.2039e-45
-1.4013e-45
0
0
-1.4013e-45
-4.2039e-45
-7.00649e-45
-1.12104e-44
-1.4013e-44
-1.68156e-44
-1.96182e-44
-2.24208e-44
-2.52234e-44
-2.8026e-44
-3.08286e-44
-3.08286e-44
-2.8026e-44
-2.24208e-44
-1.54143e-44
-8.40779e-45
-1.4013e-45
5.60519e-45
1.26117e-44
1.82169e-44
2.38221e-44
2.94273e-44
3.36312e-44
3.78351e-44
4.06377e-44
4.2039e-44
4.2039e-44
4.06377e-44
3.92364e-44
3.64338e-44
3.36312e-44
3.08286e-44
2.8026e-44
2.38221e-44
1.96182e-44
1.54143e-44
9.80909e-45
5.60519e-45
2.8026e-45
1.4013e-45
1.4013e-45
1.4013e-45
2.8026e-45
4.2039e-45
5.60519e-45
7.00649e-45
8.40779e-45
9.80909e-45
9.80909e-45
9.80909e-45
7.00649e-45
2.8026e-45
-2.8026e-45
-9.80909e-45
-1.54143e-44
-2.10195e-44
-2.66247e-44
-3.08286e-44
-3.36312e-44
-3.50325e-44
-3.64338e-44
-3.78351e-44
-4.06377e-44
-4.2039e-44
-4.2039e-44
-4.06377e-44
-3.78351e-44
-3.50325e-44
-3.08286e-44
-2.66247e-44
-2.10195e-44
-1.54143e-44
-9.80909e-45
-4.2039e-45
1.4013e-45
8.40779e-45
1.4013e-44
1.68156e-44
1.82169e-44
1.82169e-44
1.82169e-44
1.68156e-44
1.54143e-44
1.4013e-44
1.26117e-44
1.12104e-44
9.80909e-45
8.40779e-45
5.60519e-45
4.2039e-45
4.2039e-45
5.60519e-45
8.40779e-45
1.12104e-44
1.4013e-44
1.68156e-44
1.96182e-44
2.24208e-44
2.52234e-44
2.8026e-44
2.94273e-44
3.08286e-44
2.94273e-44
2.52234e-44
1.96182e-44
1.26117e-44
5.60519e-45
-1.4013e-45
-8.40779e-45
-1.54143e-44
-2.10195e-44
-2.66247e-44
-3.08286e-44
-3.36312e-44
-3.64338e-44
-3.78351e-44
-3.78351e-44
-3.64338e-44
-3.36312e-44
-3.08286e-44
-2.66247e-44
-2.10195e-44
-1.54143e-44
-9.80909e-45
-4.2039e-45
1.4013e-45
7.00649e-45
1.4013e-44
1.82169e-44
2.10195e-44
2.24208e-44
2.24208e-44
2.24208e-44
2.10195e-44
1.96182e-44
1.82169e-44
1.68156e-44
1.54143e-44
1.4013e-44
1.26117e-44
9.80909e-45
8.40779e-45
8.40779e-45
9.80909e-45
1.12104e-44
1.12104e-44
1.26117e-44
1.4013e-44
1.54143e-44
1.68156e-44
1.82169e-44
1.96182e-44
2.10195e-44
2.38221e-44
2.52234e-44
2.52234e-44
2.38221e-44
2.10195e-44
1.82169e-44
1.4013e-44
9.80909e-45
5.60519e-45
1.4013e-45
-2.8026e-45
-7.00649e-45
-1.12104e-44
-1.54143e-44
-1.82169e-44
-1.96182e-44
-1.96182e-44
-1.82169e-44
-1.68156e-44
-1.4013e-44
-1.12104e-44
-8.40779e-45
-7.00649e-45
-5.60519e-45
-4.2039e-45
-2.8026e-45
0
1.4013e-45
1.4013e-45
0
-2.8026e-45
-5.60519e-45
-9.80909e-45
-1.26117e-44
-1.4013e-44
-1.54143e-44
-1.68156e-44
-1.82169e-44
-1.96182e-44
-2.24208e-44
-2.38221e-44
-2.38221e-44
-2.24208e-44
-1.96182e-44
-1.68156e-44
-1.26117e-44
-8.40779e-45
-5.60519e-45
-2.8026e-45
0
2.8026e-45
5.60519e-45
9.80909e-45
1.12104e-44
9.80909e-45
7.00649e-45
2.8026e-45
-1.4013e-45
-7.00649e-45
-1.26117e-44
-1.68156e-44
-2.10195e-44
-2.52234e-44
-2.94273e-44
-3.22299e-44
-3.50325e-44
-3.50325e-44
-3.36312e-44
-3.08286e-44
-2.66247e-44
-2.10195e-44
-1.4013e-44
-7.00649e-45
-1.4013e-45
4.2039e-45
9.80909e-45
1.4013e-44
1.68156e-44
2.10195e-44
2.38221e-44
2.52234e-44
2.52234e-44
2.38221e-44
2.24208e-44
1.96182e-44
1.68156e-44
1.4013e-44
1.12104e-44
8.40779e-45
7.00649e-45
5.60519e-45
2.8026e-45
1.4013e-45
1.4013e-45
2.8026e-45
5.60519e-45
8.40779e-45
1.26117e-44
1.54143e-44
1.82169e-44
2.10195e-44
2.38221e-44
2.66247e-44
2.8026e-44
2.94273e-44
2.8026e-44
2.38221e-44
1.82169e-44
1.12104e-44
4.2039e-45
-2.8026e-45
-9.80909e-45
-1.54143e-44
-1.96182e-44
-2.38221e-44
-2.8026e-44
-3.08286e-44
-3.36312e-44
-3.36312e-44
-3.22299e-44
-2.94273e-44
-2.38221e-44
-1.82169e-44
-1.12104e-44
-4.2039e-45
1.4013e-45
7.00649e-45
1.26117e-44
1.68156e-44
2.10195e-44
2.66247e-44
2.94273e-44
2.94273e-44
2.66247e-44
2.10195e-44
1.54143e-44
8.40779e-45
2.8026e-45
-2.8026e-45
-8.40779e-45
-1.4013e-44
-1.82169e-44
-2.24208e-44
-2.8026e-44
-3.08286e-44
-3.08286e-44
-2.8026e-44
-2.24208e-44
-1.68156e-44
-9.80909e-45
-2.8026e-45
4.2039e-45
1.12104e-44
1.68156e-44
2.24208e-44
2.8026e-44
3.36312e-44
3.64338e-44
3.78351e-44
3.78351e-44
3.64338e-44
3.50325e-44
3.22299e-44
2.94273e-44
2.52234e-44
2.10195e-44
1.68156e-44
1.26117e-44
8.40779e-45
4.2039e-45
1.4013e-45
0
0
1.4013e-45
2.8026e-45
5.60519e-45
8.40779e-45
1.12104e-44
1.26117e-44
1.4013e-44
1.54143e-44
1.68156e-44
1.96182e-44
2.10195e-44
2.10195e-44
1.96182e-44
1.68156e-44
1.4013e-44
9.80909e-45
5.60519e-45
1.4013e-45
-2.8026e-45
-7.00649e-45
-1.12104e-44
-1.4013e-44
-1.82169e-44
-2.10195e-44
-2.24208e-44
-2.24208e-44
-2.10195e-44
-1.96182e-44
-1.68156e-44
-1.4013e-44
-1.12104e-44
-8.40779e-45
-7.00649e-45
-5.60519e-45
-4.2039e-45
-1.4013e-45
0
0
-1.4013e-45
-4.2039e-45
-7.00649e-45
-1.12104e-44
-1.4013e-44
-1.68156e-44
-1.96182e-44
-2.24208e-44
-2.52234e-44
-2.8026e-44
-3.08286e-44
-3.08286e-44
-2.8026e-44
-2.24208e-44
-1.54143e-44
-8.40779e-45
-1.4013e-45
5.60519e-45
1.26117e-44
1.82169e-44
2.38221e-44
2.94273e-44
3.36312e-44
3.78351e-44
4.06377e-44
4.2039e-44
4.2039e-44
4.06377e-44
3.92364e-44
3.64338e-44
3.36312e-44
3.08286e-44
2.8026e-44
2.38221e-44
1.96182e-44
1.54143e-44
9.80909e-45
5.60519e-45
2.8026e-45
1.4013e-45
1.4013e-45
1.4013e-45
2.8026e-45
4.2039e-45
5.60519e-45
7.00649e-45
8.40779e-45
9.80909e-45
9.80909e-45
9.80909e-45
7.00649e-45
2.8026e-45
-2.8026e-45
-9.80909e-45
-1.54143e-44
-2.10195e-44
-2.66247e-44
-3.08286e-44
-3.36312e-44
-3.50325e-44
-3.64338e-44
-3.78351e-44
-4.06377e-44
-4.2039e-44
-4.2039e-44
-4.06377e-44
-3.78351e-44
-3.50325e-44
-3.08286e-44
-2.66247e-44
-2.10195e-44
-1.54143e-44
-9.80909e-45
-4.2039e-45
1.4013e-45
8.40779e-45
1.4013e-44
1.68156e-44
1.82169e-44
1.82169e-44
1.82169e-44
1.68156e-44
1.54143e-44
1.4013e-44
1.26117e-44
1.12104e-44
9.80909e-45
8.40779e-45
5.60519e-45
4.2039e-45
4.2039e-45
5.60519e-45
8.40779e-45
1.12104e-44
1.4013e-44
1.68156e-44
1.96182e-44
2.24208e-44
2.52234e-44
2.8026e-44
2.94273e-44
3.08286e-44
2.94273e-44
2.52234e-44
1.96182e-44
1.26117e-44
5.60519e-45
-1.4013e-45
-8.40779e-45
-1.54143e-44
-2.10195e-44
-2.66247e-44
-3.08286e-44
-3.36312e-44
-3.64338e-44
-3.78351e-44
-3.78351e-44
-3.64338e-44
-3.36312e-44
-3.08286e-44
-2.66247e-44
-2.10195e-44
-1.54143e-44
-9.80909e-45
-4.2039e-45
1.4013e-45
7.00649e-45
1.4013e-44
1.82169e-44
2.10195e-44
2.24208e-44
2.24208e-44
2.24208e-44
2.10195e-44
1.96182e-44
1.82169e-44
1.68156e-44
1.54143e-44
1.4013e-44
1.26117e-44
9.80909e-45
8.40779e-45
8.40779e-45
9.80909e-45
1.12104e-44
1.12104e-44
1.26117e-44
1.4013e-44
1.54143e-44
1.68156e-44
1.82169e-44
1.96182e-44
2.10195e-44
2.38221e-44
2.52234e-44
2.52234e-44
2.38221e-44
2.10195e-44
1.82169e-44
1.4013e-44
9.80909e-45
5.60519e-45
1.4013e-45
-2.8026e-45
-7.00649e-45
-1.12104e-44
-1.54143e-44
-1.82169e-44
-1.96182e-44
-1.96182e-44
-1.82169e-44
-1.68156e-44
-1.4013e-44
-1.12104e-44
-8.40779e-45
-7.00649e-45
-5.60519e-45
-4.2039e-45
-2.8026e-45
0
1.4013e-45
1.4013e-45
0
-2.8026e-45
-5.60519e-45
-9.80909e-45
-1.26117e-44
-1.4013e-44
-1.54143e-44
-1.68156e-44
-1.82169e-44
-1.96182e-44
-2.24208e-44
-2.38221e-44
-2.38221e-44
-2.24208e-44
-1.96182e-44
-1.68156e-44
-1.26117e-44
-8.40779e-45
-5.60519e-45
-2.8026e-45
0
2.8026e-45
5.60519e-45
9.80909e-45
1.12104e-44
9.80909e-45
7.00649e-45
2.8026e-45
-1.4013e-45
-7.00649e-45
-1.26117e-44
-1.68156e-44
-2.10195e-44
-2.52234e-44
-2.94273e-44
-3.22299e-44
-3.50325e-44
-3.50325e-44
-3.36312e-44
-3.08286e-44
-2.66247e-44
-2.10195e-44
-1.4013e-44
-7.00649e-45
-1.4013e-45
4.2039e-45
9.80909e-45
1.4013e-44
1.68156e-44
2.10195e-44
2.38221e-44
2.52234e-44
2.52234e-44
2.38221e-44
2.24208e-44
1.96182e-44
1.68156e-44
1.4013e-44
1.12104e-44
8.40779e-45
7.00649e-45
5.60519e-45
2.8026e-45
1.4013e-45
1.4013e-45
2.8026e-45
5.60519e-45
8.40779e-45
1.26117e-44
1.54143e-44
1.82169e-44
2.10195e-44
2.38221e-44
2.66247e-44
2.8026e-44
2.94273e-44
2.8026e-44
2.38221e-44
1.82169e-44
1.12104e-44
4.2039e-45
-2.8026e-45
-9.80909e-45
-1.54143e-44
-1.96182e-44
-2.38221e-44
-2.8026e-44
-3.08286e-44
-3.36312e-44
-3.36312e-44
-3.22299e-44
-2.94273e-44
-2.38221e-44
-1.82169e-44
-1.12104e-44
-4.2039e-45
1.4013e-45
7.00649e-45
1.26117e-44
1.68156e-44
2.10195e-44
2.66247e-44
2.94273e-44
2.94273e-44
2.66247e-44
2.10195e-44
1.54143e-44
8.40779e-45
2.8026e-45
-2.8026e-45
-8.40779e-45
-1.4013e-44
-1.82169e-44
-2.24208e-44
-2.8026e-44
-3.08286e-44
-3.08286e-44
-2.8026e-44
-2.24208e-44
-1.68156e-44
-9.80909e-45
-2.8026e-45
4.2039e-45
1.12104e-44
1.68156e-44
2.24208e-44
2.8026e-44
3.36312e-44
3.64338e-44
3.78351e-44
3.78351e-44
3.64338e-44
3.50325e-44
3.22299e-44
2.94273e-44
2.52234e-44
2.10195e-44
1.68156e-44
1.26117e-44
8.40779e-45
4.2039e-45
1.4013e-45
0
0
1.4013e-45
2.8026e-45
5.60519e-45
8.40779e-45
1.12104e-44
1.26117e-44
1.4013e-44
1.54143e-44
1.68156e-44
1.96182e-44
2.10195e-44
2.10195e-44
1.96182e-44
1.68156e-44
1.4013e-44
9.80909e-45
5.60519e-45
1.4013e-45
-2.8026e-45
-7.00649e-45
-1.12104e-44
-1.4013e-44
-1.82169e-44
-2.10195e-44
-2.24208e-44
-2.24208e-44
-2.10195e-44
-1.96182e-44
-1.68156e-44
-1.4013e-44
-1.12104e-44
-8.40779e-45
-7.00649e-45
-5.60519e-45
-4.2039e-45
-1.4013e-45
0
0
-1.4013e-45
-4.2039e-45
-7.00649e-45
-1.12104e-44
-1.4013e-44
-1.68156e-44
-1.96182e-44
-2.24208e-44
-2.52234e-44
-2.8026e-44
-3.08286e-44
-3.08286e-44
-2.8026e-44
-2.24208e-44
-1.54143e-44
-8.40779e-45
-1.4013e-45
5.60519e-45
1.26117e-44
1.82169e-44
2.38221e-44
2.94273e-44
3.36312e-44
3.78351e-44
4.06377e-44
4.2039e-44
4.2039e-44
4.06377e-44
3.92364e-44
3.64338e-44
3.36312e-44
3.08286e-44
2.8026e-44
2.38221e-44
1.96182e-44
1.54143e-44
9.80909e-45
5.60519e-45
2.8026e-45
1.4013e-45
1.4013e-45
1.4013e-45
2.8026e-45
4.2039e-45
5.60519e-45
7.00649e-45
8.40779e-45
9.80909e-45
9.80909e-45
9.80909e-45
7.00649e-45
2.8026e-45
-2.8026e-45
-9.80909e-45
-1.54143e-44
-2.10195e-44
-2.66247e-44
-3.08286e-44
-3.36312e-44
-3.50325e-44
-3.64338e-44
-3.78351e-44
-4.06377e-44
-4.2039e-44
-4.2039e-44
-4.06377e-44
-3.78351e-44
-3.50325e-44
-3.08286e-44
-2.66247e-44
-2.10195e-44
-1.54143e-44
-9.80909e-45
-4.2039e-45
1.4013e-45
8.40779e-45
1.4013e-44
1.68156e-44
1.82169e-44
1.82169e-44
1.82169e-44
1.68156e-44
1.54143e-44
1.4013e-44
1.26117e-44
1.12104e-44
9.80909e-45
8.40779e-45
5.60519e-45
4.2039e-45
4.2039e-45
5.60519e-45
8.40779e-45
1.12104e-44
1.4013e-44
1.68156e-44
1.96182e-44
2.24208e-44
2.52234e-44
2.8026e-44
2.94273e-44
3.08286e-44
2.94273e-44
2.52234e-44
1.96182e-44
1.26117e-44
5.60519e-45
-1.4013e-45
-8.40779e-45
-1.54143e-44
-2.10195e-44
-2.66247e-44
-3.08286e-44
-3.36312e-44
-3.64338e-44
-3.78351e-44
-3.78351e-44
-3.64338e-44
-3.36312e-44
-3.08286e-44
-2.66247e-44
-2.10195e-44
-1.54143e-44
-9.80909e-45
-4.2039e-45
1.4013e-45
7.00649e-45
1.4013e-44
1.82169e-44
2.10195e-44
2.24208e-44
2.24208e-44
2.24208e-44
2.10195e-44
1.96182e-44
1.82169e-44
1.68156e-44
1.54143e-44
1.4013e-44
1.26117e-44
9.80909e-45
8.40779e-45
8.40779e-45
9.80909e-45
1.12104e-44
1.12104e-44
1.26117e-44
1.4013e-44
1.54143e-44
1.68156e-44
1.82169e-44
1.96182e-44
2.10195e-44
2.38221e-44
2.52234e-44
2.52234e-44
2.38221e-44
2.10195e-44
1.82169e-44
1.4013e-44
9.80909e-45
5.60519e-45
1.4013e-45
-2.8026e-45
-7.00649e-45
-1.12104e-44
-1.54143e-44
-1.82169e-44
-1.96182e-44
-1.96182e-44
-1.82169e-44
-1.68156e-44
-1.4013e-44
-1.12104e-44
-8.40779e-45
-7.00649e-45
-5.60519e-45
-4.2039e-45
-2.8026e-45
0
1.4013e-45
1.4013e-45
0
-2.8026e-45
-5.60519e-45
-9.80909e-45
-1.26117e-44
-1.4013e-44
-1.54143e-44
-1.68156e-44
-1.82169e-44
-1.96182e-44
-2.24208e-44
-2.38221e-44
-2.38221e-44
-2.24208e-44
-1.96182e-44
-1.68156e-44
-1.26117e-44
-8.40779e-45
-5.60519e-45
-2.8026e-45
0
2.8026e-45
5.60519e-45
9.80909e-45
1.12104e-44
9.80909e-45
7.00649e-45
2.8026e-45
-1.4013e-45
-7.00649e-45
-1.26117e-44
-1.68156e-44
-2.10195e-44
-2.52234e-44
-2.94273e-44
-3.22299e-44
-3.50325e-44
-3.50325e-44
-3.36312e-44
-3.08286e-44
-2.66247e-44
-2.10195e-44
-1.4013e-44
-7.00649e-45
-1.4013e-45
4.2039e-45
9.80909e-45
1.4013e-44
1.68156e-44
2.10195e-44
2.38221e-44
2.52234e-44
2.52234e-44
2.38221e-44
2.24208e-44
1.96182e-44
1.68156e-44
1.4013e-44
1.12104e-44
8.40779e-45
7.00649e-45
5.60519e-45
2.8026e-45
1.4013e-45
1.4013e-45
2.8026e-45
5.60519e-45
8.40779e-45
1.26117e-44
1.54143e-44
1.82169e-44
2.10195e-44
2.38221e-44
2.66247e-44
2.8026e-44
2.94273e-44
2.8026e-44
2.38221e-44
1.82169e-44
1.12104e-44
4.2039e-45
-2.8026e-45
-9.80909e-45
-1.54143e-44
-1.96182e-44
-2.38221e-44
-2.8026e-44
-3.08286e-44
-3.36312e-44
-3.36312e-44
-3.22299e-44
-2.94273e-44
-2.38221e-44
-1.82169e-44
-1.12104e-44
-4.2039e-45
1.4013e-45
7.00649e-45
1.26117e-44
1.68156e-44
2.10195e-44
2.66247e-44
2.94273e-44
2.94273e-44
2.66247e-44
2.10195e-44
1.54143e-44
8.40779e-45
2.8026e-45
-2.8026e-45
-8.40779e-45
-1.4013e-44
-1.82169e-44
-2.24208e-44
-2.8026e-44
-3.08286e-44
-3.08286e-44
-2.8026e-44
-2.24208e-44
-1.68156e-44
-9.80909e-45
-2.8026e-45
4.2039e-45
1.12104e-44
1.68156e-44
2.24208e-44
2.8026e-44
3.36312e-44
3.64338e-44
3.78351e-44
3.78351e-44
3.64338e-44
3.50325e-44
3.22299e-44
2.94273e-44
2.52234e-44
2.10195e-44
1.68156e-44
1.26117e-44
8.40779e-45
4.2039e-45
1.4013e-45
0
0
1.4013e-45
2.8026e-45
5.60519e-45
8.40779e-45
1.12104e-44
1.26117e-44
1.4013e-44
1.54143e-44
1.68156e-44
1.96182e-44
2.10195e-44
2.10195e-44
1.96182e-44
1.68156e-44
1.4013e-44
9.80909e-45
5.60519e-45
1.4013e-45
-2.8026e-45
-7.00649e-45
-1.12104e-44
-1.4013e-44
-1.82169e-44
-2.10195e-44
-2.24208e-44
-2.24208e-44
-2.10195e-44
-1.96182e-44
-1.68156e-44
-1.4013e-44
-1.12104e-44
-8.40779e-45
-7.00649e-45
-5.60519e-45
-4.2039e-45
-1.4013e-45
0
0
-1.4013e-45
-4.2039e-45
-7.00649e-45
-1.12104e-44
-1.4013e-44
-1.68156e-44
-1.96182e-44
-2.24208e-44
-2.52234e-44
-2.8026e-44
-3.08286e-44
-3.08286e-44
-2.8026e-44
-2.24208e-44
-1.54143e-44
-8.40779e-45
-1.4013e-45
5.60519e-45
1.26117e-44
1.82169e-44
2.38221e-44
2.94273e-44
3.36312e-44
3.78351e-44
4.06377e-44
4.2039e-44
4.2039e-44
4.06377e-44
3.92364e-44
3.64338e-44
3.36312e-44
3.08286e-44
2.8026e-44
2.38221e-44
1.96182e-44
1.54143e-44
9.80909e-45
5.60519e-45
2.8026e-45
1.4013e-45
1.4013e-45
1.4013e-45
2.8026e-45
4.2039e-45
5.60519e-45
7.00649e-45
8.40779e-45
9.80909e-45
9.80909e-45
9.80909e-45
7.00649e-45
2.8026e-45
-2.8026e-45
-9.80909e-45
-1.54143e-44
-2.10195e-44
-2.66247e-44
-3.08286e-44
-3.36312e-44
-3.50325e-44
-3.64338e-44
-3.78351e-44
-4.06377e-44
-4.2039e-44
-4.2039e-44
-4.06377e-44
-3.78351e-44
-3.50325e-44
-3.08286e-44
-2.66247e-44
-2.10195e-44
-1.54143e-44
-9.80909e-45
-4.2039e-45
1.4013e-45
8.40779e-45
1.4013e-44
1.68156e-44
1.82169e-44
1.82169e-44
1.82169e-44
1.68156e-44
1.54143e-44
1.4013e-44
1.26117e-44
1.12104e-44
9.80909e-45
8.40779e-45
5.60519e-45
4.2039e-45
4.2039e-45
5.60519e-45
8.40779e-45
1.12104e-44
1.4013e-44
1.68156e-44
1.96182e-44
2.24208e-44
2.52234e-44
2.8026e-44
2.94273e-44
3.08286e-44
2.94273e-44
2.52234e-44
1.96182e-44
1.26117e-44
5.60519e-45
-1.4013e-45
-8.40779e-45
-1.54143e-44
-2.10195e-44
-2.66247e-44
-3.08286e-44
-3.36312e-44
-3.64338e-44
-3.78351e-44
-3.78351e-44
-3.64338e-44
-3.36312e-44
-3.08286e-44
-2.66247e-44
-2.10195e-44
-1.54143e-44
-9.80909e-45
-4.2039e-45
1.4013e-45
7.00649e-45
1.4013e-44
1.82169e-44
2.10195e-44
2.24208e-44
2.24208e-44
2.24208e-44
2.10195e-44
1.96182e-44
1.82169e-44
1.68156e-44
1.54143e-44
1.4013e-44
1.26117e-44
9.80909e-45
8.40779e-45
8.40779e-45
9.80909e-45
1.12104e-44
1.12104e-44
1.26117e-44
1.4013e-44
1.54143e-44
1.68156e-44
1.82169e-44
1.96182e-44
2.10195e-44
2.38221e-44
2.52234e-44
2.52234e-44
2.38221e-44
2.10195e-44
1.82169e-44
1.4013e-44
9.80909e-45
5.60519e-45
1.4013e-45
-2.8026e-45
-7.00649e-45
-1.12104e-44
-1.54143e-44
-1.82169e-44
-1.96182e-44
-1.96182e-44
-1.82169e-44
-1.68156e-44
-1.4013e-44
-1.12104e-44
-8.40779e-45
-7.00649e-45
-5.60519e-45
-4.2039e-45
-2.8026e-45
0
1.4013e-45
1.4013e-45
0
-2.8026e-45
-5.60519e-45
-9.80909e-45
-1.26117e-44
-1.4013e-44
-1.54143e-44
-1.68156e-44
-1.82169e-44
-1.96182e-44
-2.24208e-44
-2.38221e-44
-2.38221e-44
-2.24208e-44
-1.96182e-44
-1.68156e-44
-1.26117e-44
-8.40779e-45
-5.60519e-45
-2.8026e-45
0
2.8026e-45
5.60519e-45
9.80909e-45
1.12104e-44
9.80909e-45
7.00649e-45
2.8026e-45
-1.4013e-45
-7.00649e-45
-1.26117e-44
-1.68156e-44
-2.10195e-44
-2.52234e-44
-2.94273e-44
-3.22299e-44
-3.50325e-44
-3.50325e-44
-3.36312e-44
-3.08286e-44
-2.66247e-44
-2.10195e-44
-1.4013e-44
-7.00649e-45
-1.4013e-45
4.2039e-45
9.80909e-45
1.4013e-44
1.68156e-44
2.10195e-44
2.38221e-44
2.52234e-44
2.52234e-44
2.38221e-44
2.24208e-44
1.96182e-44
1.68156e-44
1.4013e-44
1.12104e-44
8.40779e-45
7.00649e-45
5.60519e-45
2.8026e-45
1.4013e-45
1.4013e-45
2.8026e-45
5.60519e-45
8.40779e-45
1.26117e-44
1.54143e-44
1.82169e-44
2.10195e-44
2.38221e-44
2.66247e-44
2.8026e-44
2.94273e-44
2.8026e-44
2.38221e-44
1.82169e-44
1.12104e-44
4.2039e-45
-2.8026e-45
-9.80909e-45
-1.54143e-44
-1.96182e-44
-2.38221e-44
-2.8026e-44
-3.08286e-44
-3.36312e-44
-3.36312e-44
-3.22299e-44
-2.94273e-44
-2.38221e-44
-1.82169e-44
-1.12104e-44
-4.2039e-45
1.4013e-45
7.00649e-45
1.26117e-44
1.68156e-44
2.10195e-44
2.66247e-44
2.94273e-44
2.94273e-44
2.66247e-44
2.10195e-44
1.54143e-44
8.40779e-45
2.8026e-45
-2.8026e-45
-8.40779e-45
-1.4013e-44
-1.82169e-44
-2.24208e-44
-2.8026e-44
-3.08286e-44
-3.08286e-44
-2.8026e-44
-2.24208e-44
-1.68156e-44
-9.80909e-45
-2.8026e-45
4.2039e-45
1.12104e-44
1.68156e-44
2.24208e-44
2.8026e-44
3.36312e-44
3.64338e-44
3.78351e-44
3.78351e-44
3.64338e-44
3.50325e-44
3.22299e-44
2.94273e-44
2.52234e-44
2.10195e-44
1.68156e-44
1.26117e-44
8.40779e-45
4.2039e-45
1.4013e-45
0
0
1.4013e-45
2.8026e-45
5.60519e-45
8.40779e-45
1.12104e-44
1.26117e-44
1.4013e-44
1.54143e-44
1.68156e-44
1.96182e-44
2.10195e-44
2.10195e-44
1.96182e-44
1.68156e-44
1.4013e-44
9.80909e-45
5.60519e-45
1.4013e-45
-2.8026e-45
-7.00649e-45
-1.12104e-44
-1.4013e-44
-1.82169e-44
-2.10195e-44
-2.24208e-44
-2.24208e-44
-2.10195e-44
-1.96182e-44
-1.68156e-44
-1.4013e-44
-1.12104e-44
-8.40779e-45
-7.00649e-45
-5.60519e-45
-4.2039e-45
-1.4013e-45
0
0
-1.4013e-45
-4.2039e-45
-7.00649e-45
-1.12104e-44
-1.4013e-44
-1.68156e-44
-1.96182e-44
-2.24208e-44
-2.52234e-44
-2.8026e-44
-3.08286e-44
-3.08286e-44
-2.8026e-44
-2.24208e-44
-1.54143e-44
-8.40779e-45
-1.4013e-45
5.60519e-45
1.26117e-44
1.82169e-44
2.38221e-44
2.94273e-44
3.36312e-44
3.78351e-44
4.06377e-44
4.2039e-44
4.2039e-44
4.06377e-44
3.92364e-44
3.64338e-44
3.36312e-44
3.08286e-44
2.8026e-44
2.38221e-44
1.96182e-44
1.54143e-44
9.80909e-45
5.60519e-45
2.8026e-45
1.4013e-45
1.4013e-45
1.4013e-45
2.8026e-45
4.2039e-45
5.60519e-45
7.00649e-45
8.40779e-45
9.80909e-45
9.80909e-45
9.80909e-45
7.00649e-45
2.8026e-45
-2.8026e-45
-9.80909e-45
-1.54143e-44
-2.10195e-44
-2.66247e-44
-3.08286e-44
-3.36312e-44
-3.50325e-44
-3.64338e-44
-3.78351e-44
-4.06377e-44
-4.2039e-44
-4.2039e-44
-4.06377e-44
-3.78351e-44
-3.50325e-44
-3.08286e-44
-2.66247e-44
-2.10195e-44
-1.54143e-44
-9.80909e-45
-4.2039e-45
1.4013e-45
8.40779e-45
1.4013e-44
1.68156e-44
1.82169e-44
1.82169e-44
1.82169e-44
1.68156e-44
1.54143e-44
1.4013e-44
1.26117e-44
1.12104e-44
9.80909e-45
8.40779e-45
5.60519e-45
4.2039e-45
4.2039e-45
5.60519e-45
8.40779e-45
1.12104e-44
1.4013e-44
1.68156e-44
1.96182e-44
2.24208e-44
2.52234e-44
2.8026e-44
2.94273e-44
3.08286e-44
2.94273e-44
2.52234e-44
1.96182e-44
1.26117e-44
5.60519e-45
-1.4013e-45
-8.40779e-45
-1.54143e-44
-2.10195e-44
-2.66247e-44
-3.08286e-44
-3.36312e-44
-3.64338e-44
-3.78351e-44
-3.78351e-44
-3.64338e-44
-3.36312e-44
-3.08286e-44
-2.66247e-44
-2.10195e-44
-1.54143e-44
-9.80909e-45
-4.2039e-45
1.4013e-45
7.00649e-45
1.4013e-44
1.82169e-44
2.10195e-44
2.24208e-44
2.24208e-44
2.24208e-44
2.10195e-44
1.96182e-44
1.82169e-44
1.68156e-44
1.54143e-44
1.4013e-44
1.26117e-44
9.80909e-45
8.40779e-45
8.40779e-45
9.80909e-45
1.12104e-44
1.12104e-44
1.26117e-44
1.4013e-44
1.54143e-44
1.68156e-44
1.82169e-44
1.96182e-44
2.10195e-44
2.38221e-44
2.52234e-44
2.52234e-44
2.38221e-44
2.10195e-44
1.82169e-44
1.4013e-44
9.80909e-45
5.60519e-45
1.4013e-45
-2.8026e-45
-7.00649e-45
-1.12104e-44
-1.54143e-44
-1.82169e-44
-1.96182e-44
-1.96182e-44
-1.82169e-44
-1.68156e-44
-1.4013e-44
-1.12104e-44
-8.40779e-45
-7.00649e-45
-5.60519e-45
-4.2039e-45
-2.8026e-45
0
1.4013e-45
1.4013e-45
0
-2.8026e-45
-5.60519e-45
-9.80909e-45
-1.26117e-44
-1.4013e-44
-1.54143e-44
-1.68156e-44
-1.82169e-44
-1.96182e-44
-2.24208e-44
-2.38221e-44
-2.38221e-44
-2.24208e-44
-1.96182e-44
-1.68156e-44
-1.26117e-44
-8.40779e-45
-5.60519e-45
-2.8026e-45
0
2.8026e-45
5.60519e-45
9.80909e-45
1.12104e-44
9.80909e-45
7.00649e-45
2.8026e-45
-1.4013e-45
-7.00649e-45
-1.26117e-44
-1.68156e-44
-2.10195e-44
-2.52234e-44
-2.94273e-44
-3.22299e-44
-3.50325e-44
-3.50325e-44
-3.36312e-44
-3.08286e-44
-2.66247e-44
-2.10195e-44
-1.4013e-44
-7.00649e-45
-1.4013e-45
4.2039e-45
9.80909e-45
1.4013e-44
1.68156e-44
2.10195e-44
2.38221e-44
2.52234e-44
2.52234e-44
2.38221e-44
2.24208e-44
1.96182e-44
1.68156e-44
1.4013e-44
1.12104e-44
8.40779e-45
7.00649e-45
5.60519e-45
2.8026e-45
1.4013e-45
1.4013e-45
2.8026e-45
5.60519e-45
8.40779e-45
1.26117e-44
1.54143e-44
1.82169e-44
2.10195e-44
2.38221e-44
2.66247e-44
2.8026e-44
2.94273e-44
2.8026e-44
2.38221e-44
1.82169e-44
1.12104e-44
4.2039e-45
-2.8026e-45
-9.80909e-45
-1.54143e-44
-1.96182e-44
-2.38221e-44
-2.8026e-44
-3.08286e-44
-3.36312e-44
-3.36312e-44
-3.22299e-44
-2.94273e-44
-2.38221e-44
-1.82169e-44
-1.12104e-44
-4.2039e-45
1.4013e-45
7.00649e-45
1.26117e-44
1.68156e-44
2.10195e-44
2.66247e-44
2.94273e-44
2.94273e-44
2.66247e-44
2.10195e-44
1.54143e-44
8.40779e-45
2.8026e-45
-2.8026e-45
-8.40779e-45
-1.4013e-44
-1.82169e-44
-2.24208e-44
-2.8026e-44
-3.08286e-44
-3.08286e-44
-2.8026e-44
-2.24208e-44
-1.68156e-44
-9.80909e-45
-2.8026e-45
4.2039e-45
1.12104e-44
1.68156e-44
2.24208e-44
2.8026e-44
3.36312e-44
3.64338e-44
3.78351e-44
3.78351e-44
3.64338e-44
3.50325e-44
3.22299e-44
2.94273e-44
2.52234e-44
2.10195e-44
1.68156e-44
1.26117e-44
8.40779e-45
4.2039e-45
1.4013e-45
0
0
1.4013e-45
2.8026e-45
5.60519e-45
8.40779e-45
1.12104e-44
1.26117e-44
1.4013e-44
1.54143e-44
1.68156e-44
1.96182e-44
2.10195e-44
2.10195e-44
1.96182e-44
1.68156e-44
1.4013e-44
9.80909e-45
5.60519e-45
1.4013e-45
-2.8026e-45
-7.00649e-45
-1.12104e-44
-1.4013e-44
-1.82169e-44
-2.10195e-44
-2.24208e-44
-2.24208e-44
-2.10195e-44
-1.96182e-44
-1.68156e-44
-1.4013e-44
-1.12104e-44
-8.40779e-45
-7.00649e-45
-5.60519e-45
-4.2039e-45
-1.4013e-45
0
0
-1.4013e-45
-4.2039e-45
-7.00649e-45
-1.12104e-44
-1.4013e-44
-1.68156e-44
-1.96182e-44
-2.24208e-44
-2.52234e-44
-2.8026e-44
-3.08286e-44
-3.08286e-44
-2.8026e-44
-2.24208e-44
-1.54143e-44
-8.40779e-45
-1.4013e-45
5.60519e-45
1.26117e-44
1.82169e-44
2.38221e-44
2.94273e-44
3.36312e-44
3.78351e-44
4.06377e-44
4.2039e-44
4.2039e-44
4.06377e-44
3.92364e-44
3.64338e-44
3.36312e-44
3.08286e-44
2.8026e-44
2.38221e-44
1.96182e-44
1.54143e-44
9.80909e-45
5.60519e-45
2.8026e-45
1.4013e-45
1.4013e-45
1.4013e-45
2.8026e-45
4.2039e-45
5.60519e-45
7.00649e-45
8.40779e-45
9.80909e-45
9.80909e-45
9.80909e-45
7.00649e-45
2.8026e-45
-2.8026e-45
-9.80909e-45
-1.54143e-44
-2.10195e-44
-2.66247e-44
-3.08286e-44
-3.36312e-44
-3.50325e-44
-3.64338e-44
-3.78351e-44
-4.06377e-44
-4.2039e-44
-4.2039e-44
-4.06377e-44
-3.78351e-44
-3.50325e-44
-3.08286e-44
-2.66247e-44
-2.10195e-44
-1.54143e-44
-9.80909e-45
-4.2039e-45
1.4013e-45
8.40779e-45
1.4013e-44
1.68156e-44
1.82169e-44
1.82169e-44
1.82169e-44
1.68156e-44
1.54143e-44
1.4013e-44
1.26117e-44
1.12104e-44
9.80909e-45
8.40779e-45
5.60519e-45
4.2039e-45
4.2039e-45
5.60519e-45
8.40779e-45
1.12104e-44
1.4013e-44
1.68156e-44
1.96182e-44
2.24208e-44
2.52234e-44
2.8026e-44
2.94273e-44
3.08286e-44
2.94273e-44
2.52234e-44
1.96182e-44
1.26117e-44
5.60519e-45
-1.4013e-45
-8.40779e-45
-1.54143e-44
-2.10195e-44
-2.66247e-44
-3.08286e-44
-3.36312e-44
-3.64338e-44
-3.78351e-44
-3.78351e-44
-3.64338e-44
-3.36312e-44
-3.08286e-44
-2.66247e-44
-2.10195e-44
-1.54143e-44
-9.80909e-45
-4.2039e-45
1.4013e-45
7.00649e-45
1.4013e-44
1.82169e-44
2.10195e-44
2.24208e-44
2.24208e-44
2.24208e-44
2.10195e-44
1.96182e-44
1.82169e-44
1.68156e-44
1.54143e-44
1.4013e-44
1.26117e-44
9.80909e-45
8.40779e-45
8.40779e-45
9.80909e-45
1.12104e-44
1.12104e-44
1.26117e-44
1.4013e-44
1.54143e-44
1.68156e-44
1.82169e-44
1.96182e-44
2.10195e-44
2.38221e-44
2.52234e-44
2.52234e-44
2.38221e-44
2.10195e-44
1.82169e-44
1.4013e-44
9.80909e-45
5.60519e-45
1.4013e-45
-2.8026e-45
-7.00649e-45
-1.12104e-44
-1.54143e-44
-1.82169e-44
-1.96182e-44
-1.96182e-44
-1.82169e-44
-1.68156e-44
-1.4013e-44
-1.12104e-44
-8.40779e-45
-7.00649e-45
-5.60519e-45
-4.2039e-45
-2.8026e-45
0
1.4013e-45
1.4013e-45
0
-2.8026e-45
-5.60519e-45
-9.80909e-45
-1.26117e-44
-1.4013e-44
-1.54143e-44
-1.68156e-44
-1.82169e-44
-1.96182e-44
-2.24208e-44
-2.38221e-44
-2.38221e-44
-2.24208e-44
-1.96182e-44
-1.68156e-44
-1.26117e-44
-8.40779e-45
-5.60519e-45
-2.8026e-45
0
2.8026e-45
5.60519e-45
9.80909e-45
1.12104e-44
9.80909e-45
7.00649e-45
2.8026e-45
-1.4013e-45
-7.00649e-45
-1.26117e-44
-1.68156e-44
-2.10195e-44
-2.52234e-44
-2.94273e-44
-3.22299e-44
-3.50325e-44
-3.50325e-44
-3.36312e-44
-3.08286e-44
-2.66247e-44
-2.10195e-44
-1.4013e-44
-7.00649e-45
-1.4013e-45
4.2039e-45
9.80909e-45
1.4013e-44
1.68156e-44
2.10195e-44
2.38221e-44
2.52234e-44
2.52234e-44
2.38221e-44
2.24208e-44
1.96182e-44
1.68156e-44
1.4013e-44
1.12104e-44
8.40779e-45
7.00649e-45
5.60519e-45
2.8026e-45
1.4013e-45
1.4013e-45
2.8026e-45
5.60519e-45
8.40779e-45
1.26117e-44
1.54143e-44
1.82169e-44
2.10195e-44
2.38221e-44
2.66247e-44
2.8026e-44
2.94273e-44
2.8026e-44
2.38221e-44
1.82169e-44
1.12104e-44
4.2039e-45
-2.8026e-45
-9.80909e-45
-1.54143e-44
-1.96182e-44
-2.38221e-44
-2.8026e-44
-3.08286e-44
-3.36312e-44
-3.36312e-44
-3.22299e-44
-2.94273e-44
-2.38221e-44
-1.82169e-44
-1.12104e-44
-4.2039e-45
1.4013e-45
7.00649e-45
1.26117e-44
1.68156e-44
2.10195e-44
2.66247e-44
2.94273e-44
2.94273e-44
2.66247e-44
2.10195e-44
1.54143e-44
8.40779e-45
2.8026e-45
-2.8026e-45
-8.40779e-45
-1.4013e-44
-1.82169e-44
-2.24208e-44
-2.8026e-44
-3.08286e-44
-3.08286e-44
-2.8026e-44
-2.24208e-44
-1.68156e-44
-9.80909e-45
-2.8026e-45
4.2039e-45
1.12104e-44
1.68156e-44
2.24208e-44
2.8026e-44
3.36312e-44
3.64338e-44
3.78351e-44
3.78351e-44
3.64338e-44
3.50325e-44
3.22299e-44
2.94273e-44
2.52234e-44
2.10195e-44
1.68156e-44
1.26117e-44
8.40779e-45
4.2039e-45
1.4013e-45
0
0
1.4013e-45
2.8026e-45
5.60519e-45
8.40779e-45
1.12104e-44
1.26117e-44
1.4013e-44
1.54143e-44
1.68156e-44
1.96182e-44
2.10195e-44
2.10195e-44
1.96182e-44
1.68156e-44
1.4013e-44
9.80909e-45
5.60519e-45
1.4013e-45
-2.8026e-45
-7.00649e-45
-1.12104e-44
-1.4013e-44
-1.82169e-44
-2.10195e-44
-2.24208e-44
-2.24208e-44
-2.10195e-44
-1.96182e-44
-1.68156e-44
-1.4013e-44
-1.12104e-44
-8.40779e-45
-7.00649e-45
-5.60519e-45
-4.2039e-45
-1.4013e-45
0
0
-1.4013e-45
-4.2039e-45
-7.00649e-45
-1.12104e-44
-1.4013e-44
-1.68156e-44
-1.96182e-44
-2.24208e-44
-2.52234e-44
-2.8026e-44
-3.08286e-44
-3.08286e-44
-2.8026e-44
-2.24208e-44
-1.54143e-44
-8.40779e-45
-1.4013e-45
5.60519e-45
1.26117e-44
1.82169e-44
2.38221e-44
2.94273e-44
3.36312e-44
3.78351e-44
4.06377e-44
4.2039e-44
4.2039e-44
4.06377e-44
3.92364e-44
3.64338e-44
3.36312e-44
3.08286e-44
2.8026e-44
2.38221e-44
1.96182e-44
1.54143e-44
9.80909e-45
5.60519e-45
2.8026e-45
1.4013e-45
1.4013e-45
1.4013e-45
2.8026e-45
4.2039e-45
5.60519e-45
7.00649e-45
8.40779e-45
9.80909e-45
9.80909e-45
9.80909e-45
7.00649e-45
2.8026e-45
-2.8026e-45
-9.80909e-45
-1.54143e-44
-2.10195e-44
-2.66247e-44
-3.08286e-44
-3.36312e-44
-3.50325e-44
-3.64338e-44
-3.78351e-44
-4.06377e-44
-4.2039e-44
-4.2039e-44
-4.06377e-44
-3.78351e-44
-3.50325e-44
-3.08286e-44
-2.66247e-44
-2.10195e-44
-1.54143e-44
-9.80909e-45
-4.2039e-45
1.4013e-45
8.40779e-45
1.4013e-44
1.68156e-44
1.82169e-44
1.82169e-44
1.82169e-44
1.68156e-44
1.54143e-44
1.4013e-44
1.26117e-44
1.12104e-44
9.80909e-45
8.40779e-45
5.60519e-45
4.2039e-45
4.2039e-45
5.60519e-45
8.40779e-45
1.12104e-44
1.4013e-44
1.68156e-44
1.96182e-44
2.24208e-44
2.52234e-44
2.8026e-44
2.94273e-44
3.08286e-44
2.94273e-44
2.52234e-44
1.96182e-44
1.26117e-44
5.60519e-45
-1.4013e-45
-8.40779e-45
-1.54143e-44
-2.10195e-44
-2.66247e-44
-3.08286e-44
-3.36312e-44
-3.64338e-44
-3.78351e-44
-3.78351e-44
-3.64338e-44
-3.36312e-44
-3.08286e-44
-2.66247e-44
-2.10195e-44
-1.54143e-44
-9.80909e-45
-4.2039e-45
1.4013e-45
7.00649e-45
1.4013e-44
1.82169e-44
2.10195e-44
2.24208e-44
2.24208e-44
2.24208e-44
2.10195e-44
1.96182e-44
1.82169e-44
1.68156e-44
1.54143e-44
1.4013e-44
1.26117e-44
9.80909e-45
8.40779e-45
8.40779e-45
9.80909e-45
1.12104e-44
1.12104e-44
1.26117e-44
1.4013e-44
1.54143e-44
1.68156e-44
1.82169e-44
1.96182e-44
2.10195e-44
2.38221e-44
2.52234e-44
2.52234e-44
2.38221e-44
2.10195e-44
1.82169e-44
1.4013e-44
9.80909e-45
5.60519e-45
1.4013e-45
-2.8026e-45
-7.00649e-45
-1.12104e-44
-1.54143e-44
-1.82169e-44
-1.96182e-44
-1.96182e-44
-1.82169e-44
-1.68156e-44
-1.4013e-44
-1.12104e-44
-8.40779e-45
-7.00649e-45
-5.60519e-45
-4.2039e-45
-2.8026e-45
0
1.4013e-45
1.4013e-45
0
-2.8026e-45
-5.60519e-45
-9.80909e-45
-1.26117e-44
-1.4013e-44
-1.54143e-44
-1.68156e-44
-1.82169e-44
-1.96182e-44
-2.24208e-44
-2.38221e-44
-2.38221e-44
-2.24208e-44
-1.96182e-44
-1.68156e-44
-1.26117e-44
-8.40779e-45
-5.60519e-45
-2.8026e-45
0
2.8026e-45
5.60519e-45
9.80909e-45
1.12104e-44
9.80909e-45
7.00649e-45
2.8026e-45
-1.4013e-45
-7.00649e-45
-1.26117e-44
-1.68156e-44
-2.10195e-44
-2.52234e-44
-2.94273e-44
-3.22299e-44
-3.50325e-44
-3.50325e-44
-3.36312e-44
-3.08286e-44
-2.66247e-44
-2.10195e-44
-1.4013e-44
-7.00649e-45
-1.4013e-45
4.2039e-45
9.80909e-45
1.4013e-44
1.68156e-44
2.10195e-44
2.38221e-44
2.52234e-44
2.52234e-44
2.38221e-44
2.24208e-44
1.96182e-44
1.68156e-44
1.4013e-44
1.12104e-44
8.40779e-45
7.00649e-45
5.60519e-45
2.8026e-45
1.4013e-45
1.4013e-45
2.8026e-45
5.60519e-45
8.40779e-45
1.26117e-44
1.54143e-44
1.82169e-44
2.10195e-44
2.38221e-44
2.66247e-44
2.8026e-44
2.94273e-44
2.8026e-44
2.38221e-44
1.82169e-44
1.12104e-44
4.2039e-45
-2.8026e-45
-9.80909e-45
-1.54143e-44
-1.96182e-44
-2.38221e-44
-2.8026e-44
-3.08286e-44
-3.36312e-44
-3.36312e-44
-3.22299e-44
-2.94273e-44
-2.38221e-44
-1.82169e-44
-1.12104e-44
-4.2039e-45
1.4013e-45
7.00649e-45
1.26117e-44
1.68156e-44
2.10195e-44
2.66247e-44
2.94273e-44
2.94273e-44
2.66247e-44
2.10195e-44
1.54143e-44
8.40779e-45
2.8026e-45
-2.8026e-45
-8.40779e-45
-1.4013e-44
-1.82169e-44
-2.24208e-44
-2.8026e-44
-3.08286e-44
-3.08286e-44
-2.8026e-44
-2.24208e-44
-1.68156e-44
-9.80909e-45
-2.8026e-45
4.2039e-45
1.12104e-44
1.68156e-44
2.24208e-44
2.8026e-44
3.36312e-44
3.64338e-44
3.78351e-44
3.78351e-44
3.64338e-44
3.50325e-44
3.22299e-44
2.94273e-44
2.52234e-44
2.10195e-44
1.68156e-44
1.26117e-44
8.40779e-45
4.2039e-45
1.4013e-45
0
0
1.4013e-45
2.8026e-45
5.60519e-45
8.40779e-45
1.12104e-44
1.26117e-44
1.4013e-44
1.54143e-44
1.68156e-44
1.96182e-44
2.10195e-44
2.10195e-44
1.96182e-44
1.68156e-44
1.4013e-44
9.80909e-45
5.60519e-45
1.4013e-45
-2.8026e-45
-7.00649e-45
-1.12104e-44
-1.4013e-44
-1.82169e-44
-2.10195e-44
-2.24208e-44
-2.24208e-44
-2.10195e-44
-1.96182e-44
-1.68156e-44
-1.4013e-44
-1.12104e-44
-8.40779e-45
-7.00649e-45
-5.60519e-45
-4.2039e-45
-1.4013e-45
0
0
-1.4013e-45
-4.2039e-45
-7.00649e-45
-1.12104e-44
-1.4013e-44
-1.68156e-44
-1.96182e-44
-2.24208e-44
-2.52234e-44
-2.8026e-44
-3.08286e-44
-3.08286e-44
-2.8026e-44
-2.24208e-44
-1.54143e-44
-8.40779e-45
-1.4013e-45
5.60519e-45
1.26117e-44
1.82169e-44
2.38221e-44
2.94273e-44
3.36312e-44
3.78351e-44
4.06377e-44
4.2039e-44
4.2039e-44
4.06377e-44
3.92364e-44
3.64338e-44
3.36312e-44
3.08286e-44
2.8026e-44
2.38221e-44
1.96182e-44
1.54143e-44
9.80909e-45
5.60519e-45
2.8026e-45
1.4013e-45
1.4013e-45
1.4013e-45
2.8026e-45
4.2039e-45
5.60519e-45
7.00649e-45
8.40779e-45
9.80909e-45
9.80909e-45
9.80909e-45
7.00649e-45
2.8026e-45
-2.8026e-45
-9.80909e-45
-1.54143e-44
-2.10195e-44
-2.66247e-44
-3.08286e-44
-3.36312e-44
-3.50325e-44
-3.64338e-44
-3.78351e-44
-4.06377e-44
-4.2039e-44
-4.2039e-44
-4.06377e-44
-3.78351e-44
-3.50325e-44
-3.08286e-44
-2.66247e-44
-2.10195e-44
-1.54143e-44
-9.80909e-45
-4.2039e-45
1.4013e-45
8.40779e-45
1.4013e-44
1.68156e-44
1.82169e-44
1.82169e-44
1.82169e-44
1.68156e-44
1.54143e-44
1.4013e-44
1.26117e-44
1.12104e-44
9.80909e-45
8.40779e-45
5.60519e-45
4.2039e-45
4.2039e-45
5.60519e-45
8.40779e-45
1.12104e-44
1.4013e-44
1.68156e-44
1.96182e-44
2.24208e-44
2.52234e-44
2.8026e-44
2.94273e-44
3.08286e-44
2.94273e-44
2.52234e-44
1.96182e-44
1.26117e-44
5.60519e-45
-1.4013e-45
-8.40779e-45
-1.54143e-44
-2.10195e-44
-2.66247e-44
-3.08286e-44
-3.36312e-44
-3.64338e-44
-3.78351e-44
-3.78351e-44
-3.64338e-44
-3.36312e-44
-3.08286e-44
-2.66247e-44
-2.10195e-44
-1.54143e-44
-9.80909e-45
-4.2039e-45
1.4013e-45
7.00649e-45
1.4013e-44
1.82169e-44
2.10195e-44
2.24208e-44
2.24208e-44
2.24208e-44
2.10195e-44
1.96182e-44
1.82169e-44
1.68156e-44
1.54143e-44
1.4013e-44
1.26117e-44
9.80909e-45
8.40779e-45
8.40779e-45
9.80909e-45
1.12104e-44
1.12104e-44
1.26117e-44
1.4013e-44
1.54143e-44
1.68156e-44
1.82169e-44
1.96182e-44
2.10195e-44
2.38221e-44
2.52234e-44
2.52234e-44
2.38221e-44
2.10195e-44
1.82169e-44
1.4013e-44
9.80909e-45
5.60519e-45
1.4013e-45
-2.8026e-45
-7.00649e-45
-1.12104e-44
-1.54143e-44
-1.82169e-44
-1.96182e-44
-1.96182e-44
-1.82169e-44
-1.68156e-44
-1.4013e-44
-1.12104e-44
-8.40779e-45
-7.00649e-45
-5.60519e-45
-4.2039e-45
-2.8026e-45
0
1.4013e-45
1.4013e-45
0
-2.8026e-45
-5.60519e-45
-9.80909e-45
-1.26117e-44
-1.4013e-44
-1.54143e-44
-1.68156e-44
-1.82169e-44
-1.96182e-44
-2.24208e-44
-2.38221e-44
-2.38221e-44
-2.24208e-44
-1.96182e-44
-1.68156e-44
-1.26117e-44
-8.40779e-45
-5.60519e-45
-2.8026e-45
0
2.8026e-45
5.60519e-45
9.80909e-45
1.12104e-44
9.80909e-45
7.00649e-45
2.8026e-45
-1.4013e-45
-7.00649e-45
-1.26117e-44
-1.68156e-44
-2.10195e-44
-2.52234e-44
-2.94273e-44
-3.22299e-44
-3.50325e-44
-3.50325e-44
-3.36312e-44
-3.08286e-44
-2.66247e-44
-2.10195e-44
-1.4013e-44
-7.00649e-45
-1.4013e-45
4.2039e-45
9.80909e-45
1.4013e-44
1.68156e-44
2.10195e-44
2.38221e-44
2.52234e-44
2.52234e-44
2.38221e-44
2.24208e-44
1.96182e-44
1.68156e-44
1.4013e-44
1.12104e-44
8.40779e-45
7.00649e-45
5.60519e-45
2.8026e-45
1.4013e-45
1.4013e-45
2.8026e-45
5.60519e-45
8.40779e-45
1.26117e-44
1.54143e-44
1.82169e-44
2.10195e-44
2.38221e-44
2.66247e-44
2.8026e-44
2.94273e-44
2.8026e-44
2.38221e-44
1.82169e-44
1.12104e-44
4.2039e-45
-2.8026e-45
-9.80909e-45
-1.54143e-44
-1.96182e-44
-2.38221e-44
-2.8026e-44
-3.08286e-44
-3.36312e-44
-3.36312e-44
-3.22299e-44
-2.94273e-44
-2.38221e-44
-1.82169e-44
-1.12104e-44
-4.2039e-45
1.4013e-45
7.00649e-45
1.26117e-44
1.68156e-44
2.10195e-44
2.66247e-44
2.94273e-44
2.94273e-44
2.66247e-44
2.10195e-44
1.54143e-44
8.40779e-45
2.8026e-45
-2.8026e-45
-8.40779e-45
-1.4013e-44
-1.82169e-44
-2.24208e-44
-2.8026e-44
-3.08286e-44
-3.08286e-44
-2.8026e-44
-2.24208e-44
-1.68156e-44
-9.80909e-45
-2.8026e-45
4.2039e-45
1.12104e-44
1.68156e-44
2.24208e-44
2.8026e-44
3.36312e-44
3.64338e-44
3.78351e-44
3.78351e-44
3.64338e-44
3.50325e-44
3.22299e-44
2.94273e-44
2.52234e-44
2.10195e-44
1.68156e-44
1.26117e-44
8.40779e-45
4.2039e-45
1.4013e-45
0
0
1.4013e-45
2.8026e-45
5.60519e-45
8.40779e-45
1.12104e-44
1.26117e-44
1.4013e-44
1.54143e-44
1.68156e-44
1.96182e-44
2.10195e-44
2.10195e-44
1.96182e-44
1.68156e-44
1.4013e-44
9.80909e-45
5.60519e-45
1.4013e-45
-2.8026e-45
-7.00649e-45
-1.12104e-44
-1.4013e-44
-1.82169e-44
-2.10195e-44
-2.24208e-44
-2.24208e-44
-2.10195e-44
-1.96182e-44
-1.68156e-44
-1.4013e-44
-1.12104e-44
-8.40779e-45
-7.00649e-45
-5.60519e-45
-4.2039e-45
-1.4013e-45
0
0
-1.4013e-45
-4.2039e-45
-7.00649e-45
-1.12104e-44
-1.4013e-44
-1.68156e-44
-1.96182e-44
-2.24208e-44
-2.52234e-44
-2.8026e-44
-3.08286e-44
-3.08286e-44
-2.8026e-44
-2.24208e-44
-1.54143e-44
-8.40779e-45
-1.4013e-45
5.60519e-45
1.26117e-44
1.82169e-44
2.38221e-44
2.94273e-44
3.36312e-44
3.78351e-44
4.06377e-44
4.2039e-44
4.2039e-44
4.06377e-44
3.92364e-44
3.64338e-44
3.36312e-44
3.08286e-44
2.8026e-44
2.38221e-44
1.96182e-44
1.54143e-44
9.80909e-45
5.60519e-45
2.8026e-45
1.4013e-45
1.4013e-45
1.4013e-45
2.8026e-45
4.2039e-45
5.60519e-45
7.00649e-45
8.40779e-45
9.80909e-45
9.80909e-45
9.80909e-45
7.00649e-45
2.8026e-45
-2.8026e-45
-9.80909e-45
-1.54143e-44
-2.10195e-44
-2.66247e-44
-3.08286e-44
-3.36312e-44
-3.50325e-44
-3.64338e-44
-3.78351e-44
-4.06377e-44
-4.2039e-44
-4.2039e-44
-4.06377e-44
-3.78351e-44
-3.50325e-44
-3.08286e-44
-2.66247e-44
-2.10195e-44
-1.54143e-44
-9.80909e-45
-4.2039e-45
1.4013e-45
8.40779e-45
1.4013e-44
1.68156e-44
1.82169e-44
1.82169e-44
1.82169e-44
1.68156e-44
1.54143e-44
1.4013e-44
1.26117e-44
1.12104e-44
9.80909e-45
8.40779e-45
5.60519e-45
4.2039e-45
4.2039e-45
5.60519e-45
8.40779e-45
1.12104e-44
1.4013e-44
1.68156e-44
1.96182e-44
2.24208e-44
2.52234e-44
2.8026e-44
2.94273e-44
3.08286e-44
2.94273e-44
2.52234e-44
1.96182e-44
1.26117e-44
5.60519e-45
-1.4013e-45
-8.40779e-45
-1.54143e-44
-2.10195e-44
-2.66247e-44
-3.08286e-44
-3.36312e-44
-3.64338e-44
-3.78351e-44
-3.78351e-44
-3.64338e-44
-3.36312e-44
-3.08286e-44
-2.66247e-44
-2.10195e-44
-1.54143e-44
-9.80909e-45
-4.2039e-45
1.4013e-45
7.00649e-45
1.4013e-44
1.82169e-44
2.10195e-44
2.24208e-44
2.24208e-44
2.24208e-44
2.10195e-44
1.96182e-44
1.82169e-44
1.68156e-44
1.54143e-44
1.4013e-44
1.26117e-44
9.80909e-45
8.40779e-45
8.40779e-45
9.80909e-45
1.12104e-44
1.12104e-44
1.26117e-44
1.4013e-44
1.54143e-44
1.68156e-44
1.82169e-44
1.96182e-44
2.10195e-44
2.38221e-44
2.52234e-44
2.52234e-44
2.38221e-44
2.10195e-44
1.82169e-44
1.4013e-44
9.80909e-45
5.60519e-45
1.4013e-45
-2.8026e-45
-7.00649e-45
-1.12104e-44
-1.54143e-44
-1.82169e-44
-1.96182e-44
-1.96182e-44
-1.82169e-44
-1.68156e-44
-1.4013e-44
-1.12104e-44
-8.40779e-45
-7.00649e-45
-5.60519e-45
-4.2039e-45
-2.8026e-45
0
1.4013e-45
1.4013e-45
0
-2.8026e-45
-5.60519e-45
-9.80909e-45
-1.26117e-44
-1.4013e-44
-1.54143e-44
-1.68156e-44
-1.82169e-44
-1.96182e-44
-2.24208e-44
-2.38221e-44
-2.38221e-44
-2.24208e-44
-1.96182e-44
-1.68156e-44
-1.26117e-44
-8.40779e-45
-5.60519e-45
-2.8026e-45
0
2.8026e-45
5.60519e-45
9.80909e-45
1.12104e-44
9.80909e-45
7.00649e-45
2.8026e-45
-1.4013e-45
-7.00649e-45
-1.26117e-44
-1.68156e-44
-2.10195e-44
-2.52234e-44
-2.94273e-44
-3.22299e-44
-3.50325e-44
-3.50325e-44
-3.36312e-44
-3.08286e-44
-2.66247e-44
-2.10195e-44
-1.4013e-44
-7.00649e-45
-1.4013e-45
4.2039e-45
9.80909e-45
1.4013e-44
1.68156e-44
2.10195e-44
2.38221e-44
2.52234e-44
2.52234e-44
2.38221e-44
2.24208e-44
1.96182e-44
1.68156e-44
1.4013e-44
1.12104e-44
8.40779e-45
7.00649e-45
5.60519e-45
2.8026e-45
1.4013e-45
1.4013e-45
2.8026e-45
5.60519e-45
8.40779e-45
1.26117e-44
1.54143e-44
1.82169e-44
2.10195e-44
2.38221e-44
2.66247e-44
2.8026e-44
2.94273e-44
2.8026e-44
2.38221e-44
1.82169e-44
1.12104e-44
4.2039e-45
-2.8026e-45
-9.80909e-45
-1.54143e-44
-1.96182e-44
-2.38221e-44
-2.8026e-44
-3.08286e-44
-3.36312e-44
-3.36312e-44
-3.22299e-44
-2.94273e-44
-2.38221e-44
-1.82169e-44
-1.12104e-44
-4.2039e-45
1.4013e-45
7.00649e-45
1.26117e-44
1.68156e-44
2.10195e-44
2.66247e-44
2.94273e-44
2.94273e-44
2.66247e-44
2.10195e-44
1.54143e-44
8.40779e-45
2.8026e-45
-2.8026e-45
-8.40779e-45
-1.4013e-44
-1.82169e-44
-2.24208e-44
-2.8026e-44
-3.08286e-44
-3.08286e-44
-2.8026e-44
-2.24208e-44
-1.68156e-44
-9.80909e-45
-2.8026e-45
4.2039e-45
1.12104e-44
1.68156e-44
2.24208e-44
2.8026e-44
3.36312e-44
3.64338e-44
3.78351e-44
3.78351e-44
3.64338e-44
3.50325e-44
3.22299e-44
2.94273e-44
2.52234e-44
2.10195e-44
1.68156e-44
1.26117e-44
8.40779e-45
4.2039e-45
1.4013e-45
0
0
1.4013e-45
2.8026e-45
5.60519e-45
8.40779e-45
1.12104e-44
1.26117e-44
1.4013e-44
1.54143e-44
1.68156e-44
1.96182e-44
2.10195e-44
2.10195e-44
1.96182e-44
1.68156e-44
1.4013e-44
9.80909e-45
5.60519e-45
1.4013e-45
-2.8026e-45
-7.00649e-45
-1.12104e-44
-1.4013e-44
-1.82169e-44
-2.10195e-44
-2.24208e-44
-2.24208e-44
-2.10195e-44
-1.96182e-44
-1.68156e-44
-1.4013e-44
-1.12104e-44
-8.40779e-45
-7.00649e-45
-5.60519e-45
-4.2039e-45
-1.4013e-45
0
0
-1.4013e-45
-4.2039e-45
-7.00649e-45
-1.12104e-44
-1.4013e-44
-1.68156e-44
-1.96182e-44
-2.24208e-44
-2.52234e-44
-2.8026e-44
-3.08286e-44
-3.08286e-44
-2.8026e-44
-2.24208e-44
-1.54143e-44
-8.40779e-45
-1.4013e-45
5.60519e-45
1.26117e-44
1.82169e-44
2.38221e-44
2.94273e-44
3.36312e-44
3.78351e-44
4.06377e-44
4.2039e-44
4.2039e-44
4.06377e-44
3.92364e-44
3.64338e-44
3.36312e-44
3.08286e-44
2.8026e-44
2.38221e-44
1.96182e-44
1.54143e-44
9.80909e-45
5.60519e-45
2.8026e-45
1.4013e-45
1.4013e-45
1.4013e-45
2.8026e-45
4.2039e-45
5.60519e-45
7.00649e-45
8.40779e-45
9.80909e-45
9.80909e-45
9.80909e-45
7.00649e-45
2.8026e-45
-2.8026e-45
-9.80909e-45
-1.54143e-44
-2.10195e-44
-2.66247e-44
-3.08286e-44
-3.36312e-44
-3.50325e-44
-3.64338e-44
-3.78351e-44
-4.06377e-44
-4.2039e-44
-4.2039e-44
-4.06377e-44
-3.78351e-44
-3.50325e-44
-3.08286e-44
-2.66247e-44
-2.10195e-44
-1.54143e-44
-9.80909e-45
-4.2039e-45
1.4013e-45
8.40779e-45
1.4013e-44
1.68156e-44
1.82169e-44
1.82169e-44
1.82169e-44
1.68156e-44
1.54143e-44
1.4013e-44
1.26117e-44
1.12104e-44
9.80909e-45
8.40779e-45
5.60519e-45
4.2039e-45
4.2039e-45
5.60519e-45
8.40779e-45
1.12104e-44
1.4013e-44
1.68156e-44
1.96182e-44
2.24208e-44
2.52234e-44
2.8026e-44
2.94273e-44
3.08286e-44
2.94273e-44
2.52234e-44
1.96182e-44
1.26117e-44
5.60519e-45
-1.4013e-45
-8.40779e-45
-1.54143e-44
-2.10195e-44
-2.66247e-44
-3.08286e-44
-3.36312e-44
-3.64338e-44
-3.78351e-44
-3.78351e-44
-3.64338e-44
-3.36312e-44
-3.08286e-44
-2.66247e-44
-2.10195e-44
-1.54143e-44
-9.80909e-45
-4.2039e-45
1.4013e-45
7.00649e-45
1.4013e-44
1.82169e-44
2.10195e-44
2.24208e-44
2.24208e-44
2.24208e-44
2.10195e-44
1.96182e-44
1.82169e-44
1.68156e-44
1.54143e-44
1.4013e-44
1.26117e-44
9.80909e-45
8.40779e-45
8.40779e-45
9.80909e-45
1.12104e-44
1.12104e-44
1.26117e-44
1.4013e-44
1.54143e-44
1.68156e-44
1.82169e-44
1.96182e-44
2.10195e-44
2.38221e-44
2.52234e-44
2.52234e-44
2.38221e-44
2.10195e-44
1.82169e-44
1.4013e-44
9.80909e-45
5.60519e-45
1.4013e-45
-2.8026e-45
-7.00649e-45
-1.12104e-44
-1.54143e-44
-1.82169e-44
-1.96182e-44
-1.96182e-44
-1.82169e-44
-1.68156e-44
-1.4013e-44
-1.12104e-44
-8.40779e-45
-7.00649e-45
-5.60519e-45
-4.2039e-45
-2.8026e-45
0
1.4013e-45
1.4013e-45
0
-2.8026e-45
-5.60519e-45
-9.80909e-45
-1.26117e-44
-1.4013e-44
-1.54143e-44
-1.68156e-44
-1.82169e-44
-1.96182e-44
-2.24208e-44
-2.38221e-44
-2.38221e-44
-2.24208e-44
-1.96182e-44
-1.68156e-44
-1.26117e-44
-8.40779e-45
-5.60519e-45
-2.8026e-45
0
2.8026e-45
5.60519e-45
9.80909e-45
1.12104e-44
9.80909e-45
7.00649e-45
2.8026e-45
-1.4013e-45
-7.00649e-45
-1.26117e-44
-1.68156e-44
-2.10195e-44
-2.52234e-44
-2.94273e-44
-3.22299e-44
-3.50325e-44
-3.50325e-44
-3.36312e-44
-3.08286e-44
-2.66247e-44
-2.10195e-44
-1.4013e-44
-7.00649e-45
-1.4013e-45
4.2039e-45
9.80909e-45
1.4013e-44
1.68156e-44
2.10195e-44
2.38221e-44
2.52234e-44
2.52234e-44
2.38221e-44
2.24208e-44
1.96182e-44
1.68156e-44
1.4013e-44
1.12104e-44
8.40779e-45
7.00649e-45
5.60519e-45
2.8026e-45
1.4013e-45
1.4013e-45
2.8026e-45
5.60519e-45
8.40779e-45
1.26117e-44
1.54143e-44
1.82169e-44
2.10195e-44
2.38221e-44
2.66247e-44
2.8026e-44
2.94273e-44
2.8026e-44
2.38221e-44
1.82169e-44
1.12104e-44
4.2039e-45
-2.8026e-45
-9.80909e-45
-1.54143e-44
-1.96182e-44
-2.38221e-44
-2.8026e-44
-3.08286e-44
-3.36312e-44
-3.36312e-44
-3.22299e-44
-2.94273e-44
-2.38221e-44
-1.82169e-44
-1.12104e-44
-4.2039e-45
1.4013e-45
7.00649e-45
1.26117e-44
1.68156e-44
2.10195e-44
2.66247e-44
2.94273e-44
2.94273e-44
2.66247e-44
2.10195e-44
1.54143e-44
8.40779e-45
2.8026e-45
-2.8026e-45
-8.40779e-45
-1.4013e-44
-1.82169e-44
-2.24208e-44
-2.8026e-44
-3.08286e-44
-3.08286e-44
-2.8026e-44
-2.24208e-44
-1.68156e-44
-9.80909e-45
-2.8026e-45
4.2039e-45
1.12104e-44
1.68156e-44
2.24208e-44
2.8026e-44
3.36312e-44
3.64338e-44
3.78351e-44
3.78351e-44
3.64338e-44
3.50325e-44
3.22299e-44
2.94273e-44
2.52234e-44
2.10195e-44
1.68156e-44
1.26117e-44
8.40779e-45
4.2039e-45
1.4013e-45
0
0
1.4013e-45
2.8026e-45
5.60519e-45
8.40779e-45
1.12104e-44
1.26117e-44
1.4013e-44
1.54143e-44
1.68156e-44
1.96182e-44
2.10195e-44
2.10195e-44
1.96182e-44
1.68156e-44
1.4013e-44
9.80909e-45
5.60519e-45
1.4013e-45
-2.8026e-45
-7.00649e-45
-1.12104e-44
-1.4013e-44
-1.82169e-44
-2.10195e-44
-2.24208e-44
-2.24208e-44
-2.10195e-44
-1.96182e-44
-1.68156e-44
-1.4013e-44
-1.12104e-44
-8.40779e-45
-7.00649e-45
-5.60519e-45
-4.2039e-45
-1.4013e-45
0
0
-1.4013e-45
-4.2039e-45
-7.00649e-45
-1.12104e-44
-1.4013e-44
-1.68156e-44
-1.96182e-44
-2.24208e-44
-2.52234e-44
-2.8026e-44
-3.08286e-44
-3.08286e-44
-2.8026e-44
-2.24208e-44
-1.54143e-44
-8.40779e-45
-1.4013e-45
5.60519e-45
1.26117e-44
1.82169e-44
2.38221e-44
2.94273e-44
3.36312e-44
3.78351e-44
4.06377e-44
4.2039e-44
4.2039e-44
4.06377e-44
3.92364e-44
3.64338e-44
3.36312e-44
3.08286e-44
2.8026e-44
2.38221e-44
1.96182e-44
1.54143e-44
9.80909e-45
5.60519e-45
2.8026e-45
1.4013e-45
1.4013e-45
1.4013e-45
2.8026e-45
4.2039e-45
5.60519e-45
7.00649e-45
8.40779e-45
9.80909e-45
9.80909e-45
9.80909e-45
7.00649e-45
2.8026e-45
-2.8026e-45
-9.80909e-45
-1.54143e-44
-2.10195e-44
-2.66247e-44
-3.08286e-44
-3.36312e-44
-3.50325e-44
-3.64338e-44
-3.78351e-44
-4.06377e-44
-4.2039e-44
-4.2039e-44
-4.06377e-44
-3.78351e-44
-3.50325e-44
-3.08286e-44
-2.66247e-44
-2.10195e-44
-1.54143e-44
-9.80909e-45
-4.2039e-45
1.4013e-45
8.40779e-45
1.4013e-44
1.68156e-44
1.82169e-44
1.82169e-44
1.82169e-44
1.68156e-44
1.54143e-44
1.4013e-44
1.26117e-44
1.12104e-44
9.80909e-45
8.40779e-45
5.60519e-45
4.2039e-45
4.2039e-45
5.60519e-45
8.40779e-45
1.12104e-44
1.4013e-44
1.68156e-44
1.96182e-44
2.24208e-44
2.52234e-44
2.8026e-44
2.94273e-44
3.08286e-44
2.94273e-44
2.52234e-44
1.96182e-44
1.26117e-44
5.60519e-45
-1.4013e-45
-8.40779e-45
-1.54143e-44
-2.10195e-44
-2.66247e-44
-3.08286e-44
-3.36312e-44
-3.64338e-44
-3.78351e-44
-3.78351e-44
-3.64338e-44
-3.36312e-44
-3.08286e-44
-2.66247e-44
-2.10195e-44
-1.54143e-44
-9.80909e-45
-4.2039e-45
1.4013e-45
7.00649e-45
1.4013e-44
1.82169e-44
2.10195e-44
2.24208e-44
2.24208e-44
2.24208e-44
2.10195e-44
1.96182e-44
1.82169e-44
1.68156e-44
1.54143e-44
1.4013e-44
1.26117e-44
9.80909e-45
8.40779e-45
8.40779e-45
9.80909e-45
1.12104e-44
1.12104e-44
1.26117e-44
1.4013e-44
1.54143e-44
1.68156e-44
1.82169e-44
1.96182e-44
2.10195e-44
2.38221e-44
2.52234e-44
2.52234e-44
2.38221e-44
2.10195e-44
1.82169e-44
1.4013e-44
9.80909e-45
5.60519e-45
1.4013e-45
-2.8026e-45
-7.00649e-45
-1.12104e-44
-1.54143e-44
-1.82169e-44
-1.96182e-44
-1.96182e-44
-1.82169e-44
-1.68156e-44
-1.4013e-44
-1.12104e-44
-8.40779e-45
-7.00649e-45
-5.60519e-45
-4.2039e-45
-2.8026e-45
0
1.4013e-45
1.4013e-45
0
-2.8026e-45
-5.60519e-45
-9.80909e-45
-1.26117e-44
-1.4013e-44
-1.54143e-44
-1.68156e-44
-1.82169e-44
-1.96182e-44
-2.24208e-44
-2.38221e-44
-2.38221e-44
-2.24208e-44
-1.96182e-44
-1.68156e-44
-1.26117e-44
-8.40779e-45
-5.60519e-45
-2.8026e-45
0
2.8026e-45
5.60519e-45
9.80909e-45
1.12104e-44
9.80909e-45
7.00649e-45
2.8026e-45
-1.4013e-45
-7.00649e-45
-1.26117e-44
-1.68156e-44
-2.10195e-44
-2.52234e-44
-2.94273e-44
-3.22299e-44
-3.50325e-44
-3.50325e-44
-3.36312e-44
-3.08286e-44
-2.66247e-44
-2.10195e-44
-1.4013e-44
-7.00649e-45
-1.4013e-45
4.2039e-45
9.80909e-45
1.4013e-44
1.68156e-44
2.10195e-44
2.38221e-44
2.52234e-44
2.52234e-44
2.38221e-44
2.24208e-44
1.96182e-44
1.68156e-44
1.4013e-44
1.12104e-44
8.40779e-45
7.00649e-45
5.60519e-45
2.8026e-45
1.4013e-45
1.4013e-45
2.8026e-45
5.60519e-45
8.40779e-45
1.26117e-44
1.54143e-44
1.82169e-44
2.10195e-44
2.38221e-44
2.66247e-44
2.8026e-44
2.94273e-44
2.8026e-44
2.38221e-44
1.82169e-44
1.12104e-44
4.2039e-45
-2.8026e-45
-9.80909e-45
-1.54143e-44
-1.96182e-44
-2.38221e-44
-2.8026e-44
-3.08286e-44
-3.36312e-44
-3.36312e-44
-3.22299e-44
-2.94273e-44
-2.38221e-44
-1.82169e-44
-1.12104e-44
-4.2039e-45
1.4013e-45
7.00649e-45
1.26117e-44
1.68156e-44
2.10195e-44
2.66247e-44
2.94273e-44
2.94273e-44
2.66247e-44
2.10195e-44
1.54143e-44
8.40779e-45
2.8026e-45
-2.8026e-45
-8.40779e-45
-1.4013e-44
-1.82169e-44
-2.24208e-44
-2.8026e-44
-3.08286e-44
-3.08286e-44
-2.8026e-44
-2.24208e-44
-1.68156e-44
-9.80909e-45
-2.8026e-45
4.2039e-45
1.12104e-44
1.68156e-44
2.24208e-44
2.8026e-44
3.36312e-44
3.64338e-44
3.78351e-44
3.78351e-44
3.64338e-44
3.50325e-44
3.22299e-44
2.94273e-44
2.52234e-44
2.10195e-44
1.68156e-44
1.26117e-44
8.40779e-45
4.2039e-45
1.4013e-45
0
0
1.4013e-45
2.8026e-45
5.60519e-45
8.40779e-45
1.12104e-44
1.26117e-44
1.4013e-44
1.54143e-44
1.68156e-44
1.96182e-44
2.10195e-44
2.10195e-44
1.96182e-44
1.68156e-44
1.4013e-44
9.80909e-45
5.60519e-45
1.4013e-45
-2.8026e-45
-7.00649e-45
-1.12104e-44
-1.4013e-44
-1.82169e-44
-2.10195e-44
-2.24208e-44
-2.24208e-44
-2.10195e-44
-1.96182e-44
-1.68156e-44
-1.4013e-44
-1.12104e-44
-8.40779e-45
-7.00649e-45
-5.60519e-45
-4.2039e-45
-1.4013e-45
0
0
-1.4013e-45
-4.2039e-45
-7.00649e-45
-1.12104e-44
-1.4013e-44
-1.68156e-44
-1.96182e-44
-2.24208e-44
-2.52234e-44
-2.8026e-44
-3.08286e-44
-3.08286e-44
-2.8026e-44
-2.24208e-44
-1.54143e-44
-8.40779e-45
-1.4013e-45
5.60519e-45
1.26117e-44
1.82169e-44
2.38221e-44
2.94273e-44
3.36312e-44
3.78351e-44
4.06377e-44
4.2039e-44
4.2039e-44
4.06377e-44
3.92364e-44
3.64338e-44
3.36312e-44
3.08286e-44
2.8026e-44
2.38221e-44
1.96182e-44
1.54143e-44
9.80909e-45
5.60519e-45
2.8026e-45
1.4013e-45
1.4013e-45
1.4013e-45
2.8026e-45
4.2039e-45
5.60519e-45
7.00649e-45
8.40779e-45
9.80909e-45
9.80909e-45
9.80909e-45
7.00649e-45
2.8026e-45
-2.8026e-45
-9.80909e-45
-1.54143e-44
-2.10195e-44
-2.66247e-44
-3.08286e-44
-3.36312e-44
-3.50325e-44
-3.64338e-44
-3.78351e-44
-4.06377e-44
-4.2039e-44
-4.2039e-44
-4.06377e-44
-3.78351e-44
-3.50325e-44
-3.08286e-44
-2.66247e-44
-2.10195e-44
-1.54143e-44
-9.80909e-45
-4.2039e-45
1.4013e-45
8.40779e-45
1.4013e-44
1.68156e-44
1.82169e-44
1.82169e-44
1.82169e-44
1.68156e-44
1.54143e-44
1.4013e-44
1.26117e-44
1.12104e-44
9.80909e-45
8.40779e-45
5.60519e-45
4.2039e-45
4.2039e-45
5.60519e-45
8.40779e-45
1.12104e-44
1.4013e-44
1.68156e-44
1.96182e-44
2.24208e-44
2.52234e-44
2.8026e-44
2.94273e-44
3.08286e-44
2.94273e-44
2.52234e-44
1.96182e-44
1.26117e-44
5.60519e-45
-1.4013e-45
-8.40779e-45
-1.54143e-44
-2.10195e-44
-2.66247e-44
-3.08286e-44
-3.36312e-44
-3.64338e-44
-3.78351e-44
-3.78351e-44
-3.64338e-44
-3.36312e-44
-3.08286e-44
-2.66247e-44
-2.10195e-44
-1.54143e-44
-9.80909e-45
-4.2039e-45
1.4013e-45
7.00649e-45
1.4013e-44
1.82169e-44
2.10195e-44
2.24208e-44
2.24208e-44
2.24208e-44
2.10195e-44
1.96182e-44
1.82169e-44
1.68156e-44
1.54143e-44
1.4013e-44
1.26117e-44
9.80909e-45
8.40779e-45
8.40779e-45
9.80909e-45
1.12104e-44
1.12104e-44
1.26117e-44
1.4013e-44
1.54143e-44
1.68156e-44
1.82169e-44
1.96182e-44
2.10195e-44
2.38221e-44
2.52234e-44
2.52234e-44
2.38221e-44
2.10195e-44
1.82169e-44
1.4013e-44
9.80909e-45
5.60519e-45
1.4013e-45
-2.8026e-45
-7.00649e-45
-1.12104e-44
-1.54143e-44
-1.82169e-44
-1.96182e-44
-1.96182e-44
-1.82169e-44
-1.68156e-44
-1.4013e-44
-1.12104e-44
-8.40779e-45
-7.00649e-45
-5.60519e-45
-4.2039e-45
-2.8026e-45
0
1.4013e-45
1.4013e-45
0
-2.8026e-45
-5.60519e-45
-9.80909e-45
-1.26117e-44
-1.4013e-44
-1.54143e-44
-1.68156e-44
-1.82169e-44
-1.96182e-44
-2.24208e-44
-2.38221e-44
-2.38221e-44
-2.24208e-44
-1.96182e-44
-1.68156e-44
-1.26117e-44
-8.40779e-45
-5.60519e-45
-2.8026e-45
0
2.8026e-45
5.60519e-45
9.80909e-45
1.12104e-44
9.80909e-45
7.00649e-45
2.8026e-45
-1.4013e-45
-7.00649e-45
-1.26117e-44
-1.68156e-44
-2.10195e-44
-2.52234e-44
-2.94273e-44
-3.22299e-44
-3.50325e-44
-3.50325e-44
-3.36312e-44
-3.08286e-44
-2.66247e-44
-2.10195e-44
-1.4013e-44
-7.00649e-45
-1.4013e-45
4.2039e-45
9.80909e-45
1.4013e-44
1.68156e-44
2.10195e-44
2.38221e-44
2.52234e-44
2.52234e-44
2.38221e-44
2.24208e-44
1.96182e-44
1.68156e-44
1.4013e-44
1.12104e-44
8.40779e-45
7.00649e-45
5.60519e-45
2.8026e-45
1.4013e-45
1.4013e-45
2.8026e-45
5.60519e-45
8.40779e-45
1.26117e-44
1.54143e-44
1.82169e-44
2.10195e-44
2.38221e-44
2.66247e-44
2.8026e-44
2.94273e-44
2.8026e-44
2.38221e-44
1.82169e-44
1.12104e-44
4.2039e-45
-2.8026e-45
-9.80909e-45
-1.54143e-44
-1.96182e-44
-2.38221e-44
-2.8026e-44
-3.08286e-44
-3.36312e-44
-3.36312e-44
-3.22299e-44
-2.94273e-44
-2.38221e-44
-1.82169e-44
-1.12104e-44
-4.2039e-45
1.4013e-45
7.00649e-45
1.26117e-44
1.68156e-44
2.10195e-44
2.66247e-44
2.94273e-44
2.94273e-44
2.66247e-44
2.10195e-44
1.54143e-44
8.40779e-45
2.8026e-45
-2.8026e-45
-8.40779e-45
-1.4013e-44
-1.82169e-44
-2.24208e-44
-2.8026e-44
-3.08286e-44
-3.08286e-44
-2.8026e-44
-2.24208e-44
-1.68156e-44
-9.80909e-45
-2.8026e-45
4.2039e-45
1.12104e-44
1.68156e-44
2.24208e-44
2.8026e-44
3.36312e-44
3.64338e-44
3.78351e-44
3.78351e-44
3.64338e-44
3.50325e-44
3.22299e-44
2.94273e-44
2.52234e-44
2.10195e-44
1.68156e-44
1.26117e-44
8.40779e-45
4.2039e-45
1.4013e-45
0
0
1.4013e-45
2.8026e-45
5.60519e-45
8.40779e-45
1.12104e-44
1.26117e-44
1.4013e-44
1.54143e-44
1.68156e-44
1.96182e-44
2.10195e-44
2.10195e-44
1.96182e-44
1.68156e-44
1.4013e-44
9.80909e-45
5.60519e-45
1.4013e-45
-2.8026e-45
-7.00649e-45
-1.12104e-44
-1.4013e-44
-1.82169e-44
-2.10195e-44
-2.24208e-44
-2.24208e-44
-2.10195e-44
-1.96182e-44
-1.68156e-44
-1.4013e-44
-1.12104e-44
-8.40779e-45
-7.00649e-45
-5.60519e-45
-4.2039e-45
-1.4013e-45
0
0
-1.4013e-45
-4.2039e-45
-7.00649e-45
-1.12104e-44
-1.4013e-44
-1.68156e-44
-1.96182e-44
-2.24208e-44
-2.52234e-44
-2.8026e-44
-3.08286e-44
-3.08286e-44
-2.8026e-44
-2.24208e-44
-1.54143e-44
-8.40779e-45
-1.4013e-45
5.60519e-45
1.26117e-44
1.82169e-44
2.38221e-44
2.94273e-44
3.36312e-44
3.78351e-44
4.06377e-44
4.2039e-44
4.2039e-44
4.06377e-44
3.92364e-44
3.64338e-44
3.36312e-44
3.08286e-44
2.8026e-44
2.38221e-44
1.96182e-44
1.54143e-44
9.80909e-45
5.60519e-45
2.8026e-45
1.4013e-45
1.4013e-45
1.4013e-45
2.8026e-45
4.2039e-45
5.60519e-45
7.00649e-45
8.40779e-45
9.80909e-45
9.80909e-45
9.80909e-45
7.00649e-45
2.8026e-45
-2.8026e-45
-9.80909e-45
-1.54143e-44
-2.10195e-44
-2.66247e-44
-3.08286e-44
-3.36312e-44
-3.50325e-44
-3.64338e-44
-3.78351e-44
-4.06377e-44
-4.2039e-44
-4.2039e-44
-4.06377e-44
-3.78351e-44
-3.50325e-44
-3.08286e-44
-2.66247e-44
-2.10195e-44
-1.54143e-44
-9.80909e-45
-4.2039e-45
1.4013e-45
8.40779e-45
1.4013e-44
1.68156e-44
1.82169e-44
1.82169e-44
1.82169e-44
1.68156e-44
1.54143e-44
1.4013e-44
1.26117e-44
1.12104e-44
9.80909e-45
8.40779e-45
5.60519e-45
4.2039e-45
4.2039e-45
5.60519e-45
8.40779e-45
1.12104e-44
1.4013e-44
1.68156e-44
1.96182e-44
2.24208e-44
2.52234e-44
2.8026e-44
2.94273e-44
3.08286e-44
2.94273e-44
2.52234e-44
1.96182e-44
1.26117e-44
5.60519e-45
-1.4013e-45
-8.40779e-45
-1.54143e-44
-2.10195e-44
-2.66247e-44
-3.08286e-44
-3.36312e-44
-3.64338e-44
-3.78351e-44
-3.78351e-44
-3.64338e-44
-3.36312e-44
-3.08286e-44
-2.66247e-44
-2.10195e-44
-1.54143e-44
-9.80909e-45
-4.2039e-45
1.4013e-45
7.00649e-45
1.4013e-44
1.82169e-44
2.10195e-44
2.24208e-44
2.24208e-44
2.24208e-44
2.10195e-44
1.96182e-44
1.82169e-44
1.68156e-44
1.54143e-44
1.4013e-44
1.26117e-44
9.80909e-45
8.40779e-45
8.40779e-45
9.80909e-45
1.12104e-44
1.12104e-44
1.26117e-44
1.4013e-44
1.54143e-44
1.68156e-44
1.82169e-44
1.96182e-44
2.10195e-44
2.38221e-44
2.52234e-44
2.52234e-44
2.38221e-44
2.10195e-44
1.82169e-44
1.4013e-44
9.80909e-45
5.60519e-45
1.4013e-45
-2.8026e-45
-7.00649e-45
-1.12104e-44
-1.54143e-44
-1.82169e-44
-1.96182e-44
-1.96182e-44
-1.82169e-44
-1.68156e-44
-1.4013e-44
-1.12104e-44
-8.40779e-45
-7.00649e-45
-5.60519e-45
-4.2039e-45
-2.8026e-45
0
1.4013e-45
1.4013e-45
0
-2.8026e-45
-5.60519e-45
-9.80909e-45
-1.26117e-44
-1.4013e-44
-1.54143e-44
-1.68156e-44
-1.82169e-44
-1.96182e-44
-2.24208e-44
-2.38221e-44
-2.38221e-44
-2.24208e-44
-1.96182e-44
-1.68156e-44
-1.26117e-44
-8.40779e-45
-5.60519e-45
-2.8026e-45
0
2.8026e-45
5.60519e-45
9.80909e-45
1.12104e-44
9.80909e-45
7.00649e-45
2.8026e-45
-1.4013e-45
-7.00649e-45
-1.26117e-44
-1.68156e-44
-2.10195e-44
-2.52234e-44
-2.94273e-44
-3.22299e-44
-3.50325e-44
-3.50325e-44
-3.36312e-44
-3.08286e-44
-2.66247e-44
-2.10195e-44
-1.4013e-44
-7.00649e-45
-1.4013e-45
4.2039e-45
9.80909e-45
1.4013e-44
1.68156e-44
2.10195e-44
2.38221e-44
2.52234e-44
2.52234e-44
2.38221e-44
2.24208e-44
1.96182e-44
1.68156e-44
1.4013e-44
1.12104e-44
8.40779e-45
7.00649e-45
5.60519e-45
2.8026e-45
1.4013e-45
1.4013e-45
2.8026e-45
5.60519e-45
8.40779e-45
1.26117e-44
1.54143e-44
1.82169e-44
2.10195e-44
2.38221e-44
2.66247e-44
2.8026e-44
2.94273e-44
2.8026e-44
2.38221e-44
1.82169e-44
1.12104e-44
4.2039e-45
-2.8026e-45
-9.80909e-45
-1.54143e-44
-1.96182e-44
-2.38221e-44
-2.8026e-44
-3.08286e-44
-3.36312e-44
-3.36312e-44
-3.22299e-44
-2.94273e-44
-2.38221e-44
-1.82169e-44
-1.12104e-44
-4.2039e-45
1.4013e-45
7.00649e-45
1.26117e-44
1.68156e-44
2.10195e-44
2.66247e-44
2.94273e-44
2.94273e-44
2.66247e-44
2.10195e-44
1.54143e-44
8.40779e-45
2.8026e-45
-2.8026e-45
-8.40779e-45
-1.4013e-44
-1.82169e-44
-2.24208e-44
-2.8026e-44
-3.08286e-44
-3.08286e-44
-2.8026e-44
-2.24208e-44
-1.68156e-44
-9.80909e-45
-2.8026e-45
4.2039e-45
1.12104e-44
1.68156e-44
2.24208e-44
2.8026e-44
3.36312e-44
3.64338e-44
3.78351e-44
3.78351e-44
3.64338e-44
3.50325e-44
3.22299e-44
2.94273e-44
2.52234e-44
2.10195e-44
1.68156e-44
1.26117e-44
8.40779e-45
4.2039e-45
1.4013e-45
0
0
1.4013e-45
2.8026e-45
5.60519e-45
8.40779e-45
1.12104e-44
1.26117e-44
1.4013e-44
1.54143e-44
1.68156e-44
1.96182e-44
2.10195e-44
2.10195e-44
1.96182e-44
1.68156e-44
1.4013e-44
9.80909e-45
5.60519e-45
1.4013e-45
-2.8026e-45
-7.00649e-45
-1.12104e-44
-1.4013e-44
-1.82169e-44
-2.10195e-44
-2.24208e-44
-2.24208e-44
-2.10195e-44
-1.96182e-44
-1.68156e-44
-1.4013e-44
-1.12104e-44
-8.40779e-45
-7.00649e-45
-5.60519e-45
-4.2039e-45
-1.4013e-45
0
0
-1.4013e-45
-4.2039e-45
-7.00649e-45
-1.12104e-44
-1.4013e-44
-1.68156e-44
-1.96182e-44
-2.24208e-44
-2.52234e-44
-2.8026e-44
-3.08286e-44
-3.08286e-44
-2.8026e-44
-2.24208e-44
-1.54143e-44
-8.40779e-45
-1.4013e-45
5.60519e-45
1.26117e-44
1.82169e-44
2.38221e-44
2.94273e-44
3.36312e-44
3.78351e-44
4.06377e-44
4.2039e-44
4.2039e-44
4.06377e-44
3.92364e-44
3.64338e-44
3.36312e-44
3.08286e-44
2.8026e-44
2.38221e-44
1.96182e-44
1.54143e-44
9.80909e-45
5.60519e-45
2.8026e-45
1.4013e-45
1.4013e-45
1.4013e-45
2.8026e-45
4.2039e-45
5.60519e-45
7.00649e-45
8.40779e-45
9.80909e-45
9.80909e-45
9.80909e-45
7.00649e-45
2.8026e-45
-2.8026e-45
-9.80909e-45
-1.54143e-44
-2.10195e-44
-2.66247e-44
-3.08286e-44
-3.36312e-44
-3.50325e-44
-3.64338e-44
-3.78351e-44
-4.06377e-44
-4.2039e-44
-4.2039e-44
-4.06377e-44
-3.78351e-44
-3.50325e-44
-3.08286e-44
-2.66247e-44
-2.10195e-44
-1.54143e-44
-9.80909e-45
-4.2039e-45
1.4013e-45
8.40779e-45
1.4013e-44
1.68156e-44
1.82169e-44
1.82169e-44
1.82169e-44
1.68156e-44
1.54143e-44
1.4013e-44
1.26117e-44
1.12104e-44
9.80909e-45
8.40779e-45
5.60519e-45
4.2039e-45
4.2039e-45
5.60519e-45
8.40779e-45
1.12104e-44
1.4013e-44
1.68156e-44
1.96182e-44
2.24208e-44
2.52234e-44
2.8026e-44
2.94273e-44
3.08286e-44
2.94273e-44
2.52234e-44
1.96182e-44
1.26117e-44
5.60519e-45
-1.4013e-45
-8.40779e-45
-1.54143e-44
-2.10195e-44
-2.66247e-44
-3.08286e-44
-3.36312e-44
-3.64338e-44
-3.78351e-44
-3.78351e-44
-3.64338e-44
-3.36312e-44
-3.08286e-44
-2.66247e-44
-2.10195e-44
-1.54143e-44
-9.80909e-45
-4.2039e-45
1.4013e-45
7.00649e-45
1.4013e-44
1.82169e-44
2.10195e-44
2.24208e-44
2.24208e-44
2.24208e-44
2.10195e-44
1.96182e-44
1.82169e-44
1.68156e-44
1.54143e-44
1.4013e-44
1.26117e-44
9.80909e-45
8.40779e-45
8.40779e-45
9.80909e-45
1.12104e-44
1.12104e-44
1.26117e-44
1.4013e-44
1.54143e-44
1.68156e-44
1.82169e-44
1.96182e-44
2.10195e-44
2.38221e-44
2.52234e-44
2.52234e-44
2.38221e-44
2.10195e-44
1.82169e-44
1.4013e-44
9.80909e-45
5.60519e-45
1.4013e-45
-2.8026e-45
-7.00649e-45
-1.12104e-44
-1.54143e-44
-1.82169e-44
-1.96182e-44
-1.96182e-44
-1.82169e-44
-1.68156e-44
-1.4013e-44
-1.12104e-44
-8.40779e-45
-7.00649e-45
-5.60519e-45
-4.2039e-45
-2.8026e-45
0
1.4013e-45
1.4013e-45
0
-2.8026e-45
-5.60519e-45
-9.80909e-45
-1.26117e-44
-1.4013e-44
-1.54143e-44
-1.68156e-44
-1.82169e-44
-1.96182e-44
-2.24208e-44
-2.38221e-44
-2.38221e-44
-2.24208e-44
-1.96182e-44
-1.68156e-44
-1.26117e-44
-8.40779e-45
-5.60519e-45
-2.8026e-45
0
2.8026e-45
5.60519e-45
9.80909e-45
1.12104e-44
9.80909e-45
7.00649e-45
2.8026e-45
-1.4013e-45
-7.00649e-45
-1.26117e-44
-1.68156e-44
-2.10195e-44
-2.52234e-44
-2.94273e-44
-3.22299e-44
-3.50325e-44
-3.50325e-44
-3.36312e-44
-3.08286e-44
-2.66247e-44
-2.10195e-44
-1.4013e-44
-7.00649e-45
-1.4013e-45
4.2039e-45
9.80909e-45
1.4013e-44
1.68156e-44
2.10195e-44
2.38221e-44
2.52234e-44
2.52234e-44
2.38221e-44
2.24208e-44
1.96182e-44
1.68156e-44
1.4013e-44
1.12104e-44
8.40779e-45
7.00649e-45
5.60519e-45
2.8026e-45
1.4013e-45
1.4013e-45
2.8026e-45
5.60519e-45
8.40779e-45
1.26117e-44
1.54143e-44
1.82169e-44
2.10195e-44
2.38221e-44
2.66247e-44
2.8026e-44
2.94273e-44
2.8026e-44
2.38221e-44
1.82169e-44
1.12104e-44
4.2039e-45
-2.8026e-45
-9.80909e-45
-1.54143e-44
-1.96182e-44
-2.38221e-44
-2.8026e-44
-3.08286e-44
-3.36312e-44
-3.36312e-44
-3.22299e-44
-2.94273e-44
-2.38221e-44
-1.82169e-44
-1.12104e-44
-4.2039e-45
1.4013e-45
7.00649e-45
1.26117e-44
1.68156e-44
2.10195e-44
2.66247e-44
2.94273e-44
2.94273e-44
2.66247e-44
2.10195e-44
1.54143e-44
8.40779e-45
2.8026e-45
-2.8026e-45
-8.40779e-45
-1.4013e-44
-1.82169e-44
-2.24208e-44
-2.8026e-44
-3.08286e-44
-3.08286e-44
-2.8026e-44
-2.24208e-44
-1.68156e-44
-9.80909e-45
-2.8026e-45
4.2039e-45
1.12104e-44
1.68156e-44
2.24208e-44
2.8026e-44
3.36312e-44
3.64338e-44
3.78351e-44
3.78351e-44
3.64338e-44
3.50325e-44
3.22299e-44
2.94273e-44
2.52234e-44
2.10195e-44
1.68156e-44
1.26117e-44
8.40779e-45
4.2039e-45
1.4013e-45
0
0
1.4013e-45
2.8026e-45
5.60519e-45
8.40779e-45
1.12104e-44
1.26117e-44
1.4013e-44
1.54143e-44
1.68156e-44
1.96182e-44
2.10195e-44
2.10195e-44
1.96182e-44
1.68156e-44
1.4013e-44
9.80909e-45
5.60519e-45
1.4013e-45
-2.8026e-45
-7.00649e-45
-1.12104e-44
-1.4013e-44
-1.82169e-44
-2.10195e-44
-2.24208e-44
-2.24208e-44
-2.10195e-44
-1.96182e-44
-1.68156e-44
-1.4013e-44
-1.12104e-44
-8.40779e-45
-7.00649e-45
-5.60519e-45
-4.2039e-45
-1.4013e-45
0
0
-1.4013e-45
-4.2039e-45
-7.00649e-45
-1.12104e-44
-1.4013e-44
-1.68156e-44
-1.96182e-44
-2.24208e-44
-2.52234e-44
-2.8026e-44
-3.08286e-44
-3.08286e-44
-2.8026e-44
-2.24208e-44
-1.54143e-44
-8.40779e-45
-1.4013e-45
5.60519e-45
1.26117e-44
1.82169e-44
2.38221e-44
2.94273e-44
3.36312e-44
3.78351e-44
4.06377e-44
4.2039e-44
4.2039e-44
4.06377e-44
3.92364e-44
3.64338e-44
3.36312e-44
3.08286e-44
2.8026e-44
2.38221e-44
1.96182e-44
1.54143e-44
9.80909e-45
5.60519e-45
2.8026e-45
1.4013e-45
1.4013e-45
1.4013e-45
2.8026e-45
4.2039e-45
5.60519e-45
7.00649e-45
8.40779e-45
9.80909e-45
9.80909e-45
9.80909e-45
7.00649e-45
2.8026e-45
-2.8026e-45
-9.80909e-45
-1.54143e-44
-2.10195e-44
-2.66247e-44
-3.08286e-44
-3.36312e-44
-3.50325e-44
-3.64338e-44
-3.78351e-44
-4.06377e-44
-4.2039e-44
-4.2039e-44
-4.06377e-44
-3.78351e-44
-3.50325e-44
-3.08286e-44
-2.66247e-44
-2.10195e-44
-1.54143e-44
-9.80909e-45
-4.2039e-45
1.4013e-45
8.40779e-45
1.4013e-44
1.68156e-44
1.82169e-44
1.82169e-44
1.82169e-44
1.68156e-44
1.54143e-44
1.4013e-44
1.26117e-44
1.12104e-44
9.80909e-45
8.40779e-45
5.60519e-45
4.2039e-45
4.2039e-45
5.60519e-45
8.40779e-45
1.12104e-44
1.4013e-44
1.68156e-44
1.96182e-44
2.24208e-44
2.52234e-44
2.8026e-44
2.94273e-44
3.08286e-44
2.94273e-44
2.52234e-44
1.96182e-44
1.26117e-44
5.60519e-45
-1.4013e-45
-8.40779e-45
-1.54143e-44
-2.10195e-44
-2.66247e-44
-3.08286e-44
-3.36312e-44
-3.64338e-44
-3.78351e-44
-3.78351e-44
-3.64338e-44
-3.36312e-44
-3.08286e-44
-2.66247e-44
-2.10195e-44
-1.54143e-44
-9.80909e-45
-4.2039e-45
1.4013e-45
7.00649e-45
1.4013e-44
1.82169e-44
2.10195e-44
2.24208e-44
2.24208e-44
2.24208e-44
2.10195e-44
1.96182e-44
1.82169e-44
1.68156e-44
1.54143e-44
1.4013e-44
1.26117e-44
9.80909e-45
8.40779e-45
8.40779e-45
9.80909e-45
1.12104e-44
1.12104e-44
1.26117e-44
1.4013e-44
1.54143e-44
1.68156e-44
1.82169e-44
1.96182e-44
2.10195e-44
2.38221e-44
2.52234e-44
2.52234e-44
2.38221e-44
2.10195e-44
1.82169e-44
1.4013e-44
9.80909e-45
5.60519e-45
1.4013e-45
-2.8026e-45
-7.00649e-45
-1.12104e-44
-1.54143e-44
-1.82169e-44
-1.96182e-44
-1.96182e-44
-1.82169e-44
-1.68156e-44
-1.4013e-44
-1.12104e-44
-8.40779e-45
-7.00649e-45
-5.60519e-45
-4.2039e-45
-2.8026e-45
0
1.4013e-45
1.4013e-45
0
-2.8026e-45
-5.60519e-45
-9.80909e-45
-1.26117e-44
-1.4013e-44
-1.54143e-44
-1.68156e-44
-1.82169e-44
-1.96182e-44
-2.24208e-44
-2.38221e-44
-2.38221e-44
-2.24208e-44
-1.96182e-44
-1.68156e-44
-1.26117e-44
-8.40779e-45
-5.60519e-45
-2.8026e-45
0
2.8026e-45
5.60519e-45
9.80909e-45
1.12104e-44
9.80909e-45
7.00649e-45
2.8026e-45
-1.4013e-45
-7.00649e-45
-1.26117e-44
-1.68156e-44
-2.10195e-44
-2.52234e-44
-2.94273e-44
-3.22299e-44
-3.50325e-44
-3.50325e-44
-3.36312e-44
-3.08286e-44
-2.66247e-44
-2.10195e-44
-1.4013e-44
-7.00649e-45
-1.4013e-45
4.2039e-45
9.80909e-45
1.4013e-44
1.68156e-44
2.10195e-44
2.38221e-44
2.52234e-44
2.52234e-44
2.38221e-44
2.24208e-44
1.96182e-44
1.68156e-44
1.4013e-44
1.12104e-44
8.40779e-45
7.00649e-45
5.60519e-45
2.8026e-45
1.4013e-45
1.4013e-45
2.8026e-45
5.60519e-45
8.40779e-45
1.26117e-44
1.54143e-44
1.82169e-44
2.10195e-44
2.38221e-44
2.66247e-44
2.8026e-44
2.94273e-44
2.8026e-44
2.38221e-44
1.82169e-44
1.12104e-44
4.2039e-45
-2.8026e-45
-9.80909e-45
-1.54143e-44
-1.96182e-44
-2.38221e-44
-2.8026e-44
-3.08286e-44
-3.36312e-44
-3.36312e-44
-3.22299e-44
-2.94273e-44
-2.38221e-44
-1.82169e-44
-1.12104e-44
-4.2039e-45
1.4013e-45
7.00649e-45
1.26117e-44
1.68156e-44
2.10195e-44
2.66247e-44
2.94273e-44
2.94273e-44
2.66247e-44
2.10195e-44
1.54143e-44
8.40779e-45
2.8026e-45
-2.8026e-45
-8.40779e-45
-1.4013e-44
-1.82169e-44
-2.24208e-44
-2.8026e-44
-3.08286e-44
-3.08286e-44
-2.8026e-44
-2.24208e-44
-1.68156e-44
-9.80909e-45
-2.8026e-45
4.2039e-45
1.12104e-44
1.68156e-44
2.24208e-44
2.8026e-44
3.36312e-44
3.64338e-44
3.78351e-44
3.78351e-44
3.64338e-44
3.50325e-44
3.22299e-44
2.94273e-44
2.52234e-44
2.10195e-44
1.68156e-44
1.26117e-44
8.40779e-45
4.2039e-45
1.4013e-45
0
0
1.4013e-45
2.8026e-45
5.60519e-45
8.40779e-45
1.12104e-44
1.26117e-44
1.4013e-44
1.54143e-44
1.68156e-44
1.96182e-44
2.10195e-44
2.10195e-44
1.96182e-44
1.68156e-44
1.4013e-44
9.80909e-45
5.60519e-45
1.4013e-45
-2.8026e-45
-7.00649e-45
-1.12104e-44
-1.4013e-44
-1.82169e-44
-2.10195e-44
-2.24208e-44
-2.24208e-44
-2.10195e-44
-1.96182e-44
-1.68156e-44
-1.4013e-44
-1.12104e-44
-8.40779e-45
-7.00649e-45
-5.60519e-45
-4.2039e-45
-1.4013e-45
0
0
-1.4013e-45
-4.2039e-45
-7.00649e-45
-1.12104e-44
-1.4013e-44
-1.68156e-44
-1.96182e-44
-2.24208e-44
-2.52234e-44
-2.8026e-44
-3.08286e-44
-3.08286e-44
-2.8026e-44
-2.24208e-44
-1.54143e-44
-8.40779e-45
-1.4013e-45
5.60519e-45
1.26117e-44
1.82169e-44
2.38221e-44
2.94273e-44
3.36312e-44
3.78351e-44
4.06377e-44
4.2039e-44
4.2039e-44
4.06377e-44
3.92364e-44
3.64338e-44
3.36312e-44
3.08286e-44
2.8026e-44
2.38221e-44
1.96182e-44
1.54143e-44
9.80909e-45
5.60519e-45
2.8026e-45
1.4013e-45
1.4013e-45
1.4013e-45
2.8026e-45
4.2039e-45
5.60519e-45
7.00649e-45
8.40779e-45
9.80909e-45
9.80909e-45
9.80909e-45
7.00649e-45
2.8026e-45
-2.8026e-45
-9.80909e-45
-1.54143e-44
-2.10195e-44
-2.66247e-44
-3.08286e-44
-3.36312e-44
-3.50325e-44
-3.64338e-44
-3.78351e-44
-4.06377e-44
-4.2039e-44
-4.2039e-44
-4.06377e-44
-3.78351e-44
-3.50325e-44
-3.08286e-44
-2.66247e-44
-2.10195e-44
-1.54143e-44
-9.80909e-45
-4.2039e-45
1.4013e-45
8.40779e-45
1.4013e-44
1.68156e-44
1.82169e-44
1.82169e-44
1.82169e-44
1.68156e-44
1.54143e-44
1.4013e-44
1.26117e-44
1.12104e-44
9.80909e-45
8.40779e-45
5.60519e-45
4.2039e-45
4.2039e-45
5.60519e-45
8.40779e-45
1.12104e-44
1.4013e-44
1.68156e-44
1.96182e-44
2.24208e-44
2.52234e-44
2.8026e-44
2.94273e-44
3.08286e-44
2.94273e-44
2.52234e-44
1.96182e-44
1.26117e-44
5.60519e-45
-1.4013e-45
-8.40779e-45
-1.54143e-44
-2.10195e-44
-2.66247e-44
-3.08286e-44
-3.36312e-44
-3.64338e-44
-3.78351e-44
-3.78351e-44
-3.64338e-44
-3.36312e-44
-3.08286e-44
-2.66247e-44
-2.10195e-44
-1.54143e-44
-9.80909e-45
-4.2039e-45
1.4013e-45
7.00649e-45
1.4013e-44
1.82169e-44
2.10195e-44
2.24208e-44
2.24208e-44
2.24208e-44
2.10195e-44
1.96182e-44
1.82169e-44
1.68156e-44
1.54143e-44
1.4013e-44
1.26117e-44
9.80909e-45
8.40779e-45
8.40779e-45
9.80909e-45
1.12104e-44
1.12104e-44
1.26117e-44
1.4013e-44
1.54143e-44
1.68156e-44
1.82169e-44
1.96182e-44
2.10195e-44
2.38221e-44
2.52234e-44
2.52234e-44
2.38221e-44
2.10195e-44
1.82169e-44
1.4013e-44
9.80909e-45
5.60519e-45
1.4013e-45
-2.8026e-45
-7.00649e-45
-1.12104e-44
-1.54143e-44
-1.82169e-44
-1.96182e-44
-1.96182e-44
-1.82169e-44
-1.68156e-44
-1.4013e-44
-1.12104e-44
-8.40779e-45
-7.00649e-45
-5.60519e-45
-4.2039e-45
-2.8026e-45
0
1.4013e-45
1.4013e-45
0
-2.8026e-45
-5.60519e-45
-9.80909e-45
-1.26117e-44
-1.4013e-44
-1.54143e-44
-1.68156e-44
-1.82169e-44
-1.96182e-44
-2.24208e-44
-2.38221e-44
-2.38221e-44
-2.24208e-44
-1.96182e-44
-1.68156e-44
-1.26117e-44
-8.40779e-45
-5.60519e-45
-2.8026e-45
0
2.8026e-45
5.60519e-45
9.80909e-45
1.12104e-44
9.80909e-45
7.00649e-45
2.8026e-45
-1.4013e-45
-7.00649e-45
-1.26117e-44
-1.68156e-44
-2.10195e-44
-2.52234e-44
-2.94273e-44
-3.22299e-44
-3.50325e-44
-3.50325e-44
-3.36312e-44
-3.08286e-44
-2.66247e-44
-2.10195e-44
-1.4013e-44
-7.00649e-45
-1.4013e-45
4.2039e-45
9.80909e-45
1.4013e-44
1.68156e-44
2.10195e-44
2.38221e-44
2.52234e-44
2.52234e-44
2.38221e-44
2.24208e-44
1.96182e-44
1.68156e-44
1.4013e-44
1.12104e-44
8.40779e-45
7.00649e-45
5.60519e-45
2.8026e-45
1.4013e-45
1.4013e-45
2.8026e-45
5.60519e-45
8.40779e-45
1.26117e-44
1.54143e-44
1.82169e-44
2.10195e-44
2.38221e-44
2.66247e-44
2.8026e-44
2.94273e-44
2.8026e-44
2.38221e-44
1.82169e-44
1.12104e-44
4.2039e-45
-2.8026e-45
-9.80909e-45
-1.54143e-44
-1.96182e-44
-2.38221e-44
-2.8026e-44
-3.08286e-44
-3.36312e-44
-3.36312e-44
-3.22299e-44
-2.94273e-44
-2.38221e-44
-1.82169e-44
-1.12104e-44
-4.2039e-45
1.4013e-45
7.00649e-45
1.26117e-44
1.68156e-44
2.10195e-44
2.66247e-44
2.94273e-44
2.94273e-44
2.66247e-44
2.10195e-44
1.54143e-44
8.40779e-45
2.8026e-45
-2.8026e-45
-8.40779e-45
-1.4013e-44
-1.82169e-44
-2.24208e-44
-2.8026e-44
-3.08286e-44
-3.08286e-44
-2.8026e-44
-2.24208e-44
-1.68156e-44
-9.80909e-45
-2.8026e-45
4.2039e-45
1.12104e-44
1.68156e-44
2.24208e-44
2.8026e-44
3.36312e-44
3.64338e-44
3.78351e-44
3.78351e-44
3.64338e-44
3.50325e-44
3.22299e-44
2.94273e-44
2.52234e-44
2.10195e-44
1.68156e-44
1.26117e-44
8.40779e-45
4.2039e-45
1.4013e-45
0
0
1.4013e-45
2.8026e-45
5.60519e-45
8.40779e-45
1.12104e-44
1.26117e-44
1.4013e-44
1.54143e-44
1.68156e-44
1.96182e-44
2.10195e-44
2.10195e-44
1.96182e-44
1.68156e-44
1.4013e-44
9.80909e-45
5.60519e-45
1.4013e-45
-2.8026e-45
-7.00649e-45
-1.12104e-44
-1.4013e-44
-1.82169e-44
-2.10195e-44
-2.24208e-44
-2.24208e-44
-2.10195e-44
-1.96182e-44
-1.68156e-44
-1.4013e-44
-1.12104e-44
-8.40779e-45
-7.00649e-45
-5.60519e-45
-4.2039e-45
-1.4013e-45
0
0
-1.4013e-45
-4.2039e-45
-7.00649e-45
-1.12104e-44
-1.4013e-44
-1.68156e-44
-1.96182e-44
-2.24208e-44
-2.52234e-44
-2.8026e-44
-3.08286e-44
-3.08286e-44
-2.8026e-44
-2.24208e-44
-1.54143e-44
-8.40779e-45
-1.4013e-45
5.60519e-45
1.26117e-44
1.82169e-44
2.38221e-44
2.94273e-44
3.36312e-44
3.78351e-44
4.06377e-44
4.2039e-44
4.2039e-44
4.06377e-44
3.92364e-44
3.64338e-44
3.36312e-44
3.08286e-44
2.8026e-44
2.38221e-44
1.96182e-44
1.54143e-44
9.80909e-45
5.60519e-45
2.8026e-45
1.4013e-45
1.4013e-45
1.4013e-45
2.8026e-45
4.2039e-45
5.60519e-45
7.00649e-45
8.40779e-45
9.80909e-45
9.80909e-45
9.80909e-45
7.00649e-45
2.8026e-45
-2.8026e-45
-9.80909e-45
-1.54143e-44
-2.10195e-44
-2.66247e-44
-3.08286e-44
-3.36312e-44
-3.50325e-44
-3.64338e-44
-3.78351e-44
-4.06377e-44
-4.2039e-44
-4.2039e-44
-4.06377e-44
-3.78351e-44
-3.50325e-44
-3.08286e-44
-2.66247e-44
-2.10195e-44
-1.54143e-44
-9.80909e-45
-4.2039e-45
1.4013e-45
8.40779e-45
1.4013e-44
1.68156e-44
1.82169e-44
1.82169e-44
1.82169e-44
1.68156e-44
1.54143e-44
1.4013e-44
1.26117e-44
1.12104e-44
9.80909e-45
8.40779e-45
5.60519e-45
4.2039e-45
4.2039e-45
5.60519e-45
8.40779e-45
1.12104e-44
1.4013e-44
1.68156e-44
1.96182e-44
2.24208e-44
2.52234e-44
2.8026e-44
2.94273e-44
3.08286e-44
2.94273e-44
2.52234e-44
1.96182e-44
1.26117e-44
5.60519e-45
-1.4013e-45
-8.40779e-45
-1.54143e-44
-2.10195e-44
-2.66247e-44
-3.08286e-44
-3.36312e-44
-3.64338e-44
-3.78351e-44
-3.78351e-44
-3.64338e-44
-3.36312e-44
-3.08286e-44
-2.66247e-44
-2.10195e-44
-1.54143e-44
-9.80909e-45
-4.2039e-45
1.4013e-45
7.00649e-45
1.4013e-44
1.82169e-44
2.10195e-44
2.24208e-44
2.24208e-44
2.24208e-44
2.10195e-44
1.96182e-44
1.82169e-44
1.68156e-44
1.54143e-44
1.4013e-44
1.26117e-44
9.80909e-45
8.40779e-45
8.40779e-45
9.80909e-45
1.12104e-44
1.12104e-44
1.26117e-44
1.4013e-44
1.54143e-44
1.68156e-44
1.82169e-44
1.96182e-44
2.10195e-44
2.38221e-44
2.52234e-44
2.52234e-44
2.38221e-44
2.10195e-44
1.82169e-44
1.4013e-44
9.80909e-45
5.60519e-45
1.4013e-45
-2.8026e-45
-7.00649e-45
-1.12104e-44
-1.54143e-44
-1.82169e-44
-1.96182e-44
-1.96182e-44
-1.82169e-44
-1.68156e-44
-1.4013e-44
-1.12104e-44
-8.40779e-45
-7.00649e-45
-5.60519e-45
-4.2039e-45
-2.8026e-45
0
1.4013e-45
1.4013e-45
0
-2.8026e-45
-5.60519e-45
-9.80909e-45
-1.26117e-44
-1.4013e-44
-1.54143e-44
-1.68156e-44
-1.82169e-44
-1.96182e-44
-2.24208e-44
-2.38221e-44
-2.38221e-44
-2.24208e-44
-1.96182e-44
-1.68156e-44
-1.26117e-44
-8.40779e-45
-5.60519e-45
-2.8026e-45
0
2.8026e-45
5.60519e-45
9.80909e-45
1.12104e-44
9.80909e-45
7.00649e-45
2.8026e-45
-1.4013e-45
-7.00649e-45
-1.26117e-44
-1.68156e-44
-2.10195e-44
-2.52234e-44
-2.94273e-44
-3.22299e-44
-3.50325e-44
-3.50325e-44
-3.36312e-44
-3.08286e-44
-2.66247e-44
-2.10195e-44
-1.4013e-44
-7.00649e-45
-1.4013e-45
4.2039e-45
9.80909e-45
1.4013e-44
1.68156e-44
2.10195e-44
2.38221e-44
2.52234e-44
2.52234e-44
2.38221e-44
2.24208e-44
1.96182e-44
1.68156e-44
1.4013e-44
1.12104e-44
8.40779e-45
7.00649e-45
5.60519e-45
2.8026e-45
1.4013e-45
1.4013e-45
2.8026e-45
5.60519e-45
8.40779e-45
1.26117e-44
1.54143e-44
1.82169e-44
2.10195e-44
2.38221e-44
2.66247e-44
2.8026e-44
2.94273e-44
2.8026e-44
2.38221e-44
1.82169e-44
1.12104e-44
4.2039e-45
-2.8026e-45
-9.80909e-45
-1.54143e-44
-1.96182e-44
-2.38221e-44
-2.8026e-44
-3.08286e-44
-3.36312e-44
-3.36312e-44
-3.22299e-44
-2.94273e-44
-2.38221e-44
-1.82169e-44
-1.12104e-44
-4.2039e-45
1.4013e-45
7.00649e-45
1.26117e-44
1.68156e-44
2.10195e-44
2.66247e-44
2.94273e-44
2.94273e-44
2.66247e-44
2.10195e-44
1.54143e-44
8.40779e-45
2.8026e-45
-2.8026e-45
-8.40779e-45
-1.4013e-44
-1.82169e-44
-2.24208e-44
-2.8026e-44
-3.08286e-44
-3.08286e-44
-2.8026e-44
-2.24208e-44
-1.68156e-44
-9.80909e-45
-2.8026e-45
4.2039e-45
1.12104e-44
1.68156e-44
2.24208e-44
2.8026e-44
3.36312e-44
3.64338e-44
3.78351e-44
3.78351e-44
3.64338e-44
3.50325e-44
3.22299e-44
2.94273e-44
2.52234e-44
2.10195e-44
1.68156e-44
1.26117e-44
8.40779e-45
4.2039e-45
1.4013e-45
0
0
1.4013e-45
2.8026e-45
5.60519e-45
8.40779e-45
1.12104e-44
1.26117e-44
1.4013e-44
1.54143e-44
1.68156e-44
1.96182e-44
2.10195e-44
2.10195e-44
1.96182e-44
1.68156e-44
1.4013e-44
9.80909e-45
5.60519e-45
1.4013e-45
-2.8026e-45
-7.00649e-45
-1.12104e-44
-1.4013e-44
-1.82169e-44
-2.10195e-44
-2.24208e-44
-2.24208e-44
-2.10195e-44
-1.96182e-44
-1.68156e-44
-1.4013e-44
-1.12104e-44
-8.40779e-45
-7.00649e-45
-5.60519e-45
-4.2039e-45
-1.4013e-45
0
0
-1.4013e-45
-4.2039e-45
-7.00649e-45
-1.12104e-44
-1.4013e-44
-1.68156e-44
-1.96182e-44
-2.24208e-44
-2.52234e-44
-2.8026e-44
-3.08286e-44
-3.08286e-44
-2.8026e-44
-2.24208e-44
-1.54143e-44
-8.40779e-45
-1.4013e-45
5.60519e-45
1.26117e-44
1.82169e-44
2.38221e-44
2.94273e-44
3.36312e-44
3.78351e-44
4.06377e-44
4.2039e-44
4.2039e-44
4.06377e-44
3.92364e-44
3.64338e-44
3.36312e-44
3.08286e-44
2.8026e-44
2.38221e-44
1.96182e-44
1.54143e-44
9.80909e-45
5.60519e-45
2.8026e-45
1.4013e-45
1.4013e-45
1.4013e-45
2.8026e-45
4.2039e-45
5.60519e-45
7.00649e-45
8.40779e-45
9.80909e-45
9.80909e-45
9.80909e-45
7.00649e-45
2.8026e-45
-2.8026e-45
-9.80909e-45
-1.54143e-44
-2.10195e-44
-2.66247e-44
-3.08286e-44
-3.36312e-44
-3.50325e-44
-3.64338e-44
-3.78351e-44
-4.06377e-44
-4.2039e-44
-4.2039e-44
-4.06377e-44
-3.78351e-44
-3.50325e-44
-3.08286e-44
-2.66247e-44
-2.10195e-44
-1.54143e-44
-9.80909e-45
-4.2039e-45
1.4013e-45
8.40779e-45
1.4013e-44
1.68156e-44
1.82169e-44
1.82169e-44
1.82169e-44
1.68156e-44
1.54143e-44
1.4013e-44
1.26117e-44
1.12104e-44
9.80909e-45
8.40779e-45
5.60519e-45
4.2039e-45
4.2039e-45
5.60519e-45
8.40779e-45
1.12104e-44
1.4013e-44
1.68156e-44
1.96182e-44
2.24208e-44
2.52234e-44
2.8026e-44
2.94273e-44
3.08286e-44
2.94273e-44
2.52234e-44
1.96182e-44
1.26117e-44
5.60519e-45
-1.4013e-45
-8.40779e-45
-1.54143e-44
-2.10195e-44
-2.66247e-44
-3.08286e-44
-3.36312e-44
-3.64338e-44
-3.78351e-44
-3.78351e-44
-3.64338e-44
-3.36312e-44
-3.08286e-44
-2.66247e-44
-2.10195e-44
-1.54143e-44
-9.80909e-45
-4.2039e-45
1.4013e-45
7.00649e-45
1.4013e-44
1.82169e-44
2.10195e-44
2.24208e-44
2.24208e-44
2.24208e-44
2.10195e-44
1.96182e-44
1.82169e-44
1.68156e-44
1.54143e-44
1.4013e-44
1.26117e-44
9.80909e-45
8.40779e-45
8.40779e-45
9.80909e-45
1.12104e-44
1.12104e-44
1.26117e-44
1.4013e-44
1.54143e-44
1.68156e-44
1.82169e-44
1.96182e-44
2.10195e-44
2.38221e-44
2.52234e-44
2.52234e-44
2.38221e-44
2.10195e-44
1.82169e-44
1.4013e-44
9.80909e-45
5.60519e-45
1.4013e-45
-2.8026e-45
-7.00649e-45
-1.12104e-44
-1.54143e-44
-1.82169e-44
-1.96182e-44
-1.96182e-44
-1.82169e-44
-1.68156e-44
-1.4013e-44
-1.12104e-44
-8.40779e-45
-7.00649e-45
-5.60519e-45
-4.2039e-45
-2.8026e-45
0
1.4013e-45
1.4013e-45
0
-2.8026e-45
-5.60519e-45
-9.80909e-45
-1.26117e-44
-1.4013e-44
-1.54143e-44
-1.68156e-44
-1.82169e-44
-1.96182e-44
-2.24208e-44
-2.38221e-44
-2.38221e-44
-2.24208e-44
-1.96182e-44
-1.68156e-44
-1.26117e-44
-8.40779e-45
-5.60519e-45
-2.8026e-45
0
2.8026e-45
5.60519e-45
9.80909e-45
1.12104e-44
9.80909e-45
7.00649e-45
2.8026e-45
-1.4013e-45
-7.00649e-45
-1.26117e-44
-1.68156e-44
-2.10195e-44
-2.52234e-44
-2.94273e-44
-3.22299e-44
-3.50325e-44
-3.50325e-44
-3.36312e-44
-3.08286e-44
-2.66247e-44
-2.10195e-44
-1.4013e-44
-7.00649e-45
-1.4013e-45
4.2039e-45
9.80909e-45
1.4013e-44
1.68156e-44
2.10195e-44
2.38221e-44
2.52234e-44
2.52234e-44
2.38221e-44
2.24208e-44
1.96182e-44
1.68156e-44
1.4013e-44
1.12104e-44
8.40779e-45
7.00649e-45
5.60519e-45
2.8026e-45
1.4013e-45
1.4013e-45
2.8026e-45
5.60519e-45
8.40779e-45
1.26117e-44
1.54143e-44
1.82169e-44
2.10195e-44
2.38221e-44
2.66247e-44
2.8026e-44
2.94273e-44
2.8026e-44
2.38221e-44
1.82169e-44
1.12104e-44
4.2039e-45
-2.8026e-45
-9.80909e-45
-1.54143e-44
-1.96182e-44
-2.38221e-44
-2.8026e-44
-3.08286e-44
-3.36312e-44
-3.36312e-44
-3.22299e-44
-2.94273e-44
-2.38221e-44
-1.82169e-44
-1.12104e-44
-4.2039e-45
1.4013e-45
7.00649e-45
1.26117e-44
1.68156e-44
2.10195e-44
2.66247e-44
2.94273e-44
2.94273e-44
2.66247e-44
2.10195e-44
1.54143e-44
8.40779e-45
2.8026e-45
-2.8026e-45
-8.40779e-45
-1.4013e-44
-1.82169e-44
-2.24208e-44
-2.8026e-44
-3.08286e-44
-3.08286e-44
-2.8026e-44
-2.24208e-44
-1.68156e-44
-9.80909e-45
-2.8026e-45
4.2039e-45
1.12104e-44
1.68156e-44
2.24208e-44
2.8026e-44
3.36312e-44
3.64338e-44
3.78351e-44
3.78351e-44
3.64338e-44
3.50325e-44
3.22299e-44
2.94273e-44
2.52234e-44
2.10195e-44
1.68156e-44
1.26117e-44
8.40779e-45
4.2039e-45
1.4013e-45
0
0
1.4013e-45
2.8026e-45
5.60519e-45
8.40779e-45
1.12104e-44
1.26117e-44
1.4013e-44
1.54143e-44
1.68156e-44
1.96182e-44
2.10195e-44
2.10195e-44
1.96182e-44
1.68156e-44
1.4013e-44
9.80909e-45
5.60519e-45
1.4013e-45
-2.8026e-45
-7.00649e-45
-1.12104e-44
-1.4013e-44
-1.82169e-44
-2.10195e-44
-2.24208e-44
-2.24208e-44
-2.10195e-44
-1.96182e-44
-1.68156e-44
-1.4013e-44
-1.12104e-44
-8.40779e-45
-7.00649e-45
-5.60519e-45
-4.2039e-45
-1.4013e-45
0
0
-1.4013e-45
-4.2039e-45
-7.00649e-45
-1.12104e-44
-1.4013e-44
-1.68156e-44
-1.96182e-44
-2.24208e-44
-2.52234e-44
-2.8026e-44
-3.08286e-44
-3.08286e-44
-2.8026e-44
-2.24208e-44
-1.54143e-44
-8.40779e-45
-1.4013e-45
5.60519e-45
1.26117e-44
1.82169e-44
2.38221e-44
2.94273e-44
3.36312e-44
3.78351e-44
4.06377e-44
4.2039e-44
4.2039e-44
4.06377e-44
3.92364e-44
3.64338e-44
3.36312e-44
3.08286e-44
2.8026e-44
2.38221e-44
1.96182e-44
1.54143e-44
9.80909e-45
5.60519e-45
2.8026e-45
1.4013e-45
1.4013e-45
1.4013e-45
2.8026e-45
4.2039e-45
5.60519e-45
7.00649e-45
8.40779e-45
9.80909e-45
9.80909e-45
9.80909e-45
7.00649e-45
2.8026e-45
-2.8026e-45
-9.80909e-45
-1.54143e-44
-2.10195e-44
-2.66247e-44
-3.08286e-44
-3.36312e-44
-3.50325e-44
-3.64338e-44
-3.78351e-44
-4.06377e-44
-4.2039e-44
-4.2039e-44
-4.06377e-44
-3.78351e-44
-3.50325e-44
-3.08286e-44
-2.66247e-44
-2.10195e-44
-1.54143e-44
-9.80909e-45
-4.2039e-45
1.4013e-45
8.40779e-45
1.4013e-44
1.68156e-44
1.82169e-44
1.82169e-44
1.82169e-44
1.68156e-44
1.54143e-44
1.4013e-44
1.26117e-44
1.12104e-44
9.80909e-45
8.40779e-45
5.60519e-45
4.2039e-45
4.2039e-45
5.60519e-45
8.40779e-45
1.12104e-44
1.4013e-44
1.68156e-44
1.96182e-44
2.24208e-44
2.52234e-44
2.8026e-44
2.94273e-44
3.08286e-44
2.94273e-44
2.52234e-44
1.96182e-44
1.26117e-44
5.60519e-45
-1.4013e-45
-8.40779e-45
-1.54143e-44
-2.10195e-44
-2.66247e-44
-3.08286e-44
-3.36312e-44
-3.64338e-44
-3.78351e-44
-3.78351e-44
-3.64338e-44
-3.36312e-44
-3.08286e-44
-2.66247e-44
-2.10195e-44
-1.54143e-44
-9.80909e-45
-4.2039e-45
1.4013e-45
7.00649e-45
1.4013e-44
1.82169e-44
2.10195e-44
2.24208e-44
2.24208e-44
2.24208e-44
2.10195e-44
1.96182e-44
1.82169e-44
1.68156e-44
1.54143e-44
1.4013e-44
1.26117e-44
9.80909e-45
8.40779e-45
8.40779e-45
9.80909e-45
1.12104e-44
1.12104e-44
1.26117e-44
1.4013e-44
1.54143e-44
1.68156e-44
1.82169e-44
1.96182e-44
2.10195e-44
2.38221e-44
2.52234e-44
2.52234e-44
2.38221e-44
2.10195e-44
1.82169e-44
1.4013e-44
9.80909e-45
5.60519e-45
1.4013e-45
-2.8026e-45
-7.00649e-45
-1.12104e-44
-1.54143e-44
-1.82169e-44
-1.96182e-44
-1.96182e-44
-1.82169e-44
-1.68156e-44
-1.4013e-44
-1.12104e-44
-8.40779e-45
-7.00649e-45
-5.60519e-45
-4.2039e-45
-2.8026e-45
0
1.4013e-45
1.4013e-45
0
-2.8026e-45
-5.60519e-45
-9.80909e-45
-1.26117e-44
-1.4013e-44
-1.54143e-44
-1.68156e-44
-1.82169e-44
-1.96182e-44
-2.24208e-44
-2.38221e-44
-2.38221e-44
-2.24208e-44
-1.96182e-44
-1.68156e-44
-1.26117e-44
-8.40779e-45
-5.60519e-45
-2.8026e-45
0
2.8026e-45
5.60519e-45
9.80909e-45
1.12104e-44
9.80909e-45
7.00649e-45
2.8026e-45
-1.4013e-45
-7.00649e-45
-1.26117e-44
-1.68156e-44
-2.10195e-44
-2.52234e-44
-2.94273e-44
-3.22299e-44
-3.50325e-44
-3.50325e-44
-3.36312e-44
-3.08286e-44
-2.66247e-44
-2.10195e-44
-1.4013e-44
-7.00649e-45
-1.4013e-45
4.2039e-45
9.80909e-45
1.4013e-44
1.68156e-44
2.10195e-44
2.38221e-44
2.52234e-44
2.52234e-44
2.38221e-44
2.24208e-44
1.96182e-44
1.68156e-44
1.4013e-44
1.12104e-44
8.40779e-45
7.00649e-45
5.60519e-45
2.8026e-45
1.4013e-45
1.4013e-45
2.8026e-45
5.60519e-45
8.40779e-45
1.26117e-44
1.54143e-44
1.82169e-44
2.10195e-44
2.38221e-44
2.66247e-44
2.8026e-44
2.94273e-44
2.8026e-44
2.38221e-44
1.82169e-44
1.12104e-44
4.2039e-45
-2.8026e-45
-9.80909e-45
-1.54143e-44
-1.96182e-44
-2.38221e-44
-2.8026e-44
-3.08286e-44
-3.36312e-44
-3.36312e-44
-3.22299e-44
-2.94273e-44
-2.38221e-44
-1.82169e-44
-1.12104e-44
-4.2039e-45
1.4013e-45
7.00649e-45
1.26117e-44
1.68156e-44
2.10195e-44
2.66247e-44
2.94273e-44
2.94273e-44
2.66247e-44
2.10195e-44
1.54143e-44
8.40779e-45
2.8026e-45
-2.8026e-45
-8.40779e-45
-1.4013e-44
-1.82169e-44
-2.24208e-44
-2.8026e-44
-3.08286e-44
-3.08286e-44
-2.8026e-44
-2.24208e-44
-1.68156e-44
-9.80909e-45
-2.8026e-45
4.2039e-45
1.12104e-44
1.68156e-44
2.24208e-44
2.8026e-44
3.36312e-44
3.64338e-44
3.78351e-44
3.78351e-44
3.64338e-44
3.50325e-44
3.22299e-44
2.94273e-44
2.52234e-44
2.10195e-44
1.68156e-44
1.26117e-44
8.40779e-45
4.2039e-45
1.4013e-45
0
0
1.4013e-45
2.8026e-45
5.60519e-45
8.40779e-45
1.12104e-44
1.26117e-44
1.4013e-44
1.54143e-44
1.68156e-44
1.96182e-44
2.10195e-44
2.10195e-44
1.96182e-44
1.68156e-44
1.4013e-44
9.80909e-45
5.60519e-45
1.4013e-45
-2.8026e-45
-7.00649e-45
-1.12104e-44
-1.4013e-44
-1.82169e-44
-2.10195e-44
-2.24208e-44
-2.24208e-44
-2.10195e-44
-1.96182e-44
-1.68156e-44
-1.4013e-44
-1.12104e-44
-8.40779e-45
-7.00649e-45
-5.60519e-45
-4.2039e-45
-1.4013e-45
0
0
-1.4013e-45
-4.2039e-45
-7.00649e-45
-1.12104e-44
-1.4013e-44
-1.68156e-44
-1.96182e-44
-2.24208e-44
-2.52234e-44
-2.8026e-44
-3.08286e-44
-3.08286e-44
-2.8026e-44
-2.24208e-44
-1.54143e-44
-8.40779e-45
-1.4013e-45
5.60519e-45
1.26117e-44
1.82169e-44
2.38221e-44
2.94273e-44
3.36312e-44
3.78351e-44
4.06377e-44
4.2039e-44
4.2039e-44
4.06377e-44
3.92364e-44
3.64338e-44
3.36312e-44
3.08286e-44
2.8026e-44
2.38221e-44
1.96182e-44
1.54143e-44
9.80909e-45
5.60519e-45
2.8026e-45
1.4013e-45
1.4013e-45
1.4013e-45
2.8026e-45
4.2039e-45
5.60519e-45
7.00649e-45
8.40779e-45
9.80909e-45
9.80909e-45
9.80909e-45
7.00649e-45
2.8026e-45
-2.8026e-45
-9.80909e-45
-1.54143e-44
-2.10195e-44
-2.66247e-44
-3.08286e-44
-3.36312e-44
-3.50325e-44
-3.64338e-44
-3.78351e-44
-4.06377e-44
-4.2039e-44
-4.2039e-44
-4.06377e-44
-3.78351e-44
-3.50325e-44
-3.08286e-44
-2.66247e-44
-2.10195e-44
-1.54143e-44
-9.80909e-45
-4.2039e-45
1.4013e-45
8.40779e-45
1.4013e-44
1.68156e-44
1.82169e-44
1.82169e-44
1.82169e-44
1.68156e-44
1.54143e-44
1.4013e-44
1.26117e-44
1.12104e-44
9.80909e-45
8.40779e-45
5.60519e-45
4.2039e-45
4.2039e-45
5.60519e-45
8.40779e-45
1.12104e-44
1.4013e-44
1.68156e-44
1.96182e-44
2.24208e-44
2.52234e-44
2.8026e-44
2.94273e-44
3.08286e-44
2.94273e-44
2.52234e-44
1.96182e-44
1.26117e-44
5.60519e-45
-1.4013e-45
-8.40779e-45
-1.54143e-44
-2.10195e-44
-2.66247e-44
-3.08286e-44
-3.36312e-44
-3.64338e-44
-3.78351e-44
-3.78351e-44
-3.64338e-44
-3.36312e-44
-3.08286e-44
-2.66247e-44
-2.10195e-44
-1.54143e-44
-9.80909e-45
-4.2039e-45
1.4013e-45
7.00649e-45
1.4013e-44
1.82169e-44
2.10195e-44
2.24208e-44
2.24208e-44
2.24208e-44
2.10195e-44
1.96182e-44
1.82169e-44
1.68156e-44
1.54143e-44
1.4013e-44
1.26117e-44
9.80909e-45
8.40779e-45
8.40779e-45
9.80909e-45
1.12104e-44
1.12104e-44
1.26117e-44
1.4013e-44
1.54143e-44
1.68156e-44
1.82169e-44
1.96182e-44
2.10195e-44
2.38221e-44
2.52234e-44
2.52234e-44
2.38221e-44
2.10195e-44
1.82169e-44
1.4013e-44
9.80909e-45
5.60519e-45
1.4013e-45
-2.8026e-45
-7.00649e-45
-1.12104e-44
-1.54143e-44
-1.82169e-44
-1.96182e-44
-1.96182e-44
-1.82169e-44
-1.68156e-44
-1.4013e-44
-1.12104e-44
-8.40779e-45
-7.00649e-45
-5.60519e-45
-4.2039e-45
-2.8026e-45
0
1.4013e-45
1.4013e-45
0
-2.8026e-45
-5.60519e-45
-9.80909e-45
-1.26117e-44
-1.4013e-44
-1.54143e-44
-1.68156e-44
-1.82169e-44
-1.96182e-44
-2.24208e-44
-2.38221e-44
-2.38221e-44
-2.24208e-44
-1.96182e-44
-1.68156e-44
-1.26117e-44
-8.40779e-45
-5.60519e-45
-2.8026e-45
0
2.8026e-45
5.60519e-45
9.80909e-45
1.12104e-44
9.80909e-45
7.00649e-45
2.8026e-45
-1.4013e-45
-7.00649e-45
-1.26117e-44
-1.68156e-44
-2.10195e-44
-2.52234e-44
-2.94273e-44
-3.22299e-44
-3.50325e-44
-3.50325e-44
-3.36312e-44
-3.08286e-44
-2.66247e-44
-2.10195e-44
-1.4013e-44
-7.00649e-45
-1.4013e-45
4.2039e-45
9.80909e-45
1.4013e-44
1.68156e-44
2.10195e-44
2.38221e-44
2.52234e-44
2.52234e-44
2.38221e-44
2.24208e-44
1.96182e-44
1.68156e-44
1.4013e-44
1.12104e-44
8.40779e-45
7.00649e-45
5.60519e-45
2.8026e-45
1.4013e-45
1.4013e-45
2.8026e-45
5.60519e-45
8.40779e-45
1.26117e-44
1.54143e-44
1.82169e-44
2.10195e-44
2.38221e-44
2.66247e-44
2.8026e-44
2.94273e-44
2.8026e-44
2.38221e-44
1.82169e-44
1.12104e-44
4.2039e-45
-2.8026e-45
-9.80909e-45
-1.54143e-44
-1.96182e-44
-2.38221e-44
-2.8026e-44
-3.08286e-44
-3.36312e-44
-3.36312e-44
-3.22299e-44
-2.94273e-44
-2.38221e-44
-1.82169e-44
-1.12104e-44
-4.2039e-45
1.4013e-45
7.00649e-45
1.26117e-44
1.68156e-44
2.10195e-44
2.66247e-44
2.94273e-44
2.94273e-44
2.66247e-44
2.10195e-44
1.54143e-44
8.40779e-45
2.8026e-45
-2.8026e-45
-8.40779e-45
-1.4013e-44
-1.82169e-44
-2.24208e-44
-2.8026e-44
-3.08286e-44
-3.08286e-44
-2.8026e-44
-2.24208e-44
-1.68156e-44
-9.80909e-45
-2.8026e-45
4.2039e-45
1.12104e-44
1.68156e-44
2.24208e-44
2.8026e-44
3.36312e-44
3.64338e-44
3.78351e-44
3.78351e-44
3.64338e-44
3.50325e-44
3.22299e-44
2.94273e-44
2.52234e-44
2.10195e-44
1.68156e-44
1.26117e-44
8.40779e-45
4.2039e-45
1.4013e-45
0
0
1.4013e-45
2.8026e-45
5.60519e-45
8.40779e-45
1.12104e-44
1.26117e-44
1.4013e-44
1.54143e-44
1.68156e-44
1.96182e-44
2.10195e-44
2.10195e-44
1.96182e-44
1.68156e-44
1.4013e-44
9.80909e-45
5.60519e-45
1.4013e-45
-2.8026e-45
-7.00649e-45
-1.12104e-44
-1.4013e-44
-1.82169e-44
-2.10195e-44
-2.24208e-44
-2.24208e-44
-2.10195e-44
-1.96182e-44
-1.68156e-44
-1.4013e-44
-1.12104e-44
-8.40779e-45
-7.00649e-45
-5.60519e-45
-4.2039e-45
-1.4013e-45
0
0
-1.4013e-45
-4.2039e-45
-7.00649e-45
-1.12104e-44
-1.4013e-44
-1.68156e-44
-1.96182e-44
-2.24208e-44
-2.52234e-44
-2.8026e-44
-3.08286e-44
-3.08286e-44
-2.8026e-44
-2.24208e-44
-1.54143e-44
-8.40779e-45
-1.4013e-45
5.60519e-45
1.26117e-44
1.82169e-44
2.38221e-44
2.94273e-44
3.36312e-44
3.78351e-44
4.06377e-44
4.2039e-44
4.2039e-44
4.06377e-44
3.92364e-44
3.64338e-44
3.36312e-44
3.08286e-44
2.8026e-44
2.38221e-44
1.96182e-44
1.54143e-44
9.80909e-45
5.60519e-45
2.8026e-45
1.4013e-45
1.4013e-45
1.4013e-45
2.8026e-45
4.2039e-45
5.60519e-45
7.00649e-45
8.40779e-45
9.80909e-45
9.80909e-45
9.80909e-45
7.00649e-45
2.8026e-45
-2.8026e-45
-9.80909e-45
-1.54143e-44
-2.10195e-44
-2.66247e-44
-3.08286e-44
-3.36312e-44
-3.50325e-44
-3.64338e-44
-3.78351e-44
-4.06377e-44
-4.2039e-44
-4.2039e-44
-4.06377e-44
-3.78351e-44
-3.50325e-44
-3.08286e-44
-2.66247e-44
-2.10195e-44
-1.54143e-44
-9.80909e-45
-4.2039e-45
1.4013e-45
8.40779e-45
1.4013e-44
1.68156e-44
1.82169e-44
1.82169e-44
1.82169e-44
1.68156e-44
1.54143e-44
1.4013e-44
1.26117e-44
1.12104e-44
9.80909e-45
8.40779e-45
5.60519e-45
4.2039e-45
4.2039e-45
5.60519e-45
8.40779e-45
1.12104e-44
1.4013e-44
1.68156e-44
1.96182e-44
2.24208e-44
2.52234e-44
2.8026e-44
2.94273e-44
3.08286e-44
2.94273e-44
2.52234e-44
1.96182e-44
1.26117e-44
5.60519e-45
-1.4013e-45
-8.40779e-45
-1.54143e-44
-2.10195e-44
-2.66247e-44
-3.08286e-44
-3.36312e-44
-3.64338e-44
-3.78351e-44
-3.78351e-44
-3.64338e-44
-3.36312e-44
-3.08286e-44
-2.66247e-44
-2.10195e-44
-1.54143e-44
-9.80909e-45
-4.2039e-45
1.4013e-45
7.00649e-45
1.4013e-44
1.82169e-44
2.10195e-44
2.24208e-44
2.24208e-44
2.24208e-44
2.10195e-44
1.96182e-44
1.82169e-44
1.68156e-44
1.54143e-44
1.4013e-44
1.26117e-44
9.80909e-45
8.40779e-45
8.40779e-45
9.80909e-45
1.12104e-44
1.12104e-44
1.26117e-44
1.4013e-44
1.54143e-44
1.68156e-44
1.82169e-44
1.96182e-44
2.10195e-44
2.38221e-44
2.52234e-44
2.52234e-44
2.38221e-44
2.10195e-44
1.82169e-44
1.4013e-44
9.80909e-45
5.60519e-45
1.4013e-45
-2.8026e-45
-7.00649e-45
-1.12104e-44
-1.54143e-44
-1.82169e-44
-1.96182e-44
-1.96182e-44
-1.82169e-44
-1.68156e-44
-1.4013e-44
-1.12104e-44
-8.40779e-45
-7.00649e-45
-5.60519e-45
-4.2039e-45
-2.8026e-45
0
1.4013e-45
1.4013e-45
0
-2.8026e-45
-5.60519e-45
-9.80909e-45
-1.26117e-44
-1.4013e-44
-1.54143e-44
-1.68156e-44
-1.82169e-44
-1.96182e-44
-2.24208e-44
-2.38221e-44
-2.38221e-44
-2.24208e-44
-1.96182e-44
-1.68156e-44
-1.26117e-44
-8.40779e-45
-5.60519e-45
-2.8026e-45
0
2.8026e-45
5.60519e-45
9.80909e-45
1.12104e-44
9.80909e-45
7.00649e-45
2.8026e-45
-1.4013e-45
-7.00649e-45
-1.26117e-44
-1.68156e-44
-2.10195e-44
-2.52234e-44
-2.94273e-44
-3.22299e-44
-3.50325e-44
-3.50325e-44
-3.36312e-44
-3.08286e-44
-2.66247e-44
-2.10195e-44
-1.4013e-44
-7.00649e-45
-1.4013e-45
4.2039e-45
9.80909e-45
1.4013e-44
1.68156e-44
2.10195e-44
2.38221e-44
2.52234e-44
2.52234e-44
2.38221e-44
2.24208e-44
1.96182e-44
1.68156e-44
1.4013e-44
1.12104e-44
8.40779e-45
7.00649e-45
5.60519e-45
2.8026e-45
1.4013e-45
1.4013e-45
2.8026e-45
5.60519e-45
8.40779e-45
1.26117e-44
1.54143e-44
1.82169e-44
2.10195e-44
2.38221e-44
2.66247e-44
2.8026e-44
2.94273e-44
2.8026e-44
2.38221e-44
1.82169e-44
1.12104e-44
4.2039e-45
-2.8026e-45
-9.80909e-45
-1.54143e-44
-1.96182e-44
-2.38221e-44
-2.8026e-44
-3.08286e-44
-3.36312e-44
-3.36312e-44
-3.22299e-44
-2.94273e-44
-2.38221e-44
-1.82169e-44
-1.12104e-44
-4.2039e-45
1.4013e-45
7.00649e-45
1.26117e-44
1.68156e-44
2.10195e-44
2.66247e-44
2.94273e-44
2.94273e-44
2.66247e-44
2.10195e-44
1.54143e-44
8.40779e-45
2.8026e-45
-2.8026e-45
-8.40779e-45
-1.4013e-44
-1.82169e-44
-2.24208e-44
-2.8026e-44
-3.08286e-44
-3.08286e-44
-2.8026e-44
-2.24208e-44
-1.68156e-44
-9.80909e-45
-2.8026e-45
4.2039e-45
1.12104e-44
1.68156e-44
2.24208e-44
2.8026e-44
3.36312e-44
3.64338e-44
3.78351e-44
3.78351e-44
3.64338e-44
3.50325e-44
3.22299e-44
2.94273e-44
2.52234e-44
2.10195e-44
1.68156e-44
1.26117e-44
8.40779e-45
4.2039e-45
1.4013e-45
0
0
1.4013e-45
2.8026e-45
5.60519e-45
8.40779e-45
1.12104e-44
1.26117e-44
1.4013e-44
1.54143e-44
1.68156e-44
1.96182e-44
2.10195e-44
2.10195e-44
1.96182e-44
1.68156e-44
1.4013e-44
9.80909e-45
5.60519e-45
1.4013e-45
-2.8026e-45
-7.00649e-45
-1.12104e-44
-1.4013e-44
-1.82169e-44
-2.10195e-44
-2.24208e-44
-2.24208e-44
-2.10195e-44
-1.96182e-44
-1.68156e-44
-1.4013e-44
-1.12104e-44
-8.40779e-45
-7.00649e-45
-5.60519e-45
-4.2039e-45
-1.4013e-45
0
0
-1.4013e-45
-4.2039e-45
-7.00649e-45
-1.12104e-44
-1.4013e-44
-1.68156e-44
-1.96182e-44
-2.24208e-44
-2.52234e-44
-2.8026e-44
-3.08286e-44
-3.08286e-44
-2.8026e-44
-2.24208e-44
-1.54143e-44
-8.40779e-45
-1.4013e-45
5.60519e-45
1.26117e-44
1.82169e-44
2.38221e-44
2.94273e-44
3.36312e-44
3.78351e-44
4.06377e-44
4.2039e-44
4.2039e-44
4.06377e-44
3.92364e-44
3.64338e-44
3.36312e-44
3.08286e-44
2.8026e-44
2.38221e-44
1.96182e-44
1.54143e-44
9.80909e-45
5.60519e-45
2.8026e-45
1.4013e-45
1.4013e-45
1.4013e-45
2.8026e-45
4.2039e-45
5.60519e-45
7.00649e-45
8.40779e-45
9.80909e-45
9.80909e-45
9.80909e-45
7.00649e-45
2.8026e-45
-2.8026e-45
-9.80909e-45
-1.54143e-44
-2.10195e-44
-2.66247e-44
-3.08286e-44
-3.36312e-44
-3.50325e-44
-3.64338e-44
-3.78351e-44
-4.06377e-44
-4.2039e-44
-4.2039e-44
-4.06377e-44
-3.78351e-44
-3.50325e-44
-3.08286e-44
-2.66247e-44
-2.10195e-44
-1.54143e-44
-9.80909e-45
-4.2039e-45
1.4013e-45
8.40779e-45
1.4013e-44
1.68156e-44
1.82169e-44
1.82169e-44
1.82169e-44
1.68156e-44
1.54143e-44
1.4013e-44
1.26117e-44
1.12104e-44
9.80909e-45
8.40779e-45
5.60519e-45
4.2039e-45
4.2039e-45
5.60519e-45
8.40779e-45
1.12104e-44
1.4013e-44
1.68156e-44
1.96182e-44
2.24208e-44
2.52234e-44
2.8026e-44
2.94273e-44
3.08286e-44
2.94273e-44
2.52234e-44
1.96182e-44
1.26117e-44
5.60519e-45
-1.4013e-45
-8.40779e-45
-1.54143e-44
-2.10195e-44
-2.66247e-44
-3.08286e-44
-3.36312e-44
-3.64338e-44
-3.78351e-44
-3.78351e-44
-3.64338e-44
-3.36312e-44
-3.08286e-44
-2.66247e-44
-2.10195e-44
-1.54143e-44
-9.80909e-45
-4.2039e-45
1.4013e-45
7.00649e-45
1.4013e-44
1.82169e-44
2.10195e-44
2.24208e-44
2.24208e-44
2.24208e-44
2.10195e-44
1.96182e-44
1.82169e-44
1.68156e-44
1.54143e-44
1.4013e-44
1.26117e-44
9.80909e-45
8.40779e-45
8.40779e-45
9.80909e-45
1.12104e-44
1.12104e-44
1.26117e-44
1.4013e-44
1.54143e-44
1.68156e-44
1.82169e-44
1.96182e-44
2.10195e-44
2.38221e-44
2.52234e-44
2.52234e-44
2.38221e-44
2.10195e-44
1.82169e-44
1.4013e-44
9.80909e-45
5.60519e-45
1.4013e-45
-2.8026e-45
-7.00649e-45
-1.12104e-44
-1.54143e-44
-1.82169e-44
-1.96182e-44
-1.96182e-44
-1.82169e-44
-1.68156e-44
-1.4013e-44
-1.12104e-44
-8.40779e-45
-7.00649e-45
-5.60519e-45
-4.2039e-45
-2.8026e-45
0
1.4013e-45
1.4013e-45
0
-2.8026e-45
-5.60519e-45
-9.80909e-45
-1.26117e-44
-1.4013e-44
-1.54143e-44
-1.68156e-44
-1.82169e-44
-1.96182e-44
-2.24208e-44
-2.38221e-44
-2.38221e-44
-2.24208e-44
-1.96182e-44
-1.68156e-44
-1.26117e-44
-8.40779e-45
-5.60519e-45
-2.8026e-45
0
2.8026e-45
5.60519e-45
9.80909e-45
1.12104e-44
9.80909e-45
7.00649e-45
2.8026e-45
-1.4013e-45
-7.00649e-45
-1.26117e-44
-1.68156e-44
-2.10195e-44
-2.52234e-44
-2.94273e-44
-3.22299e-44
-3.50325e-44
-3.50325e-44
-3.36312e-44
-3.08286e-44
-2.66247e-44
-2.10195e-44
-1.4013e-44
-7.00649e-45
-1.4013e-45
4.2039e-45
9.80909e-45
1.4013e-44
1.68156e-44
2.10195e-44
2.38221e-44
2.52234e-44
2.52234e-44
2.38221e-44
2.24208e-44
1.96182e-44
1.68156e-44
1.4013e-44
1.12104e-44
8.40779e-45
7.00649e-45
5.60519e-45
2.8026e-45
1.4013e-45
1.4013e-45
2.8026e-45
5.60519e-45
8.40779e-45
1.26117e-44
1.54143e-44
1.82169e-44
2.10195e-44
2.38221e-44
2.66247e-44
2.8026e-44
2.94273e-44
2.8026e-44
2.38221e-44
1.82169e-44
1.12104e-44
4.2039e-45
-2.8026e-45
-9.80909e-45
-1.54143e-44
-1.96182e-44
-2.38221e-44
-2.8026e-44
-3.08286e-44
-3.36312e-44
-3.36312e-44
-3.22299e-44
-2.94273e-44
-2.38221e-44
-1.82169e-44
-1.12104e-44
-4.2039e-45
1.4013e-45
7.00649e-45
1.26117e-44
1.68156e-44
2.10195e-44
2.66247e-44
2.94273e-44
2.94273e-44
2.66247e-44
2.10195e-44
1.54143e-44
8.40779e-45
2.8026e-45
-2.8026e-45
-8.40779e-45
-1.4013e-44
-1.82169e-44
-2.24208e-44
-2.8026e-44
-3.08286e-44
-3.08286e-44
-2.8026e-44
-2.24208e-44
-1.68156e-44
-9.80909e-45
-2.8026e-45
4.2039e-45
1.12104e-44
1.68156e-44
2.24208e-44
2.8026e-44
3.36312e-44
3.64338e-44
3.78351e-44
3.78351e-44
3.64338e-44
3.50325e-44
3.22299e-44
2.94273e-44
2.52234e-44
2.10195e-44
1.68156e-44
1.26117e-44
8.40779e-45
4.2039e-45
1.4013e-45
0
0
1.4013e-45
2.8026e-45
5.60519e-45
8.40779e-45
1.12104e-44
1.26117e-44
1.4013e-44
1.54143e-44
1.68156e-44
1.96182e-44
2.10195e-44
2.10195e-44
1.96182e-44
1.68156e-44
1.4013e-44
9.80909e-45
5.60519e-45
1.4013e-45
-2.8026e-45
-7.00649e-45
-1.12104e-44
-1.4013e-44
-1.82169e-44
-2.10195e-44
-2.24208e-44
-2.24208e-44
-2.10195e-44
-1.96182e-44
-1.68156e-44
-1.4013e-44
-1.12104e-44
-8.40779e-45
-7.00649e-45
-5.60519e-45
-4.2039e-45
-1.4013e-45
0
0
-1.4013e-45
-4.2039e-45
-7.00649e-45
-1.12104e-44
-1.4013e-44
-1.68156e-44
-1.96182e-44
-2.24208e-44
-2.52234e-44
-2.8026e-44
-3.08286e-44
-3.08286e-44
-2.8026e-44
-2.24208e-44
-1.54143e-44
-8.40779e-45
-1.4013e-45
5.60519e-45
1.26117e-44
1.82169e-44
2.38221e-44
2.94273e-44
3.36312e-44
3.78351e-44
4.06377e-44
4.2039e-44
4.2039e-44
4.06377e-44
3.92364e-44
3.64338e-44
3.36312e-44
3.08286e-44
2.8026e-44
2.38221e-44
1.96182e-44
1.54143e-44
9.80909e-45
5.60519e-45
2.8026e-45
1.4013e-45
1.4013e-45
1.4013e-45
2.8026e-45
4.2039e-45
5.60519e-45
7.00649e-45
8.40779e-45
9.80909e-45
9.80909e-45
9.80909e-45
7.00649e-45
2.8026e-45
-2.8026e-45
-9.80909e-45
-1.54143e-44
-2.10195e-44
-2.66247e-44
-3.08286e-44
-3.36312e-44
-3.50325e-44
-3.64338e-44
-3.78351e-44
-4.06377e-44
-4.2039e-44
-4.2039e-44
-4.06377e-44
-3.78351e-44
-3.50325e-44
-3.08286e-44
-2.66247e-44
-2.10195e-44
-1.54143e-44
-9.80909e-45
-4.2039e-45
1.4013e-45
8.40779e-45
1.4013e-44
1.68156e-44
1.82169e-44
1.82169e-44
1.82169e-44
1.68156e-44
1.54143e-44
1.4013e-44
1.26117e-44
1.12104e-44
9.80909e-45
8.40779e-45
5.60519e-45
4.2039e-45
4.2039e-45
5.60519e-45
8.40779e-45
1.12104e-44
1.4013e-44
1.68156e-44
1.96182e-44
2.24208e-44
2.52234e-44
2.8026e-44
2.94273e-44
3.08286e-44
2.94273e-44
2.52234e-44
1.96182e-44
1.26117e-44
5.60519e-45
-1.4013e-45
-8.40779e-45
-1.54143e-44
-2.10195e-44
-2.66247e-44
-3.08286e-44
-3.36312e-44
-3.64338e-44
-3.78351e-44
-3.78351e-44
-3.64338e-44
-3.36312e-44
-3.08286e-44
-2.66247e-44
-2.10195e-44
-1.54143e-44
-9.80909e-45
-4.2039e-45
1.4013e-45
7.00649e-45
1.4013e-44
1.82169e-44
2.10195e-44
2.24208e-44
2.24208e-44
2.24208e-44
2.10195e-44
1.96182e-44
1.82169e-44
1.68156e-44
1.54143e-44
1.4013e-44
1.26117e-44
9.80909e-45
8.40779e-45
8.40779e-45
9.80909e-45
1.12104e-44
1.12104e-44
1.26117e-44
1.4013e-44
1.54143e-44
1.68156e-44
1.82169e-44
1.96182e-44
2.10195e-44
2.38221e-44
2.52234e-44
2.52234e-44
2.38221e-44
2.10195e-44
1.82169e-44
1.4013e-44
9.80909e-45
5.60519e-45
1.4013e-45
-2.8026e-45
-7.00649e-45
-1.12104e-44
-1.54143e-44
-1.82169e-44
-1.96182e-44
-1.96182e-44
-1.82169e-44
-1.68156e-44
-1.4013e-44
-1.12104e-44
-8.40779e-45
-7.00649e-45
-5.60519e-45
-4.2039e-45
-2.8026e-45
0
1.4013e-45
1.4013e-45
0
-2.8026e-45
-5.60519e-45
-9.80909e-45
-1.26117e-44
-1.4013e-44
-1.54143e-44
-1.68156e-44
-1.82169e-44
-1.96182e-44
-2.24208e-44
-2.38221e-44
-2.38221e-44
-2.24208e-44
-1.96182e-44
-1.68156e-44
-1.26117e-44
-8.40779e-45
-5.60519e-45
-2.8026e-45
0
2.8026e-45
5.60519e-45
9.80909e-45
1.12104e-44
9.80909e-45
7.00649e-45
2.8026e-45
-1.4013e-45
-7.00649e-45
-1.26117e-44
-1.68156e-44
-2.10195e-44
-2.52234e-44
-2.94273e-44
-3.22299e-44
-3.50325e-44
-3.50325e-44
-3.36312e-44
-3.08286e-44
-2.66247e-44
-2.10195e-44
-1.4013e-44
-7.00649e-45
-1.4013e-45
4.2039e-45
9.80909e-45
1.4013e-44
1.68156e-44
2.10195e-44
2.38221e-44
2.52234e-44
2.52234e-44
2.38221e-44
2.24208e-44
1.96182e-44
1.68156e-44
1.4013e-44
1.12104e-44
8.40779e-45
7.00649e-45
5.60519e-45
2.8026e-45
1.4013e-45
1.4013e-45
2.8026e-45
5.60519e-45
8.40779e-45
1.26117e-44
1.54143e-44
1.82169e-44
2.10195e-44
2.38221e-44
2.66247e-44
2.8026e-44
2.94273e-44
2.8026e-44
2.38221e-44
1.82169e-44
1.12104e-44
4.2039e-45
-2.8026e-45
-9.80909e-45
-1.54143e-44
-1.96182e-44
-2.38221e-44
-2.8026e-44
-3.08286e-44
-3.36312e-44
-3.36312e-44
-3.22299e-44
-2.94273e-44
-2.38221e-44
-1.82169e-44
-1.12104e-44
-4.2039e-45
1.4013e-45
7.00649e-45
1.26117e-44
1.68156e-44
2.10195e-44
2.66247e-44
2.94273e-44
2.94273e-44
2.66247e-44
2.10195e-44
1.54143e-44
8.40779e-45
2.8026e-45
-2.8026e-45
-8.40779e-45
-1.4013e-44
-1.82169e-44
-2.24208e-44
-2.8026e-44
-3.08286e-44
-3.08286e-44
-2.8026e-44
-2.24208e-44
-1.68156e-44
-9.80909e-45
-2.8026e-45
4.2039e-45
1.12104e-44
1.68156e-44
2.24208e-44
2.8026e-44
3.36312e-44
3.64338e-44
3.78351e-44
3.78351e-44
3.64338e-44
3.50325e-44
3.22299e-44
2.94273e-44
2.52234e-44
2.10195e-44
1.68156e-44
1.26117e-44
8.40779e-45
4.2039e-45
1.4013e-45
0
0
1.4013e-45
2.8026e-45
5.60519e-45
8.40779e-45
1.12104e-44
1.26117e-44
1.4013e-44
1.54143e-44
1.68156e-44
1.96182e-44
2.10195e-44
2.10195e-44
1.96182e-44
1.68156e-44
1.4013e-44
9.80909e-45
5.60519e-45
1.4013e-45
-2.8026e-45
-7.00649e-45
-1.12104e-44
-1.4013e-44
-1.82169e-44
-2.10195e-44
-2.24208e-44
-2.24208e-44
-2.10195e-44
-1.96182e-44
-1.68156e-44
-1.4013e-44
-1.12104e-44
-8.40779e-45
-7.00649e-45
-5.60519e-45
-4.2039e-45
-1.4013e-45
0
0
-1.4013e-45
-4.2039e-45
-7.00649e-45
-1.12104e-44
-1.4013e-44
-1.68156e-44
-1.96182e-44
-2.24208e-44
-2.52234e-44
-2.8026e-44
-3.08286e-44
-3.08286e-44
-2.8026e-44
-2.24208e-44
-1.54143e-44
-8.40779e-45
-1.4013e-45
5.60519e-45
1.26117e-44
1.82169e-44
2.38221e-44
2.94273e-44
3.36312e-44
3.78351e-44
4.06377e-44
4.2039e-44
4.2039e-44
4.06377e-44
3.92364e-44
3.64338e-44
3.36312e-44
3.08286e-44
2.8026e-44
2.38221e-44
1.96182e-44
1.54143e-44
9.80909e-45
5.60519e-45
2.8026e-45
1.4013e-45
1.4013e-45
1.4013e-45
2.8026e-45
4.2039e-45
5.60519e-45
7.00649e-45
8.40779e-45
9.80909e-45
9.80909e-45
9.80909e-45
7.00649e-45
2.8026e-45
-2.8026e-45
-9.80909e-45
-1.54143e-44
-2.10195e-44
-2.66247e-44
-3.08286e-44
-3.36312e-44
-3.50325e-44
-3.64338e-44
-3.78351e-44
-4.06377e-44
-4.2039e-44
-4.2039e-44
-4.06377e-44
-3.78351e-44
-3.50325e-44
-3.08286e-44
-2.66247e-44
-2.10195e-44
-1.54143e-44
-9.80909e-45
-4.2039e-45
1.4013e-45
8.40779e-45
1.4013e-44
1.68156e-44
1.82169e-44
1.82169e-44
1.82169e-44
1.68156e-44
1.54143e-44
1.4013e-44
1.26117e-44
1.12104e-44
9.80909e-45
8.40779e-45
5.60519e-45
4.2039e-45
4.2039e-45
5.60519e-45
8.40779e-45
1.12104e-44
1.4013e-44
1.68156e-44
1.96182e-44
2.24208e-44
2.52234e-44
2.8026e-44
2.94273e-44
3.08286e-44
2.94273e-44
2.52234e-44
1.96182e-44
1.26117e-44
5.60519e-45
-1.4013e-45
-8.40779e-45
-1.54143e-44
-2.10195e-44
-2.66247e-44
-3.08286e-44
-3.36312e-44
-3.64338e-44
-3.78351e-44
-3.78351e-44
-3.64338e-44
-3.36312e-44
-3.08286e-44
-2.66247e-44
-2.10195e-44
-1.54143e-44
-9.80909e-45
-4.2039e-45
1.4013e-45
7.00649e-45
1.4013e-44
1.82169e-44
2.10195e-44
2.24208e-44
2.24208e-44
2.24208e-44
2.10195e-44
1.96182e-44
1.82169e-44
1.68156e-44
1.54143e-44
1.4013e-44
1.26117e-44
9.80909e-45
8.40779e-45
8.40779e-45
9.80909e-45
1.12104e-44
1.12104e-44
1.26117e-44
1.4013e-44
1.54143e-44
1.68156e-44
1.82169e-44
1.96182e-44
2.10195e-44
2.38221e-44
2.52234e-44
2.52234e-44
2.38221e-44
2.10195e-44
1.82169e-44
1.4013e-44
9.80909e-45
5.60519e-45
1.4013e-45
-2.8026e-45
-7.00649e-45
-1.12104e-44
-1.54143e-44
-1.82169e-44
-1.96182e-44
-1.96182e-44
-1.82169e-44
-1.68156e-44
-1.4013e-44
-1.12104e-44
-8.40779e-45
-7.00649e-45
-5.60519e-45
-4.2039e-45
-2.8026e-45
0
1.4013e-45
1.4013e-45
0
-2.8026e-45
-5.60519e-45
-9.80909e-45
-1.26117e-44
-1.4013e-44
-1.54143e-44
-1.68156e-44
-1.82169e-44
-1.96182e-44
-2.24208e-44
-2.38221e-44
-2.38221e-44
-2.24208e-44
-1.96182e-44
-1.68156e-44
-1.26117e-44
-8.40779e-45
-5.60519e-45
-2.8026e-45
0
2.8026e-45
5.60519e-45
9.80909e-45
1.12104e-44
9.80909e-45
7.00649e-45
2.8026e-45
-1.4013e-45
-7.00649e-45
-1.26117e-44
-1.68156e-44
-2.10195e-44
-2.52234e-44
-2.94273e-44
-3.22299e-44
-3.50325e-44
-3.50325e-44
-3.36312e-44
-3.08286e-44
-2.66247e-44
-2.10195e-44
-1.4013e-44
-7.00649e-45
-1.4013e-45
4.2039e-45
9.80909e-45
1.4013e-44
1.68156e-44
2.10195e-44
2.38221e-44
2.52234e-44
2.52234e-44
2.38221e-44
2.24208e-44
1.96182e-44
1.68156e-44
1.4013e-44
1.12104e-44
8.40779e-45
7.00649e-45
5.60519e-45
2.8026e-45
1.4013e-45
1.4013e-45
2.8026e-45
5.60519e-45
8.40779e-45
1.26117e-44
1.54143e-44
1.82169e-44
2.10195e-44
2.38221e-44
2.66247e-44
2.8026e-44
2.94273e-44
2.8026e-44
2.38221e-44
1.82169e-44
1.12104e-44
4.2039e-45
-2.8026e-45
-9.80909e-45
-1.54143e-44
-1.96182e-44
-2.38221e-44
-2.8026e-44
-3.08286e-44
-3.36312e-44
-3.36312e-44
-3.22299e-44
-2.94273e-44
-2.38221e-44
-1.82169e-44
-1.12104e-44
-4.2039e-45
1.4013e-45
7.00649e-45
1.26117e-44
1.68156e-44
2.10195e-44
2.66247e-44
2.94273e-44
2.94273e-44
2.66247e-44
2.10195e-44
1.54143e-44
8.40779e-45
2.8026e-45
-2.8026e-45
-8.40779e-45
-1.4013e-44
-1.82169e-44
-2.24208e-44
-2.8026e-44
-3.08286e-44
-3.08286e-44
-2.8026e-44
-2.24208e-44
-1.68156e-44
-9.80909e-45
-2.8026e-45
4.2039e-45
1.12104e-44
1.68156e-44
2.24208e-44
2.8026e-44
3.36312e-44
3.64338e-44
3.78351e-44
3.78351e-44
3.64338e-44
3.50325e-44
3.22299e-44
2.94273e-44
2.52234e-44
2.10195e-44
1.68156e-44
1.26117e-44
8.40779e-45
4.2039e-45
1.4013e-45
0
0
1.4013e-45
2.8026e-45
5.60519e-45
8.40779e-45
1.12104e-44
1.26117e-44
1.4013e-44
1.54143e-44
1.68156e-44
1.96182e-44
2.10195e-44
2.10195e-44
1.96182e-44
1.68156e-44
1.4013e-44
9.80909e-45
5.60519e-45
1.4013e-45
-2.8026e-45
-7.00649e-45
-1.12104e-44
-1.4013e-44
-1.82169e-44
-2.10195e-44
-2.24208e-44
-2.24208e-44
-2.10195e-44
-1.96182e-44
-1.68156e-44
-1.4013e-44
-1.12104e-44
-8.40779e-45
-7.00649e-45
-5.60519e-45
-4.2039e-45
-1.4013e-45
0
0
-1.4013e-45
-4.2039e-45
-7.00649e-45
-1.12104e-44
-1.4013e-44
-1.68156e-44
-1.96182e-44
-2.24208e-44
-2.52234e-44
-2.8026e-44
-3.08286e-44
-3.08286e-44
-2.8026e-44
-2.24208e-44
-1.54143e-44
-8.40779e-45
-1.4013e-45
5.60519e-45
1.26117e-44
1.82169e-44
2.38221e-44
2.94273e-44
3.36312e-44
3.78351e-44
4.06377e-44
4.2039e-44
4.2039e-44
4.06377e-44
3.92364e-44
3.64338e-44
3.36312e-44
3.08286e-44
2.8026e-44
2.38221e-44
1.96182e-44
1.54143e-44
9.80909e-45
5.60519e-45
2.8026e-45
1.4013e-45
1.4013e-45
1.4013e-45
2.8026e-45
4.2039e-45
5.60519e-45
7.00649e-45
8.40779e-45
9.80909e-45
9.80909e-45
9.80909e-45
7.00649e-45
2.8026e-45
-2.8026e-45
-9.80909e-45
-1.54143e-44
-2.10195e-44
-2.66247e-44
-3.08286e-44
-3.36312e-44
-3.50325e-44
-3.64338e-44
-3.78351e-44
-4.06377e-44
-4.2039e-44
-4.2039e-44
-4.06377e-44
-3.78351e-44
-3.50325e-44
-3.08286e-44
-2.66247e-44
-2.10195e-44
-1.54143e-44
-9.80909e-45
-4.2039e-45
1.4013e-45
8.40779e-45
1.4013e-44
1.68156e-44
1.82169e-44
1.82169e-44
1.82169e-44
1.68156e-44
1.54143e-44
1.4013e-44
1.26117e-44
1.12104e-44
9.80909e-45
8.40779e-45
5.60519e-45
4.2039e-45
4.2039e-45
5.60519e-45
8.40779e-45
1.12104e-44
1.4013e-44
1.68156e-44
1.96182e-44
2.24208e-44
2.52234e-44
2.8026e-44
2.94273e-44
3.08286e-44
2.94273e-44
2.52234e-44
1.96182e-44
1.26117e-44
5.60519e-45
-1.4013e-45
-8.40779e-45
-1.54143e-44
-2.10195e-44
-2.66247e-44
-3.08286e-44
-3.36312e-44
-3.64338e-44
-3.78351e-44
-3.78351e-44
-3.64338e-44
-3.36312e-44
-3.08286e-44
-2.66247e-44
-2.10195e-44
-1.54143e-44
-9.80909e-45
-4.2039e-45
1.4013e-45
7.00649e-45
1.4013e-44
1.82169e-44
2.10195e-44
2.24208e-44
2.24208e-44
2.24208e-44
2.10195e-44
1.96182e-44
1.82169e-44
1.68156e-44
1.54143e-44
1.4013e-44
1.26117e-44
9.80909e-45
8.40779e-45
8.40779e-45
9.80909e-45
1.12104e-44
1.12104e-44
1.26117e-44
1.4013e-44
1.54143e-44
1.68156e-44
1.82169e-44
1.96182e-44
2.10195e-44
2.38221e-44
2.52234e-44
2.52234e-44
2.38221e-44
2.10195e-44
1.82169e-44
1.4013e-44
9.80909e-45
5.60519e-45
1.4013e-45
-2.8026e-45
-7.00649e-45
-1.12104e-44
-1.54143e-44
-1.82169e-44
-1.96182e-44
-1.96182e-44
-1.82169e-44
-1.68156e-44
-1.4013e-44
-1.12104e-44
-8.40779e-45
-7.00649e-45
-5.60519e-45
-4.2039e-45
-2.8026e-45
0
1.4013e-45
1.4013e-45
0
-2.8026e-45
-5.60519e-45
-9.80909e-45
-1.26117e-44
-1.4013e-44
-1.54143e-44
-1.68156e-44
-1.82169e-44
-1.96182e-44
-2.24208e-44
-2.38221e-44
-2.38221e-44
-2.24208e-44
-1.96182e-44
-1.68156e-44
-1.26117e-44
-8.40779e-45
-5.60519e-45
-2.8026e-45
0
2.8026e-45
5.60519e-45
9.80909e-45
1.12104e-44
9.80909e-45
7.00649e-45
2.8026e-45
-1.4013e-45
-7.00649e-45
-1.26117e-44
-1.68156e-44
-2.10195e-44
-2.52234e-44
-2.94273e-44
-3.22299e-44
-3.50325e-44
-3.50325e-44
-3.36312e-44
-3.08286e-44
-2.66247e-44
-2.10195e-44
-1.4013e-44
-7.00649e-45
-1.4013e-45
4.2039e-45
9.80909e-45
1.4013e-44
1.68156e-44
2.10195e-44
2.38221e-44
2.52234e-44
2.52234e-44
2.38221e-44
2.24208e-44
1.96182e-44
1.68156e-44
1.4013e-44
1.12104e-44
8.40779e-45
7.00649e-45
5.60519e-45
2.8026e-45
1.4013e-45
1.4013e-45
2.8026e-45
5.60519e-45
8.40779e-45
1.26117e-44
1.54143e-44
1.82169e-44
2.10195e-44
2.38221e-44
2.66247e-44
2.8026e-44
2.94273e-44
2.8026e-44
2.38221e-44
1.82169e-44
1.12104e-44
4.2039e-45
-2.8026e-45
-9.80909e-45
-1.54143e-44
-1.96182e-44
-2.38221e-44
-2.8026e-44
-3.08286e-44
-3.36312e-44
-3.36312e-44
-3.22299e-44
-2.94273e-44
-2.38221e-44
-1.82169e-44
-1.12104e-44
-4.2039e-45
1.4013e-45
7.00649e-45
1.26117e-44
1.68156e-44
2.10195e-44
2.66247e-44
2.94273e-44
2.94273e-44
2.66247e-44
2.10195e-44
1.54143e-44
8.40779e-45
2.8026e-45
-2.8026e-45
-8.40779e-45
-1.4013e-44
-1.82169e-44
-2.24208e-44
-2.8026e-44
-3.08286e-44
-3.08286e-44
-2.8026e-44
-2.24208e-44
-1.68156e-44
-9.80909e-45
-2.8026e-45
4.2039e-45
1.12104e-44
1.68156e-44
2.24208e-44
2.8026e-44
3.36312e-44
3.64338e-44
3.78351e-44
3.78351e-44
3.64338e-44
3.50325e-44
3.22299e-44
2.94273e-44
2.52234e-44
2.10195e-44
1.68156e-44
1.26117e-44
8.40779e-45
4.2039e-45
1.4013e-45
0
0
1.4013e-45
2.8026e-45
5.60519e-45
8.40779e-45
1.12104e-44
1.26117e-44
1.4013e-44
1.54143e-44
1.68156e-44
1.96182e-44
2.10195e-44
2.10195e-44
1.96182e-44
1.68156e-44
1.4013e-44
9.80909e-45
5.60519e-45
1.4013e-45
-2.8026e-45
-7.00649e-45
-1.12104e-44
-1.4013e-44
-1.82169e-44
-2.10195e-44
-2.24208e-44
-2.24208e-44
-2.10195e-44
-1.96182e-44
-1.68156e-44
-1.4013e-44
-1.12104e-44
-8.40779e-45
-7.00649e-45
-5.60519e-45
-4.2039e-45
-1.4013e-45
0
0
-1.4013e-45
-4.2039e-45
-7.00649e-45
-1.12104e-44
-1.4013e-44
-1.68156e-44
-1.96182e-44
-2.24208e-44
-2.52234e-44
-2.8026e-44
-3.08286e-44
-3.08286e-44
-2.8026e-44
-2.24208e-44
-1.54143e-44
-8.40779e-45
-1.4013e-45
5.60519e-45
1.26117e-44
1.82169e-44
2.38221e-44
2.94273e-44
3.36312e-44
3.78351e-44
4.06377e-44
4.2039e-44
4.2039e-44
4.06377e-44
3.92364e-44
3.64338e-44
3.36312e-44
3.08286e-44
2.8026e-44
2.38221e-44
1.96182e-44
1.54143e-44
9.80909e-45
5.60519e-45
2.8026e-45
1.4013e-45
1.4013e-45
1.4013e-45
2.8026e-45
4.2039e-45
5.60519e-45
7.00649e-45
8.40779e-45
9.80909e-45
9.80909e-45
9.80909e-45
7.00649e-45
2.8026e-45
-2.8026e-45
-9.80909e-45
-1.54143e-44
-2.10195e-44
-2.66247e-44
-3.08286e-44
-3.36312e-44
-3.50325e-44
-3.64338e-44
-3.78351e-44
-4.06377e-44
-4.2039e-44
-4.2039e-44
-4.06377e-44
-3.78351e-44
-3.50325e-44
-3.08286e-44
-2.66247e-44
-2.10195e-44
-1.54143e-44
-9.80909e-45
-4.2039e-45
1.4013e-45
8.40779e-45
1.4013e-44
1.68156e-44
1.82169e-44
1.82169e-44
1.82169e-44
1.68156e-44
1.54143e-44
1.4013e-44
1.26117e-44
1.12104e-44
9.80909e-45
8.40779e-45
5.60519e-45
4.2039e-45
4.2039e-45
5.60519e-45
8.40779e-45
1.12104e-44
1.4013e-44
1.68156e-44
1.96182e-44
2.24208e-44
2.52234e-44
2.8026e-44
2.94273e-44
3.08286e-44
2.94273e-44
2.52234e-44
1.96182e-44
1.26117e-44
5.60519e-45
-1.4013e-45
-8.40779e-45
-1.54143e-44
-2.10195e-44
-2.66247e-44
-3.08286e-44
-3.36312e-44
-3.64338e-44
-3.78351e-44
-3.78351e-44
-3.64338e-44
-3.36312e-44
-3.08286e-44
-2.66247e-44
-2.10195e-44
-1.54143e-44
-9.80909e-45
-4.2039e-45
1.4013e-45
7.00649e-45
1.4013e-44
1.82169e-44
2.10195e-44
2.24208e-44
2.24208e-44
2.24208e-44
2.10195e-44
1.96182e-44
1.82169e-44
1.68156e-44
1.54143e-44
1.4013e-44
1.26117e-44
9.80909e-45
8.40779e-45
8.40779e-45
9.80909e-45
1.12104e-44
1.12104e-44
1.26117e-44
1.4013e-44
1.54143e-44
1.68156e-44
1.82169e-44
1.96182e-44
2.10195e-44
2.38221e-44
2.52234e-44
2.52234e-44
2.38221e-44
2.10195e-44
1.82169e-44
1.4013e-44
9.80909e-45
5.60519e-45
1.4013e-45
-2.8026e-45
-7.00649e-45
-1.12104e-44
-1.54143e-44
-1.82169e-44
-1.96182e-44
-1.96182e-44
-1.82169e-44
-1.68156e-44
-1.4013e-44
-1.12104e-44
-8.40779e-45
-7.00649e-45
-5.60519e-45
-4.2039e-45
-2.8026e-45
0
1.4013e-45
1.4013e-45
0
-2.8026e-45
-5.60519e-45
-9.80909e-45
-1.26117e-44
-1.4013e-44
-1.54143e-44
-1.68156e-44
-1.82169e-44
-1.96182e-44
-2.24208e-44
-2.38221e-44
-2.38221e-44
-2.24208e-44
-1.96182e-44
-1.68156e-44
-1.26117e-44
-8.40779e-45
-5.60519e-45
-2.8026e-45
0
2.8026e-45
5.60519e-45
9.80909e-45
1.12104e-44
9.80909e-45
7.00649e-45
2.8026e-45
-1.4013e-45
-7.00649e-45
-1.26117e-44
-1.68156e-44
-2.10195e-44
-2.52234e-44
-2.94273e-44
-3.22299e-44
-3.50325e-44
-3.50325e-44
-3.36312e-44
-3.08286e-44
-2.66247e-44
-2.10195e-44
-1.4013e-44
-7.00649e-45
-1.4013e-45
4.2039e-45
9.80909e-45
1.4013e-44
1.68156e-44
2.10195e-44
2.38221e-44
2.52234e-44
2.52234e-44
2.38221e-44
2.24208e-44
1.96182e-44
1.68156e-44
1.4013e-44
1.12104e-44
8.40779e-45
7.00649e-45
5.60519e-45
2.8026e-45
1.4013e-45
1.4013e-45
2.8026e-45
5.60519e-45
8.40779e-45
1.26117e-44
1.54143e-44
1.82169e-44
2.10195e-44
2.38221e-44
2.66247e-44
2.8026e-44
2.94273e-44
2.8026e-44
2.38221e-44
1.82169e-44
1.12104e-44
4.2039e-45
-2.8026e-45
-9.80909e-45
-1.54143e-44
-1.96182e-44
-2.38221e-44
-2.8026e-44
-3.08286e-44
-3.36312e-44
-3.36312e-44
-3.22299e-44
-2.94273e-44
-2.38221e-44
-1.82169e-44
-1.12104e-44
-4.2039e-45
1.4013e-45
7.00649e-45
1.26117e-44
1.68156e-44
2.10195e-44
2.66247e-44
2.94273e-44
2.94273e-44
2.66247e-44
2.10195e-44
1.54143e-44
8.40779e-45
2.8026e-45
-2.8026e-45
-8.40779e-45
-1.4013e-44
-1.82169e-44
-2.24208e-44
-2.8026e-44
-3.08286e-44
-3.08286e-44
-2.8026e-44
-2.24208e-44
-1.68156e-44
-9.80909e-45
-2.8026e-45
4.2039e-45
1.12104e-44
1.68156e-44
2.24208e-44
2.8026e-44
3.36312e-44
3.64338e-44
3.78351e-44
3.78351e-44
3.64338e-44
3.50325e-44
3.22299e-44
2.94273e-44
2.52234e-44
2.10195e-44
1.68156e-44
1.26117e-44
8.40779e-45
4.2039e-45
1.4013e-45
0
0
1.4013e-45
2.8026e-45
5.60519e-45
8.40779e-45
1.12104e-44
1.26117e-44
1.4013e-44
1.54143e-44
1.68156e-44
1.96182e-44
2.10195e-44
2.10195e-44
1.96182e-44
1.68156e-44
1.4013e-44
9.80909e-45
5.60519e-45
1.4013e-45
-2.8026e-45
-7.00649e-45
-1.12104e-44
-1.4013e-44
-1.82169e-44
-2.10195e-44
-2.24208e-44
-2.24208e-44
-2.10195e-44
-1.96182e-44
-1.68156e-44
-1.4013e-44
-1.12104e-44
-8.40779e-45
-7.00649e-45
-5.60519e-45
-4.2039e-45
-1.4013e-45
0
0
-1.4013e-45
-4.2039e-45
-7.00649e-45
-1.12104e-44
-1.4013e-44
-1.68156e-44
-1.96182e-44
-2.24208e-44
-2.52234e-44
-2.8026e-44
-3.08286e-44
-3.08286e-44
-2.8026e-44
-2.24208e-44
-1.54143e-44
-8.40779e-45
-1.4013e-45
5.60519e-45
1.26117e-44
1.82169e-44
2.38221e-44
2.94273e-44
3.36312e-44
3.78351e-44
4.06377e-44
4.2039e-44
4.2039e-44
4.06377e-44
3.92364e-44
3.64338e-44
3.36312e-44
3.08286e-44
2.8026e-44
2.38221e-44
1.96182e-44
1.54143e-44
9.80909e-45
5.60519e-45
2.8026e-45
1.4013e-45
1.4013e-45
1.4013e-45
2.8026e-45
4.2039e-45
5.60519e-45
7.00649e-45
8.40779e-45
9.80909e-45
9.80909e-45
9.80909e-45
7.00649e-45
2.8026e-45
-2.8026e-45
-9.80909e-45
-1.54143e-44
-2.10195e-44
-2.66247e-44
-3.08286e-44
-3.36312e-44
-3.50325e-44
-3.64338e-44
-3.78351e-44
-4.06377e-44
-4.2039e-44
-4.2039e-44
-4.06377e-44
-3.78351e-44
-3.50325e-44
-3.08286e-44
-2.66247e-44
-2.10195e-44
-1.54143e-44
-9.80909e-45
-4.2039e-45
1.4013e-45
8.40779e-45
1.4013e-44
1.68156e-44
1.82169e-44
1.82169e-44
1.82169e-44
1.68156e-44
1.54143e-44
1.4013e-44
1.26117e-44
1.12104e-44
9.80909e-45
8.40779e-45
5.60519e-45
4.2039e-45
4.2039e-45
5.60519e-45
8.40779e-45
1.12104e-44
1.4013e-44
1.68156e-44
1.96182e-44
2.24208e-44
2.52234e-44
2.8026e-44
2.94273e-44
3.08286e-44
2.94273e-44
2.52234e-44
1.96182e-44
1.26117e-44
5.60519e-45
-1.4013e-45
-8.40779e-45
-1.54143e-44
-2.10195e-44
-2.66247e-44
-3.08286e-44
-3.36312e-44
-3.64338e-44
-3.78351e-44
-3.78351e-44
-3.64338e-44
-3.36312e-44
-3.08286e-44
-2.66247e-44
-2.10195e-44
-1.54143e-44
-9.80909e-45
-4.2039e-45
1.4013e-45
7.00649e-45
1.4013e-44
1.82169e-44
2.10195e-44
2.24208e-44
2.24208e-44
2.24208e-44
2.10195e-44
1.96182e-44
1.82169e-44
1.68156e-44
1.54143e-44
1.4013e-44
1.26117e-44
9.80909e-45
8.40779e-45
8.40779e-45
9.80909e-45
1.12104e-44
1.12104e-44
1.26117e-44
1.4013e-44
1.54143e-44
1.68156e-44
1.82169e-44
1.96182e-44
2.10195e-44
2.38221e-44
2.52234e-44
2.52234e-44
2.38221e-44
2.10195e-44
1.82169e-44
1.4013e-44
9.80909e-45
5.60519e-45
1.4013e-45
-2.8026e-45
-7.00649e-45
-1.12104e-44
-1.54143e-44
-1.82169e-44
-1.96182e-44
-1.96182e-44
-1.82169e-44
-1.68156e-44
-1.4013e-44
-1.12104e-44
-8.40779e-45
-7.00649e-45
-5.60519e-45
-4.2039e-45
-2.8026e-45
0
1.4013e-45
1.4013e-45
0
-2.8026e-45
-5.60519e-45
-9.80909e-45
-1.26117e-44
-1.4013e-44
-1.54143e-44
-1.68156e-44
-1.82169e-44
-1.96182e-44
-2.24208e-44
-2.38221e-44
-2.38221e-44
-2.24208e-44
-1.96182e-44
-1.68156e-44
-1.26117e-44
-8.40779e-45
-5.60519e-45
-2.8026e-45
0
2.8026e-45
5.60519e-45
9.80909e-45
1.12104e-44
9.80909e-45
7.00649e-45
2.8026e-45
-1.4013e-45
-7.00649e-45
-1.26117e-44
-1.68156e-44
-2.10195e-44
-2.52234e-44
-2.94273e-44
-3.22299e-44
-3.50325e-44
-3.50325e-44
-3.36312e-44
-3.08286e-44
-2.66247e-44
-2.10195e-44
-1.4013e-44
-7.00649e-45
-1.4013e-45
4.2039e-45
9.80909e-45
1.4013e-44
1.68156e-44
2.10195e-44
2.38221e-44
2.52234e-44
2.52234e-44
2.38221e-44
2.24208e-44
1.96182e-44
1.68156e-44
1.4013e-44
1.12104e-44
8.40779e-45
7.00649e-45
5.60519e-45
2.8026e-45
1.4013e-45
1.4013e-45
2.8026e-45
5.60519e-45
8.40779e-45
1.26117e-44
1.54143e-44
1.82169e-44
2.10195e-44
2.38221e-44
2.66247e-44
2.8026e-44
2.94273e-44
2.8026e-44
2.38221e-44
1.82169e-44
1.12104e-44
4.2039e-45
-2.8026e-45
-9.80909e-45
-1.54143e-44
-1.96182e-44
-2.38221e-44
-2.8026e-44
-3.08286e-44
-3.36312e-44
-3.36312e-44
-3.22299e-44
-2.94273e-44
-2.38221e-44
-1.82169e-44
-1.12104e-44
-4.2039e-45
1.4013e-45
7.00649e-45
1.26117e-44
1.68156e-44
2.10195e-44
2.66247e-44
2.94273e-44
2.94273e-44
2.66247e-44
2.10195e-44
1.54143e-44
8.40779e-45
2.8026e-45
-2.8026e-45
-8.40779e-45
-1.4013e-44
-1.82169e-44
-2.24208e-44
-2.8026e-44
-3.08286e-44
-3.08286e-44
-2.8026e-44
-2.24208e-44
-1.68156e-44
-9.80909e-45
-2.8026e-45
4.2039e-45
1.12104e-44
1.68156e-44
2.24208e-44
2.8026e-44
3.36312e-44
3.64338e-44
3.78351e-44
3.78351e-44
3.64338e-44
3.50325e-44
3.22299e-44
2.94273e-44
2.52234e-44
2.10195e-44
1.68156e-44
1.26117e-44
8.40779e-45
4.2039e-45
1.4013e-45
0
0
1.4013e-45
2.8026e-45
5.60519e-45
8.40779e-45
1.12104e-44
1.26117e-44
1.4013e-44
1.54143e-44
1.68156e-44
1.96182e-44
2.10195e-44
2.10195e-44
1.96182e-44
1.68156e-44
1.4013e-44
9.80909e-45
5.60519e-45
1.4013e-45
-2.8026e-45
-7.00649e-45
-1.12104e-44
-1.4013e-44
-1.82169e-44
-2.10195e-44
-2.24208e-44
-2.24208e-44
-2.10195e-44
-1.96182e-44
-1.68156e-44
-1.4013e-44
-1.12104e-44
-8.40779e-45
-7.00649e-45
-5.60519e-45
-4.2039e-45
-1.4013e-45
0
0
-1.4013e-45
-4.2039e-45
-7.00649e-45
-1.12104e-44
-1.4013e-44
-1.68156e-44
-1.96182e-44
-2.24208e-44
-2.52234e-44
-2.8026e-44
-3.08286e-44
-3.08286e-44
-2.8026e-44
-2.24208e-44
-1.54143e-44
-8.40779e-45
-1.4013e-45
5.60519e-45
1.26117e-44
1.82169e-44
2.38221e-44
2.94273e-44
3.36312e-44
3.78351e-44
4.06377e-44
4.2039e-44
4.2039e-44
4.06377e-44
3.92364e-44
3.64338e-44
3.36312e-44
3.08286e-44
2.8026e-44
2.38221e-44
1.96182e-44
1.54143e-44
9.80909e-45
5.60519e-45
2.8026e-45
1.4013e-45
1.4013e-45
1.4013e-45
2.8026e-45
4.2039e-45
5.60519e-45
7.00649e-45
8.40779e-45
9.80909e-45
9.80909e-45
9.80909e-45
7.00649e-45
2.8026e-45
-2.8026e-45
-9.80909e-45
-1.54143e-44
-2.10195e-44
-2.66247e-44
-3.08286e-44
-3.36312e-44
-3.50325e-44
-3.64338e-44
-3.78351e-44
-4.06377e-44
-4.2039e-44
-4.2039e-44
-4.06377e-44
-3.78351e-44
-3.50325e-44
-3.08286e-44
-2.66247e-44
-2.10195e-44
-1.54143e-44
-9.80909e-45
-4.2039e-45
1.4013e-45
8.40779e-45
1.4013e-44
1.68156e-44
1.82169e-44
1.82169e-44
1.82169e-44
1.68156e-44
1.54143e-44
1.4013e-44
1.26117e-44
1.12104e-44
9.80909e-45
8.40779e-45
5.60519e-45
4.2039e-45
4.2039e-45
5.60519e-45
8.40779e-45
1.12104e-44
1.4013e-44
1.68156e-44
1.96182e-44
2.24208e-44
2.52234e-44
2.8026e-44
2.94273e-44
3.08286e-44
2.94273e-44
2.52234e-44
1.96182e-44
1.26117e-44
5.60519e-45
-1.4013e-45
-8.40779e-45
-1.54143e-44
-2.10195e-44
-2.66247e-44
-3.08286e-44
-3.36312e-44
-3.64338e-44
-3.78351e-44
-3.78351e-44
-3.64338e-44
-3.36312e-44
-3.08286e-44
-2.66247e-44
-2.10195e-44
-1.54143e-44
-9.80909e-45
-4.2039e-45
1.4013e-45
7.00649e-45
1.4013e-44
1.82169e-44
2.10195e-44
2.24208e-44
2.24208e-44
2.24208e-44
2.10195e-44
1.96182e-44
1.82169e-44
1.68156e-44
1.54143e-44
1.4013e-44
1.26117e-44
9.80909e-45
8.40779e-45
8.40779e-45
9.80909e-45
1.12104e-44
1.12104e-44
1.26117e-44
1.4013e-44
1.54143e-44
1.68156e-44
1.82169e-44
1.96182e-44
2.10195e-44
2.38221e-44
2.52234e-44
2.52234e-44
2.38221e-44
2.10195e-44
1.82169e-44
1.4013e-44
9.80909e-45
5.60519e-45
1.4013e-45
-2.8026e-45
-7.00649e-45
-1.12104e-44
-1.54143e-44
-1.82169e-44
-1.96182e-44
-1.96182e-44
-1.82169e-44
-1.68156e-44
-1.4013e-44
-1.12104e-44
-8.40779e-45
-7.00649e-45
-5.60519e-45
-4.2039e-45
-2.8026e-45
0
1.4013e-45
1.4013e-45
0
-2.8026e-45
-5.60519e-45
-9.80909e-45
-1.26117e-44
-1.4013e-44
-1.54143e-44
-1.68156e-44
-1.82169e-44
-1.96182e-44
-2.24208e-44
-2.38221e-44
-2.38221e-44
-2.24208e-44
-1.96182e-44
-1.68156e-44
-1.26117e-44
-8.40779e-45
-5.60519e-45
-2.8026e-45
0
2.8026e-45
5.60519e-45
9.80909e-45
1.12104e-44
9.80909e-45
7.00649e-45
2.8026e-45
-1.4013e-45
-7.00649e-45
-1.26117e-44
-1.68156e-44
-2.10195e-44
-2.52234e-44
-2.94273e-44
-3.22299e-44
-3.50325e-44
-3.50325e-44
-3.36312e-44
-3.08286e-44
-2.66247e-44
-2.10195e-44
-1.4013e-44
-7.00649e-45
-1.4013e-45
4.2039e-45
9.80909e-45
1.4013e-44
1.68156e-44
2.10195e-44
2.38221e-44
2.52234e-44
2.52234e-44
2.38221e-44
2.24208e-44
1.96182e-44
1.68156e-44
1.4013e-44
1.12104e-44
8.40779e-45
7.00649e-45
5.60519e-45
2.8026e-45
1.4013e-45
1.4013e-45
2.8026e-45
5.60519e-45
8.40779e-45
1.26117e-44
1.54143e-44
1.82169e-44
2.10195e-44
2.38221e-44
2.66247e-44
2.8026e-44
2.94273e-44
2.8026e-44
2.38221e-44
1.82169e-44
1.12104e-44
4.2039e-45
-2.8026e-45
-9.80909e-45
-1.54143e-44
-1.96182e-44
-2.38221e-44
-2.8026e-44
-3.08286e-44
-3.36312e-44
-3.36312e-44
-3.22299e-44
-2.94273e-44
-2.38221e-44
-1.82169e-44
-1.12104e-44
-4.2039e-45
1.4013e-45
7.00649e-45
1.26117e-44
1.68156e-44
2.10195e-44
2.66247e-44
2.94273e-44
2.94273e-44
2.66247e-44
2.10195e-44
1.54143e-44
8.40779e-45
2.8026e-45
-2.8026e-45
-8.40779e-45
-1.4013e-44
-1.82169e-44
-2.24208e-44
-2.8026e-44
-3.08286e-44
-3.08286e-44
-2.8026e-44
-2.24208e-44
-1.68156e-44
-9.80909e-45
-2.8026e-45
4.2039e-45
1.12104e-44
1.68156e-44
2.24208e-44
2.8026e-44
3.36312e-44
3.64338e-44
3.78351e-44
3.78351e-44
3.64338e-44
3.50325e-44
3.22299e-44
2.94273e-44
2.52234e-44
2.10195e-44
1.68156e-44
1.26117e-44
8.40779e-45
4.2039e-45
1.4013e-45
0
0
1.4013e-45
2.8026e-45
5.60519e-45
8.40779e-45
1.12104e-44
1.26117e-44
1.4013e-44
1.54143e-44
1.68156e-44
1.96182e-44
2.10195e-44
2.10195e-44
1.96182e-44
1.68156e-44
1.4013e-44
9.80909e-45
5.60519e-45
1.4013e-45
-2.8026e-45
-7.00649e-45
-1.12104e-44
-1.4013e-44
-1.82169e-44
-2.10195e-44
-2.24208e-44
-2.24208e-44
-2.10195e-44
-1.96182e-44
-1.68156e-44
-1.4013e-44
-1.12104e-44
-8.40779e-45
-7.00649e-45
-5.60519e-45
-4.2039e-45
-1.4013e-45
0
0
-1.4013e-45
-4.2039e-45
-7.00649e-45
-1.12104e-44
-1.4013e-44
-1.68156e-44
-1.96182e-44
-2.24208e-44
-2.52234e-44
-2.8026e-44
-3.08286e-44
-3.08286e-44
-2.8026e-44
-2.24208e-44
-1.54143e-44
-8.40779e-45
-1.4013e-45
5.60519e-45
1.26117e-44
1.82169e-44
2.38221e-44
2.94273e-44
3.36312e-44
3.78351e-44
4.06377e-44
4.2039e-44
4.2039e-44
4.06377e-44
3.92364e-44
3.64338e-44
3.36312e-44
3.08286e-44
2.8026e-44
2.38221e-44
1.96182e-44
1.54143e-44
9.80909e-45
5.60519e-45
2.8026e-45
1.4013e-45
1.4013e-45
1.4013e-45
2.8026e-45
4.2039e-45
5.60519e-45
7.00649e-45
8.40779e-45
9.80909e-45
9.80909e-45
9.80909e-45
7.00649e-45
2.8026e-45
-2.8026e-45
-9.80909e-45
-1.54143e-44
-2.10195e-44
-2.66247e-44
-3.08286e-44
-3.36312e-44
-3.50325e-44
-3.64338e-44
-3.78351e-44
-4.06377e-44
-4.2039e-44
-4.2039e-44
-4.06377e-44
-3.78351e-44
-3.50325e-44
-3.08286e-44
-2.66247e-44
-2.10195e-44
-1.54143e-44
-9.80909e-45
-4.2039e-45
1.4013e-45
8.40779e-45
1.4013e-44
1.68156e-44
1.82169e-44
1.82169e-44
1.82169e-44
1.68156e-44
1.54143e-44
1.4013e-44
1.26117e-44
1.12104e-44
9.80909e-45
8.40779e-45
5.60519e-45
4.2039e-45
4.2039e-45
5.60519e-45
8.40779e-45
1.12104e-44
1.4013e-44
1.68156e-44
1.96182e-44
2.24208e-44
2.52234e-44
2.8026e-44
2.94273e-44
3.08286e-44
2.94273e-44
2.52234e-44
1.96182e-44
1.26117e-44
5.60519e-45
-1.4013e-45
-8.40779e-45
-1.54143e-44
-2.10195e-44
-2.66247e-44
-3.08286e-44
-3.36312e-44
-3.64338e-44
-3.78351e-44
-3.78351e-44
-3.64338e-44
-3.36312e-44
-3.08286e-44
-2.66247e-44
-2.10195e-44
-1.54143e-44
-9.80909e-45
-4.2039e-45
1.4013e-45
7.00649e-45
1.4013e-44
1.82169e-44
2.10195e-44
2.24208e-44
2.24208e-44
2.24208e-44
2.10195e-44
1.96182e-44
1.82169e-44
1.68156e-44
1.54143e-44
1.4013e-44
1.26117e-44
9.80909e-45
8.40779e-45
8.40779e-45
9.80909e-45
1.12104e-44
1.12104e-44
1.26117e-44
1.4013e-44
1.54143e-44
1.68156e-44
1.82169e-44
1.96182e-44
2.10195e-44
2.38221e-44
2.52234e-44
2.52234e-44
2.38221e-44
2.10195e-44
1.82169e-44
1.4013e-44
9.80909e-45
5.60519e-45
1.4013e-45
-2.8026e-45
-7.00649e-45
-1.12104e-44
-1.54143e-44
-1.82169e-44
-1.96182e-44
-1.96182e-44
-1.82169e-44
-1.68156e-44
-1.4013e-44
-1.12104e-44
-8.40779e-45
-7.00649e-45
-5.60519e-45
-4.2039e-45
-2.8026e-45
0
1.4013e-45
1.4013e-45
0
-2.8026e-45
-5.60519e-45
-9.80909e-45
-1.26117e-44
-1.4013e-44
-1.54143e-44
-1.68156e-44
-1.82169e-44
-1.96182e-44
-2.24208e-44
-2.38221e-44
-2.38221e-44
-2.24208e-44
-1.96182e-44
-1.68156e-44
-1.26117e-44
-8.40779e-45
-5.60519e-45
-2.8026e-45
0
2.8026e-45
5.60519e-45
9.80909e-45
1.12104e-44
9.80909e-45
7.00649e-45
2.8026e-45
-1.4013e-45
-7.00649e-45
-1.26117e-44
-1.68156e-44
-2.10195e-44
-2.52234e-44
-2.94273e-44
-3.22299e-44
-3.50325e-44
-3.50325e-44
-3.36312e-44
-3.08286e-44
-2.66247e-44
-2.10195e-44
-1.4013e-44
-7.00649e-45
-1.4013e-45
4.2039e-45
9.80909e-45
1.4013e-44
1.68156e-44
2.10195e-44
2.38221e-44
2.52234e-44
2.52234e-44
2.38221e-44
2.24208e-44
1.96182e-44
1.68156e-44
1.4013e-44
1.12104e-44
8.40779e-45
7.00649e-45
5.60519e-45
2.8026e-45
1.4013e-45
1.4013e-45
2.8026e-45
5.60519e-45
8.40779e-45
1.26117e-44
1.54143e-44
1.82169e-44
2.10195e-44
2.38221e-44
2.66247e-44
2.8026e-44
2.94273e-44
2.8026e-44
2.38221e-44
1.82169e-44
1.12104e-44
4.2039e-45
-2.8026e-45
-9.80909e-45
-1.54143e-44
-1.96182e-44
-2.38221e-44
-2.8026e-44
-3.08286e-44
-3.36312e-44
-3.36312e-44
-3.22299e-44
-2.94273e-44
-2.38221e-44
-1.82169e-44
-1.12104e-44
-4.2039e-45
1.4013e-45
7.00649e-45
1.26117e-44
1.68156e-44
2.10195e-44
2.66247e-44
2.94273e-44
2.94273e-44
2.66247e-44
2.10195e-44
1.54143e-44
8.40779e-45
2.8026e-45
-2.8026e-45
-8.40779e-45
-1.4013e-44
-1.82169e-44
-2.24208e-44
-2.8026e-44
-3.08286e-44
-3.08286e-44
-2.8026e-44
-2.24208e-44
-1.68156e-44
-9.80909e-45
-2.8026e-45
4.2039e-45
1.12104e-44
1.68156e-44
2.24208e-44
2.8026e-44
3.36312e-44
3.64338e-44
3.78351e-44
3.78351e-44
3.64338e-44
3.50325e-44
3.22299e-44
2.94273e-44
2.52234e-44
2.10195e-44
1.68156e-44
1.26117e-44
8.40779e-45
4.2039e-45
1.4013e-45
0
0
1.4013e-45
2.8026e-45
5.60519e-45
8.40779e-45
1.12104e-44
1.26117e-44
1.4013e-44
1.54143e-44
1.68156e-44
1.96182e-44
2.10195e-44
2.10195e-44
1.96182e-44
1.68156e-44
1.4013e-44
9.80909e-45
5.60519e-45
1.4013e-45
-2.8026e-45
-7.00649e-45
-1.12104e-44
-1.4013e-44
-1.82169e-44
-2.10195e-44
-2.24208e-44
-2.24208e-44
-2.10195e-44
-1.96182e-44
-1.68156e-44
-1.4013e-44
-1.12104e-44
-8.40779e-45
-7.00649e-45
-5.60519e-45
-4.2039e-45
-1.4013e-45
0
0
-1.4013e-45
-4.2039e-45
-7.00649e-45
-1.12104e-44
-1.4013e-44
-1.68156e-44
-1.96182e-44
-2.24208e-44
-2.52234e-44
-2.8026e-44
-3.08286e-44
-3.08286e-44
-2.8026e-44
-2.24208e-44
-1.54143e-44
-8.40779e-45
-1.4013e-45
5.60519e-45
1.26117e-44
1.82169e-44
2.38221e-44
2.94273e-44
3.36312e-44
3.78351e-44
4.06377e-44
4.2039e-44
4.2039e-44
4.06377e-44
3.92364e-44
3.64338e-44
3.36312e-44
3.08286e-44
2.8026e-44
2.38221e-44
1.96182e-44
1.54143e-44
9.80909e-45
5.60519e-45
2.8026e-45
1.4013e-45
1.4013e-45
1.4013e-45
2.8026e-45
4.2039e-45
5.60519e-45
7.00649e-45
8.40779e-45
9.80909e-45
9.80909e-45
9.80909e-45
7.00649e-45
2.8026e-45
-2.8026e-45
-9.80909e-45
-1.54143e-44
-2.10195e-44
-2.66247e-44
-3.08286e-44
-3.36312e-44
-3.50325e-44
-3.64338e-44
-3.78351e-44
-4.06377e-44
-4.2039e-44
-4.2039e-44
-4.06377e-44
-3.78351e-44
-3.50325e-44
-3.08286e-44
-2.66247e-44
-2.10195e-44
-1.54143e-44
-9.80909e-45
-4.2039e-45
1.4013e-45
8.40779e-45
1.4013e-44
1.68156e-44
1.82169e-44
1.82169e-44
1.82169e-44
1.68156e-44
1.54143e-44
1.4013e-44
1.26117e-44
1.12104e-44
9.80909e-45
8.40779e-45
5.60519e-45
4.2039e-45
4.2039e-45
5.60519e-45
8.40779e-45
1.12104e-44
1.4013e-44
1.68156e-44
1.96182e-44
2.24208e-44
2.52234e-44
2.8026e-44
2.94273e-44
3.08286e-44
2.94273e-44
2.52234e-44
1.96182e-44
1.26117e-44
5.60519e-45
-1.4013e-45
-8.40779e-45
-1.54143e-44
-2.10195e-44
-2.66247e-44
-3.08286e-44
-3.36312e-44
-3.64338e-44
-3.78351e-44
-3.78351e-44
-3.64338e-44
-3.36312e-44
-3.08286e-44
-2.66247e-44
-2.10195e-44
-1.54143e-44
-9.80909e-45
-4.2039e-45
1.4013e-45
7.00649e-45
1.4013e-44
1.82169e-44
2.10195e-44
2.24208e-44
2.24208e-44
2.24208e-44
2.10195e-44
1.96182e-44
1.82169e-44
1.68156e-44
1.54143e-44
1.4013e-44
1.26117e-44
9.80909e-45
8.40779e-45
8.40779e-45
9.80909e-45
1.12104e-44
1.12104e-44
1.26117e-44
1.4013e-44
1.54143e-44
1.68156e-44
1.82169e-44
1.96182e-44
2.10195e-44
2.38221e-44
2.52234e-44
2.52234e-44
2.38221e-44
2.10195e-44
1.82169e-44
1.4013e-44
9.80909e-45
5.60519e-45
1.4013e-45
-2.8026e-45
-7.00649e-45
-1.12104e-44
-1.54143e-44
-1.82169e-44
-1.96182e-44
-1.96182e-44
-1.82169e-44
-1.68156e-44
-1.4013e-44
-1.12104e-44
-8.40779e-45
-7.00649e-45
-5.60519e-45
-4.2039e-45
-2.8026e-45
0
1.4013e-45
1.4013e-45
0
-2.8026e-45
-5.60519e-45
-9.80909e-45
-1.26117e-44
-1.4013e-44
-1.54143e-44
-1.68156e-44
-1.82169e-44
-1.96182e-44
-2.24208e-44
-2.38221e-44
-2.38221e-44
-2.24208e-44
-1.96182e-44
-1.68156e-44
-1.26117e-44
-8.40779e-45
-5.60519e-45
-2.8026e-45
0
2.8026e-45
5.60519e-45
9.80909e-45
1.12104e-44
9.80909e-45
7.00649e-45
2.8026e-45
-1.4013e-45
-7.00649e-45
-1.26117e-44
-1.68156e-44
-2.10195e-44
-2.52234e-44
-2.94273e-44
-3.22299e-44
-3.50325e-44
-3.50325e-44
-3.36312e-44
-3.08286e-44
-2.66247e-44
-2.10195e-44
-1.4013e-44
-7.00649e-45
-1.4013e-45
4.2039e-45
9.80909e-45
1.4013e-44
1.68156e-44
2.10195e-44
2.38221e-44
2.52234e-44
2.52234e-44
2.38221e-44
2.24208e-44
1.96182e-44
1.68156e-44
1.4013e-44
1.12104e-44
8.40779e-45
7.00649e-45
5.60519e-45
2.8026e-45
1.4013e-45
1.4013e-45
2.8026e-45
5.60519e-45
8.40779e-45
1.26117e-44
1.54143e-44
1.82169e-44
2.10195e-44
2.38221e-44
2.66247e-44
2.8026e-44
2.94273e-44
2.8026e-44
2.38221e-44
1.82169e-44
1.12104e-44
4.2039e-45
-2.8026e-45
-9.80909e-45
-1.54143e-44
-1.96182e-44
-2.38221e-44
-2.8026e-44
-3.08286e-44
-3.36312e-44
-3.36312e-44
-3.22299e-44
-2.94273e-44
-2.38221e-44
-1.82169e-44
-1.12104e-44
-4.2039e-45
1.4013e-45
7.00649e-45
1.26117e-44
1.68156e-44
2.10195e-44
2.66247e-44
2.94273e-44
2.94273e-44
2.66247e-44
2.10195e-44
1.54143e-44
8.40779e-45
2.8026e-45
-2.8026e-45
-8.40779e-45
-1.4013e-44
-1.82169e-44
-2.24208e-44
-2.8026e-44
-3.08286e-44
-3.08286e-44
-2.8026e-44
-2.24208e-44
-1.68156e-44
-9.80909e-45
-2.8026e-45
4.2039e-45
1.12104e-44
1.68156e-44
2.24208e-44
2.8026e-44
3.36312e-44
3.64338e-44
3.78351e-44
3.78351e-44
3.64338e-44
3.50325e-44
3.22299e-44
2.94273e-44
2.52234e-44
2.10195e-44
1.68156e-44
1.26117e-44
8.40779e-45
4.2039e-45
1.4013e-45
0
0
1.4013e-45
2.8026e-45
5.60519e-45
8.40779e-45
1.12104e-44
1.26117e-44
1.4013e-44
1.54143e-44
1.68156e-44
1.96182e-44
2.10195e-44
2.10195e-44
1.96182e-44
1.68156e-44
1.4013e-44
9.80909e-45
5.60519e-45
1.4013e-45
-2.8026e-45
-7.00649e-45
-1.12104e-44
-1.4013e-44
-1.82169e-44
-2.10195e-44
-2.24208e-44
-2.24208e-44
-2.10195e-44
-1.96182e-44
-1.68156e-44
-1.4013e-44
-1.12104e-44
-8.40779e-45
-7.00649e-45
-5.60519e-45
-4.2039e-45
-1.4013e-45
0
0
-1.4013e-45
-4.2039e-45
-7.00649e-45
-1.12104e-44
-1.4013e-44
-1.68156e-44
-1.96182e-44
-2.24208e-44
-2.52234e-44
-2.8026e-44
-3.08286e-44
-3.08286e-44
-2.8026e-44
-2.24208e-44
-1.54143e-44
-8.40779e-45
-1.4013e-45
5.60519e-45
1.26117e-44
1.82169e-44
2.38221e-44
2.94273e-44
3.36312e-44
3.78351e-44
4.06377e-44
4.2039e-44
4.2039e-44
4.06377e-44
3.92364e-44
3.64338e-44
3.36312e-44
3.08286e-44
2.8026e-44
2.38221e-44
1.96182e-44
1.54143e-44
9.80909e-45
5.60519e-45
2.8026e-45
1.4013e-45
1.4013e-45
1.4013e-45
2.8026e-45
4.2039e-45
5.60519e-45
7.00649e-45
8.40779e-45
9.80909e-45
9.80909e-45
9.80909e-45
7.00649e-45
2.8026e-45
-2.8026e-45
-9.80909e-45
-1.54143e-44
-2.10195e-44
-2.66247e-44
-3.08286e-44
-3.36312e-44
-3.50325e-44
-3.64338e-44
-3.78351e-44
-4.06377e-44
-4.2039e-44
-4.2039e-44
-4.06377e-44
-3.78351e-44
-3.50325e-44
-3.08286e-44
-2.66247e-44
-2.10195e-44
-1.54143e-44
-9.80909e-45
-4.2039e-45
1.4013e-45
8.40779e-45
1.4013e-44
1.68156e-44
1.82169e-44
1.82169e-44
1.82169e-44
1.68156e-44
1.54143e-44
1.4013e-44
1.26117e-44
1.12104e-44
9.80909e-45
8.40779e-45
5.60519e-45
4.2039e-45
4.2039e-45
5.60519e-45
8.40779e-45
1.12104e-44
1.4013e-44
1.68156e-44
1.96182e-44
2.24208e-44
2.52234e-44
2.8026e-44
2.94273e-44
3.08286e-44
2.94273e-44
2.52234e-44
1.96182e-44
1.26117e-44
5.60519e-45
-1.4013e-45
-8.40779e-45
-1.54143e-44
-2.10195e-44
-2.66247e-44
-3.08286e-44
-3.36312e-44
-3.64338e-44
-3.78351e-44
-3.78351e-44
-3.64338e-44
-3.36312e-44
-3.08286e-44
-2.66247e-44
-2.10195e-44
-1.54143e-44
-9.80909e-45
-4.2039e-45
1.4013e-45
7.00649e-45
1.4013e-44
1.82169e-44
2.10195e-44
2.24208e-44
2.24208e-44
2.24208e-44
2.10195e-44
1.96182e-44
1.82169e-44
1.68156e-44
1.54143e-44
1.4013e-44
1.26117e-44
9.80909e-45
8.40779e-45
8.40779e-45
9.80909e-45
1.12104e-44
1.12104e-44
1.26117e-44
1.4013e-44
1.54143e-44
1.68156e-44
1.82169e-44
1.96182e-44
2.10195e-44
2.38221e-44
2.52234e-44
2.52234e-44
2.38221e-44
2.10195e-44
1.82169e-44
1.4013e-44
9.80909e-45
5.60519e-45
1.4013e-45
-2.8026e-45
-7.00649e-45
-1.12104e-44
-1.54143e-44
-1.82169e-44
-1.96182e-44
-1.96182e-44
-1.82169e-44
-1.68156e-44
-1.4013e-44
-1.12104e-44
-8.40779e-45
-7.00649e-45
-5.60519e-45
-4.2039e-45
-2.8026e-45
0
1.4013e-45
1.4013e-45
0
-2.8026e-45
-5.60519e-45
-9.80909e-45
-1.26117e-44
-1.4013e-44
-1.54143e-44
-1.68156e-44
-1.82169e-44
-1.96182e-44
-2.24208e-44
-2.38221e-44
-2.38221e-44
-2.24208e-44
-1.96182e-44
-1.68156e-44
-1.26117e-44
-8.40779e-45
-5.60519e-45
-2.8026e-45
0
2.8026e-45
5.60519e-45
9.80909e-45
1.12104e-44
9.80909e-45
7.00649e-45
2.8026e-45
-1.4013e-45
-7.00649e-45
-1.26117e-44
-1.68156e-44
-2.10195e-44
-2.52234e-44
-2.94273e-44
-3.22299e-44
-3.50325e-44
-3.50325e-44
-3.36312e-44
-3.08286e-44
-2.66247e-44
-2.10195e-44
-1.4013e-44
-7.00649e-45
-1.4013e-45
4.2039e-45
9.80909e-45
1.4013e-44
1.68156e-44
2.10195e-44
2.38221e-44
2.52234e-44
2.52234e-44
2.38221e-44
2.24208e-44
1.96182e-44
1.68156e-44
1.4013e-44
1.12104e-44
8.40779e-45
7.00649e-45
5.60519e-45
2.8026e-45
1.4013e-45
1.4013e-45
2.8026e-45
5.60519e-45
8.40779e-45
1.26117e-44
1.54143e-44
1.82169e-44
2.10195e-44
2.38221e-44
2.66247e-44
2.8026e-44
2.94273e-44
2.8026e-44
2.38221e-44
1.82169e-44
1.12104e-44
4.2039e-45
-2.8026e-45
-9.80909e-45
-1.54143e-44
-1.96182e-44
-2.38221e-44
-2.8026e-44
-3.08286e-44
-3.36312e-44
-3.36312e-44
-3.22299e-44
-2.94273e-44
-2.38221e-44
-1.82169e-44
-1.12104e-44
-4.2039e-45
1.4013e-45
7.00649e-45
1.26117e-44
1.68156e-44
2.10195e-44
2.66247e-44
2.94273e-44
2.94273e-44
2.66247e-44
2.10195e-44
1.54143e-44
8.40779e-45
2.8026e-45
-2.8026e-45
-8.40779e-45
-1.4013e-44
-1.82169e-44
-2.24208e-44
-2.8026e-44
-3.08286e-44
-3.08286e-44
-2.8026e-44
-2.24208e-44
-1.68156e-44
-9.80909e-45
-2.8026e-45
4.2039e-45
1.12104e-44
1.68156e-44
2.24208e-44
2.8026e-44
3.36312e-44
3.64338e-44
3.78351e-44
3.78351e-44
3.64338e-44
3.50325e-44
3.22299e-44
2.94273e-44
2.52234e-44
2.10195e-44
1.68156e-44
1.26117e-44
8.40779e-45
4.2039e-45
1.4013e-45
0
0
1.4013e-45
2.8026e-45
5.60519e-45
8.40779e-45
1.12104e-44
1.26117e-44
1.4013e-44
1.54143e-44
1.68156e-44
1.96182e-44
2.10195e-44
2.10195e-44
1.96182e-44
1.68156e-44
1.4013e-44
9.80909e-45
5.60519e-45
1.4013e-45
-2.8026e-45
-7.00649e-45
-1.12104e-44
-1.4013e-44
-1.82169e-44
-2.10195e-44
-2.24208e-44
-2.24208e-44
-2.10195e-44
-1.96182e-44
-1.68156e-44
-1.4013e-44
-1.12104e-44
-8.40779e-45
-7.00649e-45
-5.60519e-45
-4.2039e-45
-1.4013e-45
0
0
-1.4013e-45
-4.2039e-45
-7.00649e-45
-1.12104e-44
-1.4013e-44
-1.68156e-44
-1.96182e-44
-2.24208e-44
-2.52234e-44
-2.8026e-44
-3.08286e-44
-3.08286e-44
-2.8026e-44
-2.24208e-44
-1.54143e-44
-8.40779e-45
-1.4013e-45
5.60519e-45
1.26117e-44
1.82169e-44
2.38221e-44
2.94273e-44
3.36312e-44
3.78351e-44
4.06377e-44
4.2039e-44
4.2039e-44
4.06377e-44
3.92364e-44
3.64338e-44
3.36312e-44
3.08286e-44
2.8026e-44
2.38221e-44
1.96182e-44
1.54143e-44
9.80909e-45
5.60519e-45
2.8026e-45
1.4013e-45
1.4013e-45
1.4013e-45
2.8026e-45
4.2039e-45
5.60519e-45
7.00649e-45
8.40779e-45
9.80909e-45
9.80909e-45
9.80909e-45
7.00649e-45
2.8026e-45
-2.8026e-45
-9.80909e-45
-1.54143e-44
-2.10195e-44
-2.66247e-44
-3.08286e-44
-3.36312e-44
-3.50325e-44
-3.64338e-44
-3.78351e-44
-4.06377e-44
-4.2039e-44
-4.2039e-44
-4.06377e-44
-3.78351e-44
-3.50325e-44
-3.08286e-44
-2.66247e-44
-2.10195e-44
-1.54143e-44
-9.80909e-45
-4.2039e-45
1.4013e-45
8.40779e-45
1.4013e-44
1.68156e-44
1.82169e-44
1.82169e-44
1.82169e-44
1.68156e-44
1.54143e-44
1.4013e-44
1.26117e-44
1.12104e-44
9.80909e-45
8.40779e-45
5.60519e-45
4.2039e-45
4.2039e-45
5.60519e-45
8.40779e-45
1.12104e-44
1.4013e-44
1.68156e-44
1.96182e-44
2.24208e-44
2.52234e-44
2.8026e-44
2.94273e-44
3.08286e-44
2.94273e-44
2.52234e-44
1.96182e-44
1.26117e-44
5.60519e-45
-1.4013e-45
-8.40779e-45
-1.54143e-44
-2.10195e-44
-2.66247e-44
-3.08286e-44
-3.36312e-44
-3.64338e-44
-3.78351e-44
-3.78351e-44
-3.64338e-44
-3.36312e-44
-3.08286e-44
-2.66247e-44
-2.10195e-44
-1.54143e-44
-9.80909e-45
-4.2039e-45
1.4013e-45
7.00649e-45
1.4013e-44
1.82169e-44
2.10195e-44
2.24208e-44
2.24208e-44
2.24208e-44
2.10195e-44
1.96182e-44
1.82169e-44
1.68156e-44
1.54143e-44
1.4013e-44
1.26117e-44
9.80909e-45
8.40779e-45
8.40779e-45
9.80909e-45
1.12104e-44
1.12104e-44
1.26117e-44
1.4013e-44
1.54143e-44
1.68156e-44
1.82169e-44
1.96182e-44
2.10195e-44
2.38221e-44
2.52234e-44
2.52234e-44
2.38221e-44
2.10195e-44
1.82169e-44
1.4013e-44
9.80909e-45
5.60519e-45
1.4013e-45
-2.8026e-45
-7.00649e-45
-1.12104e-44
-1.54143e-44
-1.82169e-44
-1.96182e-44
-1.96182e-44
-1.82169e-44
-1.68156e-44
-1.4013e-44
-1.12104e-44
-8.40779e-45
-7.00649e-45
-5.60519e-45
-4.2039e-45
-2.8026e-45
0
1.4013e-45
1.4013e-45
0
-2.8026e-45
-5.60519e-45
-9.80909e-45
-1.26117e-44
-1.4013e-44
-1.54143e-44
-1.68156e-44
-1.82169e-44
-1.96182e-44
-2.24208e-44
-2.38221e-44
-2.38221e-44
-2.24208e-44
-1.96182e-44
-1.68156e-44
-1.26117e-44
-8.40779e-45
-5.60519e-45
-2.8026e-45
0
2.8026e-45
5.60519e-45
9.80909e-45
1.12104e-44
9.80909e-45
7.00649e-45
2.8026e-45
-1.4013e-45
-7.00649e-45
-1.26117e-44
-1.68156e-44
-2.10195e-44
-2.52234e-44
-2.94273e-44
-3.22299e-44
-3.50325e-44
-3.50325e-44
-3.36312e-44
-3.08286e-44
-2.66247e-44
-2.10195e-44
-1.4013e-44
-7.00649e-45
-1.4013e-45
4.2039e-45
9.80909e-45
1.4013e-44
1.68156e-44
2.10195e-44
2.38221e-44
2.52234e-44
2.52234e-44
2.38221e-44
2.24208e-44
1.96182e-44
1.68156e-44
1.4013e-44
1.12104e-44
8.40779e-45
7.00649e-45
5.60519e-45
2.8026e-45
1.4013e-45
1.4013e-45
2.8026e-45
5.60519e-45
8.40779e-45
1.26117e-44
1.54143e-44
1.82169e-44
2.10195e-44
2.38221e-44
2.66247e-44
2.8026e-44
2.94273e-44
2.8026e-44
2.38221e-44
1.82169e-44
1.12104e-44
4.2039e-45
-2.8026e-45
-9.80909e-45
-1.54143e-44
-1.96182e-44
-2.38221e-44
-2.8026e-44
-3.08286e-44
-3.36312e-44
-3.36312e-44
-3.22299e-44
-2.94273e-44
-2.38221e-44
-1.82169e-44
-1.12104e-44
-4.2039e-45
1.4013e-45
7.00649e-45
1.26117e-44
1.68156e-44
2.10195e-44
2.66247e-44
2.94273e-44
2.94273e-44
2.66247e-44
2.10195e-44
1.54143e-44
8.40779e-45
2.8026e-45
-2.8026e-45
-8.40779e-45
-1.4013e-44
-1.82169e-44
-2.24208e-44
-2.8026e-44
-3.08286e-44
-3.08286e-44
-2.8026e-44
-2.24208e-44
-1.68156e-44
-9.80909e-45
-2.8026e-45
4.2039e-45
1.12104e-44
1.68156e-44
2.24208e-44
2.8026e-44
3.36312e-44
3.64338e-44
3.78351e-44
3.78351e-44
3.64338e-44
3.50325e-44
3.22299e-44
2.94273e-44
2.52234e-44
2.10195e-44
1.68156e-44
1.26117e-44
8.40779e-45
4.2039e-45
1.4013e-45
0
0
1.4013e-45
2.8026e-45
5.60519e-45
8.40779e-45
1.12104e-44
1.26117e-44
1.4013e-44
1.54143e-44
1.68156e-44
1.96182e-44
2.10195e-44
2.10195e-44
1.96182e-44
1.68156e-44
1.4013e-44
9.80909e-45
5.60519e-45
1.4013e-45
-2.8026e-45
-7.00649e-45
-1.12104e-44
-1.4013e-44
-1.82169e-44
-2.10195e-44
-2.24208e-44
-2.24208e-44
-2.10195e-44
-1.96182e-44
-1.68156e-44
-1.4013e-44
-1.12104e-44
-8.40779e-45
-7.00649e-45
-5.60519e-45
-4.2039e-45
-1.4013e-45
0
0
-1.4013e-45
-4.2039e-45
-7.00649e-45
-1.12104e-44
-1.4013e-44
-1.68156e-44
-1.96182e-44
-2.24208e-44
-2.52234e-44
-2.8026e-44
-3.08286e-44
-3.08286e-44
-2.8026e-44
-2.24208e-44
-1.54143e-44
-8.40779e-45
-1.4013e-45
5.60519e-45
1.26117e-44
1.82169e-44
2.38221e-44
2.94273e-44
3.36312e-44
3.78351e-44
4.06377e-44
4.2039e-44
4.2039e-44
4.06377e-44
3.92364e-44
3.64338e-44
3.36312e-44
3.08286e-44
2.8026e-44
2.38221e-44
1.96182e-44
1.54143e-44
9.80909e-45
5.60519e-45
2.8026e-45
1.4013e-45
1.4013e-45
1.4013e-45
2.8026e-45
4.2039e-45
5.60519e-45
7.00649e-45
8.40779e-45
9.80909e-45
9.80909e-45
9.80909e-45
7.00649e-45
2.8026e-45
-2.8026e-45
-9.80909e-45
-1.54143e-44
-2.10195e-44
-2.66247e-44
-3.08286e-44
-3.36312e-44
-3.50325e-44
-3.64338e-44
-3.78351e-44
-4.06377e-44
-4.2039e-44
-4.2039e-44
-4.06377e-44
-3.78351e-44
-3.50325e-44
-3.08286e-44
-2.66247e-44
-2.10195e-44
-1.54143e-44
-9.80909e-45
-4.2039e-45
1.4013e-45
8.40779e-45
1.4013e-44
1.68156e-44
1.82169e-44
1.82169e-44
1.82169e-44
1.68156e-44
1.54143e-44
1.4013e-44
1.26117e-44
1.12104e-44
9.80909e-45
8.40779e-45
5.60519e-45
4.2039e-45
4.2039e-45
5.60519e-45
8.40779e-45
1.12104e-44
1.4013e-44
1.68156e-44
1.96182e-44
2.24208e-44
2.52234e-44
2.8026e-44
2.94273e-44
3.08286e-44
2.94273e-44
2.52234e-44
1.96182e-44
1.26117e-44
5.60519e-45
-1.4013e-45
-8.40779e-45
-1.54143e-44
-2.10195e-44
-2.66247e-44
-3.08286e-44
-3.36312e-44
-3.64338e-44
-3.78351e-44
-3.78351e-44
-3.64338e-44
-3.36312e-44
-3.08286e-44
-2.66247e-44
-2.10195e-44
-1.54143e-44
-9.80909e-45
-4.2039e-45
1.4013e-45
7.00649e-45
1.4013e-44
1.82169e-44
2.10195e-44
2.24208e-44
2.24208e-44
2.24208e-44
2.10195e-44
1.96182e-44
1.82169e-44
1.68156e-44
1.54143e-44
1.4013e-44
1.26117e-44
9.80909e-45
8.40779e-45
8.40779e-45
9.80909e-45
1.12104e-44
1.12104e-44
1.26117e-44
1.4013e-44
1.54143e-44
1.68156e-44
1.82169e-44
1.96182e-44
2.10195e-44
2.38221e-44
2.52234e-44
2.52234e-44
2.38221e-44
2.10195e-44
1.82169e-44
1.4013e-44
9.80909e-45
5.60519e-45
1.4013e-45
-2.8026e-45
-7.00649e-45
-1.12104e-44
-1.54143e-44
-1.82169e-44
-1.96182e-44
-1.96182e-44
-1.82169e-44
-1.68156e-44
-1.4013e-44
-1.12104e-44
-8.40779e-45
-7.00649e-45
-5.60519e-45
-4.2039e-45
-2.8026e-45
0
1.4013e-45
1.4013e-45
0
-2.8026e-45
-5.60519e-45
-9.80909e-45
-1.26117e-44
-1.4013e-44
-1.54143e-44
-1.68156e-44
-1.82169e-44
-1.96182e-44
-2.24208e-44
-2.38221e-44
-2.38221e-44
-2.24208e-44
-1.96182e-44
-1.68156e-44
-1.26117e-44
-8.40779e-45
-5.60519e-45
-2.8026e-45
0
2.8026e-45
5.60519e-45
9.80909e-45
1.12104e-44
9.80909e-45
7.00649e-45
2.8026e-45
-1.4013e-45
-7.00649e-45
-1.26117e-44
-1.68156e-44
-2.10195e-44
-2.52234e-44
-2.94273e-44
-3.22299e-44
-3.50325e-44
-3.50325e-44
-3.36312e-44
-3.08286e-44
-2.66247e-44
-2.10195e-44
-1.4013e-44
-7.00649e-45
-1.4013e-45
4.2039e-45
9.80909e-45
1.4013e-44
1.68156e-44
2.10195e-44
2.38221e-44
2.52234e-44
2.52234e-44
2.38221e-44
2.24208e-44
1.96182e-44
1.68156e-44
1.4013e-44
1.12104e-44
8.40779e-45
7.00649e-45
5.60519e-45
2.8026e-45
1.4013e-45
1.4013e-45
2.8026e-45
5.60519e-45
8.40779e-45
1.26117e-44
1.54143e-44
1.82169e-44
2.10195e-44
2.38221e-44
2.66247e-44
2.8026e-44
2.94273e-44
2.8026e-44
2.38221e-44
1.82169e-44
1.12104e-44
4.2039e-45
-2.8026e-45
-9.80909e-45
-1.54143e-44
-1.96182e-44
-2.38221e-44
-2.8026e-44
-3.08286e-44
-3.36312e-44
-3.36312e-44
-3.22299e-44
-2.94273e-44
-2.38221e-44
-1.82169e-44
-1.12104e-44
-4.2039e-45
1.4013e-45
7.00649e-45
1.26117e-44
1.68156e-44
2.10195e-44
2.66247e-44
2.94273e-44
2.94273e-44
2.66247e-44
2.10195e-44
1.54143e-44
8.40779e-45
2.8026e-45
-2.8026e-45
-8.40779e-45
-1.4013e-44
-1.82169e-44
-2.24208e-44
-2.8026e-44
-3.08286e-44
-3.08286e-44
-2.8026e-44
-2.24208e-44
-1.68156e-44
-9.80909e-45
-2.8026e-45
4.2039e-45
1.12104e-44
1.68156e-44
2.24208e-44
2.8026e-44
3.36312e-44
3.64338e-44
3.78351e-44
3.78351e-44
3.64338e-44
3.50325e-44
3.22299e-44
2.94273e-44
2.52234e-44
2.10195e-44
1.68156e-44
1.26117e-44
8.40779e-45
4.2039e-45
1.4013e-45
0
0
1.4013e-45
2.8026e-45
5.60519e-45
8.40779e-45
1.12104e-44
1.26117e-44
1.4013e-44
1.54143e-44
1.68156e-44
1.96182e-44
2.10195e-44
2.10195e-44
1.96182e-44
1.68156e-44
1.4013e-44
9.80909e-45
5.60519e-45
1.4013e-45
-2.8026e-45
-7.00649e-45
-1.12104e-44
-1.4013e-44
-1.82169e-44
-2.10195e-44
-2.24208e-44
-2.24208e-44
-2.10195e-44
-1.96182e-44
-1.68156e-44
-1.4013e-44
-1.12104e-44
-8.40779e-45
-7.00649e-45
-5.60519e-45
-4.2039e-45
-1.4013e-45
0
0
-1.4013e-45
-4.2039e-45
-7.00649e-45
-1.12104e-44
-1.4013e-44
-1.68156e-44
-1.96182e-44
-2.24208e-44
-2.52234e-44
-2.8026e-44
-3.08286e-44
-3.08286e-44
-2.8026e-44
-2.24208e-44
-1.54143e-44
-8.40779e-45
-1.4013e-45
5.60519e-45
1.26117e-44
1.82169e-44
2.38221e-44
2.94273e-44
3.36312e-44
3.78351e-44
4.06377e-44
4.2039e-44
4.2039e-44
4.06377e-44
3.92364e-44
3.64338e-44
3.36312e-44
3.08286e-44
2.8026e-44
2.38221e-44
1.96182e-44
1.54143e-44
9.80909e-45
5.60519e-45
2.8026e-45
1.4013e-45
1.4013e-45
1.4013e-45
2.8026e-45
4.2039e-45
5.60519e-45
7.00649e-45
8.40779e-45
9.80909e-45
9.80909e-45
9.80909e-45
7.00649e-45
2.8026e-45
-2.8026e-45
-9.80909e-45
-1.54143e-44
-2.10195e-44
-2.66247e-44
-3.08286e-44
-3.36312e-44
-3.50325e-44
-3.64338e-44
-3.78351e-44
-4.06377e-44
-4.2039e-44
-4.2039e-44
-4.06377e-44
-3.78351e-44
-3.50325e-44
-3.08286e-44
-2.66247e-44
-2.10195e-44
-1.54143e-44
-9.80909e-45
-4.2039e-45
1.4013e-45
8.40779e-45
1.4013e-44
1.68156e-44
1.82169e-44
1.82169e-44
1.82169e-44
1.68156e-44
1.54143e-44
1.4013e-44
1.26117e-44
1.12104e-44
9.80909e-45
8.40779e-45
5.60519e-45
4.2039e-45
4.2039e-45
5.60519e-45
8.40779e-45
1.12104e-44
1.4013e-44
1.68156e-44
1.96182e-44
2.24208e-44
2.52234e-44
2.8026e-44
2.94273e-44
3.08286e-44
2.94273e-44
2.52234e-44
1.96182e-44
1.26117e-44
5.60519e-45
-1.4013e-45
-8.40779e-45
-1.54143e-44
-2.10195e-44
-2.66247e-44
-3.08286e-44
-3.36312e-44
-3.64338e-44
-3.78351e-44
-3.78351e-44
-3.64338e-44
-3.36312e-44
-3.08286e-44
-2.66247e-44
-2.10195e-44
-1.54143e-44
-9.80909e-45
-4.2039e-45
1.4013e-45
7.00649e-45
1.4013e-44
1.82169e-44
2.10195e-44
2.24208e-44
2.24208e-44
2.24208e-44
2.10195e-44
1.96182e-44
1.82169e-44
1.68156e-44
1.54143e-44
1.4013e-44
1.26117e-44
9.80909e-45
8.40779e-45
8.40779e-45
9.80909e-45
1.12104e-44
1.12104e-44
1.26117e-44
1.4013e-44
1.54143e-44
1.68156e-44
1.82169e-44
1.96182e-44
2.10195e-44
2.38221e-44
2.52234e-44
2.52234e-44
2.38221e-44
2.10195e-44
1.82169e-44
1.4013e-44
9.80909e-45
5.60519e-45
1.4013e-45
-2.8026e-45
-7.00649e-45
-1.12104e-44
-1.54143e-44
-1.82169e-44
-1.96182e-44
-1.96182e-44
-1.82169e-44
-1.68156e-44
-1.4013e-44
-1.12104e-44
-8.40779e-45
-7.00649e-45
-5.60519e-45
-4.2039e-45
-2.8026e-45
0
1.4013e-45
1.4013e-45
0
-2.8026e-45
-5.60519e-45
-9.80909e-45
-1.26117e-44
-1.4013e-44
-1.54143e-44
-1.68156e-44
-1.82169e-44
-1.96182e-44
-2.24208e-44
-2.38221e-44
-2.38221e-44
-2.24208e-44
-1.96182e-44
-1.68156e-44
-1.26117e-44
-8.40779e-45
-5.60519e-45
-2.8026e-45
0
2.8026e-45
5.60519e-45
9.80909e-45
1.12104e-44
9.80909e-45
7.00649e-45
2.8026e-45
-1.4013e-45
-7.00649e-45
-1.26117e-44
-1.68156e-44
-2.10195e-44
-2.52234e-44
-2.94273e-44
-3.22299e-44
-3.50325e-44
-3.50325e-44
-3.36312e-44
-3.08286e-44
-2.66247e-44
-2.10195e-44
-1.4013e-44
-7.00649e-45
-1.4013e-45
4.2039e-45
9.80909e-45
1.4013e-44
1.68156e-44
2.10195e-44
2.38221e-44
2.52234e-44
2.52234e-44
2.38221e-44
2.24208e-44
1.96182e-44
1.68156e-44
1.4013e-44
1.12104e-44
8.40779e-45
7.00649e-45
5.60519e-45
2.8026e-45
1.4013e-45
1.4013e-45
2.8026e-45
5.60519e-45
8.40779e-45
1.26117e-44
1.54143e-44
1.82169e-44
2.10195e-44
2.38221e-44
2.66247e-44
2.8026e-44
2.94273e-44
2.8026e-44
2.38221e-44
1.82169e-44
1.12104e-44
4.2039e-45
-2.8026e-45
-9.80909e-45
-1.54143e-44
-1.96182e-44
-2.38221e-44
-2.8026e-44
-3.08286e-44
-3.36312e-44
-3.36312e-44
-3.22299e-44
-2.94273e-44
-2.38221e-44
-1.82169e-44
-1.12104e-44
-4.2039e-45
1.4013e-45
7.00649e-45
1.26117e-44
1.68156e-44
2.10195e-44
2.66247e-44
2.94273e-44
2.94273e-44
2.66247e-44
2.10195e-44
1.54143e-44
8.40779e-45
2.8026e-45
-2.8026e-45
-8.40779e-45
-1.4013e-44
-1.82169e-44
-2.24208e-44
-2.8026e-44
-3.08286e-44
-3.08286e-44
-2.8026e-44
-2.24208e-44
-1.68156e-44
-9.80909e-45
-2.8026e-45
4.2039e-45
1.12104e-44
1.68156e-44
2.24208e-44
2.8026e-44
3.36312e-44
3.64338e-44
3.78351e-44
3.78351e-44
3.64338e-44
3.50325e-44
3.22299e-44
2.94273e-44
2.52234e-44
2.10195e-44
1.68156e-44
1.26117e-44
8.40779e-45
4.2039e-45
1.4013e-45
0
0
1.4013e-45
2.8026e-45
5.60519e-45
8.40779e-45
1.12104e-44
1.26117e-44
1.4013e-44
1.54143e-44
1.68156e-44
1.96182e-44
2.10195e-44
2.10195e-44
1.96182e-44
1.68156e-44
1.4013e-44
9.80909e-45
5.60519e-45
1.4013e-45
-2.8026e-45
-7.00649e-45
-1.12104e-44
-1.4013e-44
-1.82169e-44
-2.10195e-44
-2.24208e-44
-2.24208e-44
-2.10195e-44
-1.96182e-44
-1.68156e-44
-1.4013e-44
-1.12104e-44
-8.40779e-45
-7.00649e-45
-5.60519e-45
-4.2039e-45
-1.4013e-45
0
0
-1.4013e-45
-4.2039e-45
-7.00649e-45
-1.12104e-44
-1.4013e-44
-1.68156e-44
-1.96182e-44
-2.24208e-44
-2.52234e-44
-2.8026e-44
-3.08286e-44
-3.08286e-44
-2.8026e-44
-2.24208e-44
-1.54143e-44
-8.40779e-45
-1.4013e-45
5.60519e-45
1.26117e-44
1.82169e-44
2.38221e-44
2.94273e-44
3.36312e-44
3.78351e-44
4.06377e-44
4.2039e-44
4.2039e-44
4.06377e-44
3.92364e-44
3.64338e-44
3.36312e-44
3.08286e-44
2.8026e-44
2.38221e-44
1.96182e-44
1.54143e-44
9.80909e-45
5.60519e-45
2.8026e-45
1.4013e-45
1.4013e-45
1.4013e-45
2.8026e-45
4.2039e-45
5.60519e-45
7.00649e-45
8.40779e-45
9.80909e-45
9.80909e-45
9.80909e-45
7.00649e-45
2.8026e-45
-2.8026e-45
-9.80909e-45
-1.54143e-44
-2.10195e-44
-2.66247e-44
-3.08286e-44
-3.36312e-44
-3.50325e-44
-3.64338e-44
-3.78351e-44
-4.06377e-44
-4.2039e-44
-4.2039e-44
-4.06377e-44
-3.78351e-44
-3.50325e-44
-3.08286e-44
-2.66247e-44
-2.10195e-44
-1.54143e-44
-9.80909e-45
-4.2039e-45
1.4013e-45
8.40779e-45
1.4013e-44
1.68156e-44
1.82169e-44
1.82169e-44
1.82169e-44
1.68156e-44
1.54143e-44
1.4013e-44
1.26117e-44
1.12104e-44
9.80909e-45
8.40779e-45
5.60519e-45
4.2039e-45
4.2039e-45
5.60519e-45
8.40779e-45
1.12104e-44
1.4013e-44
1.68156e-44
1.96182e-44
2.24208e-44
2.52234e-44
2.8026e-44
2.94273e-44
3.08286e-44
2.94273e-44
2.52234e-44
1.96182e-44
1.26117e-44
5.60519e-45
-1.4013e-45
-8.40779e-45
-1.54143e-44
-2.10195e-44
-2.66247e-44
-3.08286e-44
-3.36312e-44
-3.64338e-44
-3.78351e-44
-3.78351e-44
-3.64338e-44
-3.36312e-44
-3.08286e-44
-2.66247e-44
-2.10195e-44
-1.54143e-44
-9.80909e-45
-4.2039e-45
1.4013e-45
7.00649e-45
1.4013e-44
1.82169e-44
2.10195e-44
2.24208e-44
2.24208e-44
2.24208e-44
2.10195e-44
1.96182e-44
1.82169e-44
1.68156e-44
1.54143e-44
1.4013e-44
1.26117e-44
9.80909e-45
8.40779e-45
8.40779e-45
9.80909e-45
1.12104e-44
1.12104e-44
1.26117e-44
1.4013e-44
1.54143e-44
1.68156e-44
1.82169e-44
1.96182e-44
2.10195e-44
2.38221e-44
2.52234e-44
2.52234e-44
2.38221e-44
2.10195e-44
1.82169e-44
1.4013e-44
9.80909e-45
5.60519e-45
1.4013e-45
-2.8026e-45
-7.00649e-45
-1.12104e-44
-1.54143e-44
-1.82169e-44
-1.96182e-44
-1.96182e-44
-1.82169e-44
-1.68156e-44
-1.4013e-44
-1.12104e-44
-8.40779e-45
-7.00649e-45
-5.60519e-45
-4.2039e-45
-2.8026e-45
0
1.4013e-45
1.4013e-45
0
-2.8026e-45
-5.60519e-45
-9.80909e-45
-1.26117e-44
-1.4013e-44
-1.54143e-44
-1.68156e-44
-1.82169e-44
-1.96182e-44
-2.24208e-44
-2.38221e-44
-2.38221e-44
-2.24208e-44
-1.96182e-44
-1.68156e-44
-1.26117e-44
-8.40779e-45
-5.60519e-45
-2.8026e-45
0
2.8026e-45
5.60519e-45
9.80909e-45
1.12104e-44
9.80909e-45
7.00649e-45
2.8026e-45
-1.4013e-45
-7.00649e-45
-1.26117e-44
-1.68156e-44
-2.10195e-44
-2.52234e-44
-2.94273e-44
-3.22299e-44
-3.50325e-44
-3.50325e-44
-3.36312e-44
-3.08286e-44
-2.66247e-44
-2.10195e-44
-1.4013e-44
-7.00649e-45
-1.4013e-45
4.2039e-45
9.80909e-45
1.4013e-44
1.68156e-44
2.10195e-44
2.38221e-44
2.52234e-44
2.52234e-44
2.38221e-44
2.24208e-44
1.96182e-44
1.68156e-44
1.4013e-44
1.12104e-44
8.40779e-45
7.00649e-45
5.60519e-45
2.8026e-45
1.4013e-45
1.4013e-45
2.8026e-45
5.60519e-45
8.40779e-45
1.26117e-44
1.54143e-44
1.82169e-44
2.10195e-44
2.38221e-44
2.66247e-44
2.8026e-44
2.94273e-44
2.8026e-44
2.38221e-44
1.82169e-44
1.12104e-44
4.2039e-45
-2.8026e-45
-9.80909e-45
-1.54143e-44
-1.96182e-44
-2.38221e-44
-2.8026e-44
-3.08286e-44
-3.36312e-44
-3.36312e-44
-3.22299e-44
-2.94273e-44
-2.38221e-44
-1.82169e-44
-1.12104e-44
-4.2039e-45
1.4013e-45
7.00649e-45
1.26117e-44
1.68156e-44
2.10195e-44
2.66247e-44
2.94273e-44
2.94273e-44
2.66247e-44
2.10195e-44
1.54143e-44
8.40779e-45
2.8026e-45
-2.8026e-45
-8.40779e-45
-1.4013e-44
-1.82169e-44
-2.24208e-44
-2.8026e-44
-3.08286e-44
-3.08286e-44
-2.8026e-44
-2.24208e-44
-1.68156e-44
-9.80909e-45
-2.8026e-45
4.2039e-45
1.12104e-44
1.68156e-44
2.24208e-44
2.8026e-44
3.36312e-44
3.64338e-44
3.78351e-44
3.78351e-44
3.64338e-44
3.50325e-44
3.22299e-44
2.94273e-44
2.52234e-44
2.10195e-44
1.68156e-44
1.26117e-44
8.40779e-45
4.2039e-45
1.4013e-45
0
0
1.4013e-45
2.8026e-45
5.60519e-45
8.40779e-45
1.12104e-44
1.26117e-44
1.4013e-44
1.54143e-44
1.68156e-44
1.96182e-44
2.10195e-44
2.10195e-44
1.96182e-44
1.68156e-44
1.4013e-44
9.80909e-45
5.60519e-45
1.4013e-45
-2.8026e-45
-7.00649e-45
-1.12104e-44
-1.4013e-44
-1.82169e-44
-2.10195e-44
-2.24208e-44
-2.24208e-44
-2.10195e-44
-1.96182e-44
-1.68156e-44
-1.4013e-44
-1.12104e-44
-8.40779e-45
-7.00649e-45
-5.60519e-45
-4.2039e-45
-1.4013e-45
0
0
-1.4013e-45
-4.2039e-45
-7.00649e-45
-1.12104e-44
-1.4013e-44
-1.68156e-44
-1.96182e-44
-2.24208e-44
-2.52234e-44
-2.8026e-44
-3.08286e-44
-3.08286e-44
-2.8026e-44
-2.24208e-44
-1.54143e-44
-8.40779e-45
-1.4013e-45
5.60519e-45
1.26117e-44
1.82169e-44
2.38221e-44
2.94273e-44
3.36312e-44
3.78351e-44
4.06377e-44
4.2039e-44
4.2039e-44
4.06377e-44
3.92364e-44
3.64338e-44
3.36312e-44
3.08286e-44
2.8026e-44
2.38221e-44
1.96182e-44
1.54143e-44
9.80909e-45
5.60519e-45
2.8026e-45
1.4013e-45
1.4013e-45
1.4013e-45
2.8026e-45
4.2039e-45
5.60519e-45
7.00649e-45
8.40779e-45
9.80909e-45
9.80909e-45
9.80909e-45
7.00649e-45
2.8026e-45
-2.8026e-45
-9.80909e-45
-1.54143e-44
-2.10195e-44
-2.66247e-44
-3.08286e-44
-3.36312e-44
-3.50325e-44
-3.64338e-44
-3.78351e-44
-4.06377e-44
-4.2039e-44
-4.2039e-44
-4.06377e-44
-3.78351e-44
-3.50325e-44
-3.08286e-44
-2.66247e-44
-2.10195e-44
-1.54143e-44
-9.80909e-45
-4.2039e-45
1.4013e-45
8.40779e-45
1.4013e-44
1.68156e-44
1.82169e-44
1.82169e-44
1.82169e-44
1.68156e-44
1.54143e-44
1.4013e-44
1.26117e-44
1.12104e-44
9.80909e-45
8.40779e-45
5.60519e-45
4.2039e-45
4.2039e-45
5.60519e-45
8.40779e-45
1.12104e-44
1.4013e-44
1.68156e-44
1.96182e-44
2.24208e-44
2.52234e-44
2.8026e-44
2.94273e-44
3.08286e-44
2.94273e-44
2.52234e-44
1.96182e-44
1.26117e-44
5.60519e-45
-1.4013e-45
-8.40779e-45
-1.54143e-44
-2.10195e-44
-2.66247e-44
-3.08286e-44
-3.36312e-44
-3.64338e-44
-3.78351e-44
-3.78351e-44
-3.64338e-44
-3.36312e-44
-3.08286e-44
-2.66247e-44
-2.10195e-44
-1.54143e-44
-9.80909e-45
-4.2039e-45
1.4013e-45
7.00649e-45
1.4013e-44
1.82169e-44
2.10195e-44
2.24208e-44
2.24208e-44
2.24208e-44
2.10195e-44
1.96182e-44
1.82169e-44
1.68156e-44
1.54143e-44
1.4013e-44
1.26117e-44
9.80909e-45
8.40779e-45
8.40779e-45
9.80909e-45
1.12104e-44
1.12104e-44
1.26117e-44
1.4013e-44
1.54143e-44
1.68156e-44
1.82169e-44
1.96182e-44
2.10195e-44
2.38221e-44
2.52234e-44
2.52234e-44
2.38221e-44
2.10195e-44
1.82169e-44
1.4013e-44
9.80909e-45
5.60519e-45
1.4013e-45
-2.8026e-45
-7.00649e-45
-1.12104e-44
-1.54143e-44
-1.82169e-44
-1.96182e-44
-1.96182e-44
-1.82169e-44
-1.68156e-44
-1.4013e-44
-1.12104e-44
-8.40779e-45
-7.00649e-45
-5.60519e-45
-4.2039e-45
-2.8026e-45
0
1.4013e-45
1.4013e-45
0
-2.8026e-45
-5.60519e-45
-9.80909e-45
-1.26117e-44
-1.4013e-44
-1.54143e-44
-1.68156e-44
-1.82169e-44
-1.96182e-44
-2.24208e-44
-2.38221e-44
-2.38221e-44
-2.24208e-44
-1.96182e-44
-1.68156e-44
-1.26117e-44
-8.40779e-45
-5.60519e-45
-2.8026e-45
0
2.8026e-45
5.60519e-45
9.80909e-45
1.12104e-44
9.80909e-45
7.00649e-45
2.8026e-45
-1.4013e-45
-7.00649e-45
-1.26117e-44
-1.68156e-44
-2.10195e-44
-2.52234e-44
-2.94273e-44
-3.22299e-44
-3.50325e-44
-3.50325e-44
-3.36312e-44
-3.08286e-44
-2.66247e-44
-2.10195e-44
-1.4013e-44
-7.00649e-45
-1.4013e-45
4.2039e-45
9.80909e-45
1.4013e-44
1.68156e-44
2.10195e-44
2.38221e-44
2.52234e-44
2.52234e-44
2.38221e-44
2.24208e-44
1.96182e-44
1.68156e-44
1.4013e-44
1.12104e-44
8.40779e-45
7.00649e-45
5.60519e-45
2.8026e-45
1.4013e-45
1.4013e-45
2.8026e-45
5.60519e-45
8.40779e-45
1.26117e-44
1.54143e-44
1.82169e-44
2.10195e-44
2.38221e-44
2.66247e-44
2.8026e-44
2.94273e-44
2.8026e-44
2.38221e-44
1.82169e-44
1.12104e-44
4.2039e-45
-2.8026e-45
-9.80909e-45
-1.54143e-44
-1.96182e-44
-2.38221e-44
-2.8026e-44
-3.08286e-44
-3.36312e-44
-3.36312e-44
-3.22299e-44
-2.94273e-44
-2.38221e-44
-1.82169e-44
-1.12104e-44
-4.2039e-45
1.4013e-45
7.00649e-45
1.26117e-44
1.68156e-44
2.10195e-44
2.66247e-44
2.94273e-44
2.94273e-44
2.66247e-44
2.10195e-44
1.54143e-44
8.40779e-45
2.8026e-45
-2.8026e-45
-8.40779e-45
-1.4013e-44
-1.82169e-44
-2.24208e-44
-2.8026e-44
-3.08286e-44
-3.08286e-44
-2.8026e-44
-2.24208e-44
-1.68156e-44
-9.80909e-45
-2.8026e-45
4.2039e-45
1.12104e-44
1.68156e-44
2.24208e-44
2.8026e-44
3.36312e-44
3.64338e-44
3.78351e-44
3.78351e-44
3.64338e-44
3.50325e-44
3.22299e-44
2.94273e-44
2.52234e-44
2.10195e-44
1.68156e-44
1.26117e-44
8.40779e-45
4.2039e-45
1.4013e-45
0
0
1.4013e-45
2.8026e-45
5.60519e-45
8.40779e-45
1.12104e-44
1.26117e-44
1.4013e-44
1.54143e-44
1.68156e-44
1.96182e-44
2.10195e-44
2.10195e-44
1.96182e-44
1.68156e-44
1.4013e-44
9.80909e-45
5.60519e-45
1.4013e-45
-2.8026e-45
-7.00649e-45
-1.12104e-44
-1.4013e-44
-1.82169e-44
-2.10195e-44
-2.24208e-44
-2.24208e-44
-2.10195e-44
-1.96182e-44
-1.68156e-44
-1.4013e-44
-1.12104e-44
-8.40779e-45
-7.00649e-45
-5.60519e-45
-4.2039e-45
-1.4013e-45
0
0
-1.4013e-45
-4.2039e-45
-7.00649e-45
-1.12104e-44
-1.4013e-44
-1.68156e-44
-1.96182e-44
-2.24208e-44
-2.52234e-44
-2.8026e-44
-3.08286e-44
-3.08286e-44
-2.8026e-44
-2.24208e-44
-1.54143e-44
-8.40779e-45
-1.4013e-45
5.60519e-45
1.26117e-44
1.82169e-44
2.38221e-44
2.94273e-44
3.36312e-44
3.78351e-44
4.06377e-44
4.2039e-44
4.2039e-44
4.06377e-44
3.92364e-44
3.64338e-44
3.36312e-44
3.08286e-44
2.8026e-44
2.38221e-44
1.96182e-44
1.54143e-44
9.80909e-45
5.60519e-45
2.8026e-45
1.4013e-45
1.4013e-45
1.4013e-45
2.8026e-45
4.2039e-45
5.60519e-45
7.00649e-45
8.40779e-45
9.80909e-45
9.80909e-45
9.80909e-45
7.00649e-45
2.8026e-45
-2.8026e-45
-9.80909e-45
-1.54143e-44
-2.10195e-44
-2.66247e-44
-3.08286e-44
-3.36312e-44
-3.50325e-44
-3.64338e-44
-3.78351e-44
-4.06377e-44
-4.2039e-44
-4.2039e-44
-4.06377e-44
-3.78351e-44
-3.50325e-44
-3.08286e-44
-2.66247e-44
-2.10195e-44
-1.54143e-44
-9.80909e-45
-4.2039e-45
1.4013e-45
8.40779e-45
1.4013e-44
1.68156e-44
1.82169e-44
1.82169e-44
1.82169e-44
1.68156e-44
1.54143e-44
1.4013e-44
1.26117e-44
1.12104e-44
9.80909e-45
8.40779e-45
5.60519e-45
4.2039e-45
4.2039e-45
5.60519e-45
8.40779e-45
1.12104e-44
1.4013e-44
1.68156e-44
1.96182e-44
2.24208e-44
2.52234e-44
2.8026e-44
2.94273e-44
3.08286e-44
2.94273e-44
2.52234e-44
1.96182e-44
1.26117e-44
5.60519e-45
-1.4013e-45
-8.40779e-45
-1.54143e-44
-2.10195e-44
-2.66247e-44
-3.08286e-44
-3.36312e-44
-3.64338e-44
-3.78351e-44
-3.78351e-44
-3.64338e-44
-3.36312e-44
-3.08286e-44
-2.66247e-44
-2.10195e-44
-1.54143e-44
-9.80909e-45
-4.2039e-45
1.4013e-45
7.00649e-45
1.4013e-44
1.82169e-44
2.10195e-44
2.24208e-44
2.24208e-44
2.24208e-44
2.10195e-44
1.96182e-44
1.82169e-44
1.68156e-44
1.54143e-44
1.4013e-44
1.26117e-44
9.80909e-45
8.40779e-45
8.40779e-45
9.80909e-45
1.12104e-44
1.12104e-44
1.26117e-44
1.4013e-44
1.54143e-44
1.68156e-44
1.82169e-44
1.96182e-44
2.10195e-44
2.38221e-44
2.52234e-44
2.52234e-44
2.38221e-44
2.10195e-44
1.82169e-44
1.4013e-44
9.80909e-45
5.60519e-45
1.4013e-45
-2.8026e-45
-7.00649e-45
-1.12104e-44
-1.54143e-44
-1.82169e-44
-1.96182e-44
-1.96182e-44
-1.82169e-44
-1.68156e-44
-1.4013e-44
-1.12104e-44
-8.40779e-45
-7.00649e-45
-5.60519e-45
-4.2039e-45
-2.8026e-45
0
1.4013e-45
1.4013e-45
0
-2.8026e-45
-5.60519e-45
-9.80909e-45
-1.26117e-44
-1.4013e-44
-1.54143e-44
-1.68156e-44
-1.82169e-44
-1.96182e-44
-2.24208e-44
-2.38221e-44
-2.38221e-44
-2.24208e-44
-1.96182e-44
-1.68156e-44
-1.26117e-44
-8.40779e-45
-5.60519e-45
-2.8026e-45
0
2.8026e-45
5.60519e-45
9.80909e-45
1.12104e-44
9.80909e-45
7.00649e-45
2.8026e-45
-1.4013e-45
-7.00649e-45
-1.26117e-44
-1.68156e-44
-2.10195e-44
-2.52234e-44
-2.94273e-44
-3.22299e-44
-3.50325e-44
-3.50325e-44
-3.36312e-44
-3.08286e-44
-2.66247e-44
-2.10195e-44
-1.4013e-44
-7.00649e-45
-1.4013e-45
4.2039e-45
9.80909e-45
1.4013e-44
1.68156e-44
2.10195e-44
2.38221e-44
2.52234e-44
2.52234e-44
2.38221e-44
2.24208e-44
1.96182e-44
1.68156e-44
1.4013e-44
1.12104e-44
8.40779e-45
7.00649e-45
5.60519e-45
2.8026e-45
1.4013e-45
1.4013e-45
2.8026e-45
5.60519e-45
8.40779e-45
1.26117e-44
1.54143e-44
1.82169e-44
2.10195e-44
2.38221e-44
2.66247e-44
2.8026e-44
2.94273e-44
2.8026e-44
2.38221e-44
1.82169e-44
1.12104e-44
4.2039e-45
-2.8026e-45
-9.80909e-45
-1.54143e-44
-1.96182e-44
-2.38221e-44
-2.8026e-44
-3.08286e-44
-3.36312e-44
-3.36312e-44
-3.22299e-44
-2.94273e-44
-2.38221e-44
-1.82169e-44
-1.12104e-44
-4.2039e-45
1.4013e-45
7.00649e-45
1.26117e-44
1.68156e-44
2.10195e-44
2.66247e-44
2.94273e-44
2.94273e-44
2.66247e-44
2.10195e-44
1.54143e-44
8.40779e-45
2.8026e-45
-2.8026e-45
-8.40779e-45
-1.4013e-44
-1.82169e-44
-2.24208e-44
-2.8026e-44
-3.08286e-44
-3.08286e-44
-2.8026e-44
-2.24208e-44
-1.68156e-44
-9.80909e-45
-2.8026e-45
4.2039e-45
1.12104e-44
1.68156e-44
2.24208e-44
2.8026e-44
3.36312e-44
3.64338e-44
3.78351e-44
3.78351e-44
3.64338e-44
3.50325e-44
3.22299e-44
2.94273e-44
2.52234e-44
2.10195e-44
1.68156e-44
1.26117e-44
8.40779e-45
4.2039e-45
1.4013e-45
0
0
1.4013e-45
2.8026e-45
5.60519e-45
8.40779e-45
1.12104e-44
1.26117e-44
1.4013e-44
1.54143e-44
1.68156e-44
1.96182e-44
2.10195e-44
2.10195e-44
1.96182e-44
1.68156e-44
1.4013e-44
9.80909e-45
5.60519e-45
1.4013e-45
-2.8026e-45
-7.00649e-45
-1.12104e-44
-1.4013e-44
-1.82169e-44
-2.10195e-44
-2.24208e-44
-2.24208e-44
-2.10195e-44
-1.96182e-44
-1.68156e-44
-1.4013e-44
-1.12104e-44
-8.40779e-45
-7.00649e-45
-5.60519e-45
-4.2039e-45
-1.4013e-45
0
0
-1.4013e-45
-4.2039e-45
-7.00649e-45
-1.12104e-44
-1.4013e-44
-1.68156e-44
-1.96182e-44
-2.24208e-44
-2.52234e-44
-2.8026e-44
-3.08286e-44
-3.08286e-44
-2.8026e-44
-2.24208e-44
-1.54143e-44
-8.40779e-45
-1.4013e-45
5.60519e-45
1.26117e-44
1.82169e-44
2.38221e-44
2.94273e-44
3.36312e-44
3.78351e-44
4.06377e-44
4.2039e-44
4.2039e-44
4.06377e-44
3.92364e-44
3.64338e-44
3.36312e-44
3.08286e-44
2.8026e-44
2.38221e-44
1.96182e-44
1.54143e-44
9.80909e-45
5.60519e-45
2.8026e-45
1.4013e-45
1.4013e-45
1.4013e-45
2.8026e-45
4.2039e-45
5.60519e-45
7.00649e-45
8.40779e-45
9.80909e-45
9.80909e-45
9.80909e-45
7.00649e-45
2.8026e-45
-2.8026e-45
-9.80909e-45
-1.54143e-44
-2.10195e-44
-2.66247e-44
-3.08286e-44
-3.36312e-44
-3.50325e-44
-3.64338e-44
-3.78351e-44
-4.06377e-44
-4.2039e-44
-4.2039e-44
-4.06377e-44
-3.78351e-44
-3.50325e-44
-3.08286e-44
-2.66247e-44
-2.10195e-44
-1.54143e-44
-9.80909e-45
-4.2039e-45
1.4013e-45
8.40779e-45
1.4013e-44
1.68156e-44
1.82169e-44
1.82169e-44
1.82169e-44
1.68156e-44
1.54143e-44
1.4013e-44
1.26117e-44
1.12104e-44
9.80909e-45
8.40779e-45
5.60519e-45
4.2039e-45
4.2039e-45
5.60519e-45
8.40779e-45
1.12104e-44
1.4013e-44
1.68156e-44
1.96182e-44
2.24208e-44
2.52234e-44
2.8026e-44
2.94273e-44
3.08286e-44
2.94273e-44
2.52234e-44
1.96182e-44
1.26117e-44
5.60519e-45
-1.4013e-45
-8.40779e-45
-1.54143e-44
-2.10195e-44
-2.66247e-44
-3.08286e-44
-3.36312e-44
-3.64338e-44
-3.78351e-44
-3.78351e-44
-3.64338e-44
-3.36312e-44
-3.08286e-44
-2.66247e-44
-2.10195e-44
-1.54143e-44
-9.80909e-45
-4.2039e-45
1.4013e-45
7.00649e-45
1.4013e-44
1.82169e-44
2.10195e-44
2.24208e-44
2.24208e-44
2.24208e-44
2.10195e-44
1.96182e-44
1.82169e-44
1.68156e-44
1.54143e-44
1.4013e-44
1.26117e-44
9.80909e-45
8.40779e-45
8.40779e-45
9.80909e-45
1.12104e-44
1.12104e-44
1.26117e-44
1.4013e-44
1.54143e-44
1.68156e-44
1.82169e-44
1.96182e-44
2.10195e-44
2.38221e-44
2.52234e-44
2.52234e-44
2.38221e-44
2.10195e-44
1.82169e-44
1.4013e-44
9.80909e-45
5.60519e-45
1.4013e-45
-2.8026e-45
-7.00649e-45
-1.12104e-44
-1.54143e-44
-1.82169e-44
-1.96182e-44
-1.96182e-44
-1.82169e-44
-1.68156e-44
-1.4013e-44
-1.12104e-44
-8.40779e-45
-7.00649e-45
-5.60519e-45
-4.2039e-45
-2.8026e-45
0
1.4013e-45
1.4013e-45
0
-2.8026e-45
-5.60519e-45
-9.80909e-45
-1.26117e-44
-1.4013e-44
-1.54143e-44
-1.68156e-44
-1.82169e-44
-1.96182e-44
-2.24208e-44
-2.38221e-44
-2.38221e-44
-2.24208e-44
-1.96182e-44
-1.68156e-44
-1.26117e-44
-8.40779e-45
-5.60519e-45
-2.8026e-45
0
2.8026e-45
5.60519e-45
9.80909e-45
1.12104e-44
9.80909e-45
7.00649e-45
2.8026e-45
-1.4013e-45
-7.00649e-45
-1.26117e-44
-1.68156e-44
-2.10195e-44
-2.52234e-44
-2.94273e-44
-3.22299e-44
-3.50325e-44
-3.50325e-44
-3.36312e-44
-3.08286e-44
-2.66247e-44
-2.10195e-44
-1.4013e-44
-7.00649e-45
-1.4013e-45
4.2039e-45
9.80909e-45
1.4013e-44
1.68156e-44
2.10195e-44
2.38221e-44
2.52234e-44
2.52234e-44
2.38221e-44
2.24208e-44
1.96182e-44
1.68156e-44
1.4013e-44
1.12104e-44
8.40779e-45
7.00649e-45
5.60519e-45
2.8026e-45
1.4013e-45
1.4013e-45
2.8026e-45
5.60519e-45
8.40779e-45
1.26117e-44
1.54143e-44
1.82169e-44
2.10195e-44
2.38221e-44
2.66247e-44
2.8026e-44
2.94273e-44
2.8026e-44
2.38221e-44
1.82169e-44
1.12104e-44
4.2039e-45
-2.8026e-45
-9.80909e-45
-1.54143e-44
-1.96182e-44
-2.38221e-44
-2.8026e-44
-3.08286e-44
-3.36312e-44
-3.36312e-44
-3.22299e-44
-2.94273e-44
-2.38221e-44
-1.82169e-44
-1.12104e-44
-4.2039e-45
1.4013e-45
7.00649e-45
1.26117e-44
1.68156e-44
2.10195e-44
2.66247e-44
2.94273e-44
2.94273e-44
2.66247e-44
2.10195e-44
1.54143e-44
8.40779e-45
2.8026e-45
-2.8026e-45
-8.40779e-45
-1.4013e-44
-1.82169e-44
-2.24208e-44
-2.8026e-44
-3.08286e-44
-3.08286e-44
-2.8026e-44
-2.24208e-44
-1.68156e-44
-9.80909e-45
-2.8026e-45
4.2039e-45
1.12104e-44
1.68156e-44
2.24208e-44
2.8026e-44
3.36312e-44
3.64338e-44
3.78351e-44
3.78351e-44
3.64338e-44
3.50325e-44
3.22299e-44
2.94273e-44
2.52234e-44
2.10195e-44
1.68156e-44
1.26117e-44
8.40779e-45
4.2039e-45
1.4013e-45
0
0
1.4013e-45
2.8026e-45
5.60519e-45
8.40779e-45
1.12104e-44
1.26117e-44
1.4013e-44
1.54143e-44
1.68156e-44
1.96182e-44
2.10195e-44
2.10195e-44
1.96182e-44
1.68156e-44
1.4013e-44
9.80909e-45
5.60519e-45
1.4013e-45
-2.8026e-45
-7.00649e-45
-1.12104e-44
-1.4013e-44
-1.82169e-44
-2.10195e-44
-2.24208e-44
-2.24208e-44
-2.10195e-44
-1.96182e-44
-1.68156e-44
-1.4013e-44
-1.12104e-44
-8.40779e-45
-7.00649e-45
-5.60519e-45
-4.2039e-45
-1.4013e-45
0
0
-1.4013e-45
-4.2039e-45
-7.00649e-45
-1.12104e-44
-1.4013e-44
-1.68156e-44
-1.96182e-44
-2.24208e-44
-2.52234e-44
-2.8026e-44
-3.08286e-44
-3.08286e-44
-2.8026e-44
-2.24208e-44
-1.54143e-44
-8.40779e-45
-1.4013e-45
5.60519e-45
1.26117e-44
1.82169e-44
2.38221e-44
2.94273e-44
3.36312e-44
3.78351e-44
4.06377e-44
4.2039e-44
4.2039e-44
4.06377e-44
3.92364e-44
3.64338e-44
3.36312e-44
3.08286e-44
2.8026e-44
2.38221e-44
1.96182e-44
1.54143e-44
9.80909e-45
5.60519e-45
2.8026e-45
1.4013e-45
1.4013e-45
1.4013e-45
2.8026e-45
4.2039e-45
5.60519e-45
7.00649e-45
8.40779e-45
9.80909e-45
9.80909e-45
9.80909e-45
7.00649e-45
2.8026e-45
-2.8026e-45
-9.80909e-45
-1.54143e-44
-2.10195e-44
-2.66247e-44
-3.08286e-44
-3.36312e-44
-3.50325e-44
-3.64338e-44
-3.78351e-44
-4.06377e-44
-4.2039e-44
-4.2039e-44
-4.06377e-44
-3.78351e-44
-3.50325e-44
-3.08286e-44
-2.66247e-44
-2.10195e-44
-1.54143e-44
-9.80909e-45
-4.2039e-45
1.4013e-45
8.40779e-45
1.4013e-44
1.68156e-44
1.82169e-44
1.82169e-44
1.82169e-44
1.68156e-44
1.54143e-44
1.4013e-44
1.26117e-44
1.12104e-44
9.80909e-45
8.40779e-45
5.60519e-45
4.2039e-45
4.2039e-45
5.60519e-45
8.40779e-45
1.12104e-44
1.4013e-44
1.68156e-44
1.96182e-44
2.24208e-44
2.52234e-44
2.8026e-44
2.94273e-44
3.08286e-44
2.94273e-44
2.52234e-44
1.96182e-44
1.26117e-44
5.60519e-45
-1.4013e-45
-8.40779e-45
-1.54143e-44
-2.10195e-44
-2.66247e-44
-3.08286e-44
-3.36312e-44
-3.64338e-44
-3.78351e-44
-3.78351e-44
-3.64338e-44
-3.36312e-44
-3.08286e-44
-2.66247e-44
-2.10195e-44
-1.54143e-44
-9.80909e-45
-4.2039e-45
1.4013e-45
7.00649e-45
1.4013e-44
1.82169e-44
2.10195e-44
2.24208e-44
2.24208e-44
2.24208e-44
2.10195e-44
1.96182e-44
1.82169e-44
1.68156e-44
1.54143e-44
1.4013e-44
1.26117e-44
9.80909e-45
8.40779e-45
8.40779e-45
9.80909e-45
1.12104e-44
1.12104e-44
1.26117e-44
1.4013e-44
1.54143e-44
1.68156e-44
1.82169e-44
1.96182e-44
2.10195e-44
2.38221e-44
2.52234e-44
2.52234e-44
2.38221e-44
2.10195e-44
1.82169e-44
1.4013e-44
9.80909e-45
5.60519e-45
1.4013e-45
-2.8026e-45
-7.00649e-45
-1.12104e-44
-1.54143e-44
-1.82169e-44
-1.96182e-44
-1.96182e-44
-1.82169e-44
-1.68156e-44
-1.4013e-44
-1.12104e-44
-8.40779e-45
-7.00649e-45
-5.60519e-45
-4.2039e-45
-2.8026e-45
0
1.4013e-45
1.4013e-45
0
-2.8026e-45
-5.60519e-45
-9.80909e-45
-1.26117e-44
-1.4013e-44
-1.54143e-44
-1.68156e-44
-1.82169e-44
-1.96182e-44
-2.24208e-44
-2.38221e-44
-2.38221e-44
-2.24208e-44
-1.96182e-44
-1.68156e-44
-1.26117e-44
-8.40779e-45
-5.60519e-45
-2.8026e-45
0
2.8026e-45
5.60519e-45
9.80909e-45
1.12104e-44
9.80909e-45
7.00649e-45
2.8026e-45
-1.4013e-45
-7.00649e-45
-1.26117e-44
-1.68156e-44
-2.10195e-44
-2.52234e-44
-2.94273e-44
-3.22299e-44
-3.50325e-44
-3.50325e-44
-3.36312e-44
-3.08286e-44
-2.66247e-44
-2.10195e-44
-1.4013e-44
-7.00649e-45
-1.4013e-45
4.2039e-45
9.80909e-45
1.4013e-44
1.68156e-44
2.10195e-44
2.38221e-44
2.52234e-44
2.52234e-44
2.38221e-44
2.24208e-44
1.96182e-44
1.68156e-44
1.4013e-44
1.12104e-44
8.40779e-45
7.00649e-45
5.60519e-45
2.8026e-45
1.4013e-45
1.4013e-45
2.8026e-45
5.60519e-45
8.40779e-45
1.26117e-44
1.54143e-44
1.82169e-44
2.10195e-44
2.38221e-44
2.66247e-44
2.8026e-44
2.94273e-44
2.8026e-44
2.38221e-44
1.82169e-44
1.12104e-44
4.2039e-45
-2.8026e-45
-9.80909e-45
-1.54143e-44
-1.96182e-44
-2.38221e-44
-2.8026e-44
-3.08286e-44
-3.36312e-44
-3.36312e-44
-3.22299e-44
-2.94273e-44
-2.38221e-44
-1.82169e-44
-1.12104e-44
-4.2039e-45
1.4013e-45
7.00649e-45
1.26117e-44
1.68156e-44
2.10195e-44
2.66247e-44
2.94273e-44
2.94273e-44
2.66247e-44
2.10195e-44
1.54143e-44
8.40779e-45
2.8026e-45
-2.8026e-45
-8.40779e-45
-1.4013e-44
-1.82169e-44
-2.24208e-44
-2.8026e-44
-3.08286e-44
-3.08286e-44
-2.8026e-44
-2.24208e-44
-1.68156e-44
-9.80909e-45
-2.8026e-45
4.2039e-45
1.12104e-44
1.68156e-44
2.24208e-44
2.8026e-44
3.36312e-44
3.64338e-44
3.78351e-44
3.78351e-44
3.64338e-44
3.50325e-44
3.22299e-44
2.94273e-44
2.52234e-44
2.10195e-44
1.68156e-44
1.26117e-44
8.40779e-45
4.2039e-45
1.4013e-45
0
0
1.4013e-45
2.8026e-45
5.60519e-45
8.40779e-45
1.12104e-44
1.26117e-44
1.4013e-44
1.54143e-44
1.68156e-44
1.96182e-44
2.10195e-44
2.10195e-44
1.96182e-44
1.68156e-44
1.4013e-44
9.80909e-45
5.60519e-45
1.4013e-45
-2.8026e-45
-7.00649e-45
-1.12104e-44
-1.4013e-44
-1.82169e-44
-2.10195e-44
-2.24208e-44
-2.24208e-44
-2.10195e-44
-1.96182e-44
-1.68156e-44
-1.4013e-44
-1.12104e-44
-8.40779e-45
-7.00649e-45
-5.60519e-45
-4.2039e-45
-1.4013e-45
0
0
-1.4013e-45
-4.2039e-45
-7.00649e-45
-1.12104e-44
-1.4013e-44
-1.68156e-44
-1.96182e-44
-2.24208e-44
-2.52234e-44
-2.8026e-44
-3.08286e-44
-3.08286e-44
-2.8026e-44
-2.24208e-44
-1.54143e-44
-8.40779e-45
-1.4013e-45
5.60519e-45
1.26117e-44
1.82169e-44
2.38221e-44
2.94273e-44
3.36312e-44
3.78351e-44
4.06377e-44
4.2039e-44
4.2039e-44
4.06377e-44
3.92364e-44
3.64338e-44
3.36312e-44
3.08286e-44
2.8026e-44
2.38221e-44
1.96182e-44
1.54143e-44
9.80909e-45
5.60519e-45
2.8026e-45
1.4013e-45
1.4013e-45
1.4013e-45
2.8026e-45
4.2039e-45
5.60519e-45
7.00649e-45
8.40779e-45
9.80909e-45
9.80909e-45
9.80909e-45
7.00649e-45
2.8026e-45
-2.8026e-45
-9.80909e-45
-1.54143e-44
-2.10195e-44
-2.66247e-44
-3.08286e-44
-3.36312e-44
-3.50325e-44
-3.64338e-44
-3.78351e-44
-4.06377e-44
-4.2039e-44
-4.2039e-44
-4.06377e-44
-3.78351e-44
-3.50325e-44
-3.08286e-44
-2.66247e-44
-2.10195e-44
-1.54143e-44
-9.80909e-45
-4.2039e-45
1.4013e-45
8.40779e-45
1.4013e-44
1.68156e-44
1.82169e-44
1.82169e-44
1.82169e-44
1.68156e-44
1.54143e-44
1.4013e-44
1.26117e-44
1.12104e-44
9.80909e-45
8.40779e-45
5.60519e-45
4.2039e-45
4.2039e-45
5.60519e-45
8.40779e-45
1.12104e-44
1.4013e-44
1.68156e-44
1.96182e-44
2.24208e-44
2.52234e-44
2.8026e-44
2.94273e-44
3.08286e-44
2.94273e-44
2.52234e-44
1.96182e-44
1.26117e-44
5.60519e-45
-1.4013e-45
-8.40779e-45
-1.54143e-44
-2.10195e-44
-2.66247e-44
-3.08286e-44
-3.36312e-44
-3.64338e-44
-3.78351e-44
-3.78351e-44
-3.64338e-44
-3.36312e-44
-3.08286e-44
-2.66247e-44
-2.10195e-44
-1.54143e-44
-9.80909e-45
-4.2039e-45
1.4013e-45
7.00649e-45
1.4013e-44
1.82169e-44
2.10195e-44
2.24208e-44
2.24208e-44
2.24208e-44
2.10195e-44
1.96182e-44
1.82169e-44
1.68156e-44
1.54143e-44
1.4013e-44
1.26117e-44
9.80909e-45
8.40779e-45
8.40779e-45
9.80909e-45
1.12104e-44
1.12104e-44
1.26117e-44
1.4013e-44
1.54143e-44
1.68156e-44
1.82169e-44
1.96182e-44
2.10195e-44
2.38221e-44
2.52234e-44
2.52234e-44
2.38221e-44
2.10195e-44
1.82169e-44
1.4013e-44
9.80909e-45
5.60519e-45
1.4013e-45
-2.8026e-45
-7.00649e-45
-1.12104e-44
-1.54143e-44
-1.82169e-44
-1.96182e-44
-1.96182e-44
-1.82169e-44
-1.68156e-44
-1.4013e-44
-1.12104e-44
-8.40779e-45
-7.00649e-45
-5.60519e-45
-4.2039e-45
-2.8026e-45
0
1.4013e-45
1.4013e-45
0
-2.8026e-45
-5.60519e-45
-9.80909e-45
-1.26117e-44
-1.4013e-44
-1.54143e-44
-1.68156e-44
-1.82169e-44
-1.96182e-44
-2.24208e-44
-2.38221e-44
-2.38221e-44
-2.24208e-44
-1.96182e-44
-1.68156e-44
-1.26117e-44
-8.40779e-45
-5.60519e-45
-2.8026e-45
0
2.8026e-45
5.60519e-45
9.80909e-45
1.12104e-44
9.80909e-45
7.00649e-45
2.8026e-45
-1.4013e-45
-7.00649e-45
-1.26117e-44
-1.68156e-44
-2.10195e-44
-2.52234e-44
-2.94273e-44
-3.22299e-44
-3.50325e-44
-3.50325e-44
-3.36312e-44
-3.08286e-44
-2.66247e-44
-2.10195e-44
-1.4013e-44
-7.00649e-45
-1.4013e-45
4.2039e-45
9.80909e-45
1.4013e-44
1.68156e-44
2.10195e-44
2.38221e-44
2.52234e-44
2.52234e-44
2.38221e-44
2.24208e-44
1.96182e-44
1.68156e-44
1.4013e-44
1.12104e-44
8.40779e-45
7.00649e-45
5.60519e-45
2.8026e-45
1.4013e-45
1.4013e-45
2.8026e-45
5.60519e-45
8.40779e-45
1.26117e-44
1.54143e-44
1.82169e-44
2.10195e-44
2.38221e-44
2.66247e-44
2.8026e-44
2.94273e-44
2.8026e-44
2.38221e-44
1.82169e-44
1.12104e-44
4.2039e-45
-2.8026e-45
-9.80909e-45
-1.54143e-44
-1.96182e-44
-2.38221e-44
-2.8026e-44
-3.08286e-44
-3.36312e-44
-3.36312e-44
-3.22299e-44
-2.94273e-44
-2.38221e-44
-1.82169e-44
-1.12104e-44
-4.2039e-45
1.4013e-45
7.00649e-45
1.26117e-44
1.68156e-44
2.10195e-44
2.66247e-44
2.94273e-44
2.94273e-44
2.66247e-44
2.10195e-44
1.54143e-44
8.40779e-45
2.8026e-45
-2.8026e-45
-8.40779e-45
-1.4013e-44
-1.82169e-44
-2.24208e-44
-2.8026e-44
-3.08286e-44
-3.08286e-44
-2.8026e-44
-2.24208e-44
-1.68156e-44
-9.80909e-45
-2.8026e-45
4.2039e-45
1.12104e-44
1.68156e-44
2.24208e-44
2.8026e-44
3.36312e-44
3.64338e-44
3.78351e-44
3.78351e-44
3.64338e-44
3.50325e-44
3.22299e-44
2.94273e-44
2.52234e-44
2.10195e-44
1.68156e-44
1.26117e-44
8.40779e-45
4.2039e-45
1.4013e-45
0
0
1.4013e-45
2.8026e-45
5.60519e-45
8.40779e-45
1.12104e-44
1.26117e-44
1.4013e-44
1.54143e-44
1.68156e-44
1.96182e-44
2.10195e-44
2.10195e-44
1.96182e-44
1.68156e-44
1.4013e-44
9.80909e-45
5.60519e-45
1.4013e-45
-2.8026e-45
-7.00649e-45
-1.12104e-44
-1.4013e-44
-1.82169e-44
-2.10195e-44
-2.24208e-44
-2.24208e-44
-2.10195e-44
-1.96182e-44
-1.68156e-44
-1.4013e-44
-1.12104e-44
-8.40779e-45
-7.00649e-45
-5.60519e-45
-4.2039e-45
-1.4013e-45
0
0
-1.4013e-45
-4.2039e-45
-7.00649e-45
-1.12104e-44
-1.4013e-44
-1.68156e-44
-1.96182e-44
-2.24208e-44
-2.52234e-44
-2.8026e-44
-3.08286e-44
-3.08286e-44
-2.8026e-44
-2.24208e-44
-1.54143e-44
-8.40779e-45
-1.4013e-45
5.60519e-45
1.26117e-44
1.82169e-44
2.38221e-44
2.94273e-44
3.36312e-44
3.78351e-44
4.06377e-44
4.2039e-44
4.2039e-44
4.06377e-44
3.92364e-44
3.64338e-44
3.36312e-44
3.08286e-44
2.8026e-44
2.38221e-44
1.96182e-44
1.54143e-44
9.80909e-45
5.60519e-45
2.8026e-45
1.4013e-45
1.4013e-45
1.4013e-45
2.8026e-45
4.2039e-45
5.60519e-45
7.00649e-45
8.40779e-45
9.80909e-45
9.80909e-45
9.80909e-45
7.00649e-45
2.8026e-45
-2.8026e-45
-9.80909e-45
-1.54143e-44
-2.10195e-44
-2.66247e-44
-3.08286e-44
-3.36312e-44
-3.50325e-44
-3.64338e-44
-3.78351e-44
-4.06377e-44
-4.2039e-44
-4.2039e-44
-4.06377e-44
-3.78351e-44
-3.50325e-44
-3.08286e-44
-2.66247e-44
-2.10195e-44
-1.54143e-44
-9.80909e-45
-4.2039e-45
1.4013e-45
8.40779e-45
1.4013e-44
1.68156e-44
1.82169e-44
1.82169e-44
1.82169e-44
1.68156e-44
1.54143e-44
1.4013e-44
1.26117e-44
1.12104e-44
9.80909e-45
8.40779e-45
5.60519e-45
4.2039e-45
4.2039e-45
5.60519e-45
8.40779e-45
1.12104e-44
1.4013e-44
1.68156e-44
1.96182e-44
2.24208e-44
2.52234e-44
2.8026e-44
2.94273e-44
3.08286e-44
2.94273e-44
2.52234e-44
1.96182e-44
1.26117e-44
5.60519e-45
-1.4013e-45
-8.40779e-45
-1.54143e-44
-2.10195e-44
-2.66247e-44
-3.08286e-44
-3.36312e-44
-3.64338e-44
-3.78351e-44
-3.78351e-44
-3.64338e-44
-3.36312e-44
-3.08286e-44
-2.66247e-44
-2.10195e-44
-1.54143e-44
-9.80909e-45
-4.2039e-45
1.4013e-45
7.00649e-45
1.4013e-44
1.82169e-44
2.10195e-44
2.24208e-44
2.24208e-44
2.24208e-44
2.10195e-44
1.96182e-44
1.82169e-44
1.68156e-44
1.54143e-44
1.4013e-44
1.26117e-44
9.80909e-45
8.40779e-45
8.40779e-45
9.80909e-45
1.12104e-44
1.12104e-44
1.26117e-44
1.4013e-44
1.54143e-44
1.68156e-44
1.82169e-44
1.96182e-44
2.10195e-44
2.38221e-44
2.52234e-44
2.52234e-44
2.38221e-44
2.10195e-44
1.82169e-44
1.4013e-44
9.80909e-45
5.60519e-45
1.4013e-45
-2.8026e-45
-7.00649e-45
-1.12104e-44
-1.54143e-44
-1.82169e-44
-1.96182e-44
-1.96182e-44
-1.82169e-44
-1.68156e-44
-1.4013e-44
-1.12104e-44
-8.40779e-45
-7.00649e-45
-5.60519e-45
-4.2039e-45
-2.8026e-45
0
1.4013e-45
1.4013e-45
0
-2.8026e-45
-5.60519e-45
-9.80909e-45
-1.26117e-44
-1.4013e-44
-1.54143e-44
-1.68156e-44
-1.82169e-44
-1.96182e-44
-2.24208e-44
-2.38221e-44
-2.38221e-44
-2.24208e-44
-1.96182e-44
-1.68156e-44
-1.26117e-44
-8.40779e-45
-5.60519e-45
-2.8026e-45
0
2.8026e-45
5.60519e-45
9.80909e-45
1.12104e-44
9.80909e-45
7.00649e-45
2.8026e-45
-1.4013e-45
-7.00649e-45
-1.26117e-44
-1.68156e-44
-2.10195e-44
-2.52234e-44
-2.94273e-44
-3.22299e-44
-3.50325e-44
-3.50325e-44
-3.36312e-44
-3.08286e-44
-2.66247e-44
-2.10195e-44
-1.4013e-44
-7.00649e-45
-1.4013e-45
4.2039e-45
9.80909e-45
1.4013e-44
1.68156e-44
2.10195e-44
2.38221e-44
2.52234e-44
2.52234e-44
2.38221e-44
2.24208e-44
1.96182e-44
1.68156e-44
1.4013e-44
1.12104e-44
8.40779e-45
7.00649e-45
5.60519e-45
2.8026e-45
1.4013e-45
1.4013e-45
2.8026e-45
5.60519e-45
8.40779e-45
1.26117e-44
1.54143e-44
1.82169e-44
2.10195e-44
2.38221e-44
2.66247e-44
2.8026e-44
2.94273e-44
2.8026e-44
2.38221e-44
1.82169e-44
1.12104e-44
4.2039e-45
-2.8026e-45
-9.80909e-45
-1.54143e-44
-1.96182e-44
-2.38221e-44
-2.8026e-44
-3.08286e-44
-3.36312e-44
-3.36312e-44
-3.22299e-44
-2.94273e-44
-2.38221e-44
-1.82169e-44
-1.12104e-44
-4.2039e-45
1.4013e-45
7.00649e-45
1.26117e-44
1.68156e-44
2.10195e-44
2.66247e-44
2.94273e-44
2.94273e-44
2.66247e-44
2.10195e-44
1.54143e-44
8.40779e-45
2.8026e-45
-2.8026e-45
-8.40779e-45
-1.4013e-44
-1.82169e-44
-2.24208e-44
-2.8026e-44
-3.08286e-44
-3.08286e-44
-2.8026e-44
-2.24208e-44
-1.68156e-44
-9.80909e-45
-2.8026e-45
4.2039e-45
1.12104e-44
1.68156e-44
2.24208e-44
2.8026e-44
3.36312e-44
3.64338e-44
3.78351e-44
3.78351e-44
3.64338e-44
3.50325e-44
3.22299e-44
2.94273e-44
2.52234e-44
2.10195e-44
1.68156e-44
1.26117e-44
8.40779e-45
4.2039e-45
1.4013e-45
0
0
1.4013e-45
2.8026e-45
5.60519e-45
8.40779e-45
1.12104e-44
1.26117e-44
1.4013e-44
1.54143e-44
1.68156e-44
1.96182e-44
2.10195e-44
2.10195e-44
1.96182e-44
1.68156e-44
1.4013e-44
9.80909e-45
5.60519e-45
1.4013e-45
-2.8026e-45
-7.00649e-45
-1.12104e-44
-1.4013e-44
-1.82169e-44
-2.10195e-44
-2.24208e-44
-2.24208e-44
-2.10195e-44
-1.96182e-44
-1.68156e-44
-1.4013e-44
-1.12104e-44
-8.40779e-45
-7.00649e-45
-5.60519e-45
-4.2039e-45
-1.4013e-45
0
0
-1.4013e-45
-4.2039e-45
-7.00649e-45
-1.12104e-44
-1.4013e-44
-1.68156e-44
-1.96182e-44
-2.24208e-44
-2.52234e-44
-2.8026e-44
-3.08286e-44
-3.08286e-44
-2.8026e-44
-2.24208e-44
-1.54143e-44
-8.40779e-45
-1.4013e-45
5.60519e-45
1.26117e-44
1.82169e-44
2.38221e-44
2.94273e-44
3.36312e-44
3.78351e-44
4.06377e-44
4.2039e-44
4.2039e-44
4.06377e-44
3.92364e-44
3.64338e-44
3.36312e-44
3.08286e-44
2.8026e-44
2.38221e-44
1.96182e-44
1.54143e-44
9.80909e-45
5.60519e-45
2.8026e-45
1.4013e-45
1.4013e-45
1.4013e-45
2.8026e-45
4.2039e-45
5.60519e-45
7.00649e-45
8.40779e-45
9.80909e-45
9.80909e-45
9.80909e-45
7.00649e-45
2.8026e-45
-2.8026e-45
-9.80909e-45
-1.54143e-44
-2.10195e-44
-2.66247e-44
-3.08286e-44
-3.36312e-44
-3.50325e-44
-3.64338e-44
-3.78351e-44
-4.06377e-44
-4.2039e-44
-4.2039e-44
-4.06377e-44
-3.78351e-44
-3.50325e-44
-3.08286e-44
-2.66247e-44
-2.10195e-44
-1.54143e-44
-9.80909e-45
-4.2039e-45
1.4013e-45
8.40779e-45
1.4013e-44
1.68156e-44
1.82169e-44
1.82169e-44
1.82169e-44
1.68156e-44
1.54143e-44
1.4013e-44
1.26117e-44
1.12104e-44
9.80909e-45
8.40779e-45
5.60519e-45
4.2039e-45
4.2039e-45
5.60519e-45
8.40779e-45
1.12104e-44
1.4013e-44
1.68156e-44
1.96182e-44
2.24208e-44
2.52234e-44
2.8026e-44
2.94273e-44
3.08286e-44
2.94273e-44
2.52234e-44
1.96182e-44
1.26117e-44
5.60519e-45
-1.4013e-45
-8.40779e-45
-1.54143e-44
-2.10195e-44
-2.66247e-44
-3.08286e-44
-3.36312e-44
-3.64338e-44
-3.78351e-44
-3.78351e-44
-3.64338e-44
-3.36312e-44
-3.08286e-44
-2.66247e-44
-2.10195e-44
-1.54143e-44
-9.80909e-45
-4.2039e-45
1.4013e-45
7.00649e-45
1.4013e-44
1.82169e-44
2.10195e-44
2.24208e-44
2.24208e-44
2.24208e-44
2.10195e-44
1.96182e-44
1.82169e-44
1.68156e-44
1.54143e-44
1.4013e-44
1.26117e-44
9.80909e-45
8.40779e-45
8.40779e-45
9.80909e-45
1.12104e-44
1.12104e-44
1.26117e-44
1.4013e-44
1.54143e-44
1.68156e-44
1.82169e-44
1.96182e-44
2.10195e-44
2.38221e-44
2.52234e-44
2.52234e-44
2.38221e-44
2.10195e-44
1.82169e-44
1.4013e-44
9.80909e-45
5.60519e-45
1.4013e-45
-2.8026e-45
-7.00649e-45
-1.12104e-44
-1.54143e-44
-1.82169e-44
-1.96182e-44
-1.96182e-44
-1.82169e-44
-1.68156e-44
-1.4013e-44
-1.12104e-44
-8.40779e-45
-7.00649e-45
-5.60519e-45
-4.2039e-45
-2.8026e-45
0
1.4013e-45
1.4013e-45
0
-2.8026e-45
-5.60519e-45
-9.80909e-45
-1.26117e-44
-1.4013e-44
-1.54143e-44
-1.68156e-44
-1.82169e-44
-1.96182e-44
-2.24208e-44
-2.38221e-44
-2.38221e-44
-2.24208e-44
-1.96182e-44
-1.68156e-44
-1.26117e-44
-8.40779e-45
-5.60519e-45
-2.8026e-45
0
2.8026e-45
5.60519e-45
9.80909e-45
1.12104e-44
9.80909e-45
7.00649e-45
2.8026e-45
-1.4013e-45
-7.00649e-45
-1.26117e-44
-1.68156e-44
-2.10195e-44
-2.52234e-44
-2.94273e-44
-3.22299e-44
-3.50325e-44
-3.50325e-44
-3.36312e-44
-3.08286e-44
-2.66247e-44
-2.10195e-44
-1.4013e-44
-7.00649e-45
-1.4013e-45
4.2039e-45
9.80909e-45
1.4013e-44
1.68156e-44
2.10195e-44
2.38221e-44
2.52234e-44
2.52234e-44
2.38221e-44
2.24208e-44
1.96182e-44
1.68156e-44
1.4013e-44
1.12104e-44
8.40779e-45
7.00649e-45
5.60519e-45
2.8026e-45
1.4013e-45
1.4013e-45
2.8026e-45
5.60519e-45
8.40779e-45
1.26117e-44
1.54143e-44
1.82169e-44
2.10195e-44
2.38221e-44
2.66247e-44
2.8026e-44
2.94273e-44
2.8026e-44
2.38221e-44
1.82169e-44
1.12104e-44
4.2039e-45
-2.8026e-45
-9.80909e-45
-1.54143e-44
-1.96182e-44
-2.38221e-44
-2.8026e-44
-3.08286e-44
-3.36312e-44
-3.36312e-44
-3.22299e-44
-2.94273e-44
-2.38221e-44
-1.82169e-44
-1.12104e-44
-4.2039e-45
1.4013e-45
7.00649e-45
1.26117e-44
1.68156e-44
2.10195e-44
2.66247e-44
2.94273e-44
2.94273e-44
2.66247e-44
2.10195e-44
1.54143e-44
8.40779e-45
2.8026e-45
-2.8026e-45
-8.40779e-45
-1.4013e-44
-1.82169e-44
-2.24208e-44
-2.8026e-44
-3.08286e-44
-3.08286e-44
-2.8026e-44
-2.24208e-44
-1.68156e-44
-9.80909e-45
-2.8026e-45
4.2039e-45
1.12104e-44
1.68156e-44
2.24208e-44
2.8026e-44
3.36312e-44
3.64338e-44
3.78351e-44
3.78351e-44
3.64338e-44
3.50325e-44
3.22299e-44
2.94273e-44
2.52234e-44
2.10195e-44
1.68156e-44
1.26117e-44
8.40779e-45
4.2039e-45
1.4013e-45
0
0
1.4013e-45
2.8026e-45
5.60519e-45
8.40779e-45
1.12104e-44
1.26117e-44
1.4013e-44
1.54143e-44
1.68156e-44
1.96182e-44
2.10195e-44
2.10195e-44
1.96182e-44
1.68156e-44
1.4013e-44
9.80909e-45
5.60519e-45
1.4013e-45
-2.8026e-45
-7.00649e-45
-1.12104e-44
-1.4013e-44
-1.82169e-44
-2.10195e-44
-2.24208e-44
-2.24208e-44
-2.10195e-44
-1.96182e-44
-1.68156e-44
-1.4013e-44
-1.12104e-44
-8.40779e-45
-7.00649e-45
-5.60519e-45
-4.2039e-45
-1.4013e-45
0
0
-1.4013e-45
-4.2039e-45
-7.00649e-45
-1.12104e-44
-1.4013e-44
-1.68156e-44
-1.96182e-44
-2.24208e-44
-2.52234e-44
-2.8026e-44
-3.08286e-44
-3.08286e-44
-2.8026e-44
-2.24208e-44
-1.54143e-44
-8.40779e-45
-1.4013e-45
5.60519e-45
1.26117e-44
1.82169e-44
2.38221e-44
2.94273e-44
3.36312e-44
3.78351e-44
4.06377e-44
4.2039e-44
4.2039e-44
4.06377e-44
3.92364e-44
3.64338e-44
3.36312e-44
3.08286e-44
2.8026e-44
2.38221e-44
1.96182e-44
1.54143e-44
9.80909e-45
5.60519e-45
2.8026e-45
1.4013e-45
1.4013e-45
1.4013e-45
2.8026e-45
4.2039e-45
5.60519e-45
7.00649e-45
8.40779e-45
9.80909e-45
9.80909e-45
9.80909e-45
7.00649e-45
2.8026e-45
-2.8026e-45
-9.80909e-45
-1.54143e-44
-2.10195e-44
-2.66247e-44
-3.08286e-44
-3.36312e-44
-3.50325e-44
-3.64338e-44
-3.78351e-44
-4.06377e-44
-4.2039e-44
-4.2039e-44
-4.06377e-44
-3.78351e-44
-3.50325e-44
-3.08286e-44
-2.66247e-44
-2.10195e-44
-1.54143e-44
-9.80909e-45
-4.2039e-45
1.4013e-45
8.40779e-45
1.4013e-44
1.68156e-44
1.82169e-44
1.82169e-44
1.82169e-44
1.68156e-44
1.54143e-44
1.4013e-44
1.26117e-44
1.12104e-44
9.80909e-45
8.40779e-45
5.60519e-45
4.2039e-45
4.2039e-45
5.60519e-45
8.40779e-45
1.12104e-44
1.4013e-44
1.68156e-44
1.96182e-44
2.24208e-44
2.52234e-44
2.8026e-44
2.94273e-44
3.08286e-44
2.94273e-44
2.52234e-44
1.96182e-44
1.26117e-44
5.60519e-45
-1.4013e-45
-8.40779e-45
-1.54143e-44
-2.10195e-44
-2.66247e-44
-3.08286e-44
-3.36312e-44
-3.64338e-44
-3.78351e-44
-3.78351e-44
-3.64338e-44
-3.36312e-44
-3.08286e-44
-2.66247e-44
-2.10195e-44
-1.54143e-44
-9.80909e-45
-4.2039e-45
1.4013e-45
7.00649e-45
1.4013e-44
1.82169e-44
2.10195e-44
2.24208e-44
2.24208e-44
2.24208e-44
2.10195e-44
1.96182e-44
1.82169e-44
1.68156e-44
1.54143e-44
1.4013e-44
1.26117e-44
9.80909e-45
8.40779e-45
8.40779e-45
9.80909e-45
1.12104e-44
1.12104e-44
1.26117e-44
1.4013e-44
1.54143e-44
1.68156e-44
1.82169e-44
1.96182e-44
2.10195e-44
2.38221e-44
2.52234e-44
2.52234e-44
2.38221e-44
2.10195e-44
1.82169e-44
1.4013e-44
9.80909e-45
5.60519e-45
1.4013e-45
-2.8026e-45
-7.00649e-45
-1.12104e-44
-1.54143e-44
-1.82169e-44
-1.96182e-44
-1.96182e-44
-1.82169e-44
-1.68156e-44
-1.4013e-44
-1.12104e-44
-8.40779e-45
-7.00649e-45
-5.60519e-45
-4.2039e-45
-2.8026e-45
0
1.4013e-45
1.4013e-45
0
-2.8026e-45
-5.60519e-45
-9.80909e-45
-1.26117e-44
-1.4013e-44
-1.54143e-44
-1.68156e-44
-1.82169e-44
-1.96182e-44
-2.24208e-44
-2.38221e-44
-2.38221e-44
-2.24208e-44
-1.96182e-44
-1.68156e-44
-1.26117e-44
-8.40779e-45
-5.60519e-45
-2.8026e-45
0
2.8026e-45
5.60519e-45
9.80909e-45
1.12104e-44
9.80909e-45
7.00649e-45
2.8026e-45
-1.4013e-45
-7.00649e-45
-1.26117e-44
-1.68156e-44
-2.10195e-44
-2.52234e-44
-2.94273e-44
-3.22299e-44
-3.50325e-44
-3.50325e-44
-3.36312e-44
-3.08286e-44
-2.66247e-44
-2.10195e-44
-1.4013e-44
-7.00649e-45
-1.4013e-45
4.2039e-45
9.80909e-45
1.4013e-44
1.68156e-44
2.10195e-44
2.38221e-44
2.52234e-44
2.52234e-44
2.38221e-44
2.24208e-44
1.96182e-44
1.68156e-44
1.4013e-44
1.12104e-44
8.40779e-45
7.00649e-45
5.60519e-45
2.8026e-45
1.4013e-45
1.4013e-45
2.8026e-45
5.60519e-45
8.40779e-45
1.26117e-44
1.54143e-44
1.82169e-44
2.10195e-44
2.38221e-44
2.66247e-44
2.8026e-44
2.94273e-44
2.8026e-44
2.38221e-44
1.82169e-44
1.12104e-44
4.2039e-45
-2.8026e-45
-9.80909e-45
-1.54143e-44
-1.96182e-44
-2.38221e-44
-2.8026e-44
-3.08286e-44
-3.36312e-44
-3.36312e-44
-3.22299e-44
-2.94273e-44
-2.38221e-44
-1.82169e-44
-1.12104e-44
-4.2039e-45
1.4013e-45
7.00649e-45
1.26117e-44
1.68156e-44
2.10195e-44
2.66247e-44
2.94273e-44
2.94273e-44
2.66247e-44
2.10195e-44
1.54143e-44
8.40779e-45
2.8026e-45
-2.8026e-45
-8.40779e-45
-1.4013e-44
-1.82169e-44
-2.24208e-44
-2.8026e-44
-3.08286e-44
-3.08286e-44
-2.8026e-44
-2.24208e-44
-1.68156e-44
-9.80909e-45
-2.8026e-45
4.2039e-45
1.12104e-44
1.68156e-44
2.24208e-44
2.8026e-44
3.36312e-44
3.64338e-44
3.78351e-44
3.78351e-44
3.64338e-44
3.50325e-44
3.22299e-44
2.94273e-44
2.52234e-44
2.10195e-44
1.68156e-44
1.26117e-44
8.40779e-45
4.2039e-45
1.4013e-45
0
0
1.4013e-45
2.8026e-45
5.60519e-45
8.40779e-45
1.12104e-44
1.26117e-44
1.4013e-44
1.54143e-44
1.68156e-44
1.96182e-44
2.10195e-44
2.10195e-44
1.96182e-44
1.68156e-44
1.4013e-44
9.80909e-45
5.60519e-45
1.4013e-45
-2.8026e-45
-7.00649e-45
-1.12104e-44
-1.4013e-44
-1.82169e-44
-2.10195e-44
-2.24208e-44
-2.24208e-44
-2.10195e-44
-1.96182e-44
-1.68156e-44
-1.4013e-44
-1.12104e-44
-8.40779e-45
-7.00649e-45
-5.60519e-45
-4.2039e-45
-1.4013e-45
0
0
-1.4013e-45
-4.2039e-45
-7.00649e-45
-1.12104e-44
-1.4013e-44
-1.68156e-44
-1.96182e-44
-2.24208e-44
-2.52234e-44
-2.8026e-44
-3.08286e-44
-3.08286e-44
-2.8026e-44
-2.24208e-44
-1.54143e-44
-8.40779e-45
-1.4013e-45
5.60519e-45
1.26117e-44
1.82169e-44
2.38221e-44
2.94273e-44
3.36312e-44
3.78351e-44
4.06377e-44
4.2039e-44
4.2039e-44
4.06377e-44
3.92364e-44
3.64338e-44
3.36312e-44
3.08286e-44
2.8026e-44
2.38221e-44
1.96182e-44
1.54143e-44
9.80909e-45
5.60519e-45
2.8026e-45
1.4013e-45
1.4013e-45
1.4013e-45
2.8026e-45
4.2039e-45
5.60519e-45
7.00649e-45
8.40779e-45
9.80909e-45
9.80909e-45
9.80909e-45
7.00649e-45
2.8026e-45
-2.8026e-45
-9.80909e-45
-1.54143e-44
-2.10195e-44
-2.66247e-44
-3.08286e-44
-3.36312e-44
-3.50325e-44
-3.64338e-44
-3.78351e-44
-4.06377e-44
-4.2039e-44
-4.2039e-44
-4.06377e-44
-3.78351e-44
-3.50325e-44
-3.08286e-44
-2.66247e-44
-2.10195e-44
-1.54143e-44
-9.80909e-45
-4.2039e-45
1.4013e-45
8.40779e-45
1.4013e-44
1.68156e-44
1.82169e-44
1.82169e-44
1.82169e-44
1.68156e-44
1.54143e-44
1.4013e-44
1.26117e-44
1.12104e-44
9.80909e-45
8.40779e-45
5.60519e-45
4.2039e-45
4.2039e-45
5.60519e-45
8.40779e-45
1.12104e-44
1.4013e-44
1.68156e-44
1.96182e-44
2.24208e-44
2.52234e-44
2.8026e-44
2.94273e-44
3.08286e-44
2.94273e-44
2.52234e-44
1.96182e-44
1.26117e-44
5.60519e-45
-1.4013e-45
-8.40779e-45
-1.54143e-44
-2.10195e-44
-2.66247e-44
-3.08286e-44
-3.36312e-44
-3.64338e-44
-3.78351e-44
-3.78351e-44
-3.64338e-44
-3.36312e-44
-3.08286e-44
-2.66247e-44
-2.10195e-44
-1.54143e-44
-9.80909e-45
-4.2039e-45
1.4013e-45
7.00649e-45
1.4013e-44
1.82169e-44
2.10195e-44
2.24208e-44
2.24208e-44
2.24208e-44
2.10195e-44
1.96182e-44
1.82169e-44
1.68156e-44
1.54143e-44
1.4013e-44
1.26117e-44
9.80909e-45
8.40779e-45
8.40779e-45
9.80909e-45
1.12104e-44
1.12104e-44
1.26117e-44
1.4013e-44
1.54143e-44
1.68156e-44
1.82169e-44
1.96182e-44
2.10195e-44
2.38221e-44
2.52234e-44
2.52234e-44
2.38221e-44
2.10195e-44
1.82169e-44
1.4013e-44
9.80909e-45
5.60519e-45
1.4013e-45
-2.8026e-45
-7.00649e-45
-1.12104e-44
-1.54143e-44
-1.82169e-44
-1.96182e-44
-1.96182e-44
-1.82169e-44
-1.68156e-44
-1.4013e-44
-1.12104e-44
-8.40779e-45
-7.00649e-45
-5.60519e-45
-4.2039e-45
-2.8026e-45
0
1.4013e-45
1.4013e-45
0
-2.8026e-45
-5.60519e-45
-9.80909e-45
-1.26117e-44
-1.4013e-44
-1.54143e-44
-1.68156e-44
-1.82169e-44
-1.96182e-44
-2.24208e-44
-2.38221e-44
-2.38221e-44
-2.24208e-44
-1.96182e-44
-1.68156e-44
-1.26117e-44
-8.40779e-45
-5.60519e-45
-2.8026e-45
0
2.8026e-45
5.60519e-45
9.80909e-45
1.12104e-44
9.80909e-45
7.00649e-45
2.8026e-45
-1.4013e-45
-7.00649e-45
-1.26117e-44
-1.68156e-44
-2.10195e-44
-2.52234e-44
-2.94273e-44
-3.22299e-44
-3.50325e-44
-3.50325e-44
-3.36312e-44
-3.08286e-44
-2.66247e-44
-2.10195e-44
-1.4013e-44
-7.00649e-45
-1.4013e-45
4.2039e-45
9.80909e-45
1.4013e-44
1.68156e-44
2.10195e-44
2.38221e-44
2.52234e-44
2.52234e-44
2.38221e-44
2.24208e-44
1.96182e-44
1.68156e-44
1.4013e-44
1.12104e-44
8.40779e-45
7.00649e-45
5.60519e-45
2.8026e-45
1.4013e-45
1.4013e-45
2.8026e-45
5.60519e-45
8.40779e-45
1.26117e-44
1.54143e-44
1.82169e-44
2.10195e-44
2.38221e-44
2.66247e-44
2.8026e-44
2.94273e-44
2.8026e-44
2.38221e-44
1.82169e-44
1.12104e-44
4.2039e-45
-2.8026e-45
-9.80909e-45
-1.54143e-44
-1.96182e-44
-2.38221e-44
-2.8026e-44
-3.08286e-44
-3.36312e-44
-3.36312e-44
-3.22299e-44
-2.94273e-44
-2.38221e-44
-1.82169e-44
-1.12104e-44
-4.2039e-45
1.4013e-45
7.00649e-45
1.26117e-44
1.68156e-44
2.10195e-44
2.66247e-44
2.94273e-44
2.94273e-44
2.66247e-44
2.10195e-44
1.54143e-44
8.40779e-45
2.8026e-45
-2.8026e-45
-8.40779e-45
-1.4013e-44
-1.82169e-44
-2.24208e-44
-2.8026e-44
-3.08286e-44
-3.08286e-44
-2.8026e-44
-2.24208e-44
-1.68156e-44
-9.80909e-45
-2.8026e-45
4.2039e-45
1.12104e-44
1.68156e-44
2.24208e-44
2.8026e-44
3.36312e-44
3.64338e-44
3.78351e-44
3.78351e-44
3.64338e-44
3.50325e-44
3.22299e-44
2.94273e-44
2.52234e-44
2.10195e-44
1.68156e-44
1.26117e-44
8.40779e-45
4.2039e-45
1.4013e-45
0
0
1.4013e-45
2.8026e-45
5.60519e-45
8.40779e-45
1.12104e-44
1.26117e-44
1.4013e-44
1.54143e-44
1.68156e-44
1.96182e-44
2.10195e-44
2.10195e-44
1.96182e-44
1.68156e-44
1.4013e-44
9.80909e-45
5.60519e-45
1.4013e-45
-2.8026e-45
-7.00649e-45
-1.12104e-44
-1.4013e-44
-1.82169e-44
-2.10195e-44
-2.24208e-44
-2.24208e-44
-2.10195e-44
-1.96182e-44
-1.68156e-44
-1.4013e-44
-1.12104e-44
-8.40779e-45
-7.00649e-45
-5.60519e-45
-4.2039e-45
-1.4013e-45
0
0
-1.4013e-45
-4.2039e-45
-7.00649e-45
-1.12104e-44
-1.4013e-44
-1.68156e-44
-1.96182e-44
-2.24208e-44
-2.52234e-44
-2.8026e-44
-3.08286e-44
-3.08286e-44
-2.8026e-44
-2.24208e-44
-1.54143e-44
-8.40779e-45
-1.4013e-45
5.60519e-45
1.26117e-44
1.82169e-44
2.38221e-44
2.94273e-44
3.36312e-44
3.78351e-44
4.06377e-44
4.2039e-44
4.2039e-44
4.06377e-44
3.92364e-44
3.64338e-44
3.36312e-44
3.08286e-44
2.8026e-44
2.38221e-44
1.96182e-44
1.54143e-44
9.80909e-45
5.60519e-45
2.8026e-45
1.4013e-45
1.4013e-45
1.4013e-45
2.8026e-45
4.2039e-45
5.60519e-45
7.00649e-45
8.40779e-45
9.80909e-45
9.80909e-45
9.80909e-45
7.00649e-45
2.8026e-45
-2.8026e-45
-9.80909e-45
-1.54143e-44
-2.10195e-44
-2.66247e-44
-3.08286e-44
-3.36312e-44
-3.50325e-44
-3.64338e-44
-3.78351e-44
-4.06377e-44
-4.2039e-44
-4.2039e-44
-4.06377e-44
-3.78351e-44
-3.50325e-44
-3.08286e-44
-2.66247e-44
-2.10195e-44
-1.54143e-44
-9.80909e-45
-4.2039e-45
1.4013e-45
8.40779e-45
1.4013e-44
1.68156e-44
1.82169e-44
1.82169e-44
1.82169e-44
1.68156e-44
1.54143e-44
1.4013e-44
1.26117e-44
1.12104e-44
9.80909e-45
8.40779e-45
5.60519e-45
4.2039e-45
4.2039e-45
5.60519e-45
8.40779e-45
1.12104e-44
1.4013e-44
1.68156e-44
1.96182e-44
2.24208e-44
2.52234e-44
2.8026e-44
2.94273e-44
3.08286e-44
2.94273e-44
2.52234e-44
1.96182e-44
1.26117e-44
5.60519e-45
-1.4013e-45
-8.40779e-45
-1.54143e-44
-2.10195e-44
-2.66247e-44
-3.08286e-44
-3.36312e-44
-3.64338e-44
-3.78351e-44
-3.78351e-44
-3.64338e-44
-3.36312e-44
-3.08286e-44
-2.66247e-44
-2.10195e-44
-1.54143e-44
-9.80909e-45
-4.2039e-45
1.4013e-45
7.00649e-45
1.4013e-44
1.82169e-44
2.10195e-44
2.24208e-44
2.24208e-44
2.24208e-44
2.10195e-44
1.96182e-44
1.82169e-44
1.68156e-44
1.54143e-44
1.4013e-44
1.26117e-44
9.80909e-45
8.40779e-45
8.40779e-45
9.80909e-45
1.12104e-44
1.12104e-44
1.26117e-44
1.4013e-44
1.54143e-44
1.68156e-44
1.82169e-44
1.96182e-44
2.10195e-44
2.38221e-44
2.52234e-44
2.52234e-44
2.38221e-44
2.10195e-44
1.82169e-44
1.4013e-44
9.80909e-45
5.60519e-45
1.4013e-45
-2.8026e-45
-7.00649e-45
-1.12104e-44
-1.54143e-44
-1.82169e-44
-1.96182e-44
-1.96182e-44
-1.82169e-44
-1.68156e-44
-1.4013e-44
-1.12104e-44
-8.40779e-45
-7.00649e-45
-5.60519e-45
-4.2039e-45
-2.8026e-45
0
1.4013e-45
1.4013e-45
0
-2.8026e-45
-5.60519e-45
-9.80909e-45
-1.26117e-44
-1.4013e-44
-1.54143e-44
-1.68156e-44
-1.82169e-44
-1.96182e-44
-2.24208e-44
-2.38221e-44
-2.38221e-44
-2.24208e-44
-1.96182e-44
-1.68156e-44
-1.26117e-44
-8.40779e-45
-5.60519e-45
-2.8026e-45
0
2.8026e-45
5.60519e-45
9.80909e-45
1.12104e-44
9.80909e-45
7.00649e-45
2.8026e-45
-1.4013e-45
-7.00649e-45
-1.26117e-44
-1.68156e-44
-2.10195e-44
-2.52234e-44
-2.94273e-44
-3.22299e-44
-3.50325e-44
-3.50325e-44
-3.36312e-44
-3.08286e-44
-2.66247e-44
-2.10195e-44
-1.4013e-44
-7.00649e-45
-1.4013e-45
4.2039e-45
9.80909e-45
1.4013e-44
1.68156e-44
2.10195e-44
2.38221e-44
2.52234e-44
2.52234e-44
2.38221e-44
2.24208e-44
1.96182e-44
1.68156e-44
1.4013e-44
1.12104e-44
8.40779e-45
7.00649e-45
5.60519e-45
2.8026e-45
1.4013e-45
1.4013e-45
2.8026e-45
5.60519e-45
8.40779e-45
1.26117e-44
1.54143e-44
1.82169e-44
2.10195e-44
2.38221e-44
2.66247e-44
2.8026e-44
2.94273e-44
2.8026e-44
2.38221e-44
1.82169e-44
1.12104e-44
4.2039e-45
-2.8026e-45
-9.80909e-45
-1.54143e-44
-1.96182e-44
-2.38221e-44
-2.8026e-44
-3.08286e-44
-3.36312e-44
-3.36312e-44
-3.22299e-44
-2.94273e-44
-2.38221e-44
-1.82169e-44
-1.12104e-44
-4.2039e-45
1.4013e-45
7.00649e-45
1.26117e-44
1.68156e-44
2.10195e-44
2.66247e-44
2.94273e-44
2.94273e-44
2.66247e-44
2.10195e-44
1.54143e-44
8.40779e-45
2.8026e-45
-2.8026e-45
-8.40779e-45
-1.4013e-44
-1.82169e-44
-2.24208e-44
-2.8026e-44
-3.08286e-44
-3.08286e-44
-2.8026e-44
-2.24208e-44
-1.68156e-44
-9.80909e-45
-2.8026e-45
4.2039e-45
1.12104e-44
1.68156e-44
2.24208e-44
2.8026e-44
3.36312e-44
3.64338e-44
3.78351e-44
3.78351e-44
3.64338e-44
3.50325e-44
3.22299e-44
2.94273e-44
2.52234e-44
2.10195e-44
1.68156e-44
1.26117e-44
8.40779e-45
4.2039e-45
1.4013e-45
0
0
1.4013e-45
2.8026e-45
5.60519e-45
8.40779e-45
1.12104e-44
1.26117e-44
1.4013e-44
1.54143e-44
1.68156e-44
1.96182e-44
2.10195e-44
2.10195e-44
1.96182e-44
1.68156e-44
1.4013e-44
9.80909e-45
5.60519e-45
1.4013e-45
-2.8026e-45
-7.00649e-45
-1.12104e-44
-1.4013e-44
-1.82169e-44
-2.10195e-44
-2.24208e-44
-2.24208e-44
-2.10195e-44
-1.96182e-44
-1.68156e-44
-1.4013e-44
-1.12104e-44
-8.40779e-45
-7.00649e-45
-5.60519e-45
-4.2039e-45
-1.4013e-45
0
0
-1.4013e-45
-4.2039e-45
-7.00649e-45
-1.12104e-44
-1.4013e-44
-1.68156e-44
-1.96182e-44
-2.24208e-44
-2.52234e-44
-2.8026e-44
-3.08286e-44
-3.08286e-44
-2.8026e-44
-2.24208e-44
-1.54143e-44
-8.40779e-45
-1.4013e-45
5.60519e-45
1.26117e-44
1.82169e-44
2.38221e-44
2.94273e-44
3.36312e-44
3.78351e-44
4.06377e-44
4.2039e-44
4.2039e-44
4.06377e-44
3.92364e-44
3.64338e-44
3.36312e-44
3.08286e-44
2.8026e-44
2.38221e-44
1.96182e-44
1.54143e-44
9.80909e-45
5.60519e-45
2.8026e-45
1.4013e-45
1.4013e-45
1.4013e-45
2.8026e-45
4.2039e-45
5.60519e-45
7.00649e-45
8.40779e-45
9.80909e-45
9.80909e-45
9.80909e-45
7.00649e-45
2.8026e-45
-2.8026e-45
-9.80909e-45
-1.54143e-44
-2.10195e-44
-2.66247e-44
-3.08286e-44
-3.36312e-44
-3.50325e-44
-3.64338e-44
-3.78351e-44
-4.06377e-44
-4.2039e-44
-4.2039e-44
-4.06377e-44
-3.78351e-44
-3.50325e-44
-3.08286e-44
-2.66247e-44
-2.10195e-44
-1.54143e-44
-9.80909e-45
-4.2039e-45
1.4013e-45
8.40779e-45
1.4013e-44
1.68156e-44
1.82169e-44
1.82169e-44
1.82169e-44
1.68156e-44
1.54143e-44
1.4013e-44
1.26117e-44
1.12104e-44
9.80909e-45
8.40779e-45
5.60519e-45
4.2039e-45
4.2039e-45
5.60519e-45
8.40779e-45
1.12104e-44
1.4013e-44
1.68156e-44
1.96182e-44
2.24208e-44
2.52234e-44
2.8026e-44
2.94273e-44
3.08286e-44
2.94273e-44
2.52234e-44
1.96182e-44
1.26117e-44
5.60519e-45
-1.4013e-45
-8.40779e-45
-1.54143e-44
-2.10195e-44
-2.66247e-44
-3.08286e-44
-3.36312e-44
-3.64338e-44
-3.78351e-44
-3.78351e-44
-3.64338e-44
-3.36312e-44
-3.08286e-44
-2.66247e-44
-2.10195e-44
-1.54143e-44
-9.80909e-45
-4.2039e-45
1.4013e-45
7.00649e-45
1.4013e-44
1.82169e-44
2.10195e-44
2.24208e-44
2.24208e-44
2.24208e-44
2.10195e-44
1.96182e-44
1.82169e-44
1.68156e-44
1.54143e-44
1.4013e-44
1.26117e-44
9.80909e-45
8.40779e-45
8.40779e-45
9.80909e-45
1.12104e-44
1.12104e-44
1.26117e-44
1.4013e-44
1.54143e-44
1.68156e-44
1.82169e-44
1.96182e-44
2.10195e-44
2.38221e-44
2.52234e-44
2.52234e-44
2.38221e-44
2.10195e-44
1.82169e-44
1.4013e-44
9.80909e-45
5.60519e-45
1.4013e-45
-2.8026e-45
-7.00649e-45
-1.12104e-44
-1.54143e-44
-1.82169e-44
-1.96182e-44
-1.96182e-44
-1.82169e-44
-1.68156e-44
-1.4013e-44
-1.12104e-44
-8.40779e-45
-7.00649e-45
-5.60519e-45
-4.2039e-45
-2.8026e-45
0
1.4013e-45
1.4013e-45
0
-2.8026e-45
-5.60519e-45
-9.80909e-45
-1.26117e-44
-1.4013e-44
-1.54143e-44
-1.68156e-44
-1.82169e-44
-1.96182e-44
-2.24208e-44
-2.38221e-44
-2.38221e-44
-2.24208e-44
-1.96182e-44
-1.68156e-44
-1.26117e-44
-8.40779e-45
-5.60519e-45
-2.8026e-45
0
2.8026e-45
5.60519e-45
9.80909e-45
1.12104e-44
9.80909e-45
7.00649e-45
2.8026e-45
-1.4013e-45
-7.00649e-45
-1.26117e-44
-1.68156e-44
-2.10195e-44
-2.52234e-44
-2.94273e-44
-3.22299e-44
-3.50325e-44
-3.50325e-44
-3.36312e-44
-3.08286e-44
-2.66247e-44
-2.10195e-44
-1.4013e-44
-7.00649e-45
-1.4013e-45
4.2039e-45
9.80909e-45
1.4013e-44
1.68156e-44
2.10195e-44
2.38221e-44
2.52234e-44
2.52234e-44
2.38221e-44
2.24208e-44
1.96182e-44
1.68156e-44
1.4013e-44
1.12104e-44
8.40779e-45
7.00649e-45
5.60519e-45
2.8026e-45
1.4013e-45
1.4013e-45
2.8026e-45
5.60519e-45
8.40779e-45
1.26117e-44
1.54143e-44
1.82169e-44
2.10195e-44
2.38221e-44
2.66247e-44
2.8026e-44
2.94273e-44
2.8026e-44
2.38221e-44
1.82169e-44
1.12104e-44
4.2039e-45
-2.8026e-45
-9.80909e-45
-1.54143e-44
-1.96182e-44
-2.38221e-44
-2.8026e-44
-3.08286e-44
-3.36312e-44
-3.36312e-44
-3.22299e-44
-2.94273e-44
-2.38221e-44
-1.82169e-44
-1.12104e-44
-4.2039e-45
1.4013e-45
7.00649e-45
1.26117e-44
1.68156e-44
2.10195e-44
2.66247e-44
2.94273e-44
2.94273e-44
2.66247e-44
2.10195e-44
1.54143e-44
8.40779e-45
2.8026e-45
-2.8026e-45
-8.40779e-45
-1.4013e-44
-1.82169e-44
-2.24208e-44
-2.8026e-44
-3.08286e-44
-3.08286e-44
-2.8026e-44
-2.24208e-44
-1.68156e-44
-9.80909e-45
-2.8026e-45
4.2039e-45
1.12104e-44
1.68156e-44
2.24208e-44
2.8026e-44
3.36312e-44
3.64338e-44
3.78351e-44
3.78351e-44
3.64338e-44
3.50325e-44
3.22299e-44
2.94273e-44
2.52234e-44
2.10195e-44
1.68156e-44
1.26117e-44
8.40779e-45
4.2039e-45
1.4013e-45
0
0
1.4013e-45
2.8026e-45
5.60519e-45
8.40779e-45
1.12104e-44
1.26117e-44
1.4013e-44
1.54143e-44
1.68156e-44
1.96182e-44
2.10195e-44
2.10195e-44
1.96182e-44
1.68156e-44
1.4013e-44
9.80909e-45
5.60519e-45
1.4013e-45
-2.8026e-45
-7.00649e-45
-1.12104e-44
-1.4013e-44
-1.82169e-44
-2.10195e-44
-2.24208e-44
-2.24208e-44
-2.10195e-44
-1.96182e-44
-1.68156e-44
-1.4013e-44
-1.12104e-44
-8.40779e-45
-7.00649e-45
-5.60519e-45
-4.2039e-45
-1.4013e-45
0
0
-1.4013e-45
-4.2039e-45
-7.00649e-45
-1.12104e-44
-1.4013e-44
-1.68156e-44
-1.96182e-44
-2.24208e-44
-2.52234e-44
-2.8026e-44
-3.08286e-44
-3.08286e-44
-2.8026e-44
-2.24208e-44
-1.54143e-44
-8.40779e-45
-1.4013e-45
5.60519e-45
1.26117e-44
1.82169e-44
2.38221e-44
2.94273e-44
3.36312e-44
3.78351e-44
4.06377e-44
4.2039e-44
4.2039e-44
4.06377e-44
3.92364e-44
3.64338e-44
3.36312e-44
3.08286e-44
2.8026e-44
2.38221e-44
1.96182e-44
1.54143e-44
9.80909e-45
5.60519e-45
2.8026e-45
1.4013e-45
1.4013e-45
1.4013e-45
2.8026e-45
4.2039e-45
5.60519e-45
7.00649e-45
8.40779e-45
9.80909e-45
9.80909e-45
9.80909e-45
7.00649e-45
2.8026e-45
-2.8026e-45
-9.80909e-45
-1.54143e-44
-2.10195e-44
-2.66247e-44
-3.08286e-44
-3.36312e-44
-3.50325e-44
-3.64338e-44
-3.78351e-44
-4.06377e-44
-4.2039e-44
-4.2039e-44
-4.06377e-44
-3.78351e-44
-3.50325e-44
-3.08286e-44
-2.66247e-44
-2.10195e-44
-1.54143e-44
-9.80909e-45
-4.2039e-45
1.4013e-45
8.40779e-45
1.4013e-44
1.68156e-44
1.82169e-44
1.82169e-44
1.82169e-44
1.68156e-44
1.54143e-44
1.4013e-44
1.26117e-44
1.12104e-44
9.80909e-45
8.40779e-45
5.60519e-45
4.2039e-45
4.2039e-45
5.60519e-45
8.40779e-45
1.12104e-44
1.4013e-44
1.68156e-44
1.96182e-44
2.24208e-44
2.52234e-44
2.8026e-44
2.94273e-44
3.08286e-44
2.94273e-44
2.52234e-44
1.96182e-44
1.26117e-44
5.60519e-45
-1.4013e-45
-8.40779e-45
-1.54143e-44
-2.10195e-44
-2.66247e-44
-3.08286e-44
-3.36312e-44
-3.64338e-44
-3.78351e-44
-3.78351e-44
-3.64338e-44
-3.36312e-44
-3.08286e-44
-2.66247e-44
-2.10195e-44
-1.54143e-44
-9.80909e-45
-4.2039e-45
1.4013e-45
7.00649e-45
1.4013e-44
1.82169e-44
2.10195e-44
2.24208e-44
2.24208e-44
2.24208e-44
2.10195e-44
1.96182e-44
1.82169e-44
1.68156e-44
1.54143e-44
1.4013e-44
1.26117e-44
9.80909e-45
8.40779e-45
8.40779e-45
9.80909e-45
1.12104e-44
1.12104e-44
1.26117e-44
1.4013e-44
1.54143e-44
1.68156e-44
1.82169e-44
1.96182e-44
2.10195e-44
2.38221e-44
2.52234e-44
2.52234e-44
2.38221e-44
2.10195e-44
1.82169e-44
1.4013e-44
9.80909e-45
5.60519e-45
1.4013e-45
-2.8026e-45
-7.00649e-45
-1.12104e-44
-1.54143e-44
-1.82169e-44
-1.96182e-44
-1.96182e-44
-1.82169e-44
-1.68156e-44
-1.4013e-44
-1.12104e-44
-8.40779e-45
-7.00649e-45
-5.60519e-45
-4.2039e-45
-2.8026e-45
0
1.4013e-45
1.4013e-45
0
-2.8026e-45
-5.60519e-45
-9.80909e-45
-1.26117e-44
-1.4013e-44
-1.54143e-44
-1.68156e-44
-1.82169e-44
-1.96182e-44
-2.24208e-44
-2.38221e-44
-2.38221e-44
-2.24208e-44
-1.96182e-44
-1.68156e-44
-1.26117e-44
-8.40779e-45
-5.60519e-45
-2.8026e-45
0
2.8026e-45
5.60519e-45
9.80909e-45
1.12104e-44
9.80909e-45
7.00649e-45
2.8026e-45
-1.4013e-45
-7.00649e-45
-1.26117e-44
-1.68156e-44
-2.10195e-44
-2.52234e-44
-2.94273e-44
-3.22299e-44
-3.50325e-44
-3.50325e-44
-3.36312e-44
-3.08286e-44
-2.66247e-44
-2.10195e-44
-1.4013e-44
-7.00649e-45
-1.4013e-45
4.2039e-45
9.80909e-45
1.4013e-44
1.68156e-44
2.10195e-44
2.38221e-44
2.52234e-44
2.52234e-44
2.38221e-44
2.24208e-44
1.96182e-44
1.68156e-44
1.4013e-44
1.12104e-44
8.40779e-45
7.00649e-45
5.60519e-45
2.8026e-45
1.4013e-45
1.4013e-45
2.8026e-45
5.60519e-45
8.40779e-45
1.26117e-44
1.54143e-44
1.82169e-44
2.10195e-44
2.38221e-44
2.66247e-44
2.8026e-44
2.94273e-44
2.8026e-44
2.38221e-44
1.82169e-44
1.12104e-44
4.2039e-45
-2.8026e-45
-9.80909e-45
-1.54143e-44
-1.96182e-44
-2.38221e-44
-2.8026e-44
-3.08286e-44
-3.36312e-44
-3.36312e-44
-3.22299e-44
-2.94273e-44
-2.38221e-44
-1.82169e-44
-1.12104e-44
-4.2039e-45
1.4013e-45
7.00649e-45
1.26117e-44
1.68156e-44
2.10195e-44
2.66247e-44
2.94273e-44
2.94273e-44
2.66247e-44
2.10195e-44
1.54143e-44
8.40779e-45
2.8026e-45
-2.8026e-45
-8.40779e-45
-1.4013e-44
-1.82169e-44
-2.24208e-44
-2.8026e-44
-3.08286e-44
-3.08286e-44
-2.8026e-44
-2.24208e-44
-1.68156e-44
-9.80909e-45
-2.8026e-45
4.2039e-45
1.12104e-44
1.68156e-44
2.24208e-44
2.8026e-44
3.36312e-44
3.64338e-44
3.78351e-44
3.78351e-44
3.64338e-44
3.50325e-44
3.22299e-44
2.94273e-44
2.52234e-44
2.10195e-44
1.68156e-44
1.26117e-44
8.40779e-45
4.2039e-45
1.4013e-45
0
0
1.4013e-45
2.8026e-45
5.60519e-45
8.40779e-45
1.12104e-44
1.26117e-44
1.4013e-44
1.54143e-44
1.68156e-44
1.96182e-44
2.10195e-44
2.10195e-44
1.96182e-44
1.68156e-44
1.4013e-44
9.80909e-45
5.60519e-45
1.4013e-45
-2.8026e-45
-7.00649e-45
-1.12104e-44
-1.4013e-44
-1.82169e-44
-2.10195e-44
-2.24208e-44
-2.24208e-44
-2.10195e-44
-1.96182e-44
-1.68156e-44
-1.4013e-44
-1.12104e-44
-8.40779e-45
-7.00649e-45
-5.60519e-45
-4.2039e-45
-1.4013e-45
0
0
-1.4013e-45
-4.2039e-45
-7.00649e-45
-1.12104e-44
-1.4013e-44
-1.68156e-44
-1.96182e-44
-2.24208e-44
-2.52234e-44
-2.8026e-44
-3.08286e-44
-3.08286e-44
-2.8026e-44
-2.24208e-44
-1.54143e-44
-8.40779e-45
-1.4013e-45
5.60519e-45
1.26117e-44
1.82169e-44
2.38221e-44
2.94273e-44
3.36312e-44
3.78351e-44
4.06377e-44
4.2039e-44
4.2039e-44
4.06377e-44
3.92364e-44
3.64338e-44
3.36312e-44
3.08286e-44
2.8026e-44
2.38221e-44
1.96182e-44
1.54143e-44
9.80909e-45
5.60519e-45
2.8026e-45
1.4013e-45
1.4013e-45
1.4013e-45
2.8026e-45
4.2039e-45
5.60519e-45
7.00649e-45
8.40779e-45
9.80909e-45
9.80909e-45
9.80909e-45
7.00649e-45
2.8026e-45
-2.8026e-45
-9.80909e-45
-1.54143e-44
-2.10195e-44
-2.66247e-44
-3.08286e-44
-3.36312e-44
-3.50325e-44
-3.64338e-44
-3.78351e-44
-4.06377e-44
-4.2039e-44
-4.2039e-44
-4.06377e-44
-3.78351e-44
-3.50325e-44
-3.08286e-44
-2.66247e-44
-2.10195e-44
-1.54143e-44
-9.80909e-45
-4.2039e-45
1.4013e-45
8.40779e-45
1.4013e-44
1.68156e-44
1.82169e-44
1.82169e-44
1.82169e-44
1.68156e-44
1.54143e-44
1.4013e-44
1.26117e-44
1.12104e-44
9.80909e-45
8.40779e-45
5.60519e-45
4.2039e-45
4.2039e-45
5.60519e-45
8.40779e-45
1.12104e-44
1.4013e-44
1.68156e-44
1.96182e-44
2.24208e-44
2.52234e-44
2.8026e-44
2.94273e-44
3.08286e-44
2.94273e-44
2.52234e-44
1.96182e-44
1.26117e-44
5.60519e-45
-1.4013e-45
-8.40779e-45
-1.54143e-44
-2.10195e-44
-2.66247e-44
-3.08286e-44
-3.36312e-44
-3.64338e-44
-3.78351e-44
-3.78351e-44
-3.64338e-44
-3.36312e-44
-3.08286e-44
-2.66247e-44
-2.10195e-44
-1.54143e-44
-9.80909e-45
-4.2039e-45
1.4013e-45
7.00649e-45
1.4013e-44
1.82169e-44
2.10195e-44
2.24208e-44
2.24208e-44
2.24208e-44
2.10195e-44
1.96182e-44
1.82169e-44
1.68156e-44
1.54143e-44
1.4013e-44
1.26117e-44
9.80909e-45
8.40779e-45
8.40779e-45
9.80909e-45
1.12104e-44
1.12104e-44
1.26117e-44
1.4013e-44
1.54143e-44
1.68156e-44
1.82169e-44
1.96182e-44
2.10195e-44
2.38221e-44
2.52234e-44
2.52234e-44
2.38221e-44
2.10195e-44
1.82169e-44
1.4013e-44
9.80909e-45
5.60519e-45
1.4013e-45
-2.8026e-45
-7.00649e-45
-1.12104e-44
-1.54143e-44
-1.82169e-44
-1.96182e-44
-1.96182e-44
-1.82169e-44
-1.68156e-44
-1.4013e-44
-1.12104e-44
-8.40779e-45
-7.00649e-45
-5.60519e-45
-4.2039e-45
-2.8026e-45
0
1.4013e-45
1.4013e-45
0
-2.8026e-45
-5.60519e-45
-9.80909e-45
-1.26117e-44
-1.4013e-44
-1.54143e-44
-1.68156e-44
-1.82169e-44
-1.96182e-44
-2.24208e-44
-2.38221e-44
-2.38221e-44
-2.24208e-44
-1.96182e-44
-1.68156e-44
-1.26117e-44
-8.40779e-45
-5.60519e-45
-2.8026e-45
0
2.8026e-45
5.60519e-45
9.80909e-45
1.12104e-44
9.80909e-45
7.00649e-45
2.8026e-45
-1.4013e-45
-7.00649e-45
-1.26117e-44
-1.68156e-44
-2.10195e-44
-2.52234e-44
-2.94273e-44
-3.22299e-44
-3.50325e-44
-3.50325e-44
-3.36312e-44
-3.08286e-44
-2.66247e-44
-2.10195e-44
-1.4013e-44
-7.00649e-45
-1.4013e-45
4.2039e-45
9.80909e-45
1.4013e-44
1.68156e-44
2.10195e-44
2.38221e-44
2.52234e-44
2.52234e-44
2.38221e-44
2.24208e-44
1.96182e-44
1.68156e-44
1.4013e-44
1.12104e-44
8.40779e-45
7.00649e-45
5.60519e-45
2.8026e-45
1.4013e-45
1.4013e-45
2.8026e-45
5.60519e-45
8.40779e-45
1.26117e-44
1.54143e-44
1.82169e-44
2.10195e-44
2.38221e-44
2.66247e-44
2.8026e-44
2.94273e-44
2.8026e-44
2.38221e-44
1.82169e-44
1.12104e-44
4.2039e-45
-2.8026e-45
-9.80909e-45
-1.54143e-44
-1.96182e-44
-2.38221e-44
-2.8026e-44
-3.08286e-44
-3.36312e-44
-3.36312e-44
-3.22299e-44
-2.94273e-44
-2.38221e-44
-1.82169e-44
-1.12104e-44
-4.2039e-45
1.4013e-45
7.00649e-45
1.26117e-44
1.68156e-44
2.10195e-44
2.66247e-44
2.94273e-44
2.94273e-44
2.66247e-44
2.10195e-44
1.54143e-44
8.40779e-45
2.8026e-45
-2.8026e-45
-8.40779e-45
-1.4013e-44
-1.82169e-44
-2.24208e-44
-2.8026e-44
-3.08286e-44
-3.08286e-44
-2.8026e-44
-2.24208e-44
-1.68156e-44
-9.80909e-45
-2.8026e-45
4.2039e-45
1.12104e-44
1.68156e-44
2.24208e-44
2.8026e-44
3.36312e-44
3.64338e-44
3.78351e-44
3.78351e-44
3.64338e-44
3.50325e-44
3.22299e-44
2.94273e-44
2.52234e-44
2.10195e-44
1.68156e-44
1.26117e-44
8.40779e-45
4.2039e-45
1.4013e-45
0
0
1.4013e-45
2.8026e-45
5.60519e-45
8.40779e-45
1.12104e-44
1.26117e-44
1.4013e-44
1.54143e-44
1.68156e-44
1.96182e-44
2.10195e-44
2.10195e-44
1.96182e-44
1.68156e-44
1.4013e-44
9.80909e-45
5.60519e-45
1.4013e-45
-2.8026e-45
-7.00649e-45
-1.12104e-44
-1.4013e-44
-1.82169e-44
-2.10195e-44
-2.24208e-44
-2.24208e-44
-2.10195e-44
-1.96182e-44
-1.68156e-44
-1.4013e-44
-1.12104e-44
-8.40779e-45
-7.00649e-45
-5.60519e-45
-4.2039e-45
-1.4013e-45
0
0
-1.4013e-45
-4.2039e-45
-7.00649e-45
-1.12104e-44
-1.4013e-44
-1.68156e-44
-1.96182e-44
-2.24208e-44
-2.52234e-44
-2.8026e-44
-3.08286e-44
-3.08286e-44
-2.8026e-44
-2.24208e-44
-1.54143e-44
-8.40779e-45
-1.4013e-45
5.60519e-45
1.26117e-44
1.82169e-44
2.38221e-44
2.94273e-44
3.36312e-44
3.78351e-44
4.06377e-44
4.2039e-44
4.2039e-44
4.06377e-44
3.92364e-44
3.64338e-44
3.36312e-44
3.08286e-44
2.8026e-44
2.38221e-44
1.96182e-44
1.54143e-44
9.80909e-45
5.60519e-45
2.8026e-45
1.4013e-45
1.4013e-45
1.4013e-45
2.8026e-45
4.2039e-45
5.60519e-45
7.00649e-45
8.40779e-45
9.80909e-45
9.80909e-45
9.80909e-45
7.00649e-45
2.8026e-45
-2.8026e-45
-9.80909e-45
-1.54143e-44
-2.10195e-44
-2.66247e-44
-3.08286e-44
-3.36312e-44
-3.50325e-44
-3.64338e-44
-3.78351e-44
-4.06377e-44
-4.2039e-44
-4.2039e-44
-4.06377e-44
-3.78351e-44
-3.50325e-44
-3.08286e-44
-2.66247e-44
-2.10195e-44
-1.54143e-44
-9.80909e-45
-4.2039e-45
1.4013e-45
8.40779e-45
1.4013e-44
1.68156e-44
1.82169e-44
1.82169e-44
1.82169e-44
1.68156e-44
1.54143e-44
1.4013e-44
1.26117e-44
1.12104e-44
9.80909e-45
8.40779e-45
5.60519e-45
4.2039e-45
4.2039e-45
5.60519e-45
8.40779e-45
1.12104e-44
1.4013e-44
1.68156e-44
1.96182e-44
2.24208e-44
2.52234e-44
2.8026e-44
2.94273e-44
3.08286e-44
2.94273e-44
2.52234e-44
1.96182e-44
1.26117e-44
5.60519e-45
-1.4013e-45
-8.40779e-45
-1.54143e-44
-2.10195e-44
-2.66247e-44
-3.08286e-44
-3.36312e-44
-3.64338e-44
-3.78351e-44
-3.78351e-44
-3.64338e-44
-3.36312e-44
-3.08286e-44
-2.66247e-44
-2.10195e-44
-1.54143e-44
-9.80909e-45
-4.2039e-45
1.4013e-45
7.00649e-45
1.4013e-44
1.82169e-44
2.10195e-44
2.24208e-44
2.24208e-44
2.24208e-44
2.10195e-44
1.96182e-44
1.82169e-44
1.68156e-44
1.54143e-44
1.4013e-44
1.26117e-44
9.80909e-45
8.40779e-45
8.40779e-45
9.80909e-45
1.12104e-44
1.12104e-44
1.26117e-44
1.4013e-44
1.54143e-44
1.68156e-44
1.82169e-44
1.96182e-44
2.10195e-44
2.38221e-44
2.52234e-44
2.52234e-44
2.38221e-44
2.10195e-44
1.82169e-44
1.4013e-44
9.80909e-45
5.60519e-45
1.4013e-45
-2.8026e-45
-7.00649e-45
-1.12104e-44
-1.54143e-44
-1.82169e-44
-1.96182e-44
-1.96182e-44
-1.82169e-44
-1.68156e-44
-1.4013e-44
-1.12104e-44
-8.40779e-45
-7.00649e-45
-5.60519e-45
-4.2039e-45
-2.8026e-45
0
1.4013e-45
1.4013e-45
0
-2.8026e-45
-5.60519e-45
-9.80909e-45
-1.26117e-44
-1.4013e-44
-1.54143e-44
-1.68156e-44
-1.82169e-44
-1.96182e-44
-2.24208e-44
-2.38221e-44
-2.38221e-44
-2.24208e-44
-1.96182e-44
-1.68156e-44
-1.26117e-44
-8.40779e-45
-5.60519e-45
-2.8026e-45
0
2.8026e-45
5.60519e-45
9.80909e-45
1.12104e-44
9.80909e-45
7.00649e-45
2.8026e-45
-1.4013e-45
-7.00649e-45
-1.26117e-44
-1.68156e-44
-2.10195e-44
-2.52234e-44
-2.94273e-44
-3.22299e-44
-3.50325e-44
-3.50325e-44
-3.36312e-44
-3.08286e-44
-2.66247e-44
-2.10195e-44
-1.4013e-44
-7.00649e-45
-1.4013e-45
4.2039e-45
9.80909e-45
1.4013e-44
1.68156e-44
2.10195e-44
2.38221e-44
2.52234e-44
2.52234e-44
2.38221e-44
2.24208e-44
1.96182e-44
1.68156e-44
1.4013e-44
1.12104e-44
8.40779e-45
7.00649e-45
5.60519e-45
2.8026e-45
1.4013e-45
1.4013e-45
2.8026e-45
5.60519e-45
8.40779e-45
1.26117e-44
1.54143e-44
1.82169e-44
2.10195e-44
2.38221e-44
2.66247e-44
2.8026e-44
2.94273e-44
2.8026e-44
2.38221e-44
1.82169e-44
1.12104e-44
4.2039e-45
-2.8026e-45
-9.80909e-45
-1.54143e-44
-1.96182e-44
-2.38221e-44
-2.8026e-44
-3.08286e-44
-3.36312e-44
-3.36312e-44
-3.22299e-44
-2.94273e-44
-2.38221e-44
-1.82169e-44
-1.12104e-44
-4.2039e-45
1.4013e-45
7.00649e-45
1.26117e-44
1.68156e-44
2.10195e-44
2.66247e-44
2.94273e-44
2.94273e-44
2.66247e-44
2.10195e-44
1.54143e-44
8.40779e-45
2.8026e-45
-2.8026e-45
-8.40779e-45
-1.4013e-44
-1.82169e-44
-2.24208e-44
-2.8026e-44
-3.08286e-44
-3.08286e-44
-2.8026e-44
-2.24208e-44
-1.68156e-44
-9.80909e-45
-2.8026e-45
4.2039e-45
1.12104e-44
1.68156e-44
2.24208e-44
2.8026e-44
3.36312e-44
3.64338e-44
3.78351e-44
3.78351e-44
3.64338e-44
3.50325e-44
3.22299e-44
2.94273e-44
2.52234e-44
2.10195e-44
1.68156e-44
1.26117e-44
8.40779e-45
4.2039e-45
1.4013e-45
0
0
1.4013e-45
2.8026e-45
5.60519e-45
8.40779e-45
1.12104e-44
1.26117e-44
1.4013e-44
1.54143e-44
1.68156e-44
1.96182e-44
2.10195e-44
2.10195e-44
1.96182e-44
1.68156e-44
1.4013e-44
9.80909e-45
5.60519e-45
1.4013e-45
-2.8026e-45
-7.00649e-45
-1.12104e-44
-1.4013e-44
-1.82169e-44
-2.10195e-44
-2.24208e-44
-2.24208e-44
-2.10195e-44
-1.96182e-44
-1.68156e-44
-1.4013e-44
-1.12104e-44
-8.40779e-45
-7.00649e-45
-5.60519e-45
-4.2039e-45
-1.4013e-45
0
0
-1.4013e-45
-4.2039e-45
-7.00649e-45
-1.12104e-44
-1.4013e-44
-1.68156e-44
-1.96182e-44
-2.24208e-44
-2.52234e-44
-2.8026e-44
-3.08286e-44
-3.08286e-44
-2.8026e-44
-2.24208e-44
-1.54143e-44
-8.40779e-45
-1.4013e-45
5.60519e-45
1.26117e-44
1.82169e-44
2.38221e-44
2.94273e-44
3.36312e-44
3.78351e-44
4.06377e-44
4.2039e-44
4.2039e-44
4.06377e-44
3.92364e-44
3.64338e-44
3.36312e-44
3.08286e-44
2.8026e-44
2.38221e-44
1.96182e-44
1.54143e-44
9.80909e-45
5.60519e-45
2.8026e-45
1.4013e-45
1.4013e-45
1.4013e-45
2.8026e-45
4.2039e-45
5.60519e-45
7.00649e-45
8.40779e-45
9.80909e-45
9.80909e-45
9.80909e-45
7.00649e-45
2.8026e-45
-2.8026e-45
-9.80909e-45
-1.54143e-44
-2.10195e-44
-2.66247e-44
-3.08286e-44
-3.36312e-44
-3.50325e-44
-3.64338e-44
-3.78351e-44
-4.06377e-44
-4.2039e-44
-4.2039e-44
-4.06377e-44
-3.78351e-44
-3.50325e-44
-3.08286e-44
-2.66247e-44
-2.10195e-44
-1.54143e-44
-9.80909e-45
-4.2039e-45
1.4013e-45
8.40779e-45
1.4013e-44
1.68156e-44
1.82169e-44
1.82169e-44
1.82169e-44
1.68156e-44
1.54143e-44
1.4013e-44
1.26117e-44
1.12104e-44
9.80909e-45
8.40779e-45
5.60519e-45
4.2039e-45
4.2039e-45
5.60519e-45
8.40779e-45
1.12104e-44
1.4013e-44
1.68156e-44
1.96182e-44
2.24208e-44
2.52234e-44
2.8026e-44
2.94273e-44
3.08286e-44
2.94273e-44
2.52234e-44
1.96182e-44
1.26117e-44
5.60519e-45
-1.4013e-45
-8.40779e-45
-1.54143e-44
-2.10195e-44
-2.66247e-44
-3.08286e-44
-3.36312e-44
-3.64338e-44
-3.78351e-44
-3.78351e-44
-3.64338e-44
-3.36312e-44
-3.08286e-44
-2.66247e-44
-2.10195e-44
-1.54143e-44
-9.80909e-45
-4.2039e-45
1.4013e-45
7.00649e-45
1.4013e-44
1.82169e-44
2.10195e-44
2.24208e-44
2.24208e-44
2.24208e-44
2.10195e-44
1.96182e-44
1.82169e-44
1.68156e-44
1.54143e-44
1.4013e-44
1.26117e-44
9.80909e-45
8.40779e-45
8.40779e-45
9.80909e-45
1.12104e-44
1.12104e-44
1.26117e-44
1.4013e-44
1.54143e-44
1.68156e-44
1.82169e-44
1.96182e-44
2.10195e-44
2.38221e-44
2.52234e-44
2.52234e-44
2.38221e-44
2.10195e-44
1.82169e-44
1.4013e-44
9.80909e-45
5.60519e-45
1.4013e-45
-2.8026e-45
-7.00649e-45
-1.12104e-44
-1.54143e-44
-1.82169e-44
-1.96182e-44
-1.96182e-44
-1.82169e-44
-1.68156e-44
-1.4013e-44
-1.12104e-44
-8.40779e-45
-7.00649e-45
-5.60519e-45
-4.2039e-45
-2.8026e-45
0
1.4013e-45
1.4013e-45
0
-2.8026e-45
-5.60519e-45
-9.80909e-45
-1.26117e-44
-1.4013e-44
-1.54143e-44
-1.68156e-44
-1.82169e-44
-1.96182e-44
-2.24208e-44
-2.38221e-44
-2.38221e-44
-2.24208e-44
-1.96182e-44
-1.68156e-44
-1.26117e-44
-8.40779e-45
-5.60519e-45
-2.8026e-45
0
2.8026e-45
5.60519e-45
9.80909e-45
1.12104e-44
9.80909e-45
7.00649e-45
2.8026e-45
-1.4013e-45
-7.00649e-45
-1.26117e-44
-1.68156e-44
-2.10195e-44
-2.52234e-44
-2.94273e-44
-3.22299e-44
-3.50325e-44
-3.50325e-44
-3.36312e-44
-3.08286e-44
-2.66247e-44
-2.10195e-44
-1.4013e-44
-7.00649e-45
-1.4013e-45
4.2039e-45
9.80909e-45
1.4013e-44
1.68156e-44
2.10195e-44
2.38221e-44
2.52234e-44
2.52234e-44
2.38221e-44
2.24208e-44
1.96182e-44
1.68156e-44
1.4013e-44
1.12104e-44
8.40779e-45
7.00649e-45
5.60519e-45
2.8026e-45
1.4013e-45
1.4013e-45
2.8026e-45
5.60519e-45
8.40779e-45
1.26117e-44
1.54143e-44
1.82169e-44
2.10195e-44
2.38221e-44
2.66247e-44
2.8026e-44
2.94273e-44
2.8026e-44
2.38221e-44
1.82169e-44
1.12104e-44
4.2039e-45
-2.8026e-45
-9.80909e-45
-1.54143e-44
-1.96182e-44
-2.38221e-44
-2.8026e-44
-3.08286e-44
-3.36312e-44
-3.36312e-44
-3.22299e-44
-2.94273e-44
-2.38221e-44
-1.82169e-44
-1.12104e-44
-4.2039e-45
1.4013e-45
7.00649e-45
1.26117e-44
1.68156e-44
2.10195e-44
2.66247e-44
2.94273e-44
2.94273e-44
2.66247e-44
2.10195e-44
1.54143e-44
8.40779e-45
2.8026e-45
-2.8026e-45
-8.40779e-45
-1.4013e-44
-1.82169e-44
-2.24208e-44
-2.8026e-44
-3.08286e-44
-3.08286e-44
-2.8026e-44
-2.24208e-44
-1.68156e-44
-9.80909e-45
-2.8026e-45
4.2039e-45
1.12104e-44
1.68156e-44
2.24208e-44
2.8026e-44
3.36312e-44
3.64338e-44
3.78351e-44
3.78351e-44
3.64338e-44
3.50325e-44
3.22299e-44
2.94273e-44
2.52234e-44
2.10195e-44
1.68156e-44
1.26117e-44
8.40779e-45
4.2039e-45
1.4013e-45
0
0
1.4013e-45
2.8026e-45
5.60519e-45
8.40779e-45
1.12104e-44
1.26117e-44
1.4013e-44
1.54143e-44
1.68156e-44
1.96182e-44
2.10195e-44
2.10195e-44
1.96182e-44
1.68156e-44
1.4013e-44
9.80909e-45
5.60519e-45
1.4013e-45
-2.8026e-45
-7.00649e-45
-1.12104e-44
-1.4013e-44
-1.82169e-44
-2.10195e-44
-2.24208e-44
-2.24208e-44
-2.10195e-44
-1.96182e-44
-1.68156e-44
-1.4013e-44
-1.12104e-44
-8.40779e-45
-7.00649e-45
-5.60519e-45
-4.2039e-45
-1.4013e-45
0
0
-1.4013e-45
-4.2039e-45
-7.00649e-45
-1.12104e-44
-1.4013e-44
-1.68156e-44
-1.96182e-44
-2.24208e-44
-2.52234e-44
-2.8026e-44
-3.08286e-44
-3.08286e-44
-2.8026e-44
-2.24208e-44
-1.54143e-44
-8.40779e-45
-1.4013e-45
5.60519e-45
1.26117e-44
1.82169e-44
2.38221e-44
2.94273e-44
3.36312e-44
3.78351e-44
4.06377e-44
4.2039e-44
4.2039e-44
4.06377e-44
3.92364e-44
3.64338e-44
3.36312e-44
3.08286e-44
2.8026e-44
2.38221e-44
1.96182e-44
1.54143e-44
9.80909e-45
5.60519e-45
2.8026e-45
1.4013e-45
1.4013e-45
1.4013e-45
2.8026e-45
4.2039e-45
5.60519e-45
7.00649e-45
8.40779e-45
9.80909e-45
9.80909e-45
9.80909e-45
7.00649e-45
2.8026e-45
-2.8026e-45
-9.80909e-45
-1.54143e-44
-2.10195e-44
-2.66247e-44
-3.08286e-44
-3.36312e-44
-3.50325e-44
-3.64338e-44
-3.78351e-44
-4.06377e-44
-4.2039e-44
-4.2039e-44
-4.06377e-44
-3.78351e-44
-3.50325e-44
-3.08286e-44
-2.66247e-44
-2.10195e-44
-1.54143e-44
-9.80909e-45
-4.2039e-45
1.4013e-45
8.40779e-45
1.4013e-44
1.68156e-44
1.82169e-44
1.82169e-44
1.82169e-44
1.68156e-44
1.54143e-44
1.4013e-44
1.26117e-44
1.12104e-44
9.80909e-45
8.40779e-45
5.60519e-45
4.2039e-45
4.2039e-45
5.60519e-45
8.40779e-45
1.12104e-44
1.4013e-44
1.68156e-44
1.96182e-44
2.24208e-44
2.52234e-44
2.8026e-44
2.94273e-44
3.08286e-44
2.94273e-44
2.52234e-44
1.96182e-44
1.26117e-44
5.60519e-45
-1.4013e-45
-8.40779e-45
-1.54143e-44
-2.10195e-44
-2.66247e-44
-3.08286e-44
-3.36312e-44
-3.64338e-44
-3.78351e-44
-3.78351e-44
-3.64338e-44
-3.36312e-44
-3.08286e-44
-2.66247e-44
-2.10195e-44
-1.54143e-44
-9.80909e-45
-4.2039e-45
1.4013e-45
7.00649e-45
1.4013e-44
1.82169e-44
2.10195e-44
2.24208e-44
2.24208e-44
2.24208e-44
2.10195e-44
1.96182e-44
1.82169e-44
1.68156e-44
1.54143e-44
1.4013e-44
1.26117e-44
9.80909e-45
8.40779e-45
8.40779e-45
9.80909e-45
1.12104e-44
1.12104e-44
1.26117e-44
1.4013e-44
1.54143e-44
1.68156e-44
1.82169e-44
1.96182e-44
2.10195e-44
2.38221e-44
2.52234e-44
2.52234e-44
2.38221e-44
2.10195e-44
1.82169e-44
1.4013e-44
9.80909e-45
5.60519e-45
1.4013e-45
-2.8026e-45
-7.00649e-45
-1.12104e-44
-1.54143e-44
-1.82169e-44
-1.96182e-44
-1.96182e-44
-1.82169e-44
-1.68156e-44
-1.4013e-44
-1.12104e-44
-8.40779e-45
-7.00649e-45
-5.60519e-45
-4.2039e-45
-2.8026e-45
0
1.4013e-45
1.4013e-45
0
-2.8026e-45
-5.60519e-45
-9.80909e-45
-1.26117e-44
-1.4013e-44
-1.54143e-44
-1.68156e-44
-1.82169e-44
-1.96182e-44
-2.24208e-44
-2.38221e-44
-2.38221e-44
-2.24208e-44
-1.96182e-44
-1.68156e-44
-1.26117e-44
-8.40779e-45
-5.60519e-45
-2.8026e-45
0
2.8026e-45
5.60519e-45
9.80909e-45
1.12104e-44
9.80909e-45
7.00649e-45
2.8026e-45
-1.4013e-45
-7.00649e-45
-1.26117e-44
-1.68156e-44
-2.10195e-44
-2.52234e-44
-2.94273e-44
-3.22299e-44
-3.50325e-44
-3.50325e-44
-3.36312e-44
-3.08286e-44
-2.66247e-44
-2.10195e-44
-1.4013e-44
-7.00649e-45
-1.4013e-45
4.2039e-45
9.80909e-45
1.4013e-44
1.68156e-44
2.10195e-44
2.38221e-44
2.52234e-44
2.52234e-44
2.38221e-44
2.24208e-44
1.96182e-44
1.68156e-44
1.4013e-44
1.12104e-44
8.40779e-45
7.00649e-45
5.60519e-45
2.8026e-45
1.4013e-45
1.4013e-45
2.8026e-45
5.60519e-45
8.40779e-45
1.26117e-44
1.54143e-44
1.82169e-44
2.10195e-44
2.38221e-44
2.66247e-44
2.8026e-44
2.94273e-44
2.8026e-44
2.38221e-44
1.82169e-44
1.12104e-44
4.2039e-45
-2.8026e-45
-9.80909e-45
-1.54143e-44
-1.96182e-44
-2.38221e-44
-2.8026e-44
-3.08286e-44
-3.36312e-44
-3.36312e-44
-3.22299e-44
-2.94273e-44
-2.38221e-44
-1.82169e-44
-1.12104e-44
-4.2039e-45
1.4013e-45
7.00649e-45
1.26117e-44
1.68156e-44
2.10195e-44
2.66247e-44
2.94273e-44
2.94273e-44
2.66247e-44
2.10195e-44
1.54143e-44
8.40779e-45
2.8026e-45
-2.8026e-45
-8.40779e-45
-1.4013e-44
-1.82169e-44
-2.24208e-44
-2.8026e-44
-3.08286e-44
-3.08286e-44
-2.8026e-44
-2.24208e-44
-1.68156e-44
-9.80909e-45
-2.8026e-45
4.2039e-45
1.12104e-44
1.68156e-44
2.24208e-44
2.8026e-44
3.36312e-44
3.64338e-44
3.78351e-44
3.78351e-44
3.64338e-44
3.50325e-44
3.22299e-44
2.94273e-44
2.52234e-44
2.10195e-44
1.68156e-44
1.26117e-44
8.40779e-45
4.2039e-45
1.4013e-45
0
0
1.4013e-45
2.8026e-45
5.60519e-45
8.40779e-45
1.12104e-44
1.26117e-44
1.4013e-44
1.54143e-44
1.68156e-44
1.96182e-44
2.10195e-44
2.10195e-44
1.96182e-44
1.68156e-44
1.4013e-44
9.80909e-45
5.60519e-45
1.4013e-45
-2.8026e-45
-7.00649e-45
-1.12104e-44
-1.4013e-44
-1.82169e-44
-2.10195e-44
-2.24208e-44
-2.24208e-44
-2.10195e-44
-1.96182e-44
-1.68156e-44
-1.4013e-44
-1.12104e-44
-8.40779e-45
-7.00649e-45
-5.60519e-45
-4.2039e-45
-1.4013e-45
0
0
-1.4013e-45
-4.2039e-45
-7.00649e-45
-1.12104e-44
-1.4013e-44
-1.68156e-44
-1.96182e-44
-2.24208e-44
-2.52234e-44
-2.8026e-44
-3.08286e-44
-3.08286e-44
-2.8026e-44
-2.24208e-44
-1.54143e-44
-8.40779e-45
-1.4013e-45
5.60519e-45
1.26117e-44
1.82169e-44
2.38221e-44
2.94273e-44
3.36312e-44
3.78351e-44
4.06377e-44
4.2039e-44
4.2039e-44
4.06377e-44
3.92364e-44
3.64338e-44
3.36312e-44
3.08286e-44
2.8026e-44
2.38221e-44
1.96182e-44
1.54143e-44
9.80909e-45
5.60519e-45
2.8026e-45
1.4013e-45
1.4013e-45
1.4013e-45
2.8026e-45
4.2039e-45
5.60519e-45
7.00649e-45
8.40779e-45
9.80909e-45
9.80909e-45
9.80909e-45
7.00649e-45
2.8026e-45
-2.8026e-45
-9.80909e-45
-1.54143e-44
-2.10195e-44
-2.66247e-44
-3.08286e-44
-3.36312e-44
-3.50325e-44
-3.64338e-44
-3.78351e-44
-4.06377e-44
-4.2039e-44
-4.2039e-44
-4.06377e-44
-3.78351e-44
-3.50325e-44
-3.08286e-44
-2.66247e-44
-2.10195e-44
-1.54143e-44
-9.80909e-45
-4.2039e-45
1.4013e-45
8.40779e-45
1.4013e-44
1.68156e-44
1.82169e-44
1.82169e-44
1.82169e-44
1.68156e-44
1.54143e-44
1.4013e-44
1.26117e-44
1.12104e-44
9.80909e-45
8.40779e-45
5.60519e-45
4.2039e-45
4.2039e-45
5.60519e-45
8.40779e-45
1.12104e-44
1.4013e-44
1.68156e-44
1.96182e-44
2.24208e-44
2.52234e-44
2.8026e-44
2.94273e-44
3.08286e-44
2.94273e-44
2.52234e-44
1.96182e-44
1.26117e-44
5.60519e-45
-1.4013e-45
-8.40779e-45
-1.54143e-44
-2.10195e-44
-2.66247e-44
-3.08286e-44
-3.36312e-44
-3.64338e-44
-3.78351e-44
-3.78351e-44
-3.64338e-44
-3.36312e-44
-3.08286e-44
-2.66247e-44
-2.10195e-44
-1.54143e-44
-9.80909e-45
-4.2039e-45
1.4013e-45
7.00649e-45
1.4013e-44
1.82169e-44
2.10195e-44
2.24208e-44
2.24208e-44
2.24208e-44
2.10195e-44
1.96182e-44
1.82169e-44
1.68156e-44
1.54143e-44
1.4013e-44
1.26117e-44
9.80909e-45
8.40779e-45
8.40779e-45
9.80909e-45
1.12104e-44
1.12104e-44
1.26117e-44
1.4013e-44
1.54143e-44
1.68156e-44
1.82169e-44
1.96182e-44
2.10195e-44
2.38221e-44
2.52234e-44
2.52234e-44
2.38221e-44
2.10195e-44
1.82169e-44
1.4013e-44
9.80909e-45
5.60519e-45
1.4013e-45
-2.8026e-45
-7.00649e-45
-1.12104e-44
-1.54143e-44
-1.82169e-44
-1.96182e-44
-1.96182e-44
-1.82169e-44
-1.68156e-44
-1.4013e-44
-1.12104e-44
-8.40779e-45
-7.00649e-45
-5.60519e-45
-4.2039e-45
-2.8026e-45
0
1.4013e-45
1.4013e-45
0
-2.8026e-45
-5.60519e-45
-9.80909e-45
-1.26117e-44
-1.4013e-44
-1.54143e-44
-1.68156e-44
-1.82169e-44
-1.96182e-44
-2.24208e-44
-2.38221e-44
-2.38221e-44
-2.24208e-44
-1.96182e-44
-1.68156e-44
-1.26117e-44
-8.40779e-45
-5.60519e-45
-2.8026e-45
0
2.8026e-45
5.60519e-45
9.80909e-45
1.12104e-44
9.80909e-45
7.00649e-45
2.8026e-45
-1.4013e-45
-7.00649e-45
-1.26117e-44
-1.68156e-44
-2.10195e-44
-2.52234e-44
-2.94273e-44
-3.22299e-44
-3.50325e-44
-3.50325e-44
-3.36312e-44
-3.08286e-44
-2.66247e-44
-2.10195e-44
-1.4013e-44
-7.00649e-45
-1.4013e-45
4.2039e-45
9.80909e-45
1.4013e-44
1.68156e-44
2.10195e-44
2.38221e-44
2.52234e-44
2.52234e-44
2.38221e-44
2.24208e-44
1.96182e-44
1.68156e-44
1.4013e-44
1.12104e-44
8.40779e-45
7.00649e-45
5.60519e-45
2.8026e-45
1.4013e-45
1.4013e-45
2.8026e-45
5.60519e-45
8.40779e-45
1.26117e-44
1.54143e-44
1.82169e-44
2.10195e-44
2.38221e-44
2.66247e-44
2.8026e-44
2.94273e-44
2.8026e-44
2.38221e-44
1.82169e-44
1.12104e-44
4.2039e-45
-2.8026e-45
-9.80909e-45
-1.54143e-44
-1.96182e-44
-2.38221e-44
-2.8026e-44
-3.08286e-44
-3.36312e-44
-3.36312e-44
-3.22299e-44
-2.94273e-44
-2.38221e-44
-1.82169e-44
-1.12104e-44
-4.2039e-45
1.4013e-45
7.00649e-45
1.26117e-44
1.68156e-44
2.10195e-44
2.66247e-44
2.94273e-44
2.94273e-44
2.66247e-44
2.10195e-44
1.54143e-44
8.40779e-45
2.8026e-45
-2.8026e-45
-8.40779e-45
-1.4013e-44
-1.82169e-44
-2.24208e-44
-2.8026e-44
-3.08286e-44
-3.08286e-44
-2.8026e-44
-2.24208e-44
-1.68156e-44
-9.80909e-45
-2.8026e-45
4.2039e-45
1.12104e-44
1.68156e-44
2.24208e-44
2.8026e-44
3.36312e-44
3.64338e-44
3.78351e-44
3.78351e-44
3.64338e-44
3.50325e-44
3.22299e-44
2.94273e-44
2.52234e-44
2.10195e-44
1.68156e-44
1.26117e-44
8.40779e-45
4.2039e-45
1.4013e-45
0
0
1.4013e-45
2.8026e-45
5.60519e-45
8.40779e-45
1.12104e-44
1.26117e-44
1.4013e-44
1.54143e-44
1.68156e-44
1.96182e-44
2.10195e-44
2.10195e-44
1.96182e-44
1.68156e-44
1.4013e-44
9.80909e-45
5.60519e-45
1.4013e-45
-2.8026e-45
-7.00649e-45
-1.12104e-44
-1.4013e-44
-1.82169e-44
-2.10195e-44
-2.24208e-44
-2.24208e-44
-2.10195e-44
-1.96182e-44
-1.68156e-44
-1.4013e-44
-1.12104e-44
-8.40779e-45
-7.00649e-45
-5.60519e-45
-4.2039e-45
-1.4013e-45
0
0
-1.4013e-45
-4.2039e-45
-7.00649e-45
-1.12104e-44
-1.4013e-44
-1.68156e-44
-1.96182e-44
-2.24208e-44
-2.52234e-44
-2.8026e-44
-3.08286e-44
-3.08286e-44
-2.8026e-44
-2.24208e-44
-1.54143e-44
-8.40779e-45
-1.4013e-45
5.60519e-45
1.26117e-44
1.82169e-44
2.38221e-44
2.94273e-44
3.36312e-44
3.78351e-44
4.06377e-44
4.2039e-44
4.2039e-44
4.06377e-44
3.92364e-44
3.64338e-44
3.36312e-44
3.08286e-44
2.8026e-44
2.38221e-44
1.96182e-44
1.54143e-44
9.80909e-45
5.60519e-45
2.8026e-45
1.4013e-45
1.4013e-45
1.4013e-45
2.8026e-45
4.2039e-45
5.60519e-45
7.00649e-45
8.40779e-45
9.80909e-45
9.80909e-45
9.80909e-45
7.00649e-45
2.8026e-45
-2.8026e-45
-9.80909e-45
-1.54143e-44
-2.10195e-44
-2.66247e-44
-3.08286e-44
-3.36312e-44
-3.50325e-44
-3.64338e-44
-3.78351e-44
-4.06377e-44
-4.2039e-44
-4.2039e-44
-4.06377e-44
-3.78351e-44
-3.50325e-44
-3.08286e-44
-2.66247e-44
-2.10195e-44
-1.54143e-44
-9.80909e-45
-4.2039e-45
1.4013e-45
8.40779e-45
1.4013e-44
1.68156e-44
1.82169e-44
1.82169e-44
1.82169e-44
1.68156e-44
1.54143e-44
1.4013e-44
1.26117e-44
1.12104e-44
9.80909e-45
8.40779e-45
5.60519e-45
4.2039e-45
4.2039e-45
5.60519e-45
8.40779e-45
1.12104e-44
1.4013e-44
1.68156e-44
1.96182e-44
2.24208e-44
2.52234e-44
2.8026e-44
2.94273e-44
3.08286e-44
2.94273e-44
2.52234e-44
1.96182e-44
1.26117e-44
5.60519e-45
-1.4013e-45
-8.40779e-45
-1.54143e-44
-2.10195e-44
-2.66247e-44
-3.08286e-44
-3.36312e-44
-3.64338e-44
-3.78351e-44
-3.78351e-44
-3.64338e-44
-3.36312e-44
-3.08286e-44
-2.66247e-44
-2.10195e-44
-1.54143e-44
-9.80909e-45
-4.2039e-45
1.4013e-45
7.00649e-45
1.4013e-44
1.82169e-44
2.10195e-44
2.24208e-44
2.24208e-44
2.24208e-44
2.10195e-44
1.96182e-44
1.82169e-44
1.68156e-44
1.54143e-44
1.4013e-44
1.26117e-44
9.80909e-45
8.40779e-45
8.40779e-45
9.80909e-45
1.12104e-44
1.12104e-44
1.26117e-44
1.4013e-44
1.54143e-44
1.68156e-44
1.82169e-44
1.96182e-44
2.10195e-44
2.38221e-44
2.52234e-44
2.52234e-44
2.38221e-44
2.10195e-44
1.82169e-44
1.4013e-44
9.80909e-45
5.60519e-45
1.4013e-45
-2.8026e-45
-7.00649e-45
-1.12104e-44
-1.54143e-44
-1.82169e-44
-1.96182e-44
-1.96182e-44
-1.82169e-44
-1.68156e-44
-1.4013e-44
-1.12104e-44
-8.40779e-45
-7.00649e-45
-5.60519e-45
-4.2039e-45
-2.8026e-45
0
1.4013e-45
1.4013e-45
0
-2.8026e-45
-5.60519e-45
-9.80909e-45
-1.26117e-44
-1.4013e-44
-1.54143e-44
-1.68156e-44
-1.82169e-44
-1.96182e-44
-2.24208e-44
-2.38221e-44
-2.38221e-44
-2.24208e-44
-1.96182e-44
-1.68156e-44
-1.26117e-44
-8.40779e-45
-5.60519e-45
-2.8026e-45
0
2.8026e-45
5.60519e-45
9.80909e-45
1.12104e-44
9.80909e-45
7.00649e-45
2.8026e-45
-1.4013e-45
-7.00649e-45
-1.26117e-44
-1.68156e-44
-2.10195e-44
-2.52234e-44
-2.94273e-44
-3.22299e-44
-3.50325e-44
-3.50325e-44
-3.36312e-44
-3.08286e-44
-2.66247e-44
-2.10195e-44
-1.4013e-44
-7.00649e-45
-1.4013e-45
4.2039e-45
9.80909e-45
1.4013e-44
1.68156e-44
2.10195e-44
2.38221e-44
2.52234e-44
2.52234e-44
2.38221e-44
2.24208e-44
1.96182e-44
1.68156e-44
1.4013e-44
1.12104e-44
8.40779e-45
7.00649e-45
5.60519e-45
2.8026e-45
1.4013e-45
1.4013e-45
2.8026e-45
5.60519e-45
8.40779e-45
1.26117e-44
1.54143e-44
1.82169e-44
2.10195e-44
2.38221e-44
2.66247e-44
2.8026e-44
2.94273e-44
2.8026e-44
2.38221e-44
1.82169e-44
1.12104e-44
4.2039e-45
-2.8026e-45
-9.80909e-45
-1.54143e-44
-1.96182e-44
-2.38221e-44
-2.8026e-44
-3.08286e-44
-3.36312e-44
-3.36312e-44
-3.22299e-44
-2.94273e-44
-2.38221e-44
-1.82169e-44
-1.12104e-44
-4.2039e-45
1.4013e-45
7.00649e-45
1.26117e-44
1.68156e-44
2.10195e-44
2.66247e-44
2.94273e-44
2.94273e-44
2.66247e-44
2.10195e-44
1.54143e-44
8.40779e-45
2.8026e-45
-2.8026e-45
-8.40779e-45
-1.4013e-44
-1.82169e-44
-2.24208e-44
-2.8026e-44
-3.08286e-44
-3.08286e-44
-2.8026e-44
-2.24208e-44
-1.68156e-44
-9.80909e-45
-2.8026e-45
4.2039e-45
1.12104e-44
1.68156e-44
2.24208e-44
2.8026e-44
3.36312e-44
3.64338e-44
3.78351e-44
3.78351e-44
3.64338e-44
3.50325e-44
3.22299e-44
2.94273e-44
2.52234e-44
2.10195e-44
1.68156e-44
1.26117e-44
8.40779e-45
4.2039e-45
1.4013e-45
0
0
1.4013e-45
2.8026e-45
5.60519e-45
8.40779e-45
1.12104e-44
1.26117e-44
1.4013e-44
1.54143e-44
1.68156e-44
1.96182e-44
2.10195e-44
2.10195e-44
1.96182e-44
1.68156e-44
1.4013e-44
9.80909e-45
5.60519e-45
1.4013e-45
-2.8026e-45
-7.00649e-45
-1.12104e-44
-1.4013e-44
-1.82169e-44
-2.10195e-44
-2.24208e-44
-2.24208e-44
-2.10195e-44
-1.96182e-44
-1.68156e-44
-1.4013e-44
-1.12104e-44
-8.40779e-45
-7.00649e-45
-5.60519e-45
-4.2039e-45
-1.4013e-45
0
0
-1.4013e-45
-4.2039e-45
-7.00649e-45
-1.12104e-44
-1.4013e-44
-1.68156e-44
-1.96182e-44
-2.24208e-44
-2.52234e-44
-2.8026e-44
-3.08286e-44
-3.08286e-44
-2.8026e-44
-2.24208e-44
-1.54143e-44
-8.40779e-45
-1.4013e-45
5.60519e-45
1.26117e-44
1.82169e-44
2.38221e-44
2.94273e-44
3.36312e-44
3.78351e-44
4.06377e-44
4.2039e-44
4.2039e-44
4.06377e-44
3.92364e-44
3.64338e-44
3.36312e-44
3.08286e-44
2.8026e-44
2.38221e-44
1.96182e-44
1.54143e-44
9.80909e-45
5.60519e-45
2.8026e-45
1.4013e-45
1.4013e-45
1.4013e-45
2.8026e-45
4.2039e-45
5.60519e-45
7.00649e-45
8.40779e-45
9.80909e-45
9.80909e-45
9.80909e-45
7.00649e-45
2.8026e-45
-2.8026e-45
-9.80909e-45
-1.54143e-44
-2.10195e-44
-2.66247e-44
-3.08286e-44
-3.36312e-44
-3.50325e-44
-3.64338e-44
-3.78351e-44
-4.06377e-44
-4.2039e-44
-4.2039e-44
-4.06377e-44
-3.78351e-44
-3.50325e-44
-3.08286e-44
-2.66247e-44
-2.10195e-44
-1.54143e-44
-9.80909e-45
-4.2039e-45
1.4013e-45
8.40779e-45
1.4013e-44
1.68156e-44
1.82169e-44
1.82169e-44
1.82169e-44
1.68156e-44
1.54143e-44
1.4013e-44
1.26117e-44
1.12104e-44
9.80909e-45
8.40779e-45
5.60519e-45
4.2039e-45
4.2039e-45
5.60519e-45
8.40779e-45
1.12104e-44
1.4013e-44
1.68156e-44
1.96182e-44
2.24208e-44
2.52234e-44
2.8026e-44
2.94273e-44
3.08286e-44
2.94273e-44
2.52234e-44
1.96182e-44
1.26117e-44
5.60519e-45
-1.4013e-45
-8.40779e-45
-1.54143e-44
-2.10195e-44
-2.66247e-44
-3.08286e-44
-3.36312e-44
-3.64338e-44
-3.78351e-44
-3.78351e-44
-3.64338e-44
-3.36312e-44
-3.08286e-44
-2.66247e-44
-2.10195e-44
-1.54143e-44
-9.80909e-45
-4.2039e-45
1.4013e-45
7.00649e-45
1.4013e-44
1.82169e-44
2.10195e-44
2.24208e-44
2.24208e-44
2.24208e-44
2.10195e-44
1.96182e-44
1.82169e-44
1.68156e-44
1.54143e-44
1.4013e-44
1.26117e-44
9.80909e-45
8.40779e-45
8.40779e-45
9.80909e-45
1.12104e-44
1.12104e-44
1.26117e-44
1.4013e-44
1.54143e-44
1.68156e-44
1.82169e-44
1.96182e-44
2.10195e-44
2.38221e-44
2.52234e-44
2.52234e-44
2.38221e-44
2.10195e-44
1.82169e-44
1.4013e-44
9.80909e-45
5.60519e-45
1.4013e-45
-2.8026e-45
-7.00649e-45
-1.12104e-44
-1.54143e-44
-1.82169e-44
-1.96182e-44
-1.96182e-44
-1.82169e-44
-1.68156e-44
-1.4013e-44
-1.12104e-44
-8.40779e-45
-7.00649e-45
-5.60519e-45
-4.2039e-45
-2.8026e-45
0
1.4013e-45
1.4013e-45
0
-2.8026e-45
-5.60519e-45
-9.80909e-45
-1.26117e-44
-1.4013e-44
-1.54143e-44
-1.68156e-44
-1.82169e-44
-1.96182e-44
-2.24208e-44
-2.38221e-44
-2.38221e-44
-2.24208e-44
-1.96182e-44
-1.68156e-44
-1.26117e-44
-8.40779e-45
-5.60519e-45
-2.8026e-45
0
2.8026e-45
5.60519e-45
9.80909e-45
1.12104e-44
9.80909e-45
7.00649e-45
2.8026e-45
-1.4013e-45
-7.00649e-45
-1.26117e-44
-1.68156e-44
-2.10195e-44
-2.52234e-44
-2.94273e-44
-3.22299e-44
-3.50325e-44
-3.50325e-44
-3.36312e-44
-3.08286e-44
-2.66247e-44
-2.10195e-44
-1.4013e-44
-7.00649e-45
-1.4013e-45
4.2039e-45
9.80909e-45
1.4013e-44
1.68156e-44
2.10195e-44
2.38221e-44
2.52234e-44
2.52234e-44
2.38221e-44
2.24208e-44
1.96182e-44
1.68156e-44
1.4013e-44
1.12104e-44
8.40779e-45
7.00649e-45
5.60519e-45
2.8026e-45
1.4013e-45
1.4013e-45
2.8026e-45
5.60519e-45
8.40779e-45
1.26117e-44
1.54143e-44
1.82169e-44
2.10195e-44
2.38221e-44
2.66247e-44
2.8026e-44
2.94273e-44
2.8026e-44
2.38221e-44
1.82169e-44
1.12104e-44
4.2039e-45
-2.8026e-45
-9.80909e-45
-1.54143e-44
-1.96182e-44
-2.38221e-44
-2.8026e-44
-3.08286e-44
-3.36312e-44
-3.36312e-44
-3.22299e-44
-2.94273e-44
-2.38221e-44
-1.82169e-44
-1.12104e-44
-4.2039e-45
1.4013e-45
7.00649e-45
1.26117e-44
1.68156e-44
2.10195e-44
2.66247e-44
2.94273e-44
2.94273e-44
2.66247e-44
2.10195e-44
1.54143e-44
8.40779e-45
2.8026e-45
-2.8026e-45
-8.40779e-45
-1.4013e-44
-1.82169e-44
-2.24208e-44
-2.8026e-44
-3.08286e-44
-3.08286e-44
-2.8026e-44
-2.24208e-44
-1.68156e-44
-9.80909e-45
-2.8026e-45
4.2039e-45
1.12104e-44
1.68156e-44
2.24208e-44
2.8026e-44
3.36312e-44
3.64338e-44
3.78351e-44
3.78351e-44
3.64338e-44
3.50325e-44
3.22299e-44
2.94273e-44
2.52234e-44
2.10195e-44
1.68156e-44
1.26117e-44
8.40779e-45
4.2039e-45
1.4013e-45
0
0
1.4013e-45
2.8026e-45
5.60519e-45
8.40779e-45
1.12104e-44
1.26117e-44
1.4013e-44
1.54143e-44
1.68156e-44
1.96182e-44
2.10195e-44
2.10195e-44
1.96182e-44
1.68156e-44
1.4013e-44
9.80909e-45
5.60519e-45
1.4013e-45
-2.8026e-45
-7.00649e-45
-1.12104e-44
-1.4013e-44
-1.82169e-44
-2.10195e-44
-2.24208e-44
-2.24208e-44
-2.10195e-44
-1.96182e-44
-1.68156e-44
-1.4013e-44
-1.12104e-44
-8.40779e-45
-7.00649e-45
-5.60519e-45
-4.2039e-45
-1.4013e-45
0
0
-1.4013e-45
-4.2039e-45
-7.00649e-45
-1.12104e-44
-1.4013e-44
-1.68156e-44
-1.96182e-44
-2.24208e-44
-2.52234e-44
-2.8026e-44
-3.08286e-44
-3.08286e-44
-2.8026e-44
-2.24208e-44
-1.54143e-44
-8.40779e-45
-1.4013e-45
5.60519e-45
1.26117e-44
1.82169e-44
2.38221e-44
2.94273e-44
3.36312e-44
3.78351e-44
4.06377e-44
4.2039e-44
4.2039e-44
4.06377e-44
3.92364e-44
3.64338e-44
3.36312e-44
3.08286e-44
2.8026e-44
2.38221e-44
1.96182e-44
1.54143e-44
9.80909e-45
5.60519e-45
2.8026e-45
1.4013e-45
1.4013e-45
1.4013e-45
2.8026e-45
4.2039e-45
5.60519e-45
7.00649e-45
8.40779e-45
9.80909e-45
9.80909e-45
9.80909e-45
7.00649e-45
2.8026e-45
-2.8026e-45
-9.80909e-45
-1.54143e-44
-2.10195e-44
-2.66247e-44
-3.08286e-44
-3.36312e-44
-3.50325e-44
-3.64338e-44
-3.78351e-44
-4.06377e-44
-4.2039e-44
-4.2039e-44
-4.06377e-44
-3.78351e-44
-3.50325e-44
-3.08286e-44
-2.66247e-44
-2.10195e-44
-1.54143e-44
-9.80909e-45
-4.2039e-45
1.4013e-45
8.40779e-45
1.4013e-44
1.68156e-44
1.82169e-44
1.82169e-44
1.82169e-44
1.68156e-44
1.54143e-44
1.4013e-44
1.26117e-44
1.12104e-44
9.80909e-45
8.40779e-45
5.60519e-45
4.2039e-45
4.2039e-45
5.60519e-45
8.40779e-45
1.12104e-44
1.4013e-44
1.68156e-44
1.96182e-44
2.24208e-44
2.52234e-44
2.8026e-44
2.94273e-44
3.08286e-44
2.94273e-44
2.52234e-44
1.96182e-44
1.26117e-44
5.60519e-45
-1.4013e-45
-8.40779e-45
-1.54143e-44
-2.10195e-44
-2.66247e-44
-3.08286e-44
-3.36312e-44
-3.64338e-44
-3.78351e-44
-3.78351e-44
-3.64338e-44
-3.36312e-44
-3.08286e-44
-2.66247e-44
-2.10195e-44
-1.54143e-44
-9.80909e-45
-4.2039e-45
1.4013e-45
7.00649e-45
1.4013e-44
1.82169e-44
2.10195e-44
2.24208e-44
2.24208e-44
2.24208e-44
2.10195e-44
1.96182e-44
1.82169e-44
1.68156e-44
1.54143e-44
1.4013e-44
1.26117e-44
9.80909e-45
8.40779e-45
8.40779e-45
9.80909e-45
1.12104e-44
1.12104e-44
1.26117e-44
1.4013e-44
1.54143e-44
1.68156e-44
1.82169e-44
1.96182e-44
2.10195e-44
2.38221e-44
2.52234e-44
2.52234e-44
2.38221e-44
2.10195e-44
1.82169e-44
1.4013e-44
9.80909e-45
5.60519e-45
1.4013e-45
-2.8026e-45
-7.00649e-45
-1.12104e-44
-1.54143e-44
-1.82169e-44
-1.96182e-44
-1.96182e-44
-1.82169e-44
-1.68156e-44
-1.4013e-44
-1.12104e-44
-8.40779e-45
-7.00649e-45
-5.60519e-45
-4.2039e-45
-2.8026e-45
0
1.4013e-45
1.4013e-45
0
-2.8026e-45
-5.60519e-45
-9.80909e-45
-1.26117e-44
-1.4013e-44
-1.54143e-44
-1.68156e-44
-1.82169e-44
-1.96182e-44
-2.24208e-44
-2.38221e-44
-2.38221e-44
-2.24208e-44
-1.96182e-44
-1.68156e-44
-1.26117e-44
-8.40779e-45
-5.60519e-45
-2.8026e-45
0
2.8026e-45
5.60519e-45
9.80909e-45
1.12104e-44
9.80909e-45
7.00649e-45
2.8026e-45
-1.4013e-45
-7.00649e-45
-1.26117e-44
-1.68156e-44
-2.10195e-44
-2.52234e-44
-2.94273e-44
-3.22299e-44
-3.50325e-44
-3.50325e-44
-3.36312e-44
-3.08286e-44
-2.66247e-44
-2.10195e-44
-1.4013e-44
-7.00649e-45
-1.4013e-45
4.2039e-45
9.80909e-45
1.4013e-44
1.68156e-44
2.10195e-44
2.38221e-44
2.52234e-44
2.52234e-44
2.38221e-44
2.24208e-44
1.96182e-44
1.68156e-44
1.4013e-44
1.12104e-44
8.40779e-45
7.00649e-45
5.60519e-45
2.8026e-45
1.4013e-45
1.4013e-45
2.8026e-45
5.60519e-45
8.40779e-45
1.26117e-44
1.54143e-44
1.82169e-44
2.10195e-44
2.38221e-44
2.66247e-44
2.8026e-44
2.94273e-44
2.8026e-44
2.38221e-44
1.82169e-44
1.12104e-44
4.2039e-45
-2.8026e-45
-9.80909e-45
-1.54143e-44
-1.96182e-44
-2.38221e-44
-2.8026e-44
-3.08286e-44
-3.36312e-44
-3.36312e-44
-3.22299e-44
-2.94273e-44
-2.38221e-44
-1.82169e-44
-1.12104e-44
-4.2039e-45
1.4013e-45
7.00649e-45
1.26117e-44
1.68156e-44
2.10195e-44
2.66247e-44
2.94273e-44
2.94273e-44
2.66247e-44
2.10195e-44
1.54143e-44
8.40779e-45
2.8026e-45
-2.8026e-45
-8.40779e-45
-1.4013e-44
-1.82169e-44
-2.24208e-44
-2.8026e-44
-3.08286e-44
-3.08286e-44
-2.8026e-44
-2.24208e-44
-1.68156e-44
-9.80909e-45
-2.8026e-45
4.2039e-45
1.12104e-44
1.68156e-44
2.24208e-44
2.8026e-44
3.36312e-44
3.64338e-44
3.78351e-44
3.78351e-44
3.64338e-44
3.50325e-44
3.22299e-44
2.94273e-44
2.52234e-44
2.10195e-44
1.68156e-44
1.26117e-44
8.40779e-45
4.2039e-45
1.4013e-45
0
0
1.4013e-45
2.8026e-45
5.60519e-45
8.40779e-45
1.12104e-44
1.26117e-44
1.4013e-44
1.54143e-44
1.68156e-44
1.96182e-44
2.10195e-44
2.10195e-44
1.96182e-44
1.68156e-44
1.4013e-44
9.80909e-45
5.60519e-45
1.4013e-45
-2.8026e-45
-7.00649e-45
-1.12104e-44
-1.4013e-44
-1.82169e-44
-2.10195e-44
-2.24208e-44
-2.24208e-44
-2.10195e-44
-1.96182e-44
-1.68156e-44
-1.4013e-44
-1.12104e-44
-8.40779e-45
-7.00649e-45
-5.60519e-45
-4.2039e-45
-1.4013e-45
0
0
-1.4013e-45
-4.2039e-45
-7.00649e-45
-1.12104e-44
-1.4013e-44
-1.68156e-44
-1.96182e-44
-2.24208e-44
-2.52234e-44
-2.8026e-44
-3.08286e-44
-3.08286e-44
-2.8026e-44
-2.24208e-44
-1.54143e-44
-8.40779e-45
-1.4013e-45
5.60519e-45
1.26117e-44
1.82169e-44
2.38221e-44
2.94273e-44
3.36312e-44
3.78351e-44
4.06377e-44
4.2039e-44
4.2039e-44
4.06377e-44
3.92364e-44
3.64338e-44
3.36312e-44
3.08286e-44
2.8026e-44
2.38221e-44
1.96182e-44
1.54143e-44
9.80909e-45
5.60519e-45
2.8026e-45
1.4013e-45
1.4013e-45
1.4013e-45
2.8026e-45
4.2039e-45
5.60519e-45
7.00649e-45
8.40779e-45
9.80909e-45
9.80909e-45
9.80909e-45
7.00649e-45
2.8026e-45
-2.8026e-45
-9.80909e-45
-1.54143e-44
-2.10195e-44
-2.66247e-44
-3.08286e-44
-3.36312e-44
-3.50325e-44
-3.64338e-44
-3.78351e-44
-4.06377e-44
-4.2039e-44
-4.2039e-44
-4.06377e-44
-3.78351e-44
-3.50325e-44
-3.08286e-44
-2.66247e-44
-2.10195e-44
-1.54143e-44
-9.80909e-45
-4.2039e-45
1.4013e-45
8.40779e-45
1.4013e-44
1.68156e-44
1.82169e-44
1.82169e-44
1.82169e-44
1.68156e-44
1.54143e-44
1.4013e-44
1.26117e-44
1.12104e-44
9.80909e-45
8.40779e-45
5.60519e-45
4.2039e-45
4.2039e-45
5.60519e-45
8.40779e-45
1.12104e-44
1.4013e-44
1.68156e-44
1.96182e-44
2.24208e-44
2.52234e-44
2.8026e-44
2.94273e-44
3.08286e-44
2.94273e-44
2.52234e-44
1.96182e-44
1.26117e-44
5.60519e-45
-1.4013e-45
-8.40779e-45
-1.54143e-44
-2.10195e-44
-2.66247e-44
-3.08286e-44
-3.36312e-44
-3.64338e-44
-3.78351e-44
-3.78351e-44
-3.64338e-44
-3.36312e-44
-3.08286e-44
-2.66247e-44
-2.10195e-44
-1.54143e-44
-9.80909e-45
-4.2039e-45
1.4013e-45
7.00649e-45
1.4013e-44
1.82169e-44
2.10195e-44
2.24208e-44
2.24208e-44
2.24208e-44
2.10195e-44
1.96182e-44
1.82169e-44
1.68156e-44
1.54143e-44
1.4013e-44
1.26117e-44
9.80909e-45
8.40779e-45
8.40779e-45
9.80909e-45
1.12104e-44
1.12104e-44
1.26117e-44
1.4013e-44
1.54143e-44
1.68156e-44
1.82169e-44
1.96182e-44
2.10195e-44
2.38221e-44
2.52234e-44
2.52234e-44
2.38221e-44
2.10195e-44
1.82169e-44
1.4013e-44
9.80909e-45
5.60519e-45
1.4013e-45
-2.8026e-45
-7.00649e-45
-1.12104e-44
-1.54143e-44
-1.82169e-44
-1.96182e-44
-1.96182e-44
-1.82169e-44
-1.68156e-44
-1.4013e-44
-1.12104e-44
-8.40779e-45
-7.00649e-45
-5.60519e-45
-4.2039e-45
-2.8026e-45
0
1.4013e-45
1.4013e-45
0
-2.8026e-45
-5.60519e-45
-9.80909e-45
-1.26117e-44
-1.4013e-44
-1.54143e-44
-1.68156e-44
-1.82169e-44
-1.96182e-44
-2.24208e-44
-2.38221e-44
-2.38221e-44
-2.24208e-44
-1.96182e-44
-1.68156e-44
-1.26117e-44
-8.40779e-45
-5.60519e-45
-2.8026e-45
0
2.8026e-45
5.60519e-45
9.80909e-45
1.12104e-44
9.80909e-45
7.00649e-45
2.8026e-45
-1.4013e-45
-7.00649e-45
-1.26117e-44
-1.68156e-44
-2.10195e-44
-2.52234e-44
-2.94273e-44
-3.22299e-44
-3.50325e-44
-3.50325e-44
-3.36312e-44
-3.08286e-44
-2.66247e-44
-2.10195e-44
-1.4013e-44
-7.00649e-45
-1.4013e-45
4.2039e-45
9.80909e-45
1.4013e-44
1.68156e-44
2.10195e-44
2.38221e-44
2.52234e-44
2.52234e-44
2.38221e-44
2.24208e-44
1.96182e-44
1.68156e-44
1.4013e-44
1.12104e-44
8.40779e-45
7.00649e-45
5.60519e-45
2.8026e-45
1.4013e-45
1.4013e-45
2.8026e-45
5.60519e-45
8.40779e-45
1.26117e-44
1.54143e-44
1.82169e-44
2.10195e-44
2.38221e-44
2.66247e-44
2.8026e-44
2.94273e-44
2.8026e-44
2.38221e-44
1.82169e-44
1.12104e-44
4.2039e-45
-2.8026e-45
-9.80909e-45
-1.54143e-44
-1.96182e-44
-2.38221e-44
-2.8026e-44
-3.08286e-44
-3.36312e-44
-3.36312e-44
-3.22299e-44
-2.94273e-44
-2.38221e-44
-1.82169e-44
-1.12104e-44
-4.2039e-45
1.4013e-45
7.00649e-45
1.26117e-44
1.68156e-44
2.10195e-44
2.66247e-44
2.94273e-44
2.94273e-44
2.66247e-44
2.10195e-44
1.54143e-44
8.40779e-45
2.8026e-45
-2.8026e-45
-8.40779e-45
-1.4013e-44
-1.82169e-44
-2.24208e-44
-2.8026e-44
-3.08286e-44
-3.08286e-44
-2.8026e-44
-2.24208e-44
-1.68156e-44
-9.80909e-45
-2.8026e-45
4.2039e-45
1.12104e-44
1.68156e-44
2.24208e-44
2.8026e-44
3.36312e-44
3.64338e-44
3.78351e-44
3.78351e-44
3.64338e-44
3.50325e-44
3.22299e-44
2.94273e-44
2.52234e-44
2.10195e-44
1.68156e-44
1.26117e-44
8.40779e-45
4.2039e-45
1.4013e-45
0
0
1.4013e-45
2.8026e-45
5.60519e-45
8.40779e-45
1.12104e-44
1.26117e-44
1.4013e-44
1.54143e-44
1.68156e-44
1.96182e-44
2.10195e-44
2.10195e-44
1.96182e-44
1.68156e-44
1.4013e-44
9.80909e-45
5.60519e-45
1.4013e-45
-2.8026e-45
-7.00649e-45
-1.12104e-44
-1.4013e-44
-1.82169e-44
-2.10195e-44
-2.24208e-44
-2.24208e-44
-2.10195e-44
-1.96182e-44
-1.68156e-44
-1.4013e-44
-1.12104e-44
-8.40779e-45
-7.00649e-45
-5.60519e-45
-4.2039e-45
-1.4013e-45
0
0
-1.4013e-45
-4.2039e-45
-7.00649e-45
-1.12104e-44
-1.4013e-44
-1.68156e-44
-1.96182e-44
-2.24208e-44
-2.52234e-44
-2.8026e-44
-3.08286e-44
-3.08286e-44
-2.8026e-44
-2.24208e-44
-1.54143e-44
-8.40779e-45
-1.4013e-45
5.60519e-45
1.26117e-44
1.82169e-44
2.38221e-44
2.94273e-44
3.36312e-44
3.78351e-44
4.06377e-44
4.2039e-44
4.2039e-44
4.06377e-44
3.92364e-44
3.64338e-44
3.36312e-44
3.08286e-44
2.8026e-44
2.38221e-44
1.96182e-44
1.54143e-44
9.80909e-45
5.60519e-45
2.8026e-45
1.4013e-45
1.4013e-45
1.4013e-45
2.8026e-45
4.2039e-45
5.60519e-45
7.00649e-45
8.40779e-45
9.80909e-45
9.80909e-45
9.80909e-45
7.00649e-45
2.8026e-45
-2.8026e-45
-9.80909e-45
-1.54143e-44
-2.10195e-44
-2.66247e-44
-3.08286e-44
-3.36312e-44
-3.50325e-44
-3.64338e-44
-3.78351e-44
-4.06377e-44
-4.2039e-44
-4.2039e-44
-4.06377e-44
-3.78351e-44
-3.50325e-44
-3.08286e-44
-2.66247e-44
-2.10195e-44
-1.54143e-44
-9.80909e-45
-4.2039e-45
1.4013e-45
8.40779e-45
1.4013e-44
1.68156e-44
1.82169e-44
1.82169e-44
1.82169e-44
1.68156e-44
1.54143e-44
1.4013e-44
1.26117e-44
1.12104e-44
9.80909e-45
8.40779e-45
5.60519e-45
4.2039e-45
4.2039e-45
5.60519e-45
8.40779e-45
1.12104e-44
1.4013e-44
1.68156e-44
1.96182e-44
2.24208e-44
2.52234e-44
2.8026e-44
2.94273e-44
3.08286e-44
2.94273e-44
2.52234e-44
1.96182e-44
1.26117e-44
5.60519e-45
-1.4013e-45
-8.40779e-45
-1.54143e-44
-2.10195e-44
-2.66247e-44
-3.08286e-44
-3.36312e-44
-3.64338e-44
-3.78351e-44
-3.78351e-44
-3.64338e-44
-3.36312e-44
-3.08286e-44
-2.66247e-44
-2.10195e-44
-1.54143e-44
-9.80909e-45
-4.2039e-45
1.4013e-45
7.00649e-45
1.4013e-44
1.82169e-44
2.10195e-44
2.24208e-44
2.24208e-44
2.24208e-44
2.10195e-44
1.96182e-44
1.82169e-44
1.68156e-44
1.54143e-44
1.4013e-44
1.26117e-44
9.80909e-45
8.40779e-45
8.40779e-45
9.80909e-45
1.12104e-44
1.12104e-44
1.26117e-44
1.4013e-44
1.54143e-44
1.68156e-44
1.82169e-44
1.96182e-44
2.10195e-44
2.38221e-44
2.52234e-44
2.52234e-44
2.38221e-44
2.10195e-44
1.82169e-44
1.4013e-44
9.80909e-45
5.60519e-45
1.4013e-45
-2.8026e-45
-7.00649e-45
-1.12104e-44
-1.54143e-44
-1.82169e-44
-1.96182e-44
-1.96182e-44
-1.82169e-44
-1.68156e-44
-1.4013e-44
-1.12104e-44
-8.40779e-45
-7.00649e-45
-5.60519e-45
-4.2039e-45
-2.8026e-45
0
1.4013e-45
1.4013e-45
0
-2.8026e-45
-5.60519e-45
-9.80909e-45
-1.26117e-44
-1.4013e-44
-1.54143e-44
-1.68156e-44
-1.82169e-44
-1.96182e-44
-2.24208e-44
-2.38221e-44
-2.38221e-44
-2.24208e-44
-1.96182e-44
-1.68156e-44
-1.26117e-44
-8.40779e-45
-5.60519e-45
-2.8026e-45
0
2.8026e-45
5.60519e-45
9.80909e-45
1.12104e-44
9.80909e-45
7.00649e-45
2.8026e-45
-1.4013e-45
-7.00649e-45
-1.26117e-44
-1.68156e-44
-2.10195e-44
-2.52234e-44
-2.94273e-44
-3.22299e-44
-3.50325e-44
-3.50325e-44
-3.36312e-44
-3.08286e-44
-2.66247e-44
-2.10195e-44
-1.4013e-44
-7.00649e-45
-1.4013e-45
4.2039e-45
9.80909e-45
1.4013e-44
1.68156e-44
2.10195e-44
2.38221e-44
2.52234e-44
2.52234e-44
2.38221e-44
2.24208e-44
1.96182e-44
1.68156e-44
1.4013e-44
1.12104e-44
8.40779e-45
7.00649e-45
5.60519e-45
2.8026e-45
1.4013e-45
1.4013e-45
2.8026e-45
5.60519e-45
8.40779e-45
1.26117e-44
1.54143e-44
1.82169e-44
2.10195e-44
2.38221e-44
2.66247e-44
2.8026e-44
2.94273e-44
2.8026e-44
2.38221e-44
1.82169e-44
1.12104e-44
4.2039e-45
-2.8026e-45
-9.80909e-45
-1.54143e-44
-1.96182e-44
-2.38221e-44
-2.8026e-44
-3.08286e-44
-3.36312e-44
-3.36312e-44
-3.22299e-44
-2.94273e-44
-2.38221e-44
-1.82169e-44
-1.12104e-44
-4.2039e-45
1.4013e-45
7.00649e-45
1.26117e-44
1.68156e-44
2.10195e-44
2.66247e-44
2.94273e-44
2.94273e-44
2.66247e-44
2.10195e-44
1.54143e-44
8.40779e-45
2.8026e-45
-2.8026e-45
-8.40779e-45
-1.4013e-44
-1.82169e-44
-2.24208e-44
-2.8026e-44
-3.08286e-44
-3.08286e-44
-2.8026e-44
-2.24208e-44
-1.68156e-44
-9.80909e-45
-2.8026e-45
4.2039e-45
1.12104e-44
1.68156e-44
2.24208e-44
2.8026e-44
3.36312e-44
3.64338e-44
3.78351e-44
3.78351e-44
3.64338e-44
3.50325e-44
3.22299e-44
2.94273e-44
2.52234e-44
2.10195e-44
1.68156e-44
1.26117e-44
8.40779e-45
4.2039e-45
1.4013e-45
0
0
1.4013e-45
2.8026e-45
5.60519e-45
8.40779e-45
1.12104e-44
1.26117e-44
1.4013e-44
1.54143e-44
1.68156e-44
1.96182e-44
2.10195e-44
2.10195e-44
1.96182e-44
1.68156e-44
1.4013e-44
9.80909e-45
5.60519e-45
1.4013e-45
-2.8026e-45
-7.00649e-45
-1.12104e-44
-1.4013e-44
-1.82169e-44
-2.10195e-44
-2.24208e-44
-2.24208e-44
-2.10195e-44
-1.96182e-44
-1.68156e-44
-1.4013e-44
-1.12104e-44
-8.40779e-45
-7.00649e-45
-5.60519e-45
-4.2039e-45
-1.4013e-45
0
0
-1.4013e-45
-4.2039e-45
-7.00649e-45
-1.12104e-44
-1.4013e-44
-1.68156e-44
-1.96182e-44
-2.24208e-44
-2.52234e-44
-2.8026e-44
-3.08286e-44
-3.08286e-44
-2.8026e-44
-2.24208e-44
-1.54143e-44
-8.40779e-45
-1.4013e-45
5.60519e-45
1.26117e-44
1.82169e-44
2.38221e-44
2.94273e-44
3.36312e-44
3.78351e-44
4.06377e-44
4.2039e-44
4.2039e-44
4.06377e-44
3.92364e-44
3.64338e-44
3.36312e-44
3.08286e-44
2.8026e-44
2.38221e-44
1.96182e-44
1.54143e-44
9.80909e-45
5.60519e-45
2.8026e-45
1.4013e-45
1.4013e-45
1.4013e-45
2.8026e-45
4.2039e-45
5.60519e-45
7.00649e-45
8.40779e-45
9.80909e-45
9.80909e-45
9.80909e-45
7.00649e-45
2.8026e-45
-2.8026e-45
-9.80909e-45
-1.54143e-44
-2.10195e-44
-2.66247e-44
-3.08286e-44
-3.36312e-44
-3.50325e-44
-3.64338e-44
-3.78351e-44
-4.06377e-44
-4.2039e-44
-4.2039e-44
-4.06377e-44
-3.78351e-44
-3.50325e-44
-3.08286e-44
-2.66247e-44
-2.10195e-44
-1.54143e-44
-9.80909e-45
-4.2039e-45
1.4013e-45
8.40779e-45
1.4013e-44
1.68156e-44
1.82169e-44
1.82169e-44
1.82169e-44
1.68156e-44
1.54143e-44
1.4013e-44
1.26117e-44
1.12104e-44
9.80909e-45
8.40779e-45
5.60519e-45
4.2039e-45
4.2039e-45
5.60519e-45
8.40779e-45
1.12104e-44
1.4013e-44
1.68156e-44
1.96182e-44
2.24208e-44
2.52234e-44
2.8026e-44
2.94273e-44
3.08286e-44
2.94273e-44
2.52234e-44
1.96182e-44
1.26117e-44
5.60519e-45
-1.4013e-45
-8.40779e-45
-1.54143e-44
-2.10195e-44
-2.66247e-44
-3.08286e-44
-3.36312e-44
-3.64338e-44
-3.78351e-44
-3.78351e-44
-3.64338e-44
-3.36312e-44
-3.08286e-44
-2.66247e-44
-2.10195e-44
-1.54143e-44
-9.80909e-45
-4.2039e-45
1.4013e-45
7.00649e-45
1.4013e-44
1.82169e-44
2.10195e-44
2.24208e-44
2.24208e-44
2.24208e-44
2.10195e-44
1.96182e-44
1.82169e-44
1.68156e-44
1.54143e-44
1.4013e-44
1.26117e-44
9.80909e-45
8.40779e-45
8.40779e-45
9.80909e-45
1.12104e-44
1.12104e-44
1.26117e-44
1.4013e-44
1.54143e-44
1.68156e-44
1.82169e-44
1.96182e-44
2.10195e-44
2.38221e-44
2.52234e-44
2.52234e-44
2.38221e-44
2.10195e-44
1.82169e-44
1.4013e-44
9.80909e-45
5.60519e-45
1.4013e-45
-2.8026e-45
-7.00649e-45
-1.12104e-44
-1.54143e-44
-1.82169e-44
-1.96182e-44
-1.96182e-44
-1.82169e-44
-1.68156e-44
-1.4013e-44
-1.12104e-44
-8.40779e-45
-7.00649e-45
-5.60519e-45
-4.2039e-45
-2.8026e-45
0
1.4013e-45
1.4013e-45
0
-2.8026e-45
-5.60519e-45
-9.80909e-45
-1.26117e-44
-1.4013e-44
-1.54143e-44
-1.68156e-44
-1.82169e-44
-1.96182e-44
-2.24208e-44
-2.38221e-44
-2.38221e-44
-2.24208e-44
-1.96182e-44
-1.68156e-44
-1.26117e-44
-8.40779e-45
-5.60519e-45
-2.8026e-45
0
2.8026e-45
5.60519e-45
9.80909e-45
1.12104e-44
9.80909e-45
7.00649e-45
2.8026e-45
-1.4013e-45
-7.00649e-45
-1.26117e-44
-1.68156e-44
-2.10195e-44
-2.52234e-44
-2.94273e-44
-3.22299e-44
-3.50325e-44
-3.50325e-44
-3.36312e-44
-3.08286e-44
-2.66247e-44
-2.10195e-44
-1.4013e-44
-7.00649e-45
-1.4013e-45
4.2039e-45
9.80909e-45
1.4013e-44
1.68156e-44
2.10195e-44
2.38221e-44
2.52234e-44
2.52234e-44
2.38221e-44
2.24208e-44
1.96182e-44
1.68156e-44
1.4013e-44
1.12104e-44
8.40779e-45
7.00649e-45
5.60519e-45
2.8026e-45
1.4013e-45
1.4013e-45
2.8026e-45
5.60519e-45
8.40779e-45
1.26117e-44
1.54143e-44
1.82169e-44
2.10195e-44
2.38221e-44
2.66247e-44
2.8026e-44
2.94273e-44
2.8026e-44
2.38221e-44
1.82169e-44
1.12104e-44
4.2039e-45
-2.8026e-45
-9.80909e-45
-1.54143e-44
-1.96182e-44
-2.38221e-44
-2.8026e-44
-3.08286e-44
-3.36312e-44
-3.36312e-44
-3.22299e-44
-2.94273e-44
-2.38221e-44
-1.82169e-44
-1.12104e-44
-4.2039e-45
1.4013e-45
7.00649e-45
1.26117e-44
1.68156e-44
2.10195e-44
2.66247e-44
2.94273e-44
2.94273e-44
2.66247e-44
2.10195e-44
1.54143e-44
8.40779e-45
2.8026e-45
-2.8026e-45
-8.40779e-45
-1.4013e-44
-1.82169e-44
-2.24208e-44
-2.8026e-44
-3.08286e-44
-3.08286e-44
-2.8026e-44
-2.24208e-44
-1.68156e-44
-9.80909e-45
-2.8026e-45
4.2039e-45
1.12104e-44
1.68156e-44
2.24208e-44
2.8026e-44
3.36312e-44
3.64338e-44
3.78351e-44
3.78351e-44
3.64338e-44
3.50325e-44
3.22299e-44
2.94273e-44
2.52234e-44
2.10195e-44
1.68156e-44
1.26117e-44
8.40779e-45
4.2039e-45
1.4013e-45
0
0
1.4013e-45
2.8026e-45
5.60519e-45
8.40779e-45
1.12104e-44
1.26117e-44
1.4013e-44
1.54143e-44
1.68156e-44
1.96182e-44
2.10195e-44
2.10195e-44
1.96182e-44
1.68156e-44
1.4013e-44
9.80909e-45
5.60519e-45
1.4013e-45
-2.8026e-45
-7.00649e-45
-1.12104e-44
-1.4013e-44
-1.82169e-44
-2.10195e-44
-2.24208e-44
-2.24208e-44
-2.10195e-44
-1.96182e-44
-1.68156e-44
-1.4013e-44
-1.12104e-44
-8.40779e-45
-7.00649e-45
-5.60519e-45
-4.2039e-45
-1.4013e-45
0
0
-1.4013e-45
-4.2039e-45
-7.00649e-45
-1.12104e-44
-1.4013e-44
-1.68156e-44
-1.96182e-44
-2.24208e-44
-2.52234e-44
-2.8026e-44
-3.08286e-44
-3.08286e-44
-2.8026e-44
-2.24208e-44
-1.54143e-44
-8.40779e-45
-1.4013e-45
5.60519e-45
1.26117e-44
1.82169e-44
2.38221e-44
2.94273e-44
3.36312e-44
3.78351e-44
4.06377e-44
4.2039e-44
4.2039e-44
4.06377e-44
3.92364e-44
3.64338e-44
3.36312e-44
3.08286e-44
2.8026e-44
2.38221e-44
1.96182e-44
1.54143e-44
9.80909e-45
5.60519e-45
2.8026e-45
1.4013e-45
1.4013e-45
1.4013e-45
2.8026e-45
4.2039e-45
5.60519e-45
7.00649e-45
8.40779e-45
9.80909e-45
9.80909e-45
9.80909e-45
7.00649e-45
2.8026e-45
-2.8026e-45
-9.80909e-45
-1.54143e-44
-2.10195e-44
-2.66247e-44
-3.08286e-44
-3.36312e-44
-3.50325e-44
-3.64338e-44
-3.78351e-44
-4.06377e-44
-4.2039e-44
-4.2039e-44
-4.06377e-44
-3.78351e-44
-3.50325e-44
-3.08286e-44
-2.66247e-44
-2.10195e-44
-1.54143e-44
-9.80909e-45
-4.2039e-45
1.4013e-45
8.40779e-45
1.4013e-44
1.68156e-44
1.82169e-44
1.82169e-44
1.82169e-44
1.68156e-44
1.54143e-44
1.4013e-44
1.26117e-44
1.12104e-44
9.80909e-45
8.40779e-45
5.60519e-45
4.2039e-45
4.2039e-45
5.60519e-45
8.40779e-45
1.12104e-44
1.4013e-44
1.68156e-44
1.96182e-44
2.24208e-44
2.52234e-44
2.8026e-44
2.94273e-44
3.08286e-44
2.94273e-44
2.52234e-44
1.96182e-44
1.26117e-44
5.60519e-45
-1.4013e-45
-8.40779e-45
-1.54143e-44
-2.10195e-44
-2.66247e-44
-3.08286e-44
-3.36312e-44
-3.64338e-44
-3.78351e-44
-3.78351e-44
-3.64338e-44
-3.36312e-44
-3.08286e-44
-2.66247e-44
-2.10195e-44
-1.54143e-44
-9.80909e-45
-4.2039e-45
1.4013e-45
7.00649e-45
1.4013e-44
1.82169e-44
2.10195e-44
2.24208e-44
2.24208e-44
2.24208e-44
2.10195e-44
1.96182e-44
1.82169e-44
1.68156e-44
1.54143e-44
1.4013e-44
1.26117e-44
9.80909e-45
8.40779e-45
8.40779e-45
9.80909e-45
1.12104e-44
1.12104e-44
1.26117e-44
1.4013e-44
1.54143e-44
1.68156e-44
1.82169e-44
1.96182e-44
2.10195e-44
2.38221e-44
2.52234e-44
2.52234e-44
2.38221e-44
2.10195e-44
1.82169e-44
1.4013e-44
9.80909e-45
5.60519e-45
1.4013e-45
-2.8026e-45
-7.00649e-45
-1.12104e-44
-1.54143e-44
-1.82169e-44
-1.96182e-44
-1.96182e-44
-1.82169e-44
-1.68156e-44
-1.4013e-44
-1.12104e-44
-8.40779e-45
-7.00649e-45
-5.60519e-45
-4.2039e-45
-2.8026e-45
0
1.4013e-45
1.4013e-45
0
-2.8026e-45
-5.60519e-45
-9.80909e-45
-1.26117e-44
-1.4013e-44
-1.54143e-44
-1.68156e-44
-1.82169e-44
-1.96182e-44
-2.24208e-44
-2.38221e-44
-2.38221e-44
-2.24208e-44
-1.96182e-44
-1.68156e-44
-1.26117e-44
-8.40779e-45
-5.60519e-45
-2.8026e-45
0
2.8026e-45
5.60519e-45
9.80909e-45
1.12104e-44
9.80909e-45
7.00649e-45
2.8026e-45
-1.4013e-45
-7.00649e-45
-1.26117e-44
-1.68156e-44
-2.10195e-44
-2.52234e-44
-2.94273e-44
-3.22299e-44
-3.50325e-44
-3.50325e-44
-3.36312e-44
-3.08286e-44
-2.66247e-44
-2.10195e-44
-1.4013e-44
-7.00649e-45
-1.4013e-45
4.2039e-45
9.80909e-45
1.4013e-44
1.68156e-44
2.10195e-44
2.38221e-44
2.52234e-44
2.52234e-44
2.38221e-44
2.24208e-44
1.96182e-44
1.68156e-44
1.4013e-44
1.12104e-44
8.40779e-45
7.00649e-45
5.60519e-45
2.8026e-45
1.4013e-45
1.4013e-45
2.8026e-45
5.60519e-45
8.40779e-45
1.26117e-44
1.54143e-44
1.82169e-44
2.10195e-44
2.38221e-44
2.66247e-44
2.8026e-44
2.94273e-44
2.8026e-44
2.38221e-44
1.82169e-44
1.12104e-44
4.2039e-45
-2.8026e-45
-9.80909e-45
-1.54143e-44
-1.96182e-44
-2.38221e-44
-2.8026e-44
-3.08286e-44
-3.36312e-44
-3.36312e-44
-3.22299e-44
-2.94273e-44
-2.38221e-44
-1.82169e-44
-1.12104e-44
-4.2039e-45
1.4013e-45
7.00649e-45
1.26117e-44
1.68156e-44
2.10195e-44
2.66247e-44
2.94273e-44
2.94273e-44
2.66247e-44
2.10195e-44
1.54143e-44
8.40779e-45
2.8026e-45
-2.8026e-45
-8.40779e-45
-1.4013e-44
-1.82169e-44
-2.24208e-44
-2.8026e-44
-3.08286e-44
-3.08286e-44
-2.8026e-44
-2.24208e-44
-1.68156e-44
-9.80909e-45
-2.8026e-45
4.2039e-45
1.12104e-44
1.68156e-44
2.24208e-44
2.8026e-44
3.36312e-44
3.64338e-44
3.78351e-44
3.78351e-44
3.64338e-44
3.50325e-44
3.22299e-44
2.94273e-44
2.52234e-44
2.10195e-44
1.68156e-44
1.26117e-44
8.40779e-45
4.2039e-45
1.4013e-45
0
0
1.4013e-45
2.8026e-45
5.60519e-45
8.40779e-45
1.12104e-44
1.26117e-44
1.4013e-44
1.54143e-44
1.68156e-44
1.96182e-44
2.10195e-44
2.10195e-44
1.96182e-44
1.68156e-44
1.4013e-44
9.80909e-45
5.60519e-45
1.4013e-45
-2.8026e-45
-7.00649e-45
-1.12104e-44
-1.4013e-44
-1.82169e-44
-2.10195e-44
-2.24208e-44
-2.24208e-44
-2.10195e-44
-1.96182e-44
-1.68156e-44
-1.4013e-44
-1.12104e-44
-8.40779e-45
-7.00649e-45
-5.60519e-45
-4.2039e-45
-1.4013e-45
0
0
-1.4013e-45
-4.2039e-45
-7.00649e-45
-1.12104e-44
-1.4013e-44
-1.68156e-44
-1.96182e-44
-2.24208e-44
-2.52234e-44
-2.8026e-44
-3.08286e-44
-3.08286e-44
-2.8026e-44
-2.24208e-44
-1.54143e-44
-8.40779e-45
-1.4013e-45
5.60519e-45
1.26117e-44
1.82169e-44
2.38221e-44
2.94273e-44
3.36312e-44
3.78351e-44
4.06377e-44
4.2039e-44
4.2039e-44
4.06377e-44
3.92364e-44
3.64338e-44
3.36312e-44
3.08286e-44
2.8026e-44
2.38221e-44
1.96182e-44
1.54143e-44
9.80909e-45
5.60519e-45
2.8026e-45
1.4013e-45
1.4013e-45
1.4013e-45
2.8026e-45
4.2039e-45
5.60519e-45
7.00649e-45
8.40779e-45
9.80909e-45
9.80909e-45
9.80909e-45
7.00649e-45
2.8026e-45
-2.8026e-45
-9.80909e-45
-1.54143e-44
-2.10195e-44
-2.66247e-44
-3.08286e-44
-3.36312e-44
-3.50325e-44
-3.64338e-44
-3.78351e-44
-4.06377e-44
-4.2039e-44
-4.2039e-44
-4.06377e-44
-3.78351e-44
-3.50325e-44
-3.08286e-44
-2.66247e-44
-2.10195e-44
-1.54143e-44
-9.80909e-45
-4.2039e-45
1.4013e-45
8.40779e-45
1.4013e-44
1.68156e-44
1.82169e-44
1.82169e-44
1.82169e-44
1.68156e-44
1.54143e-44
1.4013e-44
1.26117e-44
1.12104e-44
9.80909e-45
8.40779e-45
5.60519e-45
4.2039e-45
4.2039e-45
5.60519e-45
8.40779e-45
1.12104e-44
1.4013e-44
1.68156e-44
1.96182e-44
2.24208e-44
2.52234e-44
2.8026e-44
2.94273e-44
3.08286e-44
2.94273e-44
2.52234e-44
1.96182e-44
1.26117e-44
5.60519e-45
-1.4013e-45
-8.40779e-45
-1.54143e-44
-2.10195e-44
-2.66247e-44
-3.08286e-44
-3.36312e-44
-3.64338e-44
-3.78351e-44
-3.78351e-44
-3.64338e-44
-3.36312e-44
-3.08286e-44
-2.66247e-44
-2.10195e-44
-1.54143e-44
-9.80909e-45
-4.2039e-45
1.4013e-45
7.00649e-45
1.4013e-44
1.82169e-44
2.10195e-44
2.24208e-44
2.24208e-44
2.24208e-44
2.10195e-44
1.96182e-44
1.82169e-44
1.68156e-44
1.54143e-44
1.4013e-44
1.26117e-44
9.80909e-45
8.40779e-45
8.40779e-45
9.80909e-45
1.12104e-44
1.12104e-44
1.26117e-44
1.4013e-44
1.54143e-44
1.68156e-44
1.82169e-44
1.96182e-44
2.10195e-44
2.38221e-44
2.52234e-44
2.52234e-44
2.38221e-44
2.10195e-44
1.82169e-44
1.4013e-44
9.80909e-45
5.60519e-45
1.4013e-45
-2.8026e-45
-7.00649e-45
-1.12104e-44
-1.54143e-44
-1.82169e-44
-1.96182e-44
-1.96182e-44
-1.82169e-44
-1.68156e-44
-1.4013e-44
-1.12104e-44
-8.40779e-45
-7.00649e-45
-5.60519e-45
-4.2039e-45
-2.8026e-45
0
1.4013e-45
1.4013e-45
0
-2.8026e-45
-5.60519e-45
-9.80909e-45
-1.26117e-44
-1.4013e-44
-1.54143e-44
-1.68156e-44
-1.82169e-44
-1.96182e-44
-2.24208e-44
-2.38221e-44
-2.38221e-44
-2.24208e-44
-1.96182e-44
-1.68156e-44
-1.26117e-44
-8.40779e-45
-5.60519e-45
-2.8026e-45
0
2.8026e-45
5.60519e-45
9.80909e-45
1.12104e-44
9.80909e-45
7.00649e-45
2.8026e-45
-1.4013e-45
-7.00649e-45
-1.26117e-44
-1.68156e-44
-2.10195e-44
-2.52234e-44
-2.94273e-44
-3.22299e-44
-3.50325e-44
-3.50325e-44
-3.36312e-44
-3.08286e-44
-2.66247e-44
-2.10195e-44
-1.4013e-44
-7.00649e-45
-1.4013e-45
4.2039e-45
9.80909e-45
1.4013e-44
1.68156e-44
2.10195e-44
2.38221e-44
2.52234e-44
2.52234e-44
2.38221e-44
2.24208e-44
1.96182e-44
1.68156e-44
1.4013e-44
1.12104e-44
8.40779e-45
7.00649e-45
5.60519e-45
2.8026e-45
1.4013e-45
1.4013e-45
2.8026e-45
5.60519e-45
8.40779e-45
1.26117e-44
1.54143e-44
1.82169e-44
2.10195e-44
2.38221e-44
2.66247e-44
2.8026e-44
2.94273e-44
2.8026e-44
2.38221e-44
1.82169e-44
1.12104e-44
4.2039e-45
-2.8026e-45
-9.80909e-45
-1.54143e-44
-1.96182e-44
-2.38221e-44
-2.8026e-44
-3.08286e-44
-3.36312e-44
-3.36312e-44
-3.22299e-44
-2.94273e-44
-2.38221e-44
-1.82169e-44
-1.12104e-44
-4.2039e-45
1.4013e-45
7.00649e-45
1.26117e-44
1.68156e-44
2.10195e-44
2.66247e-44
2.94273e-44
2.94273e-44
2.66247e-44
2.10195e-44
1.54143e-44
8.40779e-45
2.8026e-45
-2.8026e-45
-8.40779e-45
-1.4013e-44
-1.82169e-44
-2.24208e-44
-2.8026e-44
-3.08286e-44
-3.08286e-44
-2.8026e-44
-2.24208e-44
-1.68156e-44
-9.80909e-45
-2.8026e-45
4.2039e-45
1.12104e-44
1.68156e-44
2.24208e-44
2.8026e-44
3.36312e-44
3.64338e-44
3.78351e-44
3.78351e-44
3.64338e-44
3.50325e-44
3.22299e-44
2.94273e-44
2.52234e-44
2.10195e-44
1.68156e-44
1.26117e-44
8.40779e-45
4.2039e-45
1.4013e-45
0
0
1.4013e-45
2.8026e-45
5.60519e-45
8.40779e-45
1.12104e-44
1.26117e-44
1.4013e-44
1.54143e-44
1.68156e-44
1.96182e-44
2.10195e-44
2.10195e-44
1.96182e-44
1.68156e-44
1.4013e-44
9.80909e-45
5.60519e-45
1.4013e-45
-2.8026e-45
-7.00649e-45
-1.12104e-44
-1.4013e-44
-1.82169e-44
-2.10195e-44
-2.24208e-44
-2.24208e-44
-2.10195e-44
-1.96182e-44
-1.68156e-44
-1.4013e-44
-1.12104e-44
-8.40779e-45
-7.00649e-45
-5.60519e-45
-4.2039e-45
-1.4013e-45
0
0
-1.4013e-45
-4.2039e-45
-7.00649e-45
-1.12104e-44
-1.4013e-44
-1.68156e-44
-1.96182e-44
-2.24208e-44
-2.52234e-44
-2.8026e-44
-3.08286e-44
-3.08286e-44
-2.8026e-44
-2.24208e-44
-1.54143e-44
-8.40779e-45
-1.4013e-45
5.60519e-45
1.26117e-44
1.82169e-44
2.38221e-44
2.94273e-44
3.36312e-44
3.78351e-44
4.06377e-44
4.2039e-44
4.2039e-44
4.06377e-44
3.92364e-44
3.64338e-44
3.36312e-44
3.08286e-44
2.8026e-44
2.38221e-44
1.96182e-44
1.54143e-44
9.80909e-45
5.60519e-45
2.8026e-45
1.4013e-45
1.4013e-45
1.4013e-45
2.8026e-45
4.2039e-45
5.60519e-45
7.00649e-45
8.40779e-45
9.80909e-45
9.80909e-45
9.80909e-45
7.00649e-45
2.8026e-45
-2.8026e-45
-9.80909e-45
-1.54143e-44
-2.10195e-44
-2.66247e-44
-3.08286e-44
-3.36312e-44
-3.50325e-44
-3.64338e-44
-3.78351e-44
-4.06377e-44
-4.2039e-44
-4.2039e-44
-4.06377e-44
-3.78351e-44
-3.50325e-44
-3.08286e-44
-2.66247e-44
-2.10195e-44
-1.54143e-44
-9.80909e-45
-4.2039e-45
1.4013e-45
8.40779e-45
1.4013e-44
1.68156e-44
1.82169e-44
1.82169e-44
1.82169e-44
1.68156e-44
1.54143e-44
1.4013e-44
1.26117e-44
1.12104e-44
9.80909e-45
8.40779e-45
5.60519e-45
4.2039e-45
4.2039e-45
5.60519e-45
8.40779e-45
1.12104e-44
1.4013e-44
1.68156e-44
1.96182e-44
2.24208e-44
2.52234e-44
2.8026e-44
2.94273e-44
3.08286e-44
2.94273e-44
2.52234e-44
1.96182e-44
1.26117e-44
5.60519e-45
-1.4013e-45
-8.40779e-45
-1.54143e-44
-2.10195e-44
-2.66247e-44
-3.08286e-44
-3.36312e-44
-3.64338e-44
-3.78351e-44
-3.78351e-44
-3.64338e-44
-3.36312e-44
-3.08286e-44
-2.66247e-44
-2.10195e-44
-1.54143e-44
-9.80909e-45
-4.2039e-45
1.4013e-45
7.00649e-45
1.4013e-44
1.82169e-44
2.10195e-44
2.24208e-44
2.24208e-44
2.24208e-44
2.10195e-44
1.96182e-44
1.82169e-44
1.68156e-44
1.54143e-44
1.4013e-44
1.26117e-44
9.80909e-45
8.40779e-45
8.40779e-45
9.80909e-45
1.12104e-44
1.12104e-44
1.26117e-44
1.4013e-44
1.54143e-44
1.68156e-44
1.82169e-44
1.96182e-44
2.10195e-44
2.38221e-44
2.52234e-44
2.52234e-44
2.38221e-44
2.10195e-44
1.82169e-44
1.4013e-44
9.80909e-45
5.60519e-45
1.4013e-45
-2.8026e-45
-7.00649e-45
-1.12104e-44
-1.54143e-44
-1.82169e-44
-1.96182e-44
-1.96182e-44
-1.82169e-44
-1.68156e-44
-1.4013e-44
-1.12104e-44
-8.40779e-45
-7.00649e-45
-5.60519e-45
-4.2039e-45
-2.8026e-45
0
1.4013e-45
1.4013e-45
0
-2.8026e-45
-5.60519e-45
-9.80909e-45
-1.26117e-44
-1.4013e-44
-1.54143e-44
-1.68156e-44
-1.82169e-44
-1.96182e-44
-2.24208e-44
-2.38221e-44
-2.38221e-44
-2.24208e-44
-1.96182e-44
-1.68156e-44
-1.26117e-44
-8.40779e-45
-5.60519e-45
-2.8026e-45
0
2.8026e-45
5.60519e-45
9.80909e-45
1.12104e-44
9.80909e-45
7.00649e-45
2.8026e-45
-1.4013e-45
-7.00649e-45
-1.26117e-44
-1.68156e-44
-2.10195e-44
-2.52234e-44
-2.94273e-44
-3.22299e-44
-3.50325e-44
-3.50325e-44
-3.36312e-44
-3.08286e-44
-2.66247e-44
-2.10195e-44
-1.4013e-44
-7.00649e-45
-1.4013e-45
4.2039e-45
9.80909e-45
1.4013e-44
1.68156e-44
2.10195e-44
2.38221e-44
2.52234e-44
2.52234e-44
2.38221e-44
2.24208e-44
1.96182e-44
1.68156e-44
1.4013e-44
1.12104e-44
8.40779e-45
7.00649e-45
5.60519e-45
2.8026e-45
1.4013e-45
1.4013e-45
2.8026e-45
5.60519e-45
8.40779e-45
1.26117e-44
1.54143e-44
1.82169e-44
2.10195e-44
2.38221e-44
2.66247e-44
2.8026e-44
2.94273e-44
2.8026e-44
2.38221e-44
1.82169e-44
1.12104e-44
4.2039e-45
-2.8026e-45
-9.80909e-45
-1.54143e-44
-1.96182e-44
-2.38221e-44
-2.8026e-44
-3.08286e-44
-3.36312e-44
-3.36312e-44
-3.22299e-44
-2.94273e-44
-2.38221e-44
-1.82169e-44
-1.12104e-44
-4.2039e-45
1.4013e-45
7.00649e-45
1.26117e-44
1.68156e-44
2.10195e-44
2.66247e-44
2.94273e-44
2.94273e-44
2.66247e-44
2.10195e-44
1.54143e-44
8.40779e-45
2.8026e-45
-2.8026e-45
-8.40779e-45
-1.4013e-44
-1.82169e-44
-2.24208e-44
-2.8026e-44
-3.08286e-44
-3.08286e-44
-2.8026e-44
-2.24208e-44
-1.68156e-44
-9.80909e-45
-2.8026e-45
4.2039e-45
1.12104e-44
1.68156e-44
2.24208e-44
2.8026e-44
3.36312e-44
3.64338e-44
3.78351e-44
3.78351e-44
3.64338e-44
3.50325e-44
3.22299e-44
2.94273e-44
2.52234e-44
2.10195e-44
1.68156e-44
1.26117e-44
8.40779e-45
4.2039e-45
1.4013e-45
0
0
1.4013e-45
2.8026e-45
5.60519e-45
8.40779e-45
1.12104e-44
1.26117e-44
1.4013e-44
1.54143e-44
1.68156e-44
1.96182e-44
2.10195e-44
2.10195e-44
1.96182e-44
1.68156e-44
1.4013e-44
9.80909e-45
5.60519e-45
1.4013e-45
-2.8026e-45
-7.00649e-45
-1.12104e-44
-1.4013e-44
-1.82169e-44
-2.10195e-44
-2.24208e-44
-2.24208e-44
-2.10195e-44
-1.96182e-44
-1.68156e-44
-1.4013e-44
-1.12104e-44
-8.40779e-45
-7.00649e-45
-5.60519e-45
-4.2039e-45
-1.4013e-45
0
0
-1.4013e-45
-4.2039e-45
-7.00649e-45
-1.12104e-44
-1.4013e-44
-1.68156e-44
-1.96182e-44
-2.24208e-44
-2.52234e-44
-2.8026e-44
-3.08286e-44
-3.08286e-44
-2.8026e-44
-2.24208e-44
-1.54143e-44
-8.40779e-45
-1.4013e-45
5.60519e-45
1.26117e-44
1.82169e-44
2.38221e-44
2.94273e-44
3.36312e-44
3.78351e-44
4.06377e-44
4.2039e-44
4.2039e-44
4.06377e-44
3.92364e-44
3.64338e-44
3.36312e-44
3.08286e-44
2.8026e-44
2.38221e-44
1.96182e-44
1.54143e-44
9.80909e-45
5.60519e-45
2.8026e-45
1.4013e-45
1.4013e-45
1.4013e-45
2.8026e-45
4.2039e-45
5.60519e-45
7.00649e-45
8.40779e-45
9.80909e-45
9.80909e-45
9.80909e-45
7.00649e-45
2.8026e-45
-2.8026e-45
-9.80909e-45
-1.54143e-44
-2.10195e-44
-2.66247e-44
-3.08286e-44
-3.36312e-44
-3.50325e-44
-3.64338e-44
-3.78351e-44
-4.06377e-44
-4.2039e-44
-4.2039e-44
-4.06377e-44
-3.78351e-44
-3.50325e-44
-3.08286e-44
-2.66247e-44
-2.10195e-44
-1.54143e-44
-9.80909e-45
-4.2039e-45
1.4013e-45
8.40779e-45
1.4013e-44
1.68156e-44
1.82169e-44
1.82169e-44
1.82169e-44
1.68156e-44
1.54143e-44
1.4013e-44
1.26117e-44
1.12104e-44
9.80909e-45
8.40779e-45
5.60519e-45
4.2039e-45
4.2039e-45
5.60519e-45
8.40779e-45
1.12104e-44
1.4013e-44
1.68156e-44
1.96182e-44
2.24208e-44
2.52234e-44
2.8026e-44
2.94273e-44
3.08286e-44
2.94273e-44
2.52234e-44
1.96182e-44
1.26117e-44
5.60519e-45
-1.4013e-45
-8.40779e-45
-1.54143e-44
-2.10195e-44
-2.66247e-44
-3.08286e-44
-3.36312e-44
-3.64338e-44
-3.78351e-44
-3.78351e-44
-3.64338e-44
-3.36312e-44
-3.08286e-44
-2.66247e-44
-2.10195e-44
-1.54143e-44
-9.80909e-45
-4.2039e-45
1.4013e-45
7.00649e-45
1.4013e-44
1.82169e-44
2.10195e-44
2.24208e-44
2.24208e-44
2.24208e-44
2.10195e-44
1.96182e-44
1.82169e-44
1.68156e-44
1.54143e-44
1.4013e-44
1.26117e-44
9.80909e-45
8.40779e-45
8.40779e-45
9.80909e-45
1.12104e-44
1.12104e-44
1.26117e-44
1.4013e-44
1.54143e-44
1.68156e-44
1.82169e-44
1.96182e-44
2.10195e-44
2.38221e-44
2.52234e-44
2.52234e-44
2.38221e-44
2.10195e-44
1.82169e-44
1.4013e-44
9.80909e-45
5.60519e-45
1.4013e-45
-2.8026e-45
-7.00649e-45
-1.12104e-44
-1.54143e-44
-1.82169e-44
-1.96182e-44
-1.96182e-44
-1.82169e-44
-1.68156e-44
-1.4013e-44
-1.12104e-44
-8.40779e-45
-7.00649e-45
-5.60519e-45
-4.2039e-45
-2.8026e-45
0
1.4013e-45
1.4013e-45
0
-2.8026e-45
-5.60519e-45
-9.80909e-45
-1.26117e-44
-1.4013e-44
-1.54143e-44
-1.68156e-44
-1.82169e-44
-1.96182e-44
-2.24208e-44
-2.38221e-44
-2.38221e-44
-2.24208e-44
-1.96182e-44
-1.68156e-44
-1.26117e-44
-8.40779e-45
-5.60519e-45
-2.8026e-45
0
2.8026e-45
5.60519e-45
9.80909e-45
1.12104e-44
9.80909e-45
7.00649e-45
2.8026e-45
-1.4013e-45
-7.00649e-45
-1.26117e-44
-1.68156e-44
-2.10195e-44
-2.52234e-44
-2.94273e-44
-3.22299e-44
-3.50325e-44
-3.50325e-44
-3.36312e-44
-3.08286e-44
-2.66247e-44
-2.10195e-44
-1.4013e-44
-7.00649e-45
-1.4013e-45
4.2039e-45
9.80909e-45
1.4013e-44
1.68156e-44
2.10195e-44
2.38221e-44
2.52234e-44
2.52234e-44
2.38221e-44
2.24208e-44
1.96182e-44
1.68156e-44
1.4013e-44
1.12104e-44
8.40779e-45
7.00649e-45
5.60519e-45
2.8026e-45
1.4013e-45
1.4013e-45
2.8026e-45
5.60519e-45
8.40779e-45
1.26117e-44
1.54143e-44
1.82169e-44
2.10195e-44
2.38221e-44
2.66247e-44
2.8026e-44
2.94273e-44
2.8026e-44
2.38221e-44
1.82169e-44
1.12104e-44
4.2039e-45
-2.8026e-45
-9.80909e-45
-1.54143e-44
-1.96182e-44
-2.38221e-44
-2.8026e-44
-3.08286e-44
-3.36312e-44
-3.36312e-44
-3.22299e-44
-2.94273e-44
-2.38221e-44
-1.82169e-44
-1.12104e-44
-4.2039e-45
1.4013e-45
7.00649e-45
1.26117e-44
1.68156e-44
2.10195e-44
2.66247e-44
2.94273e-44
2.94273e-44
2.66247e-44
2.10195e-44
1.54143e-44
8.40779e-45
2.8026e-45
-2.8026e-45
-8.40779e-45
-1.4013e-44
-1.82169e-44
-2.24208e-44
-2.8026e-44
-3.08286e-44
-3.08286e-44
-2.8026e-44
-2.24208e-44
-1.68156e-44
-9.80909e-45
-2.8026e-45
4.2039e-45
1.12104e-44
1.68156e-44
2.24208e-44
2.8026e-44
3.36312e-44
3.64338e-44
3.78351e-44
3.78351e-44
3.64338e-44
3.50325e-44
3.22299e-44
2.94273e-44
2.52234e-44
2.10195e-44
1.68156e-44
1.26117e-44
8.40779e-45
4.2039e-45
1.4013e-45
0
0
1.4013e-45
2.8026e-45
5.60519e-45
8.40779e-45
1.12104e-44
1.26117e-44
1.4013e-44
1.54143e-44
1.68156e-44
1.96182e-44
2.10195e-44
2.10195e-44
1.96182e-44
1.68156e-44
1.4013e-44
9.80909e-45
5.60519e-45
1.4013e-45
-2.8026e-45
-7.00649e-45
-1.12104e-44
-1.4013e-44
-1.82169e-44
-2.10195e-44
-2.24208e-44
-2.24208e-44
-2.10195e-44
-1.96182e-44
-1.68156e-44
-1.4013e-44
-1.12104e-44
-8.40779e-45
-7.00649e-45
-5.60519e-45
-4.2039e-45
-1.4013e-45
0
0
-1.4013e-45
-4.2039e-45
-7.00649e-45
-1.12104e-44
-1.4013e-44
-1.68156e-44
-1.96182e-44
-2.24208e-44
-2.52234e-44
-2.8026e-44
-3.08286e-44
-3.08286e-44
-2.8026e-44
-2.24208e-44
-1.54143e-44
-8.40779e-45
-1.4013e-45
5.60519e-45
1.26117e-44
1.82169e-44
2.38221e-44
2.94273e-44
3.36312e-44
3.78351e-44
4.06377e-44
4.2039e-44
4.2039e-44
4.06377e-44
3.92364e-44
3.64338e-44
3.36312e-44
3.08286e-44
2.8026e-44
2.38221e-44
1.96182e-44
1.54143e-44
9.80909e-45
5.60519e-45
2.8026e-45
1.4013e-45
1.4013e-45
1.4013e-45
2.8026e-45
4.2039e-45
5.60519e-45
7.00649e-45
8.40779e-45
9.80909e-45
9.80909e-45
9.80909e-45
7.00649e-45
2.8026e-45
-2.8026e-45
-9.80909e-45
-1.54143e-44
-2.10195e-44
-2.66247e-44
-3.08286e-44
-3.36312e-44
-3.50325e-44
-3.64338e-44
-3.78351e-44
-4.06377e-44
-4.2039e-44
-4.2039e-44
-4.06377e-44
-3.78351e-44
-3.50325e-44
-3.08286e-44
-2.66247e-44
-2.10195e-44
-1.54143e-44
-9.80909e-45
-4.2039e-45
1.4013e-45
8.40779e-45
1.4013e-44
1.68156e-44
1.82169e-44
1.82169e-44
1.82169e-44
1.68156e-44
1.54143e-44
1.4013e-44
1.26117e-44
1.12104e-44
9.80909e-45
8.40779e-45
5.60519e-45
4.2039e-45
4.2039e-45
5.60519e-45
8.40779e-45
1.12104e-44
1.4013e-44
1.68156e-44
1.96182e-44
2.24208e-44
2.52234e-44
2.8026e-44
2.94273e-44
3.08286e-44
2.94273e-44
2.52234e-44
1.96182e-44
1.26117e-44
5.60519e-45
-1.4013e-45
-8.40779e-45
-1.54143e-44
-2.10195e-44
-2.66247e-44
-3.08286e-44
-3.36312e-44
-3.64338e-44
-3.78351e-44
-3.78351e-44
-3.64338e-44
-3.36312e-44
-3.08286e-44
-2.66247e-44
-2.10195e-44
-1.54143e-44
-9.80909e-45
-4.2039e-45
1.4013e-45
7.00649e-45
1.4013e-44
1.82169e-44
2.10195e-44
2.24208e-44
2.24208e-44
2.24208e-44
2.10195e-44
1.96182e-44
1.82169e-44
1.68156e-44
1.54143e-44
1.4013e-44
1.26117e-44
9.80909e-45
8.40779e-45
8.40779e-45
9.80909e-45
1.12104e-44
1.12104e-44
1.26117e-44
1.4013e-44
1.54143e-44
1.68156e-44
1.82169e-44
1.96182e-44
2.10195e-44
2.38221e-44
2.52234e-44
2.52234e-44
2.38221e-44
2.10195e-44
1.82169e-44
1.4013e-44
9.80909e-45
5.60519e-45
1.4013e-45
-2.8026e-45
-7.00649e-45
-1.12104e-44
-1.54143e-44
-1.82169e-44
-1.96182e-44
-1.96182e-44
-1.82169e-44
-1.68156e-44
-1.4013e-44
-1.12104e-44
-8.40779e-45
-7.00649e-45
-5.60519e-45
-4.2039e-45
-2.8026e-45
0
1.4013e-45
1.4013e-45
0
-2.8026e-45
-5.60519e-45
-9.80909e-45
-1.26117e-44
-1.4013e-44
-1.54143e-44
-1.68156e-44
-1.82169e-44
-1.96182e-44
-2.24208e-44
-2.38221e-44
-2.38221e-44
-2.24208e-44
-1.96182e-44
-1.68156e-44
-1.26117e-44
-8.40779e-45
-5.60519e-45
-2.8026e-45
0
2.8026e-45
5.60519e-45
9.80909e-45
1.12104e-44
9.80909e-45
7.00649e-45
2.8026e-45
-1.4013e-45
-7.00649e-45
-1.26117e-44
-1.68156e-44
-2.10195e-44
-2.52234e-44
-2.94273e-44
-3.22299e-44
-3.50325e-44
-3.50325e-44
-3.36312e-44
-3.08286e-44
-2.66247e-44
-2.10195e-44
-1.4013e-44
-7.00649e-45
-1.4013e-45
4.2039e-45
9.80909e-45
1.4013e-44
1.68156e-44
2.10195e-44
2.38221e-44
2.52234e-44
2.52234e-44
2.38221e-44
2.24208e-44
1.96182e-44
1.68156e-44
1.4013e-44
1.12104e-44
8.40779e-45
7.00649e-45
5.60519e-45
2.8026e-45
1.4013e-45
1.4013e-45
2.8026e-45
5.60519e-45
8.40779e-45
1.26117e-44
1.54143e-44
1.82169e-44
2.10195e-44
2.38221e-44
2.66247e-44
2.8026e-44
2.94273e-44
2.8026e-44
2.38221e-44
1.82169e-44
1.12104e-44
4.2039e-45
-2.8026e-45
-9.80909e-45
-1.54143e-44
-1.96182e-44
-2.38221e-44
-2.8026e-44
-3.08286e-44
-3.36312e-44
-3.36312e-44
-3.22299e-44
-2.94273e-44
-2.38221e-44
-1.82169e-44
-1.12104e-44
-4.2039e-45
1.4013e-45
7.00649e-45
1.26117e-44
1.68156e-44
2.10195e-44
2.66247e-44
2.94273e-44
2.94273e-44
2.66247e-44
2.10195e-44
1.54143e-44
8.40779e-45
2.8026e-45
-2.8026e-45
-8.40779e-45
-1.4013e-44
-1.82169e-44
-2.24208e-44
-2.8026e-44
-3.08286e-44
-3.08286e-44
-2.8026e-44
-2.24208e-44
-1.68156e-44
-9.80909e-45
-2.8026e-45
4.2039e-45
1.12104e-44
1.68156e-44
2.24208e-44
2.8026e-44
3.36312e-44
3.64338e-44
3.78351e-44
3.78351e-44
3.64338e-44
3.50325e-44
3.22299e-44
2.94273e-44
2.52234e-44
2.10195e-44
1.68156e-44
1.26117e-44
8.40779e-45
4.2039e-45
1.4013e-45
0
0
1.4013e-45
2.8026e-45
5.60519e-45
8.40779e-45
1.12104e-44
1.26117e-44
1.4013e-44
1.54143e-44
1.68156e-44
1.96182e-44
2.10195e-44
2.10195e-44
1.96182e-44
1.68156e-44
1.4013e-44
9.80909e-45
5.60519e-45
1.4013e-45
-2.8026e-45
-7.00649e-45
-1.12104e-44
-1.4013e-44
-1.82169e-44
-2.10195e-44
-2.24208e-44
-2.24208e-44
-2.10195e-44
-1.96182e-44
-1.68156e-44
-1.4013e-44
-1.12104e-44
-8.40779e-45
-7.00649e-45
-5.60519e-45
-4.2039e-45
-1.4013e-45
0
0
-1.4013e-45
-4.2039e-45
-7.00649e-45
-1.12104e-44
-1.4013e-44
-1.68156e-44
-1.96182e-44
-2.24208e-44
-2.52234e-44
-2.8026e-44
-3.08286e-44
-3.08286e-44
-2.8026e-44
-2.24208e-44
-1.54143e-44
-8.40779e-45
-1.4013e-45
5.60519e-45
1.26117e-44
1.82169e-44
2.38221e-44
2.94273e-44
3.36312e-44
3.78351e-44
4.06377e-44
4.2039e-44
4.2039e-44
4.06377e-44
3.92364e-44
3.64338e-44
3.36312e-44
3.08286e-44
2.8026e-44
2.38221e-44
1.96182e-44
1.54143e-44
9.80909e-45
5.60519e-45
2.8026e-45
1.4013e-45
1.4013e-45
1.4013e-45
2.8026e-45
4.2039e-45
5.60519e-45
7.00649e-45
8.40779e-45
9.80909e-45
9.80909e-45
9.80909e-45
7.00649e-45
2.8026e-45
-2.8026e-45
-9.80909e-45
-1.54143e-44
-2.10195e-44
-2.66247e-44
-3.08286e-44
-3.36312e-44
-3.50325e-44
-3.64338e-44
-3.78351e-44
-4.06377e-44
-4.2039e-44
-4.2039e-44
-4.06377e-44
-3.78351e-44
-3.50325e-44
-3.08286e-44
-2.66247e-44
-2.10195e-44
-1.54143e-44
-9.80909e-45
-4.2039e-45
1.4013e-45
8.40779e-45
1.4013e-44
1.68156e-44
1.82169e-44
1.82169e-44
1.82169e-44
1.68156e-44
1.54143e-44
1.4013e-44
1.26117e-44
1.12104e-44
9.80909e-45
8.40779e-45
5.60519e-45
4.2039e-45
4.2039e-45
5.60519e-45
8.40779e-45
1.12104e-44
1.4013e-44
1.68156e-44
1.96182e-44
2.24208e-44
2.52234e-44
2.8026e-44
2.94273e-44
3.08286e-44
2.94273e-44
2.52234e-44
1.96182e-44
1.26117e-44
5.60519e-45
-1.4013e-45
-8.40779e-45
-1.54143e-44
-2.10195e-44
-2.66247e-44
-3.08286e-44
-3.36312e-44
-3.64338e-44
-3.78351e-44
-3.78351e-44
-3.64338e-44
-3.36312e-44
-3.08286e-44
-2.66247e-44
-2.10195e-44
-1.54143e-44
-9.80909e-45
-4.2039e-45
1.4013e-45
7.00649e-45
1.4013e-44
1.82169e-44
2.10195e-44
2.24208e-44
2.24208e-44
2.24208e-44
2.10195e-44
1.96182e-44
1.82169e-44
1.68156e-44
1.54143e-44
1.4013e-44
1.26117e-44
9.80909e-45
8.40779e-45
8.40779e-45
9.80909e-45
1.12104e-44
1.12104e-44
1.26117e-44
1.4013e-44
1.54143e-44
1.68156e-44
1.82169e-44
1.96182e-44
2.10195e-44
2.38221e-44
2.52234e-44
2.52234e-44
2.38221e-44
2.10195e-44
1.82169e-44
1.4013e-44
9.80909e-45
5.60519e-45
1.4013e-45
-2.8026e-45
-7.00649e-45
-1.12104e-44
-1.54143e-44
-1.82169e-44
-1.96182e-44
-1.96182e-44
-1.82169e-44
-1.68156e-44
-1.4013e-44
-1.12104e-44
-8.40779e-45
-7.00649e-45
-5.60519e-45
-4.2039e-45
-2.8026e-45
0
1.4013e-45
1.4013e-45
0
-2.8026e-45
-5.60519e-45
-9.80909e-45
-1.26117e-44
-1.4013e-44
-1.54143e-44
-1.68156e-44
-1.82169e-44
-1.96182e-44
-2.24208e-44
-2.38221e-44
-2.38221e-44
-2.24208e-44
-1.96182e-44
-1.68156e-44
-1.26117e-44
-8.40779e-45
-5.60519e-45
-2.8026e-45
0
2.8026e-45
5.60519e-45
9.80909e-45
