0.997716
-0.0045923
-0.00463951
-0.00468487
-0.00472841
-0.00477014
-0.00481008
-0.00484825
-0.00488467
-0.00491935
-0.00495232
-0.00498358
-0.00501317
-0.00504109
-0.00506738
-0.00509204
-0.00511511
-0.00513658
-0.00515649
-0.00517486
-0.0051917
-0.00520704
-0.00522089
-0.00523327
-0.0052442
-0.00525371
-0.00526181
-0.00526852
-0.00527386
-0.00527785
-0.00528051
-0.00528187
-0.00528193
-0.00528073
-0.00527827
-0.00527458
-0.00526968
-0.0052636
-0.00525634
-0.00524793
-0.0052384
-0.00522776
-0.00521602
-0.00520322
-0.00518936
-0.00517447
-0.00515857
-0.00514168
-0.00512381
-0.00510499
-0.00508523
-0.00506457
-0.005043
-0.00502056
-0.00499725
-0.00497311
-0.00494814
-0.00492238
-0.00489582
-0.0048685
-0.00484044
-0.00481165
-0.00478215
-0.00475196
-0.00472109
-0.00468957
-0.00465741
-0.00462463
-0.00459124
-0.00455726
-0.00452271
-0.00448761
-0.00445198
-0.00441582
-0.00437916
-0.00434202
-0.00430441
-0.00426635
-0.00422785
-0.00418893
-0.0041496
-0.00410988
-0.00406979
-0.00402935
-0.00398856
-0.00394744
-0.003906
-0.00386427
-0.00382225
-0.00377996
-0.00373742
-0.00369463
-0.00365162
-0.0036084
-0.00356497
-0.00352136
-0.00347758
-0.00343364
-0.00338955
-0.00334533
-0.00330099
-0.00325654
-0.00321199
-0.00316736
-0.00312266
-0.0030779
-0.0030331
-0.00298825
-0.00294338
-0.00289849
-0.0028536
-0.00280872
-0.00276386
-0.00271903
-0.00267424
-0.0026295
-0.00258482
-0.0025402
-0.00249567
-0.00245123
-0.00240688
-0.00236264
-0.00231852
-0.00227451
-0.00223065
-0.00218692
-0.00214335
-0.00209993
-0.00205668
-0.00201361
-0.00197072
-0.00192801
-0.0018855
-0.0018432
-0.0018011
-0.00175923
-0.00171757
-0.00167615
-0.00163497
-0.00159403
-0.00155333
-0.0015129
-0.00147272
-0.00143281
-0.00139317
-0.00135381
-0.00131473
-0.00127594
-0.00123744
-0.00119924
-0.00116135
-0.00112375
-0.00108647
-0.00104951
-0.00101286
-0.000976534
-0.000940535
-0.000904866
-0.000869532
-0.000834533
-0.000799875
-0.000765561
-0.000731592
-0.000697971
-0.000664702
-0.000631787
-0.000599228
-0.000567029
-0.00053519
-0.000503714
-0.000472602
-0.000441858
-0.000411481
-0.000381475
-0.00035184
-0.000322578
-0.000293691
-0.000265178
-0.000237042
-0.000209283
-0.000181902
-0.0001549
-0.000128277
-0.000102035
-7.61732e-05
-5.06922e-05
-2.55924e-05
-8.73848e-07
2.34634e-05
4.74194e-05
7.09942e-05
9.41882e-05
0.000117002
0.000139435
0.000161488
0.000183162
0.000204458
0.000225376
0.000245917
0.000266082
0.000285872
0.000305288
0.000324331
0.000343002
0.000361302
0.000379233
0.000396797
0.000413993
0.000430826
0.000447295
0.000463402
0.000479149
0.000494539
0.000509572
0.00052425
0.000538577
0.000552553
0.00056618
0.000579461
0.000592398
0.000604993
0.000617249
0.000629167
0.000640751
0.000652002
0.000662922
0.000673515
0.000683783
0.000693728
0.000703353
0.00071266
0.000721652
0.000730333
0.000738704
0.000746769
0.00075453
0.00076199
0.000769151
0.000776018
0.000782592
0.000788877
0.000794875
0.000800589
0.000806024
0.00081118
0.000816063
0.000820674
0.000825018
0.000829096
0.000832912
0.000836469
0.00083977
0.000842818
0.000845617
0.00084817
0.00085048
0.00085255
0.000854383
0.000855983
0.000857352
0.000858495
0.000859414
0.000860111
0.000860592
0.000860859
0.000860915
0.000860763
0.000860407
0.00085985
0.000859095
0.000858146
0.000857004
0.000855675
0.000854161
0.000852464
0.00085059
0.000848539
0.000846317
0.000843925
0.000841368
0.000838648
0.00083577
0.000832734
0.000829546
0.000826209
0.000822724
0.000819095
0.000815326
0.000811419
0.000807378
0.000803206
0.000798905
0.000794478
0.00078993
0.000785262
0.000780478
0.00077558
0.000770571
0.000765455
0.000760234
0.000754911
0.000749489
0.000743971
0.00073836
0.000732658
0.000726868
0.000720993
0.000715037
0.000709
0.000702887
0.000696699
0.00069044
0.000684112
0.000677717
0.000671258
0.000664737
0.000658157
0.000651521
0.000644831
0.000638089
0.000631299
0.000624461
0.000617579
0.000610655
0.000603691
0.00059669
0.000589653
0.000582584
0.000575483
0.000568354
0.000561199
0.00055402
0.000546818
0.000539597
0.000532357
0.000525101
0.000517831
0.000510548
0.000503256
0.000495955
0.000488647
0.000481335
0.00047402
0.000466705
0.00045939
0.000452078
0.000444771
0.000437469
0.000430175
0.000422891
0.000415617
0.000408356
0.000401109
0.000393877
0.000386663
0.000379467
0.000372291
0.000365137
0.000358005
0.000350897
0.000343814
0.000336759
0.000329731
0.000322733
0.000315765
0.000308829
0.000301927
0.000295058
0.000288224
0.000281427
0.000274666
0.000267945
0.000261263
0.000254621
0.00024802
0.000241463
0.000234948
0.000228477
0.000222052
0.000215672
0.000209339
0.000203054
0.000196817
0.000190628
0.00018449
0.000178402
0.000172365
0.00016638
0.000160448
0.000154568
0.000148742
0.00014297
0.000137253
0.000131591
0.000125985
0.000120436
0.000114943
0.000109507
0.000104129
9.88094e-05
9.35478e-05
8.83451e-05
8.32014e-05
7.81172e-05
7.30927e-05
6.81282e-05
6.32239e-05
5.83802e-05
5.35973e-05
4.88753e-05
4.42146e-05
3.96151e-05
3.50772e-05
3.0601e-05
2.61864e-05
2.18338e-05
1.7543e-05
1.33143e-05
9.14768e-06
5.04317e-06
1.00081e-06
-2.97938e-06
-6.89741e-06
-1.07533e-05
-1.45471e-05
-1.82788e-05
-2.19485e-05
-2.55563e-05
-2.91023e-05
-3.25865e-05
-3.60092e-05
-3.93703e-05
-4.26701e-05
-4.59088e-05
-4.90864e-05
-5.22032e-05
-5.52593e-05
-5.8255e-05
-6.11905e-05
-6.4066e-05
-6.68817e-05
-6.96379e-05
-7.23348e-05
-7.49727e-05
-7.75518e-05
-8.00726e-05
-8.25351e-05
-8.49399e-05
-8.72871e-05
-8.95771e-05
-9.18103e-05
-9.3987e-05
-9.61075e-05
-9.81723e-05
-0.000100182
-0.000102136
-0.000104035
-0.00010588
-0.000107672
-0.000109409
-0.000111094
-0.000112726
-0.000114306
-0.000115834
-0.000117311
-0.000118736
-0.000120111
-0.000121436
-0.000122712
-0.000123938
-0.000125116
-0.000126245
-0.000127327
-0.000128361
-0.000129349
-0.00013029
-0.000131186
-0.000132036
-0.000132841
-0.000133602
-0.000134319
-0.000134992
-0.000135623
-0.000136212
-0.000136758
-0.000137264
-0.000137729
-0.000138153
-0.000138538
-0.000138884
-0.000139191
-0.00013946
-0.000139691
-0.000139885
-0.000140043
-0.000140165
-0.000140251
-0.000140302
-0.000140318
-0.000140301
-0.00014025
-0.000140166
-0.00014005
-0.000139902
-0.000139722
-0.000139512
-0.000139272
-0.000139002
-0.000138703
-0.000138375
-0.000138019
-0.000137635
-0.000137224
-0.000136787
-0.000136324
-0.000135835
-0.00013532
-0.000134782
-0.000134219
-0.000133633
-0.000133024
-0.000132392
-0.000131738
-0.000131063
-0.000130366
-0.000129649
-0.000128912
-0.000128155
-0.00012738
-0.000126585
-0.000125773
-0.000124943
-0.000124096
-0.000123232
-0.000122352
-0.000121456
-0.000120544
-0.000119618
-0.000118678
-0.000117723
-0.000116755
-0.000115774
-0.00011478
-0.000113774
-0.000112756
-0.000111727
-0.000110687
-0.000109637
-0.000108576
-0.000107505
-0.000106425
-0.000105337
-0.00010424
-0.000103134
-0.000102022
-0.000100901
-9.97741e-05
-9.86403e-05
-9.75004e-05
-9.63547e-05
-9.52035e-05
-9.40473e-05
-9.28863e-05
-9.17209e-05
-9.05515e-05
-8.93783e-05
-8.82018e-05
-8.70223e-05
-8.584e-05
-8.46554e-05
-8.34688e-05
-8.22804e-05
-8.10906e-05
-7.98997e-05
-7.8708e-05
-7.75159e-05
-7.63235e-05
-7.51312e-05
-7.39393e-05
-7.2748e-05
-7.15576e-05
-7.03685e-05
-6.91808e-05
-6.79949e-05
-6.68109e-05
-6.56292e-05
-6.44499e-05
-6.32733e-05
-6.20998e-05
-6.09294e-05
-5.97625e-05
-5.85993e-05
-5.744e-05
-5.62847e-05
-5.51338e-05
-5.39874e-05
-5.28458e-05
-5.17091e-05
-5.05775e-05
-4.94512e-05
-4.83305e-05
-4.72155e-05
-4.61064e-05
-4.50033e-05
-4.39064e-05
-4.28159e-05
-4.1732e-05
-4.06548e-05
-3.95844e-05
-3.85211e-05
-3.74649e-05
-3.6416e-05
-3.53747e-05
-3.43408e-05
-3.33147e-05
-3.22965e-05
-3.12862e-05
-3.0284e-05
-2.92901e-05
-2.83044e-05
-2.73272e-05
-2.63584e-05
-2.53984e-05
-2.4447e-05
-2.35045e-05
-2.25709e-05
-2.16463e-05
-2.07307e-05
-1.98244e-05
-1.89272e-05
-1.80394e-05
-1.71609e-05
-1.62919e-05
-1.54323e-05
-1.45823e-05
-1.3742e-05
-1.29113e-05
-1.20903e-05
-1.12791e-05
-1.04778e-05
-9.68624e-06
-8.90461e-06
-8.13291e-06
-7.37116e-06
-6.6194e-06
-5.87765e-06
-5.14594e-06
-4.42428e-06
-3.71269e-06
-3.0112e-06
-2.31981e-06
-1.63854e-06
-9.6739e-07
-3.06367e-07
3.44525e-07
9.85287e-07
1.61592e-06
2.23643e-06
2.84683e-06
3.44712e-06
4.03732e-06
4.61743e-06
5.18749e-06
5.7475e-06
6.29748e-06
6.83746e-06
7.36747e-06
7.88753e-06
8.39767e-06
8.89791e-06
9.3883e-06
9.86886e-06
1.03396e-05
1.08007e-05
1.1252e-05
1.16936e-05
1.21257e-05
1.25481e-05
1.2961e-05
1.33645e-05
1.37585e-05
1.41431e-05
1.45184e-05
1.48844e-05
1.52411e-05
1.55888e-05
1.59273e-05
1.62567e-05
1.65772e-05
1.68887e-05
1.71914e-05
1.74853e-05
1.77704e-05
1.80469e-05
1.83148e-05
1.85741e-05
1.8825e-05
1.90675e-05
1.93017e-05
1.95276e-05
1.97454e-05
1.9955e-05
2.01566e-05
2.03503e-05
2.05361e-05
2.07141e-05
2.08844e-05
2.10471e-05
2.12021e-05
2.13497e-05
2.14899e-05
2.16228e-05
2.17484e-05
2.18669e-05
2.19783e-05
2.20826e-05
2.21801e-05
2.22708e-05
2.23547e-05
2.24319e-05
2.25026e-05
2.25667e-05
2.26245e-05
2.26759e-05
2.27211e-05
2.27602e-05
2.27932e-05
2.28201e-05
2.28412e-05
2.28565e-05
2.28661e-05
2.287e-05
2.28684e-05
2.28613e-05
2.28488e-05
2.28311e-05
2.28081e-05
2.278e-05
2.27469e-05
2.27088e-05
2.26659e-05
2.26181e-05
2.25657e-05
2.25087e-05
2.24471e-05
2.23811e-05
2.23108e-05
2.22362e-05
2.21574e-05
2.20744e-05
2.19875e-05
2.18966e-05
2.18019e-05
2.17034e-05
2.16013e-05
2.14955e-05
2.13862e-05
2.12734e-05
2.11572e-05
2.10378e-05
2.09152e-05
2.07894e-05
2.06606e-05
2.05288e-05
2.03941e-05
2.02566e-05
2.01163e-05
1.99734e-05
1.98279e-05
1.96799e-05
1.95295e-05
1.93766e-05
1.92215e-05
1.90642e-05
1.89047e-05
1.87431e-05
1.85796e-05
1.84141e-05
1.82467e-05
1.80775e-05
1.79066e-05
1.77341e-05
1.75599e-05
1.73842e-05
1.72071e-05
1.70285e-05
1.68487e-05
1.66675e-05
1.64851e-05
1.63016e-05
1.61171e-05
1.59315e-05
1.57449e-05
1.55575e-05
1.53692e-05
1.51801e-05
1.49903e-05
1.47999e-05
1.46088e-05
1.44171e-05
1.4225e-05
1.40324e-05
1.38395e-05
1.36461e-05
1.34525e-05
1.32587e-05
1.30646e-05
1.28704e-05
1.26762e-05
1.24818e-05
1.22875e-05
1.20933e-05
1.18991e-05
1.17051e-05
1.15112e-05
1.13176e-05
1.11243e-05
1.09312e-05
1.07386e-05
1.05463e-05
1.03544e-05
1.01631e-05
9.97219e-06
9.78188e-06
9.59216e-06
9.40307e-06
9.21463e-06
9.0269e-06
8.8399e-06
8.65366e-06
8.46822e-06
8.28361e-06
8.09986e-06
7.91701e-06
7.73508e-06
7.5541e-06
7.3741e-06
7.19511e-06
7.01716e-06
6.84027e-06
6.66447e-06
6.48978e-06
6.31623e-06
6.14385e-06
5.97265e-06
5.80266e-06
5.6339e-06
5.46639e-06
5.30016e-06
5.13522e-06
4.97159e-06
4.8093e-06
4.64836e-06
4.48878e-06
4.3306e-06
4.17381e-06
4.01845e-06
3.86452e-06
3.71203e-06
3.56101e-06
3.41147e-06
3.26341e-06
3.11685e-06
2.9718e-06
2.82828e-06
2.6863e-06
2.54586e-06
2.40698e-06
2.26966e-06
2.13392e-06
1.99976e-06
1.86719e-06
1.73622e-06
1.60685e-06
1.47909e-06
1.35295e-06
1.22844e-06
1.10555e-06
9.84288e-07
8.64663e-07
7.46677e-07
6.30333e-07
5.15633e-07
4.02579e-07
2.91174e-07
1.81418e-07
7.33124e-08
-3.31419e-08
-1.37945e-07
-2.41097e-07
-3.42599e-07
-4.42452e-07
-5.40657e-07
-6.37216e-07
-7.32132e-07
-8.25406e-07
-9.17043e-07
-1.00704e-06
-1.09542e-06
-1.18216e-06
-1.26728e-06
-1.35078e-06
-1.43267e-06
-1.51295e-06
-1.59163e-06
-1.66872e-06
-1.74421e-06
-1.81812e-06
-1.89045e-06
-1.96121e-06
-2.03041e-06
-2.09805e-06
-2.16415e-06
-2.2287e-06
-2.29173e-06
-2.35323e-06
-2.41321e-06
-2.47169e-06
-2.52867e-06
-2.58417e-06
-2.63819e-06
-2.69074e-06
-2.74184e-06
-2.79149e-06
-2.8397e-06
-2.88649e-06
-2.93186e-06
-2.97582e-06
-3.0184e-06
-3.05959e-06
-3.09941e-06
-3.13787e-06
-3.17499e-06
-3.21077e-06
-3.24522e-06
-3.27836e-06
-3.31021e-06
-3.34077e-06
-3.37005e-06
-3.39807e-06
-3.42485e-06
-3.45038e-06
-3.4747e-06
-3.49781e-06
-3.51971e-06
-3.54044e-06
-3.56e-06
-3.5784e-06
-3.59565e-06
-3.61178e-06
-3.62679e-06
-3.6407e-06
-3.65352e-06
-3.66526e-06
-3.67594e-06
-3.68558e-06
-3.69418e-06
-3.70176e-06
-3.70833e-06
-3.71392e-06
-3.71852e-06
-3.72217e-06
-3.72486e-06
-3.72662e-06
-3.72746e-06
-3.72739e-06
-3.72642e-06
-3.72458e-06
-3.72187e-06
-3.7183e-06
-3.7139e-06
-3.70868e-06
-3.70265e-06
-3.69582e-06
-3.68821e-06
-3.67983e-06
-3.6707e-06
-3.66082e-06
-3.65023e-06
-3.63892e-06
-3.6269e-06
-3.61421e-06
-3.60084e-06
-3.58682e-06
-3.57214e-06
-3.55684e-06
-3.54092e-06
-3.52439e-06
-3.50727e-06
-3.48958e-06
-3.47132e-06
-3.4525e-06
-3.43315e-06
-3.41328e-06
-3.39289e-06
-3.372e-06
-3.35062e-06
-3.32877e-06
-3.30646e-06
-3.2837e-06
-3.2605e-06
-3.23688e-06
-3.21284e-06
-3.18841e-06
-3.16359e-06
-3.13839e-06
-3.11283e-06
-3.08691e-06
-3.06065e-06
-3.03407e-06
-3.00716e-06
-2.97995e-06
-2.95244e-06
-2.92465e-06
-2.89658e-06
-2.86825e-06
-2.83967e-06
-2.81085e-06
-2.7818e-06
-2.75253e-06
-2.72305e-06
-2.69337e-06
-2.6635e-06
-2.63346e-06
-2.60324e-06
-2.57287e-06
-2.54235e-06
-2.51169e-06
-2.4809e-06
-2.44999e-06
-2.41896e-06
-2.38784e-06
-2.35662e-06
-2.32532e-06
-2.29394e-06
-2.2625e-06
-2.231e-06
-2.19945e-06
-2.16786e-06
-2.13623e-06
-2.10458e-06
-2.07292e-06
-2.04124e-06
-2.00956e-06
-1.97789e-06
-1.94624e-06
-1.91461e-06
-1.883e-06
-1.85143e-06
-1.81991e-06
-1.78843e-06
-1.75701e-06
-1.72566e-06
-1.69437e-06
-1.66316e-06
-1.63203e-06
-1.601e-06
-1.57005e-06
-1.53921e-06
-1.50847e-06
-1.47785e-06
-1.44734e-06
-1.41696e-06
-1.3867e-06
-1.35659e-06
-1.32661e-06
-1.29677e-06
-1.26708e-06
-1.23755e-06
-1.20817e-06
-1.17896e-06
-1.14992e-06
-1.12105e-06
-1.09236e-06
-1.06384e-06
-1.03551e-06
-1.00738e-06
-9.79429e-07
-9.51678e-07
-9.24127e-07
-8.9678e-07
-8.69639e-07
-8.42709e-07
-8.15992e-07
-7.89491e-07
-7.6321e-07
-7.37151e-07
-7.11318e-07
-6.85713e-07
-6.60339e-07
-6.35198e-07
-6.10292e-07
-5.85623e-07
-5.61195e-07
-5.3701e-07
-5.13068e-07
-4.89373e-07
-4.65927e-07
-4.42731e-07
-4.19787e-07
-3.97096e-07
-3.7466e-07
-3.52481e-07
-3.30559e-07
-3.08896e-07
-2.87494e-07
-2.66353e-07
-2.45475e-07
-2.2486e-07
-2.04509e-07
-1.84423e-07
-1.64602e-07
-1.45048e-07
-1.25761e-07
-1.06741e-07
-8.79897e-08
-6.95062e-08
-5.12913e-08
-3.3345e-08
-1.56677e-08
1.7406e-09
1.88798e-08
3.575e-08
5.23513e-08
6.86837e-08
8.47476e-08
1.00543e-07
1.16071e-07
1.31331e-07
1.46324e-07
1.6105e-07
1.75511e-07
1.89706e-07
2.03637e-07
2.17303e-07
2.30707e-07
2.43848e-07
2.56728e-07
2.69347e-07
2.81707e-07
2.93809e-07
3.05653e-07
3.17241e-07
3.28574e-07
3.39653e-07
3.5048e-07
3.61055e-07
3.71381e-07
3.81458e-07
3.91287e-07
4.00871e-07
4.10211e-07
4.19309e-07
4.28165e-07
4.36781e-07
4.4516e-07
4.53302e-07
4.6121e-07
4.68885e-07
4.76329e-07
4.83544e-07
4.90532e-07
4.97294e-07
5.03832e-07
5.10148e-07
5.16244e-07
5.22122e-07
5.27784e-07
5.33232e-07
5.38467e-07
5.43492e-07
5.48309e-07
5.5292e-07
5.57327e-07
5.61533e-07
5.65538e-07
5.69346e-07
5.72959e-07
5.76377e-07
5.79605e-07
5.82644e-07
5.85496e-07
5.88163e-07
5.90648e-07
5.92953e-07
5.9508e-07
5.97031e-07
5.98809e-07
6.00416e-07
6.01854e-07
6.03125e-07
6.04232e-07
6.05177e-07
6.05962e-07
6.06588e-07
6.07059e-07
6.07378e-07
6.07545e-07
6.07564e-07
6.07437e-07
6.07166e-07
6.06753e-07
6.06201e-07
6.05512e-07
6.04688e-07
6.03731e-07
6.02645e-07
6.01431e-07
6.0009e-07
5.98627e-07
5.97042e-07
5.95339e-07
5.93519e-07
5.91584e-07
5.89537e-07
5.8738e-07
5.85116e-07
5.82746e-07
5.80273e-07
5.77699e-07
5.75025e-07
5.72255e-07
5.69391e-07
5.66434e-07
5.63386e-07
5.60251e-07
5.57029e-07
5.53723e-07
5.50336e-07
5.46868e-07
5.43323e-07
5.39702e-07
5.36007e-07
5.32241e-07
5.28405e-07
5.24501e-07
5.20532e-07
5.16499e-07
5.12404e-07
5.0825e-07
5.04037e-07
4.99769e-07
4.95447e-07
4.91072e-07
4.86647e-07
4.82174e-07
4.77654e-07
4.73089e-07
4.68481e-07
4.63831e-07
4.59142e-07
4.54414e-07
4.49651e-07
4.44853e-07
4.40023e-07
4.35162e-07
4.30271e-07
4.25353e-07
4.20408e-07
4.15439e-07
4.10447e-07
4.05433e-07
4.00399e-07
3.95347e-07
3.90278e-07
3.85194e-07
3.80095e-07
3.74984e-07
3.69862e-07
3.6473e-07
3.5959e-07
3.54443e-07
3.49291e-07
3.44134e-07
3.38974e-07
3.33812e-07
3.28649e-07
3.23488e-07
3.18328e-07
3.13172e-07
3.0802e-07
3.02874e-07
2.97735e-07
2.92603e-07
2.8748e-07
2.82367e-07
2.77265e-07
2.72176e-07
2.67099e-07
2.62037e-07
2.5699e-07
2.51959e-07
2.46945e-07
2.4195e-07
2.36973e-07
2.32017e-07
2.27081e-07
2.22167e-07
2.17275e-07
2.12407e-07
2.07562e-07
2.02743e-07
1.97949e-07
1.93182e-07
1.88442e-07
1.8373e-07
1.79047e-07
1.74393e-07
1.69769e-07
1.65175e-07
1.60613e-07
1.56083e-07
1.51585e-07
1.4712e-07
1.42689e-07
1.38292e-07
1.33929e-07
1.29602e-07
1.25311e-07
1.21055e-07
1.16837e-07
1.12655e-07
1.08511e-07
1.04405e-07
1.00337e-07
9.63079e-08
9.23178e-08
8.83671e-08
8.44561e-08
8.05853e-08
7.67549e-08
7.29653e-08
6.92166e-08
6.55091e-08
6.18432e-08
5.8219e-08
5.46367e-08
5.10967e-08
4.7599e-08
4.41439e-08
4.07315e-08
3.7362e-08
3.40356e-08
3.07524e-08
2.75124e-08
2.43159e-08
2.11628e-08
1.80534e-08
1.49876e-08
1.19655e-08
8.98725e-09
6.05276e-09
3.16211e-09
3.15316e-10
-2.48761e-09
-5.24668e-09
-7.96189e-09
-1.06333e-08
-1.32609e-08
-1.58447e-08
-1.83849e-08
-2.08814e-08
-2.33344e-08
-2.57439e-08
-2.811e-08
-3.04328e-08
-3.27125e-08
-3.49492e-08
-3.71429e-08
-3.92938e-08
-4.14021e-08
-4.34679e-08
-4.54914e-08
-4.74727e-08
-4.9412e-08
-5.13095e-08
-5.31654e-08
-5.49799e-08
-5.67531e-08
-5.84854e-08
-6.01769e-08
-6.18278e-08
-6.34384e-08
-6.50089e-08
-6.65395e-08
-6.80306e-08
-6.94822e-08
-7.08948e-08
-7.22685e-08
-7.36037e-08
-7.49006e-08
-7.61595e-08
-7.73806e-08
-7.85644e-08
-7.9711e-08
-8.08208e-08
-8.1894e-08
-8.2931e-08
-8.39321e-08
-8.48976e-08
-8.58278e-08
-8.6723e-08
-8.75836e-08
-8.84099e-08
-8.92023e-08
-8.9961e-08
-9.06864e-08
-9.13788e-08
-9.20387e-08
-9.26662e-08
-9.32618e-08
-9.38258e-08
-9.43586e-08
-9.48605e-08
-9.53318e-08
-9.5773e-08
-9.61844e-08
-9.65664e-08
-9.69193e-08
-9.72435e-08
-9.75393e-08
-9.78071e-08
-9.80473e-08
-9.82603e-08
-9.84464e-08
-9.8606e-08
-9.87395e-08
-9.88472e-08
-9.89295e-08
-9.89869e-08
-9.90196e-08
-9.9028e-08
-9.90125e-08
-9.89734e-08
-9.89112e-08
-9.88262e-08
-9.87188e-08
-9.85893e-08
-9.84382e-08
-9.82658e-08
-9.80724e-08
-9.78585e-08
-9.76244e-08
-9.73705e-08
-9.70971e-08
-9.68046e-08
-9.64933e-08
-9.61637e-08
-9.58161e-08
-9.54508e-08
-9.50683e-08
-9.46688e-08
-9.42527e-08
-9.38204e-08
-9.33723e-08
-9.29087e-08
-9.24301e-08
-9.19365e-08
-9.14285e-08
-9.09065e-08
-9.03706e-08
-8.98213e-08
-8.9259e-08
-8.86839e-08
-8.80964e-08
-8.74968e-08
-8.68855e-08
-8.62628e-08
-8.5629e-08
-8.49843e-08
-8.43292e-08
-8.3664e-08
-8.29889e-08
-8.23044e-08
-8.16106e-08
-8.0908e-08
-8.01968e-08
-7.94772e-08
-7.87497e-08
-7.80145e-08
-7.72718e-08
-7.65221e-08
-7.57656e-08
-7.50026e-08
-7.42334e-08
-7.34582e-08
-7.26774e-08
-7.18911e-08
-7.10997e-08
-7.03034e-08
-6.95025e-08
-6.86973e-08
-6.7888e-08
-6.7075e-08
-6.62584e-08
-6.54385e-08
-6.46155e-08
-6.37898e-08
-6.29614e-08
-6.21308e-08
-6.12981e-08
-6.04635e-08
-5.96273e-08
-5.87897e-08
-5.79509e-08
-5.71111e-08
-5.62707e-08
-5.54297e-08
-5.45883e-08
-5.37468e-08
-5.29054e-08
-5.20643e-08
-5.12236e-08
-5.03837e-08
-4.95446e-08
-4.87065e-08
-4.78697e-08
-4.70343e-08
-4.62005e-08
-4.53685e-08
-4.45385e-08
-4.37106e-08
-4.2885e-08
-4.20618e-08
-4.12412e-08
-4.04235e-08
-3.96086e-08
-3.87968e-08
-3.79882e-08
-3.7183e-08
-3.63813e-08
-3.55832e-08
-3.4789e-08
-3.39986e-08
-3.32122e-08
-3.243e-08
-3.16522e-08
-3.08787e-08
-3.01097e-08
-2.93454e-08
-2.85858e-08
-2.78311e-08
-2.70813e-08
-2.63367e-08
-2.55972e-08
-2.4863e-08
-2.41341e-08
-2.34107e-08
-2.26929e-08
-2.19807e-08
-2.12742e-08
-2.05735e-08
-1.98787e-08
-1.91898e-08
-1.8507e-08
-1.78302e-08
-1.71597e-08
-1.64953e-08
-1.58373e-08
-1.51856e-08
-1.45403e-08
-1.39015e-08
-1.32692e-08
-1.26435e-08
-1.20244e-08
-1.1412e-08
-1.08062e-08
-1.02073e-08
-9.61511e-09
-9.02976e-09
-8.45129e-09
-7.87971e-09
-7.31507e-09
-6.75739e-09
-6.20668e-09
-5.66298e-09
-5.12631e-09
-4.59669e-09
-4.07413e-09
-3.55866e-09
-3.0503e-09
-2.54904e-09
-2.05491e-09
-1.56791e-09
-1.08805e-09
-6.15343e-10
-1.49782e-10
3.08629e-10
7.5989e-10
1.204e-09
1.64097e-09
2.0708e-09
2.4935e-09
2.90907e-09
3.31753e-09
3.71889e-09
4.11315e-09
4.50034e-09
4.88048e-09
5.25358e-09
5.61965e-09
5.97873e-09
6.33082e-09
6.67596e-09
7.01417e-09
7.34547e-09
7.6699e-09
7.98747e-09
8.29822e-09
8.60219e-09
8.89939e-09
9.18987e-09
9.47366e-09
9.75079e-09
1.00213e-08
1.02852e-08
1.05426e-08
1.07935e-08
1.10379e-08
1.12759e-08
1.15075e-08
1.17328e-08
1.19518e-08
1.21645e-08
1.2371e-08
1.25714e-08
1.27656e-08
1.29538e-08
1.3136e-08
1.33122e-08
1.34825e-08
1.36469e-08
1.38055e-08
1.39584e-08
1.41055e-08
1.4247e-08
1.43829e-08
1.45132e-08
1.4638e-08
1.47574e-08
1.48714e-08
1.49801e-08
1.50834e-08
1.51816e-08
1.52746e-08
1.53625e-08
1.54454e-08
1.55233e-08
1.55962e-08
1.56643e-08
1.57276e-08
1.57861e-08
1.58399e-08
1.58891e-08
1.59337e-08
1.59738e-08
1.60094e-08
1.60407e-08
1.60676e-08
1.60902e-08
1.61086e-08
1.61229e-08
1.61331e-08
1.61392e-08
1.61414e-08
1.61397e-08
1.61341e-08
1.61247e-08
1.61116e-08
1.60949e-08
1.60745e-08
1.60506e-08
1.60233e-08
1.59924e-08
1.59583e-08
1.59208e-08
1.58801e-08
1.58362e-08
1.57891e-08
1.57391e-08
1.5686e-08
1.56299e-08
1.5571e-08
1.55092e-08
1.54447e-08
1.53775e-08
1.53076e-08
1.52351e-08
1.51601e-08
1.50826e-08
1.50027e-08
1.49204e-08
1.48358e-08
1.47489e-08
1.46598e-08
1.45686e-08
1.44753e-08
1.438e-08
1.42827e-08
1.41835e-08
1.40824e-08
1.39794e-08
1.38747e-08
1.37683e-08
1.36603e-08
1.35506e-08
1.34394e-08
1.33266e-08
1.32124e-08
1.30968e-08
1.29798e-08
1.28615e-08
1.2742e-08
1.26212e-08
1.24993e-08
1.23763e-08
1.22522e-08
1.2127e-08
1.20009e-08
1.18738e-08
1.17459e-08
1.16171e-08
1.14875e-08
1.13572e-08
1.12261e-08
1.10943e-08
1.0962e-08
1.0829e-08
1.06955e-08
1.05615e-08
1.0427e-08
1.02921e-08
1.01568e-08
1.00212e-08
9.88525e-09
9.74902e-09
9.61256e-09
9.47589e-09
9.33905e-09
9.20209e-09
9.06503e-09
8.9279e-09
8.79074e-09
8.65359e-09
8.51647e-09
8.37943e-09
8.24249e-09
8.10569e-09
7.96905e-09
7.83261e-09
7.69639e-09
7.56042e-09
7.42473e-09
7.28935e-09
7.15432e-09
7.01965e-09
6.88537e-09
6.75152e-09
6.61811e-09
6.48517e-09
6.35272e-09
6.2208e-09
6.08941e-09
5.9586e-09
5.82837e-09
5.69875e-09
5.56977e-09
5.44144e-09
5.31378e-09
5.18682e-09
5.06058e-09
4.93507e-09
4.81031e-09
4.68633e-09
4.56313e-09
4.44074e-09
4.31917e-09
4.19845e-09
4.07858e-09
3.95958e-09
3.84147e-09
3.72425e-09
3.60796e-09
3.49259e-09
3.37816e-09
3.26469e-09
3.15219e-09
3.04067e-09
2.93014e-09
2.82061e-09
2.71209e-09
2.6046e-09
2.49815e-09
2.39274e-09
2.28838e-09
2.18508e-09
2.08285e-09
1.9817e-09
1.88164e-09
1.78267e-09
1.6848e-09
1.58804e-09
1.49239e-09
1.39786e-09
1.30446e-09
1.21218e-09
1.12104e-09
1.03104e-09
9.42172e-10
8.54456e-10
7.67888e-10
6.82473e-10
5.98212e-10
5.15109e-10
4.33165e-10
3.52382e-10
2.72762e-10
1.94306e-10
1.17014e-10
4.08866e-11
-3.40751e-11
-1.07871e-10
-1.80503e-10
-2.51969e-10
-3.22272e-10
-3.91413e-10
-4.59392e-10
-5.26211e-10
-5.91873e-10
-6.56379e-10
-7.19731e-10
-7.81934e-10
-8.42988e-10
-9.02897e-10
-9.61665e-10
-1.0193e-09
-1.07579e-09
-1.13116e-09
-1.1854e-09
-1.23852e-09
-1.29052e-09
-1.34141e-09
-1.39119e-09
-1.43987e-09
-1.48745e-09
-1.53394e-09
-1.57935e-09
-1.62367e-09
-1.66692e-09
-1.70911e-09
-1.75023e-09
-1.7903e-09
-1.82932e-09
-1.86729e-09
-1.90424e-09
-1.94015e-09
-1.97505e-09
-2.00893e-09
-2.04181e-09
-2.0737e-09
-2.10459e-09
-2.1345e-09
-2.16343e-09
-2.1914e-09
-2.21841e-09
-2.24447e-09
-2.26959e-09
-2.29378e-09
-2.31704e-09
-2.33939e-09
-2.36083e-09
-2.38138e-09
-2.40103e-09
-2.41981e-09
-2.43772e-09
-2.45476e-09
-2.47095e-09
-2.4863e-09
-2.50082e-09
-2.51451e-09
-2.52739e-09
-2.53945e-09
-2.55073e-09
-2.56121e-09
-2.57092e-09
-2.57986e-09
-2.58805e-09
-2.59548e-09
-2.60218e-09
-2.60815e-09
-2.61341e-09
-2.61795e-09
-2.6218e-09
-2.62495e-09
-2.62743e-09
-2.62924e-09
-2.63039e-09
-2.63089e-09
-2.63075e-09
-2.62999e-09
-2.6286e-09
-2.62661e-09
-2.62401e-09
-2.62083e-09
-2.61706e-09
-2.61273e-09
-2.60783e-09
-2.60238e-09
-2.59639e-09
-2.58987e-09
-2.58283e-09
-2.57528e-09
-2.56722e-09
-2.55868e-09
-2.54965e-09
-2.54014e-09
-2.53018e-09
-2.51976e-09
-2.5089e-09
-2.4976e-09
-2.48588e-09
-2.47374e-09
-2.4612e-09
-2.44826e-09
-2.43493e-09
-2.42122e-09
-2.40715e-09
-2.39271e-09
-2.37792e-09
-2.36279e-09
-2.34732e-09
-2.33153e-09
-2.31542e-09
-2.29901e-09
-2.2823e-09
-2.26529e-09
-2.24801e-09
-2.23045e-09
-2.21263e-09
-2.19455e-09
-2.17622e-09
-2.15765e-09
-2.13886e-09
-2.11984e-09
-2.1006e-09
-2.08116e-09
-2.06152e-09
-2.04169e-09
-2.02167e-09
-2.00147e-09
-1.98111e-09
-1.96059e-09
-1.93991e-09
-1.91909e-09
-1.89812e-09
-1.87703e-09
-1.85581e-09
-1.83447e-09
-1.81302e-09
-1.79147e-09
-1.76982e-09
-1.74807e-09
-1.72625e-09
-1.70435e-09
-1.68237e-09
-1.66033e-09
-1.63824e-09
-1.61609e-09
-1.59389e-09
-1.57166e-09
-1.54939e-09
-1.52709e-09
-1.50477e-09
-1.48243e-09
-1.46008e-09
-1.43773e-09
-1.41537e-09
-1.39302e-09
-1.37068e-09
-1.34836e-09
-1.32606e-09
-1.30378e-09
-1.28153e-09
-1.25932e-09
-1.23715e-09
-1.21503e-09
-1.19295e-09
-1.17093e-09
-1.14897e-09
-1.12707e-09
-1.10524e-09
-1.08348e-09
-1.0618e-09
-1.04019e-09
-1.01867e-09
-9.9724e-10
-9.75899e-10
-9.54653e-10
-9.33505e-10
-9.12461e-10
-8.91522e-10
-8.70693e-10
-8.49976e-10
-8.29375e-10
-8.08893e-10
-7.88532e-10
-7.68297e-10
-7.48189e-10
-7.28213e-10
-7.08369e-10
-6.88662e-10
-6.69094e-10
-6.49667e-10
-6.30385e-10
-6.11248e-10
-5.9226e-10
-5.73423e-10
-5.5474e-10
-5.36211e-10
-5.17839e-10
-4.99627e-10
-4.81576e-10
-4.63688e-10
-4.45964e-10
-4.28407e-10
-4.11019e-10
-3.938e-10
-3.76752e-10
-3.59878e-10
-3.43177e-10
-3.26651e-10
-3.10303e-10
-2.94132e-10
-2.78141e-10
-2.62329e-10
-2.46699e-10
-2.31251e-10
-2.15985e-10
-2.00904e-10
-1.86007e-10
-1.71296e-10
-1.5677e-10
-1.42431e-10
-1.2828e-10
-1.14316e-10
-1.0054e-10
-8.69529e-11
-7.35546e-11
-6.03454e-11
-4.73257e-11
-3.44956e-11
-2.18554e-11
-9.40497e-12
2.85546e-12
1.49259e-11
2.68065e-11
3.84972e-11
4.99982e-11
6.13096e-11
7.24318e-11
8.33648e-11
9.4109e-11
1.04665e-10
1.15033e-10
1.25213e-10
1.35206e-10
1.45012e-10
1.54632e-10
1.64067e-10
1.73316e-10
1.82382e-10
1.91263e-10
1.99962e-10
2.08478e-10
2.16813e-10
2.24967e-10
2.32941e-10
2.40736e-10
2.48353e-10
2.55793e-10
2.63056e-10
2.70144e-10
2.77059e-10
2.83799e-10
2.90368e-10
2.96766e-10
3.02993e-10
3.09052e-10
3.14943e-10
3.20667e-10
3.26226e-10
3.31621e-10
3.36853e-10
3.41924e-10
3.46834e-10
3.51585e-10
3.56179e-10
3.60616e-10
3.64898e-10
3.69027e-10
3.73003e-10
3.76828e-10
3.80504e-10
3.84031e-10
3.87411e-10
3.90647e-10
3.93738e-10
3.96688e-10
3.99497e-10
4.02166e-10
4.04698e-10
4.07093e-10
4.09354e-10
4.11482e-10
4.13478e-10
4.15344e-10
4.17082e-10
4.18692e-10
4.20177e-10
4.21539e-10
4.22778e-10
4.23896e-10
4.24895e-10
4.25777e-10
4.26543e-10
4.27195e-10
4.27734e-10
4.28162e-10
4.28481e-10
4.28692e-10
4.28797e-10
4.28798e-10
4.28695e-10
4.28491e-10
4.28187e-10
4.27785e-10
4.27287e-10
4.26693e-10
4.26007e-10
4.25228e-10
4.2436e-10
4.23403e-10
4.22359e-10
4.2123e-10
4.20017e-10
4.18723e-10
4.17347e-10
4.15893e-10
4.14361e-10
4.12753e-10
4.11072e-10
4.09317e-10
4.07491e-10
4.05596e-10
4.03632e-10
4.01602e-10
3.99507e-10
3.97348e-10
3.95126e-10
3.92845e-10
3.90504e-10
3.88105e-10
3.85651e-10
3.83141e-10
3.80579e-10
3.77965e-10
3.753e-10
3.72586e-10
3.69825e-10
3.67018e-10
3.64166e-10
3.6127e-10
3.58333e-10
3.55354e-10
3.52337e-10
3.49281e-10
3.46189e-10
3.43061e-10
3.39899e-10
3.36704e-10
3.33478e-10
3.30221e-10
3.26936e-10
3.23622e-10
3.20283e-10
3.16917e-10
3.13528e-10
3.10116e-10
3.06682e-10
3.03227e-10
2.99753e-10
2.96261e-10
2.92752e-10
2.89226e-10
2.85686e-10
2.82131e-10
2.78564e-10
2.74985e-10
2.71395e-10
2.67796e-10
2.64187e-10
2.60571e-10
2.56948e-10
2.53319e-10
2.49686e-10
2.46048e-10
2.42408e-10
2.38765e-10
2.35122e-10
2.31478e-10
2.27835e-10
2.24193e-10
2.20554e-10
2.16918e-10
2.13286e-10
2.09659e-10
2.06038e-10
2.02423e-10
1.98815e-10
1.95215e-10
1.91624e-10
1.88042e-10
1.8447e-10
1.8091e-10
1.7736e-10
1.73823e-10
1.70299e-10
1.66789e-10
1.63292e-10
1.5981e-10
1.56344e-10
1.52894e-10
1.4946e-10
1.46044e-10
1.42645e-10
1.39265e-10
1.35903e-10
1.3256e-10
1.29238e-10
1.25935e-10
1.22653e-10
1.19393e-10
1.16154e-10
1.12937e-10
1.09743e-10
1.06571e-10
1.03424e-10
1.00299e-10
9.71994e-11
9.41239e-11
9.10733e-11
8.8048e-11
8.50482e-11
8.20744e-11
7.91267e-11
7.62056e-11
7.33113e-11
7.0444e-11
6.76041e-11
6.47917e-11
6.20073e-11
5.92509e-11
5.65229e-11
5.38234e-11
5.11526e-11
4.85108e-11
4.58981e-11
4.33147e-11
4.07607e-11
3.82364e-11
3.57419e-11
3.32773e-11
3.08428e-11
2.84384e-11
2.60643e-11
2.37206e-11
2.14074e-11
1.91247e-11
1.68727e-11
1.46514e-11
1.24608e-11
1.03011e-11
8.17223e-12
6.07426e-12
4.00721e-12
1.9711e-12
-3.40416e-14
-2.00823e-12
-3.95146e-12
-5.86374e-12
-7.7451e-12
-9.59557e-12
-1.14152e-11
-1.32039e-11
-1.49619e-11
-1.66892e-11
-1.83858e-11
-2.00517e-11
-2.16872e-11
-2.32922e-11
-2.48668e-11
-2.64112e-11
-2.79254e-11
-2.94095e-11
-3.08636e-11
-3.22879e-11
-3.36824e-11
-3.50473e-11
-3.63828e-11
-3.76889e-11
-3.89658e-11
-4.02136e-11
-4.14325e-11
-4.26227e-11
-4.37842e-11
-4.49173e-11
-4.60221e-11
-4.70989e-11
-4.81477e-11
-4.91687e-11
-5.01622e-11
-5.11283e-11
-5.20672e-11
-5.29792e-11
-5.38643e-11
-5.47229e-11
-5.55551e-11
-5.6361e-11
-5.7141e-11
-5.78952e-11
-5.86239e-11
-5.93273e-11
-6.00056e-11
-6.06589e-11
-6.12877e-11
-6.1892e-11
-6.24722e-11
-6.30283e-11
-6.35608e-11
-6.40698e-11
-6.45555e-11
-6.50182e-11
-6.54582e-11
-6.58756e-11
-6.62708e-11
-6.6644e-11
-6.69954e-11
-6.73253e-11
-6.7634e-11
-6.79216e-11
-6.81885e-11
-6.84349e-11
-6.8661e-11
-6.88673e-11
-6.90538e-11
-6.92209e-11
-6.93687e-11
-6.94976e-11
-6.96079e-11
-6.96997e-11
-6.97733e-11
-6.98291e-11
-6.98672e-11
-6.9888e-11
-6.98916e-11
-6.98785e-11
-6.98488e-11
-6.98027e-11
-6.97406e-11
-6.96628e-11
-6.95694e-11
-6.94607e-11
-6.9337e-11
-6.91986e-11
-6.90457e-11
-6.88786e-11
-6.86975e-11
-6.85027e-11
-6.82946e-11
-6.80732e-11
-6.78388e-11
-6.75918e-11
-6.73323e-11
-6.70607e-11
-6.67772e-11
-6.6482e-11
-6.61753e-11
-6.58576e-11
-6.55289e-11
-6.51896e-11
-6.48399e-11
-6.448e-11
-6.41101e-11
-6.37306e-11
-6.33417e-11
-6.29435e-11
-6.25364e-11
-6.21205e-11
-6.16961e-11
-6.12635e-11
-6.08229e-11
-6.03745e-11
-5.99184e-11
-5.94551e-11
-5.89846e-11
-5.85072e-11
-5.80231e-11
-5.75326e-11
-5.70359e-11
-5.65331e-11
-5.60246e-11
-5.55104e-11
-5.49908e-11
-5.44661e-11
-5.39364e-11
-5.34019e-11
-5.28629e-11
-5.23195e-11
-5.17719e-11
-5.12203e-11
-5.06649e-11
-5.0106e-11
-4.95436e-11
-4.89781e-11
-4.84095e-11
-4.7838e-11
-4.72639e-11
-4.66873e-11
-4.61084e-11
-4.55274e-11
-4.49444e-11
-4.43597e-11
-4.37733e-11
-4.31855e-11
-4.25963e-11
-4.20061e-11
-4.14148e-11
-4.08228e-11
-4.023e-11
-3.96368e-11
-3.90431e-11
-3.84493e-11
-3.78554e-11
-3.72615e-11
-3.66679e-11
-3.60747e-11
-3.5482e-11
-3.48899e-11
-3.42986e-11
-3.37081e-11
-3.31187e-11
-3.25304e-11
-3.19435e-11
-3.13579e-11
-3.07738e-11
-3.01913e-11
-2.96106e-11
-2.90318e-11
-2.84549e-11
-2.78801e-11
-2.73075e-11
-2.67371e-11
-2.61692e-11
-2.56037e-11
-2.50408e-11
-2.44806e-11
-2.39231e-11
-2.33686e-11
-2.28169e-11
-2.22683e-11
-2.17229e-11
-2.11806e-11
-2.06416e-11
-2.0106e-11
-1.95738e-11
-1.90452e-11
-1.85201e-11
-1.79986e-11
-1.74809e-11
-1.6967e-11
-1.6457e-11
-1.59508e-11
-1.54487e-11
-1.49506e-11
-1.44565e-11
-1.39667e-11
-1.3481e-11
-1.29996e-11
-1.25225e-11
-1.20498e-11
-1.15815e-11
-1.11176e-11
-1.06582e-11
-1.02033e-11
-9.75305e-12
-9.30738e-12
-8.86636e-12
-8.43001e-12
-7.99838e-12
-7.57149e-12
-7.14937e-12
-6.73206e-12
-6.31956e-12
-5.91192e-12
-5.50915e-12
-5.11127e-12
-4.71831e-12
-4.33029e-12
-3.94721e-12
-3.5691e-12
-3.19597e-12
-2.82783e-12
-2.4647e-12
-2.10658e-12
-1.75348e-12
-1.40541e-12
-1.06238e-12
-7.24381e-13
-3.9143e-13
-6.35252e-14
2.59333e-13
5.77146e-13
8.89914e-13
1.19764e-12
1.50033e-12
1.79799e-12
2.09061e-12
2.37822e-12
2.66082e-12
2.93842e-12
3.21103e-12
3.47866e-12
3.74132e-12
3.99903e-12
4.2518e-12
4.49965e-12
4.74259e-12
4.98064e-12
5.21382e-12
5.44215e-12
5.66565e-12
5.88433e-12
6.09823e-12
6.30735e-12
6.51174e-12
6.71141e-12
6.90639e-12
7.0967e-12
7.28236e-12
7.46342e-12
7.63988e-12
7.81178e-12
7.97915e-12
8.14203e-12
8.30043e-12
8.4544e-12
8.60397e-12
8.74916e-12
8.89e-12
9.02654e-12
9.1588e-12
9.28682e-12
9.41063e-12
9.53027e-12
9.64578e-12
9.75719e-12
9.86453e-12
9.96785e-12
1.00672e-11
1.01625e-11
1.0254e-11
1.03416e-11
1.04254e-11
1.05053e-11
1.05815e-11
1.0654e-11
1.07228e-11
1.0788e-11
1.08495e-11
1.09075e-11
1.0962e-11
1.10131e-11
1.10607e-11
1.11049e-11
1.11457e-11
1.11833e-11
1.12176e-11
1.12486e-11
1.12765e-11
1.13013e-11
1.13229e-11
1.13415e-11
1.13571e-11
1.13697e-11
1.13794e-11
1.13862e-11
1.13902e-11
1.13913e-11
1.13898e-11
1.13855e-11
1.13785e-11
1.13689e-11
1.13568e-11
1.13421e-11
1.13249e-11
1.13052e-11
1.12832e-11
1.12587e-11
1.1232e-11
1.12029e-11
1.11716e-11
1.11382e-11
1.11025e-11
1.10647e-11
1.10249e-11
1.0983e-11
1.09392e-11
1.08934e-11
1.08457e-11
1.07961e-11
1.07447e-11
1.06915e-11
1.06366e-11
1.058e-11
1.05217e-11
1.04617e-11
1.04002e-11
1.03372e-11
1.02726e-11
1.02066e-11
1.01391e-11
1.00703e-11
1.00001e-11
9.92853e-12
9.85573e-12
9.78168e-12
9.70643e-12
9.63e-12
9.55245e-12
9.4738e-12
9.39409e-12
9.31335e-12
9.23163e-12
9.14895e-12
9.06535e-12
8.98087e-12
8.89553e-12
8.80938e-12
8.72243e-12
8.63473e-12
8.54632e-12
8.45722e-12
8.36747e-12
8.2771e-12
8.18613e-12
8.09461e-12
8.00255e-12
7.90999e-12
7.81696e-12
7.72348e-12
7.62959e-12
7.53533e-12
7.44071e-12
7.34576e-12
7.25052e-12
7.15501e-12
7.05926e-12
6.96329e-12
6.86713e-12
6.7708e-12
6.67434e-12
6.57776e-12
6.4811e-12
6.38437e-12
6.2876e-12
6.19081e-12
6.09404e-12
5.99729e-12
5.9006e-12
5.80398e-12
5.70746e-12
5.61106e-12
5.5148e-12
5.41871e-12
5.32279e-12
5.22708e-12
5.13159e-12
5.03635e-12
4.94136e-12
4.84665e-12
4.75225e-12
4.65816e-12
4.56441e-12
4.47101e-12
4.37798e-12
4.28533e-12
4.19308e-12
4.10124e-12
4.00984e-12
3.91889e-12
3.8284e-12
3.7384e-12
3.64888e-12
3.55987e-12
3.47137e-12
3.38341e-12
3.296e-12
3.20914e-12
3.12285e-12
3.03715e-12
2.95203e-12
2.86752e-12
2.78363e-12
2.70037e-12
2.61774e-12
2.53575e-12
2.45443e-12
2.37376e-12
2.29377e-12
2.21447e-12
2.13586e-12
2.05794e-12
1.98074e-12
1.90425e-12
1.82849e-12
1.75346e-12
1.67916e-12
1.60561e-12
1.5328e-12
1.46076e-12
1.38947e-12
1.31895e-12
1.2492e-12
1.18023e-12
1.11204e-12
1.04464e-12
9.78023e-13
9.12202e-13
8.47178e-13
7.82954e-13
7.19533e-13
6.56919e-13
5.95114e-13
5.3412e-13
4.7394e-13
4.14575e-13
3.56028e-13
2.98299e-13
2.4139e-13
1.85301e-13
1.30034e-13
7.55892e-14
2.19666e-14
-3.08335e-14
-8.2811e-14
-1.33966e-13
-1.843e-13
-2.33812e-13
-2.82503e-13
-3.30376e-13
-3.77429e-13
-4.23666e-13
-4.69087e-13
-5.13695e-13
-5.5749e-13
-6.00476e-13
-6.42653e-13
-6.84025e-13
-7.24595e-13
-7.64363e-13
-8.03334e-13
-8.41511e-13
-8.78896e-13
-9.15493e-13
-9.51304e-13
-9.86335e-13
-1.02059e-12
-1.05407e-12
-1.08678e-12
-1.11872e-12
-1.1499e-12
-1.18033e-12
-1.21e-12
-1.23892e-12
-1.2671e-12
-1.29454e-12
-1.32124e-12
-1.34722e-12
-1.37247e-12
-1.397e-12
-1.42081e-12
-1.44392e-12
-1.46632e-12
-1.48803e-12
-1.50904e-12
-1.52937e-12
-1.54901e-12
-1.56799e-12
-1.58629e-12
-1.60392e-12
-1.6209e-12
-1.63723e-12
-1.65292e-12
-1.66796e-12
-1.68237e-12
-1.69616e-12
-1.70932e-12
-1.72188e-12
-1.73382e-12
-1.74517e-12
-1.75592e-12
-1.76608e-12
-1.77566e-12
-1.78467e-12
-1.79311e-12
-1.80099e-12
-1.80832e-12
-1.8151e-12
-1.82134e-12
-1.82705e-12
-1.83223e-12
-1.83689e-12
-1.84103e-12
-1.84467e-12
-1.84781e-12
-1.85046e-12
-1.85263e-12
-1.85431e-12
-1.85553e-12
-1.85628e-12
-1.85657e-12
-1.85641e-12
-1.85581e-12
-1.85478e-12
-1.85331e-12
-1.85143e-12
-1.84912e-12
-1.84641e-12
-1.8433e-12
-1.8398e-12
-1.8359e-12
-1.83163e-12
-1.82698e-12
-1.82197e-12
-1.81659e-12
-1.81087e-12
-1.80479e-12
-1.79838e-12
-1.79163e-12
-1.78456e-12
-1.77717e-12
-1.76947e-12
-1.76146e-12
-1.75315e-12
-1.74455e-12
-1.73566e-12
-1.7265e-12
-1.71706e-12
-1.70735e-12
-1.69739e-12
-1.68717e-12
-1.6767e-12
-1.66599e-12
-1.65505e-12
-1.64388e-12
-1.63248e-12
-1.62087e-12
-1.60905e-12
-1.59703e-12
-1.58481e-12
-1.57239e-12
-1.55979e-12
-1.54701e-12
-1.53406e-12
-1.52094e-12
-1.50765e-12
-1.49421e-12
-1.48061e-12
-1.46687e-12
-1.45299e-12
-1.43898e-12
-1.42483e-12
-1.41057e-12
-1.39618e-12
-1.38169e-12
-1.36708e-12
-1.35237e-12
-1.33757e-12
-1.32267e-12
-1.30768e-12
-1.29261e-12
-1.27747e-12
-1.26225e-12
-1.24696e-12
-1.23161e-12
-1.2162e-12
-1.20074e-12
-1.18523e-12
-1.16967e-12
-1.15407e-12
-1.13843e-12
-1.12276e-12
-1.10707e-12
-1.09135e-12
-1.07561e-12
-1.05986e-12
-1.0441e-12
-1.02832e-12
-1.01255e-12
-9.96772e-13
-9.81001e-13
-9.65238e-13
-9.49487e-13
-9.33751e-13
-9.18033e-13
-9.02338e-13
-8.86668e-13
-8.71027e-13
-8.55418e-13
-8.39844e-13
-8.2431e-13
-8.08817e-13
-7.93369e-13
-7.77969e-13
-7.62621e-13
-7.47327e-13
-7.32089e-13
-7.1691e-13
-7.01794e-13
-6.86742e-13
-6.71759e-13
-6.56844e-13
-6.42003e-13
-6.27237e-13
-6.12548e-13
-5.97939e-13
-5.83411e-13
-5.68968e-13
-5.54611e-13
-5.40343e-13
-5.26165e-13
-5.1208e-13
-4.98089e-13
-4.84195e-13
-4.70399e-13
-4.56703e-13
-4.43108e-13
-4.29617e-13
-4.16231e-13
-4.02952e-13
-3.89781e-13
-3.7672e-13
-3.6377e-13
-3.50932e-13
-3.38209e-13
-3.256e-13
-3.13108e-13
-3.00734e-13
-2.88479e-13
-2.76343e-13
-2.64329e-13
-2.52436e-13
-2.40666e-13
-2.29021e-13
-2.175e-13
-2.06104e-13
-1.94836e-13
-1.83694e-13
-1.7268e-13
-1.61795e-13
-1.51039e-13
-1.40413e-13
-1.29918e-13
-1.19553e-13
-1.0932e-13
-9.92178e-14
-8.92481e-14
-7.9411e-14
-6.97066e-14
-6.01353e-14
-5.06973e-14
-4.13928e-14
-3.2222e-14
-2.31851e-14
-1.42822e-14
-5.51326e-15
3.12161e-15
1.16224e-14
1.99892e-14
2.8222e-14
3.6321e-14
4.42862e-14
5.21179e-14
5.98161e-14
6.73811e-14
7.48132e-14
8.21125e-14
8.92795e-14
9.63144e-14
1.03218e-13
1.09989e-13
1.1663e-13
1.23141e-13
1.29521e-13
1.35772e-13
1.41893e-13
1.47887e-13
1.53752e-13
1.59489e-13
1.651e-13
1.70585e-13
1.75944e-13
1.81178e-13
1.86287e-13
1.91274e-13
1.96137e-13
2.00878e-13
2.05497e-13
2.09996e-13
2.14375e-13
2.18635e-13
2.22777e-13
2.26801e-13
2.30709e-13
2.34501e-13
2.38178e-13
2.41741e-13
2.45192e-13
2.4853e-13
2.51757e-13
2.54873e-13
2.5788e-13
2.60779e-13
2.63571e-13
2.66256e-13
2.68836e-13
2.71311e-13
2.73683e-13
2.75953e-13
2.78121e-13
2.8019e-13
2.82159e-13
2.8403e-13
2.85804e-13
2.87483e-13
2.89066e-13
2.90556e-13
2.91953e-13
2.93258e-13
2.94472e-13
2.95598e-13
2.96635e-13
2.97584e-13
2.98448e-13
2.99227e-13
2.99921e-13
3.00533e-13
3.01063e-13
3.01513e-13
3.01883e-13
3.02175e-13
3.0239e-13
3.02529e-13
3.02594e-13
3.02584e-13
3.02503e-13
3.0235e-13
3.02126e-13
3.01834e-13
3.01473e-13
3.01046e-13
3.00553e-13
2.99996e-13
2.99375e-13
2.98691e-13
2.97947e-13
2.97143e-13
2.96279e-13
2.95358e-13
2.9438e-13
2.93347e-13
2.92259e-13
2.91118e-13
2.89924e-13
2.88679e-13
2.87385e-13
2.86041e-13
2.8465e-13
2.83211e-13
2.81727e-13
2.80198e-13
2.78625e-13
2.7701e-13
2.75353e-13
2.73655e-13
2.71918e-13
2.70143e-13
2.6833e-13
2.66481e-13
2.64596e-13
2.62677e-13
2.60724e-13
2.58739e-13
2.56722e-13
2.54675e-13
2.52598e-13
2.50493e-13
2.4836e-13
2.462e-13
2.44015e-13
2.41805e-13
2.3957e-13
2.37313e-13
2.35034e-13
2.32733e-13
2.30412e-13
2.28071e-13
2.25712e-13
2.23335e-13
2.20941e-13
2.18531e-13
2.16106e-13
2.13666e-13
2.11213e-13
2.08747e-13
2.06268e-13
2.03779e-13
2.01279e-13
1.98769e-13
1.96251e-13
1.93724e-13
1.91189e-13
1.88648e-13
1.86101e-13
1.83548e-13
1.80991e-13
1.78429e-13
1.75865e-13
1.73297e-13
1.70728e-13
1.68158e-13
1.65586e-13
1.63015e-13
1.60444e-13
1.57874e-13
1.55306e-13
1.52741e-13
1.50178e-13
1.47619e-13
1.45064e-13
1.42514e-13
1.39969e-13
1.37429e-13
1.34896e-13
1.32369e-13
1.2985e-13
1.27338e-13
1.24835e-13
1.2234e-13
1.19855e-13
1.17379e-13
1.14912e-13
1.12457e-13
1.10012e-13
1.07579e-13
1.05157e-13
1.02748e-13
1.00351e-13
9.79665e-14
9.55957e-14
9.32386e-14
9.08956e-14
8.85668e-14
8.62528e-14
8.39537e-14
8.16701e-14
7.94021e-14
7.71501e-14
7.49142e-14
7.26949e-14
7.04924e-14
6.83069e-14
6.61388e-14
6.39883e-14
6.18556e-14
5.97409e-14
5.76446e-14
5.55668e-14
5.35077e-14
5.14676e-14
4.94466e-14
4.7445e-14
4.54628e-14
4.35004e-14
4.15578e-14
3.96352e-14
3.77328e-14
3.58506e-14
3.3989e-14
3.21479e-14
3.03274e-14
2.85278e-14
2.67492e-14
2.49915e-14
2.3255e-14
2.15397e-14
1.98457e-14
1.8173e-14
1.65218e-14
1.48922e-14
1.32841e-14
1.16976e-14
1.01329e-14
8.58981e-15
7.06851e-15
5.56899e-15
4.09128e-15
2.63539e-15
1.20135e-15
-2.10854e-16
-1.6012e-15
-2.96971e-15
-4.31638e-15
-5.64122e-15
-6.94427e-15
-8.22553e-15
-9.48504e-15
-1.07228e-14
-1.19389e-14
-1.31334e-14
-1.43063e-14
-1.54576e-14
-1.65875e-14
-1.76959e-14
-1.8783e-14
-1.98487e-14
-2.08933e-14
-2.19167e-14
-2.2919e-14
-2.39004e-14
-2.48609e-14
-2.58006e-14
-2.67195e-14
-2.76179e-14
-2.84958e-14
-2.93532e-14
-3.01904e-14
-3.10074e-14
-3.18044e-14
-3.25814e-14
-3.33385e-14
-3.4076e-14
-3.4794e-14
-3.54925e-14
-3.61717e-14
-3.68317e-14
-3.74727e-14
-3.80948e-14
-3.86981e-14
-3.92829e-14
-3.98492e-14
-4.03972e-14
-4.0927e-14
-4.14388e-14
-4.19328e-14
-4.24091e-14
-4.28679e-14
-4.33093e-14
-4.37335e-14
-4.41406e-14
-4.45309e-14
-4.49044e-14
-4.52614e-14
-4.56019e-14
-4.59263e-14
-4.62347e-14
-4.65272e-14
-4.68039e-14
-4.70652e-14
-4.73111e-14
-4.75419e-14
-4.77577e-14
-4.79587e-14
-4.81452e-14
-4.83172e-14
-4.84749e-14
-4.86186e-14
-4.87483e-14
-4.88644e-14
-4.89669e-14
-4.90561e-14
-4.91321e-14
-4.91951e-14
-4.92454e-14
-4.9283e-14
-4.93082e-14
-4.93212e-14
-4.93222e-14
-4.93113e-14
-4.92887e-14
-4.92547e-14
-4.92093e-14
-4.91529e-14
-4.90855e-14
-4.90073e-14
-4.89186e-14
-4.88195e-14
-4.87103e-14
-4.8591e-14
-4.8462e-14
-4.83233e-14
-4.81751e-14
-4.80177e-14
-4.78511e-14
-4.76757e-14
-4.74915e-14
-4.72987e-14
-4.70976e-14
-4.68883e-14
-4.6671e-14
-4.64458e-14
-4.62129e-14
-4.59726e-14
-4.57249e-14
-4.547e-14
-4.52082e-14
-4.49396e-14
-4.46643e-14
-4.43825e-14
-4.40944e-14
-4.38002e-14
-4.35e-14
-4.3194e-14
-4.28823e-14
-4.25651e-14
-4.22426e-14
-4.19149e-14
-4.15823e-14
-4.12448e-14
-4.09026e-14
-4.05559e-14
-4.02048e-14
-3.98495e-14
-3.94901e-14
-3.91268e-14
-3.87597e-14
-3.8389e-14
-3.80147e-14
-3.76371e-14
-3.72563e-14
-3.68725e-14
-3.64857e-14
-3.60962e-14
-3.57039e-14
-3.53092e-14
-3.4912e-14
-3.45126e-14
-3.41111e-14
-3.37076e-14
-3.33022e-14
-3.28951e-14
-3.24864e-14
-3.20761e-14
-3.16645e-14
-3.12517e-14
-3.08378e-14
-3.04228e-14
-3.00069e-14
-2.95902e-14
-2.91729e-14
-2.8755e-14
-2.83366e-14
-2.79179e-14
-2.7499e-14
-2.70799e-14
-2.66608e-14
-2.62417e-14
-2.58228e-14
-2.54042e-14
-2.49859e-14
-2.45681e-14
-2.41509e-14
-2.37342e-14
-2.33184e-14
-2.29033e-14
-2.24891e-14
-2.2076e-14
-2.16639e-14
-2.1253e-14
-2.08433e-14
-2.04349e-14
-2.0028e-14
-1.96225e-14
-1.92186e-14
-1.88163e-14
-1.84157e-14
-1.80169e-14
-1.76199e-14
-1.72248e-14
-1.68316e-14
-1.64405e-14
-1.60515e-14
-1.56647e-14
-1.528e-14
-1.48976e-14
-1.45176e-14
-1.41399e-14
-1.37647e-14
-1.33919e-14
-1.30217e-14
-1.26541e-14
-1.22891e-14
-1.19268e-14
-1.15672e-14
-1.12104e-14
-1.08564e-14
-1.05052e-14
-1.0157e-14
-9.8117e-15
-9.46938e-15
-9.13008e-15
-8.79382e-15
-8.46065e-15
-8.13058e-15
-7.80366e-15
-7.4799e-15
-7.15935e-15
-6.84203e-15
-6.52797e-15
-6.21718e-15
-5.9097e-15
-5.60554e-15
-5.30474e-15
-5.0073e-15
-4.71326e-15
-4.42262e-15
-4.1354e-15
-3.85163e-15
-3.57131e-15
-3.29446e-15
-3.02109e-15
-2.75122e-15
-2.48486e-15
-2.22201e-15
-1.96268e-15
-1.70689e-15
-1.45463e-15
-1.20592e-15
-9.60765e-16
-7.19159e-16
-4.8111e-16
-2.4662e-16
-1.56901e-17
2.11678e-16
4.35486e-16
6.55735e-16
8.72426e-16
1.08556e-15
1.29515e-15
1.50119e-15
1.70368e-15
1.90265e-15
2.09808e-15
2.29e-15
2.4784e-15
2.6633e-15
2.8447e-15
3.02263e-15
3.19707e-15
3.36806e-15
3.5356e-15
3.69971e-15
3.8604e-15
4.01767e-15
4.17155e-15
4.32206e-15
4.46921e-15
4.61301e-15
4.75349e-15
4.89065e-15
5.02453e-15
5.15513e-15
5.28248e-15
5.4066e-15
5.5275e-15
5.64521e-15
5.75975e-15
5.87113e-15
5.97939e-15
6.08454e-15
6.18661e-15
6.28561e-15
6.38158e-15
6.47453e-15
6.5645e-15
6.6515e-15
6.73556e-15
6.81671e-15
6.89496e-15
6.97035e-15
7.04291e-15
7.11266e-15
7.17962e-15
7.24382e-15
7.3053e-15
7.36407e-15
7.42017e-15
7.47362e-15
7.52445e-15
7.57269e-15
7.61836e-15
7.6615e-15
7.70214e-15
7.7403e-15
7.77601e-15
7.8093e-15
7.84021e-15
7.86875e-15
7.89497e-15
7.91888e-15
7.94053e-15
7.95993e-15
7.97712e-15
7.99213e-15
8.005e-15
8.01574e-15
8.02439e-15
8.03097e-15
8.03553e-15
8.03809e-15
8.03867e-15
8.03732e-15
8.03405e-15
8.02891e-15
8.02192e-15
8.01311e-15
8.00251e-15
7.99016e-15
7.97607e-15
7.96029e-15
7.94285e-15
7.92376e-15
7.90307e-15
7.88081e-15
7.85699e-15
7.83165e-15
7.80483e-15
7.77655e-15
7.74684e-15
7.71572e-15
7.68324e-15
7.64941e-15
7.61427e-15
7.57783e-15
7.54014e-15
7.50123e-15
7.46111e-15
7.41982e-15
7.37739e-15
7.33385e-15
7.28922e-15
7.24353e-15
7.1968e-15
7.14907e-15
7.10036e-15
7.05069e-15
7.0001e-15
6.9486e-15
6.89623e-15
6.84302e-15
6.78898e-15
6.73415e-15
6.67855e-15
6.6222e-15
6.56514e-15
6.50738e-15
6.44895e-15
6.38987e-15
6.33017e-15
6.26988e-15
6.20901e-15
6.14759e-15
6.08564e-15
6.02319e-15
5.96025e-15
5.89686e-15
5.83303e-15
5.76879e-15
5.70415e-15
5.63914e-15
5.57379e-15
5.5081e-15
5.4421e-15
5.37582e-15
5.30926e-15
5.24247e-15
5.17544e-15
5.1082e-15
5.04078e-15
4.97318e-15
4.90544e-15
4.83756e-15
4.76957e-15
4.70149e-15
4.63333e-15
4.5651e-15
4.49684e-15
4.42855e-15
4.36025e-15
4.29195e-15
4.22368e-15
4.15545e-15
4.08727e-15
4.01916e-15
3.95114e-15
3.88322e-15
3.81542e-15
3.74774e-15
3.68021e-15
3.61284e-15
3.54565e-15
3.47863e-15
3.41182e-15
3.34522e-15
3.27884e-15
3.2127e-15
3.14681e-15
3.08118e-15
3.01583e-15
2.95075e-15
2.88598e-15
2.82151e-15
2.75736e-15
2.69353e-15
2.63005e-15
2.56691e-15
2.50414e-15
2.44173e-15
2.37969e-15
2.31805e-15
2.2568e-15
2.19595e-15
2.13552e-15
2.0755e-15
2.01592e-15
1.95677e-15
1.89806e-15
1.8398e-15
1.782e-15
1.72467e-15
1.6678e-15
1.61141e-15
1.55551e-15
1.50009e-15
1.44517e-15
1.39075e-15
1.33684e-15
1.28344e-15
1.23055e-15
1.17819e-15
1.12635e-15
1.07504e-15
1.02427e-15
9.74034e-16
9.2434e-16
8.75191e-16
8.26591e-16
7.78543e-16
7.31049e-16
6.84113e-16
6.37738e-16
5.91925e-16
5.46677e-16
5.01997e-16
4.57885e-16
4.14345e-16
3.71378e-16
3.28985e-16
2.87168e-16
2.45927e-16
2.05264e-16
1.6518e-16
1.25674e-16
8.67486e-17
4.84032e-17
1.06383e-17
-2.6546e-17
-6.31499e-17
-9.91734e-17
-1.34617e-16
-1.69481e-16
-2.03766e-16
-2.37472e-16
-2.70602e-16
-3.03154e-16
-3.35132e-16
-3.66535e-16
-3.97365e-16
-4.27624e-16
-4.57313e-16
-4.86434e-16
-5.14989e-16
-5.42979e-16
-5.70407e-16
-5.97274e-16
-6.23583e-16
-6.49336e-16
-6.74536e-16
-6.99185e-16
-7.23285e-16
-7.4684e-16
-7.69852e-16
-7.92323e-16
-8.14258e-16
-8.35658e-16
-8.56528e-16
-8.7687e-16
-8.96688e-16
-9.15984e-16
-9.34762e-16
-9.53027e-16
-9.70781e-16
-9.88028e-16
-1.00477e-15
-1.02101e-15
-1.03676e-15
-1.05202e-15
-1.06678e-15
-1.08107e-15
-1.09487e-15
-1.1082e-15
-1.12105e-15
-1.13344e-15
-1.14536e-15
-1.15683e-15
-1.16784e-15
-1.1784e-15
-1.18852e-15
-1.19819e-15
-1.20743e-15
-1.21623e-15
-1.22461e-15
-1.23256e-15
-1.24009e-15
-1.24721e-15
-1.25392e-15
-1.26023e-15
-1.26614e-15
-1.27165e-15
-1.27677e-15
-1.2815e-15
-1.28586e-15
-1.28984e-15
-1.29344e-15
-1.29668e-15
-1.29957e-15
-1.30209e-15
-1.30426e-15
-1.30609e-15
-1.30757e-15
-1.30872e-15
-1.30954e-15
-1.31003e-15
-1.3102e-15
-1.31005e-15
-1.30958e-15
-1.30882e-15
-1.30774e-15
-1.30638e-15
-1.30472e-15
-1.30277e-15
-1.30054e-15
-1.29803e-15
-1.29525e-15
-1.2922e-15
-1.28889e-15
-1.28531e-15
-1.28149e-15
-1.27742e-15
-1.2731e-15
-1.26854e-15
-1.26375e-15
-1.25874e-15
-1.25349e-15
-1.24803e-15
-1.24235e-15
-1.23646e-15
-1.23036e-15
-1.22406e-15
-1.21757e-15
-1.21088e-15
-1.20401e-15
-1.19695e-15
-1.18971e-15
-1.1823e-15
-1.17473e-15
-1.16698e-15
-1.15908e-15
-1.15102e-15
-1.1428e-15
-1.13444e-15
-1.12594e-15
-1.1173e-15
-1.10852e-15
-1.09961e-15
-1.09057e-15
-1.08141e-15
-1.07214e-15
-1.06274e-15
-1.05324e-15
-1.04364e-15
-1.03392e-15
-1.02412e-15
-1.01421e-15
-1.00422e-15
-9.94137e-16
-9.83972e-16
-9.73729e-16
-9.6341e-16
-9.53019e-16
-9.42559e-16
-9.32035e-16
-9.2145e-16
-9.10807e-16
-9.0011e-16
-8.89361e-16
-8.78565e-16
-8.67725e-16
-8.56843e-16
-8.45924e-16
-8.34969e-16
-8.23984e-16
-8.1297e-16
-8.0193e-16
-7.90869e-16
-7.79788e-16
-7.68692e-16
-7.57582e-16
-7.46462e-16
-7.35335e-16
-7.24203e-16
-7.13069e-16
-7.01936e-16
-6.90807e-16
-6.79683e-16
-6.68568e-16
-6.57464e-16
-6.46374e-16
-6.353e-16
-6.24244e-16
-6.1321e-16
-6.02198e-16
-5.91212e-16
-5.80253e-16
-5.69325e-16
-5.58428e-16
-5.47565e-16
-5.36739e-16
-5.25951e-16
-5.15203e-16
-5.04498e-16
-4.93837e-16
-4.83221e-16
-4.72654e-16
-4.62137e-16
-4.51671e-16
-4.41258e-16
-4.309e-16
-4.20599e-16
-4.10355e-16
-4.00172e-16
-3.90049e-16
-3.79989e-16
-3.69993e-16
-3.60063e-16
-3.50199e-16
-3.40403e-16
-3.30677e-16
-3.21021e-16
-3.11438e-16
-3.01928e-16
-2.92492e-16
-2.83131e-16
-2.73847e-16
-2.64641e-16
-2.55513e-16
-2.46465e-16
-2.37497e-16
-2.2861e-16
-2.19806e-16
-2.11085e-16
-2.02448e-16
-1.93895e-16
-1.85428e-16
-1.77047e-16
-1.68753e-16
-1.60547e-16
-1.52428e-16
-1.44399e-16
-1.36458e-16
-1.28607e-16
-1.20847e-16
-1.13177e-16
-1.05599e-16
-9.81117e-17
-9.07167e-17
-8.34142e-17
-7.62043e-17
-6.90874e-17
-6.20638e-17
-5.51337e-17
-4.82973e-17
-4.15548e-17
-3.49065e-17
-2.83524e-17
-2.18927e-17
-1.55274e-17
-9.25668e-18
-3.0805e-18
3.0011e-18
8.9881e-18
1.48805e-17
2.06784e-17
2.63819e-17
3.19909e-17
3.75057e-17
4.29264e-17
4.82531e-17
5.34861e-17
5.86254e-17
6.36713e-17
6.8624e-17
7.34838e-17
7.8251e-17
8.29258e-17
8.75085e-17
9.19995e-17
9.6399e-17
1.00707e-16
1.04925e-16
1.09053e-16
1.1309e-16
1.17038e-16
1.20898e-16
1.24668e-16
1.2835e-16
1.31945e-16
1.35453e-16
1.38873e-16
1.42208e-16
1.45457e-16
1.48621e-16
1.517e-16
1.54696e-16
1.57608e-16
1.60437e-16
1.63184e-16
1.6585e-16
1.68434e-16
1.70938e-16
1.73363e-16
1.75708e-16
1.77975e-16
1.80164e-16
1.82276e-16
1.84312e-16
1.86272e-16
1.88157e-16
1.89968e-16
1.91705e-16
1.9337e-16
1.94962e-16
1.96483e-16
1.97933e-16
1.99313e-16
2.00625e-16
2.01867e-16
2.03042e-16
2.04151e-16
2.05193e-16
2.0617e-16
2.07082e-16
2.07931e-16
2.08716e-16
2.09439e-16
2.10101e-16
2.10702e-16
2.11243e-16
2.11725e-16
2.12149e-16
2.12516e-16
2.12825e-16
2.13079e-16
2.13278e-16
2.13422e-16
2.13513e-16
2.13551e-16
2.13538e-16
2.13473e-16
2.13358e-16
2.13194e-16
2.12981e-16
2.1272e-16
2.12412e-16
2.12058e-16
2.11658e-16
2.11214e-16
2.10726e-16
2.10195e-16
2.09622e-16
2.09007e-16
2.08351e-16
2.07656e-16
2.06921e-16
2.06149e-16
2.05338e-16
2.04491e-16
2.03608e-16
2.02689e-16
2.01736e-16
2.00749e-16
1.9973e-16
1.98678e-16
1.97595e-16
1.96481e-16
1.95337e-16
1.94163e-16
1.92961e-16
1.91732e-16
1.90475e-16
1.89192e-16
1.87884e-16
1.8655e-16
1.85193e-16
1.83812e-16
1.82408e-16
1.80982e-16
1.79534e-16
1.78066e-16
1.76578e-16
1.7507e-16
1.73543e-16
1.71999e-16
1.70437e-16
1.68858e-16
1.67263e-16
1.65653e-16
1.64027e-16
1.62387e-16
1.60734e-16
1.59068e-16
1.57389e-16
1.55698e-16
1.53996e-16
1.52283e-16
1.5056e-16
1.48827e-16
1.47086e-16
1.45336e-16
1.43578e-16
1.41813e-16
1.40041e-16
1.38263e-16
1.36479e-16
1.3469e-16
1.32896e-16
1.31098e-16
1.29296e-16
1.27491e-16
1.25683e-16
1.23873e-16
1.22061e-16
1.20248e-16
1.18434e-16
1.1662e-16
1.14805e-16
1.12991e-16
1.11178e-16
1.09366e-16
1.07556e-16
1.05748e-16
1.03943e-16
1.0214e-16
1.00341e-16
9.85451e-17
9.67536e-17
9.49664e-17
9.31841e-17
9.14069e-17
8.96351e-17
8.78692e-17
8.61094e-17
8.43562e-17
8.26097e-17
8.08703e-17
7.91384e-17
7.74143e-17
7.56981e-17
7.39902e-17
7.2291e-17
7.06005e-17
6.89192e-17
6.72473e-17
6.5585e-17
6.39327e-17
6.22905e-17
6.06587e-17
5.90376e-17
5.74273e-17
5.5828e-17
5.424e-17
5.26636e-17
5.10988e-17
4.95459e-17
4.80051e-17
4.64766e-17
4.49605e-17
4.34569e-17
4.19662e-17
4.04884e-17
3.90237e-17
3.75723e-17
3.61342e-17
3.47097e-17
3.32988e-17
3.19017e-17
3.05185e-17
2.91494e-17
2.77944e-17
2.64537e-17
2.51273e-17
2.38153e-17
2.25179e-17
2.12351e-17
1.9967e-17
1.87136e-17
1.74752e-17
1.62516e-17
1.50431e-17
1.38496e-17
1.26712e-17
1.15079e-17
1.03598e-17
9.22699e-18
8.10942e-18
7.00716e-18
5.92023e-18
4.84866e-18
3.79248e-18
2.75168e-18
1.7263e-18
7.1634e-19
-2.78202e-19
-1.25732e-18
-2.22102e-18
-3.16931e-18
-4.10219e-18
-5.01969e-18
-5.92181e-18
-6.80858e-18
-7.68003e-18
-8.53618e-18
-9.37705e-18
-1.02027e-17
-1.10131e-17
-1.18084e-17
-1.25886e-17
-1.33537e-17
-1.41038e-17
-1.48389e-17
-1.55591e-17
-1.62645e-17
-1.69551e-17
-1.76309e-17
-1.82921e-17
-1.89386e-17
-1.95706e-17
-2.01882e-17
-2.07914e-17
-2.13803e-17
-2.1955e-17
-2.25155e-17
-2.3062e-17
-2.35945e-17
-2.41132e-17
-2.4618e-17
-2.51091e-17
-2.55866e-17
-2.60506e-17
-2.65012e-17
-2.69385e-17
-2.73625e-17
-2.77735e-17
-2.81714e-17
-2.85564e-17
-2.89287e-17
-2.92882e-17
-2.96351e-17
-2.99696e-17
-3.02918e-17
-3.06017e-17
-3.08994e-17
-3.11851e-17
-3.1459e-17
-3.1721e-17
-3.19714e-17
-3.22103e-17
-3.24377e-17
-3.26539e-17
-3.28589e-17
-3.30529e-17
-3.32359e-17
-3.34081e-17
-3.35697e-17
-3.37206e-17
-3.38612e-17
-3.39915e-17
-3.41116e-17
-3.42216e-17
-3.43217e-17
-3.44121e-17
-3.44928e-17
-3.4564e-17
-3.46258e-17
-3.46783e-17
-3.47217e-17
-3.4756e-17
-3.47816e-17
-3.47983e-17
-3.48065e-17
-3.48061e-17
-3.47974e-17
-3.47805e-17
-3.47555e-17
-3.47225e-17
-3.46817e-17
-3.46332e-17
-3.45771e-17
-3.45136e-17
-3.44428e-17
-3.43648e-17
-3.42797e-17
-3.41877e-17
-3.4089e-17
-3.39835e-17
-3.38716e-17
-3.37532e-17
-3.36286e-17
-3.34978e-17
-3.33609e-17
-3.32182e-17
-3.30697e-17
-3.29156e-17
-3.27559e-17
-3.25909e-17
-3.24206e-17
-3.22451e-17
-3.20646e-17
-3.18792e-17
-3.1689e-17
-3.14942e-17
-3.12948e-17
-3.1091e-17
-3.08829e-17
-3.06706e-17
-3.04541e-17
-3.02337e-17
-3.00094e-17
-2.97814e-17
-2.95497e-17
-2.93146e-17
-2.9076e-17
-2.88341e-17
-2.8589e-17
-2.83409e-17
-2.80898e-17
-2.78358e-17
-2.7579e-17
-2.73196e-17
-2.70577e-17
-2.67932e-17
-2.65265e-17
-2.62574e-17
-2.59862e-17
-2.5713e-17
-2.54378e-17
-2.51608e-17
-2.48819e-17
-2.46014e-17
-2.43194e-17
-2.40358e-17
-2.37508e-17
-2.34646e-17
-2.31771e-17
-2.28885e-17
-2.25988e-17
-2.23082e-17
-2.20168e-17
-2.17245e-17
-2.14315e-17
-2.11379e-17
-2.08438e-17
-2.05492e-17
-2.02542e-17
-1.99589e-17
-1.96634e-17
-1.93677e-17
-1.9072e-17
-1.87762e-17
-1.84805e-17
-1.81849e-17
-1.78896e-17
-1.75944e-17
-1.72996e-17
-1.70052e-17
-1.67113e-17
-1.64179e-17
-1.61251e-17
-1.58329e-17
-1.55415e-17
-1.52508e-17
-1.4961e-17
-1.4672e-17
-1.4384e-17
-1.40969e-17
-1.38109e-17
-1.3526e-17
-1.32423e-17
-1.29597e-17
-1.26784e-17
-1.23984e-17
-1.21198e-17
-1.18425e-17
-1.15667e-17
-1.12924e-17
-1.10196e-17
-1.07483e-17
-1.04787e-17
-1.02107e-17
-9.94439e-18
-9.67981e-18
-9.41699e-18
-9.15597e-18
-8.89678e-18
-8.63946e-18
-8.38404e-18
-8.13054e-18
-7.87901e-18
-7.62947e-18
-7.38195e-18
-7.13648e-18
-6.89309e-18
-6.6518e-18
-6.41263e-18
-6.17562e-18
-5.94079e-18
-5.70815e-18
-5.47773e-18
-5.24955e-18
-5.02363e-18
-4.8e-18
-4.57866e-18
-4.35965e-18
-4.14296e-18
-3.92862e-18
-3.71664e-18
-3.50704e-18
-3.29984e-18
-3.09505e-18
-2.89267e-18
-2.69272e-18
-2.49521e-18
-2.30016e-18
-2.10756e-18
-1.91743e-18
-1.72977e-18
-1.5446e-18
-1.36191e-18
-1.18172e-18
-1.00402e-18
-8.28828e-19
-6.56141e-19
-4.85962e-19
-3.18294e-19
-1.53138e-19
9.50619e-21
1.69637e-19
3.27256e-19
4.82364e-19
6.34962e-19
7.85053e-19
9.32639e-19
1.07772e-18
1.22031e-18
1.3604e-18
1.49801e-18
1.63313e-18
1.76577e-18
1.89594e-18
2.02365e-18
2.1489e-18
2.2717e-18
2.39205e-18
2.50998e-18
2.62549e-18
2.73858e-18
2.84927e-18
2.95756e-18
3.06348e-18
3.16702e-18
3.26821e-18
3.36705e-18
3.46356e-18
3.55775e-18
3.64962e-18
3.73921e-18
3.82651e-18
3.91154e-18
3.99433e-18
4.07487e-18
4.1532e-18
4.22932e-18
4.30325e-18
4.375e-18
4.4446e-18
4.51205e-18
4.57739e-18
4.64061e-18
4.70174e-18
4.7608e-18
4.81781e-18
4.87278e-18
4.92573e-18
4.97668e-18
5.02565e-18
5.07266e-18
5.11773e-18
5.16087e-18
5.20211e-18
5.24145e-18
5.27894e-18
5.31457e-18
5.34838e-18
5.38039e-18
5.41061e-18
5.43906e-18
5.46577e-18
5.49075e-18
5.51403e-18
5.53563e-18
5.55556e-18
5.57385e-18
5.59052e-18
5.60559e-18
5.61908e-18
5.63102e-18
5.64142e-18
5.65031e-18
5.6577e-18
5.66362e-18
5.66809e-18
5.67113e-18
5.67275e-18
5.67299e-18
5.67187e-18
5.6694e-18
5.6656e-18
5.66051e-18
5.65413e-18
5.6465e-18
5.63763e-18
5.62754e-18
5.61626e-18
5.6038e-18
5.59019e-18
5.57544e-18
5.55958e-18
5.54264e-18
5.52462e-18
5.50556e-18
5.48547e-18
5.46437e-18
5.44228e-18
5.41923e-18
5.39523e-18
5.37031e-18
5.34448e-18
5.31777e-18
5.29019e-18
5.26177e-18
5.23253e-18
5.20248e-18
5.17165e-18
5.14005e-18
5.10771e-18
5.07464e-18
5.04086e-18
5.00639e-18
4.97125e-18
4.93545e-18
4.89903e-18
4.86199e-18
4.82436e-18
4.78615e-18
4.74738e-18
4.70807e-18
4.66823e-18
4.62789e-18
4.58706e-18
4.54576e-18
4.50401e-18
4.46182e-18
4.41922e-18
4.3762e-18
4.33281e-18
4.28904e-18
4.24492e-18
4.20046e-18
4.15567e-18
4.11059e-18
4.06521e-18
4.01955e-18
3.97364e-18
3.92747e-18
3.88108e-18
3.83448e-18
3.78767e-18
3.74068e-18
3.69351e-18
3.64619e-18
3.59872e-18
3.55112e-18
3.5034e-18
3.45558e-18
3.40767e-18
3.35968e-18
3.31162e-18
3.26351e-18
3.21536e-18
3.16719e-18
3.11899e-18
3.07079e-18
3.0226e-18
2.97442e-18
2.92628e-18
2.87817e-18
2.83011e-18
2.78212e-18
2.7342e-18
2.68636e-18
2.63862e-18
2.59098e-18
2.54345e-18
2.49605e-18
2.44878e-18
2.40165e-18
2.35468e-18
2.30786e-18
2.26121e-18
2.21474e-18
2.16846e-18
2.12237e-18
2.07648e-18
2.0308e-18
1.98534e-18
1.9401e-18
1.89509e-18
1.85033e-18
1.80581e-18
1.76154e-18
1.71753e-18
1.67379e-18
1.63032e-18
1.58714e-18
1.54423e-18
1.50162e-18
1.45931e-18
1.4173e-18
1.3756e-18
1.33421e-18
1.29314e-18
1.25239e-18
1.21197e-18
1.17188e-18
1.13213e-18
1.09272e-18
1.05366e-18
1.01495e-18
9.76593e-19
9.38592e-19
9.00953e-19
8.63678e-19
8.26771e-19
7.90236e-19
7.54075e-19
7.18291e-19
6.82887e-19
6.47867e-19
6.13232e-19
5.78985e-19
5.45127e-19
5.11661e-19
4.78588e-19
4.45911e-19
4.13631e-19
3.81751e-19
3.5027e-19
3.19192e-19
2.88516e-19
2.58245e-19
2.28379e-19
1.98919e-19
1.69866e-19
1.41221e-19
1.12984e-19
8.51555e-20
5.77363e-20
3.07266e-20
4.12638e-21
-2.20641e-20
-4.7845e-20
-7.32163e-20
-9.81783e-20
-1.22731e-19
-1.46876e-19
-1.70612e-19
-1.93941e-19
-2.16863e-19
-2.39379e-19
-2.6149e-19
-2.83196e-19
-3.045e-19
-3.25401e-19
-3.45901e-19
-3.66002e-19
-3.85705e-19
-4.05011e-19
-4.23921e-19
-4.42438e-19
-4.60562e-19
-4.78297e-19
-4.95642e-19
-5.126e-19
-5.29174e-19
-5.45364e-19
-5.61173e-19
-5.76603e-19
-5.91657e-19
-6.06337e-19
-6.20644e-19
-6.34581e-19
-6.48151e-19
-6.61355e-19
-6.74197e-19
-6.86678e-19
-6.98802e-19
-7.10572e-19
-7.21989e-19
-7.33056e-19
-7.43777e-19
-7.54153e-19
-7.64188e-19
-7.73885e-19
-7.83247e-19
-7.92276e-19
-8.00975e-19
-8.09348e-19
-8.17398e-19
-8.25127e-19
-8.32539e-19
-8.39637e-19
-8.46423e-19
-8.52902e-19
-8.59075e-19
-8.64948e-19
-8.70521e-19
-8.758e-19
-8.80787e-19
-8.85486e-19
-8.89899e-19
-8.94031e-19
-8.97884e-19
-9.01462e-19
-9.04769e-19
-9.07808e-19
-9.10582e-19
-9.13094e-19
-9.15349e-19
-9.17349e-19
-9.19098e-19
-9.20599e-19
-9.21856e-19
-9.22872e-19
-9.23651e-19
-9.24196e-19
-9.24511e-19
-9.24599e-19
-9.24463e-19
-9.24108e-19
-9.23537e-19
-9.22752e-19
-9.21759e-19
-9.20559e-19
-9.19157e-19
-9.17557e-19
-9.1576e-19
-9.13773e-19
-9.11596e-19
-9.09234e-19
-9.0669e-19
-9.03968e-19
-9.01071e-19
-8.98003e-19
-8.94766e-19
-8.91365e-19
-8.87801e-19
-8.8408e-19
-8.80204e-19
-8.76176e-19
-8.72001e-19
-8.6768e-19
-8.63218e-19
-8.58618e-19
-8.53882e-19
-8.49014e-19
-8.44018e-19
-8.38896e-19
-8.33652e-19
-8.28288e-19
-8.22808e-19
-8.17215e-19
-8.11513e-19
-8.05703e-19
-7.99789e-19
-7.93775e-19
-7.87662e-19
-7.81455e-19
-7.75157e-19
-7.68769e-19
-7.62296e-19
-7.55739e-19
-7.49102e-19
-7.42388e-19
-7.35599e-19
-7.28739e-19
-7.21809e-19
-7.14813e-19
-7.07753e-19
-7.00633e-19
-6.93454e-19
-6.86219e-19
-6.78932e-19
-6.71594e-19
-6.64208e-19
-6.56776e-19
-6.49301e-19
-6.41785e-19
-6.34232e-19
-6.26643e-19
-6.19021e-19
-6.11367e-19
-6.03685e-19
-5.95977e-19
-5.88244e-19
-5.8049e-19
-5.72716e-19
-5.64925e-19
-5.57118e-19
-5.49298e-19
-5.41466e-19
-5.33626e-19
-5.25778e-19
-5.17926e-19
-5.1007e-19
-5.02214e-19
-4.94357e-19
-4.86504e-19
-4.78654e-19
-4.70811e-19
-4.62975e-19
-4.5515e-19
-4.47336e-19
-4.39535e-19
-4.31749e-19
-4.2398e-19
-4.16229e-19
-4.08498e-19
-4.00788e-19
-3.93101e-19
-3.85438e-19
-3.77801e-19
-3.70191e-19
-3.6261e-19
-3.55059e-19
-3.47539e-19
-3.40051e-19
-3.32598e-19
-3.2518e-19
-3.17798e-19
-3.10454e-19
-3.03149e-19
-2.95884e-19
-2.8866e-19
-2.81478e-19
-2.7434e-19
-2.67246e-19
-2.60197e-19
-2.53195e-19
-2.4624e-19
-2.39333e-19
-2.32475e-19
-2.25668e-19
-2.18911e-19
-2.12206e-19
-2.05554e-19
-1.98955e-19
-1.9241e-19
-1.8592e-19
-1.79485e-19
-1.73106e-19
-1.66785e-19
-1.60521e-19
-1.54315e-19
-1.48168e-19
-1.4208e-19
-1.36052e-19
-1.30085e-19
-1.24178e-19
-1.18333e-19
-1.12549e-19
-1.06828e-19
-1.01169e-19
-9.55739e-20
-9.00419e-20
-8.45736e-20
-7.91695e-20
-7.38299e-20
-6.8555e-20
-6.33451e-20
-5.82004e-20
-5.31211e-20
-4.81075e-20
-4.31598e-20
-3.82781e-20
-3.34626e-20
-2.87133e-20
-2.40305e-20
-1.94142e-20
-1.48646e-20
-1.03816e-20
-5.96536e-21
-1.61586e-21
2.66687e-21
6.88285e-21
1.10321e-20
1.51146e-20
1.91305e-20
2.30798e-20
2.69626e-20
3.07789e-20
3.4529e-20
3.82129e-20
4.18308e-20
4.53827e-20
4.8869e-20
5.22897e-20
5.5645e-20
5.89352e-20
6.21605e-20
6.5321e-20
6.84171e-20
7.1449e-20
7.44169e-20
7.73211e-20
8.01619e-20
8.29397e-20
8.56547e-20
8.83072e-20
9.08976e-20
9.34262e-20
9.58934e-20
9.82994e-20
1.00645e-19
1.0293e-19
1.05155e-19
1.0732e-19
1.09426e-19
1.11473e-19
1.13463e-19
1.15394e-19
1.17267e-19
1.19084e-19
1.20843e-19
1.22547e-19
1.24195e-19
1.25788e-19
1.27326e-19
1.28809e-19
1.30239e-19
1.31615e-19
1.32939e-19
1.3421e-19
1.35429e-19
1.36597e-19
1.37715e-19
1.38782e-19
1.39799e-19
1.40767e-19
1.41686e-19
1.42557e-19
1.43381e-19
1.44157e-19
1.44886e-19
1.4557e-19
1.46208e-19
1.46801e-19
1.47349e-19
1.47854e-19
1.48316e-19
1.48734e-19
1.49111e-19
1.49446e-19
1.4974e-19
1.49993e-19
1.50207e-19
1.50381e-19
1.50517e-19
1.50614e-19
1.50673e-19
1.50696e-19
1.50682e-19
1.50632e-19
1.50546e-19
1.50426e-19
1.50271e-19
1.50083e-19
1.49862e-19
1.49608e-19
1.49322e-19
1.49004e-19
1.48656e-19
1.48277e-19
1.47869e-19
1.47431e-19
1.46965e-19
1.46471e-19
1.45949e-19
1.454e-19
1.44824e-19
1.44223e-19
1.43597e-19
1.42946e-19
1.4227e-19
1.41571e-19
1.40848e-19
1.40103e-19
1.39336e-19
1.38547e-19
1.37737e-19
1.36906e-19
1.36055e-19
1.35185e-19
1.34296e-19
1.33388e-19
1.32463e-19
1.3152e-19
1.30559e-19
1.29583e-19
1.2859e-19
1.27581e-19
1.26558e-19
1.2552e-19
1.24468e-19
1.23402e-19
1.22323e-19
1.21232e-19
1.20128e-19
1.19012e-19
1.17885e-19
1.16748e-19
1.15599e-19
1.14441e-19
1.13273e-19
1.12096e-19
1.1091e-19
1.09716e-19
1.08514e-19
1.07304e-19
1.06087e-19
1.04864e-19
1.03634e-19
1.02399e-19
1.01157e-19
9.99112e-20
9.86601e-20
9.74047e-20
9.61453e-20
9.48822e-20
9.36158e-20
9.23464e-20
9.10745e-20
8.98004e-20
8.85244e-20
8.72469e-20
8.59681e-20
8.46883e-20
8.3408e-20
8.21274e-20
8.08468e-20
7.95667e-20
7.82871e-20
7.70085e-20
7.57312e-20
7.44554e-20
7.31815e-20
7.19096e-20
7.06402e-20
6.93733e-20
6.81094e-20
6.68486e-20
6.55912e-20
6.43375e-20
6.30877e-20
6.1842e-20
6.06007e-20
5.9364e-20
5.81322e-20
5.69054e-20
5.56839e-20
5.44678e-20
5.32575e-20
5.20531e-20
5.08548e-20
4.96628e-20
4.84772e-20
4.72983e-20
4.61263e-20
4.49612e-20
4.38034e-20
4.26529e-20
4.151e-20
4.03747e-20
3.92472e-20
3.81278e-20
3.70164e-20
3.59134e-20
3.48187e-20
3.37326e-20
3.26551e-20
3.15865e-20
3.05267e-20
2.9476e-20
2.84344e-20
2.74021e-20
2.63792e-20
2.53657e-20
2.43618e-20
2.33675e-20
2.2383e-20
2.14084e-20
2.04436e-20
1.94888e-20
1.85441e-20
1.76094e-20
1.6685e-20
1.57709e-20
1.48671e-20
1.39736e-20
1.30907e-20
1.22182e-20
1.13562e-20
1.05048e-20
9.66404e-21
8.83394e-21
8.01452e-21
7.20583e-21
6.40788e-21
5.62072e-21
4.84436e-21
4.07882e-21
3.32412e-21
2.58027e-21
1.84729e-21
1.12518e-21
4.13938e-22
-2.8642e-22
-9.75899e-22
-1.6545e-21
-2.32223e-21
-2.9791e-21
-3.62511e-21
-4.26029e-21
-4.88463e-21
-5.49816e-21
-6.10091e-21
-6.69288e-21
-7.27412e-21
-7.84463e-21
-8.40445e-21
-8.95362e-21
-9.49216e-21
-1.00201e-20
-1.05375e-20
-1.10444e-20
-1.15408e-20
-1.20268e-20
-1.25023e-20
-1.29676e-20
-1.34225e-20
-1.38672e-20
-1.43017e-20
-1.47261e-20
-1.51404e-20
-1.55447e-20
-1.59389e-20
-1.63233e-20
-1.66978e-20
-1.70626e-20
-1.74176e-20
-1.77629e-20
-1.80987e-20
-1.84249e-20
-1.87416e-20
-1.9049e-20
-1.9347e-20
-1.96358e-20
-1.99154e-20
-2.0186e-20
-2.04475e-20
-2.07001e-20
-2.09438e-20
-2.11787e-20
-2.14049e-20
-2.16224e-20
-2.18315e-20
-2.2032e-20
-2.22242e-20
-2.2408e-20
-2.25837e-20
-2.27512e-20
-2.29106e-20
-2.30621e-20
-2.32058e-20
-2.33416e-20
-2.34698e-20
-2.35903e-20
-2.37033e-20
-2.38088e-20
-2.39071e-20
-2.3998e-20
-2.40818e-20
-2.41585e-20
-2.42283e-20
-2.42911e-20
-2.43471e-20
-2.43965e-20
-2.44392e-20
-2.44754e-20
-2.45051e-20
-2.45285e-20
-2.45456e-20
-2.45566e-20
-2.45616e-20
-2.45605e-20
-2.45536e-20
-2.45409e-20
-2.45224e-20
-2.44984e-20
-2.44689e-20
-2.4434e-20
-2.43937e-20
-2.43482e-20
-2.42976e-20
-2.42419e-20
-2.41812e-20
-2.41157e-20
-2.40454e-20
-2.39704e-20
-2.38908e-20
-2.38067e-20
-2.37182e-20
-2.36253e-20
-2.35282e-20
-2.3427e-20
-2.33217e-20
-2.32124e-20
-2.30993e-20
-2.29823e-20
-2.28616e-20
-2.27373e-20
-2.26095e-20
-2.24782e-20
-2.23435e-20
-2.22056e-20
-2.20644e-20
-2.19202e-20
-2.17729e-20
-2.16226e-20
-2.14695e-20
-2.13136e-20
-2.1155e-20
-2.09937e-20
-2.08299e-20
-2.06637e-20
-2.0495e-20
-2.0324e-20
-2.01508e-20
-1.99754e-20
-1.97979e-20
-1.96184e-20
-1.9437e-20
-1.92537e-20
-1.90687e-20
-1.88819e-20
-1.86934e-20
-1.85034e-20
-1.83118e-20
-1.81188e-20
-1.79245e-20
-1.77288e-20
-1.75319e-20
-1.73339e-20
-1.71347e-20
-1.69345e-20
-1.67333e-20
-1.65312e-20
-1.63282e-20
-1.61245e-20
-1.592e-20
-1.57149e-20
-1.55092e-20
-1.53029e-20
-1.50961e-20
-1.48889e-20
-1.46813e-20
-1.44734e-20
-1.42652e-20
-1.40568e-20
-1.38483e-20
-1.36397e-20
-1.34309e-20
-1.32222e-20
-1.30136e-20
-1.2805e-20
-1.25966e-20
-1.23884e-20
-1.21804e-20
-1.19727e-20
-1.17653e-20
-1.15584e-20
-1.13518e-20
-1.11457e-20
-1.09401e-20
-1.07351e-20
-1.05306e-20
-1.03268e-20
-1.01236e-20
-9.92116e-21
-9.71945e-21
-9.51852e-21
-9.3184e-21
-9.11913e-21
-8.92075e-21
-8.72329e-21
-8.52679e-21
-8.33127e-21
-8.13676e-21
-7.94331e-21
-7.75094e-21
-7.55968e-21
-7.36957e-21
-7.18061e-21
-6.99285e-21
-6.80632e-21
-6.62102e-21
-6.43699e-21
-6.25426e-21
-6.07285e-21
-5.89277e-21
-5.71407e-21
-5.53675e-21
-5.36083e-21
-5.18635e-21
-5.01331e-21
-4.84174e-21
-4.67166e-21
-4.50308e-21
-4.33602e-21
-4.1705e-21
-4.00654e-21
-3.84413e-21
-3.68332e-21
-3.5241e-21
-3.36649e-21
-3.2105e-21
-3.05616e-21
-2.90346e-21
-2.75242e-21
-2.60305e-21
-2.45536e-21
-2.30937e-21
-2.16507e-21
-2.02249e-21
-1.88162e-21
-1.74247e-21
-1.60505e-21
-1.46937e-21
-1.33544e-21
-1.20325e-21
-1.07281e-21
-9.44125e-22
-8.17203e-22
-6.92044e-22
-5.68652e-22
-4.47027e-22
-3.27174e-22
-2.09092e-22
-9.27826e-23
2.1753e-23
1.34515e-22
2.45504e-22
3.54721e-22
4.62166e-22
5.67842e-22
6.7175e-22
7.73892e-22
8.74272e-22
9.72892e-22
1.06976e-21
1.16487e-21
1.25823e-21
1.34985e-21
1.43974e-21
1.52789e-21
1.61431e-21
1.69901e-21
1.782e-21
1.86327e-21
1.94285e-21
2.02073e-21
2.09692e-21
2.17144e-21
2.24428e-21
2.31546e-21
2.38498e-21
2.45286e-21
2.5191e-21
2.58372e-21
2.64671e-21
2.7081e-21
2.76789e-21
2.82609e-21
2.88272e-21
2.93778e-21
2.99128e-21
3.04324e-21
3.09367e-21
3.14258e-21
3.18997e-21
3.23587e-21
3.28029e-21
3.32323e-21
3.36471e-21
3.40475e-21
3.44334e-21
3.48052e-21
3.51628e-21
3.55065e-21
3.58364e-21
3.61526e-21
3.64552e-21
3.67444e-21
3.70204e-21
3.72831e-21
3.75329e-21
3.77698e-21
3.79939e-21
3.82055e-21
3.84047e-21
3.85915e-21
3.87662e-21
3.89289e-21
3.90797e-21
3.92188e-21
3.93464e-21
3.94626e-21
3.95674e-21
3.96612e-21
3.9744e-21
3.9816e-21
3.98773e-21
3.99281e-21
3.99686e-21
3.99988e-21
4.00189e-21
4.00292e-21
4.00296e-21
4.00204e-21
4.00018e-21
3.99738e-21
3.99367e-21
3.98906e-21
3.98356e-21
3.97719e-21
3.96996e-21
3.96189e-21
3.953e-21
3.94329e-21
3.93278e-21
3.9215e-21
3.90944e-21
3.89663e-21
3.88308e-21
3.86881e-21
3.85383e-21
3.83816e-21
3.82181e-21
3.80479e-21
3.78712e-21
3.76881e-21
3.74989e-21
3.73035e-21
3.71022e-21
3.68951e-21
3.66824e-21
3.64641e-21
3.62404e-21
3.60115e-21
3.57775e-21
3.55385e-21
3.52946e-21
3.50461e-21
3.4793e-21
3.45354e-21
3.42735e-21
3.40075e-21
3.37373e-21
3.34633e-21
3.31854e-21
3.29039e-21
3.26188e-21
3.23302e-21
3.20384e-21
3.17434e-21
3.14453e-21
3.11442e-21
3.08403e-21
3.05338e-21
3.02246e-21
2.99129e-21
2.95989e-21
2.92826e-21
2.89641e-21
2.86436e-21
2.83212e-21
2.7997e-21
2.7671e-21
2.73435e-21
2.70144e-21
2.66839e-21
2.63521e-21
2.60192e-21
2.56851e-21
2.535e-21
2.5014e-21
2.46772e-21
2.43396e-21
2.40015e-21
2.36628e-21
2.33236e-21
2.29841e-21
2.26443e-21
2.23043e-21
2.19642e-21
2.1624e-21
2.1284e-21
2.0944e-21
2.06043e-21
2.02649e-21
1.99258e-21
1.95872e-21
1.92491e-21
1.89116e-21
1.85748e-21
1.82388e-21
1.79035e-21
1.75691e-21
1.72357e-21
1.69033e-21
1.65719e-21
1.62417e-21
1.59127e-21
1.5585e-21
1.52586e-21
1.49335e-21
1.46099e-21
1.42878e-21
1.39672e-21
1.36482e-21
1.33308e-21
1.30152e-21
1.27012e-21
1.23891e-21
1.20788e-21
1.17705e-21
1.1464e-21
1.11595e-21
1.08571e-21
1.05567e-21
1.02584e-21
9.96222e-22
9.66825e-22
9.37648e-22
9.08697e-22
8.79975e-22
8.51486e-22
8.23231e-22
7.95215e-22
7.67441e-22
7.39911e-22
7.12628e-22
6.85595e-22
6.58815e-22
6.3229e-22
6.06023e-22
5.80016e-22
5.54271e-22
5.28791e-22
5.03577e-22
4.78631e-22
4.53955e-22
4.29551e-22
4.05421e-22
3.81566e-22
3.57987e-22
3.34686e-22
3.11665e-22
2.88924e-22
2.66465e-22
2.44289e-22
2.22396e-22
2.00788e-22
1.79465e-22
1.58429e-22
1.37679e-22
1.17216e-22
9.70412e-23
7.71545e-23
5.75562e-23
3.82465e-23
1.92258e-23
4.94008e-25
-1.79487e-23
-3.61025e-23
-5.39673e-23
-7.15433e-23
-8.88309e-23
-1.0583e-22
-1.22542e-22
-1.38966e-22
-1.55103e-22
-1.70954e-22
-1.86519e-22
-2.01799e-22
-2.16795e-22
-2.31507e-22
-2.45936e-22
-2.60083e-22
-2.7395e-22
-2.87537e-22
-3.00845e-22
-3.13875e-22
-3.26629e-22
-3.39108e-22
-3.51312e-22
-3.63244e-22
-3.74904e-22
-3.86295e-22
-3.97416e-22
-4.08271e-22
-4.1886e-22
-4.29185e-22
-4.39248e-22
-4.4905e-22
-4.58593e-22
-4.67878e-22
-4.76907e-22
-4.85683e-22
-4.94206e-22
-5.0248e-22
-5.10504e-22
-5.18283e-22
-5.25817e-22
-5.33108e-22
-5.40159e-22
-5.46971e-22
-5.53547e-22
-5.59888e-22
-5.65997e-22
-5.71875e-22
-5.77526e-22
-5.82951e-22
-5.88152e-22
-5.93131e-22
-5.97891e-22
-6.02434e-22
-6.06762e-22
-6.10878e-22
-6.14784e-22
-6.18482e-22
-6.21974e-22
-6.25263e-22
-6.28352e-22
-6.31241e-22
-6.33935e-22
-6.36434e-22
-6.38743e-22
-6.40863e-22
-6.42796e-22
-6.44545e-22
-6.46112e-22
-6.475e-22
-6.48711e-22
-6.49748e-22
-6.50613e-22
-6.51308e-22
-6.51836e-22
-6.522e-22
-6.52401e-22
-6.52442e-22
-6.52326e-22
-6.52056e-22
-6.51633e-22
-6.51059e-22
-6.50338e-22
-6.49473e-22
-6.48465e-22
-6.47317e-22
-6.4603e-22
-6.44609e-22
-6.43055e-22
-6.4137e-22
-6.39556e-22
-6.37618e-22
-6.35556e-22
-6.33374e-22
-6.31073e-22
-6.28656e-22
-6.26126e-22
-6.23485e-22
-6.20735e-22
-6.17878e-22
-6.14917e-22
-6.11854e-22
-6.08691e-22
-6.05431e-22
-6.02077e-22
-5.98629e-22
-5.95091e-22
-5.91464e-22
-5.87752e-22
-5.83955e-22
-5.80077e-22
-5.76119e-22
-5.72085e-22
-5.67975e-22
-5.63792e-22
-5.59539e-22
-5.55216e-22
-5.50828e-22
-5.46374e-22
-5.41859e-22
-5.37283e-22
-5.32649e-22
-5.27958e-22
-5.23213e-22
-5.18416e-22
-5.13569e-22
-5.08673e-22
-5.0373e-22
-4.98743e-22
-4.93713e-22
-4.88642e-22
-4.83533e-22
-4.78386e-22
-4.73204e-22
-4.67988e-22
-4.6274e-22
-4.57461e-22
-4.52155e-22
-4.46822e-22
-4.41464e-22
-4.36082e-22
-4.3068e-22
-4.25257e-22
-4.19815e-22
-4.14357e-22
-4.08883e-22
-4.03396e-22
-3.97897e-22
-3.92387e-22
-3.86867e-22
-3.81341e-22
-3.75807e-22
-3.7027e-22
-3.64729e-22
-3.59186e-22
-3.53642e-22
-3.48099e-22
-3.42558e-22
-3.3702e-22
-3.31487e-22
-3.2596e-22
-3.2044e-22
-3.14928e-22
-3.09426e-22
-3.03935e-22
-2.98455e-22
-2.92988e-22
-2.87535e-22
-2.82098e-22
-2.76676e-22
-2.71272e-22
-2.65886e-22
-2.60519e-22
-2.55173e-22
-2.49848e-22
-2.44545e-22
-2.39265e-22
-2.34009e-22
-2.28779e-22
-2.23574e-22
-2.18395e-22
-2.13244e-22
-2.08121e-22
-2.03028e-22
-1.97964e-22
-1.92931e-22
-1.8793e-22
-1.8296e-22
-1.78023e-22
-1.7312e-22
-1.68251e-22
-1.63416e-22
-1.58617e-22
-1.53854e-22
-1.49128e-22
-1.44438e-22
-1.39787e-22
-1.35173e-22
-1.30598e-22
-1.26063e-22
-1.21567e-22
-1.17112e-22
-1.12697e-22
-1.08323e-22
-1.03991e-22
-9.97007e-23
-9.54526e-23
-9.12471e-23
-8.70847e-23
-8.29655e-23
-7.88901e-23
-7.48586e-23
-7.08714e-23
-6.69287e-23
-6.30308e-23
-5.91779e-23
-5.53702e-23
-5.16081e-23
-4.78916e-23
-4.4221e-23
-4.05964e-23
-3.70181e-23
-3.34861e-23
-3.00006e-23
-2.65617e-23
-2.31695e-23
-1.98241e-23
-1.65256e-23
-1.32741e-23
-1.00695e-23
-6.91202e-24
-3.80159e-24
-7.38255e-25
2.27797e-24
5.24708e-24
8.16911e-24
1.10441e-23
1.3872e-23
1.66529e-23
1.93869e-23
2.20741e-23
2.47144e-23
2.73081e-23
2.98552e-23
3.23557e-23
3.48099e-23
3.72179e-23
3.95797e-23
4.18955e-23
4.41656e-23
4.639e-23
4.85689e-23
5.07026e-23
5.27911e-23
5.48347e-23
5.68335e-23
5.87879e-23
6.06979e-23
6.25639e-23
6.43861e-23
6.61647e-23
6.79e-23
6.95921e-23
7.12415e-23
7.28482e-23
7.44127e-23
7.59352e-23
7.74159e-23
7.88551e-23
8.02532e-23
8.16105e-23
8.29271e-23
8.42035e-23
8.544e-23
8.6637e-23
8.77946e-23
8.89134e-23
8.99935e-23
9.10352e-23
9.20391e-23
9.30054e-23
9.39344e-23
9.48266e-23
9.56822e-23
9.65016e-23
9.72852e-23
9.80333e-23
9.87463e-23
9.94246e-23
1.00069e-22
1.00679e-22
1.01255e-22
1.01798e-22
1.02309e-22
1.02786e-22
1.03232e-22
1.03647e-22
1.0403e-22
1.04382e-22
1.04703e-22
1.04995e-22
1.05256e-22
1.05489e-22
1.05692e-22
1.05867e-22
1.06014e-22
1.06133e-22
1.06225e-22
1.0629e-22
1.06328e-22
1.06341e-22
1.06327e-22
1.06289e-22
1.06225e-22
1.06137e-22
1.06025e-22
1.05889e-22
1.05729e-22
1.05547e-22
1.05343e-22
1.05116e-22
1.04867e-22
1.04597e-22
1.04306e-22
1.03995e-22
1.03663e-22
1.03312e-22
1.02941e-22
1.02551e-22
1.02143e-22
1.01716e-22
1.01272e-22
1.0081e-22
1.00331e-22
9.98352e-23
9.93232e-23
9.87953e-23
9.82519e-23
9.76933e-23
9.71198e-23
9.65319e-23
9.59299e-23
9.53142e-23
9.4685e-23
9.40428e-23
9.3388e-23
9.27208e-23
9.20417e-23
9.13509e-23
9.06489e-23
8.9936e-23
8.92124e-23
8.84787e-23
8.7735e-23
8.69818e-23
8.62193e-23
8.54479e-23
8.46679e-23
8.38795e-23
8.30832e-23
8.22793e-23
8.1468e-23
8.06497e-23
7.98246e-23
7.89931e-23
7.81555e-23
7.7312e-23
7.64629e-23
7.56087e-23
7.47495e-23
7.38856e-23
7.30173e-23
7.21449e-23
7.12686e-23
7.03888e-23
6.95057e-23
6.86195e-23
6.77305e-23
6.68389e-23
6.59451e-23
6.50492e-23
6.41515e-23
6.32523e-23
6.23517e-23
6.14502e-23
6.05477e-23
5.96447e-23
5.87414e-23
5.78379e-23
5.69344e-23
5.60313e-23
5.51286e-23
5.42266e-23
5.33255e-23
5.24255e-23
5.15269e-23
5.06297e-23
4.97342e-23
4.88406e-23
4.79491e-23
4.70598e-23
4.6173e-23
4.52887e-23
4.44073e-23
4.35287e-23
4.26533e-23
4.17812e-23
4.09124e-23
4.00473e-23
3.91858e-23
3.83283e-23
3.74748e-23
3.66254e-23
3.57804e-23
3.49398e-23
3.41038e-23
3.32725e-23
3.2446e-23
3.16245e-23
3.08081e-23
2.99969e-23
2.91911e-23
2.83906e-23
2.75957e-23
2.68065e-23
2.6023e-23
2.52453e-23
2.44736e-23
2.37079e-23
2.29483e-23
2.2195e-23
2.1448e-23
2.07073e-23
1.99731e-23
1.92455e-23
1.85245e-23
1.78102e-23
1.71026e-23
1.64019e-23
1.5708e-23
1.50211e-23
1.43411e-23
1.36683e-23
1.30025e-23
1.23439e-23
1.16925e-23
1.10484e-23
1.04115e-23
9.78195e-24
9.15979e-24
8.54503e-24
7.93771e-24
7.33786e-24
6.74552e-24
6.16069e-24
5.58342e-24
5.01373e-24
4.45162e-24
3.89712e-24
3.35025e-24
2.81101e-24
2.27942e-24
1.7555e-24
1.23923e-24
7.30644e-25
2.2973e-25
-2.63507e-25
-7.49068e-25
-1.22695e-24
-1.69717e-24
-2.15972e-24
-2.61461e-24
-3.06185e-24
-3.50145e-24
-3.93343e-24
-4.3578e-24
-4.77456e-24
-5.18375e-24
-5.58538e-24
-5.97947e-24
-6.36604e-24
-6.74511e-24
-7.11671e-24
-7.48087e-24
-7.8376e-24
-8.18696e-24
-8.52895e-24
-8.86362e-24
-9.191e-24
-9.51112e-24
-9.82401e-24
-1.01297e-23
-1.04283e-23
-1.07197e-23
-1.10041e-23
-1.12814e-23
-1.15517e-23
-1.18151e-23
-1.20716e-23
-1.23213e-23
-1.25641e-23
-1.28002e-23
-1.30295e-23
-1.32522e-23
-1.34682e-23
-1.36777e-23
-1.38807e-23
-1.40772e-23
-1.42673e-23
-1.4451e-23
-1.46284e-23
-1.47996e-23
-1.49646e-23
-1.51234e-23
-1.52762e-23
-1.54229e-23
-1.55637e-23
-1.56986e-23
-1.58276e-23
-1.59508e-23
-1.60683e-23
-1.61802e-23
-1.62864e-23
-1.6387e-23
-1.64822e-23
-1.6572e-23
-1.66563e-23
-1.67354e-23
-1.68093e-23
-1.68779e-23
-1.69415e-23
-1.7e-23
-1.70535e-23
-1.71021e-23
-1.71459e-23
-1.71848e-23
-1.7219e-23
-1.72486e-23
-1.72736e-23
-1.7294e-23
-1.731e-23
-1.73215e-23
-1.73288e-23
-1.73317e-23
-1.73305e-23
-1.73251e-23
-1.73156e-23
-1.73021e-23
-1.72847e-23
-1.72634e-23
-1.72383e-23
-1.72094e-23
-1.71769e-23
-1.71407e-23
-1.71009e-23
-1.70577e-23
-1.7011e-23
-1.6961e-23
-1.69077e-23
-1.68511e-23
-1.67914e-23
-1.67285e-23
-1.66626e-23
-1.65938e-23
-1.6522e-23
-1.64473e-23
-1.63699e-23
-1.62897e-23
-1.62068e-23
-1.61214e-23
-1.60333e-23
-1.59428e-23
-1.58499e-23
-1.57546e-23
-1.5657e-23
-1.55571e-23
-1.5455e-23
-1.53508e-23
-1.52445e-23
-1.51362e-23
-1.5026e-23
-1.49138e-23
-1.47998e-23
-1.4684e-23
-1.45664e-23
-1.44472e-23
-1.43264e-23
-1.42039e-23
-1.408e-23
-1.39546e-23
-1.38277e-23
-1.36995e-23
-1.357e-23
-1.34393e-23
-1.33073e-23
-1.31742e-23
-1.304e-23
-1.29047e-23
-1.27684e-23
-1.26311e-23
-1.24929e-23
-1.23539e-23
-1.2214e-23
-1.20734e-23
-1.1932e-23
-1.179e-23
-1.16473e-23
-1.1504e-23
-1.13602e-23
-1.12158e-23
-1.1071e-23
-1.09258e-23
-1.07802e-23
-1.06343e-23
-1.0488e-23
-1.03415e-23
-1.01948e-23
-1.00479e-23
-9.90081e-24
-9.75365e-24
-9.60641e-24
-9.45915e-24
-9.31188e-24
-9.16466e-24
-9.0175e-24
-8.87044e-24
-8.72352e-24
-8.57678e-24
-8.43024e-24
-8.28394e-24
-8.13791e-24
-7.99218e-24
-7.84679e-24
-7.70176e-24
-7.55712e-24
-7.41289e-24
-7.26912e-24
-7.12581e-24
-6.983e-24
-6.84072e-24
-6.699e-24
-6.55786e-24
-6.41732e-24
-6.27741e-24
-6.13815e-24
-5.99957e-24
-5.86169e-24
-5.72453e-24
-5.58811e-24
-5.45245e-24
-5.31758e-24
-5.18352e-24
-5.05028e-24
-4.91789e-24
-4.78636e-24
-4.65571e-24
-4.52596e-24
-4.39713e-24
-4.26922e-24
-4.14227e-24
-4.01628e-24
-3.89128e-24
-3.76727e-24
-3.64427e-24
-3.52229e-24
-3.40135e-24
-3.28146e-24
-3.16264e-24
-3.04489e-24
-2.92822e-24
-2.81265e-24
-2.6982e-24
-2.58486e-24
-2.47265e-24
-2.36158e-24
-2.25166e-24
-2.14289e-24
-2.03529e-24
-1.92886e-24
-1.82361e-24
-1.71955e-24
-1.61668e-24
-1.51501e-24
-1.41455e-24
-1.3153e-24
-1.21726e-24
-1.12045e-24
-1.02486e-24
-9.30499e-25
-8.37372e-25
-7.45483e-25
-6.54833e-25
-5.65425e-25
-4.77262e-25
-3.90345e-25
-3.04675e-25
-2.20255e-25
-1.37086e-25
-5.51668e-26
2.55007e-26
1.04917e-25
1.83082e-25
2.59996e-25
3.35661e-25
4.10077e-25
4.83246e-25
5.5517e-25
6.2585e-25
6.95289e-25
7.63489e-25
8.30453e-25
8.96183e-25
9.60684e-25
1.02396e-24
1.08601e-24
1.14684e-24
1.20646e-24
1.26487e-24
1.32208e-24
1.37808e-24
1.43289e-24
1.4865e-24
1.53894e-24
1.59019e-24
1.64027e-24
1.68919e-24
1.73694e-24
1.78354e-24
1.82899e-24
1.8733e-24
1.91648e-24
1.95853e-24
1.99946e-24
2.03928e-24
2.07799e-24
2.11561e-24
2.15214e-24
2.18759e-24
2.22197e-24
2.25528e-24
2.28754e-24
2.31875e-24
2.34892e-24
2.37806e-24
2.40618e-24
2.43329e-24
2.4594e-24
2.48451e-24
2.50864e-24
2.5318e-24
2.55399e-24
2.57522e-24
2.59551e-24
2.61487e-24
2.63329e-24
2.6508e-24
2.6674e-24
2.68311e-24
2.69793e-24
2.71187e-24
2.72494e-24
2.73716e-24
2.74854e-24
2.75907e-24
2.76879e-24
2.77769e-24
2.78578e-24
2.79308e-24
2.7996e-24
2.80534e-24
2.81033e-24
2.81456e-24
2.81805e-24
2.82081e-24
2.82285e-24
2.82418e-24
2.82482e-24
2.82476e-24
2.82402e-24
2.82262e-24
2.82057e-24
2.81787e-24
2.81453e-24
2.81057e-24
2.80599e-24
2.80081e-24
2.79504e-24
2.78869e-24
2.78177e-24
2.77428e-24
2.76625e-24
2.75767e-24
2.74857e-24
2.73895e-24
2.72881e-24
2.71818e-24
2.70706e-24
2.69546e-24
2.68339e-24
2.67087e-24
2.6579e-24
2.64449e-24
2.63065e-24
2.61639e-24
2.60173e-24
2.58667e-24
2.57122e-24
2.55538e-24
2.53918e-24
2.52262e-24
2.50571e-24
2.48846e-24
2.47088e-24
2.45298e-24
2.43477e-24
2.41625e-24
2.39744e-24
2.37834e-24
2.35897e-24
2.33933e-24
2.31943e-24
2.29928e-24
2.27889e-24
2.25827e-24
2.23743e-24
2.21637e-24
2.1951e-24
2.17363e-24
2.15197e-24
2.13013e-24
2.10812e-24
2.08594e-24
2.0636e-24
2.04111e-24
2.01848e-24
1.99571e-24
1.97281e-24
1.94979e-24
1.92666e-24
1.90343e-24
1.88009e-24
1.85667e-24
1.83316e-24
1.80957e-24
1.78591e-24
1.76219e-24
1.73841e-24
1.71459e-24
1.69072e-24
1.66681e-24
1.64287e-24
1.6189e-24
1.59492e-24
1.57092e-24
1.54692e-24
1.52292e-24
1.49892e-24
1.47493e-24
1.45095e-24
1.427e-24
1.40308e-24
1.37919e-24
1.35534e-24
1.33153e-24
1.30776e-24
1.28405e-24
1.2604e-24
1.23681e-24
1.21329e-24
1.18984e-24
1.16646e-24
1.14317e-24
1.11996e-24
1.09684e-24
1.07382e-24
1.05089e-24
1.02806e-24
1.00534e-24
9.8273e-25
9.60232e-25
9.37851e-25
9.1559e-25
8.93453e-25
8.71443e-25
8.49564e-25
8.27818e-25
8.06209e-25
7.8474e-25
7.63414e-25
7.42234e-25
7.21202e-25
7.00322e-25
6.79596e-25
6.59028e-25
6.38618e-25
6.18371e-25
5.98287e-25
5.7837e-25
5.58622e-25
5.39044e-25
5.1964e-25
5.0041e-25
4.81357e-25
4.62483e-25
4.4379e-25
4.25278e-25
4.0695e-25
3.88807e-25
3.70851e-25
3.53083e-25
3.35504e-25
3.18116e-25
3.0092e-25
2.83917e-25
2.67108e-25
2.50495e-25
2.34078e-25
2.17859e-25
2.01837e-25
1.86015e-25
1.70392e-25
1.54969e-25
1.39748e-25
1.24728e-25
1.09909e-25
9.52932e-26
8.08799e-26
6.66697e-26
5.26628e-26
3.88594e-26
2.52598e-26
1.1864e-26
-1.32795e-27
-1.43159e-26
-2.71e-26
-3.96802e-26
-5.20566e-26
-6.42296e-26
-7.61991e-26
-8.79657e-26
-9.95295e-26
-1.10891e-25
-1.2205e-25
-1.33008e-25
-1.43765e-25
-1.54321e-25
-1.64677e-25
-1.74833e-25
-1.84791e-25
-1.94551e-25
-2.04114e-25
-2.1348e-25
-2.2265e-25
-2.31625e-25
-2.40406e-25
-2.48994e-25
-2.57389e-25
-2.65593e-25
-2.73607e-25
-2.81431e-25
-2.89067e-25
-2.96516e-25
-3.03778e-25
-3.10856e-25
-3.17749e-25
-3.2446e-25
-3.3099e-25
-3.37339e-25
-3.43509e-25
-3.49502e-25
-3.55318e-25
-3.60959e-25
-3.66426e-25
-3.71721e-25
-3.76845e-25
-3.81799e-25
-3.86586e-25
-3.91205e-25
-3.95659e-25
-3.9995e-25
-4.04078e-25
-4.08046e-25
-4.11854e-25
-4.15505e-25
-4.19e-25
-4.2234e-25
-4.25527e-25
-4.28562e-25
-4.31449e-25
-4.34186e-25
-4.36778e-25
-4.39224e-25
-4.41528e-25
-4.4369e-25
-4.45711e-25
-4.47595e-25
-4.49343e-25
-4.50955e-25
-4.52434e-25
-4.53782e-25
-4.54999e-25
-4.56089e-25
-4.57052e-25
-4.57891e-25
-4.58607e-25
-4.59202e-25
-4.59677e-25
-4.60035e-25
-4.60276e-25
-4.60404e-25
-4.60419e-25
-4.60324e-25
-4.60119e-25
-4.59807e-25
-4.59389e-25
-4.58867e-25
-4.58244e-25
-4.57519e-25
-4.56697e-25
-4.55777e-25
-4.54761e-25
-4.53653e-25
-4.52452e-25
-4.51161e-25
-4.49782e-25
-4.48316e-25
-4.46765e-25
-4.45131e-25
-4.43416e-25
-4.4162e-25
-4.39746e-25
-4.37796e-25
-4.3577e-25
-4.33671e-25
-4.315e-25
-4.2926e-25
-4.2695e-25
-4.24574e-25
-4.22132e-25
-4.19627e-25
-4.17059e-25
-4.14431e-25
-4.11745e-25
-4.09e-25
-4.062e-25
-4.03346e-25
-4.00439e-25
-3.9748e-25
-3.94472e-25
-3.91415e-25
-3.88312e-25
-3.85164e-25
-3.81972e-25
-3.78737e-25
-3.75461e-25
-3.72146e-25
-3.68792e-25
-3.65402e-25
-3.61976e-25
-3.58516e-25
-3.55024e-25
-3.515e-25
-3.47947e-25
-3.44364e-25
-3.40755e-25
-3.37119e-25
-3.33458e-25
-3.29774e-25
-3.26068e-25
-3.2234e-25
-3.18593e-25
-3.14826e-25
-3.11043e-25
-3.07243e-25
-3.03429e-25
-2.996e-25
-2.95759e-25
-2.91906e-25
-2.88042e-25
-2.84168e-25
-2.80287e-25
-2.76398e-25
-2.72502e-25
-2.68602e-25
-2.64696e-25
-2.60788e-25
-2.56878e-25
-2.52966e-25
-2.49054e-25
-2.45142e-25
-2.41232e-25
-2.37324e-25
-2.3342e-25
-2.2952e-25
-2.25624e-25
-2.21735e-25
-2.17853e-25
-2.13978e-25
-2.10112e-25
-2.06255e-25
-2.02408e-25
-1.98572e-25
-1.94747e-25
-1.90935e-25
-1.87136e-25
-1.8335e-25
-1.79579e-25
-1.75823e-25
-1.72083e-25
-1.6836e-25
-1.64653e-25
-1.60964e-25
-1.57293e-25
-1.53642e-25
-1.50009e-25
-1.46397e-25
-1.42805e-25
-1.39235e-25
-1.35686e-25
-1.32159e-25
-1.28655e-25
-1.25175e-25
-1.21718e-25
-1.18285e-25
-1.14876e-25
-1.11493e-25
-1.08135e-25
-1.04804e-25
-1.01498e-25
-9.8219e-26
-9.49671e-26
-9.17426e-26
-8.85458e-26
-8.5377e-26
-8.22367e-26
-7.91251e-26
-7.60425e-26
-7.29893e-26
-6.99656e-26
-6.69719e-26
-6.40082e-26
-6.1075e-26
-5.81723e-26
-5.53005e-26
-5.24597e-26
-4.96502e-26
-4.68722e-26
-4.41258e-26
-4.14112e-26
-3.87285e-26
-3.6078e-26
-3.34597e-26
-3.08738e-26
-2.83205e-26
-2.57997e-26
-2.33117e-26
-2.08565e-26
-1.84342e-26
-1.60448e-26
-1.36885e-26
-1.13652e-26
-9.07512e-27
-6.81819e-27
-4.59446e-27
-2.40395e-27
-2.46685e-28
1.87734e-27
3.96813e-27
6.02569e-27
8.05004e-27
1.00412e-26
1.19992e-26
1.39242e-26
1.5816e-26
1.76749e-26
1.95008e-26
2.12939e-26
2.30542e-26
2.47817e-26
2.64767e-26
2.81391e-26
2.97691e-26
3.13669e-26
3.29324e-26
3.44658e-26
3.59673e-26
3.7437e-26
3.8875e-26
4.02815e-26
4.16567e-26
4.30005e-26
4.43134e-26
4.55952e-26
4.68464e-26
4.8067e-26
4.92573e-26
5.04173e-26
5.15473e-26
5.26475e-26
5.3718e-26
5.47591e-26
5.57711e-26
5.6754e-26
5.77081e-26
5.86337e-26
5.95309e-26
6.03999e-26
6.1241e-26
6.20545e-26
6.28404e-26
6.35992e-26
6.4331e-26
6.5036e-26
6.57145e-26
6.63667e-26
6.6993e-26
6.75934e-26
6.81684e-26
6.87181e-26
6.92428e-26
6.97428e-26
7.02184e-26
7.06697e-26
7.10971e-26
7.15009e-26
7.18813e-26
7.22385e-26
7.25729e-26
7.28847e-26
7.31741e-26
7.34415e-26
7.36872e-26
7.39113e-26
7.41143e-26
7.42964e-26
7.44578e-26
7.45988e-26
7.47197e-26
7.48208e-26
7.49024e-26
7.49648e-26
7.50081e-26
7.50328e-26
7.50391e-26
7.50274e-26
7.49977e-26
7.49505e-26
7.48861e-26
7.48046e-26
7.47065e-26
7.45919e-26
7.44612e-26
7.43146e-26
7.41525e-26
7.39751e-26
7.37827e-26
7.35755e-26
7.33538e-26
7.31179e-26
7.28681e-26
7.26047e-26
7.23279e-26
7.20381e-26
7.17354e-26
7.14201e-26
7.10926e-26
7.07531e-26
7.04018e-26
7.0039e-26
6.9665e-26
6.92801e-26
6.88845e-26
6.84784e-26
6.80622e-26
6.76361e-26
6.72004e-26
6.67552e-26
6.63009e-26
6.58377e-26
6.53659e-26
6.48856e-26
6.43971e-26
6.39007e-26
6.33966e-26
6.28851e-26
6.23664e-26
6.18408e-26
6.13083e-26
6.07694e-26
6.02242e-26
5.9673e-26
5.9116e-26
5.85534e-26
5.79855e-26
5.74124e-26
5.68345e-26
5.62517e-26
5.56645e-26
5.5073e-26
5.44773e-26
5.38778e-26
5.32746e-26
5.26679e-26
5.20578e-26
5.14447e-26
5.08288e-26
5.02101e-26
4.95889e-26
4.89654e-26
4.83397e-26
4.77121e-26
4.70827e-26
4.64517e-26
4.58193e-26
4.51857e-26
4.4551e-26
4.39154e-26
4.32791e-26
4.26422e-26
4.20049e-26
4.13674e-26
4.07298e-26
4.00922e-26
3.94549e-26
3.88179e-26
3.81814e-26
3.75456e-26
3.69106e-26
3.62765e-26
3.56435e-26
3.50117e-26
3.43813e-26
3.37523e-26
3.31249e-26
3.24993e-26
3.18755e-26
3.12537e-26
3.0634e-26
3.00165e-26
2.94013e-26
2.87886e-26
2.81784e-26
2.75708e-26
2.69661e-26
2.63641e-26
2.57652e-26
2.51693e-26
2.45766e-26
2.39871e-26
2.34009e-26
2.28182e-26
2.2239e-26
2.16634e-26
2.10915e-26
2.05234e-26
1.99591e-26
1.93987e-26
1.88423e-26
1.829e-26
1.77419e-26
1.71979e-26
1.66582e-26
1.61228e-26
1.55918e-26
1.50653e-26
1.45433e-26
1.40258e-26
1.3513e-26
1.30048e-26
1.25013e-26
1.20027e-26
1.15088e-26
1.10198e-26
1.05357e-26
1.00566e-26
9.5824e-27
9.11325e-27
8.64916e-27
8.19015e-27
7.73627e-27
7.28753e-27
6.84396e-27
6.4056e-27
5.97247e-27
5.54459e-27
5.12198e-27
4.70466e-27
4.29265e-27
3.88597e-27
3.48463e-27
3.08866e-27
2.69805e-27
2.31283e-27
1.933e-27
1.55857e-27
1.18955e-27
8.25935e-28
4.67739e-28
1.14962e-28
-2.32397e-28
-5.74338e-28
-9.10861e-28
-1.24197e-27
-1.56767e-27
-1.88796e-27
-2.20286e-27
-2.51237e-27
-2.81649e-27
-3.11525e-27
-3.40864e-27
-3.69669e-27
-3.9794e-27
-4.2568e-27
-4.52888e-27
-4.79568e-27
-5.05721e-27
-5.31349e-27
-5.56454e-27
-5.81037e-27
-6.05102e-27
-6.2865e-27
-6.51683e-27
-6.74205e-27
-6.96217e-27
-7.17721e-27
-7.38721e-27
-7.5922e-27
-7.7922e-27
-7.98724e-27
-8.17736e-27
-8.36257e-27
-8.54292e-27
-8.71844e-27
-8.88914e-27
-9.05508e-27
-9.21629e-27
-9.37279e-27
-9.52463e-27
-9.67184e-27
-9.81446e-27
-9.95251e-27
-1.0086e-26
-1.02151e-26
-1.03397e-26
-1.04599e-26
-1.05758e-26
-1.06873e-26
-1.07945e-26
-1.08975e-26
-1.09963e-26
-1.10909e-26
-1.11814e-26
-1.12678e-26
-1.13501e-26
-1.14285e-26
-1.15029e-26
-1.15734e-26
-1.164e-26
-1.17029e-26
-1.17619e-26
-1.18172e-26
-1.18688e-26
-1.19168e-26
-1.19611e-26
-1.20019e-26
-1.20392e-26
-1.2073e-26
-1.21034e-26
-1.21305e-26
-1.21542e-26
-1.21746e-26
-1.21918e-26
-1.22058e-26
-1.22166e-26
-1.22243e-26
-1.2229e-26
-1.22307e-26
-1.22294e-26
-1.22252e-26
-1.22182e-26
-1.22083e-26
-1.21956e-26
-1.21802e-26
-1.21621e-26
-1.21414e-26
-1.21181e-26
-1.20922e-26
-1.20638e-26
-1.2033e-26
-1.19997e-26
-1.19641e-26
-1.19261e-26
-1.18859e-26
-1.18435e-26
-1.17988e-26
-1.1752e-26
-1.17032e-26
-1.16522e-26
-1.15993e-26
-1.15444e-26
-1.14876e-26
-1.14288e-26
-1.13683e-26
-1.13059e-26
-1.12418e-26
-1.1176e-26
-1.11085e-26
-1.10394e-26
-1.09687e-26
-1.08965e-26
-1.08228e-26
-1.07476e-26
-1.0671e-26
-1.0593e-26
-1.05137e-26
-1.0433e-26
-1.03512e-26
-1.0268e-26
-1.01837e-26
-1.00983e-26
-1.00118e-26
-9.92415e-27
-9.83551e-27
-9.74588e-27
-9.65529e-27
-9.56378e-27
-9.47138e-27
-9.37813e-27
-9.28408e-27
-9.18925e-27
-9.09367e-27
-8.99739e-27
-8.90043e-27
-8.80283e-27
-8.70461e-27
-8.60583e-27
-8.5065e-27
-8.40667e-27
-8.30636e-27
-8.20561e-27
-8.10444e-27
-8.00288e-27
-7.90096e-27
-7.79872e-27
-7.69619e-27
-7.59339e-27
-7.49035e-27
-7.38711e-27
-7.28368e-27
-7.18011e-27
-7.07641e-27
-6.97262e-27
-6.86875e-27
-6.76484e-27
-6.66091e-27
-6.55698e-27
-6.45309e-27
-6.34925e-27
-6.24549e-27
-6.14183e-27
-6.03831e-27
-5.93493e-27
-5.83172e-27
-5.7287e-27
-5.62591e-27
-5.52334e-27
-5.42104e-27
-5.31901e-27
-5.21728e-27
-5.11587e-27
-5.0148e-27
-4.91408e-27
-4.81374e-27
-4.71379e-27
-4.61425e-27
-4.51515e-27
-4.41648e-27
-4.31828e-27
-4.22056e-27
-4.12334e-27
-4.02662e-27
-3.93043e-27
-3.83478e-27
-3.73969e-27
-3.64517e-27
-3.55123e-27
-3.45789e-27
-3.36516e-27
-3.27305e-27
-3.18158e-27
-3.09076e-27
-3.0006e-27
-2.91111e-27
-2.8223e-27
-2.73418e-27
-2.64677e-27
-2.56007e-27
-2.47409e-27
-2.38885e-27
-2.30435e-27
-2.2206e-27
-2.13762e-27
-2.0554e-27
-1.97395e-27
-1.89329e-27
-1.81342e-27
-1.73434e-27
-1.65607e-27
-1.57862e-27
-1.50197e-27
-1.42615e-27
-1.35116e-27
-1.277e-27
-1.20368e-27
-1.13121e-27
-1.05958e-27
-9.88796e-28
-9.18871e-28
-8.49805e-28
-7.81601e-28
-7.14262e-28
-6.47791e-28
-5.82191e-28
-5.17463e-28
-4.53609e-28
-3.90632e-28
-3.28534e-28
-2.67315e-28
-2.06976e-28
-1.47519e-28
-8.89449e-29
-3.12532e-29
2.55555e-29
8.14811e-29
1.36524e-28
1.90684e-28
2.43963e-28
2.9636e-28
3.47877e-28
3.98516e-28
4.48277e-28
4.97163e-28
5.45174e-28
5.92314e-28
6.38583e-28
6.83985e-28
7.28522e-28
7.72196e-28
8.1501e-28
8.56967e-28
8.98071e-28
9.38324e-28
9.77731e-28
1.0163e-27
1.05402e-27
1.09091e-27
1.12697e-27
1.1622e-27
1.1966e-27
1.23019e-27
1.26296e-27
1.29493e-27
1.32609e-27
1.35645e-27
1.38602e-27
1.4148e-27
1.44279e-27
1.47001e-27
1.49645e-27
1.52212e-27
1.54704e-27
1.57119e-27
1.5946e-27
1.61726e-27
1.63919e-27
1.66038e-27
1.68085e-27
1.70059e-27
1.71963e-27
1.73796e-27
1.75558e-27
1.77252e-27
1.78876e-27
1.80433e-27
1.81922e-27
1.83345e-27
1.84702e-27
1.85993e-27
1.8722e-27
1.88383e-27
1.89482e-27
1.9052e-27
1.91495e-27
1.9241e-27
1.93264e-27
1.94058e-27
1.94794e-27
1.95472e-27
1.96092e-27
1.96655e-27
1.97163e-27
1.97615e-27
1.98013e-27
1.98357e-27
1.98649e-27
1.98888e-27
1.99076e-27
1.99213e-27
1.993e-27
1.99338e-27
1.99327e-27
1.99269e-27
1.99164e-27
1.99013e-27
1.98816e-27
1.98575e-27
1.98289e-27
1.97961e-27
1.9759e-27
1.97177e-27
1.96723e-27
1.96229e-27
1.95696e-27
1.95123e-27
1.94513e-27
1.93865e-27
1.93181e-27
1.92461e-27
1.91706e-27
1.90916e-27
1.90093e-27
1.89237e-27
1.88348e-27
1.87429e-27
1.86478e-27
1.85497e-27
1.84487e-27
1.83448e-27
1.82381e-27
1.81287e-27
1.80167e-27
1.7902e-27
1.77848e-27
1.76651e-27
1.7543e-27
1.74186e-27
1.7292e-27
1.71631e-27
1.70321e-27
1.68991e-27
1.6764e-27
1.6627e-27
1.64882e-27
1.63475e-27
1.62051e-27
1.60609e-27
1.59152e-27
1.57679e-27
1.5619e-27
1.54687e-27
1.53171e-27
1.51641e-27
1.50098e-27
1.48542e-27
1.46975e-27
1.45398e-27
1.43809e-27
1.4221e-27
1.40602e-27
1.38985e-27
1.3736e-27
1.35726e-27
1.34086e-27
1.32438e-27
1.30784e-27
1.29125e-27
1.27459e-27
1.25789e-27
1.24115e-27
1.22436e-27
1.20754e-27
1.1907e-27
1.17382e-27
1.15692e-27
1.14001e-27
1.12308e-27
1.10615e-27
1.08921e-27
1.07227e-27
1.05534e-27
1.03841e-27
1.0215e-27
1.0046e-27
9.8772e-28
9.70865e-28
9.54038e-28
9.37241e-28
9.20479e-28
9.03754e-28
8.87071e-28
8.70432e-28
8.53841e-28
8.37301e-28
8.20816e-28
8.04388e-28
7.8802e-28
7.71716e-28
7.55478e-28
7.3931e-28
7.23214e-28
7.07192e-28
6.91249e-28
6.75385e-28
6.59604e-28
6.43908e-28
6.28301e-28
6.12783e-28
5.97358e-28
5.82028e-28
5.66795e-28
5.5166e-28
5.36628e-28
5.21698e-28
5.06873e-28
4.92156e-28
4.77547e-28
4.63049e-28
4.48664e-28
4.34393e-28
4.20238e-28
4.06201e-28
3.92283e-28
3.78485e-28
3.64809e-28
3.51257e-28
3.3783e-28
3.24529e-28
3.11355e-28
2.9831e-28
2.85395e-28
2.7261e-28
2.59957e-28
2.47438e-28
2.35051e-28
2.228e-28
2.10684e-28
1.98705e-28
1.86863e-28
1.75158e-28
1.63593e-28
1.52166e-28
1.4088e-28
1.29734e-28
1.18728e-28
1.07864e-28
9.71417e-29
8.65615e-29
7.61237e-29
6.58287e-29
5.56768e-29
4.56682e-29
3.58031e-29
2.60816e-29
1.65039e-29
7.07009e-30
-2.21986e-30
-1.13659e-29
-2.0368e-29
-2.92263e-29
-3.79409e-29
-4.65119e-29
-5.49393e-29
-6.32235e-29
-7.13647e-29
-7.93631e-29
-8.72189e-29
-9.49325e-29
-1.02504e-28
-1.09935e-28
-1.17224e-28
-1.24372e-28
-1.31381e-28
-1.38249e-28
-1.44979e-28
-1.51569e-28
-1.58022e-28
-1.64337e-28
-1.70515e-28
-1.76557e-28
-1.82463e-28
-1.88234e-28
-1.93871e-28
-1.99374e-28
-2.04745e-28
-2.09983e-28
-2.1509e-28
-2.20066e-28
-2.24913e-28
-2.29631e-28
-2.34221e-28
-2.38684e-28
-2.43021e-28
-2.47232e-28
-2.51319e-28
-2.55283e-28
-2.59124e-28
-2.62843e-28
-2.66442e-28
-2.69921e-28
-2.73282e-28
-2.76525e-28
-2.79652e-28
-2.82664e-28
-2.85561e-28
-2.88345e-28
-2.91016e-28
-2.93577e-28
-2.96028e-28
-2.98369e-28
-3.00603e-28
-3.02731e-28
-3.04752e-28
-3.06669e-28
-3.08483e-28
-3.10195e-28
-3.11806e-28
-3.13317e-28
-3.14729e-28
-3.16044e-28
-3.17263e-28
-3.18387e-28
-3.19417e-28
-3.20354e-28
-3.212e-28
-3.21956e-28
-3.22623e-28
-3.23202e-28
-3.23694e-28
-3.24102e-28
-3.24425e-28
-3.24665e-28
-3.24824e-28
-3.24902e-28
-3.24901e-28
-3.24823e-28
-3.24667e-28
-3.24436e-28
-3.2413e-28
-3.23751e-28
-3.23301e-28
-3.22779e-28
-3.22188e-28
-3.21529e-28
-3.20803e-28
-3.20011e-28
-3.19154e-28
-3.18235e-28
-3.17252e-28
-3.16209e-28
-3.15107e-28
-3.13945e-28
-3.12726e-28
-3.11451e-28
-3.1012e-28
-3.08736e-28
-3.07299e-28
-3.0581e-28
-3.04271e-28
-3.02683e-28
-3.01046e-28
-2.99363e-28
-2.97634e-28
-2.9586e-28
-2.94042e-28
-2.92182e-28
-2.90281e-28
-2.88339e-28
-2.86358e-28
-2.84338e-28
-2.82282e-28
-2.80189e-28
-2.78062e-28
-2.75901e-28
-2.73706e-28
-2.7148e-28
-2.69224e-28
-2.66937e-28
-2.64622e-28
-2.62279e-28
-2.59909e-28
-2.57514e-28
-2.55093e-28
-2.52649e-28
-2.50181e-28
-2.47692e-28
-2.45182e-28
-2.42652e-28
-2.40102e-28
-2.37534e-28
-2.34949e-28
-2.32348e-28
-2.2973e-28
-2.27098e-28
-2.24452e-28
-2.21793e-28
-2.19122e-28
-2.16439e-28
-2.13746e-28
-2.11043e-28
-2.08332e-28
-2.05612e-28
-2.02884e-28
-2.0015e-28
-1.97411e-28
-1.94666e-28
-1.91917e-28
-1.89164e-28
-1.86408e-28
-1.83649e-28
-1.8089e-28
-1.78129e-28
-1.75368e-28
-1.72608e-28
-1.69849e-28
-1.67092e-28
-1.64337e-28
-1.61585e-28
-1.58837e-28
-1.56094e-28
-1.53355e-28
-1.50621e-28
-1.47894e-28
-1.45173e-28
-1.42459e-28
-1.39753e-28
-1.37056e-28
-1.34367e-28
-1.31687e-28
-1.29017e-28
-1.26357e-28
-1.23708e-28
-1.2107e-28
-1.18444e-28
-1.15829e-28
-1.13228e-28
-1.10639e-28
-1.08064e-28
-1.05502e-28
-1.02955e-28
-1.00422e-28
-9.79048e-29
-9.54026e-29
-9.2916e-29
-9.04456e-29
-8.79916e-29
-8.55543e-29
-8.31341e-29
-8.07313e-29
-7.83462e-29
-7.5979e-29
-7.36302e-29
-7.13e-29
-6.89886e-29
-6.66963e-29
-6.44233e-29
-6.217e-29
-5.99365e-29
-5.77231e-29
-5.553e-29
-5.33574e-29
-5.12055e-29
-4.90746e-29
-4.69647e-29
-4.48762e-29
-4.28092e-29
-4.07637e-29
-3.87401e-29
-3.67384e-29
-3.47588e-29
-3.28014e-29
-3.08664e-29
-2.89538e-29
-2.70638e-29
-2.51964e-29
-2.33519e-29
-2.15302e-29
-1.97314e-29
-1.79557e-29
-1.62031e-29
-1.44737e-29
-1.27674e-29
-1.10845e-29
-9.4249e-30
-7.78865e-30
-6.17579e-30
-4.58636e-30
-3.02036e-30
-1.47782e-30
4.12579e-32
1.53688e-30
3.00904e-30
4.45775e-30
5.88303e-30
7.2849e-30
8.66338e-30
1.00185e-29
1.13503e-29
1.26588e-29
1.39441e-29
1.52061e-29
1.64451e-29
1.7661e-29
1.88538e-29
2.00238e-29
2.11708e-29
2.22951e-29
2.33967e-29
2.44756e-29
2.5532e-29
2.6566e-29
2.75776e-29
2.8567e-29
2.95343e-29
3.04795e-29
3.14028e-29
3.23043e-29
3.31842e-29
3.40425e-29
3.48794e-29
3.56949e-29
3.64894e-29
3.72628e-29
3.80153e-29
3.8747e-29
3.94582e-29
4.01489e-29
4.08193e-29
4.14696e-29
4.20998e-29
4.27102e-29
4.3301e-29
4.38722e-29
4.44241e-29
4.49567e-29
4.54704e-29
4.59652e-29
4.64413e-29
4.6899e-29
4.73383e-29
4.77595e-29
4.81627e-29
4.85481e-29
4.89159e-29
4.92663e-29
4.95994e-29
4.99156e-29
5.02148e-29
5.04974e-29
5.07635e-29
5.10133e-29
5.1247e-29
5.14649e-29
5.1667e-29
5.18535e-29
5.20248e-29
5.21809e-29
5.23221e-29
5.24485e-29
5.25603e-29
5.26579e-29
5.27413e-29
5.28107e-29
5.28664e-29
5.29086e-29
5.29374e-29
5.2953e-29
5.29557e-29
5.29456e-29
5.2923e-29
5.2888e-29
5.28409e-29
5.27818e-29
5.2711e-29
5.26285e-29
5.25347e-29
5.24297e-29
5.23138e-29
5.21871e-29
5.20498e-29
5.19021e-29
5.17443e-29
5.15765e-29
5.13988e-29
5.12116e-29
5.1015e-29
5.08091e-29
5.05942e-29
5.03705e-29
5.01382e-29
4.98974e-29
4.96483e-29
4.93912e-29
4.91262e-29
4.88535e-29
4.85733e-29
4.82857e-29
4.7991e-29
4.76892e-29
4.73807e-29
4.70656e-29
4.67441e-29
4.64163e-29
4.60824e-29
4.57427e-29
4.53971e-29
4.50461e-29
4.46897e-29
4.4328e-29
4.39612e-29
4.35896e-29
4.32132e-29
4.28322e-29
4.24469e-29
4.20573e-29
4.16636e-29
4.1266e-29
4.08647e-29
4.04597e-29
4.00513e-29
3.96395e-29
3.92246e-29
3.88067e-29
3.83859e-29
3.79624e-29
3.75363e-29
3.71078e-29
3.66769e-29
3.6244e-29
3.5809e-29
3.53721e-29
3.49334e-29
3.44932e-29
3.40514e-29
3.36083e-29
3.3164e-29
3.27186e-29
3.22722e-29
3.18249e-29
3.13769e-29
3.09283e-29
3.04791e-29
3.00296e-29
2.95798e-29
2.91299e-29
2.86799e-29
2.823e-29
2.77802e-29
2.73307e-29
2.68816e-29
2.6433e-29
2.5985e-29
2.55376e-29
2.5091e-29
2.46453e-29
2.42005e-29
2.37568e-29
2.33143e-29
2.2873e-29
2.2433e-29
2.19944e-29
2.15572e-29
2.11217e-29
2.06878e-29
2.02557e-29
1.98253e-29
1.93969e-29
1.89704e-29
1.85459e-29
1.81235e-29
1.77033e-29
1.72854e-29
1.68697e-29
1.64564e-29
1.60456e-29
1.56372e-29
1.52314e-29
1.48282e-29
1.44276e-29
1.40298e-29
1.36347e-29
1.32425e-29
1.28531e-29
1.24667e-29
1.20832e-29
1.17028e-29
1.13254e-29
1.09511e-29
1.058e-29
1.0212e-29
9.84733e-30
9.48588e-30
9.12773e-30
8.77291e-30
8.42146e-30
8.07342e-30
7.72881e-30
7.38767e-30
7.05002e-30
6.71588e-30
6.38529e-30
6.05827e-30
5.73484e-30
5.41503e-30
5.09886e-30
4.78634e-30
4.4775e-30
4.17235e-30
3.87091e-30
3.5732e-30
3.27923e-30
2.989e-30
2.70254e-30
2.41986e-30
2.14095e-30
1.86584e-30
1.59452e-30
1.32702e-30
1.06332e-30
8.03436e-31
5.47373e-31
2.9513e-31
4.67101e-32
-1.97887e-31
-4.38661e-31
-6.75613e-31
-9.08746e-31
-1.13806e-30
-1.36357e-30
-1.58526e-30
-1.80315e-30
-2.01725e-30
-2.22756e-30
-2.43408e-30
-2.63684e-30
-2.83583e-30
-3.03107e-30
-3.22256e-30
-3.41033e-30
-3.59438e-30
-3.77473e-30
-3.95138e-30
-4.12436e-30
-4.29368e-30
-4.45935e-30
-4.62139e-30
-4.77982e-30
-4.93466e-30
-5.08593e-30
-5.23364e-30
-5.37781e-30
-5.51846e-30
-5.65562e-30
-5.78931e-30
-5.91954e-30
-6.04633e-30
-6.16973e-30
-6.28973e-30
-6.40637e-30
-6.51967e-30
-6.62966e-30
-6.73636e-30
-6.83979e-30
-6.93998e-30
-7.03695e-30
-7.13075e-30
-7.22138e-30
-7.30888e-30
-7.39327e-30
-7.4746e-30
-7.55287e-30
-7.62811e-30
-7.70036e-30
-7.76965e-30
-7.83601e-30
-7.89946e-30
-7.96003e-30
-8.01777e-30
-8.07268e-30
-8.12482e-30
-8.1742e-30
-8.22085e-30
-8.26481e-30
-8.3061e-30
-8.34476e-30
-8.38082e-30
-8.41431e-30
-8.44526e-30
-8.4737e-30
-8.49968e-30
-8.52321e-30
-8.54433e-30
-8.56307e-30
-8.57946e-30
-8.59355e-30
-8.60535e-30
-8.61491e-30
-8.62225e-30
-8.62741e-30
-8.63042e-30
-8.63132e-30
-8.63012e-30
-8.62688e-30
-8.62161e-30
-8.61435e-30
-8.60513e-30
-8.59398e-30
-8.58095e-30
-8.56605e-30
-8.54933e-30
-8.53082e-30
-8.51054e-30
-8.48854e-30
-8.46483e-30
-8.43946e-30
-8.41245e-30
-8.38383e-30
-8.35365e-30
-8.32192e-30
-8.28869e-30
-8.25398e-30
-8.21782e-30
-8.18026e-30
-8.1413e-30
-8.10099e-30
-8.05936e-30
-8.01644e-30
-7.97225e-30
-7.92683e-30
-7.88021e-30
-7.83241e-30
-7.78348e-30
-7.73342e-30
-7.68229e-30
-7.6301e-30
-7.57688e-30
-7.52267e-30
-7.46749e-30
-7.41137e-30
-7.35434e-30
-7.29642e-30
-7.23764e-30
-7.17804e-30
-7.11762e-30
-7.05644e-30
-6.99449e-30
-6.93183e-30
-6.86847e-30
-6.80444e-30
-6.73976e-30
-6.67446e-30
-6.60857e-30
-6.54211e-30
-6.47511e-30
-6.40758e-30
-6.33956e-30
-6.27106e-30
-6.20212e-30
-6.13276e-30
-6.06299e-30
-5.99284e-30
-5.92234e-30
-5.85151e-30
-5.78036e-30
-5.70893e-30
-5.63722e-30
-5.56528e-30
-5.49311e-30
-5.42073e-30
-5.34817e-30
-5.27544e-30
-5.20257e-30
-5.12958e-30
-5.05648e-30
-4.9833e-30
-4.91005e-30
-4.83675e-30
-4.76342e-30
-4.69008e-30
-4.61675e-30
-4.54344e-30
-4.47018e-30
-4.39697e-30
-4.32383e-30
-4.25078e-30
-4.17784e-30
-4.10503e-30
-4.03235e-30
-3.95983e-30
-3.88748e-30
-3.81531e-30
-3.74335e-30
-3.67159e-30
-3.60006e-30
-3.52876e-30
-3.45772e-30
-3.38695e-30
-3.31645e-30
-3.24625e-30
-3.17635e-30
-3.10677e-30
-3.03751e-30
-2.9686e-30
-2.90003e-30
-2.83183e-30
-2.764e-30
-2.69656e-30
-2.6295e-30
-2.56286e-30
-2.49662e-30
-2.43081e-30
-2.36544e-30
-2.3005e-30
-2.23601e-30
-2.17199e-30
-2.10843e-30
-2.04534e-30
-1.98274e-30
-1.92063e-30
-1.85902e-30
-1.79791e-30
-1.73731e-30
-1.67723e-30
-1.61767e-30
-1.55865e-30
-1.50016e-30
-1.44221e-30
-1.38481e-30
-1.32797e-30
-1.27168e-30
-1.21596e-30
-1.16081e-30
-1.10623e-30
-1.05222e-30
-9.98797e-31
-9.45958e-31
-8.93707e-31
-8.42049e-31
-7.90985e-31
-7.40519e-31
-6.90655e-31
-6.41394e-31
-5.92739e-31
-5.44693e-31
-4.97258e-31
-4.50435e-31
-4.04228e-31
-3.58636e-31
-3.13662e-31
-2.69307e-31
-2.25572e-31
-1.82458e-31
-1.39965e-31
-9.80955e-32
-5.68485e-32
-1.62246e-32
2.37759e-32
6.31531e-32
1.01907e-31
1.40038e-31
1.77547e-31
2.14435e-31
2.50701e-31
2.86347e-31
3.21374e-31
3.55783e-31
3.89576e-31
4.22753e-31
4.55317e-31
4.87269e-31
5.1861e-31
5.49343e-31
5.7947e-31
6.08992e-31
6.37913e-31
6.66235e-31
6.93959e-31
7.21088e-31
7.47626e-31
7.73575e-31
7.98938e-31
8.23717e-31
8.47916e-31
8.71538e-31
8.94586e-31
9.17063e-31
9.38974e-31
9.6032e-31
9.81107e-31
1.00134e-30
1.02101e-30
1.04014e-30
1.05873e-30
1.07677e-30
1.09427e-30
1.11125e-30
1.12769e-30
1.14361e-30
1.15901e-30
1.17389e-30
1.18826e-30
1.20212e-30
1.21548e-30
1.22834e-30
1.24071e-30
1.25259e-30
1.26399e-30
1.2749e-30
1.28534e-30
1.29532e-30
1.30482e-30
1.31387e-30
1.32246e-30
1.3306e-30
1.3383e-30
1.34556e-30
1.35238e-30
1.35877e-30
1.36474e-30
1.37029e-30
1.37542e-30
1.38014e-30
1.38446e-30
1.38838e-30
1.39191e-30
1.39504e-30
1.3978e-30
1.40017e-30
1.40217e-30
1.40381e-30
1.40508e-30
1.406e-30
1.40656e-30
1.40678e-30
1.40666e-30
1.4062e-30
1.40541e-30
1.4043e-30
1.40286e-30
1.40112e-30
1.39906e-30
1.3967e-30
1.39403e-30
1.39108e-30
1.38784e-30
1.38431e-30
1.38051e-30
1.37643e-30
1.37209e-30
1.36748e-30
1.36262e-30
1.3575e-30
1.35214e-30
1.34653e-30
1.34069e-30
1.33462e-30
1.32832e-30
1.3218e-30
1.31506e-30
1.30811e-30
1.30095e-30
1.29359e-30
1.28604e-30
1.27829e-30
1.27036e-30
1.26224e-30
1.25394e-30
1.24548e-30
1.23684e-30
1.22804e-30
1.21908e-30
1.20997e-30
1.2007e-30
1.19129e-30
1.18174e-30
1.17206e-30
1.16224e-30
1.1523e-30
1.14223e-30
1.13204e-30
1.12174e-30
1.11133e-30
1.10081e-30
1.09019e-30
1.07947e-30
1.06866e-30
1.05776e-30
1.04678e-30
1.03571e-30
1.02456e-30
1.01334e-30
1.00205e-30
9.90696e-31
9.79277e-31
9.67799e-31
9.56265e-31
9.4468e-31
9.33047e-31
9.21369e-31
9.0965e-31
8.97894e-31
8.86104e-31
8.74284e-31
8.62436e-31
8.50564e-31
8.38671e-31
8.26761e-31
8.14836e-31
8.02899e-31
7.90954e-31
7.79003e-31
7.6705e-31
7.55097e-31
7.43148e-31
7.31205e-31
7.1927e-31
7.07346e-31
6.95437e-31
6.83545e-31
6.71672e-31
6.59821e-31
6.47994e-31
6.36195e-31
6.24426e-31
6.12688e-31
6.00984e-31
5.89317e-31
5.77688e-31
5.661e-31
5.54555e-31
5.43054e-31
5.31602e-31
5.20198e-31
5.08846e-31
4.97546e-31
4.86301e-31
4.75113e-31
4.63984e-31
4.52915e-31
4.41909e-31
4.30966e-31
4.20089e-31
4.09279e-31
3.98538e-31
3.87867e-31
3.77267e-31
3.6674e-31
3.56288e-31
3.45912e-31
3.35613e-31
3.25392e-31
3.15251e-31
3.05191e-31
2.95213e-31
2.85318e-31
2.75507e-31
2.65781e-31
2.56142e-31
2.4659e-31
2.37126e-31
2.27752e-31
2.18467e-31
2.09273e-31
2.00171e-31
1.91162e-31
1.82246e-31
1.73423e-31
1.64695e-31
1.56063e-31
1.47526e-31
1.39085e-31
1.30742e-31
1.22495e-31
1.14347e-31
1.06297e-31
9.83456e-32
9.04934e-32
8.27407e-32
7.50877e-32
6.75349e-32
6.00824e-32
5.27304e-32
4.54792e-32
3.83291e-32
3.12801e-32
2.43324e-32
1.74861e-32
1.07413e-32
4.09809e-33
-2.44357e-33
-8.88365e-33
-1.52222e-32
-2.14592e-32
-2.75948e-32
-3.3629e-32
-3.9562e-32
-4.53939e-32
-5.11248e-32
-5.6755e-32
-6.22846e-32
-6.7714e-32
-7.30432e-32
-7.82726e-32
-8.34025e-32
-8.84332e-32
-9.3365e-32
-9.81982e-32
-1.02933e-31
-1.07571e-31
-1.1211e-31
-1.16553e-31
-1.209e-31
-1.2515e-31
-1.29305e-31
-1.33364e-31
-1.37329e-31
-1.41199e-31
-1.44976e-31
-1.4866e-31
-1.52251e-31
-1.55751e-31
-1.59158e-31
-1.62475e-31
-1.65702e-31
-1.68839e-31
-1.71887e-31
-1.74847e-31
-1.77719e-31
-1.80504e-31
-1.83203e-31
-1.85816e-31
-1.88344e-31
-1.90788e-31
-1.93148e-31
-1.95426e-31
-1.97621e-31
-1.99736e-31
-2.01769e-31
-2.03723e-31
-2.05597e-31
-2.07394e-31
-2.09112e-31
-2.10755e-31
-2.12321e-31
-2.13812e-31
-2.15228e-31
-2.16571e-31
-2.17842e-31
-2.1904e-31
-2.20168e-31
-2.21225e-31
-2.22213e-31
-2.23132e-31
-2.23983e-31
-2.24768e-31
-2.25486e-31
-2.26139e-31
-2.26728e-31
-2.27253e-31
-2.27716e-31
-2.28116e-31
-2.28456e-31
-2.28736e-31
-2.28956e-31
-2.29118e-31
-2.29222e-31
-2.2927e-31
-2.29262e-31
-2.29199e-31
-2.29082e-31
-2.28912e-31
-2.2869e-31
-2.28416e-31
-2.28091e-31
-2.27717e-31
-2.27294e-31
-2.26823e-31
-2.26304e-31
-2.2574e-31
-2.2513e-31
-2.24475e-31
-2.23777e-31
-2.23035e-31
-2.22252e-31
-2.21427e-31
-2.20562e-31
-2.19657e-31
-2.18714e-31
-2.17732e-31
-2.16714e-31
-2.15659e-31
-2.14568e-31
-2.13443e-31
-2.12284e-31
-2.11092e-31
-2.09868e-31
-2.08612e-31
-2.07325e-31
-2.06009e-31
-2.04663e-31
-2.03289e-31
-2.01887e-31
-2.00459e-31
-1.99004e-31
-1.97525e-31
-1.9602e-31
-1.94492e-31
-1.92941e-31
-1.91367e-31
-1.89772e-31
-1.88155e-31
-1.86519e-31
-1.84863e-31
-1.83188e-31
-1.81495e-31
-1.79785e-31
-1.78058e-31
-1.76315e-31
-1.74556e-31
-1.72783e-31
-1.70996e-31
-1.69195e-31
-1.67381e-31
-1.65555e-31
-1.63718e-31
-1.6187e-31
-1.60011e-31
-1.58143e-31
-1.56265e-31
-1.54379e-31
-1.52485e-31
-1.50584e-31
-1.48676e-31
-1.46761e-31
-1.44841e-31
-1.42916e-31
-1.40986e-31
-1.39052e-31
-1.37115e-31
-1.35174e-31
-1.33231e-31
-1.31286e-31
-1.2934e-31
-1.27392e-31
-1.25444e-31
-1.23496e-31
-1.21548e-31
-1.19601e-31
-1.17656e-31
-1.15712e-31
-1.1377e-31
-1.11832e-31
-1.09896e-31
-1.07963e-31
-1.06035e-31
-1.04111e-31
-1.02191e-31
-1.00277e-31
-9.83684e-32
-9.64654e-32
-9.45687e-32
-9.26785e-32
-9.07953e-32
-8.89193e-32
-8.7051e-32
-8.51906e-32
-8.33384e-32
-8.14949e-32
-7.96602e-32
-7.78347e-32
-7.60187e-32
-7.42125e-32
-7.24163e-32
-7.06306e-32
-6.88554e-32
-6.70911e-32
-6.53379e-32
-6.3596e-32
-6.18658e-32
-6.01474e-32
-5.84411e-32
-5.67471e-32
-5.50657e-32
-5.3397e-32
-5.17412e-32
-5.00986e-32
-4.84692e-32
-4.68534e-32
-4.52513e-32
-4.36631e-32
-4.20889e-32
-4.05288e-32
-3.89832e-32
-3.7452e-32
-3.59355e-32
-3.44338e-32
-3.2947e-32
-3.14752e-32
-3.00186e-32
-2.85773e-32
-2.71513e-32
-2.57409e-32
-2.43461e-32
-2.29669e-32
-2.16035e-32
-2.0256e-32
-1.89244e-32
-1.76089e-32
-1.63094e-32
-1.50261e-32
-1.37589e-32
-1.25081e-32
-1.12735e-32
-1.00553e-32
-8.85347e-33
-7.66809e-33
-6.49916e-33
-5.34671e-33
-4.21078e-33
-3.09136e-33
-1.98848e-33
-9.02154e-34
1.67625e-34
1.22085e-33
2.25753e-33
3.27766e-33
4.28125e-33
5.26833e-33
6.2389e-33
7.19299e-33
8.13063e-33
9.05184e-33
9.95666e-33
1.08451e-32
1.17173e-32
1.25731e-32
1.34128e-32
1.42362e-32
1.50436e-32
1.58348e-32
1.66101e-32
1.73693e-32
1.81127e-32
1.88403e-32
1.95521e-32
2.02482e-32
2.09287e-32
2.15937e-32
2.22433e-32
2.28775e-32
2.34963e-32
2.41e-32
2.46886e-32
2.52622e-32
2.58209e-32
2.63647e-32
2.68938e-32
2.74083e-32
2.79083e-32
2.83938e-32
2.8865e-32
2.93221e-32
2.9765e-32
3.01939e-32
3.0609e-32
3.10103e-32
3.1398e-32
3.17721e-32
3.21329e-32
3.24803e-32
3.28147e-32
3.31359e-32
3.34443e-32
3.37398e-32
3.40228e-32
3.42931e-32
3.45511e-32
3.47968e-32
3.50303e-32
3.52519e-32
3.54615e-32
3.56594e-32
3.58457e-32
3.60205e-32
3.6184e-32
3.63363e-32
3.64775e-32
3.66077e-32
3.67272e-32
3.68359e-32
3.69342e-32
3.7022e-32
3.70996e-32
3.71672e-32
3.72247e-32
3.72725e-32
3.73105e-32
3.7339e-32
3.73581e-32
3.7368e-32
3.73687e-32
3.73604e-32
3.73433e-32
3.73174e-32
3.7283e-32
3.72402e-32
3.71891e-32
3.71299e-32
3.70627e-32
3.69876e-32
3.69048e-32
3.68144e-32
3.67166e-32
3.66115e-32
3.64992e-32
3.63799e-32
3.62536e-32
3.61206e-32
3.59811e-32
3.5835e-32
3.56826e-32
3.55239e-32
3.53592e-32
3.51886e-32
3.50121e-32
3.483e-32
3.46423e-32
3.44492e-32
3.42507e-32
3.40472e-32
3.38385e-32
3.3625e-32
3.34067e-32
3.31837e-32
3.29563e-32
3.27244e-32
3.24883e-32
3.2248e-32
3.20037e-32
3.17554e-32
3.15033e-32
3.12476e-32
3.09883e-32
3.07256e-32
3.04595e-32
3.01903e-32
2.9918e-32
2.96427e-32
2.93645e-32
2.90835e-32
2.87999e-32
2.85137e-32
2.82251e-32
2.79342e-32
2.76411e-32
2.73459e-32
2.70486e-32
2.67495e-32
2.64485e-32
2.61459e-32
2.58416e-32
2.55358e-32
2.52287e-32
2.49202e-32
2.46105e-32
2.42997e-32
2.39878e-32
2.3675e-32
2.33614e-32
2.3047e-32
2.27319e-32
2.24162e-32
2.21e-32
2.17834e-32
2.14664e-32
2.11492e-32
2.08318e-32
2.05143e-32
2.01967e-32
1.98792e-32
1.95619e-32
1.92447e-32
1.89278e-32
1.86113e-32
1.82951e-32
1.79795e-32
1.76644e-32
1.735e-32
1.70362e-32
1.67232e-32
1.6411e-32
1.60997e-32
1.57893e-32
1.54799e-32
1.51716e-32
1.48644e-32
1.45584e-32
1.42537e-32
1.39501e-32
1.3648e-32
1.33472e-32
1.30479e-32
1.275e-32
1.24537e-32
1.2159e-32
1.18659e-32
1.15745e-32
1.12848e-32
1.09969e-32
1.07107e-32
1.04265e-32
1.01441e-32
9.86359e-33
9.58508e-33
9.30857e-33
9.03409e-33
8.76167e-33
8.49136e-33
8.22318e-33
7.95716e-33
7.69335e-33
7.43176e-33
7.17242e-33
6.91536e-33
6.66061e-33
6.40819e-33
6.15814e-33
5.91046e-33
5.66519e-33
5.42235e-33
5.18195e-33
4.94402e-33
4.70857e-33
4.47563e-33
4.24521e-33
4.01733e-33
3.792e-33
3.56924e-33
3.34906e-33
3.13148e-33
2.9165e-33
2.70414e-33
2.49441e-33
2.28732e-33
2.08288e-33
1.88109e-33
1.68196e-33
1.48551e-33
1.29173e-33
1.10063e-33
9.12218e-34
7.26494e-34
5.43463e-34
3.63126e-34
1.85485e-34
1.05411e-35
-1.61705e-34
-3.31254e-34
-4.98106e-34
-6.62264e-34
-8.23729e-34
-9.82504e-34
-1.13859e-33
-1.292e-33
-1.44273e-33
-1.59078e-33
-1.73617e-33
-1.8789e-33
-2.01897e-33
-2.1564e-33
-2.29119e-33
-2.42335e-33
-2.55288e-33
-2.67981e-33
-2.80413e-33
-2.92586e-33
-3.045e-33
-3.16158e-33
-3.2756e-33
-3.38708e-33
-3.49602e-33
-3.60244e-33
-3.70636e-33
-3.80778e-33
-3.90672e-33
-4.0032e-33
-4.09723e-33
-4.18882e-33
-4.27799e-33
-4.36476e-33
-4.44914e-33
-4.53116e-33
-4.61082e-33
-4.68814e-33
-4.76313e-33
-4.83583e-33
-4.90625e-33
-4.97439e-33
-5.0403e-33
-5.10397e-33
-5.16544e-33
-5.22472e-33
-5.28183e-33
-5.33679e-33
-5.38962e-33
-5.44034e-33
-5.48898e-33
-5.53554e-33
-5.58006e-33
-5.62254e-33
-5.66302e-33
-5.70152e-33
-5.73806e-33
-5.77264e-33
-5.80531e-33
-5.83609e-33
-5.86498e-33
-5.89202e-33
-5.91723e-33
-5.94062e-33
-5.96223e-33
-5.98207e-33
-6.00017e-33
-6.01654e-33
-6.03122e-33
-6.04423e-33
-6.05558e-33
-6.06531e-33
-6.07342e-33
-6.07996e-33
-6.08493e-33
-6.08836e-33
-6.09029e-33
-6.09071e-33
-6.08967e-33
-6.08719e-33
-6.08328e-33
-6.07797e-33
-6.07128e-33
-6.06324e-33
-6.05387e-33
-6.04319e-33
-6.03122e-33
-6.01799e-33
-6.00352e-33
-5.98783e-33
-5.97095e-33
-5.95289e-33
-5.93368e-33
-5.91334e-33
-5.8919e-33
-5.86937e-33
-5.84578e-33
-5.82116e-33
-5.79551e-33
-5.76887e-33
-5.74126e-33
-5.71269e-33
-5.6832e-33
-5.65279e-33
-5.6215e-33
-5.58934e-33
-5.55634e-33
-5.52251e-33
-5.48787e-33
-5.45246e-33
-5.41628e-33
-5.37936e-33
-5.34172e-33
-5.30338e-33
-5.26435e-33
-5.22467e-33
-5.18434e-33
-5.14339e-33
-5.10184e-33
-5.05971e-33
-5.01701e-33
-4.97376e-33
-4.92999e-33
-4.88571e-33
-4.84095e-33
-4.79571e-33
-4.75001e-33
-4.70389e-33
-4.65734e-33
-4.6104e-33
-4.56307e-33
-4.51538e-33
-4.46734e-33
-4.41897e-33
-4.37029e-33
-4.32131e-33
-4.27204e-33
-4.22251e-33
-4.17273e-33
-4.12272e-33
-4.07249e-33
-4.02206e-33
-3.97144e-33
-3.92065e-33
-3.86971e-33
-3.81862e-33
-3.7674e-33
-3.71607e-33
-3.66464e-33
-3.61312e-33
-3.56153e-33
-3.50989e-33
-3.4582e-33
-3.40648e-33
-3.35473e-33
-3.30299e-33
-3.25124e-33
-3.19952e-33
-3.14783e-33
-3.09618e-33
-3.04458e-33
-2.99305e-33
-2.9416e-33
-2.89023e-33
-2.83897e-33
-2.78781e-33
-2.73678e-33
-2.68587e-33
-2.6351e-33
-2.58449e-33
-2.53404e-33
-2.48375e-33
-2.43365e-33
-2.38373e-33
-2.33401e-33
-2.28451e-33
-2.23521e-33
-2.18614e-33
-2.13731e-33
-2.08871e-33
-2.04036e-33
-1.99227e-33
-1.94445e-33
-1.89689e-33
-1.84962e-33
-1.80263e-33
-1.75593e-33
-1.70953e-33
-1.66343e-33
-1.61765e-33
-1.57219e-33
-1.52705e-33
-1.48224e-33
-1.43777e-33
-1.39363e-33
-1.34985e-33
-1.30641e-33
-1.26334e-33
-1.22062e-33
-1.17827e-33
-1.13629e-33
-1.09469e-33
-1.05346e-33
-1.01262e-33
-9.72168e-34
-9.32105e-34
-8.92436e-34
-8.53166e-34
-8.14297e-34
-7.75833e-34
-7.37776e-34
-7.0013e-34
-6.62896e-34
-6.26078e-34
-5.89679e-34
-5.53699e-34
-5.18142e-34
-4.8301e-34
-4.48303e-34
-4.14025e-34
-3.80176e-34
-3.46758e-34
-3.13773e-34
-2.81222e-34
-2.49106e-34
-2.17425e-34
-1.86181e-34
-1.55375e-34
-1.25007e-34
-9.50777e-35
-6.55874e-35
-3.65367e-35
-7.92558e-36
2.02458e-35
4.79774e-35
7.52694e-35
1.02122e-34
1.28536e-34
1.54511e-34
1.80047e-34
2.05147e-34
2.29809e-34
2.54036e-34
2.77828e-34
3.01185e-34
3.2411e-34
3.46603e-34
3.68665e-34
3.90298e-34
4.11504e-34
4.32283e-34
4.52638e-34
4.72569e-34
4.92079e-34
5.1117e-34
5.29844e-34
5.48102e-34
5.65946e-34
5.83379e-34
6.00403e-34
6.1702e-34
6.33232e-34
6.49042e-34
6.64452e-34
6.79464e-34
6.94081e-34
7.08307e-34
7.22142e-34
7.35591e-34
7.48655e-34
7.61338e-34
7.73642e-34
7.8557e-34
7.97125e-34
8.08311e-34
8.1913e-34
8.29585e-34
8.3968e-34
8.49417e-34
8.588e-34
8.67831e-34
8.76516e-34
8.84855e-34
8.92854e-34
9.00514e-34
9.0784e-34
9.14835e-34
9.21502e-34
9.27845e-34
9.33868e-34
9.39573e-34
9.44964e-34
9.50045e-34
9.5482e-34
9.59292e-34
9.63464e-34
9.67341e-34
9.70925e-34
9.74222e-34
9.77233e-34
9.79963e-34
9.82416e-34
9.84595e-34
9.86504e-34
9.88146e-34
9.89527e-34
9.90648e-34
9.91514e-34
9.92129e-34
9.92495e-34
9.92618e-34
9.92501e-34
9.92147e-34
9.91562e-34
9.90747e-34
9.89706e-34
9.88445e-34
9.86965e-34
9.85271e-34
9.83366e-34
9.81255e-34
9.7894e-34
9.76426e-34
9.73716e-34
9.70815e-34
9.67725e-34
9.64451e-34
9.60996e-34
9.57364e-34
9.53557e-34
9.49581e-34
9.45439e-34
9.41133e-34
9.36667e-34
9.32045e-34
9.27271e-34
9.22347e-34
9.17278e-34
9.12067e-34
9.06717e-34
9.01233e-34
8.95617e-34
8.89872e-34
8.84003e-34
8.78012e-34
8.71903e-34
8.65679e-34
8.59343e-34
8.52899e-34
8.4635e-34
8.39698e-34
8.32948e-34
8.26102e-34
8.19163e-34
8.12135e-34
8.05021e-34
7.97823e-34
7.90545e-34
7.83189e-34
7.75759e-34
7.68258e-34
7.60687e-34
7.53051e-34
7.45353e-34
7.37594e-34
7.29777e-34
7.21907e-34
7.13984e-34
7.06012e-34
6.97993e-34
6.89931e-34
6.81828e-34
6.73686e-34
6.65508e-34
6.57296e-34
6.49053e-34
6.40782e-34
6.32484e-34
6.24163e-34
6.1582e-34
6.07458e-34
5.99079e-34
5.90685e-34
5.8228e-34
5.73864e-34
5.6544e-34
5.57011e-34
5.48579e-34
5.40144e-34
5.31711e-34
5.2328e-34
5.14854e-34
5.06434e-34
4.98023e-34
4.89621e-34
4.81232e-34
4.72856e-34
4.64497e-34
4.56155e-34
4.47832e-34
4.3953e-34
4.31251e-34
4.22996e-34
4.14767e-34
4.06566e-34
3.98393e-34
3.90251e-34
3.82141e-34
3.74064e-34
3.66023e-34
3.58017e-34
3.50049e-34
3.42119e-34
3.3423e-34
3.26383e-34
3.18578e-34
3.10817e-34
3.03101e-34
2.95432e-34
2.8781e-34
2.80236e-34
2.72712e-34
2.65239e-34
2.57817e-34
2.50448e-34
2.43132e-34
2.35871e-34
2.28666e-34
2.21516e-34
2.14424e-34
2.0739e-34
2.00415e-34
1.935e-34
1.86644e-34
1.7985e-34
1.73117e-34
1.66447e-34
1.59839e-34
1.53296e-34
1.46816e-34
1.40401e-34
1.34052e-34
1.27768e-34
1.21551e-34
1.15401e-34
1.09318e-34
1.03302e-34
9.73547e-35
9.14757e-35
8.56656e-35
7.99245e-35
7.42529e-35
6.8651e-35
6.31192e-35
5.76576e-35
5.22664e-35
4.6946e-35
4.16964e-35
3.65179e-35
3.14106e-35
2.63745e-35
2.14099e-35
1.65169e-35
1.16954e-35
6.94556e-36
2.26739e-36
-2.33908e-36
-6.87386e-36
-1.1337e-35
-1.57284e-35
-2.00483e-35
-2.42967e-35
-2.84737e-35
-3.25793e-35
-3.66137e-35
-4.0577e-35
-4.44694e-35
-4.8291e-35
-5.2042e-35
-5.57226e-35
-5.9333e-35
-6.28733e-35
-6.63439e-35
-6.9745e-35
-7.30769e-35
-7.63397e-35
-7.95339e-35
-8.26596e-35
-8.57172e-35
-8.87071e-35
-9.16295e-35
-9.44848e-35
-9.72734e-35
-9.99956e-35
-1.02652e-34
-1.05242e-34
-1.07768e-34
-1.10228e-34
-1.12624e-34
-1.14956e-34
-1.17224e-34
-1.19429e-34
-1.21572e-34
-1.23652e-34
-1.2567e-34
-1.27628e-34
-1.29524e-34
-1.3136e-34
-1.33136e-34
-1.34853e-34
-1.36511e-34
-1.3811e-34
-1.39652e-34
-1.41136e-34
-1.42563e-34
-1.43935e-34
-1.4525e-34
-1.4651e-34
-1.47716e-34
-1.48868e-34
-1.49966e-34
-1.51011e-34
-1.52003e-34
-1.52944e-34
-1.53834e-34
-1.54673e-34
-1.55462e-34
-1.56201e-34
-1.56892e-34
-1.57534e-34
-1.58129e-34
-1.58676e-34
-1.59177e-34
-1.59632e-34
-1.60041e-34
-1.60406e-34
-1.60727e-34
-1.61004e-34
-1.61238e-34
-1.6143e-34
-1.6158e-34
-1.61689e-34
-1.61758e-34
-1.61786e-34
-1.61776e-34
-1.61726e-34
-1.61639e-34
-1.61514e-34
-1.61352e-34
-1.61154e-34
-1.60921e-34
-1.60652e-34
-1.60349e-34
-1.60012e-34
-1.59642e-34
-1.5924e-34
-1.58805e-34
-1.58339e-34
-1.57842e-34
-1.57315e-34
-1.56758e-34
-1.56172e-34
-1.55558e-34
-1.54915e-34
-1.54246e-34
-1.5355e-34
-1.52827e-34
-1.52079e-34
-1.51306e-34
-1.50509e-34
-1.49688e-34
-1.48844e-34
-1.47977e-34
-1.47087e-34
-1.46177e-34
-1.45245e-34
-1.44293e-34
-1.43321e-34
-1.42329e-34
-1.41318e-34
-1.4029e-34
-1.39243e-34
-1.38179e-34
-1.37099e-34
-1.36002e-34
-1.34889e-34
-1.33761e-34
-1.32618e-34
-1.31462e-34
-1.30291e-34
-1.29108e-34
-1.27911e-34
-1.26703e-34
-1.25483e-34
-1.24251e-34
-1.23009e-34
-1.21756e-34
-1.20493e-34
-1.19221e-34
-1.1794e-34
-1.1665e-34
-1.15352e-34
-1.14047e-34
-1.12734e-34
-1.11415e-34
-1.10089e-34
-1.08757e-34
-1.0742e-34
-1.06077e-34
-1.0473e-34
-1.03378e-34
-1.02023e-34
-1.00664e-34
-9.93013e-35
-9.79362e-35
-9.65686e-35
-9.51989e-35
-9.38276e-35
-9.24548e-35
-9.10811e-35
-8.97068e-35
-8.83321e-35
-8.69575e-35
-8.55832e-35
-8.42096e-35
-8.28369e-35
-8.14656e-35
-8.00959e-35
-7.87281e-35
-7.73625e-35
-7.59993e-35
-7.4639e-35
-7.32817e-35
-7.19278e-35
-7.05775e-35
-6.92311e-35
-6.78889e-35
-6.65511e-35
-6.52181e-35
-6.38899e-35
-6.25669e-35
-6.12493e-35
-5.99373e-35
-5.86312e-35
-5.73312e-35
-5.60375e-35
-5.47503e-35
-5.34698e-35
-5.21963e-35
-5.09298e-35
-4.96707e-35
-4.84191e-35
-4.71752e-35
-4.59391e-35
-4.47111e-35
-4.34913e-35
-4.22798e-35
-4.10769e-35
-3.98828e-35
-3.86974e-35
-3.75211e-35
-3.63539e-35
-3.5196e-35
-3.40475e-35
-3.29086e-35
-3.17794e-35
-3.06599e-35
-2.95504e-35
-2.84509e-35
-2.73616e-35
-2.62825e-35
-2.52138e-35
-2.41555e-35
-2.31078e-35
-2.20706e-35
-2.10442e-35
-2.00286e-35
-1.90239e-35
-1.80301e-35
-1.70473e-35
-1.60756e-35
-1.5115e-35
-1.41657e-35
-1.32276e-35
-1.23008e-35
-1.13853e-35
-1.04813e-35
-9.58871e-36
-8.7076e-36
-7.83801e-36
-6.97995e-36
-6.13347e-36
-5.29859e-36
-4.47532e-36
-3.66369e-36
-2.86371e-36
-2.0754e-36
-1.29875e-36
-5.33781e-37
2.19508e-37
9.61117e-37
1.69105e-36
2.40931e-36
3.1159e-36
3.81084e-36
4.49413e-36
5.1658e-36
5.82586e-36
6.47434e-36
7.11125e-36
7.73662e-36
8.35048e-36
8.95285e-36
9.54378e-36
1.01233e-35
1.06914e-35
1.12482e-35
1.17938e-35
1.2328e-35
1.28511e-35
1.33629e-35
1.38637e-35
1.43535e-35
1.48322e-35
1.52999e-35
1.57568e-35
1.62028e-35
1.66381e-35
1.70626e-35
1.74765e-35
1.78798e-35
1.82726e-35
1.8655e-35
1.90269e-35
1.93886e-35
1.974e-35
2.00813e-35
2.04125e-35
2.07336e-35
2.10448e-35
2.13462e-35
2.16378e-35
2.19197e-35
2.2192e-35
2.24547e-35
2.2708e-35
2.29519e-35
2.31866e-35
2.34121e-35
2.36284e-35
2.38358e-35
2.40342e-35
2.42239e-35
2.44047e-35
2.45769e-35
2.47406e-35
2.48958e-35
2.50426e-35
2.51812e-35
2.53115e-35
2.54338e-35
2.55481e-35
2.56545e-35
2.5753e-35
2.58439e-35
2.59272e-35
2.60029e-35
2.60713e-35
2.61323e-35
2.61861e-35
2.62329e-35
2.62725e-35
2.63053e-35
2.63312e-35
2.63504e-35
2.6363e-35
2.6369e-35
2.63687e-35
2.6362e-35
2.6349e-35
2.633e-35
2.63049e-35
2.62739e-35
2.62371e-35
2.61945e-35
2.61463e-35
2.60926e-35
2.60335e-35
2.5969e-35
2.58993e-35
2.58245e-35
2.57445e-35
2.56597e-35
2.557e-35
2.54755e-35
2.53764e-35
2.52728e-35
2.51646e-35
2.50521e-35
2.49353e-35
2.48143e-35
2.46892e-35
2.45602e-35
2.44272e-35
2.42904e-35
2.41498e-35
2.40057e-35
2.3858e-35
2.37069e-35
2.35524e-35
2.33946e-35
2.32337e-35
2.30696e-35
2.29026e-35
2.27326e-35
2.25598e-35
2.23842e-35
2.2206e-35
2.20252e-35
2.18419e-35
2.16562e-35
2.14682e-35
2.12779e-35
2.10854e-35
2.08908e-35
2.06942e-35
2.04957e-35
2.02953e-35
2.00932e-35
1.98893e-35
1.96838e-35
1.94768e-35
1.92682e-35
1.90583e-35
1.8847e-35
1.86345e-35
1.84208e-35
1.82059e-35
1.799e-35
1.77731e-35
1.75553e-35
1.73367e-35
1.71172e-35
1.6897e-35
1.66762e-35
1.64548e-35
1.62328e-35
1.60104e-35
1.57876e-35
1.55644e-35
1.53409e-35
1.51171e-35
1.48932e-35
1.46692e-35
1.44451e-35
1.4221e-35
1.3997e-35
1.37731e-35
1.35493e-35
1.33257e-35
1.31024e-35
1.28794e-35
1.26567e-35
1.24344e-35
1.22126e-35
1.19913e-35
1.17705e-35
1.15503e-35
1.13307e-35
1.11118e-35
1.08936e-35
1.06761e-35
1.04594e-35
1.02436e-35
1.00287e-35
9.81463e-36
9.60154e-36
9.38943e-36
9.17834e-36
8.96831e-36
8.75937e-36
8.55154e-36
8.34488e-36
8.1394e-36
7.93514e-36
7.73213e-36
7.53039e-36
7.32997e-36
7.13087e-36
6.93315e-36
6.73681e-36
6.54188e-36
6.34839e-36
6.15636e-36
5.96582e-36
5.77679e-36
5.5893e-36
5.40335e-36
5.21898e-36
5.0362e-36
4.85504e-36
4.6755e-36
4.49762e-36
4.3214e-36
4.14686e-36
3.97402e-36
3.8029e-36
3.6335e-36
3.46584e-36
3.29994e-36
3.13581e-36
2.97346e-36
2.8129e-36
2.65415e-36
2.4972e-36
2.34208e-36
2.1888e-36
2.03735e-36
1.88774e-36
1.74e-36
1.59411e-36
1.4501e-36
1.30796e-36
1.16769e-36
1.02932e-36
8.92826e-37
7.58228e-37
6.25525e-37
4.9472e-37
3.65815e-37
2.38811e-37
1.1371e-37
-9.48712e-39
-1.30781e-37
-2.50171e-37
-3.67658e-37
-4.83243e-37
-5.96929e-37
-7.08716e-37
-8.18608e-37
-9.26607e-37
-1.03272e-36
-1.13694e-36
-1.23928e-36
-1.33975e-36
-1.43834e-36
-1.53506e-36
-1.62993e-36
-1.72293e-36
-1.81409e-36
-1.9034e-36
-1.99088e-36
-2.07653e-36
-2.16036e-36
-2.24238e-36
-2.32259e-36
-2.40101e-36
-2.47764e-36
-2.55249e-36
-2.62558e-36
-2.6969e-36
-2.76648e-36
-2.83431e-36
-2.90042e-36
-2.96482e-36
-3.0275e-36
-3.0885e-36
-3.1478e-36
-3.20544e-36
-3.26142e-36
-3.31575e-36
-3.36845e-36
-3.41952e-36
-3.46898e-36
-3.51685e-36
-3.56314e-36
-3.60785e-36
-3.651e-36
-3.69262e-36
-3.7327e-36
-3.77127e-36
-3.80833e-36
-3.84391e-36
-3.87802e-36
-3.91068e-36
-3.94188e-36
-3.97167e-36
-4.00003e-36
-4.027e-36
-4.05259e-36
-4.07681e-36
-4.09967e-36
-4.1212e-36
-4.14141e-36
-4.16031e-36
-4.17792e-36
-4.19425e-36
-4.20933e-36
-4.22316e-36
-4.23576e-36
-4.24716e-36
-4.25735e-36
-4.26637e-36
-4.27422e-36
-4.28093e-36
-4.28651e-36
-4.29097e-36
-4.29433e-36
-4.29661e-36
-4.29782e-36
-4.29797e-36
-4.2971e-36
-4.2952e-36
-4.2923e-36
-4.28842e-36
-4.28357e-36
-4.27776e-36
-4.27102e-36
-4.26336e-36
-4.25479e-36
-4.24533e-36
-4.235e-36
-4.22381e-36
-4.21177e-36
-4.19892e-36
-4.18525e-36
-4.17079e-36
-4.15555e-36
-4.13956e-36
-4.12282e-36
-4.10534e-36
-4.08715e-36
-4.06826e-36
-4.04868e-36
-4.02843e-36
-4.00753e-36
-3.98599e-36
-3.96382e-36
-3.94104e-36
-3.91768e-36
-3.89373e-36
-3.86921e-36
-3.84414e-36
-3.81854e-36
-3.79242e-36
-3.76579e-36
-3.73867e-36
-3.71107e-36
-3.683e-36
-3.65449e-36
-3.62553e-36
-3.59616e-36
-3.56637e-36
-3.53619e-36
-3.50562e-36
-3.47469e-36
-3.44339e-36
-3.41176e-36
-3.37979e-36
-3.34751e-36
-3.31492e-36
-3.28204e-36
-3.24887e-36
-3.21544e-36
-3.18175e-36
-3.14782e-36
-3.11365e-36
-3.07927e-36
-3.04467e-36
-3.00988e-36
-2.97491e-36
-2.93976e-36
-2.90445e-36
-2.86898e-36
-2.83338e-36
-2.79764e-36
-2.76178e-36
-2.72582e-36
-2.68975e-36
-2.6536e-36
-2.61736e-36
-2.58106e-36
-2.54469e-36
-2.50828e-36
-2.47183e-36
-2.43535e-36
-2.39884e-36
-2.36232e-36
-2.3258e-36
-2.28928e-36
-2.25278e-36
-2.2163e-36
-2.17985e-36
-2.14344e-36
-2.10708e-36
-2.07077e-36
-2.03453e-36
-1.99836e-36
-1.96226e-36
-1.92625e-36
-1.89034e-36
-1.85452e-36
-1.81881e-36
-1.78322e-36
-1.74775e-36
-1.71241e-36
-1.6772e-36
-1.64213e-36
-1.60721e-36
-1.57244e-36
-1.53783e-36
-1.50338e-36
-1.46911e-36
-1.43502e-36
-1.4011e-36
-1.36738e-36
-1.33384e-36
-1.30051e-36
-1.26737e-36
-1.23445e-36
-1.20173e-36
-1.16923e-36
-1.13696e-36
-1.1049e-36
-1.07308e-36
-1.04149e-36
-1.01014e-36
-9.79026e-37
-9.4816e-37
-9.17543e-37
-8.87179e-37
-8.5707e-37
-8.2722e-37
-7.97633e-37
-7.68311e-37
-7.39258e-37
-7.10475e-37
-6.81967e-37
-6.53734e-37
-6.25781e-37
-5.98108e-37
-5.70719e-37
-5.43616e-37
-5.16801e-37
-4.90275e-37
-4.64041e-37
-4.381e-37
-4.12455e-37
-3.87106e-37
-3.62056e-37
-3.37305e-37
-3.12856e-37
-2.88708e-37
-2.64865e-37
-2.41325e-37
-2.18091e-37
-1.95164e-37
-1.72544e-37
-1.50231e-37
-1.28227e-37
-1.06531e-37
-8.51452e-38
-6.4069e-38
-4.33027e-38
-2.28466e-38
-2.70082e-39
1.71346e-38
3.66598e-38
5.58748e-38
7.47797e-38
9.33749e-38
1.11661e-37
1.29637e-37
1.47305e-37
1.64665e-37
1.81718e-37
1.98463e-37
2.14903e-37
2.31037e-37
2.46866e-37
2.62392e-37
2.77615e-37
2.92537e-37
3.07158e-37
3.21479e-37
3.35503e-37
3.49229e-37
3.6266e-37
3.75796e-37
3.88638e-37
4.0119e-37
4.13451e-37
4.25424e-37
4.3711e-37
4.48511e-37
4.59628e-37
4.70463e-37
4.81018e-37
4.91294e-37
5.01294e-37
5.11019e-37
5.20471e-37
5.29652e-37
5.38564e-37
5.47209e-37
5.5559e-37
5.63707e-37
5.71564e-37
5.79162e-37
5.86504e-37
5.93591e-37
6.00427e-37
6.07013e-37
6.13352e-37
6.19446e-37
6.25297e-37
6.30907e-37
6.36279e-37
6.41416e-37
6.46319e-37
6.50992e-37
6.55436e-37
6.59655e-37
6.6365e-37
6.67424e-37
6.70979e-37
6.74318e-37
6.77443e-37
6.80358e-37
6.83064e-37
6.85565e-37
6.87862e-37
6.89958e-37
6.91857e-37
6.9356e-37
6.9507e-37
6.9639e-37
6.97523e-37
6.98471e-37
6.99237e-37
6.99822e-37
7.00231e-37
7.00466e-37
7.00528e-37
7.00421e-37
7.00148e-37
6.99711e-37
6.99113e-37
6.98356e-37
6.97443e-37
6.96377e-37
6.95161e-37
6.93796e-37
6.92286e-37
6.90632e-37
6.88839e-37
6.86907e-37
6.84841e-37
6.82642e-37
6.80313e-37
6.77856e-37
6.75275e-37
6.72572e-37
6.69749e-37
6.66809e-37
6.63755e-37
6.60588e-37
6.57311e-37
6.53928e-37
6.50439e-37
6.46849e-37
6.43158e-37
6.3937e-37
6.35486e-37
6.3151e-37
6.27444e-37
6.23289e-37
6.1905e-37
6.14727e-37
6.10324e-37
6.05841e-37
6.01283e-37
5.9665e-37
5.91946e-37
5.87172e-37
5.82331e-37
5.77424e-37
5.72455e-37
5.67426e-37
5.62338e-37
5.57193e-37
5.51994e-37
5.46743e-37
5.41441e-37
5.36092e-37
5.30696e-37
5.25257e-37
5.19775e-37
5.14253e-37
5.08693e-37
5.03097e-37
4.97466e-37
4.91803e-37
4.86108e-37
4.80385e-37
4.74635e-37
4.6886e-37
4.63061e-37
4.5724e-37
4.51399e-37
4.4554e-37
4.39665e-37
4.33775e-37
4.27871e-37
4.21956e-37
4.16031e-37
4.10097e-37
4.04156e-37
3.9821e-37
3.92261e-37
3.86309e-37
3.80356e-37
3.74404e-37
3.68454e-37
3.62507e-37
3.56565e-37
3.50629e-37
3.447e-37
3.38781e-37
3.32871e-37
3.26973e-37
3.21087e-37
3.15216e-37
3.09359e-37
3.03518e-37
2.97695e-37
2.9189e-37
2.86104e-37
2.80339e-37
2.74596e-37
2.68875e-37
2.63178e-37
2.57506e-37
2.5186e-37
2.4624e-37
2.40648e-37
2.35084e-37
2.2955e-37
2.24047e-37
2.18574e-37
2.13133e-37
2.07725e-37
2.02351e-37
1.97011e-37
1.91706e-37
1.86438e-37
1.81205e-37
1.7601e-37
1.70853e-37
1.65735e-37
1.60656e-37
1.55616e-37
1.50617e-37
1.45659e-37
1.40743e-37
1.35869e-37
1.31037e-37
1.26248e-37
1.21503e-37
1.16802e-37
1.12146e-37
1.07534e-37
1.02968e-37
9.84478e-38
9.39736e-38
8.95459e-38
8.51651e-38
8.08315e-38
7.65454e-38
7.2307e-38
6.81168e-38
6.39749e-38
5.98816e-38
5.58371e-38
5.18416e-38
4.78954e-38
4.39986e-38
4.01514e-38
3.63539e-38
3.26063e-38
2.89088e-38
2.52613e-38
2.16641e-38
1.81172e-38
1.46207e-38
1.11746e-38
7.77909e-39
4.4341e-39
1.13968e-39
-2.10416e-39
-5.29743e-39
-8.44014e-39
-1.15323e-38
-1.4574e-38
-1.75652e-38
-2.0506e-38
-2.33965e-38
-2.62368e-38
-2.90269e-38
-3.1767e-38
-3.44571e-38
-3.70975e-38
-3.96882e-38
-4.22293e-38
-4.47211e-38
-4.71637e-38
-4.95573e-38
-5.1902e-38
-5.41981e-38
-5.64457e-38
-5.86451e-38
-6.07965e-38
-6.29e-38
-6.4956e-38
-6.69646e-38
-6.89261e-38
-7.08409e-38
-7.2709e-38
-7.45308e-38
-7.63066e-38
-7.80367e-38
-7.97214e-38
-8.13609e-38
-8.29555e-38
-8.45056e-38
-8.60115e-38
-8.74735e-38
-8.88919e-38
-9.02671e-38
-9.15995e-38
-9.28893e-38
-9.41368e-38
-9.53426e-38
-9.65068e-38
-9.76299e-38
-9.87122e-38
-9.97541e-38
-1.00756e-37
-1.01718e-37
-1.02641e-37
-1.03525e-37
-1.04371e-37
-1.05178e-37
-1.05948e-37
-1.0668e-37
-1.07376e-37
-1.08034e-37
-1.08657e-37
-1.09244e-37
-1.09796e-37
-1.10313e-37
-1.10796e-37
-1.11244e-37
-1.11659e-37
-1.1204e-37
-1.12389e-37
-1.12705e-37
-1.1299e-37
-1.13243e-37
-1.13464e-37
-1.13656e-37
-1.13817e-37
-1.13948e-37
-1.1405e-37
-1.14122e-37
-1.14166e-37
-1.14183e-37
-1.14171e-37
-1.14132e-37
-1.14067e-37
-1.13975e-37
-1.13857e-37
-1.13713e-37
-1.13545e-37
-1.13352e-37
-1.13134e-37
-1.12893e-37
-1.12628e-37
-1.12341e-37
-1.12031e-37
-1.11699e-37
-1.11345e-37
-1.1097e-37
-1.10574e-37
-1.10158e-37
-1.09722e-37
-1.09266e-37
-1.08791e-37
-1.08297e-37
-1.07784e-37
-1.07254e-37
-1.06706e-37
-1.06141e-37
-1.05559e-37
-1.04961e-37
-1.04347e-37
-1.03717e-37
-1.03072e-37
-1.02412e-37
-1.01738e-37
-1.0105e-37
-1.00348e-37
-9.96333e-38
-9.89054e-38
-9.8165e-38
-9.74126e-38
-9.66484e-38
-9.58728e-38
-9.50862e-38
-9.42889e-38
-9.34812e-38
-9.26636e-38
-9.18363e-38
-9.09997e-38
-9.01541e-38
-8.92999e-38
-8.84375e-38
-8.75672e-38
-8.66893e-38
-8.58041e-38
-8.4912e-38
-8.40133e-38
-8.31083e-38
-8.21973e-38
-8.12807e-38
-8.03587e-38
-7.94316e-38
-7.84998e-38
-7.75636e-38
-7.66231e-38
-7.56787e-38
-7.47308e-38
-7.37796e-38
-7.28253e-38
-7.18682e-38
-7.09087e-38
-6.9947e-38
-6.89834e-38
-6.80181e-38
-6.70514e-38
-6.60835e-38
-6.51147e-38
-6.41451e-38
-6.31752e-38
-6.22051e-38
-6.12349e-38
-6.02651e-38
-5.92958e-38
-5.83271e-38
-5.73594e-38
-5.63929e-38
-5.54277e-38
-5.44642e-38
-5.35025e-38
-5.25428e-38
-5.15852e-38
-5.06301e-38
-4.96775e-38
-4.87278e-38
-4.77809e-38
-4.68373e-38
-4.58969e-38
-4.496e-38
-4.40268e-38
-4.30975e-38
-4.21721e-38
-4.12509e-38
-4.0334e-38
-3.94216e-38
-3.85137e-38
-3.76107e-38
-3.67125e-38
-3.58194e-38
-3.49315e-38
-3.40489e-38
-3.31718e-38
-3.23002e-38
-3.14343e-38
-3.05743e-38
-2.97202e-38
-2.88721e-38
-2.80302e-38
-2.71945e-38
-2.63653e-38
-2.55424e-38
-2.47262e-38
-2.39166e-38
-2.31137e-38
-2.23177e-38
-2.15287e-38
-2.07466e-38
-1.99716e-38
-1.92038e-38
-1.84433e-38
-1.76901e-38
-1.69442e-38
-1.62058e-38
-1.54749e-38
-1.47516e-38
-1.40359e-38
-1.33279e-38
-1.26277e-38
-1.19352e-38
-1.12505e-38
-1.05737e-38
-9.90478e-39
-9.24383e-39
-8.59086e-39
-7.9459e-39
-7.309e-39
-6.68017e-39
-6.05945e-39
-5.44686e-39
-4.84242e-39
-4.24615e-39
-3.65807e-39
-3.07819e-39
-2.50652e-39
-1.94308e-39
-1.38788e-39
-8.40909e-40
-3.02184e-40
2.28297e-40
7.50531e-40
1.26452e-39
1.77027e-39
2.26779e-39
2.75708e-39
3.23816e-39
3.71104e-39
4.17572e-39
4.63223e-39
5.08058e-39
5.52079e-39
5.95288e-39
6.37687e-39
6.79278e-39
7.20064e-39
7.60048e-39
7.99232e-39
8.37619e-39
8.75213e-39
9.12016e-39
9.48032e-39
9.83265e-39
1.01772e-38
1.05139e-38
1.0843e-38
1.11643e-38
1.14781e-38
1.17842e-38
1.20828e-38
1.23738e-38
1.26574e-38
1.29336e-38
1.32024e-38
1.34639e-38
1.37181e-38
1.39651e-38
1.4205e-38
1.44377e-38
1.46634e-38
1.4882e-38
1.50937e-38
1.52986e-38
1.54966e-38
1.56878e-38
1.58723e-38
1.60502e-38
1.62214e-38
1.63862e-38
1.65444e-38
1.66962e-38
1.68417e-38
1.69809e-38
1.71138e-38
1.72406e-38
1.73613e-38
1.7476e-38
1.75847e-38
1.76875e-38
1.77844e-38
1.78757e-38
1.79612e-38
1.8041e-38
1.81153e-38
1.81842e-38
1.82475e-38
1.83056e-38
1.83583e-38
1.84058e-38
1.84481e-38
1.84854e-38
1.85177e-38
1.8545e-38
1.85674e-38
1.8585e-38
1.85979e-38
1.86062e-38
1.86098e-38
1.86089e-38
1.86036e-38
1.85939e-38
1.85798e-38
1.85616e-38
1.85391e-38
1.85126e-38
1.8482e-38
1.84474e-38
1.84089e-38
1.83667e-38
1.83206e-38
1.82709e-38
1.82176e-38
1.81607e-38
1.81003e-38
1.80365e-38
1.79694e-38
1.78989e-38
1.78253e-38
1.77486e-38
1.76687e-38
1.75859e-38
1.75001e-38
1.74114e-38
1.73199e-38
1.72257e-38
1.71288e-38
1.70293e-38
1.69272e-38
1.68226e-38
1.67156e-38
1.66063e-38
1.64946e-38
1.63807e-38
1.62646e-38
1.61464e-38
1.60262e-38
1.59039e-38
1.57798e-38
1.56537e-38
1.55259e-38
1.53963e-38
1.5265e-38
1.5132e-38
1.49975e-38
1.48615e-38
1.4724e-38
1.45851e-38
1.44448e-38
1.43032e-38
1.41604e-38
1.40164e-38
1.38712e-38
1.3725e-38
1.35777e-38
1.34294e-38
1.32802e-38
1.31301e-38
1.29791e-38
1.28274e-38
1.2675e-38
1.25218e-38
1.2368e-38
1.22136e-38
1.20586e-38
1.19032e-38
1.17473e-38
1.1591e-38
1.14343e-38
1.12773e-38
1.112e-38
1.09624e-38
1.08047e-38
1.06468e-38
1.04888e-38
1.03307e-38
1.01726e-38
1.00144e-38
9.85635e-39
9.69833e-39
9.54042e-39
9.38266e-39
9.22508e-39
9.06772e-39
8.91061e-39
8.75379e-39
8.59728e-39
8.44113e-39
8.28536e-39
8.13e-39
7.9751e-39
7.82067e-39
7.66674e-39
7.51335e-39
7.36052e-39
7.20829e-39
7.05667e-39
6.9057e-39
6.7554e-39
6.60579e-39
6.45692e-39
6.30879e-39
6.16144e-39
6.01487e-39
5.86913e-39
5.72424e-39
5.5802e-39
5.43705e-39
5.29481e-39
5.15349e-39
5.01311e-39
4.8737e-39
4.73527e-39
4.59784e-39
4.46143e-39
4.32605e-39
4.19172e-39
4.05845e-39
3.92627e-39
3.79519e-39
3.66522e-39
3.53638e-39
3.40868e-39
3.28213e-39
3.15675e-39
3.03254e-39
2.90953e-39
2.78771e-39
2.6671e-39
2.54772e-39
2.42957e-39
2.31267e-39
2.197e-39
2.0826e-39
1.96946e-39
1.85759e-39
1.74701e-39
1.63771e-39
1.5297e-39
1.423e-39
1.3176e-39
1.21351e-39
1.11073e-39
1.00928e-39
9.0915e-40
8.10348e-40
7.12878e-40
6.16744e-40
5.21944e-40
4.28482e-40
3.36361e-40
2.45582e-40
1.56144e-40
6.80485e-41
-1.87017e-41
-1.04112e-40
-1.88179e-40
-2.70902e-40
-3.52282e-40
-4.32323e-40
-5.11024e-40
-5.88387e-40
-6.64414e-40
-7.39109e-40
-8.12473e-40
-8.84508e-40
-9.55219e-40
-1.02461e-39
-1.09268e-39
-1.15944e-39
-1.22489e-39
-1.28904e-39
-1.35189e-39
-1.41344e-39
-1.47371e-39
-1.53269e-39
-1.5904e-39
-1.64683e-39
-1.70199e-39
-1.75589e-39
-1.80854e-39
-1.85994e-39
-1.91011e-39
-1.95903e-39
-2.00674e-39
-2.05322e-39
-2.0985e-39
-2.14257e-39
-2.18546e-39
-2.22715e-39
-2.26767e-39
-2.30701e-39
-2.3452e-39
-2.38223e-39
-2.41812e-39
-2.45287e-39
-2.4865e-39
-2.51901e-39
-2.55042e-39
-2.58073e-39
-2.60996e-39
-2.63811e-39
-2.66519e-39
-2.69121e-39
-2.71619e-39
-2.74013e-39
-2.76304e-39
-2.78493e-39
-2.80582e-39
-2.82571e-39
-2.84462e-39
-2.86255e-39
-2.87951e-39
-2.89552e-39
-2.91059e-39
-2.92473e-39
-2.93795e-39
-2.95026e-39
-2.96167e-39
-2.97219e-39
-2.98183e-39
-2.99061e-39
-2.99853e-39
-3.00562e-39
-3.01187e-39
-3.01729e-39
-3.02191e-39
-3.02573e-39
-3.02877e-39
-3.03103e-39
-3.03253e-39
-3.03328e-39
-3.03328e-39
-3.03256e-39
-3.03112e-39
-3.02898e-39
-3.02614e-39
-3.02261e-39
-3.01842e-39
-3.01357e-39
-3.00807e-39
-3.00194e-39
-2.99518e-39
-2.98781e-39
-2.97983e-39
-2.97126e-39
-2.96211e-39
-2.95238e-39
-2.9421e-39
-2.93127e-39
-2.9199e-39
-2.90801e-39
-2.89561e-39
-2.8827e-39
-2.86929e-39
-2.8554e-39
-2.84105e-39
-2.82623e-39
-2.81096e-39
-2.79526e-39
-2.77912e-39
-2.76257e-39
-2.74561e-39
-2.72825e-39
-2.71051e-39
-2.69239e-39
-2.67391e-39
-2.65507e-39
-2.63588e-39
-2.61636e-39
-2.59651e-39
-2.57634e-39
-2.55586e-39
-2.53509e-39
-2.51403e-39
-2.49269e-39
-2.47108e-39
-2.44921e-39
-2.42709e-39
-2.40473e-39
-2.38214e-39
-2.35933e-39
-2.3363e-39
-2.31307e-39
-2.28964e-39
-2.26602e-39
-2.24222e-39
-2.21825e-39
-2.19412e-39
-2.16984e-39
-2.14541e-39
-2.12084e-39
-2.09615e-39
-2.07133e-39
-2.04639e-39
-2.02136e-39
-1.99622e-39
-1.97099e-39
-1.94568e-39
-1.92029e-39
-1.89483e-39
-1.86931e-39
-1.84374e-39
-1.81811e-39
-1.79244e-39
-1.76674e-39
-1.74102e-39
-1.71527e-39
-1.68952e-39
-1.66375e-39
-1.63799e-39
-1.61222e-39
-1.58647e-39
-1.56073e-39
-1.53502e-39
-1.50933e-39
-1.48368e-39
-1.45807e-39
-1.4325e-39
-1.40698e-39
-1.38151e-39
-1.35611e-39
-1.33077e-39
-1.30551e-39
-1.28032e-39
-1.25521e-39
-1.23019e-39
-1.20526e-39
-1.18043e-39
-1.15569e-39
-1.13106e-39
-1.10654e-39
-1.08213e-39
-1.05784e-39
-1.03367e-39
-1.00963e-39
-9.85708e-40
-9.61924e-40
-9.38277e-40
-9.14772e-40
-8.91411e-40
-8.68197e-40
-8.45133e-40
-8.22223e-40
-7.99469e-40
-7.76877e-40
-7.54448e-40
-7.32183e-40
-7.10086e-40
-6.88159e-40
-6.66406e-40
-6.44827e-40
-6.23426e-40
-6.02207e-40
-5.81169e-40
-5.60316e-40
-5.3965e-40
-5.19171e-40
-4.98883e-40
-4.78789e-40
-4.58889e-40
-4.39185e-40
-4.1968e-40
-4.00376e-40
-3.81272e-40
-3.62373e-40
-3.4368e-40
-3.25195e-40
-3.06918e-40
-2.88847e-40
-2.70984e-40
-2.53334e-40
-2.35895e-40
-2.18667e-40
-2.01651e-40
-1.84851e-40
-1.68265e-40
-1.51894e-40
-1.3574e-40
-1.19804e-40
-1.04084e-40
-8.85831e-41
-7.32991e-41
-5.8231e-41
-4.33828e-41
-2.87532e-41
-1.43423e-41
-1.5134e-43
1.38196e-41
2.75705e-41
4.11015e-41
5.44124e-41
6.75048e-41
8.03799e-41
9.30392e-41
1.05479e-40
1.17702e-40
1.29707e-40
1.41496e-40
1.53069e-40
1.64428e-40
1.75574e-40
1.86504e-40
1.97222e-40
2.07727e-40
2.18021e-40
2.28102e-40
2.37973e-40
2.47635e-40
2.57086e-40
2.66332e-40
2.75372e-40
2.84204e-40
2.92832e-40
3.01257e-40
3.0948e-40
3.17502e-40
3.25323e-40
3.32947e-40
3.40375e-40
3.47606e-40
3.54641e-40
3.61482e-40
3.68131e-40
3.7459e-40
3.80858e-40
3.86938e-40
3.92832e-40
3.98542e-40
4.04069e-40
4.09412e-40
4.14574e-40
4.19557e-40
4.24362e-40
4.28992e-40
4.33448e-40
4.37732e-40
4.41845e-40
4.45788e-40
4.49563e-40
4.53173e-40
4.56619e-40
4.59903e-40
4.63027e-40
4.65991e-40
4.68796e-40
4.71444e-40
4.73939e-40
4.76282e-40
4.78473e-40
4.80516e-40
4.82414e-40
4.84165e-40
4.85773e-40
4.87238e-40
4.88564e-40
4.89752e-40
4.90803e-40
4.9172e-40
4.92502e-40
4.93153e-40
4.93676e-40
4.94071e-40
4.94343e-40
4.94493e-40
4.94524e-40
4.94436e-40
4.94231e-40
4.9391e-40
4.93477e-40
4.92931e-40
4.92273e-40
4.91508e-40
4.90637e-40
4.8966e-40
4.88581e-40
4.874e-40
4.86119e-40
4.8474e-40
4.83267e-40
4.81702e-40
4.80046e-40
4.78301e-40
4.76468e-40
4.7455e-40
4.72547e-40
4.70462e-40
4.68299e-40
4.66056e-40
4.63736e-40
4.6134e-40
4.58871e-40
4.56329e-40
4.53718e-40
4.51037e-40
4.48288e-40
4.45474e-40
4.42595e-40
4.39653e-40
4.36652e-40
4.3359e-40
4.30473e-40
4.27302e-40
4.24076e-40
4.208e-40
4.17475e-40
4.14101e-40
4.1068e-40
4.07215e-40
4.03703e-40
4.00149e-40
3.96555e-40
3.9292e-40
3.89246e-40
3.85534e-40
3.81787e-40
3.78004e-40
3.7419e-40
3.70346e-40
3.66473e-40
3.62572e-40
3.58644e-40
3.54691e-40
3.50714e-40
3.46713e-40
3.42692e-40
3.38649e-40
3.34587e-40
3.3051e-40
3.26416e-40
3.22307e-40
3.18184e-40
3.14051e-40
3.09906e-40
3.05749e-40
3.01585e-40
2.97412e-40
2.93232e-40
2.89047e-40
2.84856e-40
2.80658e-40
2.76458e-40
2.72254e-40
2.68049e-40
2.63843e-40
2.59638e-40
2.55434e-40
2.51232e-40
2.47034e-40
2.42841e-40
2.38654e-40
2.34474e-40
2.30302e-40
2.2614e-40
2.21989e-40
2.17847e-40
2.1372e-40
2.09608e-40
2.0551e-40
2.01427e-40
1.97356e-40
1.93301e-40
1.89262e-40
1.85242e-40
1.8124e-40
1.77254e-40
1.7329e-40
1.69344e-40
1.65419e-40
1.61514e-40
1.57631e-40
1.5377e-40
1.49931e-40
1.46113e-40
1.4232e-40
1.38551e-40
1.34806e-40
1.31087e-40
1.27395e-40
1.23729e-40
1.2009e-40
1.16476e-40
1.12891e-40
1.09335e-40
1.05808e-40
1.0231e-40
9.8842e-41
9.54032e-41
9.19966e-41
8.86195e-41
8.52732e-41
8.19591e-41
7.86745e-41
7.54207e-41
7.21991e-41
6.90097e-41
6.5854e-41
6.27291e-41
5.96351e-41
5.65746e-41
5.35492e-41
5.05588e-41
4.76049e-41
4.46832e-41
4.17951e-41
3.89407e-41
3.61213e-41
3.33383e-41
3.05903e-41
2.78788e-41
2.52024e-41
2.25595e-41
1.99531e-41
1.73817e-41
1.48468e-41
1.23454e-41
9.87915e-42
7.4479e-42
5.05168e-42
2.69049e-42
3.65739e-43
-1.92398e-42
-4.17867e-42
-6.39833e-42
-8.58155e-42
-1.07297e-41
-1.28429e-41
-1.49196e-41
-1.69627e-41
-1.89694e-41
-2.0941e-41
-2.2879e-41
-2.4782e-41
-2.66513e-41
-2.8487e-41
-3.02877e-41
-3.20533e-41
-3.37839e-41
-3.54823e-41
-3.71456e-41
-3.87753e-41
-4.03714e-41
-4.19339e-41
-4.34613e-41
-4.49537e-41
-4.6411e-41
-4.78333e-41
-4.9222e-41
-5.05757e-41
-5.18971e-41
-5.31835e-41
-5.44376e-41
-5.5661e-41
-5.68507e-41
-5.80067e-41
-5.9132e-41
-6.0225e-41
-6.12872e-41
-6.23185e-41
-6.33191e-41
-6.42888e-41
-6.52276e-41
-6.61371e-41
-6.70157e-41
-6.78649e-41
-6.8686e-41
-6.94778e-41
-7.02401e-41
-7.09758e-41
-7.16848e-41
-7.23631e-41
-7.30133e-41
-7.36368e-41
-7.42338e-41
-7.48041e-41
-7.53464e-41
-7.58635e-41
-7.6354e-41
-7.68178e-41
-7.72564e-41
-7.76698e-41
-7.80607e-41
-7.84265e-41
-7.87684e-41
-7.90837e-41
-7.93752e-41
-7.96442e-41
-7.98894e-41
-8.01108e-41
-8.03084e-41
-8.04836e-41
-8.06363e-41
-8.0768e-41
-8.08787e-41
-8.09698e-41
-8.10399e-41
-8.10889e-41
-8.11198e-41
-8.11282e-41
-8.11184e-41
-8.10875e-41
-8.10385e-41
-8.09684e-41
-8.08815e-41
-8.07764e-41
-8.06545e-41
-8.05144e-41
-8.03575e-41
-8.01837e-41
-7.99917e-41
-7.97815e-41
-7.95545e-41
-7.93093e-41
-7.90472e-41
-7.87698e-41
-7.84769e-41
-7.81714e-41
-7.78533e-41
-7.75212e-41
-7.71751e-41
-7.68178e-41
-7.64464e-41
-7.60625e-41
-7.56687e-41
-7.52651e-41
-7.4849e-41
-7.44216e-41
-7.3983e-41
-7.35331e-41
-7.30735e-41
-7.26027e-41
-7.2122e-41
-7.16316e-41
-7.11327e-41
-7.06282e-41
-7.01126e-41
-6.95885e-41
-6.9056e-41
-6.85165e-41
-6.797e-41
-6.74151e-41
-6.68531e-41
-6.62842e-41
-6.57083e-41
-6.51239e-41
-6.4534e-41
-6.3937e-41
-6.33359e-41
-6.27291e-41
-6.21182e-41
-6.15016e-41
-6.08794e-41
-6.02516e-41
-5.96196e-41
-5.89835e-41
-5.83417e-41
-5.76929e-41
-5.70385e-41
-5.63812e-41
-5.57184e-41
-5.50528e-41
-5.43844e-41
-5.37132e-41
-5.30391e-41
-5.23637e-41
-5.16855e-41
-5.10059e-41
-5.03234e-41
-4.96382e-41
-4.89502e-41
-4.82607e-41
-4.75699e-41
-4.6879e-41
-4.61868e-41
-4.54946e-41
-4.48009e-41
-4.41087e-41
-4.34178e-41
-4.27256e-41
-4.20348e-41
-4.13453e-41
-4.06559e-41
-3.99678e-41
-3.92798e-41
-3.85932e-41
-3.79079e-41
-3.72241e-41
-3.65417e-41
-3.58634e-41
-3.51838e-41
-3.4507e-41
-3.3833e-41
-3.31617e-41
-3.24919e-41
-3.18235e-41
-3.11565e-41
-3.04909e-41
-2.9828e-41
-2.91666e-41
-2.85094e-41
-2.7855e-41
-2.72034e-41
-2.6556e-41
-2.59128e-41
-2.52752e-41
-2.46418e-41
-2.40127e-41
-2.33877e-41
-2.27683e-41
-2.21545e-41
-2.15464e-41
-2.09438e-41
-2.03455e-41
-1.97513e-41
-1.91642e-41
-1.85812e-41
-1.80011e-41
-1.74237e-41
-1.68534e-41
-1.62873e-41
-1.57268e-41
-1.51733e-41
-1.4624e-41
-1.40774e-41
-1.35351e-41
-1.29956e-41
-1.24589e-41
-1.19265e-41
-1.13982e-41
-1.08755e-41
-1.0357e-41
-9.84412e-42
-9.33545e-42
-8.83519e-42
-8.34053e-42
-7.85007e-42
-7.36522e-42
-6.88598e-42
-6.41374e-42
-5.94851e-42
-5.48889e-42
-5.03767e-42
-4.59065e-42
-4.15065e-42
-3.71905e-42
-3.29445e-42
-2.87687e-42
-2.46488e-42
-2.05991e-42
-1.65914e-42
-1.26397e-42
-8.7441e-43
-4.87652e-43
-1.05097e-43
2.71852e-43
6.41795e-43
1.00613e-42
1.36206e-42
1.71099e-42
2.0543e-42
2.39342e-42
2.72553e-42
3.05203e-42
3.37152e-42
3.68541e-42
3.9923e-42
4.29358e-42
4.58645e-42
4.87652e-42
5.16098e-42
5.43984e-42
5.71309e-42
5.97934e-42
6.24138e-42
6.49782e-42
6.74865e-42
6.99388e-42
7.2321e-42
7.46332e-42
7.68892e-42
7.90893e-42
8.12473e-42
8.33632e-42
8.54091e-42
8.7413e-42
8.93608e-42
9.12666e-42
9.31303e-42
9.4952e-42
9.67036e-42
9.83992e-42
1.00025e-41
1.01622e-41
1.03192e-41
1.04733e-41
1.06204e-41
1.07606e-41
1.08965e-41
1.10282e-41
1.11557e-41
1.12791e-41
1.13982e-41
1.15117e-41
1.16224e-41
1.17303e-41
1.18354e-41
1.19363e-41
1.20344e-41
1.21268e-41
1.22165e-41
1.23048e-41
1.23889e-41
1.24688e-41
1.25444e-41
1.26159e-41
1.26832e-41
1.27462e-41
1.28051e-41
1.28583e-41
1.2906e-41
1.29466e-41
1.2983e-41
1.30167e-41
1.30475e-41
1.30741e-41
1.30965e-41
1.31176e-41
1.31344e-41
1.31484e-41
1.31582e-41
1.3161e-41
1.31582e-41
1.31526e-41
1.314e-41
1.31232e-41
1.31049e-41
1.30839e-41
1.30601e-41
1.30321e-41
1.30026e-41
1.2969e-41
1.2934e-41
1.28961e-41
1.28541e-41
1.28093e-41
1.2763e-41
1.27126e-41
1.26621e-41
1.26075e-41
1.255e-41
1.24898e-41
1.24281e-41
1.23637e-41
1.22964e-41
1.22305e-41
1.21633e-41
1.20946e-41
1.20259e-41
1.19545e-41
1.18802e-41
1.18031e-41
1.17247e-41
1.16448e-41
1.15649e-41
1.14822e-41
1.13982e-41
1.13141e-41
1.12258e-41
1.11347e-41
1.10408e-41
1.09455e-41
1.08489e-41
1.07508e-41
1.06513e-41
1.05518e-41
1.04495e-41
1.03458e-41
1.02435e-41
1.0144e-41
1.00445e-41
9.94502e-42
9.84412e-42
9.74603e-42
9.64794e-42
9.55125e-42
9.45316e-42
9.35507e-42
9.25418e-42
9.15328e-42
9.05099e-42
8.94869e-42
8.8478e-42
8.74691e-42
8.64601e-42
8.54512e-42
8.44282e-42
8.33913e-42
8.23543e-42
8.13033e-42
8.02524e-42
7.92154e-42
7.81925e-42
7.71835e-42
7.61746e-42
7.51656e-42
7.41427e-42
7.31338e-42
7.21248e-42
7.11159e-42
7.00929e-42
6.9084e-42
6.80611e-42
6.70521e-42
6.60292e-42
6.50062e-42
6.39833e-42
6.29463e-42
6.19094e-42
6.08864e-42
5.98354e-42
5.87705e-42
5.77055e-42
5.66405e-42
5.55755e-42
5.45105e-42
5.34595e-42
5.24226e-42
5.13996e-42
5.03627e-42
4.93117e-42
4.82467e-42
4.71677e-42
4.60887e-42
4.50377e-42
4.40008e-42
4.29778e-42
4.19689e-42
4.096e-42
3.9937e-42
3.89e-42
3.78771e-42
3.68541e-42
3.58452e-42
3.48503e-42
3.38694e-42
3.28745e-42
3.18936e-42
3.08986e-42
2.99037e-42
2.89088e-42
2.79139e-42
2.68909e-42
2.5868e-42
2.4845e-42
2.38641e-42
2.28832e-42
2.19303e-42
2.09774e-42
2.00386e-42
1.90857e-42
1.81188e-42
1.71519e-42
1.6185e-42
1.52181e-42
1.42792e-42
1.33684e-42
1.24575e-42
1.15187e-42
1.05798e-42
9.65495e-43
8.71608e-43
7.77721e-43
6.85235e-43
5.95552e-43
5.08671e-43
4.23192e-43
3.40516e-43
2.60642e-43
1.82169e-43
1.05097e-43
2.8026e-44
-4.76441e-44
-1.20512e-43
-1.93379e-43
-2.62043e-43
-3.29305e-43
-3.95166e-43
-4.61027e-43
-5.25487e-43
-5.89947e-43
-6.51604e-43
-7.1186e-43
-7.72115e-43
-8.3097e-43
-8.88423e-43
-9.43074e-43
-9.94922e-43
-1.04537e-42
-1.09582e-42
-1.14486e-42
-1.1925e-42
-1.23875e-42
-1.28359e-42
-1.32983e-42
-1.37467e-42
-1.42092e-42
-1.46576e-42
-1.5078e-42
-1.54563e-42
-1.58207e-42
-1.6185e-42
-1.65353e-42
-1.68716e-42
-1.7222e-42
-1.75583e-42
-1.79086e-42
-1.82309e-42
-1.85532e-42
-1.88475e-42
-1.91417e-42
-1.945e-42
-1.97163e-42
-1.99685e-42
-2.02207e-42
-2.0459e-42
-2.06972e-42
-2.09354e-42
-2.11596e-42
-2.13698e-42
-2.1566e-42
-2.17482e-42
-2.19303e-42
-2.20985e-42
-2.22526e-42
-2.24208e-42
-2.25609e-42
-2.2687e-42
-2.28131e-42
-2.29252e-42
-2.30373e-42
-2.31354e-42
-2.32475e-42
-2.33316e-42
-2.34157e-42
-2.34858e-42
-2.35558e-42
-2.36399e-42
-2.371e-42
-2.3794e-42
-2.38781e-42
-2.39622e-42
-2.40463e-42
-2.41163e-42
-2.41724e-42
-2.42285e-42
-2.42705e-42
-2.42985e-42
-2.43125e-42
-2.43265e-42
-2.43406e-42
-2.43265e-42
-2.42985e-42
-2.42565e-42
-2.42285e-42
-2.41864e-42
-2.41304e-42
-2.40603e-42
-2.39762e-42
-2.38921e-42
-2.38221e-42
-2.3738e-42
-2.36399e-42
-2.34998e-42
-2.33596e-42
-2.32195e-42
-2.30934e-42
-2.29533e-42
-2.28131e-42
-2.2659e-42
-2.25049e-42
-2.23367e-42
-2.21685e-42
-2.20004e-42
-2.18462e-42
-2.16781e-42
-2.15099e-42
-2.13558e-42
-2.12016e-42
-2.10335e-42
-2.08793e-42
-2.07252e-42
-2.0557e-42
-2.04029e-42
-2.02488e-42
-2.00806e-42
-1.99265e-42
-1.97863e-42
-1.96182e-42
-1.945e-42
-1.92679e-42
-1.90717e-42
-1.88895e-42
-1.86933e-42
-1.84831e-42
-1.82869e-42
-1.80908e-42
-1.78806e-42
-1.76704e-42
-1.74602e-42
-1.7264e-42
-1.70818e-42
-1.68997e-42
-1.67175e-42
-1.65353e-42
-1.63532e-42
-1.6185e-42
-1.60168e-42
-1.58627e-42
-1.57086e-42
-1.55684e-42
-1.54283e-42
-1.52742e-42
-1.5134e-42
-1.49939e-42
-1.48398e-42
-1.46996e-42
-1.45455e-42
-1.43773e-42
-1.42372e-42
-1.4083e-42
-1.39289e-42
-1.37888e-42
-1.36486e-42
-1.34945e-42
-1.33263e-42
-1.31302e-42
-1.292e-42
-1.26958e-42
-1.24716e-42
-1.22473e-42
-1.20231e-42
-1.17989e-42
-1.15607e-42
-1.13225e-42
-1.10983e-42
-1.08601e-42
-1.06218e-42
-1.03976e-42
-1.01874e-42
-9.99126e-43
-9.79508e-43
-9.59889e-43
-9.3887e-43
-9.19252e-43
-8.99634e-43
-8.80015e-43
-8.632e-43
-8.46384e-43
-8.28167e-43
-8.11352e-43
-7.95938e-43
-7.80523e-43
-7.6651e-43
-7.52497e-43
-7.38484e-43
-7.25873e-43
-7.13261e-43
-7.00649e-43
-6.88038e-43
-6.75426e-43
-6.62814e-43
-6.48801e-43
-6.33387e-43
-6.17973e-43
-6.05361e-43
-5.94151e-43
-5.81539e-43
-5.70328e-43
-5.59118e-43
-5.45105e-43
-5.31092e-43
-5.19882e-43
-5.05869e-43
-4.90454e-43
-4.76441e-43
-4.59626e-43
-4.40008e-43
-4.23192e-43
-4.06377e-43
-3.89561e-43
-3.74147e-43
-3.60134e-43
-3.44719e-43
-3.27904e-43
-3.1249e-43
-2.97075e-43
-2.8026e-43
-2.62043e-43
-2.46629e-43
-2.31214e-43
-2.158e-43
-1.98984e-43
-1.84971e-43
-1.70958e-43
-1.56945e-43
-1.42932e-43
-1.28919e-43
-1.14906e-43
-9.94922e-44
-8.54792e-44
-7.14662e-44
-5.74532e-44
-4.34403e-44
-3.08286e-44
-1.82169e-44
-5.60519e-45
5.60519e-45
1.4013e-44
2.24208e-44
3.22299e-44
4.2039e-44
5.04467e-44
5.74532e-44
6.44597e-44
7.28675e-44
8.26766e-44
8.96831e-44
9.66896e-44
1.00893e-43
1.03696e-43
1.09301e-43
1.17709e-43
1.26117e-43
1.33123e-43
1.37327e-43
1.41531e-43
1.47136e-43
1.52742e-43
1.58347e-43
1.63952e-43
1.70958e-43
1.75162e-43
1.79366e-43
1.84971e-43
1.90577e-43
1.96182e-43
2.03188e-43
2.10195e-43
2.17201e-43
2.22806e-43
2.2701e-43
2.31214e-43
2.35418e-43
2.39622e-43
2.45227e-43
2.52234e-43
2.5924e-43
2.64845e-43
2.69049e-43
2.73253e-43
2.77457e-43
2.8026e-43
2.83062e-43
2.85865e-43
2.90069e-43
2.94273e-43
2.98477e-43
3.0268e-43
3.06884e-43
3.11088e-43
3.1249e-43
3.1249e-43
3.11088e-43
3.08286e-43
3.04082e-43
2.99878e-43
2.95674e-43
2.9147e-43
2.85865e-43
2.8026e-43
2.76056e-43
2.71852e-43
2.67648e-43
2.62043e-43
2.55036e-43
2.46629e-43
2.39622e-43
2.32616e-43
2.25609e-43
2.18603e-43
2.10195e-43
2.00386e-43
1.90577e-43
1.79366e-43
1.69557e-43
1.58347e-43
1.48538e-43
1.38729e-43
1.28919e-43
1.1911e-43
1.079e-43
9.52883e-44
8.40779e-44
7.28675e-44
6.30584e-44
5.32493e-44
4.34403e-44
3.36312e-44
2.38221e-44
1.68156e-44
8.40779e-45
1.4013e-45
-7.00649e-45
-1.54143e-44
-2.24208e-44
-3.08286e-44
-3.92364e-44
-4.76441e-44
-5.60519e-44
-6.30584e-44
-7.00649e-44
-7.56701e-44
-8.12753e-44
-8.54792e-44
-9.10844e-44
-9.80909e-44
-1.03696e-43
-1.079e-43
-1.13505e-43
-1.20512e-43
-1.26117e-43
-1.28919e-43
-1.30321e-43
-1.30321e-43
-1.28919e-43
-1.26117e-43
-1.23314e-43
-1.21913e-43
-1.20512e-43
-1.17709e-43
-1.13505e-43
-1.09301e-43
-1.05097e-43
-1.00893e-43
-9.66896e-44
-9.24857e-44
-8.68805e-44
-7.84727e-44
-7.14662e-44
-6.5861e-44
-5.88545e-44
-5.1848e-44
-4.62428e-44
-3.92364e-44
-3.22299e-44
-2.52234e-44
-1.96182e-44
-1.4013e-44
-8.40779e-45
-4.2039e-45
1.4013e-45
7.00649e-45
1.26117e-44
1.68156e-44
2.24208e-44
2.94273e-44
3.50325e-44
3.92364e-44
4.34403e-44
4.76441e-44
5.1848e-44
5.60519e-44
6.02558e-44
6.44597e-44
6.72623e-44
6.86636e-44
6.86636e-44
6.72623e-44
6.44597e-44
6.02558e-44
5.74532e-44
5.60519e-44
5.60519e-44
5.74532e-44
6.02558e-44
6.44597e-44
6.86636e-44
7.28675e-44
7.70714e-44
7.9874e-44
7.9874e-44
7.84727e-44
7.84727e-44
7.9874e-44
8.12753e-44
8.26766e-44
8.40779e-44
8.54792e-44
8.68805e-44
8.82818e-44
8.96831e-44
8.96831e-44
8.82818e-44
8.68805e-44
8.54792e-44
8.40779e-44
8.26766e-44
8.12753e-44
7.9874e-44
7.84727e-44
7.84727e-44
7.9874e-44
7.9874e-44
7.84727e-44
7.70714e-44
7.56701e-44
7.28675e-44
7.00649e-44
6.72623e-44
6.44597e-44
6.16571e-44
5.88545e-44
5.74532e-44
5.74532e-44
5.74532e-44
5.74532e-44
5.74532e-44
5.74532e-44
5.74532e-44
5.74532e-44
5.74532e-44
5.74532e-44
5.74532e-44
5.88545e-44
6.16571e-44
6.44597e-44
6.72623e-44
6.72623e-44
6.5861e-44
6.30584e-44
5.88545e-44
5.46506e-44
5.04467e-44
4.34403e-44
3.64338e-44
2.94273e-44
2.24208e-44
1.54143e-44
8.40779e-45
2.8026e-45
-4.2039e-45
-1.12104e-44
-1.68156e-44
-2.24208e-44
-2.8026e-44
-3.08286e-44
-3.22299e-44
-3.22299e-44
-2.94273e-44
-2.52234e-44
-2.10195e-44
-1.68156e-44
-1.26117e-44
-8.40779e-45
-4.2039e-45
0
4.2039e-45
8.40779e-45
1.26117e-44
1.54143e-44
1.82169e-44
2.24208e-44
2.66247e-44
2.94273e-44
3.08286e-44
3.08286e-44
2.8026e-44
2.38221e-44
1.96182e-44
1.4013e-44
8.40779e-45
4.2039e-45
0
-4.2039e-45
-8.40779e-45
-1.4013e-44
-1.82169e-44
-2.24208e-44
-2.66247e-44
-2.94273e-44
-3.08286e-44
-3.08286e-44
-3.08286e-44
-2.94273e-44
-2.66247e-44
-2.24208e-44
-1.82169e-44
-1.26117e-44
-7.00649e-45
-2.8026e-45
2.8026e-45
8.40779e-45
1.4013e-44
1.82169e-44
2.24208e-44
2.66247e-44
3.08286e-44
3.36312e-44
3.50325e-44
3.64338e-44
3.78351e-44
3.92364e-44
4.06377e-44
4.34403e-44
4.62428e-44
4.76441e-44
4.76441e-44
4.62428e-44
4.2039e-44
3.78351e-44
3.36312e-44
2.8026e-44
2.24208e-44
1.68156e-44
1.12104e-44
5.60519e-45
1.4013e-45
-4.2039e-45
-9.80909e-45
-1.4013e-44
-1.68156e-44
-1.96182e-44
-2.24208e-44
-2.52234e-44
-2.94273e-44
-3.22299e-44
-3.36312e-44
-3.36312e-44
-3.36312e-44
-3.22299e-44
-3.08286e-44
-2.8026e-44
-2.24208e-44
-1.68156e-44
-1.12104e-44
-5.60519e-45
-1.4013e-45
2.8026e-45
8.40779e-45
1.4013e-44
1.82169e-44
2.24208e-44
2.66247e-44
2.94273e-44
3.08286e-44
3.22299e-44
3.22299e-44
3.08286e-44
2.8026e-44
2.38221e-44
1.82169e-44
1.26117e-44
7.00649e-45
1.4013e-45
-4.2039e-45
-9.80909e-45
-1.4013e-44
-1.68156e-44
-1.96182e-44
-2.38221e-44
-2.8026e-44
-3.08286e-44
-3.22299e-44
-3.22299e-44
-3.08286e-44
-2.8026e-44
-2.52234e-44
-2.24208e-44
-1.96182e-44
-1.68156e-44
-1.4013e-44
-9.80909e-45
-5.60519e-45
-1.4013e-45
4.2039e-45
9.80909e-45
1.4013e-44
1.68156e-44
1.96182e-44
2.24208e-44
2.66247e-44
2.94273e-44
3.08286e-44
3.08286e-44
2.94273e-44
2.66247e-44
2.24208e-44
1.96182e-44
1.68156e-44
1.4013e-44
1.12104e-44
8.40779e-45
5.60519e-45
2.8026e-45
0
-4.2039e-45
-8.40779e-45
-1.26117e-44
-1.54143e-44
-1.82169e-44
-2.10195e-44
-2.52234e-44
-2.94273e-44
-3.22299e-44
-3.36312e-44
-3.36312e-44
-3.36312e-44
-3.36312e-44
-3.50325e-44
-3.64338e-44
-3.78351e-44
-3.92364e-44
-4.06377e-44
-4.06377e-44
-4.06377e-44
-4.06377e-44
-3.92364e-44
-3.78351e-44
-3.64338e-44
-3.50325e-44
-3.36312e-44
-3.22299e-44
-2.94273e-44
-2.52234e-44
-2.10195e-44
-1.68156e-44
-1.26117e-44
-8.40779e-45
-5.60519e-45
-1.4013e-45
2.8026e-45
7.00649e-45
1.12104e-44
1.4013e-44
1.54143e-44
1.68156e-44
1.82169e-44
1.82169e-44
1.82169e-44
1.82169e-44
1.82169e-44
1.82169e-44
1.82169e-44
1.68156e-44
1.54143e-44
1.4013e-44
1.26117e-44
1.12104e-44
9.80909e-45
8.40779e-45
5.60519e-45
2.8026e-45
0
-2.8026e-45
-5.60519e-45
-7.00649e-45
-8.40779e-45
-9.80909e-45
-8.40779e-45
-7.00649e-45
-5.60519e-45
-4.2039e-45
-2.8026e-45
-1.4013e-45
1.4013e-45
4.2039e-45
7.00649e-45
9.80909e-45
1.12104e-44
1.12104e-44
1.12104e-44
1.26117e-44
1.4013e-44
1.54143e-44
1.68156e-44
1.82169e-44
1.82169e-44
1.82169e-44
1.82169e-44
1.68156e-44
1.54143e-44
1.4013e-44
1.26117e-44
1.12104e-44
9.80909e-45
7.00649e-45
4.2039e-45
1.4013e-45
-1.4013e-45
-4.2039e-45
-7.00649e-45
-9.80909e-45
-1.26117e-44
-1.4013e-44
-1.54143e-44
-1.68156e-44
-1.82169e-44
-1.82169e-44
-1.82169e-44
-1.82169e-44
-1.68156e-44
-1.54143e-44
-1.4013e-44
-1.26117e-44
-1.12104e-44
-9.80909e-45
-7.00649e-45
-4.2039e-45
-1.4013e-45
1.4013e-45
4.2039e-45
7.00649e-45
9.80909e-45
1.26117e-44
1.4013e-44
1.54143e-44
1.68156e-44
1.82169e-44
1.82169e-44
1.82169e-44
1.82169e-44
1.68156e-44
1.54143e-44
1.4013e-44
1.26117e-44
1.12104e-44
9.80909e-45
7.00649e-45
4.2039e-45
1.4013e-45
-1.4013e-45
-4.2039e-45
-7.00649e-45
-9.80909e-45
-1.26117e-44
-1.4013e-44
-1.54143e-44
-1.68156e-44
-1.82169e-44
-1.82169e-44
-1.82169e-44
-1.82169e-44
-1.68156e-44
-1.54143e-44
-1.4013e-44
-1.26117e-44
-1.12104e-44
-9.80909e-45
-7.00649e-45
-4.2039e-45
-1.4013e-45
1.4013e-45
4.2039e-45
7.00649e-45
9.80909e-45
1.26117e-44
1.4013e-44
1.54143e-44
1.68156e-44
1.82169e-44
1.82169e-44
1.82169e-44
1.82169e-44
1.68156e-44
1.54143e-44
1.4013e-44
1.26117e-44
1.12104e-44
9.80909e-45
7.00649e-45
4.2039e-45
1.4013e-45
-1.4013e-45
-4.2039e-45
-7.00649e-45
-9.80909e-45
-1.26117e-44
-1.4013e-44
-1.54143e-44
-1.68156e-44
-1.82169e-44
-1.82169e-44
-1.82169e-44
-1.82169e-44
-1.68156e-44
-1.54143e-44
-1.4013e-44
-1.26117e-44
-1.12104e-44
-9.80909e-45
-7.00649e-45
-4.2039e-45
-1.4013e-45
1.4013e-45
4.2039e-45
7.00649e-45
9.80909e-45
1.26117e-44
1.4013e-44
1.54143e-44
1.68156e-44
1.82169e-44
1.82169e-44
1.82169e-44
1.82169e-44
1.68156e-44
1.54143e-44
1.4013e-44
1.26117e-44
1.12104e-44
9.80909e-45
7.00649e-45
4.2039e-45
1.4013e-45
-1.4013e-45
-4.2039e-45
-7.00649e-45
-9.80909e-45
-1.26117e-44
-1.4013e-44
-1.54143e-44
-1.68156e-44
-1.82169e-44
-1.82169e-44
-1.82169e-44
-1.82169e-44
-1.68156e-44
-1.54143e-44
-1.4013e-44
-1.26117e-44
-1.12104e-44
-9.80909e-45
-7.00649e-45
-4.2039e-45
-1.4013e-45
1.4013e-45
4.2039e-45
7.00649e-45
9.80909e-45
1.26117e-44
1.4013e-44
1.54143e-44
1.68156e-44
1.82169e-44
1.82169e-44
1.82169e-44
1.82169e-44
1.68156e-44
1.54143e-44
1.4013e-44
1.26117e-44
1.12104e-44
9.80909e-45
7.00649e-45
4.2039e-45
1.4013e-45
-1.4013e-45
-4.2039e-45
-7.00649e-45
-9.80909e-45
-1.26117e-44
-1.4013e-44
-1.54143e-44
-1.68156e-44
-1.82169e-44
-1.82169e-44
-1.82169e-44
-1.82169e-44
-1.68156e-44
-1.54143e-44
-1.4013e-44
-1.26117e-44
-1.12104e-44
-9.80909e-45
-7.00649e-45
-4.2039e-45
-1.4013e-45
1.4013e-45
4.2039e-45
7.00649e-45
9.80909e-45
1.26117e-44
1.4013e-44
1.54143e-44
1.68156e-44
1.82169e-44
1.82169e-44
1.82169e-44
1.82169e-44
1.68156e-44
1.54143e-44
1.4013e-44
1.26117e-44
1.12104e-44
9.80909e-45
7.00649e-45
4.2039e-45
1.4013e-45
-1.4013e-45
-4.2039e-45
-7.00649e-45
-9.80909e-45
-1.26117e-44
-1.4013e-44
-1.54143e-44
-1.68156e-44
-1.82169e-44
-1.82169e-44
-1.82169e-44
-1.82169e-44
-1.68156e-44
-1.54143e-44
-1.4013e-44
-1.26117e-44
-1.12104e-44
-9.80909e-45
-7.00649e-45
-4.2039e-45
-1.4013e-45
1.4013e-45
4.2039e-45
7.00649e-45
9.80909e-45
1.26117e-44
1.4013e-44
1.54143e-44
1.68156e-44
1.82169e-44
1.82169e-44
1.82169e-44
1.82169e-44
1.68156e-44
1.54143e-44
1.4013e-44
1.26117e-44
1.12104e-44
9.80909e-45
7.00649e-45
4.2039e-45
1.4013e-45
-1.4013e-45
-4.2039e-45
-7.00649e-45
-9.80909e-45
-1.26117e-44
-1.4013e-44
-1.54143e-44
-1.68156e-44
-1.82169e-44
-1.82169e-44
-1.82169e-44
-1.82169e-44
-1.68156e-44
-1.54143e-44
-1.4013e-44
-1.26117e-44
-1.12104e-44
-9.80909e-45
-7.00649e-45
-4.2039e-45
-1.4013e-45
1.4013e-45
4.2039e-45
7.00649e-45
9.80909e-45
1.26117e-44
1.4013e-44
1.54143e-44
1.68156e-44
1.82169e-44
1.82169e-44
1.82169e-44
1.82169e-44
1.68156e-44
1.54143e-44
1.4013e-44
1.26117e-44
1.12104e-44
9.80909e-45
7.00649e-45
4.2039e-45
1.4013e-45
-1.4013e-45
-4.2039e-45
-7.00649e-45
-9.80909e-45
-1.26117e-44
-1.4013e-44
-1.54143e-44
-1.68156e-44
-1.82169e-44
-1.82169e-44
-1.82169e-44
-1.82169e-44
-1.68156e-44
-1.54143e-44
-1.4013e-44
-1.26117e-44
-1.12104e-44
-9.80909e-45
-7.00649e-45
-4.2039e-45
-1.4013e-45
1.4013e-45
4.2039e-45
7.00649e-45
9.80909e-45
1.26117e-44
1.4013e-44
1.54143e-44
1.68156e-44
1.82169e-44
1.82169e-44
1.82169e-44
1.82169e-44
1.68156e-44
1.54143e-44
1.4013e-44
1.26117e-44
1.12104e-44
9.80909e-45
7.00649e-45
4.2039e-45
1.4013e-45
-1.4013e-45
-4.2039e-45
-7.00649e-45
-9.80909e-45
-1.26117e-44
-1.4013e-44
-1.54143e-44
-1.68156e-44
-1.82169e-44
-1.82169e-44
-1.82169e-44
-1.82169e-44
-1.68156e-44
-1.54143e-44
-1.4013e-44
-1.26117e-44
-1.12104e-44
-9.80909e-45
-7.00649e-45
-4.2039e-45
-1.4013e-45
1.4013e-45
4.2039e-45
7.00649e-45
9.80909e-45
1.26117e-44
1.4013e-44
1.54143e-44
1.68156e-44
1.82169e-44
1.82169e-44
1.82169e-44
1.82169e-44
1.68156e-44
1.54143e-44
1.4013e-44
1.26117e-44
1.12104e-44
9.80909e-45
7.00649e-45
4.2039e-45
1.4013e-45
-1.4013e-45
-4.2039e-45
-7.00649e-45
-9.80909e-45
-1.26117e-44
-1.4013e-44
-1.54143e-44
-1.68156e-44
-1.82169e-44
-1.82169e-44
-1.82169e-44
-1.82169e-44
-1.68156e-44
-1.54143e-44
-1.4013e-44
-1.26117e-44
-1.12104e-44
-9.80909e-45
-7.00649e-45
-4.2039e-45
-1.4013e-45
1.4013e-45
4.2039e-45
7.00649e-45
9.80909e-45
1.26117e-44
1.4013e-44
1.54143e-44
1.68156e-44
1.82169e-44
1.82169e-44
1.82169e-44
1.82169e-44
1.68156e-44
1.54143e-44
1.4013e-44
1.26117e-44
1.12104e-44
9.80909e-45
7.00649e-45
4.2039e-45
1.4013e-45
-1.4013e-45
-4.2039e-45
-7.00649e-45
-9.80909e-45
-1.26117e-44
-1.4013e-44
-1.54143e-44
-1.68156e-44
-1.82169e-44
-1.82169e-44
-1.82169e-44
-1.82169e-44
-1.68156e-44
-1.54143e-44
-1.4013e-44
-1.26117e-44
-1.12104e-44
-9.80909e-45
-7.00649e-45
-4.2039e-45
-1.4013e-45
1.4013e-45
4.2039e-45
7.00649e-45
9.80909e-45
1.26117e-44
1.4013e-44
1.54143e-44
1.68156e-44
1.82169e-44
1.82169e-44
1.82169e-44
1.82169e-44
1.68156e-44
1.54143e-44
1.4013e-44
1.26117e-44
1.12104e-44
9.80909e-45
7.00649e-45
4.2039e-45
1.4013e-45
-1.4013e-45
-4.2039e-45
-7.00649e-45
-9.80909e-45
-1.26117e-44
-1.4013e-44
-1.54143e-44
-1.68156e-44
-1.82169e-44
-1.82169e-44
-1.82169e-44
-1.82169e-44
-1.68156e-44
-1.54143e-44
-1.4013e-44
-1.26117e-44
-1.12104e-44
-9.80909e-45
-7.00649e-45
-4.2039e-45
-1.4013e-45
1.4013e-45
4.2039e-45
7.00649e-45
9.80909e-45
1.26117e-44
1.4013e-44
1.54143e-44
1.68156e-44
1.82169e-44
1.82169e-44
1.82169e-44
1.82169e-44
1.68156e-44
1.54143e-44
1.4013e-44
1.26117e-44
1.12104e-44
9.80909e-45
7.00649e-45
4.2039e-45
1.4013e-45
-1.4013e-45
-4.2039e-45
-7.00649e-45
-9.80909e-45
-1.26117e-44
-1.4013e-44
-1.54143e-44
-1.68156e-44
-1.82169e-44
-1.82169e-44
-1.82169e-44
-1.82169e-44
-1.68156e-44
-1.54143e-44
-1.4013e-44
-1.26117e-44
-1.12104e-44
-9.80909e-45
-7.00649e-45
-4.2039e-45
-1.4013e-45
1.4013e-45
4.2039e-45
7.00649e-45
9.80909e-45
1.26117e-44
1.4013e-44
1.54143e-44
1.68156e-44
1.82169e-44
1.82169e-44
1.82169e-44
1.82169e-44
1.68156e-44
1.54143e-44
1.4013e-44
1.26117e-44
1.12104e-44
9.80909e-45
7.00649e-45
4.2039e-45
1.4013e-45
-1.4013e-45
-4.2039e-45
-7.00649e-45
-9.80909e-45
-1.26117e-44
-1.4013e-44
-1.54143e-44
-1.68156e-44
-1.82169e-44
-1.82169e-44
-1.82169e-44
-1.82169e-44
-1.68156e-44
-1.54143e-44
-1.4013e-44
-1.26117e-44
-1.12104e-44
-9.80909e-45
-7.00649e-45
-4.2039e-45
-1.4013e-45
1.4013e-45
4.2039e-45
7.00649e-45
9.80909e-45
1.26117e-44
1.4013e-44
1.54143e-44
1.68156e-44
1.82169e-44
1.82169e-44
1.82169e-44
1.82169e-44
1.68156e-44
1.54143e-44
1.4013e-44
1.26117e-44
1.12104e-44
9.80909e-45
7.00649e-45
4.2039e-45
1.4013e-45
-1.4013e-45
-4.2039e-45
-7.00649e-45
-9.80909e-45
-1.26117e-44
-1.4013e-44
-1.54143e-44
-1.68156e-44
-1.82169e-44
-1.82169e-44
-1.82169e-44
-1.82169e-44
-1.68156e-44
-1.54143e-44
-1.4013e-44
-1.26117e-44
-1.12104e-44
-9.80909e-45
-7.00649e-45
-4.2039e-45
-1.4013e-45
1.4013e-45
4.2039e-45
7.00649e-45
9.80909e-45
1.26117e-44
1.4013e-44
1.54143e-44
1.68156e-44
1.82169e-44
1.82169e-44
1.82169e-44
1.82169e-44
1.68156e-44
1.54143e-44
1.4013e-44
1.26117e-44
1.12104e-44
9.80909e-45
7.00649e-45
4.2039e-45
1.4013e-45
-1.4013e-45
-4.2039e-45
-7.00649e-45
-9.80909e-45
-1.26117e-44
-1.4013e-44
-1.54143e-44
-1.68156e-44
-1.82169e-44
-1.82169e-44
-1.82169e-44
-1.82169e-44
-1.68156e-44
-1.54143e-44
-1.4013e-44
-1.26117e-44
-1.12104e-44
-9.80909e-45
-7.00649e-45
-4.2039e-45
-1.4013e-45
1.4013e-45
4.2039e-45
7.00649e-45
9.80909e-45
1.26117e-44
1.4013e-44
1.54143e-44
1.68156e-44
1.82169e-44
1.82169e-44
1.82169e-44
1.82169e-44
1.68156e-44
1.54143e-44
1.4013e-44
1.26117e-44
1.12104e-44
9.80909e-45
7.00649e-45
4.2039e-45
1.4013e-45
-1.4013e-45
-4.2039e-45
-7.00649e-45
-9.80909e-45
-1.26117e-44
-1.4013e-44
-1.54143e-44
-1.68156e-44
-1.82169e-44
-1.82169e-44
-1.82169e-44
-1.82169e-44
-1.68156e-44
-1.54143e-44
-1.4013e-44
-1.26117e-44
-1.12104e-44
-9.80909e-45
-7.00649e-45
-4.2039e-45
-1.4013e-45
1.4013e-45
4.2039e-45
7.00649e-45
9.80909e-45
1.26117e-44
1.4013e-44
1.54143e-44
1.68156e-44
1.82169e-44
1.82169e-44
1.82169e-44
1.82169e-44
1.68156e-44
1.54143e-44
1.4013e-44
1.26117e-44
1.12104e-44
9.80909e-45
7.00649e-45
4.2039e-45
1.4013e-45
-1.4013e-45
-4.2039e-45
-7.00649e-45
-9.80909e-45
-1.26117e-44
-1.4013e-44
-1.54143e-44
-1.68156e-44
-1.82169e-44
-1.82169e-44
-1.82169e-44
-1.82169e-44
-1.68156e-44
-1.54143e-44
-1.4013e-44
-1.26117e-44
-1.12104e-44
-9.80909e-45
-7.00649e-45
-4.2039e-45
-1.4013e-45
1.4013e-45
4.2039e-45
7.00649e-45
9.80909e-45
1.26117e-44
1.4013e-44
1.54143e-44
1.68156e-44
1.82169e-44
1.82169e-44
1.82169e-44
1.82169e-44
1.68156e-44
1.54143e-44
1.4013e-44
1.26117e-44
1.12104e-44
9.80909e-45
7.00649e-45
4.2039e-45
1.4013e-45
-1.4013e-45
-4.2039e-45
-7.00649e-45
-9.80909e-45
-1.26117e-44
-1.4013e-44
-1.54143e-44
-1.68156e-44
-1.82169e-44
-1.82169e-44
-1.82169e-44
-1.82169e-44
-1.68156e-44
-1.54143e-44
-1.4013e-44
-1.26117e-44
-1.12104e-44
-9.80909e-45
-7.00649e-45
-4.2039e-45
-1.4013e-45
1.4013e-45
4.2039e-45
7.00649e-45
9.80909e-45
1.26117e-44
1.4013e-44
1.54143e-44
1.68156e-44
1.82169e-44
1.82169e-44
1.82169e-44
1.82169e-44
1.68156e-44
1.54143e-44
1.4013e-44
1.26117e-44
1.12104e-44
9.80909e-45
7.00649e-45
4.2039e-45
1.4013e-45
-1.4013e-45
-4.2039e-45
-7.00649e-45
-9.80909e-45
-1.26117e-44
-1.4013e-44
-1.54143e-44
-1.68156e-44
-1.82169e-44
-1.82169e-44
-1.82169e-44
-1.82169e-44
-1.68156e-44
-1.54143e-44
-1.4013e-44
-1.26117e-44
-1.12104e-44
-9.80909e-45
-7.00649e-45
-4.2039e-45
-1.4013e-45
1.4013e-45
4.2039e-45
7.00649e-45
9.80909e-45
1.26117e-44
1.4013e-44
1.54143e-44
1.68156e-44
1.82169e-44
1.82169e-44
1.82169e-44
1.82169e-44
1.68156e-44
1.54143e-44
1.4013e-44
1.26117e-44
1.12104e-44
9.80909e-45
7.00649e-45
4.2039e-45
1.4013e-45
-1.4013e-45
-4.2039e-45
-7.00649e-45
-9.80909e-45
-1.26117e-44
-1.4013e-44
-1.54143e-44
-1.68156e-44
-1.82169e-44
-1.82169e-44
-1.82169e-44
-1.82169e-44
-1.68156e-44
-1.54143e-44
-1.4013e-44
-1.26117e-44
-1.12104e-44
-9.80909e-45
-7.00649e-45
-4.2039e-45
-1.4013e-45
1.4013e-45
4.2039e-45
7.00649e-45
9.80909e-45
1.26117e-44
1.4013e-44
1.54143e-44
1.68156e-44
1.82169e-44
1.82169e-44
1.82169e-44
1.82169e-44
1.68156e-44
1.54143e-44
1.4013e-44
1.26117e-44
1.12104e-44
9.80909e-45
7.00649e-45
4.2039e-45
1.4013e-45
-1.4013e-45
-4.2039e-45
-7.00649e-45
-9.80909e-45
-1.26117e-44
-1.4013e-44
-1.54143e-44
-1.68156e-44
-1.82169e-44
-1.82169e-44
-1.82169e-44
-1.82169e-44
-1.68156e-44
-1.54143e-44
-1.4013e-44
-1.26117e-44
-1.12104e-44
-9.80909e-45
-7.00649e-45
-4.2039e-45
-1.4013e-45
1.4013e-45
4.2039e-45
7.00649e-45
9.80909e-45
1.26117e-44
1.4013e-44
1.54143e-44
1.68156e-44
1.82169e-44
1.82169e-44
1.82169e-44
1.82169e-44
1.68156e-44
1.54143e-44
1.4013e-44
1.26117e-44
1.12104e-44
9.80909e-45
7.00649e-45
4.2039e-45
1.4013e-45
-1.4013e-45
-4.2039e-45
-7.00649e-45
-9.80909e-45
-1.26117e-44
-1.4013e-44
-1.54143e-44
-1.68156e-44
-1.82169e-44
-1.82169e-44
-1.82169e-44
-1.82169e-44
-1.68156e-44
-1.54143e-44
-1.4013e-44
-1.26117e-44
-1.12104e-44
-9.80909e-45
-7.00649e-45
-4.2039e-45
-1.4013e-45
1.4013e-45
4.2039e-45
7.00649e-45
9.80909e-45
1.26117e-44
1.4013e-44
1.54143e-44
1.68156e-44
1.82169e-44
1.82169e-44
1.82169e-44
1.82169e-44
1.68156e-44
1.54143e-44
1.4013e-44
1.26117e-44
1.12104e-44
9.80909e-45
7.00649e-45
4.2039e-45
1.4013e-45
-1.4013e-45
-4.2039e-45
-7.00649e-45
-9.80909e-45
-1.26117e-44
-1.4013e-44
-1.54143e-44
-1.68156e-44
-1.82169e-44
-1.82169e-44
-1.82169e-44
-1.82169e-44
-1.68156e-44
-1.54143e-44
-1.4013e-44
-1.26117e-44
-1.12104e-44
-9.80909e-45
-7.00649e-45
-4.2039e-45
-1.4013e-45
1.4013e-45
4.2039e-45
7.00649e-45
9.80909e-45
1.26117e-44
1.4013e-44
1.54143e-44
1.68156e-44
1.82169e-44
1.82169e-44
1.82169e-44
1.82169e-44
1.68156e-44
1.54143e-44
1.4013e-44
1.26117e-44
1.12104e-44
9.80909e-45
7.00649e-45
4.2039e-45
1.4013e-45
-1.4013e-45
-4.2039e-45
-7.00649e-45
-9.80909e-45
-1.26117e-44
-1.4013e-44
-1.54143e-44
-1.68156e-44
-1.82169e-44
-1.82169e-44
-1.82169e-44
-1.82169e-44
-1.68156e-44
-1.54143e-44
-1.4013e-44
-1.26117e-44
-1.12104e-44
-9.80909e-45
-7.00649e-45
-4.2039e-45
-1.4013e-45
1.4013e-45
4.2039e-45
7.00649e-45
9.80909e-45
1.26117e-44
1.4013e-44
1.54143e-44
1.68156e-44
1.82169e-44
1.82169e-44
1.82169e-44
1.82169e-44
1.68156e-44
1.54143e-44
1.4013e-44
1.26117e-44
1.12104e-44
9.80909e-45
7.00649e-45
4.2039e-45
1.4013e-45
-1.4013e-45
-4.2039e-45
-7.00649e-45
-9.80909e-45
-1.26117e-44
-1.4013e-44
-1.54143e-44
-1.68156e-44
-1.82169e-44
-1.82169e-44
-1.82169e-44
-1.82169e-44
-1.68156e-44
-1.54143e-44
-1.4013e-44
-1.26117e-44
-1.12104e-44
-9.80909e-45
-7.00649e-45
-4.2039e-45
-1.4013e-45
1.4013e-45
4.2039e-45
7.00649e-45
9.80909e-45
1.26117e-44
1.4013e-44
1.54143e-44
1.68156e-44
1.82169e-44
1.82169e-44
1.82169e-44
1.82169e-44
1.68156e-44
1.54143e-44
1.4013e-44
1.26117e-44
1.12104e-44
9.80909e-45
7.00649e-45
4.2039e-45
1.4013e-45
-1.4013e-45
-4.2039e-45
-7.00649e-45
-9.80909e-45
-1.26117e-44
-1.4013e-44
-1.54143e-44
-1.68156e-44
-1.82169e-44
-1.82169e-44
-1.82169e-44
-1.82169e-44
-1.68156e-44
-1.54143e-44
-1.4013e-44
-1.26117e-44
-1.12104e-44
-9.80909e-45
-7.00649e-45
-4.2039e-45
-1.4013e-45
1.4013e-45
4.2039e-45
7.00649e-45
9.80909e-45
1.26117e-44
1.4013e-44
1.54143e-44
1.68156e-44
1.82169e-44
1.82169e-44
1.82169e-44
1.82169e-44
1.68156e-44
1.54143e-44
1.4013e-44
1.26117e-44
1.12104e-44
9.80909e-45
7.00649e-45
4.2039e-45
1.4013e-45
-1.4013e-45
-4.2039e-45
-7.00649e-45
-9.80909e-45
-1.26117e-44
-1.4013e-44
-1.54143e-44
-1.68156e-44
-1.82169e-44
-1.82169e-44
-1.82169e-44
-1.82169e-44
-1.68156e-44
-1.54143e-44
-1.4013e-44
-1.26117e-44
-1.12104e-44
-9.80909e-45
-7.00649e-45
-4.2039e-45
-1.4013e-45
1.4013e-45
4.2039e-45
7.00649e-45
9.80909e-45
1.26117e-44
1.4013e-44
1.54143e-44
1.68156e-44
1.82169e-44
1.82169e-44
1.82169e-44
1.82169e-44
1.68156e-44
1.54143e-44
1.4013e-44
1.26117e-44
1.12104e-44
9.80909e-45
7.00649e-45
4.2039e-45
1.4013e-45
-1.4013e-45
-4.2039e-45
-7.00649e-45
-9.80909e-45
-1.26117e-44
-1.4013e-44
-1.54143e-44
-1.68156e-44
-1.82169e-44
-1.82169e-44
-1.82169e-44
-1.82169e-44
-1.68156e-44
-1.54143e-44
-1.4013e-44
-1.26117e-44
-1.12104e-44
-9.80909e-45
-7.00649e-45
-4.2039e-45
-1.4013e-45
1.4013e-45
4.2039e-45
7.00649e-45
9.80909e-45
1.26117e-44
1.4013e-44
1.54143e-44
1.68156e-44
1.82169e-44
1.82169e-44
1.82169e-44
1.82169e-44
1.68156e-44
1.54143e-44
1.4013e-44
1.26117e-44
1.12104e-44
9.80909e-45
7.00649e-45
4.2039e-45
1.4013e-45
-1.4013e-45
-4.2039e-45
-7.00649e-45
-9.80909e-45
-1.26117e-44
-1.4013e-44
-1.54143e-44
-1.68156e-44
-1.82169e-44
-1.82169e-44
-1.82169e-44
-1.82169e-44
-1.68156e-44
-1.54143e-44
-1.4013e-44
-1.26117e-44
-1.12104e-44
-9.80909e-45
-7.00649e-45
-4.2039e-45
-1.4013e-45
1.4013e-45
4.2039e-45
7.00649e-45
9.80909e-45
1.26117e-44
1.4013e-44
1.54143e-44
1.68156e-44
1.82169e-44
1.82169e-44
1.82169e-44
1.82169e-44
1.68156e-44
1.54143e-44
1.4013e-44
1.26117e-44
1.12104e-44
9.80909e-45
7.00649e-45
4.2039e-45
1.4013e-45
-1.4013e-45
-4.2039e-45
-7.00649e-45
-9.80909e-45
-1.26117e-44
-1.4013e-44
-1.54143e-44
-1.68156e-44
-1.82169e-44
-1.82169e-44
-1.82169e-44
-1.82169e-44
-1.68156e-44
-1.54143e-44
-1.4013e-44
-1.26117e-44
-1.12104e-44
-9.80909e-45
-7.00649e-45
-4.2039e-45
-1.4013e-45
1.4013e-45
4.2039e-45
7.00649e-45
9.80909e-45
1.26117e-44
1.4013e-44
1.54143e-44
1.68156e-44
1.82169e-44
1.82169e-44
1.82169e-44
1.82169e-44
1.68156e-44
1.54143e-44
1.4013e-44
1.26117e-44
1.12104e-44
9.80909e-45
7.00649e-45
4.2039e-45
1.4013e-45
-1.4013e-45
-4.2039e-45
-7.00649e-45
-9.80909e-45
-1.26117e-44
-1.4013e-44
-1.54143e-44
-1.68156e-44
-1.82169e-44
-1.82169e-44
-1.82169e-44
-1.82169e-44
-1.68156e-44
-1.54143e-44
-1.4013e-44
-1.26117e-44
-1.12104e-44
-9.80909e-45
-7.00649e-45
-4.2039e-45
-1.4013e-45
1.4013e-45
4.2039e-45
7.00649e-45
9.80909e-45
1.26117e-44
1.4013e-44
1.54143e-44
1.68156e-44
1.82169e-44
1.82169e-44
1.82169e-44
1.82169e-44
1.68156e-44
1.54143e-44
1.4013e-44
1.26117e-44
1.12104e-44
9.80909e-45
7.00649e-45
4.2039e-45
1.4013e-45
-1.4013e-45
-4.2039e-45
-7.00649e-45
-9.80909e-45
-1.26117e-44
-1.4013e-44
-1.54143e-44
-1.68156e-44
-1.82169e-44
-1.82169e-44
-1.82169e-44
-1.82169e-44
-1.68156e-44
-1.54143e-44
-1.4013e-44
-1.26117e-44
-1.12104e-44
-9.80909e-45
-7.00649e-45
-4.2039e-45
-1.4013e-45
1.4013e-45
4.2039e-45
7.00649e-45
9.80909e-45
1.26117e-44
1.4013e-44
1.54143e-44
1.68156e-44
1.82169e-44
1.82169e-44
1.82169e-44
1.82169e-44
1.68156e-44
1.54143e-44
1.4013e-44
1.26117e-44
1.12104e-44
9.80909e-45
7.00649e-45
4.2039e-45
1.4013e-45
-1.4013e-45
-4.2039e-45
-7.00649e-45
-9.80909e-45
-1.26117e-44
-1.4013e-44
-1.54143e-44
-1.68156e-44
-1.82169e-44
-1.82169e-44
-1.82169e-44
-1.82169e-44
-1.68156e-44
-1.54143e-44
-1.4013e-44
-1.26117e-44
-1.12104e-44
-9.80909e-45
-7.00649e-45
-4.2039e-45
-1.4013e-45
1.4013e-45
4.2039e-45
7.00649e-45
9.80909e-45
1.26117e-44
1.4013e-44
1.54143e-44
1.68156e-44
1.82169e-44
1.82169e-44
1.82169e-44
1.82169e-44
1.68156e-44
1.54143e-44
1.4013e-44
1.26117e-44
1.12104e-44
9.80909e-45
7.00649e-45
4.2039e-45
1.4013e-45
-1.4013e-45
-4.2039e-45
-7.00649e-45
-9.80909e-45
-1.26117e-44
-1.4013e-44
-1.54143e-44
-1.68156e-44
-1.82169e-44
-1.82169e-44
-1.82169e-44
-1.82169e-44
-1.68156e-44
-1.54143e-44
-1.4013e-44
-1.26117e-44
-1.12104e-44
-9.80909e-45
-7.00649e-45
-4.2039e-45
-1.4013e-45
1.4013e-45
4.2039e-45
7.00649e-45
9.80909e-45
1.26117e-44
1.4013e-44
1.54143e-44
1.68156e-44
1.82169e-44
1.82169e-44
1.82169e-44
1.82169e-44
1.68156e-44
1.54143e-44
1.4013e-44
1.26117e-44
1.12104e-44
9.80909e-45
7.00649e-45
4.2039e-45
1.4013e-45
-1.4013e-45
-4.2039e-45
-7.00649e-45
-9.80909e-45
-1.26117e-44
-1.4013e-44
-1.54143e-44
-1.68156e-44
-1.82169e-44
-1.82169e-44
-1.82169e-44
-1.82169e-44
-1.68156e-44
-1.54143e-44
-1.4013e-44
-1.26117e-44
-1.12104e-44
-9.80909e-45
-7.00649e-45
-4.2039e-45
-1.4013e-45
1.4013e-45
4.2039e-45
7.00649e-45
9.80909e-45
1.26117e-44
1.4013e-44
1.54143e-44
1.68156e-44
1.82169e-44
1.82169e-44
1.82169e-44
1.82169e-44
1.68156e-44
1.54143e-44
1.4013e-44
1.26117e-44
1.12104e-44
9.80909e-45
7.00649e-45
4.2039e-45
1.4013e-45
-1.4013e-45
-4.2039e-45
-7.00649e-45
-9.80909e-45
-1.26117e-44
-1.4013e-44
-1.54143e-44
-1.68156e-44
-1.82169e-44
-1.82169e-44
-1.82169e-44
-1.82169e-44
-1.68156e-44
-1.54143e-44
-1.4013e-44
-1.26117e-44
-1.12104e-44
-9.80909e-45
-7.00649e-45
-4.2039e-45
-1.4013e-45
1.4013e-45
4.2039e-45
7.00649e-45
9.80909e-45
1.26117e-44
1.4013e-44
1.54143e-44
1.68156e-44
1.82169e-44
1.82169e-44
1.82169e-44
1.82169e-44
1.68156e-44
1.54143e-44
1.4013e-44
1.26117e-44
1.12104e-44
9.80909e-45
7.00649e-45
4.2039e-45
1.4013e-45
-1.4013e-45
-4.2039e-45
-7.00649e-45
-9.80909e-45
-1.26117e-44
-1.4013e-44
-1.54143e-44
-1.68156e-44
-1.82169e-44
-1.82169e-44
-1.82169e-44
-1.82169e-44
-1.68156e-44
-1.54143e-44
-1.4013e-44
-1.26117e-44
-1.12104e-44
-9.80909e-45
-7.00649e-45
-4.2039e-45
-1.4013e-45
1.4013e-45
4.2039e-45
7.00649e-45
9.80909e-45
1.26117e-44
1.4013e-44
1.54143e-44
1.68156e-44
1.82169e-44
1.82169e-44
1.82169e-44
1.82169e-44
1.68156e-44
1.54143e-44
1.4013e-44
1.26117e-44
1.12104e-44
9.80909e-45
7.00649e-45
4.2039e-45
1.4013e-45
-1.4013e-45
-4.2039e-45
-7.00649e-45
-9.80909e-45
-1.26117e-44
-1.4013e-44
-1.54143e-44
-1.68156e-44
-1.82169e-44
-1.82169e-44
-1.82169e-44
-1.82169e-44
-1.68156e-44
-1.54143e-44
-1.4013e-44
-1.26117e-44
-1.12104e-44
-9.80909e-45
-7.00649e-45
-4.2039e-45
-1.4013e-45
1.4013e-45
4.2039e-45
7.00649e-45
9.80909e-45
1.26117e-44
1.4013e-44
1.54143e-44
1.68156e-44
1.82169e-44
1.82169e-44
1.82169e-44
1.82169e-44
1.68156e-44
1.54143e-44
1.4013e-44
1.26117e-44
1.12104e-44
9.80909e-45
7.00649e-45
4.2039e-45
1.4013e-45
-1.4013e-45
-4.2039e-45
-7.00649e-45
-9.80909e-45
-1.26117e-44
-1.4013e-44
-1.54143e-44
-1.68156e-44
-1.82169e-44
-1.82169e-44
-1.82169e-44
-1.82169e-44
-1.68156e-44
-1.54143e-44
-1.4013e-44
-1.26117e-44
-1.12104e-44
-9.80909e-45
-7.00649e-45
-4.2039e-45
-1.4013e-45
1.4013e-45
4.2039e-45
7.00649e-45
9.80909e-45
1.26117e-44
1.4013e-44
1.54143e-44
1.68156e-44
1.82169e-44
1.82169e-44
1.82169e-44
1.82169e-44
1.68156e-44
1.54143e-44
1.4013e-44
1.26117e-44
1.12104e-44
9.80909e-45
7.00649e-45
4.2039e-45
1.4013e-45
-1.4013e-45
-4.2039e-45
-7.00649e-45
-9.80909e-45
-1.26117e-44
-1.4013e-44
-1.54143e-44
-1.68156e-44
-1.82169e-44
-1.82169e-44
-1.82169e-44
-1.82169e-44
-1.68156e-44
-1.54143e-44
-1.4013e-44
-1.26117e-44
-1.12104e-44
-9.80909e-45
-7.00649e-45
-4.2039e-45
-1.4013e-45
1.4013e-45
4.2039e-45
7.00649e-45
9.80909e-45
1.26117e-44
1.4013e-44
1.54143e-44
1.68156e-44
1.82169e-44
1.82169e-44
1.82169e-44
1.82169e-44
1.68156e-44
1.54143e-44
1.4013e-44
1.26117e-44
1.12104e-44
9.80909e-45
7.00649e-45
4.2039e-45
1.4013e-45
-1.4013e-45
-4.2039e-45
-7.00649e-45
-9.80909e-45
-1.26117e-44
-1.4013e-44
-1.54143e-44
-1.68156e-44
-1.82169e-44
-1.82169e-44
-1.82169e-44
-1.82169e-44
-1.68156e-44
-1.54143e-44
-1.4013e-44
-1.26117e-44
-1.12104e-44
-9.80909e-45
-7.00649e-45
-4.2039e-45
-1.4013e-45
1.4013e-45
4.2039e-45
7.00649e-45
9.80909e-45
1.26117e-44
1.4013e-44
1.54143e-44
1.68156e-44
1.82169e-44
1.82169e-44
1.82169e-44
1.82169e-44
1.68156e-44
1.54143e-44
1.4013e-44
1.26117e-44
1.12104e-44
9.80909e-45
7.00649e-45
4.2039e-45
1.4013e-45
-1.4013e-45
-4.2039e-45
-7.00649e-45
-9.80909e-45
-1.26117e-44
-1.4013e-44
-1.54143e-44
-1.68156e-44
-1.82169e-44
-1.82169e-44
-1.82169e-44
-1.82169e-44
-1.68156e-44
-1.54143e-44
-1.4013e-44
-1.26117e-44
-1.12104e-44
-9.80909e-45
-7.00649e-45
-4.2039e-45
-1.4013e-45
1.4013e-45
4.2039e-45
7.00649e-45
9.80909e-45
1.26117e-44
1.4013e-44
1.54143e-44
1.68156e-44
1.82169e-44
1.82169e-44
1.82169e-44
1.82169e-44
1.68156e-44
1.54143e-44
1.4013e-44
1.26117e-44
1.12104e-44
9.80909e-45
7.00649e-45
4.2039e-45
1.4013e-45
-1.4013e-45
-4.2039e-45
-7.00649e-45
-9.80909e-45
-1.26117e-44
-1.4013e-44
-1.54143e-44
-1.68156e-44
-1.82169e-44
-1.82169e-44
-1.82169e-44
-1.82169e-44
-1.68156e-44
-1.54143e-44
-1.4013e-44
-1.26117e-44
-1.12104e-44
-9.80909e-45
-7.00649e-45
-4.2039e-45
-1.4013e-45
1.4013e-45
4.2039e-45
7.00649e-45
9.80909e-45
1.26117e-44
1.4013e-44
1.54143e-44
1.68156e-44
1.82169e-44
1.82169e-44
1.82169e-44
1.82169e-44
1.68156e-44
1.54143e-44
1.4013e-44
1.26117e-44
1.12104e-44
9.80909e-45
7.00649e-45
4.2039e-45
1.4013e-45
-1.4013e-45
-4.2039e-45
-7.00649e-45
-9.80909e-45
-1.26117e-44
-1.4013e-44
-1.54143e-44
-1.68156e-44
-1.82169e-44
-1.82169e-44
-1.82169e-44
-1.82169e-44
-1.68156e-44
-1.54143e-44
-1.4013e-44
-1.26117e-44
-1.12104e-44
-9.80909e-45
-7.00649e-45
-4.2039e-45
-1.4013e-45
1.4013e-45
4.2039e-45
7.00649e-45
9.80909e-45
1.26117e-44
1.4013e-44
1.54143e-44
1.68156e-44
1.82169e-44
1.82169e-44
1.82169e-44
1.82169e-44
1.68156e-44
1.54143e-44
1.4013e-44
1.26117e-44
1.12104e-44
9.80909e-45
7.00649e-45
4.2039e-45
1.4013e-45
-1.4013e-45
-4.2039e-45
-7.00649e-45
-9.80909e-45
-1.26117e-44
-1.4013e-44
-1.54143e-44
-1.68156e-44
-1.82169e-44
-1.82169e-44
-1.82169e-44
-1.82169e-44
-1.68156e-44
-1.54143e-44
-1.4013e-44
-1.26117e-44
-1.12104e-44
-9.80909e-45
-7.00649e-45
-4.2039e-45
-1.4013e-45
1.4013e-45
4.2039e-45
7.00649e-45
9.80909e-45
1.26117e-44
1.4013e-44
1.54143e-44
1.68156e-44
1.82169e-44
1.82169e-44
1.82169e-44
1.82169e-44
1.68156e-44
1.54143e-44
1.4013e-44
1.26117e-44
1.12104e-44
9.80909e-45
7.00649e-45
4.2039e-45
1.4013e-45
-1.4013e-45
-4.2039e-45
-7.00649e-45
-9.80909e-45
-1.26117e-44
-1.4013e-44
-1.54143e-44
-1.68156e-44
-1.82169e-44
-1.82169e-44
-1.82169e-44
-1.82169e-44
-1.68156e-44
-1.54143e-44
-1.4013e-44
-1.26117e-44
-1.12104e-44
-9.80909e-45
-7.00649e-45
-4.2039e-45
-1.4013e-45
1.4013e-45
4.2039e-45
7.00649e-45
9.80909e-45
1.26117e-44
1.4013e-44
1.54143e-44
1.68156e-44
1.82169e-44
1.82169e-44
1.82169e-44
1.82169e-44
1.68156e-44
1.54143e-44
1.4013e-44
1.26117e-44
1.12104e-44
9.80909e-45
7.00649e-45
4.2039e-45
1.4013e-45
-1.4013e-45
-4.2039e-45
-7.00649e-45
-9.80909e-45
-1.26117e-44
-1.4013e-44
-1.54143e-44
-1.68156e-44
-1.82169e-44
-1.82169e-44
-1.82169e-44
-1.82169e-44
-1.68156e-44
-1.54143e-44
-1.4013e-44
-1.26117e-44
-1.12104e-44
-9.80909e-45
-7.00649e-45
-4.2039e-45
-1.4013e-45
1.4013e-45
4.2039e-45
7.00649e-45
9.80909e-45
1.26117e-44
1.4013e-44
1.54143e-44
1.68156e-44
1.82169e-44
1.82169e-44
1.82169e-44
1.82169e-44
1.68156e-44
1.54143e-44
1.4013e-44
1.26117e-44
1.12104e-44
9.80909e-45
7.00649e-45
4.2039e-45
1.4013e-45
-1.4013e-45
-4.2039e-45
-7.00649e-45
-9.80909e-45
-1.26117e-44
-1.4013e-44
-1.54143e-44
-1.68156e-44
-1.82169e-44
-1.82169e-44
-1.82169e-44
-1.82169e-44
-1.68156e-44
-1.54143e-44
-1.4013e-44
-1.26117e-44
-1.12104e-44
-9.80909e-45
-7.00649e-45
-4.2039e-45
-1.4013e-45
1.4013e-45
4.2039e-45
7.00649e-45
9.80909e-45
1.26117e-44
1.4013e-44
1.54143e-44
1.68156e-44
1.82169e-44
1.82169e-44
1.82169e-44
1.82169e-44
1.68156e-44
1.54143e-44
1.4013e-44
1.26117e-44
1.12104e-44
9.80909e-45
7.00649e-45
4.2039e-45
1.4013e-45
-1.4013e-45
-4.2039e-45
-7.00649e-45
-9.80909e-45
-1.26117e-44
-1.4013e-44
-1.54143e-44
-1.68156e-44
-1.82169e-44
-1.82169e-44
-1.82169e-44
-1.82169e-44
-1.68156e-44
-1.54143e-44
-1.4013e-44
-1.26117e-44
-1.12104e-44
-9.80909e-45
-7.00649e-45
-4.2039e-45
-1.4013e-45
1.4013e-45
4.2039e-45
7.00649e-45
9.80909e-45
1.26117e-44
1.4013e-44
1.54143e-44
1.68156e-44
1.82169e-44
1.82169e-44
1.82169e-44
1.82169e-44
1.68156e-44
1.54143e-44
1.4013e-44
1.26117e-44
1.12104e-44
9.80909e-45
7.00649e-45
4.2039e-45
1.4013e-45
-1.4013e-45
-4.2039e-45
-7.00649e-45
-9.80909e-45
-1.26117e-44
-1.4013e-44
-1.54143e-44
-1.68156e-44
-1.82169e-44
-1.82169e-44
-1.82169e-44
-1.82169e-44
-1.68156e-44
-1.54143e-44
-1.4013e-44
-1.26117e-44
-1.12104e-44
-9.80909e-45
-7.00649e-45
-4.2039e-45
-1.4013e-45
1.4013e-45
4.2039e-45
7.00649e-45
9.80909e-45
1.26117e-44
1.4013e-44
1.54143e-44
1.68156e-44
1.82169e-44
1.82169e-44
1.82169e-44
1.82169e-44
1.68156e-44
1.54143e-44
1.4013e-44
1.26117e-44
1.12104e-44
9.80909e-45
7.00649e-45
4.2039e-45
1.4013e-45
-1.4013e-45
-4.2039e-45
-7.00649e-45
-9.80909e-45
-1.26117e-44
-1.4013e-44
-1.54143e-44
-1.68156e-44
-1.82169e-44
-1.82169e-44
-1.82169e-44
-1.82169e-44
-1.68156e-44
-1.54143e-44
-1.4013e-44
-1.26117e-44
-1.12104e-44
-9.80909e-45
-7.00649e-45
-4.2039e-45
-1.4013e-45
1.4013e-45
4.2039e-45
7.00649e-45
9.80909e-45
1.26117e-44
1.4013e-44
1.54143e-44
1.68156e-44
1.82169e-44
1.82169e-44
1.82169e-44
1.82169e-44
1.68156e-44
1.54143e-44
1.4013e-44
1.26117e-44
1.12104e-44
9.80909e-45
7.00649e-45
4.2039e-45
1.4013e-45
-1.4013e-45
-4.2039e-45
-7.00649e-45
-9.80909e-45
-1.26117e-44
-1.4013e-44
-1.54143e-44
-1.68156e-44
-1.82169e-44
-1.82169e-44
-1.82169e-44
-1.82169e-44
-1.68156e-44
-1.54143e-44
-1.4013e-44
-1.26117e-44
-1.12104e-44
-9.80909e-45
-7.00649e-45
-4.2039e-45
-1.4013e-45
1.4013e-45
4.2039e-45
7.00649e-45
9.80909e-45
1.26117e-44
1.4013e-44
1.54143e-44
1.68156e-44
1.82169e-44
1.82169e-44
1.82169e-44
1.82169e-44
1.68156e-44
1.54143e-44
1.4013e-44
1.26117e-44
1.12104e-44
9.80909e-45
7.00649e-45
4.2039e-45
1.4013e-45
-1.4013e-45
-4.2039e-45
-7.00649e-45
-9.80909e-45
-1.26117e-44
-1.4013e-44
-1.54143e-44
-1.68156e-44
-1.82169e-44
-1.82169e-44
-1.82169e-44
-1.82169e-44
-1.68156e-44
-1.54143e-44
-1.4013e-44
-1.26117e-44
-1.12104e-44
-9.80909e-45
-7.00649e-45
-4.2039e-45
-1.4013e-45
1.4013e-45
4.2039e-45
7.00649e-45
9.80909e-45
1.26117e-44
1.4013e-44
1.54143e-44
1.68156e-44
1.82169e-44
1.82169e-44
1.82169e-44
1.82169e-44
1.68156e-44
1.54143e-44
1.4013e-44
1.26117e-44
1.12104e-44
9.80909e-45
7.00649e-45
4.2039e-45
1.4013e-45
-1.4013e-45
-4.2039e-45
-7.00649e-45
-9.80909e-45
-1.26117e-44
-1.4013e-44
-1.54143e-44
-1.68156e-44
-1.82169e-44
-1.82169e-44
-1.82169e-44
-1.82169e-44
-1.68156e-44
-1.54143e-44
-1.4013e-44
-1.26117e-44
-1.12104e-44
-9.80909e-45
-7.00649e-45
-4.2039e-45
-1.4013e-45
1.4013e-45
4.2039e-45
7.00649e-45
9.80909e-45
1.26117e-44
1.4013e-44
1.54143e-44
1.68156e-44
1.82169e-44
1.82169e-44
1.82169e-44
1.82169e-44
1.68156e-44
1.54143e-44
1.4013e-44
1.26117e-44
1.12104e-44
9.80909e-45
7.00649e-45
4.2039e-45
1.4013e-45
-1.4013e-45
-4.2039e-45
-7.00649e-45
-9.80909e-45
-1.26117e-44
-1.4013e-44
-1.54143e-44
-1.68156e-44
-1.82169e-44
-1.82169e-44
-1.82169e-44
-1.82169e-44
-1.68156e-44
-1.54143e-44
-1.4013e-44
-1.26117e-44
-1.12104e-44
-9.80909e-45
-7.00649e-45
-4.2039e-45
-1.4013e-45
1.4013e-45
4.2039e-45
7.00649e-45
9.80909e-45
1.26117e-44
1.4013e-44
1.54143e-44
1.68156e-44
1.82169e-44
1.82169e-44
1.82169e-44
1.82169e-44
1.68156e-44
1.54143e-44
1.4013e-44
1.26117e-44
1.12104e-44
9.80909e-45
7.00649e-45
4.2039e-45
1.4013e-45
-1.4013e-45
-4.2039e-45
-7.00649e-45
-9.80909e-45
-1.26117e-44
-1.4013e-44
-1.54143e-44
-1.68156e-44
-1.82169e-44
-1.82169e-44
-1.82169e-44
-1.82169e-44
-1.68156e-44
-1.54143e-44
-1.4013e-44
-1.26117e-44
-1.12104e-44
-9.80909e-45
-7.00649e-45
-4.2039e-45
-1.4013e-45
1.4013e-45
4.2039e-45
7.00649e-45
9.80909e-45
1.26117e-44
1.4013e-44
1.54143e-44
1.68156e-44
1.82169e-44
1.82169e-44
1.82169e-44
1.82169e-44
1.68156e-44
1.54143e-44
1.4013e-44
1.26117e-44
1.12104e-44
9.80909e-45
7.00649e-45
4.2039e-45
1.4013e-45
-1.4013e-45
-4.2039e-45
-7.00649e-45
-9.80909e-45
-1.26117e-44
-1.4013e-44
-1.54143e-44
-1.68156e-44
-1.82169e-44
-1.82169e-44
-1.82169e-44
-1.82169e-44
-1.68156e-44
-1.54143e-44
-1.4013e-44
-1.26117e-44
-1.12104e-44
-9.80909e-45
-7.00649e-45
-4.2039e-45
-1.4013e-45
1.4013e-45
4.2039e-45
7.00649e-45
9.80909e-45
1.26117e-44
1.4013e-44
1.54143e-44
1.68156e-44
1.82169e-44
1.82169e-44
1.82169e-44
1.82169e-44
1.68156e-44
1.54143e-44
1.4013e-44
1.26117e-44
1.12104e-44
9.80909e-45
7.00649e-45
4.2039e-45
1.4013e-45
-1.4013e-45
-4.2039e-45
-7.00649e-45
-9.80909e-45
-1.26117e-44
-1.4013e-44
-1.54143e-44
-1.68156e-44
-1.82169e-44
-1.82169e-44
-1.82169e-44
-1.82169e-44
-1.68156e-44
-1.54143e-44
-1.4013e-44
-1.26117e-44
-1.12104e-44
-9.80909e-45
-7.00649e-45
-4.2039e-45
-1.4013e-45
1.4013e-45
4.2039e-45
7.00649e-45
9.80909e-45
1.26117e-44
1.4013e-44
1.54143e-44
1.68156e-44
1.82169e-44
1.82169e-44
1.82169e-44
1.82169e-44
1.68156e-44
1.54143e-44
1.4013e-44
1.26117e-44
1.12104e-44
9.80909e-45
7.00649e-45
4.2039e-45
1.4013e-45
-1.4013e-45
-4.2039e-45
-7.00649e-45
-9.80909e-45
-1.26117e-44
-1.4013e-44
-1.54143e-44
-1.68156e-44
-1.82169e-44
-1.82169e-44
-1.82169e-44
-1.82169e-44
-1.68156e-44
-1.54143e-44
-1.4013e-44
-1.26117e-44
-1.12104e-44
-9.80909e-45
-7.00649e-45
-4.2039e-45
-1.4013e-45
1.4013e-45
4.2039e-45
7.00649e-45
9.80909e-45
1.26117e-44
1.4013e-44
1.54143e-44
1.68156e-44
1.82169e-44
1.82169e-44
1.82169e-44
1.82169e-44
1.68156e-44
1.54143e-44
1.4013e-44
1.26117e-44
1.12104e-44
9.80909e-45
7.00649e-45
4.2039e-45
1.4013e-45
-1.4013e-45
-4.2039e-45
-7.00649e-45
-9.80909e-45
-1.26117e-44
-1.4013e-44
-1.54143e-44
-1.68156e-44
-1.82169e-44
-1.82169e-44
-1.82169e-44
-1.82169e-44
-1.68156e-44
-1.54143e-44
-1.4013e-44
-1.26117e-44
-1.12104e-44
-9.80909e-45
-7.00649e-45
-4.2039e-45
-1.4013e-45
1.4013e-45
4.2039e-45
7.00649e-45
9.80909e-45
1.26117e-44
1.4013e-44
1.54143e-44
1.68156e-44
1.82169e-44
1.82169e-44
1.82169e-44
1.82169e-44
1.68156e-44
1.54143e-44
1.4013e-44
1.26117e-44
1.12104e-44
9.80909e-45
7.00649e-45
4.2039e-45
1.4013e-45
-1.4013e-45
-4.2039e-45
-7.00649e-45
-9.80909e-45
-1.26117e-44
-1.4013e-44
-1.54143e-44
-1.68156e-44
-1.82169e-44
-1.82169e-44
-1.82169e-44
-1.82169e-44
-1.68156e-44
-1.54143e-44
-1.4013e-44
-1.26117e-44
-1.12104e-44
-9.80909e-45
-7.00649e-45
-4.2039e-45
-1.4013e-45
1.4013e-45
4.2039e-45
7.00649e-45
9.80909e-45
1.26117e-44
1.4013e-44
1.54143e-44
1.68156e-44
1.82169e-44
1.82169e-44
1.82169e-44
1.82169e-44
1.68156e-44
1.54143e-44
1.4013e-44
1.26117e-44
1.12104e-44
9.80909e-45
7.00649e-45
4.2039e-45
1.4013e-45
-1.4013e-45
-4.2039e-45
-7.00649e-45
-9.80909e-45
-1.26117e-44
-1.4013e-44
-1.54143e-44
-1.68156e-44
-1.82169e-44
-1.82169e-44
-1.82169e-44
-1.82169e-44
-1.68156e-44
-1.54143e-44
-1.4013e-44
-1.26117e-44
-1.12104e-44
-9.80909e-45
-7.00649e-45
-4.2039e-45
-1.4013e-45
1.4013e-45
4.2039e-45
7.00649e-45
9.80909e-45
1.26117e-44
1.4013e-44
1.54143e-44
1.68156e-44
1.82169e-44
1.82169e-44
1.82169e-44
1.82169e-44
1.68156e-44
1.54143e-44
1.4013e-44
1.26117e-44
1.12104e-44
9.80909e-45
7.00649e-45
4.2039e-45
1.4013e-45
-1.4013e-45
-4.2039e-45
-7.00649e-45
-9.80909e-45
-1.26117e-44
-1.4013e-44
-1.54143e-44
-1.68156e-44
-1.82169e-44
-1.82169e-44
-1.82169e-44
-1.82169e-44
-1.68156e-44
-1.54143e-44
-1.4013e-44
-1.26117e-44
-1.12104e-44
-9.80909e-45
-7.00649e-45
-4.2039e-45
-1.4013e-45
1.4013e-45
4.2039e-45
7.00649e-45
9.80909e-45
1.26117e-44
1.4013e-44
1.54143e-44
1.68156e-44
1.82169e-44
1.82169e-44
1.82169e-44
1.82169e-44
1.68156e-44
1.54143e-44
1.4013e-44
1.26117e-44
1.12104e-44
9.80909e-45
7.00649e-45
4.2039e-45
1.4013e-45
-1.4013e-45
-4.2039e-45
-7.00649e-45
-9.80909e-45
-1.26117e-44
-1.4013e-44
-1.54143e-44
-1.68156e-44
-1.82169e-44
-1.82169e-44
-1.82169e-44
-1.82169e-44
-1.68156e-44
-1.54143e-44
-1.4013e-44
-1.26117e-44
-1.12104e-44
-9.80909e-45
-7.00649e-45
-4.2039e-45
-1.4013e-45
1.4013e-45
4.2039e-45
7.00649e-45
9.80909e-45
1.26117e-44
1.4013e-44
1.54143e-44
1.68156e-44
1.82169e-44
1.82169e-44
1.82169e-44
1.82169e-44
1.68156e-44
1.54143e-44
1.4013e-44
1.26117e-44
1.12104e-44
9.80909e-45
7.00649e-45
4.2039e-45
1.4013e-45
-1.4013e-45
-4.2039e-45
-7.00649e-45
-9.80909e-45
-1.26117e-44
-1.4013e-44
-1.54143e-44
-1.68156e-44
-1.82169e-44
-1.82169e-44
-1.82169e-44
-1.82169e-44
-1.68156e-44
-1.54143e-44
-1.4013e-44
-1.26117e-44
-1.12104e-44
-9.80909e-45
-7.00649e-45
-4.2039e-45
-1.4013e-45
1.4013e-45
4.2039e-45
7.00649e-45
9.80909e-45
1.26117e-44
1.4013e-44
1.54143e-44
1.68156e-44
1.82169e-44
1.82169e-44
1.82169e-44
1.82169e-44
1.68156e-44
1.54143e-44
1.4013e-44
1.26117e-44
1.12104e-44
9.80909e-45
7.00649e-45
4.2039e-45
1.4013e-45
-1.4013e-45
-4.2039e-45
-7.00649e-45
-9.80909e-45
-1.26117e-44
-1.4013e-44
-1.54143e-44
-1.68156e-44
-1.82169e-44
-1.82169e-44
-1.82169e-44
-1.82169e-44
-1.68156e-44
-1.54143e-44
-1.4013e-44
-1.26117e-44
-1.12104e-44
-9.80909e-45
-7.00649e-45
-4.2039e-45
-1.4013e-45
1.4013e-45
4.2039e-45
7.00649e-45
9.80909e-45
1.26117e-44
1.4013e-44
1.54143e-44
1.68156e-44
1.82169e-44
1.82169e-44
1.82169e-44
1.82169e-44
1.68156e-44
1.54143e-44
1.4013e-44
1.26117e-44
1.12104e-44
9.80909e-45
7.00649e-45
4.2039e-45
1.4013e-45
-1.4013e-45
-4.2039e-45
-7.00649e-45
-9.80909e-45
-1.26117e-44
-1.4013e-44
-1.54143e-44
-1.68156e-44
-1.82169e-44
-1.82169e-44
-1.82169e-44
-1.82169e-44
-1.68156e-44
-1.54143e-44
-1.4013e-44
-1.26117e-44
-1.12104e-44
-9.80909e-45
-7.00649e-45
-4.2039e-45
-1.4013e-45
1.4013e-45
4.2039e-45
7.00649e-45
9.80909e-45
1.26117e-44
1.4013e-44
1.54143e-44
1.68156e-44
1.82169e-44
1.82169e-44
1.82169e-44
1.82169e-44
1.68156e-44
1.54143e-44
1.4013e-44
1.26117e-44
1.12104e-44
9.80909e-45
7.00649e-45
4.2039e-45
1.4013e-45
-1.4013e-45
-4.2039e-45
-7.00649e-45
-9.80909e-45
-1.26117e-44
-1.4013e-44
-1.54143e-44
-1.68156e-44
-1.82169e-44
-1.82169e-44
-1.82169e-44
-1.82169e-44
-1.68156e-44
-1.54143e-44
-1.4013e-44
-1.26117e-44
-1.12104e-44
-9.80909e-45
-7.00649e-45
-4.2039e-45
-1.4013e-45
1.4013e-45
4.2039e-45
7.00649e-45
9.80909e-45
1.26117e-44
1.4013e-44
1.54143e-44
1.68156e-44
1.82169e-44
1.82169e-44
1.82169e-44
1.82169e-44
1.68156e-44
1.54143e-44
1.4013e-44
1.26117e-44
1.12104e-44
9.80909e-45
7.00649e-45
4.2039e-45
1.4013e-45
-1.4013e-45
-4.2039e-45
-7.00649e-45
-9.80909e-45
-1.26117e-44
-1.4013e-44
-1.54143e-44
-1.68156e-44
-1.82169e-44
-1.82169e-44
-1.82169e-44
-1.82169e-44
-1.68156e-44
-1.54143e-44
-1.4013e-44
-1.26117e-44
-1.12104e-44
-9.80909e-45
-7.00649e-45
-4.2039e-45
-1.4013e-45
1.4013e-45
4.2039e-45
7.00649e-45
9.80909e-45
1.26117e-44
1.4013e-44
1.54143e-44
1.68156e-44
1.82169e-44
1.82169e-44
1.82169e-44
1.82169e-44
1.68156e-44
1.54143e-44
1.4013e-44
1.26117e-44
1.12104e-44
9.80909e-45
7.00649e-45
4.2039e-45
1.4013e-45
-1.4013e-45
-4.2039e-45
-7.00649e-45
-9.80909e-45
-1.26117e-44
-1.4013e-44
-1.54143e-44
-1.68156e-44
-1.82169e-44
-1.82169e-44
-1.82169e-44
-1.82169e-44
-1.68156e-44
-1.54143e-44
-1.4013e-44
-1.26117e-44
-1.12104e-44
-9.80909e-45
-7.00649e-45
-4.2039e-45
-1.4013e-45
1.4013e-45
4.2039e-45
7.00649e-45
9.80909e-45
1.26117e-44
1.4013e-44
1.54143e-44
1.68156e-44
1.82169e-44
1.82169e-44
1.82169e-44
1.82169e-44
1.68156e-44
1.54143e-44
1.4013e-44
1.26117e-44
1.12104e-44
9.80909e-45
7.00649e-45
4.2039e-45
1.4013e-45
-1.4013e-45
-4.2039e-45
-7.00649e-45
-9.80909e-45
-1.26117e-44
-1.4013e-44
-1.54143e-44
-1.68156e-44
-1.82169e-44
-1.82169e-44
-1.82169e-44
-1.82169e-44
-1.68156e-44
-1.54143e-44
-1.4013e-44
-1.26117e-44
-1.12104e-44
-9.80909e-45
-7.00649e-45
-4.2039e-45
-1.4013e-45
1.4013e-45
4.2039e-45
7.00649e-45
9.80909e-45
1.26117e-44
1.4013e-44
1.54143e-44
1.68156e-44
1.82169e-44
1.82169e-44
1.82169e-44
1.82169e-44
1.68156e-44
1.54143e-44
1.4013e-44
1.26117e-44
1.12104e-44
9.80909e-45
7.00649e-45
4.2039e-45
1.4013e-45
-1.4013e-45
-4.2039e-45
-7.00649e-45
-9.80909e-45
-1.26117e-44
-1.4013e-44
-1.54143e-44
-1.68156e-44
-1.82169e-44
-1.82169e-44
-1.82169e-44
-1.82169e-44
-1.68156e-44
-1.54143e-44
-1.4013e-44
-1.26117e-44
-1.12104e-44
-9.80909e-45
-7.00649e-45
-4.2039e-45
-1.4013e-45
1.4013e-45
4.2039e-45
7.00649e-45
9.80909e-45
1.26117e-44
1.4013e-44
1.54143e-44
1.68156e-44
1.82169e-44
1.82169e-44
1.82169e-44
1.82169e-44
1.68156e-44
1.54143e-44
1.4013e-44
1.26117e-44
1.12104e-44
9.80909e-45
7.00649e-45
4.2039e-45
1.4013e-45
-1.4013e-45
-4.2039e-45
-7.00649e-45
-9.80909e-45
-1.26117e-44
-1.4013e-44
-1.54143e-44
-1.68156e-44
-1.82169e-44
-1.82169e-44
-1.82169e-44
-1.82169e-44
-1.68156e-44
-1.54143e-44
-1.4013e-44
-1.26117e-44
-1.12104e-44
-9.80909e-45
-7.00649e-45
-4.2039e-45
-1.4013e-45
1.4013e-45
4.2039e-45
7.00649e-45
9.80909e-45
1.26117e-44
1.4013e-44
1.54143e-44
1.68156e-44
1.82169e-44
1.82169e-44
1.82169e-44
1.82169e-44
1.68156e-44
1.54143e-44
1.4013e-44
1.26117e-44
1.12104e-44
9.80909e-45
7.00649e-45
4.2039e-45
1.4013e-45
-1.4013e-45
-4.2039e-45
-7.00649e-45
-9.80909e-45
-1.26117e-44
-1.4013e-44
-1.54143e-44
-1.68156e-44
-1.82169e-44
-1.82169e-44
-1.82169e-44
-1.82169e-44
-1.68156e-44
-1.54143e-44
-1.4013e-44
-1.26117e-44
-1.12104e-44
-9.80909e-45
-7.00649e-45
-4.2039e-45
-1.4013e-45
1.4013e-45
4.2039e-45
7.00649e-45
9.80909e-45
1.26117e-44
1.4013e-44
1.54143e-44
1.68156e-44
1.82169e-44
1.82169e-44
1.82169e-44
1.82169e-44
1.68156e-44
1.54143e-44
1.4013e-44
1.26117e-44
1.12104e-44
9.80909e-45
7.00649e-45
4.2039e-45
1.4013e-45
-1.4013e-45
-4.2039e-45
-7.00649e-45
-9.80909e-45
-1.26117e-44
-1.4013e-44
-1.54143e-44
-1.68156e-44
-1.82169e-44
-1.82169e-44
-1.82169e-44
-1.82169e-44
-1.68156e-44
-1.54143e-44
-1.4013e-44
-1.26117e-44
-1.12104e-44
-9.80909e-45
-7.00649e-45
-4.2039e-45
-1.4013e-45
1.4013e-45
4.2039e-45
7.00649e-45
9.80909e-45
1.26117e-44
1.4013e-44
1.54143e-44
1.68156e-44
1.82169e-44
1.82169e-44
1.82169e-44
1.82169e-44
1.68156e-44
1.54143e-44
1.4013e-44
1.26117e-44
1.12104e-44
9.80909e-45
7.00649e-45
4.2039e-45
1.4013e-45
-1.4013e-45
-4.2039e-45
-7.00649e-45
-9.80909e-45
-1.26117e-44
-1.4013e-44
-1.54143e-44
-1.68156e-44
-1.82169e-44
-1.82169e-44
-1.82169e-44
-1.82169e-44
-1.68156e-44
-1.54143e-44
-1.4013e-44
-1.26117e-44
-1.12104e-44
-9.80909e-45
-7.00649e-45
-4.2039e-45
-1.4013e-45
1.4013e-45
4.2039e-45
7.00649e-45
9.80909e-45
1.26117e-44
1.4013e-44
1.54143e-44
1.68156e-44
1.82169e-44
1.82169e-44
1.82169e-44
1.82169e-44
1.68156e-44
1.54143e-44
1.4013e-44
1.26117e-44
1.12104e-44
9.80909e-45
7.00649e-45
4.2039e-45
1.4013e-45
-1.4013e-45
-4.2039e-45
-7.00649e-45
-9.80909e-45
-1.26117e-44
-1.4013e-44
-1.54143e-44
-1.68156e-44
-1.82169e-44
-1.82169e-44
-1.82169e-44
-1.82169e-44
-1.68156e-44
-1.54143e-44
-1.4013e-44
-1.26117e-44
-1.12104e-44
-9.80909e-45
-7.00649e-45
-4.2039e-45
-1.4013e-45
1.4013e-45
4.2039e-45
7.00649e-45
9.80909e-45
1.26117e-44
1.4013e-44
1.54143e-44
1.68156e-44
1.82169e-44
1.82169e-44
1.82169e-44
1.82169e-44
1.68156e-44
1.54143e-44
1.4013e-44
1.26117e-44
1.12104e-44
9.80909e-45
7.00649e-45
4.2039e-45
1.4013e-45
-1.4013e-45
-4.2039e-45
-7.00649e-45
-9.80909e-45
-1.26117e-44
-1.4013e-44
-1.54143e-44
-1.68156e-44
-1.82169e-44
-1.82169e-44
-1.82169e-44
-1.82169e-44
-1.68156e-44
-1.54143e-44
-1.4013e-44
-1.26117e-44
-1.12104e-44
-9.80909e-45
-7.00649e-45
-4.2039e-45
-1.4013e-45
1.4013e-45
4.2039e-45
7.00649e-45
9.80909e-45
1.26117e-44
1.4013e-44
1.54143e-44
1.68156e-44
1.82169e-44
1.82169e-44
1.82169e-44
1.82169e-44
1.68156e-44
1.54143e-44
1.4013e-44
1.26117e-44
1.12104e-44
9.80909e-45
7.00649e-45
4.2039e-45
1.4013e-45
-1.4013e-45
-4.2039e-45
-7.00649e-45
-9.80909e-45
-1.26117e-44
-1.4013e-44
-1.54143e-44
-1.68156e-44
-1.82169e-44
-1.82169e-44
-1.82169e-44
-1.82169e-44
-1.68156e-44
-1.54143e-44
-1.4013e-44
-1.26117e-44
-1.12104e-44
-9.80909e-45
-7.00649e-45
-4.2039e-45
-1.4013e-45
1.4013e-45
4.2039e-45
7.00649e-45
9.80909e-45
1.26117e-44
1.4013e-44
1.54143e-44
1.68156e-44
1.82169e-44
1.82169e-44
1.82169e-44
1.82169e-44
1.68156e-44
1.54143e-44
1.4013e-44
1.26117e-44
1.12104e-44
9.80909e-45
7.00649e-45
4.2039e-45
1.4013e-45
-1.4013e-45
-4.2039e-45
-7.00649e-45
-9.80909e-45
-1.26117e-44
-1.4013e-44
-1.54143e-44
-1.68156e-44
-1.82169e-44
-1.82169e-44
-1.82169e-44
-1.82169e-44
-1.68156e-44
-1.54143e-44
-1.4013e-44
-1.26117e-44
-1.12104e-44
-9.80909e-45
-7.00649e-45
-4.2039e-45
-1.4013e-45
1.4013e-45
4.2039e-45
7.00649e-45
9.80909e-45
1.26117e-44
1.4013e-44
1.54143e-44
1.68156e-44
1.82169e-44
1.82169e-44
1.82169e-44
1.82169e-44
1.68156e-44
1.54143e-44
1.4013e-44
1.26117e-44
1.12104e-44
9.80909e-45
7.00649e-45
4.2039e-45
1.4013e-45
-1.4013e-45
-4.2039e-45
-7.00649e-45
-9.80909e-45
-1.26117e-44
-1.4013e-44
-1.54143e-44
-1.68156e-44
-1.82169e-44
-1.82169e-44
-1.82169e-44
-1.82169e-44
-1.68156e-44
-1.54143e-44
-1.4013e-44
-1.26117e-44
-1.12104e-44
-9.80909e-45
-7.00649e-45
-4.2039e-45
-1.4013e-45
1.4013e-45
4.2039e-45
7.00649e-45
9.80909e-45
1.26117e-44
1.4013e-44
1.54143e-44
1.68156e-44
1.82169e-44
1.82169e-44
1.82169e-44
1.82169e-44
1.68156e-44
1.54143e-44
1.4013e-44
1.26117e-44
1.12104e-44
9.80909e-45
7.00649e-45
4.2039e-45
1.4013e-45
-1.4013e-45
-4.2039e-45
-7.00649e-45
-9.80909e-45
-1.26117e-44
-1.4013e-44
-1.54143e-44
-1.68156e-44
-1.82169e-44
-1.82169e-44
-1.82169e-44
-1.82169e-44
-1.68156e-44
-1.54143e-44
-1.4013e-44
-1.26117e-44
-1.12104e-44
-9.80909e-45
-7.00649e-45
-4.2039e-45
-1.4013e-45
1.4013e-45
4.2039e-45
7.00649e-45
9.80909e-45
1.26117e-44
1.4013e-44
1.54143e-44
1.68156e-44
1.82169e-44
1.82169e-44
1.82169e-44
1.82169e-44
1.68156e-44
1.54143e-44
1.4013e-44
1.26117e-44
1.12104e-44
9.80909e-45
7.00649e-45
4.2039e-45
1.4013e-45
-1.4013e-45
-4.2039e-45
-7.00649e-45
-9.80909e-45
-1.26117e-44
-1.4013e-44
-1.54143e-44
-1.68156e-44
-1.82169e-44
-1.82169e-44
-1.82169e-44
-1.82169e-44
-1.68156e-44
-1.54143e-44
-1.4013e-44
-1.26117e-44
-1.12104e-44
-9.80909e-45
-7.00649e-45
-4.2039e-45
-1.4013e-45
1.4013e-45
4.2039e-45
7.00649e-45
9.80909e-45
1.26117e-44
1.4013e-44
1.54143e-44
1.68156e-44
1.82169e-44
1.82169e-44
1.82169e-44
1.82169e-44
1.68156e-44
1.54143e-44
1.4013e-44
1.26117e-44
1.12104e-44
9.80909e-45
7.00649e-45
4.2039e-45
1.4013e-45
-1.4013e-45
-4.2039e-45
-7.00649e-45
-9.80909e-45
-1.26117e-44
-1.4013e-44
-1.54143e-44
-1.68156e-44
-1.82169e-44
-1.82169e-44
-1.82169e-44
-1.82169e-44
-1.68156e-44
-1.54143e-44
-1.4013e-44
-1.26117e-44
-1.12104e-44
-9.80909e-45
-7.00649e-45
-4.2039e-45
-1.4013e-45
1.4013e-45
4.2039e-45
7.00649e-45
9.80909e-45
1.26117e-44
1.4013e-44
1.54143e-44
1.68156e-44
1.82169e-44
1.82169e-44
1.82169e-44
1.82169e-44
1.68156e-44
1.54143e-44
1.4013e-44
1.26117e-44
1.12104e-44
9.80909e-45
7.00649e-45
4.2039e-45
1.4013e-45
-1.4013e-45
-4.2039e-45
-7.00649e-45
-9.80909e-45
-1.26117e-44
-1.4013e-44
-1.54143e-44
-1.68156e-44
-1.82169e-44
-1.82169e-44
-1.82169e-44
-1.82169e-44
-1.68156e-44
-1.54143e-44
-1.4013e-44
-1.26117e-44
-1.12104e-44
-9.80909e-45
-7.00649e-45
-4.2039e-45
-1.4013e-45
1.4013e-45
4.2039e-45
7.00649e-45
9.80909e-45
1.26117e-44
1.4013e-44
1.54143e-44
1.68156e-44
1.82169e-44
1.82169e-44
1.82169e-44
1.82169e-44
1.68156e-44
1.54143e-44
1.4013e-44
1.26117e-44
1.12104e-44
9.80909e-45
7.00649e-45
4.2039e-45
1.4013e-45
-1.4013e-45
-4.2039e-45
-7.00649e-45
-9.80909e-45
-1.26117e-44
-1.4013e-44
-1.54143e-44
-1.68156e-44
-1.82169e-44
-1.82169e-44
-1.82169e-44
-1.82169e-44
-1.68156e-44
-1.54143e-44
-1.4013e-44
-1.26117e-44
-1.12104e-44
-9.80909e-45
-7.00649e-45
-4.2039e-45
-1.4013e-45
1.4013e-45
4.2039e-45
7.00649e-45
9.80909e-45
1.26117e-44
1.4013e-44
1.54143e-44
1.68156e-44
1.82169e-44
1.82169e-44
1.82169e-44
1.82169e-44
1.68156e-44
1.54143e-44
1.4013e-44
1.26117e-44
1.12104e-44
9.80909e-45
7.00649e-45
4.2039e-45
1.4013e-45
-1.4013e-45
-4.2039e-45
-7.00649e-45
-9.80909e-45
-1.26117e-44
-1.4013e-44
-1.54143e-44
-1.68156e-44
-1.82169e-44
-1.82169e-44
-1.82169e-44
-1.82169e-44
-1.68156e-44
-1.54143e-44
-1.4013e-44
-1.26117e-44
-1.12104e-44
-9.80909e-45
-7.00649e-45
-4.2039e-45
-1.4013e-45
1.4013e-45
4.2039e-45
7.00649e-45
9.80909e-45
1.26117e-44
1.4013e-44
1.54143e-44
1.68156e-44
1.82169e-44
1.82169e-44
1.82169e-44
1.82169e-44
1.68156e-44
1.54143e-44
1.4013e-44
1.26117e-44
1.12104e-44
9.80909e-45
7.00649e-45
4.2039e-45
1.4013e-45
-1.4013e-45
-4.2039e-45
-7.00649e-45
-9.80909e-45
-1.26117e-44
-1.4013e-44
-1.54143e-44
-1.68156e-44
-1.82169e-44
-1.82169e-44
-1.82169e-44
-1.82169e-44
-1.68156e-44
-1.54143e-44
-1.4013e-44
-1.26117e-44
-1.12104e-44
-9.80909e-45
-7.00649e-45
-4.2039e-45
-1.4013e-45
1.4013e-45
4.2039e-45
7.00649e-45
9.80909e-45
1.26117e-44
1.4013e-44
1.54143e-44
1.68156e-44
1.82169e-44
1.82169e-44
1.82169e-44
1.82169e-44
1.68156e-44
1.54143e-44
1.4013e-44
1.26117e-44
1.12104e-44
9.80909e-45
7.00649e-45
4.2039e-45
1.4013e-45
-1.4013e-45
-4.2039e-45
-7.00649e-45
-9.80909e-45
-1.26117e-44
-1.4013e-44
-1.54143e-44
-1.68156e-44
-1.82169e-44
-1.82169e-44
-1.82169e-44
-1.82169e-44
-1.68156e-44
-1.54143e-44
-1.4013e-44
-1.26117e-44
-1.12104e-44
-9.80909e-45
-7.00649e-45
-4.2039e-45
-1.4013e-45
1.4013e-45
4.2039e-45
7.00649e-45
9.80909e-45
1.26117e-44
1.4013e-44
1.54143e-44
1.68156e-44
1.82169e-44
1.82169e-44
1.82169e-44
1.82169e-44
1.68156e-44
1.54143e-44
1.4013e-44
1.26117e-44
1.12104e-44
9.80909e-45
7.00649e-45
4.2039e-45
1.4013e-45
-1.4013e-45
-4.2039e-45
-7.00649e-45
-9.80909e-45
-1.26117e-44
-1.4013e-44
-1.54143e-44
-1.68156e-44
-1.82169e-44
-1.82169e-44
-1.82169e-44
-1.82169e-44
-1.68156e-44
-1.54143e-44
-1.4013e-44
-1.26117e-44
-1.12104e-44
-9.80909e-45
-7.00649e-45
-4.2039e-45
-1.4013e-45
1.4013e-45
4.2039e-45
7.00649e-45
9.80909e-45
1.26117e-44
1.4013e-44
1.54143e-44
1.68156e-44
1.82169e-44
1.82169e-44
1.82169e-44
1.82169e-44
1.68156e-44
1.54143e-44
1.4013e-44
1.26117e-44
1.12104e-44
9.80909e-45
7.00649e-45
4.2039e-45
1.4013e-45
-1.4013e-45
-4.2039e-45
-7.00649e-45
-9.80909e-45
-1.26117e-44
-1.4013e-44
-1.54143e-44
-1.68156e-44
-1.82169e-44
-1.82169e-44
-1.82169e-44
-1.82169e-44
-1.68156e-44
-1.54143e-44
-1.4013e-44
-1.26117e-44
-1.12104e-44
-9.80909e-45
-7.00649e-45
-4.2039e-45
-1.4013e-45
1.4013e-45
4.2039e-45
7.00649e-45
9.80909e-45
1.26117e-44
1.4013e-44
1.54143e-44
1.68156e-44
1.82169e-44
1.82169e-44
1.82169e-44
1.82169e-44
1.68156e-44
1.54143e-44
1.4013e-44
1.26117e-44
1.12104e-44
9.80909e-45
7.00649e-45
4.2039e-45
1.4013e-45
-1.4013e-45
-4.2039e-45
-7.00649e-45
-9.80909e-45
-1.26117e-44
-1.4013e-44
-1.54143e-44
-1.68156e-44
-1.82169e-44
-1.82169e-44
-1.82169e-44
-1.82169e-44
-1.68156e-44
-1.54143e-44
-1.4013e-44
-1.26117e-44
-1.12104e-44
-9.80909e-45
-7.00649e-45
-4.2039e-45
-1.4013e-45
1.4013e-45
4.2039e-45
7.00649e-45
9.80909e-45
1.26117e-44
1.4013e-44
1.54143e-44
1.68156e-44
1.82169e-44
1.82169e-44
1.82169e-44
1.82169e-44
1.68156e-44
1.54143e-44
1.4013e-44
1.26117e-44
1.12104e-44
9.80909e-45
7.00649e-45
4.2039e-45
1.4013e-45
-1.4013e-45
-4.2039e-45
-7.00649e-45
-9.80909e-45
-1.26117e-44
-1.4013e-44
-1.54143e-44
-1.68156e-44
-1.82169e-44
-1.82169e-44
-1.82169e-44
-1.82169e-44
-1.68156e-44
-1.54143e-44
-1.4013e-44
-1.26117e-44
-1.12104e-44
-9.80909e-45
-7.00649e-45
-4.2039e-45
-1.4013e-45
1.4013e-45
4.2039e-45
7.00649e-45
9.80909e-45
1.26117e-44
1.4013e-44
1.54143e-44
1.68156e-44
1.82169e-44
1.82169e-44
1.82169e-44
1.82169e-44
1.68156e-44
1.54143e-44
1.4013e-44
1.26117e-44
1.12104e-44
9.80909e-45
7.00649e-45
4.2039e-45
1.4013e-45
-1.4013e-45
-4.2039e-45
-7.00649e-45
-9.80909e-45
-1.26117e-44
-1.4013e-44
-1.54143e-44
-1.68156e-44
-1.82169e-44
-1.82169e-44
-1.82169e-44
-1.82169e-44
-1.68156e-44
-1.54143e-44
-1.4013e-44
-1.26117e-44
-1.12104e-44
-9.80909e-45
-7.00649e-45
-4.2039e-45
-1.4013e-45
1.4013e-45
4.2039e-45
7.00649e-45
9.80909e-45
1.26117e-44
1.4013e-44
1.54143e-44
1.68156e-44
1.82169e-44
1.82169e-44
1.82169e-44
1.82169e-44
1.68156e-44
1.54143e-44
1.4013e-44
1.26117e-44
1.12104e-44
9.80909e-45
7.00649e-45
4.2039e-45
1.4013e-45
-1.4013e-45
-4.2039e-45
-7.00649e-45
-9.80909e-45
-1.26117e-44
-1.4013e-44
-1.54143e-44
-1.68156e-44
-1.82169e-44
-1.82169e-44
-1.82169e-44
-1.82169e-44
-1.68156e-44
-1.54143e-44
-1.4013e-44
-1.26117e-44
-1.12104e-44
-9.80909e-45
-7.00649e-45
-4.2039e-45
-1.4013e-45
1.4013e-45
4.2039e-45
7.00649e-45
9.80909e-45
1.26117e-44
1.4013e-44
1.54143e-44
1.68156e-44
1.82169e-44
1.82169e-44
1.82169e-44
1.82169e-44
1.68156e-44
1.54143e-44
1.4013e-44
1.26117e-44
1.12104e-44
9.80909e-45
7.00649e-45
4.2039e-45
1.4013e-45
-1.4013e-45
-4.2039e-45
-7.00649e-45
-9.80909e-45
-1.26117e-44
-1.4013e-44
-1.54143e-44
-1.68156e-44
-1.82169e-44
-1.82169e-44
-1.82169e-44
-1.82169e-44
-1.68156e-44
-1.54143e-44
-1.4013e-44
-1.26117e-44
-1.12104e-44
-9.80909e-45
-7.00649e-45
-4.2039e-45
-1.4013e-45
1.4013e-45
4.2039e-45
7.00649e-45
9.80909e-45
1.26117e-44
1.4013e-44
1.54143e-44
1.68156e-44
1.82169e-44
1.82169e-44
1.82169e-44
1.82169e-44
1.68156e-44
1.54143e-44
1.4013e-44
1.26117e-44
1.12104e-44
9.80909e-45
7.00649e-45
4.2039e-45
1.4013e-45
-1.4013e-45
-4.2039e-45
-7.00649e-45
-9.80909e-45
-1.26117e-44
-1.4013e-44
-1.54143e-44
-1.68156e-44
-1.82169e-44
-1.82169e-44
-1.82169e-44
-1.82169e-44
-1.68156e-44
-1.54143e-44
-1.4013e-44
-1.26117e-44
-1.12104e-44
-9.80909e-45
-7.00649e-45
-4.2039e-45
-1.4013e-45
1.4013e-45
4.2039e-45
7.00649e-45
9.80909e-45
1.26117e-44
1.4013e-44
1.54143e-44
1.68156e-44
1.82169e-44
1.82169e-44
1.82169e-44
1.82169e-44
1.68156e-44
1.54143e-44
1.4013e-44
1.26117e-44
1.12104e-44
9.80909e-45
7.00649e-45
4.2039e-45
1.4013e-45
-1.4013e-45
-4.2039e-45
-7.00649e-45
-9.80909e-45
-1.26117e-44
-1.4013e-44
-1.54143e-44
-1.68156e-44
-1.82169e-44
-1.82169e-44
-1.82169e-44
-1.82169e-44
-1.68156e-44
-1.54143e-44
-1.4013e-44
-1.26117e-44
-1.12104e-44
-9.80909e-45
-7.00649e-45
-4.2039e-45
-1.4013e-45
1.4013e-45
4.2039e-45
7.00649e-45
9.80909e-45
1.26117e-44
1.4013e-44
1.54143e-44
1.68156e-44
1.82169e-44
1.82169e-44
1.82169e-44
1.82169e-44
1.68156e-44
1.54143e-44
1.4013e-44
1.26117e-44
1.12104e-44
9.80909e-45
7.00649e-45
4.2039e-45
1.4013e-45
-1.4013e-45
-4.2039e-45
-7.00649e-45
-9.80909e-45
-1.26117e-44
-1.4013e-44
-1.54143e-44
-1.68156e-44
-1.82169e-44
-1.82169e-44
-1.82169e-44
-1.82169e-44
-1.68156e-44
-1.54143e-44
-1.4013e-44
-1.26117e-44
-1.12104e-44
-9.80909e-45
-7.00649e-45
-4.2039e-45
-1.4013e-45
1.4013e-45
4.2039e-45
7.00649e-45
9.80909e-45
1.26117e-44
1.4013e-44
1.54143e-44
1.68156e-44
1.82169e-44
1.82169e-44
1.82169e-44
1.82169e-44
1.68156e-44
1.54143e-44
1.4013e-44
1.26117e-44
1.12104e-44
9.80909e-45
7.00649e-45
4.2039e-45
1.4013e-45
-1.4013e-45
-4.2039e-45
-7.00649e-45
-9.80909e-45
-1.26117e-44
-1.4013e-44
-1.54143e-44
-1.68156e-44
-1.82169e-44
-1.82169e-44
-1.82169e-44
-1.82169e-44
-1.68156e-44
-1.54143e-44
-1.4013e-44
-1.26117e-44
-1.12104e-44
-9.80909e-45
-7.00649e-45
-4.2039e-45
-1.4013e-45
1.4013e-45
4.2039e-45
7.00649e-45
9.80909e-45
1.26117e-44
1.4013e-44
1.54143e-44
1.68156e-44
1.82169e-44
1.82169e-44
1.82169e-44
1.82169e-44
1.68156e-44
1.54143e-44
1.4013e-44
1.26117e-44
1.12104e-44
9.80909e-45
7.00649e-45
4.2039e-45
1.4013e-45
-1.4013e-45
-4.2039e-45
-7.00649e-45
-9.80909e-45
-1.26117e-44
-1.4013e-44
-1.54143e-44
-1.68156e-44
-1.82169e-44
-1.82169e-44
-1.82169e-44
-1.82169e-44
-1.68156e-44
-1.54143e-44
-1.4013e-44
-1.26117e-44
-1.12104e-44
-9.80909e-45
-7.00649e-45
-4.2039e-45
-1.4013e-45
1.4013e-45
4.2039e-45
7.00649e-45
9.80909e-45
1.26117e-44
1.4013e-44
1.54143e-44
1.68156e-44
1.82169e-44
1.82169e-44
1.82169e-44
1.82169e-44
1.68156e-44
1.54143e-44
1.4013e-44
1.26117e-44
1.12104e-44
9.80909e-45
7.00649e-45
4.2039e-45
1.4013e-45
-1.4013e-45
-4.2039e-45
-7.00649e-45
-9.80909e-45
-1.26117e-44
-1.4013e-44
-1.54143e-44
-1.68156e-44
-1.82169e-44
-1.82169e-44
-1.82169e-44
-1.82169e-44
-1.68156e-44
-1.54143e-44
-1.4013e-44
-1.26117e-44
-1.12104e-44
-9.80909e-45
-7.00649e-45
-4.2039e-45
-1.4013e-45
1.4013e-45
4.2039e-45
7.00649e-45
9.80909e-45
1.26117e-44
1.4013e-44
1.54143e-44
1.68156e-44
1.82169e-44
1.82169e-44
1.82169e-44
1.82169e-44
1.68156e-44
1.54143e-44
1.4013e-44
1.26117e-44
1.12104e-44
9.80909e-45
7.00649e-45
4.2039e-45
1.4013e-45
-1.4013e-45
-4.2039e-45
-7.00649e-45
-9.80909e-45
-1.26117e-44
-1.4013e-44
-1.54143e-44
-1.68156e-44
-1.82169e-44
-1.82169e-44
-1.82169e-44
-1.82169e-44
-1.68156e-44
-1.54143e-44
-1.4013e-44
-1.26117e-44
-1.12104e-44
-9.80909e-45
-7.00649e-45
-4.2039e-45
-1.4013e-45
1.4013e-45
4.2039e-45
7.00649e-45
9.80909e-45
1.26117e-44
1.4013e-44
1.54143e-44
1.68156e-44
1.82169e-44
1.82169e-44
1.82169e-44
1.82169e-44
1.68156e-44
1.54143e-44
1.4013e-44
1.26117e-44
1.12104e-44
9.80909e-45
7.00649e-45
4.2039e-45
1.4013e-45
-1.4013e-45
-4.2039e-45
-7.00649e-45
-9.80909e-45
-1.26117e-44
-1.4013e-44
-1.54143e-44
-1.68156e-44
-1.82169e-44
-1.82169e-44
-1.82169e-44
-1.82169e-44
-1.68156e-44
-1.54143e-44
-1.4013e-44
-1.26117e-44
-1.12104e-44
-9.80909e-45
-7.00649e-45
-4.2039e-45
-1.4013e-45
1.4013e-45
4.2039e-45
7.00649e-45
9.80909e-45
1.26117e-44
1.4013e-44
1.54143e-44
1.68156e-44
1.82169e-44
1.82169e-44
1.82169e-44
1.82169e-44
1.68156e-44
1.54143e-44
1.4013e-44
1.26117e-44
1.12104e-44
9.80909e-45
7.00649e-45
4.2039e-45
1.4013e-45
-1.4013e-45
-4.2039e-45
-7.00649e-45
-9.80909e-45
-1.26117e-44
-1.4013e-44
-1.54143e-44
-1.68156e-44
-1.82169e-44
-1.82169e-44
-1.82169e-44
-1.82169e-44
-1.68156e-44
-1.54143e-44
-1.4013e-44
-1.26117e-44
-1.12104e-44
-9.80909e-45
-7.00649e-45
-4.2039e-45
-1.4013e-45
1.4013e-45
4.2039e-45
7.00649e-45
9.80909e-45
1.26117e-44
1.4013e-44
1.54143e-44
1.68156e-44
1.82169e-44
1.82169e-44
1.82169e-44
1.82169e-44
1.68156e-44
1.54143e-44
1.4013e-44
1.26117e-44
1.12104e-44
9.80909e-45
7.00649e-45
4.2039e-45
1.4013e-45
-1.4013e-45
-4.2039e-45
-7.00649e-45
-9.80909e-45
-1.26117e-44
-1.4013e-44
-1.54143e-44
-1.68156e-44
-1.82169e-44
-1.82169e-44
-1.82169e-44
-1.82169e-44
-1.68156e-44
-1.54143e-44
-1.4013e-44
-1.26117e-44
-1.12104e-44
-9.80909e-45
-7.00649e-45
-4.2039e-45
-1.4013e-45
1.4013e-45
4.2039e-45
7.00649e-45
9.80909e-45
1.26117e-44
1.4013e-44
1.54143e-44
1.68156e-44
1.82169e-44
1.82169e-44
1.82169e-44
1.82169e-44
1.68156e-44
1.54143e-44
1.4013e-44
1.26117e-44
1.12104e-44
9.80909e-45
7.00649e-45
4.2039e-45
1.4013e-45
-1.4013e-45
-4.2039e-45
-7.00649e-45
-9.80909e-45
-1.26117e-44
-1.4013e-44
-1.54143e-44
-1.68156e-44
-1.82169e-44
-1.82169e-44
-1.82169e-44
-1.82169e-44
-1.68156e-44
-1.54143e-44
-1.4013e-44
-1.26117e-44
-1.12104e-44
-9.80909e-45
-7.00649e-45
-4.2039e-45
-1.4013e-45
1.4013e-45
4.2039e-45
7.00649e-45
9.80909e-45
1.26117e-44
1.4013e-44
1.54143e-44
1.68156e-44
1.82169e-44
1.82169e-44
1.82169e-44
1.82169e-44
1.68156e-44
1.54143e-44
1.4013e-44
1.26117e-44
1.12104e-44
9.80909e-45
7.00649e-45
4.2039e-45
1.4013e-45
-1.4013e-45
-4.2039e-45
-7.00649e-45
-9.80909e-45
-1.26117e-44
-1.4013e-44
-1.54143e-44
-1.68156e-44
-1.82169e-44
-1.82169e-44
-1.82169e-44
-1.82169e-44
-1.68156e-44
-1.54143e-44
-1.4013e-44
-1.26117e-44
-1.12104e-44
-9.80909e-45
-7.00649e-45
-4.2039e-45
-1.4013e-45
1.4013e-45
4.2039e-45
7.00649e-45
9.80909e-45
1.26117e-44
1.4013e-44
1.54143e-44
1.68156e-44
1.82169e-44
1.82169e-44
1.82169e-44
1.82169e-44
1.68156e-44
1.54143e-44
1.4013e-44
1.26117e-44
1.12104e-44
9.80909e-45
7.00649e-45
4.2039e-45
1.4013e-45
-1.4013e-45
-4.2039e-45
-7.00649e-45
-9.80909e-45
-1.26117e-44
-1.4013e-44
-1.54143e-44
-1.68156e-44
-1.82169e-44
-1.82169e-44
-1.82169e-44
-1.82169e-44
-1.68156e-44
-1.54143e-44
-1.4013e-44
-1.26117e-44
-1.12104e-44
-9.80909e-45
-7.00649e-45
-4.2039e-45
-1.4013e-45
1.4013e-45
4.2039e-45
7.00649e-45
9.80909e-45
1.26117e-44
1.4013e-44
1.54143e-44
1.68156e-44
1.82169e-44
1.82169e-44
1.82169e-44
1.82169e-44
1.68156e-44
1.54143e-44
1.4013e-44
1.26117e-44
1.12104e-44
9.80909e-45
7.00649e-45
4.2039e-45
1.4013e-45
-1.4013e-45
-4.2039e-45
-7.00649e-45
-9.80909e-45
-1.26117e-44
-1.4013e-44
-1.54143e-44
-1.68156e-44
-1.82169e-44
-1.82169e-44
-1.82169e-44
-1.82169e-44
-1.68156e-44
-1.54143e-44
-1.4013e-44
-1.26117e-44
-1.12104e-44
-9.80909e-45
-7.00649e-45
-4.2039e-45
-1.4013e-45
1.4013e-45
4.2039e-45
7.00649e-45
9.80909e-45
1.26117e-44
1.4013e-44
1.54143e-44
1.68156e-44
1.82169e-44
1.82169e-44
1.82169e-44
1.82169e-44
1.68156e-44
1.54143e-44
1.4013e-44
1.26117e-44
1.12104e-44
9.80909e-45
7.00649e-45
4.2039e-45
1.4013e-45
-1.4013e-45
-4.2039e-45
-7.00649e-45
-9.80909e-45
-1.26117e-44
-1.4013e-44
-1.54143e-44
-1.68156e-44
-1.82169e-44
-1.82169e-44
-1.82169e-44
-1.82169e-44
-1.68156e-44
-1.54143e-44
-1.4013e-44
-1.26117e-44
-1.12104e-44
-9.80909e-45
-7.00649e-45
-4.2039e-45
-1.4013e-45
1.4013e-45
4.2039e-45
7.00649e-45
9.80909e-45
1.26117e-44
1.4013e-44
1.54143e-44
1.68156e-44
1.82169e-44
1.82169e-44
1.82169e-44
1.82169e-44
1.68156e-44
1.54143e-44
1.4013e-44
1.26117e-44
1.12104e-44
9.80909e-45
7.00649e-45
4.2039e-45
1.4013e-45
-1.4013e-45
-4.2039e-45
-7.00649e-45
-9.80909e-45
-1.26117e-44
-1.4013e-44
-1.54143e-44
-1.68156e-44
-1.82169e-44
-1.82169e-44
-1.82169e-44
-1.82169e-44
-1.68156e-44
-1.54143e-44
-1.4013e-44
-1.26117e-44
-1.12104e-44
-9.80909e-45
-7.00649e-45
-4.2039e-45
-1.4013e-45
1.4013e-45
4.2039e-45
7.00649e-45
9.80909e-45
1.26117e-44
1.4013e-44
1.54143e-44
1.68156e-44
1.82169e-44
1.82169e-44
1.82169e-44
1.82169e-44
1.68156e-44
1.54143e-44
1.4013e-44
1.26117e-44
1.12104e-44
9.80909e-45
7.00649e-45
4.2039e-45
1.4013e-45
-1.4013e-45
-4.2039e-45
-7.00649e-45
-9.80909e-45
-1.26117e-44
-1.4013e-44
-1.54143e-44
-1.68156e-44
-1.82169e-44
-1.82169e-44
-1.82169e-44
-1.82169e-44
-1.68156e-44
-1.54143e-44
-1.4013e-44
-1.26117e-44
-1.12104e-44
-9.80909e-45
-7.00649e-45
-4.2039e-45
-1.4013e-45
1.4013e-45
4.2039e-45
7.00649e-45
9.80909e-45
1.26117e-44
1.4013e-44
1.54143e-44
1.68156e-44
1.82169e-44
1.82169e-44
1.82169e-44
1.82169e-44
1.68156e-44
1.54143e-44
1.4013e-44
1.26117e-44
1.12104e-44
9.80909e-45
7.00649e-45
4.2039e-45
1.4013e-45
-1.4013e-45
-4.2039e-45
-7.00649e-45
-9.80909e-45
-1.26117e-44
-1.4013e-44
-1.54143e-44
-1.68156e-44
-1.82169e-44
-1.82169e-44
-1.82169e-44
-1.82169e-44
-1.68156e-44
-1.54143e-44
-1.4013e-44
-1.26117e-44
-1.12104e-44
-9.80909e-45
-7.00649e-45
-4.2039e-45
-1.4013e-45
1.4013e-45
4.2039e-45
7.00649e-45
9.80909e-45
1.26117e-44
1.4013e-44
1.54143e-44
1.68156e-44
1.82169e-44
1.82169e-44
1.82169e-44
1.82169e-44
1.68156e-44
1.54143e-44
1.4013e-44
1.26117e-44
1.12104e-44
9.80909e-45
7.00649e-45
4.2039e-45
1.4013e-45
-1.4013e-45
-4.2039e-45
-7.00649e-45
-9.80909e-45
-1.26117e-44
-1.4013e-44
-1.54143e-44
-1.68156e-44
-1.82169e-44
-1.82169e-44
-1.82169e-44
-1.82169e-44
-1.68156e-44
-1.54143e-44
-1.4013e-44
-1.26117e-44
-1.12104e-44
-9.80909e-45
-7.00649e-45
-4.2039e-45
-1.4013e-45
1.4013e-45
4.2039e-45
7.00649e-45
9.80909e-45
1.26117e-44
1.4013e-44
1.54143e-44
1.68156e-44
1.82169e-44
1.82169e-44
1.82169e-44
1.82169e-44
1.68156e-44
1.54143e-44
1.4013e-44
1.26117e-44
1.12104e-44
9.80909e-45
7.00649e-45
4.2039e-45
1.4013e-45
-1.4013e-45
-4.2039e-45
-7.00649e-45
-9.80909e-45
-1.26117e-44
-1.4013e-44
-1.54143e-44
-1.68156e-44
-1.82169e-44
-1.82169e-44
-1.82169e-44
-1.82169e-44
-1.68156e-44
-1.54143e-44
-1.4013e-44
-1.26117e-44
-1.12104e-44
-9.80909e-45
-7.00649e-45
-4.2039e-45
-1.4013e-45
1.4013e-45
4.2039e-45
7.00649e-45
9.80909e-45
1.26117e-44
1.4013e-44
1.54143e-44
1.68156e-44
1.82169e-44
1.82169e-44
1.82169e-44
1.82169e-44
1.68156e-44
1.54143e-44
1.4013e-44
1.26117e-44
1.12104e-44
9.80909e-45
7.00649e-45
4.2039e-45
1.4013e-45
-1.4013e-45
-4.2039e-45
-7.00649e-45
-9.80909e-45
-1.26117e-44
-1.4013e-44
-1.54143e-44
-1.68156e-44
-1.82169e-44
-1.82169e-44
-1.82169e-44
-1.82169e-44
-1.68156e-44
-1.54143e-44
-1.4013e-44
-1.26117e-44
-1.12104e-44
-9.80909e-45
-7.00649e-45
-4.2039e-45
-1.4013e-45
1.4013e-45
4.2039e-45
7.00649e-45
9.80909e-45
1.26117e-44
1.4013e-44
1.54143e-44
1.68156e-44
1.82169e-44
1.82169e-44
1.82169e-44
1.82169e-44
1.68156e-44
1.54143e-44
1.4013e-44
1.26117e-44
1.12104e-44
9.80909e-45
7.00649e-45
4.2039e-45
1.4013e-45
-1.4013e-45
-4.2039e-45
-7.00649e-45
-9.80909e-45
-1.26117e-44
-1.4013e-44
-1.54143e-44
-1.68156e-44
-1.82169e-44
-1.82169e-44
-1.82169e-44
-1.82169e-44
-1.68156e-44
-1.54143e-44
-1.4013e-44
-1.26117e-44
-1.12104e-44
-9.80909e-45
-7.00649e-45
-4.2039e-45
-1.4013e-45
1.4013e-45
4.2039e-45
7.00649e-45
9.80909e-45
1.26117e-44
1.4013e-44
1.54143e-44
1.68156e-44
1.82169e-44
1.82169e-44
1.82169e-44
1.82169e-44
1.68156e-44
1.54143e-44
1.4013e-44
1.26117e-44
1.12104e-44
9.80909e-45
7.00649e-45
4.2039e-45
1.4013e-45
-1.4013e-45
-4.2039e-45
-7.00649e-45
-9.80909e-45
-1.26117e-44
-1.4013e-44
-1.54143e-44
-1.68156e-44
-1.82169e-44
-1.82169e-44
-1.82169e-44
-1.82169e-44
-1.68156e-44
-1.54143e-44
-1.4013e-44
-1.26117e-44
-1.12104e-44
-9.80909e-45
-7.00649e-45
-4.2039e-45
-1.4013e-45
1.4013e-45
4.2039e-45
7.00649e-45
9.80909e-45
1.26117e-44
1.4013e-44
1.54143e-44
1.68156e-44
1.82169e-44
1.82169e-44
1.82169e-44
1.82169e-44
1.68156e-44
1.54143e-44
1.4013e-44
1.26117e-44
1.12104e-44
9.80909e-45
7.00649e-45
4.2039e-45
1.4013e-45
-1.4013e-45
-4.2039e-45
-7.00649e-45
-9.80909e-45
-1.26117e-44
-1.4013e-44
-1.54143e-44
-1.68156e-44
-1.82169e-44
-1.82169e-44
-1.82169e-44
-1.82169e-44
-1.68156e-44
-1.54143e-44
-1.4013e-44
-1.26117e-44
-1.12104e-44
-9.80909e-45
-7.00649e-45
-4.2039e-45
-1.4013e-45
1.4013e-45
4.2039e-45
7.00649e-45
9.80909e-45
1.26117e-44
1.4013e-44
1.54143e-44
1.68156e-44
1.82169e-44
1.82169e-44
1.82169e-44
1.82169e-44
1.68156e-44
1.54143e-44
1.4013e-44
1.26117e-44
1.12104e-44
9.80909e-45
7.00649e-45
4.2039e-45
1.4013e-45
-1.4013e-45
-4.2039e-45
-7.00649e-45
-9.80909e-45
-1.26117e-44
-1.4013e-44
-1.54143e-44
-1.68156e-44
-1.82169e-44
-1.82169e-44
-1.82169e-44
-1.82169e-44
-1.68156e-44
-1.54143e-44
-1.4013e-44
-1.26117e-44
-1.12104e-44
-9.80909e-45
-7.00649e-45
-4.2039e-45
-1.4013e-45
1.4013e-45
4.2039e-45
7.00649e-45
9.80909e-45
1.26117e-44
1.4013e-44
1.54143e-44
1.68156e-44
1.82169e-44
1.82169e-44
1.82169e-44
1.82169e-44
1.68156e-44
1.54143e-44
1.4013e-44
1.26117e-44
1.12104e-44
9.80909e-45
7.00649e-45
4.2039e-45
1.4013e-45
-1.4013e-45
-4.2039e-45
-7.00649e-45
-9.80909e-45
-1.26117e-44
-1.4013e-44
-1.54143e-44
-1.68156e-44
-1.82169e-44
-1.82169e-44
-1.82169e-44
-1.82169e-44
-1.68156e-44
-1.54143e-44
-1.4013e-44
-1.26117e-44
-1.12104e-44
-9.80909e-45
-7.00649e-45
-4.2039e-45
-1.4013e-45
1.4013e-45
4.2039e-45
7.00649e-45
9.80909e-45
1.26117e-44
1.4013e-44
1.54143e-44
1.68156e-44
1.82169e-44
1.82169e-44
1.82169e-44
1.82169e-44
1.68156e-44
1.54143e-44
1.4013e-44
1.26117e-44
1.12104e-44
9.80909e-45
7.00649e-45
4.2039e-45
1.4013e-45
-1.4013e-45
-4.2039e-45
-7.00649e-45
-9.80909e-45
-1.26117e-44
-1.4013e-44
-1.54143e-44
-1.68156e-44
-1.82169e-44
-1.82169e-44
-1.82169e-44
-1.82169e-44
-1.68156e-44
-1.54143e-44
-1.4013e-44
-1.26117e-44
-1.12104e-44
-9.80909e-45
-7.00649e-45
-4.2039e-45
-1.4013e-45
1.4013e-45
4.2039e-45
7.00649e-45
9.80909e-45
1.26117e-44
1.4013e-44
1.54143e-44
1.68156e-44
1.82169e-44
1.82169e-44
1.82169e-44
1.82169e-44
1.68156e-44
1.54143e-44
1.4013e-44
1.26117e-44
1.12104e-44
9.80909e-45
7.00649e-45
4.2039e-45
1.4013e-45
-1.4013e-45
-4.2039e-45
-7.00649e-45
-9.80909e-45
-1.26117e-44
-1.4013e-44
-1.54143e-44
-1.68156e-44
-1.82169e-44
-1.82169e-44
-1.82169e-44
-1.82169e-44
-1.68156e-44
-1.54143e-44
-1.4013e-44
-1.26117e-44
-1.12104e-44
-9.80909e-45
-7.00649e-45
-4.2039e-45
-1.4013e-45
1.4013e-45
4.2039e-45
7.00649e-45
9.80909e-45
1.26117e-44
1.4013e-44
1.54143e-44
1.68156e-44
1.82169e-44
1.82169e-44
1.82169e-44
1.82169e-44
1.68156e-44
1.54143e-44
1.4013e-44
1.26117e-44
1.12104e-44
9.80909e-45
7.00649e-45
4.2039e-45
1.4013e-45
-1.4013e-45
-4.2039e-45
-7.00649e-45
-9.80909e-45
-1.26117e-44
-1.4013e-44
-1.54143e-44
-1.68156e-44
-1.82169e-44
-1.82169e-44
-1.82169e-44
-1.82169e-44
-1.68156e-44
-1.54143e-44
-1.4013e-44
-1.26117e-44
-1.12104e-44
-9.80909e-45
-7.00649e-45
-4.2039e-45
-1.4013e-45
1.4013e-45
4.2039e-45
7.00649e-45
9.80909e-45
1.26117e-44
1.4013e-44
1.54143e-44
1.68156e-44
1.82169e-44
1.82169e-44
1.82169e-44
1.82169e-44
1.68156e-44
1.54143e-44
1.4013e-44
1.26117e-44
1.12104e-44
9.80909e-45
7.00649e-45
4.2039e-45
1.4013e-45
-1.4013e-45
-4.2039e-45
-7.00649e-45
-9.80909e-45
-1.26117e-44
-1.4013e-44
-1.54143e-44
-1.68156e-44
-1.82169e-44
-1.82169e-44
-1.82169e-44
-1.82169e-44
-1.68156e-44
-1.54143e-44
-1.4013e-44
-1.26117e-44
-1.12104e-44
-9.80909e-45
-7.00649e-45
-4.2039e-45
-1.4013e-45
1.4013e-45
4.2039e-45
7.00649e-45
9.80909e-45
1.26117e-44
1.4013e-44
1.54143e-44
1.68156e-44
1.82169e-44
1.82169e-44
1.82169e-44
1.82169e-44
1.68156e-44
1.54143e-44
1.4013e-44
1.26117e-44
1.12104e-44
9.80909e-45
7.00649e-45
4.2039e-45
1.4013e-45
-1.4013e-45
-4.2039e-45
-7.00649e-45
-9.80909e-45
-1.26117e-44
-1.4013e-44
-1.54143e-44
-1.68156e-44
-1.82169e-44
-1.82169e-44
-1.82169e-44
-1.82169e-44
-1.68156e-44
-1.54143e-44
-1.4013e-44
-1.26117e-44
-1.12104e-44
-9.80909e-45
-7.00649e-45
-4.2039e-45
-1.4013e-45
1.4013e-45
4.2039e-45
7.00649e-45
9.80909e-45
1.26117e-44
1.4013e-44
1.54143e-44
1.68156e-44
1.82169e-44
1.82169e-44
1.82169e-44
1.82169e-44
1.68156e-44
1.54143e-44
1.4013e-44
1.26117e-44
1.12104e-44
9.80909e-45
7.00649e-45
4.2039e-45
1.4013e-45
-1.4013e-45
-4.2039e-45
-7.00649e-45
-9.80909e-45
-1.26117e-44
-1.4013e-44
-1.54143e-44
-1.68156e-44
-1.82169e-44
-1.82169e-44
-1.82169e-44
-1.82169e-44
-1.68156e-44
-1.54143e-44
-1.4013e-44
-1.26117e-44
-1.12104e-44
-9.80909e-45
-7.00649e-45
-4.2039e-45
-1.4013e-45
1.4013e-45
4.2039e-45
7.00649e-45
9.80909e-45
1.26117e-44
1.4013e-44
1.54143e-44
1.68156e-44
1.82169e-44
1.82169e-44
1.82169e-44
1.82169e-44
1.68156e-44
1.54143e-44
1.4013e-44
1.26117e-44
1.12104e-44
9.80909e-45
7.00649e-45
4.2039e-45
1.4013e-45
-1.4013e-45
-4.2039e-45
-7.00649e-45
-9.80909e-45
-1.26117e-44
-1.4013e-44
-1.54143e-44
-1.68156e-44
-1.82169e-44
-1.82169e-44
-1.82169e-44
-1.82169e-44
-1.68156e-44
-1.54143e-44
-1.4013e-44
-1.26117e-44
-1.12104e-44
-9.80909e-45
-7.00649e-45
-4.2039e-45
-1.4013e-45
1.4013e-45
4.2039e-45
7.00649e-45
9.80909e-45
1.26117e-44
1.4013e-44
1.54143e-44
1.68156e-44
1.82169e-44
1.82169e-44
1.82169e-44
1.82169e-44
1.68156e-44
1.54143e-44
1.4013e-44
1.26117e-44
1.12104e-44
9.80909e-45
7.00649e-45
4.2039e-45
1.4013e-45
-1.4013e-45
-4.2039e-45
-7.00649e-45
-9.80909e-45
-1.26117e-44
-1.4013e-44
-1.54143e-44
-1.68156e-44
-1.82169e-44
-1.82169e-44
-1.82169e-44
-1.82169e-44
-1.68156e-44
-1.54143e-44
-1.4013e-44
-1.26117e-44
-1.12104e-44
-9.80909e-45
-7.00649e-45
-4.2039e-45
-1.4013e-45
1.4013e-45
4.2039e-45
7.00649e-45
9.80909e-45
1.26117e-44
1.4013e-44
1.54143e-44
1.68156e-44
1.82169e-44
1.82169e-44
1.82169e-44
1.82169e-44
1.68156e-44
1.54143e-44
1.4013e-44
1.26117e-44
1.12104e-44
9.80909e-45
7.00649e-45
4.2039e-45
1.4013e-45
-1.4013e-45
-4.2039e-45
-7.00649e-45
-9.80909e-45
-1.26117e-44
-1.4013e-44
-1.54143e-44
-1.68156e-44
-1.82169e-44
-1.82169e-44
-1.82169e-44
-1.82169e-44
-1.68156e-44
-1.54143e-44
-1.4013e-44
-1.26117e-44
-1.12104e-44
-9.80909e-45
-7.00649e-45
-4.2039e-45
-1.4013e-45
1.4013e-45
4.2039e-45
7.00649e-45
9.80909e-45
1.26117e-44
1.4013e-44
1.54143e-44
1.68156e-44
1.82169e-44
1.82169e-44
1.82169e-44
1.82169e-44
1.68156e-44
1.54143e-44
1.4013e-44
1.26117e-44
1.12104e-44
9.80909e-45
7.00649e-45
4.2039e-45
1.4013e-45
-1.4013e-45
-4.2039e-45
-7.00649e-45
-9.80909e-45
-1.26117e-44
-1.4013e-44
-1.54143e-44
-1.68156e-44
-1.82169e-44
-1.82169e-44
-1.82169e-44
-1.82169e-44
-1.68156e-44
-1.54143e-44
-1.4013e-44
-1.26117e-44
-1.12104e-44
-9.80909e-45
-7.00649e-45
-4.2039e-45
-1.4013e-45
1.4013e-45
4.2039e-45
7.00649e-45
9.80909e-45
1.26117e-44
1.4013e-44
1.54143e-44
1.68156e-44
1.82169e-44
1.82169e-44
1.82169e-44
1.82169e-44
1.68156e-44
1.54143e-44
1.4013e-44
1.26117e-44
1.12104e-44
9.80909e-45
7.00649e-45
4.2039e-45
1.4013e-45
-1.4013e-45
-4.2039e-45
-7.00649e-45
-9.80909e-45
-1.26117e-44
-1.4013e-44
-1.54143e-44
-1.68156e-44
-1.82169e-44
-1.82169e-44
-1.82169e-44
-1.82169e-44
-1.68156e-44
-1.54143e-44
-1.4013e-44
-1.26117e-44
-1.12104e-44
-9.80909e-45
-7.00649e-45
-4.2039e-45
-1.4013e-45
1.4013e-45
4.2039e-45
7.00649e-45
9.80909e-45
1.26117e-44
1.4013e-44
1.54143e-44
1.68156e-44
1.82169e-44
1.82169e-44
1.82169e-44
1.82169e-44
1.68156e-44
1.54143e-44
1.4013e-44
1.26117e-44
1.12104e-44
9.80909e-45
7.00649e-45
4.2039e-45
1.4013e-45
-1.4013e-45
-4.2039e-45
-7.00649e-45
-9.80909e-45
-1.26117e-44
-1.4013e-44
-1.54143e-44
-1.68156e-44
-1.82169e-44
-1.82169e-44
-1.82169e-44
-1.82169e-44
-1.68156e-44
-1.54143e-44
-1.4013e-44
-1.26117e-44
-1.12104e-44
-9.80909e-45
-7.00649e-45
-4.2039e-45
-1.4013e-45
1.4013e-45
4.2039e-45
7.00649e-45
9.80909e-45
1.26117e-44
1.4013e-44
1.54143e-44
1.68156e-44
1.82169e-44
1.82169e-44
1.82169e-44
1.82169e-44
1.68156e-44
1.54143e-44
1.4013e-44
1.26117e-44
1.12104e-44
9.80909e-45
7.00649e-45
4.2039e-45
1.4013e-45
-1.4013e-45
-4.2039e-45
-7.00649e-45
-9.80909e-45
-1.26117e-44
-1.4013e-44
-1.54143e-44
-1.68156e-44
-1.82169e-44
-1.82169e-44
-1.82169e-44
-1.82169e-44
-1.68156e-44
-1.54143e-44
-1.4013e-44
-1.26117e-44
-1.12104e-44
-9.80909e-45
-7.00649e-45
-4.2039e-45
-1.4013e-45
1.4013e-45
4.2039e-45
7.00649e-45
9.80909e-45
1.26117e-44
1.4013e-44
1.54143e-44
1.68156e-44
1.82169e-44
1.82169e-44
1.82169e-44
1.82169e-44
1.68156e-44
1.54143e-44
1.4013e-44
1.26117e-44
1.12104e-44
9.80909e-45
7.00649e-45
4.2039e-45
1.4013e-45
-1.4013e-45
-4.2039e-45
-7.00649e-45
-9.80909e-45
-1.26117e-44
-1.4013e-44
-1.54143e-44
-1.68156e-44
-1.82169e-44
-1.82169e-44
-1.82169e-44
-1.82169e-44
-1.68156e-44
-1.54143e-44
-1.4013e-44
-1.26117e-44
-1.12104e-44
-9.80909e-45
-7.00649e-45
-4.2039e-45
-1.4013e-45
1.4013e-45
4.2039e-45
7.00649e-45
9.80909e-45
1.26117e-44
1.4013e-44
1.54143e-44
1.68156e-44
1.82169e-44
1.82169e-44
1.82169e-44
1.82169e-44
1.68156e-44
1.54143e-44
1.4013e-44
1.26117e-44
1.12104e-44
9.80909e-45
7.00649e-45
4.2039e-45
1.4013e-45
-1.4013e-45
-4.2039e-45
-7.00649e-45
-9.80909e-45
-1.26117e-44
-1.4013e-44
-1.54143e-44
-1.68156e-44
-1.82169e-44
-1.82169e-44
-1.82169e-44
-1.82169e-44
-1.68156e-44
-1.54143e-44
-1.4013e-44
-1.26117e-44
-1.12104e-44
-9.80909e-45
-7.00649e-45
-4.2039e-45
-1.4013e-45
1.4013e-45
4.2039e-45
7.00649e-45
9.80909e-45
1.26117e-44
1.4013e-44
1.54143e-44
1.68156e-44
1.82169e-44
1.82169e-44
1.82169e-44
1.82169e-44
1.68156e-44
1.54143e-44
1.4013e-44
1.26117e-44
1.12104e-44
9.80909e-45
7.00649e-45
4.2039e-45
1.4013e-45
-1.4013e-45
-4.2039e-45
-7.00649e-45
-9.80909e-45
-1.26117e-44
-1.4013e-44
-1.54143e-44
-1.68156e-44
-1.82169e-44
-1.82169e-44
-1.82169e-44
-1.82169e-44
-1.68156e-44
-1.54143e-44
-1.4013e-44
-1.26117e-44
-1.12104e-44
-9.80909e-45
-7.00649e-45
-4.2039e-45
-1.4013e-45
1.4013e-45
4.2039e-45
7.00649e-45
9.80909e-45
1.26117e-44
1.4013e-44
1.54143e-44
1.68156e-44
1.82169e-44
1.82169e-44
1.82169e-44
1.82169e-44
1.68156e-44
1.54143e-44
1.4013e-44
1.26117e-44
1.12104e-44
9.80909e-45
7.00649e-45
4.2039e-45
1.4013e-45
-1.4013e-45
-4.2039e-45
-7.00649e-45
-9.80909e-45
-1.26117e-44
-1.4013e-44
-1.54143e-44
-1.68156e-44
-1.82169e-44
-1.82169e-44
-1.82169e-44
-1.82169e-44
-1.68156e-44
-1.54143e-44
-1.4013e-44
-1.26117e-44
-1.12104e-44
-9.80909e-45
-7.00649e-45
-4.2039e-45
-1.4013e-45
1.4013e-45
4.2039e-45
7.00649e-45
9.80909e-45
1.26117e-44
1.4013e-44
1.54143e-44
1.68156e-44
1.82169e-44
1.82169e-44
1.82169e-44
1.82169e-44
1.68156e-44
1.54143e-44
1.4013e-44
1.26117e-44
1.12104e-44
9.80909e-45
7.00649e-45
4.2039e-45
1.4013e-45
-1.4013e-45
-4.2039e-45
-7.00649e-45
-9.80909e-45
-1.26117e-44
-1.4013e-44
-1.54143e-44
-1.68156e-44
-1.82169e-44
-1.82169e-44
-1.82169e-44
-1.82169e-44
-1.68156e-44
-1.54143e-44
-1.4013e-44
-1.26117e-44
-1.12104e-44
-9.80909e-45
-7.00649e-45
-4.2039e-45
-1.4013e-45
1.4013e-45
4.2039e-45
7.00649e-45
9.80909e-45
1.26117e-44
1.4013e-44
1.54143e-44
1.68156e-44
1.82169e-44
1.82169e-44
1.82169e-44
1.82169e-44
1.68156e-44
1.54143e-44
1.4013e-44
1.26117e-44
1.12104e-44
9.80909e-45
7.00649e-45
4.2039e-45
1.4013e-45
-1.4013e-45
-4.2039e-45
-7.00649e-45
-9.80909e-45
-1.26117e-44
-1.4013e-44
-1.54143e-44
-1.68156e-44
-1.82169e-44
-1.82169e-44
-1.82169e-44
-1.82169e-44
-1.68156e-44
-1.54143e-44
-1.4013e-44
-1.26117e-44
-1.12104e-44
-9.80909e-45
-7.00649e-45
-4.2039e-45
-1.4013e-45
1.4013e-45
4.2039e-45
7.00649e-45
9.80909e-45
1.26117e-44
1.4013e-44
1.54143e-44
1.68156e-44
1.82169e-44
1.82169e-44
1.82169e-44
1.82169e-44
1.68156e-44
1.54143e-44
1.4013e-44
1.26117e-44
1.12104e-44
9.80909e-45
7.00649e-45
4.2039e-45
1.4013e-45
-1.4013e-45
-4.2039e-45
-7.00649e-45
-9.80909e-45
-1.26117e-44
-1.4013e-44
-1.54143e-44
-1.68156e-44
-1.82169e-44
-1.82169e-44
-1.82169e-44
-1.82169e-44
-1.68156e-44
-1.54143e-44
-1.4013e-44
-1.26117e-44
-1.12104e-44
-9.80909e-45
-7.00649e-45
-4.2039e-45
-1.4013e-45
1.4013e-45
4.2039e-45
7.00649e-45
9.80909e-45
1.26117e-44
1.4013e-44
1.54143e-44
1.68156e-44
1.82169e-44
1.82169e-44
1.82169e-44
1.82169e-44
1.68156e-44
1.54143e-44
1.4013e-44
1.26117e-44
1.12104e-44
9.80909e-45
7.00649e-45
4.2039e-45
1.4013e-45
-1.4013e-45
-4.2039e-45
-7.00649e-45
-9.80909e-45
-1.26117e-44
-1.4013e-44
-1.54143e-44
-1.68156e-44
-1.82169e-44
-1.82169e-44
-1.82169e-44
-1.82169e-44
-1.68156e-44
-1.54143e-44
-1.4013e-44
-1.26117e-44
-1.12104e-44
-9.80909e-45
-7.00649e-45
-4.2039e-45
-1.4013e-45
1.4013e-45
4.2039e-45
7.00649e-45
9.80909e-45
1.26117e-44
1.4013e-44
1.54143e-44
1.68156e-44
1.82169e-44
1.82169e-44
1.82169e-44
1.82169e-44
1.68156e-44
1.54143e-44
1.4013e-44
1.26117e-44
1.12104e-44
9.80909e-45
7.00649e-45
4.2039e-45
1.4013e-45
-1.4013e-45
-4.2039e-45
-7.00649e-45
-9.80909e-45
-1.26117e-44
-1.4013e-44
-1.54143e-44
-1.68156e-44
-1.82169e-44
-1.82169e-44
-1.82169e-44
-1.82169e-44
-1.68156e-44
-1.54143e-44
-1.4013e-44
-1.26117e-44
-1.12104e-44
-9.80909e-45
-7.00649e-45
-4.2039e-45
-1.4013e-45
1.4013e-45
4.2039e-45
7.00649e-45
9.80909e-45
1.26117e-44
1.4013e-44
1.54143e-44
1.68156e-44
1.82169e-44
1.82169e-44
1.82169e-44
1.82169e-44
1.68156e-44
1.54143e-44
1.4013e-44
1.26117e-44
1.12104e-44
9.80909e-45
7.00649e-45
4.2039e-45
1.4013e-45
-1.4013e-45
-4.2039e-45
-7.00649e-45
-9.80909e-45
-1.26117e-44
-1.4013e-44
-1.54143e-44
-1.68156e-44
-1.82169e-44
-1.82169e-44
-1.82169e-44
-1.82169e-44
-1.68156e-44
-1.54143e-44
-1.4013e-44
-1.26117e-44
-1.12104e-44
-9.80909e-45
-7.00649e-45
-4.2039e-45
-1.4013e-45
1.4013e-45
4.2039e-45
7.00649e-45
9.80909e-45
1.26117e-44
1.4013e-44
1.54143e-44
1.68156e-44
1.82169e-44
1.82169e-44
1.82169e-44
1.82169e-44
1.68156e-44
1.54143e-44
1.4013e-44
1.26117e-44
1.12104e-44
9.80909e-45
7.00649e-45
4.2039e-45
1.4013e-45
-1.4013e-45
-4.2039e-45
-7.00649e-45
-9.80909e-45
-1.26117e-44
-1.4013e-44
-1.54143e-44
-1.68156e-44
-1.82169e-44
-1.82169e-44
-1.82169e-44
-1.82169e-44
-1.68156e-44
-1.54143e-44
-1.4013e-44
-1.26117e-44
-1.12104e-44
-9.80909e-45
-7.00649e-45
-4.2039e-45
-1.4013e-45
1.4013e-45
4.2039e-45
7.00649e-45
9.80909e-45
1.26117e-44
1.4013e-44
1.54143e-44
1.68156e-44
1.82169e-44
1.82169e-44
1.82169e-44
1.82169e-44
1.68156e-44
1.54143e-44
1.4013e-44
1.26117e-44
1.12104e-44
9.80909e-45
7.00649e-45
4.2039e-45
1.4013e-45
-1.4013e-45
-4.2039e-45
-7.00649e-45
-9.80909e-45
-1.26117e-44
-1.4013e-44
-1.54143e-44
-1.68156e-44
-1.82169e-44
-1.82169e-44
-1.82169e-44
-1.82169e-44
-1.68156e-44
-1.54143e-44
-1.4013e-44
-1.26117e-44
-1.12104e-44
-9.80909e-45
-7.00649e-45
-4.2039e-45
-1.4013e-45
1.4013e-45
4.2039e-45
7.00649e-45
9.80909e-45
1.26117e-44
1.4013e-44
1.54143e-44
1.68156e-44
1.82169e-44
1.82169e-44
1.82169e-44
1.82169e-44
1.68156e-44
1.54143e-44
1.4013e-44
1.26117e-44
1.12104e-44
9.80909e-45
7.00649e-45
4.2039e-45
1.4013e-45
-1.4013e-45
-4.2039e-45
-7.00649e-45
-9.80909e-45
-1.26117e-44
-1.4013e-44
-1.54143e-44
-1.68156e-44
-1.82169e-44
-1.82169e-44
-1.82169e-44
-1.82169e-44
-1.68156e-44
-1.54143e-44
-1.4013e-44
-1.26117e-44
-1.12104e-44
-9.80909e-45
-7.00649e-45
-4.2039e-45
-1.4013e-45
1.4013e-45
4.2039e-45
7.00649e-45
9.80909e-45
1.26117e-44
1.4013e-44
1.54143e-44
1.68156e-44
1.82169e-44
1.82169e-44
1.82169e-44
1.82169e-44
1.68156e-44
1.54143e-44
1.4013e-44
1.26117e-44
1.12104e-44
9.80909e-45
7.00649e-45
4.2039e-45
1.4013e-45
-1.4013e-45
-4.2039e-45
-7.00649e-45
-9.80909e-45
-1.26117e-44
-1.4013e-44
-1.54143e-44
-1.68156e-44
-1.82169e-44
-1.82169e-44
-1.82169e-44
-1.82169e-44
-1.68156e-44
-1.54143e-44
-1.4013e-44
-1.26117e-44
-1.12104e-44
-9.80909e-45
-7.00649e-45
-4.2039e-45
-1.4013e-45
1.4013e-45
4.2039e-45
7.00649e-45
9.80909e-45
1.26117e-44
1.4013e-44
1.54143e-44
1.68156e-44
1.82169e-44
1.82169e-44
1.82169e-44
1.82169e-44
1.68156e-44
1.54143e-44
1.4013e-44
1.26117e-44
1.12104e-44
9.80909e-45
7.00649e-45
4.2039e-45
1.4013e-45
-1.4013e-45
-4.2039e-45
-7.00649e-45
-9.80909e-45
-1.26117e-44
-1.4013e-44
-1.54143e-44
-1.68156e-44
-1.82169e-44
-1.82169e-44
-1.82169e-44
-1.82169e-44
-1.68156e-44
-1.54143e-44
-1.4013e-44
-1.26117e-44
-1.12104e-44
-9.80909e-45
-7.00649e-45
-4.2039e-45
-1.4013e-45
1.4013e-45
4.2039e-45
7.00649e-45
9.80909e-45
1.26117e-44
1.4013e-44
1.54143e-44
1.68156e-44
1.82169e-44
1.82169e-44
1.82169e-44
1.82169e-44
1.68156e-44
1.54143e-44
1.4013e-44
1.26117e-44
1.12104e-44
9.80909e-45
7.00649e-45
4.2039e-45
1.4013e-45
-1.4013e-45
-4.2039e-45
-7.00649e-45
-9.80909e-45
-1.26117e-44
-1.4013e-44
-1.54143e-44
-1.68156e-44
-1.82169e-44
-1.82169e-44
-1.82169e-44
-1.82169e-44
-1.68156e-44
-1.54143e-44
-1.4013e-44
-1.26117e-44
-1.12104e-44
-9.80909e-45
-7.00649e-45
-4.2039e-45
-1.4013e-45
1.4013e-45
4.2039e-45
7.00649e-45
9.80909e-45
1.26117e-44
1.4013e-44
1.54143e-44
1.68156e-44
1.82169e-44
1.82169e-44
1.82169e-44
1.82169e-44
1.68156e-44
1.54143e-44
1.4013e-44
1.26117e-44
1.12104e-44
9.80909e-45
7.00649e-45
4.2039e-45
1.4013e-45
-1.4013e-45
-4.2039e-45
-7.00649e-45
-9.80909e-45
-1.26117e-44
-1.4013e-44
-1.54143e-44
-1.68156e-44
-1.82169e-44
-1.82169e-44
-1.82169e-44
-1.82169e-44
-1.68156e-44
-1.54143e-44
-1.4013e-44
-1.26117e-44
-1.12104e-44
-9.80909e-45
-7.00649e-45
-4.2039e-45
-1.4013e-45
1.4013e-45
4.2039e-45
7.00649e-45
9.80909e-45
1.26117e-44
1.4013e-44
1.54143e-44
1.68156e-44
1.82169e-44
1.82169e-44
1.82169e-44
1.82169e-44
1.68156e-44
1.54143e-44
1.4013e-44
1.26117e-44
1.12104e-44
9.80909e-45
7.00649e-45
4.2039e-45
1.4013e-45
-1.4013e-45
-4.2039e-45
-7.00649e-45
-9.80909e-45
-1.26117e-44
-1.4013e-44
-1.54143e-44
-1.68156e-44
-1.82169e-44
-1.82169e-44
-1.82169e-44
-1.82169e-44
-1.68156e-44
-1.54143e-44
-1.4013e-44
-1.26117e-44
-1.12104e-44
-9.80909e-45
-7.00649e-45
-4.2039e-45
-1.4013e-45
1.4013e-45
4.2039e-45
7.00649e-45
9.80909e-45
1.26117e-44
1.4013e-44
1.54143e-44
1.68156e-44
1.82169e-44
1.82169e-44
1.82169e-44
1.82169e-44
1.68156e-44
1.54143e-44
1.4013e-44
1.26117e-44
1.12104e-44
9.80909e-45
7.00649e-45
4.2039e-45
1.4013e-45
-1.4013e-45
-4.2039e-45
-7.00649e-45
-9.80909e-45
-1.26117e-44
-1.4013e-44
-1.54143e-44
-1.68156e-44
-1.82169e-44
-1.82169e-44
-1.82169e-44
-1.82169e-44
-1.68156e-44
-1.54143e-44
-1.4013e-44
-1.26117e-44
-1.12104e-44
-9.80909e-45
-7.00649e-45
-4.2039e-45
-1.4013e-45
1.4013e-45
4.2039e-45
7.00649e-45
9.80909e-45
1.26117e-44
1.4013e-44
1.54143e-44
1.68156e-44
1.82169e-44
1.82169e-44
1.82169e-44
1.82169e-44
1.68156e-44
1.54143e-44
1.4013e-44
1.26117e-44
1.12104e-44
9.80909e-45
7.00649e-45
4.2039e-45
1.4013e-45
-1.4013e-45
-4.2039e-45
-7.00649e-45
-9.80909e-45
-1.26117e-44
-1.4013e-44
-1.54143e-44
-1.68156e-44
-1.82169e-44
-1.82169e-44
-1.82169e-44
-1.82169e-44
-1.68156e-44
-1.54143e-44
-1.4013e-44
-1.26117e-44
-1.12104e-44
-9.80909e-45
-7.00649e-45
-4.2039e-45
-1.4013e-45
1.4013e-45
4.2039e-45
7.00649e-45
9.80909e-45
1.26117e-44
1.4013e-44
1.54143e-44
1.68156e-44
1.82169e-44
1.82169e-44
1.82169e-44
1.82169e-44
1.68156e-44
1.54143e-44
1.4013e-44
1.26117e-44
1.12104e-44
9.80909e-45
7.00649e-45
4.2039e-45
1.4013e-45
-1.4013e-45
-4.2039e-45
-7.00649e-45
-9.80909e-45
-1.26117e-44
-1.4013e-44
-1.54143e-44
-1.68156e-44
-1.82169e-44
-1.82169e-44
-1.82169e-44
-1.82169e-44
-1.68156e-44
-1.54143e-44
-1.4013e-44
-1.26117e-44
-1.12104e-44
-9.80909e-45
-7.00649e-45
-4.2039e-45
-1.4013e-45
1.4013e-45
4.2039e-45
7.00649e-45
9.80909e-45
1.26117e-44
1.4013e-44
1.54143e-44
1.68156e-44
1.82169e-44
1.82169e-44
1.82169e-44
1.82169e-44
1.68156e-44
1.54143e-44
1.4013e-44
1.26117e-44
1.12104e-44
9.80909e-45
7.00649e-45
4.2039e-45
1.4013e-45
-1.4013e-45
-4.2039e-45
-7.00649e-45
-9.80909e-45
-1.26117e-44
-1.4013e-44
-1.54143e-44
-1.68156e-44
-1.82169e-44
-1.82169e-44
-1.82169e-44
-1.82169e-44
-1.68156e-44
-1.54143e-44
-1.4013e-44
-1.26117e-44
-1.12104e-44
-9.80909e-45
-7.00649e-45
-4.2039e-45
-1.4013e-45
1.4013e-45
4.2039e-45
7.00649e-45
9.80909e-45
1.26117e-44
1.4013e-44
1.54143e-44
1.68156e-44
1.82169e-44
1.82169e-44
1.82169e-44
1.82169e-44
1.68156e-44
1.54143e-44
1.4013e-44
1.26117e-44
1.12104e-44
9.80909e-45
7.00649e-45
4.2039e-45
1.4013e-45
-1.4013e-45
-4.2039e-45
-7.00649e-45
-9.80909e-45
-1.26117e-44
-1.4013e-44
-1.54143e-44
-1.68156e-44
-1.82169e-44
-1.82169e-44
-1.82169e-44
-1.82169e-44
-1.68156e-44
-1.54143e-44
-1.4013e-44
-1.26117e-44
-1.12104e-44
-9.80909e-45
-7.00649e-45
-4.2039e-45
-1.4013e-45
1.4013e-45
4.2039e-45
7.00649e-45
9.80909e-45
1.26117e-44
1.4013e-44
1.54143e-44
1.68156e-44
1.82169e-44
1.82169e-44
1.82169e-44
1.82169e-44
1.68156e-44
1.54143e-44
1.4013e-44
1.26117e-44
1.12104e-44
9.80909e-45
7.00649e-45
4.2039e-45
1.4013e-45
-1.4013e-45
-4.2039e-45
-7.00649e-45
-9.80909e-45
-1.26117e-44
-1.4013e-44
-1.54143e-44
-1.68156e-44
-1.82169e-44
-1.82169e-44
-1.82169e-44
-1.82169e-44
-1.68156e-44
-1.54143e-44
-1.4013e-44
-1.26117e-44
-1.12104e-44
-9.80909e-45
-7.00649e-45
-4.2039e-45
-1.4013e-45
1.4013e-45
4.2039e-45
7.00649e-45
9.80909e-45
1.26117e-44
1.4013e-44
1.54143e-44
1.68156e-44
1.82169e-44
1.82169e-44
1.82169e-44
1.82169e-44
1.68156e-44
1.54143e-44
1.4013e-44
1.26117e-44
1.12104e-44
9.80909e-45
7.00649e-45
4.2039e-45
1.4013e-45
-1.4013e-45
-4.2039e-45
-7.00649e-45
-9.80909e-45
-1.26117e-44
-1.4013e-44
-1.54143e-44
-1.68156e-44
-1.82169e-44
-1.82169e-44
-1.82169e-44
-1.82169e-44
-1.68156e-44
-1.54143e-44
-1.4013e-44
-1.26117e-44
-1.12104e-44
-9.80909e-45
-7.00649e-45
-4.2039e-45
-1.4013e-45
1.4013e-45
4.2039e-45
7.00649e-45
9.80909e-45
1.26117e-44
1.4013e-44
1.54143e-44
1.68156e-44
1.82169e-44
1.82169e-44
1.82169e-44
1.82169e-44
1.68156e-44
1.54143e-44
1.4013e-44
1.26117e-44
1.12104e-44
9.80909e-45
7.00649e-45
4.2039e-45
1.4013e-45
-1.4013e-45
-4.2039e-45
-7.00649e-45
-9.80909e-45
-1.26117e-44
-1.4013e-44
-1.54143e-44
-1.68156e-44
-1.82169e-44
-1.82169e-44
-1.82169e-44
-1.82169e-44
-1.68156e-44
-1.54143e-44
-1.4013e-44
-1.26117e-44
-1.12104e-44
-9.80909e-45
-7.00649e-45
-4.2039e-45
-1.4013e-45
1.4013e-45
4.2039e-45
7.00649e-45
9.80909e-45
1.26117e-44
1.4013e-44
1.54143e-44
1.68156e-44
1.82169e-44
1.82169e-44
1.82169e-44
1.82169e-44
1.68156e-44
1.54143e-44
1.4013e-44
1.26117e-44
1.12104e-44
9.80909e-45
7.00649e-45
4.2039e-45
1.4013e-45
-1.4013e-45
-4.2039e-45
-7.00649e-45
-9.80909e-45
-1.26117e-44
-1.4013e-44
-1.54143e-44
-1.68156e-44
-1.82169e-44
-1.82169e-44
-1.82169e-44
-1.82169e-44
-1.68156e-44
-1.54143e-44
-1.4013e-44
-1.26117e-44
-1.12104e-44
-9.80909e-45
-7.00649e-45
-4.2039e-45
-1.4013e-45
1.4013e-45
4.2039e-45
7.00649e-45
9.80909e-45
1.26117e-44
1.4013e-44
1.54143e-44
1.68156e-44
1.82169e-44
1.82169e-44
1.82169e-44
1.82169e-44
1.68156e-44
1.54143e-44
1.4013e-44
1.26117e-44
1.12104e-44
9.80909e-45
7.00649e-45
4.2039e-45
1.4013e-45
-1.4013e-45
-4.2039e-45
-7.00649e-45
-9.80909e-45
-1.26117e-44
-1.4013e-44
-1.54143e-44
-1.68156e-44
-1.82169e-44
-1.82169e-44
-1.82169e-44
-1.82169e-44
-1.68156e-44
-1.54143e-44
-1.4013e-44
-1.26117e-44
-1.12104e-44
-9.80909e-45
-7.00649e-45
-4.2039e-45
-1.4013e-45
1.4013e-45
4.2039e-45
7.00649e-45
9.80909e-45
1.26117e-44
1.4013e-44
1.54143e-44
1.68156e-44
1.82169e-44
1.82169e-44
1.82169e-44
1.82169e-44
1.68156e-44
1.54143e-44
1.4013e-44
1.26117e-44
1.12104e-44
9.80909e-45
7.00649e-45
4.2039e-45
1.4013e-45
-1.4013e-45
-4.2039e-45
-7.00649e-45
-9.80909e-45
-1.26117e-44
-1.4013e-44
-1.54143e-44
-1.68156e-44
-1.82169e-44
-1.82169e-44
-1.82169e-44
-1.82169e-44
-1.68156e-44
-1.54143e-44
-1.4013e-44
-1.26117e-44
-1.12104e-44
-9.80909e-45
-7.00649e-45
-4.2039e-45
-1.4013e-45
1.4013e-45
4.2039e-45
7.00649e-45
9.80909e-45
1.26117e-44
1.4013e-44
1.54143e-44
1.68156e-44
1.82169e-44
1.82169e-44
1.82169e-44
1.82169e-44
1.68156e-44
1.54143e-44
1.4013e-44
1.26117e-44
1.12104e-44
9.80909e-45
7.00649e-45
4.2039e-45
1.4013e-45
-1.4013e-45
-4.2039e-45
-7.00649e-45
-9.80909e-45
-1.26117e-44
-1.4013e-44
-1.54143e-44
-1.68156e-44
-1.82169e-44
-1.82169e-44
-1.82169e-44
-1.82169e-44
-1.68156e-44
-1.54143e-44
-1.4013e-44
-1.26117e-44
-1.12104e-44
-9.80909e-45
-7.00649e-45
-4.2039e-45
-1.4013e-45
1.4013e-45
4.2039e-45
7.00649e-45
9.80909e-45
1.26117e-44
1.4013e-44
1.54143e-44
1.68156e-44
1.82169e-44
1.82169e-44
1.82169e-44
1.82169e-44
1.68156e-44
1.54143e-44
1.4013e-44
1.26117e-44
1.12104e-44
9.80909e-45
7.00649e-45
4.2039e-45
1.4013e-45
-1.4013e-45
-4.2039e-45
-7.00649e-45
-9.80909e-45
-1.26117e-44
-1.4013e-44
-1.54143e-44
-1.68156e-44
-1.82169e-44
-1.82169e-44
-1.82169e-44
-1.82169e-44
-1.68156e-44
-1.54143e-44
-1.4013e-44
-1.26117e-44
-1.12104e-44
-9.80909e-45
-7.00649e-45
-4.2039e-45
-1.4013e-45
1.4013e-45
4.2039e-45
7.00649e-45
9.80909e-45
1.26117e-44
1.4013e-44
1.54143e-44
1.68156e-44
1.82169e-44
1.82169e-44
1.82169e-44
1.82169e-44
1.68156e-44
1.54143e-44
1.4013e-44
1.26117e-44
1.12104e-44
9.80909e-45
7.00649e-45
4.2039e-45
1.4013e-45
-1.4013e-45
-4.2039e-45
-7.00649e-45
-9.80909e-45
-1.26117e-44
-1.4013e-44
-1.54143e-44
-1.68156e-44
-1.82169e-44
-1.82169e-44
-1.82169e-44
-1.82169e-44
-1.68156e-44
-1.54143e-44
-1.4013e-44
-1.26117e-44
-1.12104e-44
-9.80909e-45
-7.00649e-45
-4.2039e-45
-1.4013e-45
1.4013e-45
4.2039e-45
7.00649e-45
9.80909e-45
1.26117e-44
1.4013e-44
1.54143e-44
1.68156e-44
1.82169e-44
1.82169e-44
1.82169e-44
1.82169e-44
1.68156e-44
1.54143e-44
1.4013e-44
1.26117e-44
1.12104e-44
9.80909e-45
7.00649e-45
4.2039e-45
1.4013e-45
-1.4013e-45
-4.2039e-45
-7.00649e-45
-9.80909e-45
-1.26117e-44
-1.4013e-44
-1.54143e-44
-1.68156e-44
-1.82169e-44
-1.82169e-44
-1.82169e-44
-1.82169e-44
-1.68156e-44
-1.54143e-44
-1.4013e-44
-1.26117e-44
-1.12104e-44
-9.80909e-45
-7.00649e-45
-4.2039e-45
-1.4013e-45
1.4013e-45
4.2039e-45
7.00649e-45
9.80909e-45
1.26117e-44
1.4013e-44
1.54143e-44
1.68156e-44
1.82169e-44
1.82169e-44
1.82169e-44
1.82169e-44
1.68156e-44
1.54143e-44
1.4013e-44
1.26117e-44
1.12104e-44
9.80909e-45
7.00649e-45
4.2039e-45
1.4013e-45
-1.4013e-45
-4.2039e-45
-7.00649e-45
-9.80909e-45
-1.26117e-44
-1.4013e-44
-1.54143e-44
-1.68156e-44
-1.82169e-44
-1.82169e-44
-1.82169e-44
-1.82169e-44
-1.68156e-44
-1.54143e-44
-1.4013e-44
-1.26117e-44
-1.12104e-44
-9.80909e-45
-7.00649e-45
-4.2039e-45
-1.4013e-45
1.4013e-45
4.2039e-45
7.00649e-45
9.80909e-45
1.26117e-44
1.4013e-44
1.54143e-44
1.68156e-44
1.82169e-44
1.82169e-44
1.82169e-44
1.82169e-44
1.68156e-44
1.54143e-44
1.4013e-44
1.26117e-44
1.12104e-44
9.80909e-45
7.00649e-45
4.2039e-45
1.4013e-45
-1.4013e-45
-4.2039e-45
-7.00649e-45
-9.80909e-45
-1.26117e-44
-1.4013e-44
-1.54143e-44
-1.68156e-44
-1.82169e-44
-1.82169e-44
-1.82169e-44
-1.82169e-44
-1.68156e-44
-1.54143e-44
-1.4013e-44
-1.26117e-44
-1.12104e-44
-9.80909e-45
-7.00649e-45
-4.2039e-45
-1.4013e-45
1.4013e-45
4.2039e-45
7.00649e-45
9.80909e-45
1.26117e-44
1.4013e-44
1.54143e-44
1.68156e-44
1.82169e-44
1.82169e-44
1.82169e-44
1.82169e-44
1.68156e-44
1.54143e-44
1.4013e-44
1.26117e-44
1.12104e-44
9.80909e-45
7.00649e-45
4.2039e-45
1.4013e-45
-1.4013e-45
-4.2039e-45
-7.00649e-45
-9.80909e-45
-1.26117e-44
-1.4013e-44
-1.54143e-44
-1.68156e-44
-1.82169e-44
-1.82169e-44
-1.82169e-44
-1.82169e-44
-1.68156e-44
-1.54143e-44
-1.4013e-44
-1.26117e-44
-1.12104e-44
-9.80909e-45
-7.00649e-45
-4.2039e-45
-1.4013e-45
1.4013e-45
4.2039e-45
7.00649e-45
9.80909e-45
1.26117e-44
1.4013e-44
1.54143e-44
1.68156e-44
1.82169e-44
1.82169e-44
1.82169e-44
1.82169e-44
1.68156e-44
1.54143e-44
1.4013e-44
1.26117e-44
1.12104e-44
9.80909e-45
7.00649e-45
4.2039e-45
1.4013e-45
-1.4013e-45
-4.2039e-45
-7.00649e-45
-9.80909e-45
-1.26117e-44
-1.4013e-44
-1.54143e-44
-1.68156e-44
-1.82169e-44
-1.82169e-44
-1.82169e-44
-1.82169e-44
-1.68156e-44
-1.54143e-44
-1.4013e-44
-1.26117e-44
-1.12104e-44
-9.80909e-45
-7.00649e-45
-4.2039e-45
-1.4013e-45
1.4013e-45
4.2039e-45
7.00649e-45
9.80909e-45
1.26117e-44
1.4013e-44
1.54143e-44
1.68156e-44
1.82169e-44
1.82169e-44
1.82169e-44
1.82169e-44
1.68156e-44
1.54143e-44
1.4013e-44
1.26117e-44
1.12104e-44
9.80909e-45
7.00649e-45
4.2039e-45
1.4013e-45
-1.4013e-45
-4.2039e-45
-7.00649e-45
-9.80909e-45
-1.26117e-44
-1.4013e-44
-1.54143e-44
-1.68156e-44
-1.82169e-44
-1.82169e-44
-1.82169e-44
-1.82169e-44
-1.68156e-44
-1.54143e-44
-1.4013e-44
-1.26117e-44
-1.12104e-44
-9.80909e-45
-7.00649e-45
-4.2039e-45
-1.4013e-45
1.4013e-45
4.2039e-45
7.00649e-45
9.80909e-45
1.26117e-44
1.4013e-44
1.54143e-44
1.68156e-44
1.82169e-44
1.82169e-44
1.82169e-44
1.82169e-44
1.68156e-44
1.54143e-44
1.4013e-44
1.26117e-44
1.12104e-44
9.80909e-45
7.00649e-45
4.2039e-45
1.4013e-45
-1.4013e-45
-4.2039e-45
-7.00649e-45
-9.80909e-45
-1.26117e-44
-1.4013e-44
-1.54143e-44
-1.68156e-44
-1.82169e-44
-1.82169e-44
-1.82169e-44
-1.82169e-44
-1.68156e-44
-1.54143e-44
-1.4013e-44
-1.26117e-44
-1.12104e-44
-9.80909e-45
-7.00649e-45
-4.2039e-45
-1.4013e-45
1.4013e-45
4.2039e-45
7.00649e-45
9.80909e-45
1.26117e-44
1.4013e-44
1.54143e-44
1.68156e-44
1.82169e-44
1.82169e-44
1.82169e-44
1.82169e-44
1.68156e-44
1.54143e-44
1.4013e-44
1.26117e-44
1.12104e-44
9.80909e-45
7.00649e-45
4.2039e-45
1.4013e-45
-1.4013e-45
-4.2039e-45
-7.00649e-45
-9.80909e-45
-1.26117e-44
-1.4013e-44
-1.54143e-44
-1.68156e-44
-1.82169e-44
-1.82169e-44
-1.82169e-44
-1.82169e-44
-1.68156e-44
-1.54143e-44
-1.4013e-44
-1.26117e-44
-1.12104e-44
-9.80909e-45
-7.00649e-45
-4.2039e-45
-1.4013e-45
1.4013e-45
4.2039e-45
7.00649e-45
9.80909e-45
1.26117e-44
1.4013e-44
1.54143e-44
1.68156e-44
1.82169e-44
1.82169e-44
1.82169e-44
1.82169e-44
1.68156e-44
1.54143e-44
1.4013e-44
1.26117e-44
1.12104e-44
9.80909e-45
7.00649e-45
4.2039e-45
1.4013e-45
-1.4013e-45
-4.2039e-45
-7.00649e-45
-9.80909e-45
-1.26117e-44
-1.4013e-44
-1.54143e-44
-1.68156e-44
-1.82169e-44
-1.82169e-44
-1.82169e-44
-1.82169e-44
-1.68156e-44
-1.54143e-44
-1.4013e-44
-1.26117e-44
-1.12104e-44
-9.80909e-45
-7.00649e-45
-4.2039e-45
-1.4013e-45
1.4013e-45
4.2039e-45
7.00649e-45
9.80909e-45
1.26117e-44
1.4013e-44
1.54143e-44
1.68156e-44
1.82169e-44
1.82169e-44
1.82169e-44
1.82169e-44
1.68156e-44
1.54143e-44
1.4013e-44
1.26117e-44
1.12104e-44
9.80909e-45
7.00649e-45
4.2039e-45
1.4013e-45
-1.4013e-45
-4.2039e-45
-7.00649e-45
-9.80909e-45
-1.26117e-44
-1.4013e-44
-1.54143e-44
-1.68156e-44
-1.82169e-44
-1.82169e-44
-1.82169e-44
-1.82169e-44
-1.68156e-44
-1.54143e-44
-1.4013e-44
-1.26117e-44
-1.12104e-44
-9.80909e-45
-7.00649e-45
-4.2039e-45
-1.4013e-45
1.4013e-45
4.2039e-45
7.00649e-45
9.80909e-45
1.26117e-44
1.4013e-44
1.54143e-44
1.68156e-44
1.82169e-44
1.82169e-44
1.82169e-44
1.82169e-44
1.68156e-44
1.54143e-44
1.4013e-44
1.26117e-44
1.12104e-44
9.80909e-45
7.00649e-45
4.2039e-45
1.4013e-45
-1.4013e-45
-4.2039e-45
-7.00649e-45
-9.80909e-45
-1.26117e-44
-1.4013e-44
-1.54143e-44
-1.68156e-44
-1.82169e-44
-1.82169e-44
-1.82169e-44
-1.82169e-44
-1.68156e-44
-1.54143e-44
-1.4013e-44
-1.26117e-44
-1.12104e-44
-9.80909e-45
-7.00649e-45
-4.2039e-45
-1.4013e-45
1.4013e-45
4.2039e-45
7.00649e-45
9.80909e-45
1.26117e-44
1.4013e-44
1.54143e-44
1.68156e-44
1.82169e-44
1.82169e-44
1.82169e-44
1.82169e-44
1.68156e-44
1.54143e-44
1.4013e-44
1.26117e-44
1.12104e-44
9.80909e-45
7.00649e-45
4.2039e-45
1.4013e-45
-1.4013e-45
-4.2039e-45
-7.00649e-45
-9.80909e-45
-1.26117e-44
-1.4013e-44
-1.54143e-44
-1.68156e-44
-1.82169e-44
-1.82169e-44
-1.82169e-44
-1.82169e-44
-1.68156e-44
-1.54143e-44
-1.4013e-44
-1.26117e-44
-1.12104e-44
-9.80909e-45
-7.00649e-45
-4.2039e-45
-1.4013e-45
1.4013e-45
4.2039e-45
7.00649e-45
9.80909e-45
1.26117e-44
1.4013e-44
1.54143e-44
1.68156e-44
1.82169e-44
1.82169e-44
1.82169e-44
1.82169e-44
1.68156e-44
1.54143e-44
1.4013e-44
1.26117e-44
1.12104e-44
9.80909e-45
7.00649e-45
4.2039e-45
1.4013e-45
-1.4013e-45
-4.2039e-45
-7.00649e-45
-9.80909e-45
-1.26117e-44
-1.4013e-44
-1.54143e-44
-1.68156e-44
-1.82169e-44
-1.82169e-44
-1.82169e-44
-1.82169e-44
-1.68156e-44
-1.54143e-44
-1.4013e-44
-1.26117e-44
-1.12104e-44
-9.80909e-45
-7.00649e-45
-4.2039e-45
-1.4013e-45
1.4013e-45
4.2039e-45
7.00649e-45
9.80909e-45
1.26117e-44
1.4013e-44
1.54143e-44
1.68156e-44
1.82169e-44
1.82169e-44
1.82169e-44
1.82169e-44
1.68156e-44
1.54143e-44
1.4013e-44
1.26117e-44
1.12104e-44
9.80909e-45
7.00649e-45
4.2039e-45
1.4013e-45
-1.4013e-45
-4.2039e-45
-7.00649e-45
-9.80909e-45
-1.26117e-44
-1.4013e-44
-1.54143e-44
-1.68156e-44
-1.82169e-44
-1.82169e-44
-1.82169e-44
-1.82169e-44
-1.68156e-44
-1.54143e-44
-1.4013e-44
-1.26117e-44
-1.12104e-44
-9.80909e-45
-7.00649e-45
-4.2039e-45
-1.4013e-45
1.4013e-45
4.2039e-45
7.00649e-45
9.80909e-45
1.26117e-44
1.4013e-44
1.54143e-44
1.68156e-44
1.82169e-44
1.82169e-44
1.82169e-44
1.82169e-44
1.68156e-44
1.54143e-44
1.4013e-44
1.26117e-44
1.12104e-44
9.80909e-45
7.00649e-45
4.2039e-45
1.4013e-45
-1.4013e-45
-4.2039e-45
-7.00649e-45
-9.80909e-45
-1.26117e-44
-1.4013e-44
-1.54143e-44
-1.68156e-44
-1.82169e-44
-1.82169e-44
-1.82169e-44
-1.82169e-44
-1.68156e-44
-1.54143e-44
-1.4013e-44
-1.26117e-44
-1.12104e-44
-9.80909e-45
-7.00649e-45
-4.2039e-45
-1.4013e-45
1.4013e-45
4.2039e-45
7.00649e-45
9.80909e-45
1.26117e-44
1.4013e-44
1.54143e-44
1.68156e-44
1.82169e-44
1.82169e-44
1.82169e-44
1.82169e-44
1.68156e-44
1.54143e-44
1.4013e-44
1.26117e-44
1.12104e-44
9.80909e-45
7.00649e-45
4.2039e-45
1.4013e-45
-1.4013e-45
-4.2039e-45
-7.00649e-45
-9.80909e-45
-1.26117e-44
-1.4013e-44
-1.54143e-44
-1.68156e-44
-1.82169e-44
-1.82169e-44
-1.82169e-44
-1.82169e-44
-1.68156e-44
-1.54143e-44
-1.4013e-44
-1.26117e-44
-1.12104e-44
-9.80909e-45
-7.00649e-45
-4.2039e-45
-1.4013e-45
1.4013e-45
4.2039e-45
7.00649e-45
9.80909e-45
1.26117e-44
1.4013e-44
1.54143e-44
1.68156e-44
1.82169e-44
1.82169e-44
1.82169e-44
1.82169e-44
1.68156e-44
1.54143e-44
1.4013e-44
1.26117e-44
1.12104e-44
9.80909e-45
7.00649e-45
4.2039e-45
1.4013e-45
-1.4013e-45
-4.2039e-45
-7.00649e-45
-9.80909e-45
-1.26117e-44
-1.4013e-44
-1.54143e-44
-1.68156e-44
-1.82169e-44
-1.82169e-44
-1.82169e-44
-1.82169e-44
-1.68156e-44
-1.54143e-44
-1.4013e-44
-1.26117e-44
-1.12104e-44
-9.80909e-45
-7.00649e-45
-4.2039e-45
-1.4013e-45
1.4013e-45
4.2039e-45
7.00649e-45
9.80909e-45
1.26117e-44
1.4013e-44
1.54143e-44
1.68156e-44
1.82169e-44
1.82169e-44
1.82169e-44
1.82169e-44
1.68156e-44
1.54143e-44
1.4013e-44
1.26117e-44
1.12104e-44
9.80909e-45
7.00649e-45
4.2039e-45
1.4013e-45
-1.4013e-45
-4.2039e-45
-7.00649e-45
-9.80909e-45
-1.26117e-44
-1.4013e-44
-1.54143e-44
-1.68156e-44
-1.82169e-44
-1.82169e-44
-1.82169e-44
-1.82169e-44
-1.68156e-44
-1.54143e-44
-1.4013e-44
-1.26117e-44
-1.12104e-44
-9.80909e-45
-7.00649e-45
-4.2039e-45
-1.4013e-45
1.4013e-45
4.2039e-45
7.00649e-45
9.80909e-45
1.26117e-44
1.4013e-44
1.54143e-44
1.68156e-44
1.82169e-44
1.82169e-44
1.82169e-44
1.82169e-44
1.68156e-44
1.54143e-44
1.4013e-44
1.26117e-44
1.12104e-44
9.80909e-45
7.00649e-45
4.2039e-45
1.4013e-45
-1.4013e-45
-4.2039e-45
-7.00649e-45
-9.80909e-45
-1.26117e-44
-1.4013e-44
-1.54143e-44
-1.68156e-44
-1.82169e-44
-1.82169e-44
-1.82169e-44
-1.82169e-44
-1.68156e-44
-1.54143e-44
-1.4013e-44
-1.26117e-44
-1.12104e-44
-9.80909e-45
-7.00649e-45
-4.2039e-45
-1.4013e-45
1.4013e-45
4.2039e-45
7.00649e-45
9.80909e-45
1.26117e-44
1.4013e-44
1.54143e-44
1.68156e-44
1.82169e-44
1.82169e-44
1.82169e-44
1.82169e-44
1.68156e-44
1.54143e-44
1.4013e-44
1.26117e-44
1.12104e-44
9.80909e-45
7.00649e-45
4.2039e-45
1.4013e-45
-1.4013e-45
-4.2039e-45
-7.00649e-45
-9.80909e-45
-1.26117e-44
-1.4013e-44
-1.54143e-44
-1.68156e-44
-1.82169e-44
-1.82169e-44
-1.82169e-44
-1.82169e-44
-1.68156e-44
-1.54143e-44
-1.4013e-44
-1.26117e-44
-1.12104e-44
-9.80909e-45
-7.00649e-45
-4.2039e-45
-1.4013e-45
1.4013e-45
4.2039e-45
7.00649e-45
9.80909e-45
1.26117e-44
1.4013e-44
1.54143e-44
1.68156e-44
1.82169e-44
1.82169e-44
1.82169e-44
1.82169e-44
1.68156e-44
1.54143e-44
1.4013e-44
1.26117e-44
1.12104e-44
9.80909e-45
7.00649e-45
4.2039e-45
1.4013e-45
-1.4013e-45
-4.2039e-45
-7.00649e-45
-9.80909e-45
-1.26117e-44
-1.4013e-44
-1.54143e-44
-1.68156e-44
-1.82169e-44
-1.82169e-44
-1.82169e-44
-1.82169e-44
-1.68156e-44
-1.54143e-44
-1.4013e-44
-1.26117e-44
-1.12104e-44
-9.80909e-45
-7.00649e-45
-4.2039e-45
-1.4013e-45
1.4013e-45
4.2039e-45
7.00649e-45
9.80909e-45
1.26117e-44
1.4013e-44
1.54143e-44
1.68156e-44
1.82169e-44
1.82169e-44
1.82169e-44
1.82169e-44
1.68156e-44
1.54143e-44
1.4013e-44
1.26117e-44
1.12104e-44
9.80909e-45
7.00649e-45
4.2039e-45
1.4013e-45
-1.4013e-45
-4.2039e-45
-7.00649e-45
-9.80909e-45
-1.26117e-44
-1.4013e-44
-1.54143e-44
-1.68156e-44
-1.82169e-44
-1.82169e-44
-1.82169e-44
-1.82169e-44
-1.68156e-44
-1.54143e-44
-1.4013e-44
-1.26117e-44
-1.12104e-44
-9.80909e-45
-7.00649e-45
-4.2039e-45
-1.4013e-45
1.4013e-45
4.2039e-45
7.00649e-45
9.80909e-45
1.26117e-44
1.4013e-44
1.54143e-44
1.68156e-44
1.82169e-44
1.82169e-44
1.82169e-44
1.82169e-44
1.68156e-44
1.54143e-44
1.4013e-44
1.26117e-44
1.12104e-44
9.80909e-45
7.00649e-45
4.2039e-45
1.4013e-45
-1.4013e-45
-4.2039e-45
-7.00649e-45
-9.80909e-45
-1.26117e-44
-1.4013e-44
-1.54143e-44
-1.68156e-44
-1.82169e-44
-1.82169e-44
-1.82169e-44
-1.82169e-44
-1.68156e-44
-1.54143e-44
-1.4013e-44
-1.26117e-44
-1.12104e-44
-9.80909e-45
-7.00649e-45
-4.2039e-45
-1.4013e-45
1.4013e-45
4.2039e-45
7.00649e-45
9.80909e-45
1.26117e-44
1.4013e-44
1.54143e-44
1.68156e-44
1.82169e-44
1.82169e-44
1.82169e-44
1.82169e-44
1.68156e-44
1.54143e-44
1.4013e-44
1.26117e-44
1.12104e-44
9.80909e-45
7.00649e-45
4.2039e-45
1.4013e-45
-1.4013e-45
-4.2039e-45
-7.00649e-45
-9.80909e-45
-1.26117e-44
-1.4013e-44
-1.54143e-44
-1.68156e-44
-1.82169e-44
-1.82169e-44
-1.82169e-44
-1.82169e-44
-1.68156e-44
-1.54143e-44
-1.4013e-44
-1.26117e-44
-1.12104e-44
-9.80909e-45
-7.00649e-45
-4.2039e-45
-1.4013e-45
1.4013e-45
4.2039e-45
7.00649e-45
9.80909e-45
1.26117e-44
1.4013e-44
1.54143e-44
1.68156e-44
1.82169e-44
1.82169e-44
1.82169e-44
1.82169e-44
1.68156e-44
1.54143e-44
1.4013e-44
1.26117e-44
1.12104e-44
9.80909e-45
7.00649e-45
4.2039e-45
1.4013e-45
-1.4013e-45
-4.2039e-45
-7.00649e-45
-9.80909e-45
-1.26117e-44
-1.4013e-44
-1.54143e-44
-1.68156e-44
-1.82169e-44
-1.82169e-44
-1.82169e-44
-1.82169e-44
-1.68156e-44
-1.54143e-44
-1.4013e-44
-1.26117e-44
-1.12104e-44
-9.80909e-45
-7.00649e-45
-4.2039e-45
-1.4013e-45
1.4013e-45
4.2039e-45
7.00649e-45
9.80909e-45
1.26117e-44
1.4013e-44
1.54143e-44
1.68156e-44
1.82169e-44
1.82169e-44
1.82169e-44
1.82169e-44
1.68156e-44
1.54143e-44
1.4013e-44
1.26117e-44
1.12104e-44
9.80909e-45
7.00649e-45
4.2039e-45
1.4013e-45
-1.4013e-45
-4.2039e-45
-7.00649e-45
-9.80909e-45
-1.26117e-44
-1.4013e-44
-1.54143e-44
-1.68156e-44
-1.82169e-44
-1.82169e-44
-1.82169e-44
-1.82169e-44
-1.68156e-44
-1.54143e-44
-1.4013e-44
-1.26117e-44
-1.12104e-44
-9.80909e-45
-7.00649e-45
-4.2039e-45
-1.4013e-45
1.4013e-45
4.2039e-45
7.00649e-45
9.80909e-45
1.26117e-44
1.4013e-44
1.54143e-44
1.68156e-44
1.82169e-44
1.82169e-44
1.82169e-44
1.82169e-44
1.68156e-44
1.54143e-44
1.4013e-44
1.26117e-44
1.12104e-44
9.80909e-45
7.00649e-45
4.2039e-45
1.4013e-45
-1.4013e-45
-4.2039e-45
-7.00649e-45
-9.80909e-45
-1.26117e-44
-1.4013e-44
-1.54143e-44
-1.68156e-44
-1.82169e-44
-1.82169e-44
-1.82169e-44
-1.82169e-44
-1.68156e-44
-1.54143e-44
-1.4013e-44
-1.26117e-44
-1.12104e-44
-9.80909e-45
-7.00649e-45
-4.2039e-45
-1.4013e-45
1.4013e-45
4.2039e-45
7.00649e-45
9.80909e-45
1.26117e-44
1.4013e-44
1.54143e-44
1.68156e-44
1.82169e-44
1.82169e-44
1.82169e-44
1.82169e-44
1.68156e-44
1.54143e-44
1.4013e-44
1.26117e-44
1.12104e-44
9.80909e-45
7.00649e-45
4.2039e-45
1.4013e-45
-1.4013e-45
-4.2039e-45
-7.00649e-45
-9.80909e-45
-1.26117e-44
-1.4013e-44
-1.54143e-44
-1.68156e-44
-1.82169e-44
-1.82169e-44
-1.82169e-44
-1.82169e-44
-1.68156e-44
-1.54143e-44
-1.4013e-44
-1.26117e-44
-1.12104e-44
-9.80909e-45
-7.00649e-45
-4.2039e-45
-1.4013e-45
1.4013e-45
4.2039e-45
7.00649e-45
9.80909e-45
1.26117e-44
1.4013e-44
1.54143e-44
1.68156e-44
1.82169e-44
1.82169e-44
1.82169e-44
1.82169e-44
1.68156e-44
1.54143e-44
1.4013e-44
1.26117e-44
1.12104e-44
9.80909e-45
7.00649e-45
4.2039e-45
1.4013e-45
-1.4013e-45
-4.2039e-45
-7.00649e-45
-9.80909e-45
-1.26117e-44
-1.4013e-44
-1.54143e-44
-1.68156e-44
-1.82169e-44
-1.82169e-44
-1.82169e-44
-1.82169e-44
-1.68156e-44
-1.54143e-44
-1.4013e-44
-1.26117e-44
-1.12104e-44
-9.80909e-45
-7.00649e-45
-4.2039e-45
-1.4013e-45
1.4013e-45
4.2039e-45
7.00649e-45
9.80909e-45
1.26117e-44
1.4013e-44
1.54143e-44
1.68156e-44
1.82169e-44
1.82169e-44
1.82169e-44
1.82169e-44
1.68156e-44
1.54143e-44
1.4013e-44
1.26117e-44
1.12104e-44
9.80909e-45
7.00649e-45
4.2039e-45
1.4013e-45
-1.4013e-45
-4.2039e-45
-7.00649e-45
-9.80909e-45
-1.26117e-44
-1.4013e-44
-1.54143e-44
-1.68156e-44
-1.82169e-44
-1.82169e-44
-1.82169e-44
-1.82169e-44
-1.68156e-44
-1.54143e-44
-1.4013e-44
-1.26117e-44
-1.12104e-44
-9.80909e-45
-7.00649e-45
-4.2039e-45
-1.4013e-45
1.4013e-45
4.2039e-45
7.00649e-45
9.80909e-45
1.26117e-44
1.4013e-44
1.54143e-44
1.68156e-44
1.82169e-44
1.82169e-44
1.82169e-44
1.82169e-44
1.68156e-44
1.54143e-44
1.4013e-44
1.26117e-44
1.12104e-44
9.80909e-45
7.00649e-45
4.2039e-45
1.4013e-45
-1.4013e-45
-4.2039e-45
-7.00649e-45
-9.80909e-45
-1.26117e-44
-1.4013e-44
-1.54143e-44
-1.68156e-44
-1.82169e-44
-1.82169e-44
-1.82169e-44
-1.82169e-44
-1.68156e-44
-1.54143e-44
-1.4013e-44
-1.26117e-44
-1.12104e-44
-9.80909e-45
-7.00649e-45
-4.2039e-45
-1.4013e-45
1.4013e-45
4.2039e-45
7.00649e-45
9.80909e-45
1.26117e-44
1.4013e-44
1.54143e-44
1.68156e-44
1.82169e-44
1.82169e-44
1.82169e-44
1.82169e-44
1.68156e-44
1.54143e-44
1.4013e-44
1.26117e-44
1.12104e-44
9.80909e-45
7.00649e-45
4.2039e-45
1.4013e-45
-1.4013e-45
-4.2039e-45
-7.00649e-45
-9.80909e-45
-1.26117e-44
-1.4013e-44
-1.54143e-44
-1.68156e-44
-1.82169e-44
-1.82169e-44
-1.82169e-44
-1.82169e-44
-1.68156e-44
-1.54143e-44
-1.4013e-44
-1.26117e-44
-1.12104e-44
-9.80909e-45
-7.00649e-45
-4.2039e-45
-1.4013e-45
1.4013e-45
4.2039e-45
7.00649e-45
9.80909e-45
1.26117e-44
1.4013e-44
1.54143e-44
1.68156e-44
1.82169e-44
1.82169e-44
1.82169e-44
1.82169e-44
1.68156e-44
1.54143e-44
1.4013e-44
1.26117e-44
1.12104e-44
9.80909e-45
7.00649e-45
4.2039e-45
1.4013e-45
-1.4013e-45
-4.2039e-45
-7.00649e-45
-9.80909e-45
-1.26117e-44
-1.4013e-44
-1.54143e-44
-1.68156e-44
-1.82169e-44
-1.82169e-44
-1.82169e-44
-1.82169e-44
-1.68156e-44
-1.54143e-44
-1.4013e-44
-1.26117e-44
-1.12104e-44
-9.80909e-45
-7.00649e-45
-4.2039e-45
-1.4013e-45
1.4013e-45
4.2039e-45
7.00649e-45
9.80909e-45
1.26117e-44
1.4013e-44
1.54143e-44
1.68156e-44
1.82169e-44
1.82169e-44
1.82169e-44
1.82169e-44
1.68156e-44
1.54143e-44
1.4013e-44
1.26117e-44
1.12104e-44
9.80909e-45
7.00649e-45
4.2039e-45
1.4013e-45
-1.4013e-45
-4.2039e-45
-7.00649e-45
-9.80909e-45
-1.26117e-44
-1.4013e-44
-1.54143e-44
-1.68156e-44
-1.82169e-44
-1.82169e-44
-1.82169e-44
-1.82169e-44
-1.68156e-44
-1.54143e-44
-1.4013e-44
-1.26117e-44
-1.12104e-44
-9.80909e-45
-7.00649e-45
-4.2039e-45
-1.4013e-45
1.4013e-45
4.2039e-45
7.00649e-45
9.80909e-45
1.26117e-44
1.4013e-44
1.54143e-44
1.68156e-44
1.82169e-44
1.82169e-44
1.82169e-44
1.82169e-44
1.68156e-44
1.54143e-44
1.4013e-44
1.26117e-44
1.12104e-44
9.80909e-45
7.00649e-45
4.2039e-45
1.4013e-45
-1.4013e-45
-4.2039e-45
-7.00649e-45
-9.80909e-45
-1.26117e-44
-1.4013e-44
-1.54143e-44
-1.68156e-44
-1.82169e-44
-1.82169e-44
-1.82169e-44
-1.82169e-44
-1.68156e-44
-1.54143e-44
-1.4013e-44
-1.26117e-44
-1.12104e-44
-9.80909e-45
-7.00649e-45
-4.2039e-45
-1.4013e-45
1.4013e-45
4.2039e-45
7.00649e-45
9.80909e-45
1.26117e-44
1.4013e-44
1.54143e-44
1.68156e-44
1.82169e-44
1.82169e-44
1.82169e-44
1.82169e-44
1.68156e-44
1.54143e-44
1.4013e-44
1.26117e-44
1.12104e-44
9.80909e-45
7.00649e-45
4.2039e-45
1.4013e-45
-1.4013e-45
-4.2039e-45
-7.00649e-45
-9.80909e-45
-1.26117e-44
-1.4013e-44
-1.54143e-44
-1.68156e-44
-1.82169e-44
-1.82169e-44
-1.82169e-44
-1.82169e-44
-1.68156e-44
-1.54143e-44
-1.4013e-44
-1.26117e-44
-1.12104e-44
-9.80909e-45
-7.00649e-45
-4.2039e-45
-1.4013e-45
1.4013e-45
4.2039e-45
7.00649e-45
9.80909e-45
1.26117e-44
1.4013e-44
1.54143e-44
1.68156e-44
1.82169e-44
1.82169e-44
1.82169e-44
1.82169e-44
1.68156e-44
1.54143e-44
1.4013e-44
1.26117e-44
1.12104e-44
9.80909e-45
7.00649e-45
4.2039e-45
1.4013e-45
-1.4013e-45
-4.2039e-45
-7.00649e-45
-9.80909e-45
-1.26117e-44
-1.4013e-44
-1.54143e-44
-1.68156e-44
-1.82169e-44
-1.82169e-44
-1.82169e-44
-1.82169e-44
-1.68156e-44
-1.54143e-44
-1.4013e-44
-1.26117e-44
-1.12104e-44
-9.80909e-45
-7.00649e-45
-4.2039e-45
-1.4013e-45
1.4013e-45
4.2039e-45
7.00649e-45
9.80909e-45
1.26117e-44
1.4013e-44
1.54143e-44
1.68156e-44
1.82169e-44
1.82169e-44
1.82169e-44
1.82169e-44
1.68156e-44
1.54143e-44
1.4013e-44
1.26117e-44
1.12104e-44
9.80909e-45
7.00649e-45
4.2039e-45
1.4013e-45
-1.4013e-45
-4.2039e-45
-7.00649e-45
-9.80909e-45
-1.26117e-44
-1.4013e-44
-1.54143e-44
-1.68156e-44
-1.82169e-44
-1.82169e-44
-1.82169e-44
-1.82169e-44
-1.68156e-44
-1.54143e-44
-1.4013e-44
-1.26117e-44
-1.12104e-44
-9.80909e-45
-7.00649e-45
-4.2039e-45
-1.4013e-45
1.4013e-45
4.2039e-45
7.00649e-45
9.80909e-45
1.26117e-44
1.4013e-44
1.54143e-44
1.68156e-44
1.82169e-44
1.82169e-44
1.82169e-44
1.82169e-44
1.68156e-44
1.54143e-44
1.4013e-44
1.26117e-44
1.12104e-44
9.80909e-45
7.00649e-45
4.2039e-45
1.4013e-45
-1.4013e-45
-4.2039e-45
-7.00649e-45
-9.80909e-45
-1.26117e-44
-1.4013e-44
-1.54143e-44
-1.68156e-44
-1.82169e-44
-1.82169e-44
-1.82169e-44
-1.82169e-44
-1.68156e-44
-1.54143e-44
-1.4013e-44
-1.26117e-44
-1.12104e-44
-9.80909e-45
-7.00649e-45
-4.2039e-45
-1.4013e-45
1.4013e-45
4.2039e-45
7.00649e-45
9.80909e-45
1.26117e-44
1.4013e-44
1.54143e-44
1.68156e-44
1.82169e-44
1.82169e-44
1.82169e-44
1.82169e-44
1.68156e-44
1.54143e-44
1.4013e-44
1.26117e-44
1.12104e-44
9.80909e-45
7.00649e-45
4.2039e-45
1.4013e-45
-1.4013e-45
-4.2039e-45
-7.00649e-45
-9.80909e-45
-1.26117e-44
-1.4013e-44
-1.54143e-44
-1.68156e-44
-1.82169e-44
-1.82169e-44
-1.82169e-44
-1.82169e-44
-1.68156e-44
-1.54143e-44
-1.4013e-44
-1.26117e-44
-1.12104e-44
-9.80909e-45
-7.00649e-45
-4.2039e-45
-1.4013e-45
1.4013e-45
4.2039e-45
7.00649e-45
9.80909e-45
1.26117e-44
1.4013e-44
1.54143e-44
1.68156e-44
1.82169e-44
1.82169e-44
1.82169e-44
1.82169e-44
1.68156e-44
1.54143e-44
1.4013e-44
1.26117e-44
1.12104e-44
9.80909e-45
7.00649e-45
4.2039e-45
1.4013e-45
-1.4013e-45
-4.2039e-45
-7.00649e-45
-9.80909e-45
-1.26117e-44
-1.4013e-44
-1.54143e-44
-1.68156e-44
-1.82169e-44
-1.82169e-44
-1.82169e-44
-1.82169e-44
-1.68156e-44
-1.54143e-44
-1.4013e-44
-1.26117e-44
-1.12104e-44
-9.80909e-45
-7.00649e-45
-4.2039e-45
-1.4013e-45
1.4013e-45
4.2039e-45
7.00649e-45
9.80909e-45
1.26117e-44
1.4013e-44
1.54143e-44
1.68156e-44
1.82169e-44
1.82169e-44
1.82169e-44
1.82169e-44
1.68156e-44
1.54143e-44
1.4013e-44
1.26117e-44
1.12104e-44
9.80909e-45
7.00649e-45
4.2039e-45
1.4013e-45
-1.4013e-45
-4.2039e-45
-7.00649e-45
-9.80909e-45
-1.26117e-44
-1.4013e-44
-1.54143e-44
-1.68156e-44
-1.82169e-44
-1.82169e-44
-1.82169e-44
-1.82169e-44
-1.68156e-44
-1.54143e-44
-1.4013e-44
-1.26117e-44
-1.12104e-44
-9.80909e-45
-7.00649e-45
-4.2039e-45
-1.4013e-45
1.4013e-45
4.2039e-45
7.00649e-45
9.80909e-45
1.26117e-44
1.4013e-44
1.54143e-44
1.68156e-44
1.82169e-44
1.82169e-44
1.82169e-44
1.82169e-44
1.68156e-44
1.54143e-44
1.4013e-44
1.26117e-44
1.12104e-44
9.80909e-45
7.00649e-45
4.2039e-45
1.4013e-45
-1.4013e-45
-4.2039e-45
-7.00649e-45
-9.80909e-45
-1.26117e-44
-1.4013e-44
-1.54143e-44
-1.68156e-44
-1.82169e-44
-1.82169e-44
-1.82169e-44
-1.82169e-44
-1.68156e-44
-1.54143e-44
-1.4013e-44
-1.26117e-44
-1.12104e-44
-9.80909e-45
-7.00649e-45
-4.2039e-45
-1.4013e-45
1.4013e-45
4.2039e-45
7.00649e-45
9.80909e-45
1.26117e-44
1.4013e-44
1.54143e-44
1.68156e-44
1.82169e-44
1.82169e-44
1.82169e-44
1.82169e-44
1.68156e-44
1.54143e-44
1.4013e-44
1.26117e-44
1.12104e-44
9.80909e-45
7.00649e-45
4.2039e-45
1.4013e-45
-1.4013e-45
-4.2039e-45
-7.00649e-45
-9.80909e-45
-1.26117e-44
-1.4013e-44
-1.54143e-44
-1.68156e-44
-1.82169e-44
-1.82169e-44
-1.82169e-44
-1.82169e-44
-1.68156e-44
-1.54143e-44
-1.4013e-44
-1.26117e-44
-1.12104e-44
-9.80909e-45
-7.00649e-45
-4.2039e-45
-1.4013e-45
1.4013e-45
4.2039e-45
7.00649e-45
9.80909e-45
1.26117e-44
1.4013e-44
1.54143e-44
1.68156e-44
1.82169e-44
1.82169e-44
1.82169e-44
1.82169e-44
1.68156e-44
1.54143e-44
1.4013e-44
1.26117e-44
1.12104e-44
9.80909e-45
7.00649e-45
4.2039e-45
1.4013e-45
-1.4013e-45
-4.2039e-45
-7.00649e-45
-9.80909e-45
-1.26117e-44
-1.4013e-44
-1.54143e-44
-1.68156e-44
-1.82169e-44
-1.82169e-44
-1.82169e-44
-1.82169e-44
-1.68156e-44
-1.54143e-44
-1.4013e-44
-1.26117e-44
-1.12104e-44
-9.80909e-45
-7.00649e-45
-4.2039e-45
-1.4013e-45
1.4013e-45
4.2039e-45
7.00649e-45
9.80909e-45
1.26117e-44
1.4013e-44
1.54143e-44
1.68156e-44
1.82169e-44
1.82169e-44
1.82169e-44
1.82169e-44
1.68156e-44
1.54143e-44
1.4013e-44
1.26117e-44
1.12104e-44
9.80909e-45
7.00649e-45
4.2039e-45
1.4013e-45
-1.4013e-45
-4.2039e-45
-7.00649e-45
-9.80909e-45
-1.26117e-44
-1.4013e-44
-1.54143e-44
-1.68156e-44
-1.82169e-44
-1.82169e-44
-1.82169e-44
-1.82169e-44
-1.68156e-44
-1.54143e-44
-1.4013e-44
-1.26117e-44
-1.12104e-44
-9.80909e-45
-7.00649e-45
-4.2039e-45
-1.4013e-45
1.4013e-45
4.2039e-45
7.00649e-45
9.80909e-45
1.26117e-44
1.4013e-44
1.54143e-44
1.68156e-44
1.82169e-44
1.82169e-44
1.82169e-44
1.82169e-44
1.68156e-44
1.54143e-44
1.4013e-44
1.26117e-44
1.12104e-44
9.80909e-45
7.00649e-45
4.2039e-45
1.4013e-45
-1.4013e-45
-4.2039e-45
-7.00649e-45
-9.80909e-45
-1.26117e-44
-1.4013e-44
-1.54143e-44
-1.68156e-44
-1.82169e-44
-1.82169e-44
-1.82169e-44
-1.82169e-44
-1.68156e-44
-1.54143e-44
-1.4013e-44
-1.26117e-44
-1.12104e-44
-9.80909e-45
-7.00649e-45
-4.2039e-45
-1.4013e-45
1.4013e-45
4.2039e-45
7.00649e-45
9.80909e-45
1.26117e-44
1.4013e-44
1.54143e-44
1.68156e-44
1.82169e-44
1.82169e-44
1.82169e-44
1.82169e-44
1.68156e-44
1.54143e-44
1.4013e-44
1.26117e-44
1.12104e-44
9.80909e-45
7.00649e-45
4.2039e-45
1.4013e-45
-1.4013e-45
-4.2039e-45
-7.00649e-45
-9.80909e-45
-1.26117e-44
-1.4013e-44
-1.54143e-44
-1.68156e-44
-1.82169e-44
-1.82169e-44
-1.82169e-44
-1.82169e-44
-1.68156e-44
-1.54143e-44
-1.4013e-44
-1.26117e-44
-1.12104e-44
-9.80909e-45
-7.00649e-45
-4.2039e-45
-1.4013e-45
1.4013e-45
4.2039e-45
7.00649e-45
9.80909e-45
1.26117e-44
1.4013e-44
1.54143e-44
1.68156e-44
1.82169e-44
1.82169e-44
1.82169e-44
1.82169e-44
1.68156e-44
1.54143e-44
1.4013e-44
1.26117e-44
1.12104e-44
9.80909e-45
7.00649e-45
4.2039e-45
1.4013e-45
-1.4013e-45
-4.2039e-45
-7.00649e-45
-9.80909e-45
-1.26117e-44
-1.4013e-44
-1.54143e-44
-1.68156e-44
-1.82169e-44
-1.82169e-44
-1.82169e-44
-1.82169e-44
-1.68156e-44
-1.54143e-44
-1.4013e-44
-1.26117e-44
-1.12104e-44
-9.80909e-45
-7.00649e-45
-4.2039e-45
-1.4013e-45
1.4013e-45
4.2039e-45
7.00649e-45
9.80909e-45
1.26117e-44
1.4013e-44
1.54143e-44
1.68156e-44
1.82169e-44
1.82169e-44
1.82169e-44
1.82169e-44
1.68156e-44
1.54143e-44
1.4013e-44
1.26117e-44
1.12104e-44
9.80909e-45
7.00649e-45
4.2039e-45
1.4013e-45
-1.4013e-45
-4.2039e-45
-7.00649e-45
-9.80909e-45
-1.26117e-44
-1.4013e-44
-1.54143e-44
-1.68156e-44
-1.82169e-44
-1.82169e-44
-1.82169e-44
-1.82169e-44
-1.68156e-44
-1.54143e-44
-1.4013e-44
-1.26117e-44
-1.12104e-44
-9.80909e-45
-7.00649e-45
-4.2039e-45
-1.4013e-45
1.4013e-45
4.2039e-45
7.00649e-45
9.80909e-45
1.26117e-44
1.4013e-44
1.54143e-44
1.68156e-44
1.82169e-44
1.82169e-44
1.82169e-44
1.82169e-44
1.68156e-44
1.54143e-44
1.4013e-44
1.26117e-44
1.12104e-44
9.80909e-45
7.00649e-45
4.2039e-45
1.4013e-45
-1.4013e-45
-4.2039e-45
-7.00649e-45
-9.80909e-45
-1.26117e-44
-1.4013e-44
-1.54143e-44
-1.68156e-44
-1.82169e-44
-1.82169e-44
-1.82169e-44
-1.82169e-44
-1.68156e-44
-1.54143e-44
-1.4013e-44
-1.26117e-44
-1.12104e-44
-9.80909e-45
-7.00649e-45
-4.2039e-45
-1.4013e-45
1.4013e-45
4.2039e-45
7.00649e-45
9.80909e-45
1.26117e-44
1.4013e-44
1.54143e-44
1.68156e-44
1.82169e-44
1.82169e-44
1.82169e-44
1.82169e-44
1.68156e-44
1.54143e-44
1.4013e-44
1.26117e-44
1.12104e-44
9.80909e-45
7.00649e-45
4.2039e-45
1.4013e-45
-1.4013e-45
-4.2039e-45
-7.00649e-45
-9.80909e-45
-1.26117e-44
-1.4013e-44
-1.54143e-44
-1.68156e-44
-1.82169e-44
-1.82169e-44
-1.82169e-44
-1.82169e-44
-1.68156e-44
-1.54143e-44
-1.4013e-44
-1.26117e-44
-1.12104e-44
-9.80909e-45
-7.00649e-45
-4.2039e-45
-1.4013e-45
1.4013e-45
4.2039e-45
7.00649e-45
9.80909e-45
1.26117e-44
1.4013e-44
1.54143e-44
1.68156e-44
1.82169e-44
1.82169e-44
1.82169e-44
1.82169e-44
1.68156e-44
1.54143e-44
1.4013e-44
1.26117e-44
1.12104e-44
9.80909e-45
7.00649e-45
4.2039e-45
1.4013e-45
-1.4013e-45
-4.2039e-45
-7.00649e-45
-9.80909e-45
-1.26117e-44
-1.4013e-44
-1.54143e-44
-1.68156e-44
-1.82169e-44
-1.82169e-44
-1.82169e-44
-1.82169e-44
-1.68156e-44
-1.54143e-44
-1.4013e-44
-1.26117e-44
-1.12104e-44
-9.80909e-45
-7.00649e-45
-4.2039e-45
-1.4013e-45
1.4013e-45
4.2039e-45
7.00649e-45
9.80909e-45
1.26117e-44
1.4013e-44
1.54143e-44
1.68156e-44
1.82169e-44
1.82169e-44
1.82169e-44
1.82169e-44
1.68156e-44
1.54143e-44
1.4013e-44
1.26117e-44
1.12104e-44
9.80909e-45
7.00649e-45
4.2039e-45
1.4013e-45
-1.4013e-45
-4.2039e-45
-7.00649e-45
-9.80909e-45
-1.26117e-44
-1.4013e-44
-1.54143e-44
-1.68156e-44
-1.82169e-44
-1.82169e-44
-1.82169e-44
-1.82169e-44
-1.68156e-44
-1.54143e-44
-1.4013e-44
-1.26117e-44
-1.12104e-44
-9.80909e-45
-7.00649e-45
-4.2039e-45
-1.4013e-45
1.4013e-45
4.2039e-45
7.00649e-45
9.80909e-45
1.26117e-44
1.4013e-44
1.54143e-44
1.68156e-44
1.82169e-44
1.82169e-44
1.82169e-44
1.82169e-44
1.68156e-44
1.54143e-44
1.4013e-44
1.26117e-44
1.12104e-44
9.80909e-45
7.00649e-45
4.2039e-45
1.4013e-45
-1.4013e-45
-4.2039e-45
-7.00649e-45
-9.80909e-45
-1.26117e-44
-1.4013e-44
-1.54143e-44
-1.68156e-44
-1.82169e-44
-1.82169e-44
-1.82169e-44
-1.82169e-44
-1.68156e-44
-1.54143e-44
-1.4013e-44
-1.26117e-44
-1.12104e-44
-9.80909e-45
-7.00649e-45
-4.2039e-45
-1.4013e-45
1.4013e-45
4.2039e-45
7.00649e-45
9.80909e-45
1.26117e-44
1.4013e-44
1.54143e-44
1.68156e-44
1.82169e-44
1.82169e-44
1.82169e-44
1.82169e-44
1.68156e-44
1.54143e-44
1.4013e-44
1.26117e-44
1.12104e-44
9.80909e-45
7.00649e-45
4.2039e-45
1.4013e-45
-1.4013e-45
-4.2039e-45
-7.00649e-45
-9.80909e-45
-1.26117e-44
-1.4013e-44
-1.54143e-44
-1.68156e-44
-1.82169e-44
-1.82169e-44
-1.82169e-44
-1.82169e-44
-1.68156e-44
-1.54143e-44
-1.4013e-44
-1.26117e-44
-1.12104e-44
-9.80909e-45
-7.00649e-45
-4.2039e-45
-1.4013e-45
1.4013e-45
4.2039e-45
7.00649e-45
9.80909e-45
1.26117e-44
1.4013e-44
1.54143e-44
1.68156e-44
1.82169e-44
1.82169e-44
1.82169e-44
1.82169e-44
1.68156e-44
1.54143e-44
1.4013e-44
1.26117e-44
1.12104e-44
9.80909e-45
7.00649e-45
4.2039e-45
1.4013e-45
-1.4013e-45
-4.2039e-45
-7.00649e-45
-9.80909e-45
-1.26117e-44
-1.4013e-44
-1.54143e-44
-1.68156e-44
-1.82169e-44
-1.82169e-44
-1.82169e-44
-1.82169e-44
-1.68156e-44
-1.54143e-44
-1.4013e-44
-1.26117e-44
-1.12104e-44
-9.80909e-45
-7.00649e-45
-4.2039e-45
-1.4013e-45
1.4013e-45
4.2039e-45
7.00649e-45
9.80909e-45
1.26117e-44
1.4013e-44
1.54143e-44
1.68156e-44
1.82169e-44
1.82169e-44
1.82169e-44
1.82169e-44
1.68156e-44
1.54143e-44
1.4013e-44
1.26117e-44
1.12104e-44
9.80909e-45
7.00649e-45
4.2039e-45
1.4013e-45
-1.4013e-45
-4.2039e-45
-7.00649e-45
-9.80909e-45
-1.26117e-44
-1.4013e-44
-1.54143e-44
-1.68156e-44
-1.82169e-44
-1.82169e-44
-1.82169e-44
-1.82169e-44
-1.68156e-44
-1.54143e-44
-1.4013e-44
-1.26117e-44
-1.12104e-44
-9.80909e-45
-7.00649e-45
-4.2039e-45
-1.4013e-45
1.4013e-45
4.2039e-45
7.00649e-45
9.80909e-45
1.26117e-44
1.4013e-44
1.54143e-44
1.68156e-44
1.82169e-44
1.82169e-44
1.82169e-44
1.82169e-44
1.68156e-44
1.54143e-44
1.4013e-44
1.26117e-44
1.12104e-44
9.80909e-45
7.00649e-45
4.2039e-45
1.4013e-45
-1.4013e-45
-4.2039e-45
-7.00649e-45
-9.80909e-45
-1.26117e-44
-1.4013e-44
-1.54143e-44
-1.68156e-44
-1.82169e-44
-1.82169e-44
-1.82169e-44
-1.82169e-44
-1.68156e-44
-1.54143e-44
-1.4013e-44
-1.26117e-44
-1.12104e-44
-9.80909e-45
-7.00649e-45
-4.2039e-45
-1.4013e-45
1.4013e-45
4.2039e-45
7.00649e-45
9.80909e-45
1.26117e-44
1.4013e-44
1.54143e-44
1.68156e-44
1.82169e-44
1.82169e-44
1.82169e-44
1.82169e-44
1.68156e-44
1.54143e-44
1.4013e-44
1.26117e-44
1.12104e-44
9.80909e-45
7.00649e-45
4.2039e-45
1.4013e-45
-1.4013e-45
-4.2039e-45
-7.00649e-45
-9.80909e-45
-1.26117e-44
-1.4013e-44
-1.54143e-44
-1.68156e-44
-1.82169e-44
-1.82169e-44
-1.82169e-44
-1.82169e-44
-1.68156e-44
-1.54143e-44
-1.4013e-44
-1.26117e-44
-1.12104e-44
-9.80909e-45
-7.00649e-45
-4.2039e-45
-1.4013e-45
1.4013e-45
4.2039e-45
7.00649e-45
9.80909e-45
1.26117e-44
1.4013e-44
1.54143e-44
1.68156e-44
1.82169e-44
1.82169e-44
1.82169e-44
1.82169e-44
1.68156e-44
1.54143e-44
1.4013e-44
1.26117e-44
1.12104e-44
9.80909e-45
7.00649e-45
4.2039e-45
1.4013e-45
-1.4013e-45
-4.2039e-45
-7.00649e-45
-9.80909e-45
-1.26117e-44
-1.4013e-44
-1.54143e-44
-1.68156e-44
-1.82169e-44
-1.82169e-44
-1.82169e-44
-1.82169e-44
-1.68156e-44
-1.54143e-44
-1.4013e-44
-1.26117e-44
-1.12104e-44
-9.80909e-45
-7.00649e-45
-4.2039e-45
-1.4013e-45
1.4013e-45
4.2039e-45
7.00649e-45
9.80909e-45
1.26117e-44
1.4013e-44
1.54143e-44
1.68156e-44
1.82169e-44
1.82169e-44
1.82169e-44
1.82169e-44
1.68156e-44
1.54143e-44
1.4013e-44
1.26117e-44
1.12104e-44
9.80909e-45
7.00649e-45
4.2039e-45
1.4013e-45
-1.4013e-45
-4.2039e-45
-7.00649e-45
-9.80909e-45
-1.26117e-44
-1.4013e-44
-1.54143e-44
-1.68156e-44
-1.82169e-44
-1.82169e-44
-1.82169e-44
-1.82169e-44
-1.68156e-44
-1.54143e-44
-1.4013e-44
-1.26117e-44
-1.12104e-44
-9.80909e-45
-7.00649e-45
-4.2039e-45
-1.4013e-45
1.4013e-45
4.2039e-45
7.00649e-45
9.80909e-45
1.26117e-44
1.4013e-44
1.54143e-44
1.68156e-44
1.82169e-44
1.82169e-44
1.82169e-44
1.82169e-44
1.68156e-44
1.54143e-44
1.4013e-44
1.26117e-44
1.12104e-44
9.80909e-45
7.00649e-45
4.2039e-45
1.4013e-45
-1.4013e-45
-4.2039e-45
-7.00649e-45
-9.80909e-45
-1.26117e-44
-1.4013e-44
-1.54143e-44
-1.68156e-44
-1.82169e-44
-1.82169e-44
-1.82169e-44
-1.82169e-44
-1.68156e-44
-1.54143e-44
-1.4013e-44
-1.26117e-44
-1.12104e-44
-9.80909e-45
-7.00649e-45
-4.2039e-45
-1.4013e-45
1.4013e-45
4.2039e-45
7.00649e-45
9.80909e-45
1.26117e-44
1.4013e-44
1.54143e-44
1.68156e-44
1.82169e-44
1.82169e-44
1.82169e-44
1.82169e-44
1.68156e-44
1.54143e-44
1.4013e-44
1.26117e-44
1.12104e-44
9.80909e-45
7.00649e-45
4.2039e-45
1.4013e-45
-1.4013e-45
-4.2039e-45
-7.00649e-45
-9.80909e-45
-1.26117e-44
-1.4013e-44
-1.54143e-44
-1.68156e-44
-1.82169e-44
-1.82169e-44
-1.82169e-44
-1.82169e-44
-1.68156e-44
-1.54143e-44
-1.4013e-44
-1.26117e-44
-1.12104e-44
-9.80909e-45
-7.00649e-45
-4.2039e-45
-1.4013e-45
1.4013e-45
4.2039e-45
7.00649e-45
9.80909e-45
1.26117e-44
1.4013e-44
1.54143e-44
1.68156e-44
1.82169e-44
1.82169e-44
1.82169e-44
1.82169e-44
1.68156e-44
1.54143e-44
1.4013e-44
1.26117e-44
1.12104e-44
9.80909e-45
7.00649e-45
4.2039e-45
1.4013e-45
-1.4013e-45
-4.2039e-45
-7.00649e-45
-9.80909e-45
-1.26117e-44
-1.4013e-44
-1.54143e-44
-1.68156e-44
-1.82169e-44
-1.82169e-44
-1.82169e-44
-1.82169e-44
-1.68156e-44
-1.54143e-44
-1.4013e-44
-1.26117e-44
-1.12104e-44
-9.80909e-45
-7.00649e-45
-4.2039e-45
-1.4013e-45
1.4013e-45
4.2039e-45
7.00649e-45
9.80909e-45
1.26117e-44
1.4013e-44
1.54143e-44
1.68156e-44
1.82169e-44
1.82169e-44
1.82169e-44
1.82169e-44
1.68156e-44
1.54143e-44
1.4013e-44
1.26117e-44
1.12104e-44
9.80909e-45
7.00649e-45
4.2039e-45
1.4013e-45
-1.4013e-45
-4.2039e-45
-7.00649e-45
-9.80909e-45
-1.26117e-44
-1.4013e-44
-1.54143e-44
-1.68156e-44
-1.82169e-44
-1.82169e-44
-1.82169e-44
-1.82169e-44
-1.68156e-44
-1.54143e-44
-1.4013e-44
-1.26117e-44
-1.12104e-44
-9.80909e-45
-7.00649e-45
-4.2039e-45
-1.4013e-45
1.4013e-45
4.2039e-45
7.00649e-45
9.80909e-45
1.26117e-44
1.4013e-44
1.54143e-44
1.68156e-44
1.82169e-44
1.82169e-44
1.82169e-44
1.82169e-44
1.68156e-44
1.54143e-44
1.4013e-44
1.26117e-44
1.12104e-44
9.80909e-45
7.00649e-45
4.2039e-45
1.4013e-45
-1.4013e-45
-4.2039e-45
-7.00649e-45
-9.80909e-45
-1.26117e-44
-1.4013e-44
-1.54143e-44
-1.68156e-44
-1.82169e-44
-1.82169e-44
-1.82169e-44
-1.82169e-44
-1.68156e-44
-1.54143e-44
-1.4013e-44
-1.26117e-44
-1.12104e-44
-9.80909e-45
-7.00649e-45
-4.2039e-45
-1.4013e-45
1.4013e-45
4.2039e-45
7.00649e-45
9.80909e-45
1.26117e-44
1.4013e-44
1.54143e-44
1.68156e-44
1.82169e-44
1.82169e-44
1.82169e-44
1.82169e-44
1.68156e-44
1.54143e-44
1.4013e-44
1.26117e-44
1.12104e-44
9.80909e-45
7.00649e-45
4.2039e-45
1.4013e-45
-1.4013e-45
-4.2039e-45
-7.00649e-45
-9.80909e-45
-1.26117e-44
-1.4013e-44
-1.54143e-44
-1.68156e-44
-1.82169e-44
-1.82169e-44
-1.82169e-44
-1.82169e-44
-1.68156e-44
-1.54143e-44
-1.4013e-44
-1.26117e-44
-1.12104e-44
-9.80909e-45
-7.00649e-45
-4.2039e-45
-1.4013e-45
1.4013e-45
4.2039e-45
7.00649e-45
9.80909e-45
1.26117e-44
1.4013e-44
1.54143e-44
1.68156e-44
1.82169e-44
1.82169e-44
1.82169e-44
1.82169e-44
1.68156e-44
1.54143e-44
1.4013e-44
1.26117e-44
1.12104e-44
9.80909e-45
7.00649e-45
4.2039e-45
1.4013e-45
-1.4013e-45
-4.2039e-45
-7.00649e-45
-9.80909e-45
-1.26117e-44
-1.4013e-44
-1.54143e-44
-1.68156e-44
-1.82169e-44
-1.82169e-44
-1.82169e-44
-1.82169e-44
-1.68156e-44
-1.54143e-44
-1.4013e-44
-1.26117e-44
-1.12104e-44
-9.80909e-45
-7.00649e-45
-4.2039e-45
-1.4013e-45
1.4013e-45
4.2039e-45
7.00649e-45
9.80909e-45
1.26117e-44
1.4013e-44
1.54143e-44
1.68156e-44
1.82169e-44
1.82169e-44
1.82169e-44
1.82169e-44
1.68156e-44
1.54143e-44
1.4013e-44
1.26117e-44
1.12104e-44
9.80909e-45
7.00649e-45
4.2039e-45
1.4013e-45
-1.4013e-45
-4.2039e-45
-7.00649e-45
-9.80909e-45
-1.26117e-44
-1.4013e-44
-1.54143e-44
-1.68156e-44
-1.82169e-44
-1.82169e-44
-1.82169e-44
-1.82169e-44
-1.68156e-44
-1.54143e-44
-1.4013e-44
-1.26117e-44
-1.12104e-44
-9.80909e-45
-7.00649e-45
-4.2039e-45
-1.4013e-45
1.4013e-45
4.2039e-45
7.00649e-45
9.80909e-45
1.26117e-44
1.4013e-44
1.54143e-44
1.68156e-44
1.82169e-44
1.82169e-44
1.82169e-44
1.82169e-44
1.68156e-44
1.54143e-44
1.4013e-44
1.26117e-44
1.12104e-44
9.80909e-45
7.00649e-45
4.2039e-45
1.4013e-45
-1.4013e-45
-4.2039e-45
-7.00649e-45
-9.80909e-45
-1.26117e-44
-1.4013e-44
-1.54143e-44
-1.68156e-44
-1.82169e-44
-1.82169e-44
-1.82169e-44
-1.82169e-44
-1.68156e-44
-1.54143e-44
-1.4013e-44
-1.26117e-44
-1.12104e-44
-9.80909e-45
-7.00649e-45
-4.2039e-45
-1.4013e-45
1.4013e-45
4.2039e-45
7.00649e-45
9.80909e-45
1.26117e-44
1.4013e-44
1.54143e-44
1.68156e-44
1.82169e-44
1.82169e-44
1.82169e-44
1.82169e-44
1.68156e-44
1.54143e-44
1.4013e-44
1.26117e-44
1.12104e-44
9.80909e-45
7.00649e-45
4.2039e-45
1.4013e-45
-1.4013e-45
-4.2039e-45
-7.00649e-45
-9.80909e-45
-1.26117e-44
-1.4013e-44
-1.54143e-44
-1.68156e-44
-1.82169e-44
-1.82169e-44
-1.82169e-44
-1.82169e-44
-1.68156e-44
-1.54143e-44
-1.4013e-44
-1.26117e-44
-1.12104e-44
-9.80909e-45
-7.00649e-45
-4.2039e-45
-1.4013e-45
1.4013e-45
4.2039e-45
7.00649e-45
9.80909e-45
1.26117e-44
1.4013e-44
1.54143e-44
1.68156e-44
1.82169e-44
1.82169e-44
1.82169e-44
1.82169e-44
1.68156e-44
1.54143e-44
1.4013e-44
1.26117e-44
1.12104e-44
9.80909e-45
7.00649e-45
4.2039e-45
1.4013e-45
-1.4013e-45
-4.2039e-45
-7.00649e-45
-9.80909e-45
-1.26117e-44
-1.4013e-44
-1.54143e-44
-1.68156e-44
-1.82169e-44
-1.82169e-44
-1.82169e-44
-1.82169e-44
-1.68156e-44
-1.54143e-44
-1.4013e-44
-1.26117e-44
-1.12104e-44
-9.80909e-45
-7.00649e-45
-4.2039e-45
-1.4013e-45
1.4013e-45
4.2039e-45
7.00649e-45
9.80909e-45
1.26117e-44
1.4013e-44
1.54143e-44
1.68156e-44
1.82169e-44
1.82169e-44
1.82169e-44
1.82169e-44
1.68156e-44
1.54143e-44
1.4013e-44
1.26117e-44
1.12104e-44
9.80909e-45
7.00649e-45
4.2039e-45
1.4013e-45
-1.4013e-45
-4.2039e-45
-7.00649e-45
-9.80909e-45
-1.26117e-44
-1.4013e-44
-1.54143e-44
-1.68156e-44
-1.82169e-44
-1.82169e-44
-1.82169e-44
-1.82169e-44
-1.68156e-44
-1.54143e-44
-1.4013e-44
-1.26117e-44
-1.12104e-44
-9.80909e-45
-7.00649e-45
-4.2039e-45
-1.4013e-45
1.4013e-45
4.2039e-45
7.00649e-45
9.80909e-45
1.26117e-44
1.4013e-44
1.54143e-44
1.68156e-44
1.82169e-44
1.82169e-44
1.82169e-44
1.82169e-44
1.68156e-44
1.54143e-44
1.4013e-44
1.26117e-44
1.12104e-44
9.80909e-45
7.00649e-45
4.2039e-45
1.4013e-45
-1.4013e-45
-4.2039e-45
-7.00649e-45
-9.80909e-45
-1.26117e-44
-1.4013e-44
-1.54143e-44
-1.68156e-44
-1.82169e-44
-1.82169e-44
-1.82169e-44
-1.82169e-44
-1.68156e-44
-1.54143e-44
-1.4013e-44
-1.26117e-44
-1.12104e-44
-9.80909e-45
-7.00649e-45
-4.2039e-45
-1.4013e-45
1.4013e-45
4.2039e-45
7.00649e-45
9.80909e-45
1.26117e-44
1.4013e-44
1.54143e-44
1.68156e-44
1.82169e-44
1.82169e-44
1.82169e-44
1.82169e-44
1.68156e-44
1.54143e-44
1.4013e-44
1.26117e-44
1.12104e-44
9.80909e-45
7.00649e-45
4.2039e-45
1.4013e-45
-1.4013e-45
-4.2039e-45
-7.00649e-45
-9.80909e-45
-1.26117e-44
-1.4013e-44
-1.54143e-44
-1.68156e-44
-1.82169e-44
-1.82169e-44
-1.82169e-44
-1.82169e-44
-1.68156e-44
-1.54143e-44
-1.4013e-44
-1.26117e-44
-1.12104e-44
-9.80909e-45
-7.00649e-45
-4.2039e-45
-1.4013e-45
1.4013e-45
4.2039e-45
7.00649e-45
9.80909e-45
1.26117e-44
1.4013e-44
1.54143e-44
1.68156e-44
1.82169e-44
1.82169e-44
1.82169e-44
1.82169e-44
1.68156e-44
1.54143e-44
1.4013e-44
1.26117e-44
1.12104e-44
9.80909e-45
7.00649e-45
4.2039e-45
1.4013e-45
-1.4013e-45
-4.2039e-45
-7.00649e-45
-9.80909e-45
-1.26117e-44
-1.4013e-44
-1.54143e-44
-1.68156e-44
-1.82169e-44
-1.82169e-44
-1.82169e-44
-1.82169e-44
-1.68156e-44
-1.54143e-44
-1.4013e-44
-1.26117e-44
-1.12104e-44
-9.80909e-45
-7.00649e-45
-4.2039e-45
-1.4013e-45
1.4013e-45
4.2039e-45
7.00649e-45
9.80909e-45
1.26117e-44
1.4013e-44
1.54143e-44
1.68156e-44
1.82169e-44
1.82169e-44
1.82169e-44
1.82169e-44
1.68156e-44
1.54143e-44
1.4013e-44
1.26117e-44
1.12104e-44
9.80909e-45
7.00649e-45
4.2039e-45
1.4013e-45
-1.4013e-45
-4.2039e-45
-7.00649e-45
-9.80909e-45
-1.26117e-44
-1.4013e-44
-1.54143e-44
-1.68156e-44
-1.82169e-44
-1.82169e-44
-1.82169e-44
-1.82169e-44
-1.68156e-44
-1.54143e-44
-1.4013e-44
-1.26117e-44
-1.12104e-44
-9.80909e-45
-7.00649e-45
-4.2039e-45
-1.4013e-45
1.4013e-45
4.2039e-45
7.00649e-45
9.80909e-45
1.26117e-44
1.4013e-44
1.54143e-44
1.68156e-44
1.82169e-44
1.82169e-44
1.82169e-44
1.82169e-44
1.68156e-44
1.54143e-44
1.4013e-44
1.26117e-44
1.12104e-44
9.80909e-45
7.00649e-45
4.2039e-45
1.4013e-45
-1.4013e-45
-4.2039e-45
-7.00649e-45
-9.80909e-45
-1.26117e-44
-1.4013e-44
-1.54143e-44
-1.68156e-44
-1.82169e-44
-1.82169e-44
-1.82169e-44
-1.82169e-44
-1.68156e-44
-1.54143e-44
-1.4013e-44
-1.26117e-44
-1.12104e-44
-9.80909e-45
-7.00649e-45
-4.2039e-45
-1.4013e-45
1.4013e-45
4.2039e-45
7.00649e-45
9.80909e-45
1.26117e-44
1.4013e-44
1.54143e-44
1.68156e-44
1.82169e-44
1.82169e-44
1.82169e-44
1.82169e-44
1.68156e-44
1.54143e-44
1.4013e-44
1.26117e-44
1.12104e-44
9.80909e-45
7.00649e-45
4.2039e-45
1.4013e-45
-1.4013e-45
-4.2039e-45
-7.00649e-45
-9.80909e-45
-1.26117e-44
-1.4013e-44
-1.54143e-44
-1.68156e-44
-1.82169e-44
-1.82169e-44
-1.82169e-44
-1.82169e-44
-1.68156e-44
-1.54143e-44
-1.4013e-44
-1.26117e-44
-1.12104e-44
-9.80909e-45
-7.00649e-45
-4.2039e-45
-1.4013e-45
1.4013e-45
4.2039e-45
7.00649e-45
9.80909e-45
1.26117e-44
1.4013e-44
1.54143e-44
1.68156e-44
1.82169e-44
1.82169e-44
1.82169e-44
1.82169e-44
1.68156e-44
1.54143e-44
1.4013e-44
1.26117e-44
1.12104e-44
9.80909e-45
7.00649e-45
4.2039e-45
1.4013e-45
-1.4013e-45
-4.2039e-45
-7.00649e-45
-9.80909e-45
-1.26117e-44
-1.4013e-44
-1.54143e-44
-1.68156e-44
-1.82169e-44
-1.82169e-44
-1.82169e-44
-1.82169e-44
-1.68156e-44
-1.54143e-44
-1.4013e-44
-1.26117e-44
-1.12104e-44
-9.80909e-45
-7.00649e-45
-4.2039e-45
-1.4013e-45
1.4013e-45
4.2039e-45
7.00649e-45
9.80909e-45
1.26117e-44
1.4013e-44
1.54143e-44
1.68156e-44
1.82169e-44
1.82169e-44
1.82169e-44
1.82169e-44
1.68156e-44
1.54143e-44
1.4013e-44
1.26117e-44
1.12104e-44
9.80909e-45
7.00649e-45
4.2039e-45
1.4013e-45
-1.4013e-45
-4.2039e-45
-7.00649e-45
-9.80909e-45
-1.26117e-44
-1.4013e-44
-1.54143e-44
-1.68156e-44
-1.82169e-44
-1.82169e-44
-1.82169e-44
-1.82169e-44
-1.68156e-44
-1.54143e-44
-1.4013e-44
-1.26117e-44
-1.12104e-44
-9.80909e-45
-7.00649e-45
-4.2039e-45
-1.4013e-45
1.4013e-45
4.2039e-45
7.00649e-45
9.80909e-45
1.26117e-44
1.4013e-44
1.54143e-44
1.68156e-44
1.82169e-44
1.82169e-44
1.82169e-44
1.82169e-44
1.68156e-44
1.54143e-44
1.4013e-44
1.26117e-44
1.12104e-44
9.80909e-45
7.00649e-45
4.2039e-45
1.4013e-45
-1.4013e-45
-4.2039e-45
-7.00649e-45
-9.80909e-45
-1.26117e-44
-1.4013e-44
-1.54143e-44
-1.68156e-44
-1.82169e-44
-1.82169e-44
-1.82169e-44
-1.82169e-44
-1.68156e-44
-1.54143e-44
-1.4013e-44
-1.26117e-44
-1.12104e-44
-9.80909e-45
-7.00649e-45
-4.2039e-45
-1.4013e-45
1.4013e-45
4.2039e-45
7.00649e-45
9.80909e-45
1.26117e-44
1.4013e-44
1.54143e-44
1.68156e-44
1.82169e-44
1.82169e-44
1.82169e-44
1.82169e-44
1.68156e-44
1.54143e-44
1.4013e-44
1.26117e-44
1.12104e-44
9.80909e-45
7.00649e-45
4.2039e-45
1.4013e-45
-1.4013e-45
-4.2039e-45
-7.00649e-45
-9.80909e-45
-1.26117e-44
-1.4013e-44
-1.54143e-44
-1.68156e-44
-1.82169e-44
-1.82169e-44
-1.82169e-44
-1.82169e-44
-1.68156e-44
-1.54143e-44
-1.4013e-44
-1.26117e-44
-1.12104e-44
-9.80909e-45
-7.00649e-45
-4.2039e-45
-1.4013e-45
1.4013e-45
4.2039e-45
7.00649e-45
9.80909e-45
1.26117e-44
1.4013e-44
1.54143e-44
1.68156e-44
1.82169e-44
1.82169e-44
1.82169e-44
1.82169e-44
1.68156e-44
1.54143e-44
1.4013e-44
1.26117e-44
1.12104e-44
9.80909e-45
7.00649e-45
4.2039e-45
1.4013e-45
-1.4013e-45
-4.2039e-45
-7.00649e-45
-9.80909e-45
-1.26117e-44
-1.4013e-44
-1.54143e-44
-1.68156e-44
-1.82169e-44
-1.82169e-44
-1.82169e-44
-1.82169e-44
-1.68156e-44
-1.54143e-44
-1.4013e-44
-1.26117e-44
-1.12104e-44
-9.80909e-45
-7.00649e-45
-4.2039e-45
-1.4013e-45
1.4013e-45
4.2039e-45
7.00649e-45
9.80909e-45
1.26117e-44
1.4013e-44
1.54143e-44
1.68156e-44
1.82169e-44
1.82169e-44
1.82169e-44
1.82169e-44
1.68156e-44
1.54143e-44
1.4013e-44
1.26117e-44
1.12104e-44
9.80909e-45
7.00649e-45
4.2039e-45
1.4013e-45
-1.4013e-45
-4.2039e-45
-7.00649e-45
-9.80909e-45
-1.26117e-44
-1.4013e-44
-1.54143e-44
-1.68156e-44
-1.82169e-44
-1.82169e-44
-1.82169e-44
-1.82169e-44
-1.68156e-44
-1.54143e-44
-1.4013e-44
-1.26117e-44
-1.12104e-44
-9.80909e-45
-7.00649e-45
-4.2039e-45
-1.4013e-45
1.4013e-45
4.2039e-45
7.00649e-45
9.80909e-45
1.26117e-44
1.4013e-44
1.54143e-44
1.68156e-44
1.82169e-44
1.82169e-44
1.82169e-44
1.82169e-44
1.68156e-44
1.54143e-44
1.4013e-44
1.26117e-44
1.12104e-44
9.80909e-45
7.00649e-45
4.2039e-45
1.4013e-45
-1.4013e-45
-4.2039e-45
-7.00649e-45
-9.80909e-45
-1.26117e-44
-1.4013e-44
-1.54143e-44
-1.68156e-44
-1.82169e-44
-1.82169e-44
-1.82169e-44
-1.82169e-44
-1.68156e-44
-1.54143e-44
-1.4013e-44
-1.26117e-44
-1.12104e-44
-9.80909e-45
-7.00649e-45
-4.2039e-45
-1.4013e-45
1.4013e-45
4.2039e-45
7.00649e-45
9.80909e-45
1.26117e-44
1.4013e-44
1.54143e-44
1.68156e-44
1.82169e-44
1.82169e-44
1.82169e-44
1.82169e-44
1.68156e-44
1.54143e-44
1.4013e-44
1.26117e-44
1.12104e-44
9.80909e-45
7.00649e-45
4.2039e-45
1.4013e-45
-1.4013e-45
-4.2039e-45
-7.00649e-45
-9.80909e-45
-1.26117e-44
-1.4013e-44
-1.54143e-44
-1.68156e-44
-1.82169e-44
-1.82169e-44
-1.82169e-44
-1.82169e-44
-1.68156e-44
-1.54143e-44
-1.4013e-44
-1.26117e-44
-1.12104e-44
-9.80909e-45
-7.00649e-45
-4.2039e-45
-1.4013e-45
1.4013e-45
4.2039e-45
7.00649e-45
9.80909e-45
1.26117e-44
1.4013e-44
1.54143e-44
1.68156e-44
1.82169e-44
1.82169e-44
1.82169e-44
1.82169e-44
1.68156e-44
1.54143e-44
1.4013e-44
1.26117e-44
1.12104e-44
9.80909e-45
7.00649e-45
4.2039e-45
1.4013e-45
-1.4013e-45
-4.2039e-45
-7.00649e-45
-9.80909e-45
-1.26117e-44
-1.4013e-44
-1.54143e-44
-1.68156e-44
-1.82169e-44
-1.82169e-44
-1.82169e-44
-1.82169e-44
-1.68156e-44
-1.54143e-44
-1.4013e-44
-1.26117e-44
-1.12104e-44
-9.80909e-45
-7.00649e-45
-4.2039e-45
-1.4013e-45
1.4013e-45
4.2039e-45
7.00649e-45
9.80909e-45
1.26117e-44
1.4013e-44
1.54143e-44
1.68156e-44
1.82169e-44
1.82169e-44
1.82169e-44
1.82169e-44
1.68156e-44
1.54143e-44
1.4013e-44
1.26117e-44
1.12104e-44
9.80909e-45
7.00649e-45
4.2039e-45
1.4013e-45
-1.4013e-45
-4.2039e-45
-7.00649e-45
-9.80909e-45
-1.26117e-44
-1.4013e-44
-1.54143e-44
-1.68156e-44
-1.82169e-44
-1.82169e-44
-1.82169e-44
-1.82169e-44
-1.68156e-44
-1.54143e-44
-1.4013e-44
-1.26117e-44
-1.12104e-44
-9.80909e-45
-7.00649e-45
-4.2039e-45
-1.4013e-45
1.4013e-45
4.2039e-45
7.00649e-45
9.80909e-45
1.26117e-44
1.4013e-44
1.54143e-44
1.68156e-44
1.82169e-44
1.82169e-44
1.82169e-44
1.82169e-44
1.68156e-44
1.54143e-44
1.4013e-44
1.26117e-44
1.12104e-44
9.80909e-45
7.00649e-45
4.2039e-45
1.4013e-45
-1.4013e-45
-4.2039e-45
-7.00649e-45
-9.80909e-45
-1.26117e-44
-1.4013e-44
-1.54143e-44
-1.68156e-44
-1.82169e-44
-1.82169e-44
-1.82169e-44
-1.82169e-44
-1.68156e-44
-1.54143e-44
-1.4013e-44
-1.26117e-44
-1.12104e-44
-9.80909e-45
-7.00649e-45
-4.2039e-45
-1.4013e-45
1.4013e-45
4.2039e-45
7.00649e-45
9.80909e-45
1.26117e-44
1.4013e-44
1.54143e-44
1.68156e-44
1.82169e-44
1.82169e-44
1.82169e-44
1.82169e-44
1.68156e-44
1.54143e-44
1.4013e-44
1.26117e-44
1.12104e-44
9.80909e-45
7.00649e-45
4.2039e-45
1.4013e-45
-1.4013e-45
-4.2039e-45
-7.00649e-45
-9.80909e-45
-1.26117e-44
-1.4013e-44
-1.54143e-44
-1.68156e-44
-1.82169e-44
-1.82169e-44
-1.82169e-44
-1.82169e-44
-1.68156e-44
-1.54143e-44
-1.4013e-44
-1.26117e-44
-1.12104e-44
-9.80909e-45
-7.00649e-45
-4.2039e-45
-1.4013e-45
1.4013e-45
4.2039e-45
7.00649e-45
9.80909e-45
1.26117e-44
1.4013e-44
1.54143e-44
1.68156e-44
1.82169e-44
1.82169e-44
1.82169e-44
1.82169e-44
1.68156e-44
1.54143e-44
1.4013e-44
1.26117e-44
1.12104e-44
9.80909e-45
7.00649e-45
4.2039e-45
1.4013e-45
-1.4013e-45
-4.2039e-45
-7.00649e-45
-9.80909e-45
-1.26117e-44
-1.4013e-44
-1.54143e-44
-1.68156e-44
-1.82169e-44
-1.82169e-44
-1.82169e-44
-1.82169e-44
-1.68156e-44
-1.54143e-44
-1.4013e-44
-1.26117e-44
-1.12104e-44
-9.80909e-45
-7.00649e-45
-4.2039e-45
-1.4013e-45
1.4013e-45
4.2039e-45
7.00649e-45
9.80909e-45
1.26117e-44
1.4013e-44
1.54143e-44
1.68156e-44
1.82169e-44
1.82169e-44
1.82169e-44
1.82169e-44
1.68156e-44
1.54143e-44
1.4013e-44
1.26117e-44
1.12104e-44
9.80909e-45
7.00649e-45
4.2039e-45
1.4013e-45
-1.4013e-45
-4.2039e-45
-7.00649e-45
-9.80909e-45
-1.26117e-44
-1.4013e-44
-1.54143e-44
-1.68156e-44
-1.82169e-44
-1.82169e-44
-1.82169e-44
-1.82169e-44
-1.68156e-44
-1.54143e-44
-1.4013e-44
-1.26117e-44
-1.12104e-44
-9.80909e-45
-7.00649e-45
-4.2039e-45
-1.4013e-45
1.4013e-45
4.2039e-45
7.00649e-45
9.80909e-45
1.26117e-44
1.4013e-44
1.54143e-44
1.68156e-44
1.82169e-44
1.82169e-44
1.82169e-44
1.82169e-44
1.68156e-44
1.54143e-44
1.4013e-44
1.26117e-44
1.12104e-44
9.80909e-45
7.00649e-45
4.2039e-45
1.4013e-45
-1.4013e-45
-4.2039e-45
-7.00649e-45
-9.80909e-45
-1.26117e-44
-1.4013e-44
-1.54143e-44
-1.68156e-44
-1.82169e-44
-1.82169e-44
-1.82169e-44
-1.82169e-44
-1.68156e-44
-1.54143e-44
-1.4013e-44
-1.26117e-44
-1.12104e-44
-9.80909e-45
-7.00649e-45
-4.2039e-45
-1.4013e-45
1.4013e-45
4.2039e-45
7.00649e-45
9.80909e-45
1.26117e-44
1.4013e-44
1.54143e-44
1.68156e-44
1.82169e-44
1.82169e-44
1.82169e-44
1.82169e-44
1.68156e-44
1.54143e-44
1.4013e-44
1.26117e-44
1.12104e-44
9.80909e-45
7.00649e-45
4.2039e-45
1.4013e-45
-1.4013e-45
-4.2039e-45
-7.00649e-45
-9.80909e-45
-1.26117e-44
-1.4013e-44
-1.54143e-44
-1.68156e-44
-1.82169e-44
-1.82169e-44
-1.82169e-44
-1.82169e-44
-1.68156e-44
-1.54143e-44
-1.4013e-44
-1.26117e-44
-1.12104e-44
-9.80909e-45
-7.00649e-45
-4.2039e-45
-1.4013e-45
1.4013e-45
4.2039e-45
7.00649e-45
9.80909e-45
1.26117e-44
1.4013e-44
1.54143e-44
1.68156e-44
1.82169e-44
1.82169e-44
1.82169e-44
1.82169e-44
1.68156e-44
1.54143e-44
1.4013e-44
1.26117e-44
1.12104e-44
9.80909e-45
7.00649e-45
4.2039e-45
1.4013e-45
-1.4013e-45
-4.2039e-45
-7.00649e-45
-9.80909e-45
-1.26117e-44
-1.4013e-44
-1.54143e-44
-1.68156e-44
-1.82169e-44
-1.82169e-44
-1.82169e-44
-1.82169e-44
-1.68156e-44
-1.54143e-44
-1.4013e-44
-1.26117e-44
-1.12104e-44
-9.80909e-45
-7.00649e-45
-4.2039e-45
-1.4013e-45
1.4013e-45
4.2039e-45
7.00649e-45
9.80909e-45
1.26117e-44
1.4013e-44
1.54143e-44
1.68156e-44
1.82169e-44
1.82169e-44
1.82169e-44
1.82169e-44
1.68156e-44
1.54143e-44
1.4013e-44
1.26117e-44
1.12104e-44
9.80909e-45
7.00649e-45
4.2039e-45
1.4013e-45
-1.4013e-45
-4.2039e-45
-7.00649e-45
-9.80909e-45
-1.26117e-44
-1.4013e-44
-1.54143e-44
-1.68156e-44
-1.82169e-44
-1.82169e-44
-1.82169e-44
-1.82169e-44
-1.68156e-44
-1.54143e-44
-1.4013e-44
-1.26117e-44
-1.12104e-44
-9.80909e-45
-7.00649e-45
-4.2039e-45
-1.4013e-45
1.4013e-45
4.2039e-45
7.00649e-45
9.80909e-45
1.26117e-44
1.4013e-44
1.54143e-44
1.68156e-44
1.82169e-44
1.82169e-44
1.82169e-44
1.82169e-44
1.68156e-44
1.54143e-44
1.4013e-44
1.26117e-44
1.12104e-44
9.80909e-45
7.00649e-45
4.2039e-45
1.4013e-45
-1.4013e-45
-4.2039e-45
-7.00649e-45
-9.80909e-45
-1.26117e-44
-1.4013e-44
-1.54143e-44
-1.68156e-44
-1.82169e-44
-1.82169e-44
-1.82169e-44
-1.82169e-44
-1.68156e-44
-1.54143e-44
-1.4013e-44
-1.26117e-44
-1.12104e-44
-9.80909e-45
-7.00649e-45
-4.2039e-45
-1.4013e-45
1.4013e-45
4.2039e-45
7.00649e-45
9.80909e-45
1.26117e-44
1.4013e-44
1.54143e-44
1.68156e-44
1.82169e-44
1.82169e-44
1.82169e-44
1.82169e-44
1.68156e-44
1.54143e-44
1.4013e-44
1.26117e-44
1.12104e-44
9.80909e-45
7.00649e-45
4.2039e-45
1.4013e-45
-1.4013e-45
-4.2039e-45
-7.00649e-45
-9.80909e-45
-1.26117e-44
-1.4013e-44
-1.54143e-44
-1.68156e-44
-1.82169e-44
-1.82169e-44
-1.82169e-44
-1.82169e-44
-1.68156e-44
-1.54143e-44
-1.4013e-44
-1.26117e-44
-1.12104e-44
-9.80909e-45
-7.00649e-45
-4.2039e-45
-1.4013e-45
1.4013e-45
4.2039e-45
7.00649e-45
9.80909e-45
1.26117e-44
1.4013e-44
1.54143e-44
1.68156e-44
1.82169e-44
1.82169e-44
1.82169e-44
1.82169e-44
1.68156e-44
1.54143e-44
1.4013e-44
1.26117e-44
1.12104e-44
9.80909e-45
7.00649e-45
4.2039e-45
1.4013e-45
-1.4013e-45
-4.2039e-45
-7.00649e-45
-9.80909e-45
-1.26117e-44
-1.4013e-44
-1.54143e-44
-1.68156e-44
-1.82169e-44
-1.82169e-44
-1.82169e-44
-1.82169e-44
-1.68156e-44
-1.54143e-44
-1.4013e-44
-1.26117e-44
-1.12104e-44
-9.80909e-45
-7.00649e-45
-4.2039e-45
-1.4013e-45
1.4013e-45
4.2039e-45
7.00649e-45
9.80909e-45
1.26117e-44
1.4013e-44
1.54143e-44
1.68156e-44
1.82169e-44
1.82169e-44
1.82169e-44
1.82169e-44
1.68156e-44
1.54143e-44
1.4013e-44
1.26117e-44
1.12104e-44
9.80909e-45
7.00649e-45
4.2039e-45
1.4013e-45
-1.4013e-45
-4.2039e-45
-7.00649e-45
-9.80909e-45
-1.26117e-44
-1.4013e-44
-1.54143e-44
-1.68156e-44
-1.82169e-44
-1.82169e-44
-1.82169e-44
-1.82169e-44
-1.68156e-44
-1.54143e-44
-1.4013e-44
-1.26117e-44
-1.12104e-44
-9.80909e-45
-7.00649e-45
-4.2039e-45
-1.4013e-45
1.4013e-45
4.2039e-45
7.00649e-45
9.80909e-45
1.26117e-44
1.4013e-44
1.54143e-44
1.68156e-44
1.82169e-44
1.82169e-44
1.82169e-44
1.82169e-44
1.68156e-44
1.54143e-44
1.4013e-44
1.26117e-44
1.12104e-44
9.80909e-45
7.00649e-45
4.2039e-45
1.4013e-45
-1.4013e-45
-4.2039e-45
-7.00649e-45
-9.80909e-45
-1.26117e-44
-1.4013e-44
-1.54143e-44
-1.68156e-44
-1.82169e-44
-1.82169e-44
-1.82169e-44
-1.82169e-44
-1.68156e-44
-1.54143e-44
-1.4013e-44
-1.26117e-44
-1.12104e-44
-9.80909e-45
-7.00649e-45
-4.2039e-45
-1.4013e-45
1.4013e-45
4.2039e-45
7.00649e-45
9.80909e-45
1.26117e-44
1.4013e-44
1.54143e-44
1.68156e-44
1.82169e-44
1.82169e-44
1.82169e-44
1.82169e-44
1.68156e-44
1.54143e-44
1.4013e-44
1.26117e-44
1.12104e-44
9.80909e-45
7.00649e-45
4.2039e-45
1.4013e-45
-1.4013e-45
-4.2039e-45
-7.00649e-45
-9.80909e-45
-1.26117e-44
-1.4013e-44
-1.54143e-44
-1.68156e-44
-1.82169e-44
-1.82169e-44
-1.82169e-44
-1.82169e-44
-1.68156e-44
-1.54143e-44
-1.4013e-44
-1.26117e-44
-1.12104e-44
-9.80909e-45
-7.00649e-45
-4.2039e-45
-1.4013e-45
1.4013e-45
4.2039e-45
7.00649e-45
9.80909e-45
1.26117e-44
1.4013e-44
1.54143e-44
1.68156e-44
1.82169e-44
1.82169e-44
1.82169e-44
1.82169e-44
1.68156e-44
1.54143e-44
1.4013e-44
1.26117e-44
1.12104e-44
9.80909e-45
7.00649e-45
4.2039e-45
1.4013e-45
-1.4013e-45
-4.2039e-45
-7.00649e-45
-9.80909e-45
-1.26117e-44
-1.4013e-44
-1.54143e-44
-1.68156e-44
-1.82169e-44
-1.82169e-44
-1.82169e-44
-1.82169e-44
-1.68156e-44
-1.54143e-44
-1.4013e-44
-1.26117e-44
-1.12104e-44
-9.80909e-45
-7.00649e-45
-4.2039e-45
-1.4013e-45
1.4013e-45
4.2039e-45
7.00649e-45
9.80909e-45
1.26117e-44
1.4013e-44
1.54143e-44
1.68156e-44
1.82169e-44
1.82169e-44
1.82169e-44
1.82169e-44
1.68156e-44
1.54143e-44
1.4013e-44
1.26117e-44
1.12104e-44
9.80909e-45
7.00649e-45
4.2039e-45
1.4013e-45
-1.4013e-45
-4.2039e-45
-7.00649e-45
-9.80909e-45
-1.26117e-44
-1.4013e-44
-1.54143e-44
-1.68156e-44
-1.82169e-44
-1.82169e-44
-1.82169e-44
-1.82169e-44
-1.68156e-44
-1.54143e-44
-1.4013e-44
-1.26117e-44
-1.12104e-44
-9.80909e-45
-7.00649e-45
-4.2039e-45
-1.4013e-45
1.4013e-45
4.2039e-45
7.00649e-45
9.80909e-45
1.26117e-44
1.4013e-44
1.54143e-44
1.68156e-44
1.82169e-44
1.82169e-44
1.82169e-44
1.82169e-44
1.68156e-44
1.54143e-44
1.4013e-44
1.26117e-44
1.12104e-44
9.80909e-45
7.00649e-45
4.2039e-45
1.4013e-45
-1.4013e-45
-4.2039e-45
-7.00649e-45
-9.80909e-45
-1.26117e-44
-1.4013e-44
-1.54143e-44
-1.68156e-44
-1.82169e-44
-1.82169e-44
-1.82169e-44
-1.82169e-44
-1.68156e-44
-1.54143e-44
-1.4013e-44
-1.26117e-44
-1.12104e-44
-9.80909e-45
-7.00649e-45
-4.2039e-45
-1.4013e-45
1.4013e-45
4.2039e-45
7.00649e-45
9.80909e-45
1.26117e-44
1.4013e-44
1.54143e-44
1.68156e-44
1.82169e-44
1.82169e-44
1.82169e-44
1.82169e-44
1.68156e-44
1.54143e-44
1.4013e-44
1.26117e-44
1.12104e-44
9.80909e-45
7.00649e-45
4.2039e-45
1.4013e-45
-1.4013e-45
-4.2039e-45
-7.00649e-45
-9.80909e-45
-1.26117e-44
-1.4013e-44
-1.54143e-44
-1.68156e-44
-1.82169e-44
-1.82169e-44
-1.82169e-44
-1.82169e-44
-1.68156e-44
-1.54143e-44
-1.4013e-44
-1.26117e-44
-1.12104e-44
-9.80909e-45
-7.00649e-45
-4.2039e-45
-1.4013e-45
1.4013e-45
4.2039e-45
7.00649e-45
9.80909e-45
1.26117e-44
1.4013e-44
1.54143e-44
1.68156e-44
1.82169e-44
1.82169e-44
1.82169e-44
1.82169e-44
1.68156e-44
1.54143e-44
1.4013e-44
1.26117e-44
1.12104e-44
9.80909e-45
7.00649e-45
4.2039e-45
1.4013e-45
-1.4013e-45
-4.2039e-45
-7.00649e-45
-9.80909e-45
-1.26117e-44
-1.4013e-44
-1.54143e-44
-1.68156e-44
-1.82169e-44
-1.82169e-44
-1.82169e-44
-1.82169e-44
-1.68156e-44
-1.54143e-44
-1.4013e-44
-1.26117e-44
-1.12104e-44
-9.80909e-45
-7.00649e-45
-4.2039e-45
-1.4013e-45
1.4013e-45
4.2039e-45
7.00649e-45
9.80909e-45
1.26117e-44
1.4013e-44
1.54143e-44
1.68156e-44
1.82169e-44
1.82169e-44
1.82169e-44
1.82169e-44
1.68156e-44
1.54143e-44
1.4013e-44
1.26117e-44
1.12104e-44
9.80909e-45
7.00649e-45
4.2039e-45
1.4013e-45
-1.4013e-45
-4.2039e-45
-7.00649e-45
-9.80909e-45
-1.26117e-44
-1.4013e-44
-1.54143e-44
-1.68156e-44
-1.82169e-44
-1.82169e-44
-1.82169e-44
-1.82169e-44
-1.68156e-44
-1.54143e-44
-1.4013e-44
-1.26117e-44
-1.12104e-44
-9.80909e-45
-7.00649e-45
-4.2039e-45
-1.4013e-45
1.4013e-45
4.2039e-45
7.00649e-45
9.80909e-45
1.26117e-44
1.4013e-44
1.54143e-44
1.68156e-44
1.82169e-44
1.82169e-44
1.82169e-44
1.82169e-44
1.68156e-44
1.54143e-44
1.4013e-44
1.26117e-44
1.12104e-44
9.80909e-45
7.00649e-45
4.2039e-45
1.4013e-45
-1.4013e-45
-4.2039e-45
-7.00649e-45
-9.80909e-45
-1.26117e-44
-1.4013e-44
-1.54143e-44
-1.68156e-44
-1.82169e-44
-1.82169e-44
-1.82169e-44
-1.82169e-44
-1.68156e-44
-1.54143e-44
-1.4013e-44
-1.26117e-44
-1.12104e-44
-9.80909e-45
-7.00649e-45
-4.2039e-45
-1.4013e-45
1.4013e-45
4.2039e-45
7.00649e-45
9.80909e-45
1.26117e-44
1.4013e-44
1.54143e-44
1.68156e-44
1.82169e-44
1.82169e-44
1.82169e-44
1.82169e-44
1.68156e-44
1.54143e-44
1.4013e-44
1.26117e-44
1.12104e-44
9.80909e-45
7.00649e-45
4.2039e-45
1.4013e-45
-1.4013e-45
-4.2039e-45
-7.00649e-45
-9.80909e-45
-1.26117e-44
-1.4013e-44
-1.54143e-44
-1.68156e-44
-1.82169e-44
-1.82169e-44
-1.82169e-44
-1.82169e-44
-1.68156e-44
-1.54143e-44
-1.4013e-44
-1.26117e-44
-1.12104e-44
-9.80909e-45
-7.00649e-45
-4.2039e-45
-1.4013e-45
1.4013e-45
4.2039e-45
7.00649e-45
9.80909e-45
1.26117e-44
1.4013e-44
1.54143e-44
1.68156e-44
1.82169e-44
1.82169e-44
1.82169e-44
1.82169e-44
1.68156e-44
1.54143e-44
1.4013e-44
1.26117e-44
1.12104e-44
9.80909e-45
7.00649e-45
4.2039e-45
1.4013e-45
-1.4013e-45
-4.2039e-45
-7.00649e-45
-9.80909e-45
-1.26117e-44
-1.4013e-44
-1.54143e-44
-1.68156e-44
-1.82169e-44
-1.82169e-44
-1.82169e-44
-1.82169e-44
-1.68156e-44
-1.54143e-44
-1.4013e-44
-1.26117e-44
-1.12104e-44
-9.80909e-45
-7.00649e-45
-4.2039e-45
-1.4013e-45
1.4013e-45
4.2039e-45
7.00649e-45
9.80909e-45
1.26117e-44
1.4013e-44
1.54143e-44
1.68156e-44
1.82169e-44
1.82169e-44
1.82169e-44
1.82169e-44
1.68156e-44
1.54143e-44
1.4013e-44
1.26117e-44
1.12104e-44
9.80909e-45
7.00649e-45
4.2039e-45
1.4013e-45
-1.4013e-45
-4.2039e-45
-7.00649e-45
-9.80909e-45
-1.26117e-44
-1.4013e-44
-1.54143e-44
-1.68156e-44
-1.82169e-44
-1.82169e-44
-1.82169e-44
-1.82169e-44
-1.68156e-44
-1.54143e-44
-1.4013e-44
-1.26117e-44
-1.12104e-44
-9.80909e-45
-7.00649e-45
-4.2039e-45
-1.4013e-45
1.4013e-45
4.2039e-45
7.00649e-45
9.80909e-45
1.26117e-44
1.4013e-44
1.54143e-44
1.68156e-44
1.82169e-44
1.82169e-44
1.82169e-44
1.82169e-44
1.68156e-44
1.54143e-44
1.4013e-44
1.26117e-44
1.12104e-44
9.80909e-45
7.00649e-45
4.2039e-45
1.4013e-45
-1.4013e-45
-4.2039e-45
-7.00649e-45
-9.80909e-45
-1.26117e-44
-1.4013e-44
-1.54143e-44
-1.68156e-44
-1.82169e-44
-1.82169e-44
-1.82169e-44
-1.82169e-44
-1.68156e-44
-1.54143e-44
-1.4013e-44
-1.26117e-44
-1.12104e-44
-9.80909e-45
-7.00649e-45
-4.2039e-45
-1.4013e-45
1.4013e-45
4.2039e-45
7.00649e-45
9.80909e-45
1.26117e-44
1.4013e-44
1.54143e-44
1.68156e-44
1.82169e-44
1.82169e-44
1.82169e-44
1.82169e-44
1.68156e-44
1.54143e-44
1.4013e-44
1.26117e-44
1.12104e-44
9.80909e-45
7.00649e-45
4.2039e-45
1.4013e-45
-1.4013e-45
-4.2039e-45
-7.00649e-45
-9.80909e-45
-1.26117e-44
-1.4013e-44
-1.54143e-44
-1.68156e-44
-1.82169e-44
-1.82169e-44
-1.82169e-44
-1.82169e-44
-1.68156e-44
-1.54143e-44
-1.4013e-44
-1.26117e-44
-1.12104e-44
-9.80909e-45
-7.00649e-45
-4.2039e-45
-1.4013e-45
1.4013e-45
4.2039e-45
7.00649e-45
9.80909e-45
1.26117e-44
1.4013e-44
1.54143e-44
1.68156e-44
1.82169e-44
1.82169e-44
1.82169e-44
1.82169e-44
1.68156e-44
1.54143e-44
1.4013e-44
1.26117e-44
1.12104e-44
9.80909e-45
7.00649e-45
4.2039e-45
1.4013e-45
-1.4013e-45
-4.2039e-45
-7.00649e-45
-9.80909e-45
-1.26117e-44
-1.4013e-44
-1.54143e-44
-1.68156e-44
-1.82169e-44
-1.82169e-44
-1.82169e-44
-1.82169e-44
-1.68156e-44
-1.54143e-44
-1.4013e-44
-1.26117e-44
-1.12104e-44
-9.80909e-45
-7.00649e-45
-4.2039e-45
-1.4013e-45
1.4013e-45
4.2039e-45
7.00649e-45
9.80909e-45
1.26117e-44
1.4013e-44
1.54143e-44
1.68156e-44
1.82169e-44
1.82169e-44
1.82169e-44
1.82169e-44
1.68156e-44
1.54143e-44
1.4013e-44
1.26117e-44
1.12104e-44
9.80909e-45
7.00649e-45
4.2039e-45
1.4013e-45
-1.4013e-45
-4.2039e-45
-7.00649e-45
-9.80909e-45
-1.26117e-44
-1.4013e-44
-1.54143e-44
-1.68156e-44
-1.82169e-44
-1.82169e-44
-1.82169e-44
-1.82169e-44
-1.68156e-44
-1.54143e-44
-1.4013e-44
-1.26117e-44
-1.12104e-44
-9.80909e-45
-7.00649e-45
-4.2039e-45
-1.4013e-45
1.4013e-45
4.2039e-45
7.00649e-45
9.80909e-45
1.26117e-44
1.4013e-44
1.54143e-44
1.68156e-44
1.82169e-44
1.82169e-44
1.82169e-44
1.82169e-44
1.68156e-44
1.54143e-44
1.4013e-44
1.26117e-44
1.12104e-44
9.80909e-45
7.00649e-45
4.2039e-45
1.4013e-45
-1.4013e-45
-4.2039e-45
-7.00649e-45
-9.80909e-45
-1.26117e-44
-1.4013e-44
-1.54143e-44
-1.68156e-44
-1.82169e-44
-1.82169e-44
-1.82169e-44
-1.82169e-44
-1.68156e-44
-1.54143e-44
-1.4013e-44
-1.26117e-44
-1.12104e-44
-9.80909e-45
-7.00649e-45
-4.2039e-45
-1.4013e-45
1.4013e-45
4.2039e-45
7.00649e-45
9.80909e-45
1.26117e-44
1.4013e-44
1.54143e-44
1.68156e-44
1.82169e-44
1.82169e-44
1.82169e-44
1.82169e-44
1.68156e-44
1.54143e-44
1.4013e-44
1.26117e-44
1.12104e-44
9.80909e-45
7.00649e-45
4.2039e-45
1.4013e-45
-1.4013e-45
-4.2039e-45
-7.00649e-45
-9.80909e-45
-1.26117e-44
-1.4013e-44
-1.54143e-44
-1.68156e-44
-1.82169e-44
-1.82169e-44
-1.82169e-44
-1.82169e-44
-1.68156e-44
-1.54143e-44
-1.4013e-44
-1.26117e-44
-1.12104e-44
-9.80909e-45
-7.00649e-45
-4.2039e-45
-1.4013e-45
1.4013e-45
4.2039e-45
7.00649e-45
9.80909e-45
1.26117e-44
1.4013e-44
1.54143e-44
1.68156e-44
1.82169e-44
1.82169e-44
1.82169e-44
1.82169e-44
1.68156e-44
1.54143e-44
1.4013e-44
1.26117e-44
1.12104e-44
9.80909e-45
7.00649e-45
4.2039e-45
1.4013e-45
-1.4013e-45
-4.2039e-45
-7.00649e-45
-9.80909e-45
-1.26117e-44
-1.4013e-44
-1.54143e-44
-1.68156e-44
-1.82169e-44
-1.82169e-44
-1.82169e-44
-1.82169e-44
-1.68156e-44
-1.54143e-44
-1.4013e-44
-1.26117e-44
-1.12104e-44
-9.80909e-45
-7.00649e-45
-4.2039e-45
-1.4013e-45
1.4013e-45
4.2039e-45
7.00649e-45
9.80909e-45
1.26117e-44
1.4013e-44
1.54143e-44
1.68156e-44
1.82169e-44
1.82169e-44
1.82169e-44
1.82169e-44
1.68156e-44
1.54143e-44
1.4013e-44
1.26117e-44
1.12104e-44
9.80909e-45
7.00649e-45
4.2039e-45
1.4013e-45
-1.4013e-45
-4.2039e-45
-7.00649e-45
-9.80909e-45
-1.26117e-44
-1.4013e-44
-1.54143e-44
-1.68156e-44
-1.82169e-44
-1.82169e-44
-1.82169e-44
-1.82169e-44
-1.68156e-44
-1.54143e-44
-1.4013e-44
-1.26117e-44
-1.12104e-44
-9.80909e-45
-7.00649e-45
-4.2039e-45
-1.4013e-45
1.4013e-45
4.2039e-45
7.00649e-45
9.80909e-45
1.26117e-44
1.4013e-44
1.54143e-44
1.68156e-44
1.82169e-44
1.82169e-44
1.82169e-44
1.82169e-44
1.68156e-44
1.54143e-44
1.4013e-44
1.26117e-44
1.12104e-44
9.80909e-45
7.00649e-45
4.2039e-45
1.4013e-45
-1.4013e-45
-4.2039e-45
-7.00649e-45
-9.80909e-45
-1.26117e-44
-1.4013e-44
-1.54143e-44
-1.68156e-44
-1.82169e-44
-1.82169e-44
-1.82169e-44
-1.82169e-44
-1.68156e-44
-1.54143e-44
-1.4013e-44
-1.26117e-44
-1.12104e-44
-9.80909e-45
-7.00649e-45
-4.2039e-45
-1.4013e-45
1.4013e-45
4.2039e-45
7.00649e-45
9.80909e-45
1.26117e-44
1.4013e-44
1.54143e-44
1.68156e-44
1.82169e-44
1.82169e-44
1.82169e-44
1.82169e-44
1.68156e-44
1.54143e-44
1.4013e-44
1.26117e-44
1.12104e-44
9.80909e-45
7.00649e-45
4.2039e-45
1.4013e-45
-1.4013e-45
-4.2039e-45
-7.00649e-45
-9.80909e-45
-1.26117e-44
-1.4013e-44
-1.54143e-44
-1.68156e-44
-1.82169e-44
-1.82169e-44
-1.82169e-44
-1.82169e-44
-1.68156e-44
-1.54143e-44
-1.4013e-44
-1.26117e-44
-1.12104e-44
-9.80909e-45
-7.00649e-45
-4.2039e-45
-1.4013e-45
1.4013e-45
4.2039e-45
7.00649e-45
9.80909e-45
1.26117e-44
1.4013e-44
1.54143e-44
1.68156e-44
1.82169e-44
1.82169e-44
1.82169e-44
1.82169e-44
1.68156e-44
1.54143e-44
1.4013e-44
1.26117e-44
1.12104e-44
9.80909e-45
7.00649e-45
4.2039e-45
1.4013e-45
-1.4013e-45
-4.2039e-45
-7.00649e-45
-9.80909e-45
-1.26117e-44
-1.4013e-44
-1.54143e-44
-1.68156e-44
-1.82169e-44
-1.82169e-44
-1.82169e-44
-1.82169e-44
-1.68156e-44
-1.54143e-44
-1.4013e-44
-1.26117e-44
-1.12104e-44
-9.80909e-45
-7.00649e-45
-4.2039e-45
-1.4013e-45
1.4013e-45
4.2039e-45
7.00649e-45
9.80909e-45
1.26117e-44
1.4013e-44
1.54143e-44
1.68156e-44
1.82169e-44
1.82169e-44
1.82169e-44
1.82169e-44
1.68156e-44
1.54143e-44
1.4013e-44
1.26117e-44
1.12104e-44
9.80909e-45
7.00649e-45
4.2039e-45
1.4013e-45
-1.4013e-45
-4.2039e-45
-7.00649e-45
-9.80909e-45
-1.26117e-44
-1.4013e-44
-1.54143e-44
-1.68156e-44
-1.82169e-44
-1.82169e-44
-1.82169e-44
-1.82169e-44
-1.68156e-44
-1.54143e-44
-1.4013e-44
-1.26117e-44
-1.12104e-44
-9.80909e-45
-7.00649e-45
-4.2039e-45
-1.4013e-45
1.4013e-45
4.2039e-45
7.00649e-45
9.80909e-45
1.26117e-44
1.4013e-44
1.54143e-44
1.68156e-44
1.82169e-44
1.82169e-44
1.82169e-44
1.82169e-44
1.68156e-44
1.54143e-44
1.4013e-44
1.26117e-44
1.12104e-44
9.80909e-45
7.00649e-45
4.2039e-45
1.4013e-45
-1.4013e-45
-4.2039e-45
-7.00649e-45
-9.80909e-45
-1.26117e-44
-1.4013e-44
-1.54143e-44
-1.68156e-44
-1.82169e-44
-1.82169e-44
-1.82169e-44
-1.82169e-44
-1.68156e-44
-1.54143e-44
-1.4013e-44
-1.26117e-44
-1.12104e-44
-9.80909e-45
-7.00649e-45
-4.2039e-45
-1.4013e-45
1.4013e-45
4.2039e-45
7.00649e-45
9.80909e-45
1.26117e-44
1.4013e-44
1.54143e-44
1.68156e-44
1.82169e-44
1.82169e-44
1.82169e-44
1.82169e-44
1.68156e-44
1.54143e-44
1.4013e-44
1.26117e-44
1.12104e-44
9.80909e-45
7.00649e-45
4.2039e-45
1.4013e-45
-1.4013e-45
-4.2039e-45
-7.00649e-45
-9.80909e-45
-1.26117e-44
-1.4013e-44
-1.54143e-44
-1.68156e-44
-1.82169e-44
-1.82169e-44
-1.82169e-44
-1.82169e-44
-1.68156e-44
-1.54143e-44
-1.4013e-44
-1.26117e-44
-1.12104e-44
-9.80909e-45
-7.00649e-45
-4.2039e-45
-1.4013e-45
1.4013e-45
4.2039e-45
7.00649e-45
9.80909e-45
1.26117e-44
1.4013e-44
1.54143e-44
1.68156e-44
1.82169e-44
1.82169e-44
1.82169e-44
1.82169e-44
1.68156e-44
1.54143e-44
1.4013e-44
1.26117e-44
1.12104e-44
9.80909e-45
7.00649e-45
4.2039e-45
1.4013e-45
-1.4013e-45
-4.2039e-45
-7.00649e-45
-9.80909e-45
-1.26117e-44
-1.4013e-44
-1.54143e-44
-1.68156e-44
-1.82169e-44
-1.82169e-44
-1.82169e-44
-1.82169e-44
-1.68156e-44
-1.54143e-44
-1.4013e-44
-1.26117e-44
-1.12104e-44
-9.80909e-45
-7.00649e-45
-4.2039e-45
-1.4013e-45
1.4013e-45
4.2039e-45
7.00649e-45
9.80909e-45
1.26117e-44
1.4013e-44
1.54143e-44
1.68156e-44
1.82169e-44
1.82169e-44
1.82169e-44
1.82169e-44
1.68156e-44
1.54143e-44
1.4013e-44
1.26117e-44
1.12104e-44
9.80909e-45
7.00649e-45
4.2039e-45
1.4013e-45
-1.4013e-45
-4.2039e-45
-7.00649e-45
-9.80909e-45
-1.26117e-44
-1.4013e-44
-1.54143e-44
-1.68156e-44
-1.82169e-44
-1.82169e-44
-1.82169e-44
-1.82169e-44
-1.68156e-44
-1.54143e-44
-1.4013e-44
-1.26117e-44
-1.12104e-44
-9.80909e-45
-7.00649e-45
-4.2039e-45
-1.4013e-45
1.4013e-45
4.2039e-45
7.00649e-45
9.80909e-45
1.26117e-44
1.4013e-44
1.54143e-44
1.68156e-44
1.82169e-44
1.82169e-44
1.82169e-44
1.82169e-44
1.68156e-44
1.54143e-44
1.4013e-44
1.26117e-44
1.12104e-44
9.80909e-45
7.00649e-45
4.2039e-45
1.4013e-45
-1.4013e-45
-4.2039e-45
-7.00649e-45
-9.80909e-45
-1.26117e-44
-1.4013e-44
-1.54143e-44
-1.68156e-44
-1.82169e-44
-1.82169e-44
-1.82169e-44
-1.82169e-44
-1.68156e-44
-1.54143e-44
-1.4013e-44
-1.26117e-44
-1.12104e-44
-9.80909e-45
-7.00649e-45
-4.2039e-45
-1.4013e-45
1.4013e-45
4.2039e-45
7.00649e-45
9.80909e-45
1.26117e-44
1.4013e-44
1.54143e-44
1.68156e-44
1.82169e-44
1.82169e-44
1.82169e-44
1.82169e-44
1.68156e-44
1.54143e-44
1.4013e-44
1.26117e-44
1.12104e-44
9.80909e-45
7.00649e-45
4.2039e-45
1.4013e-45
-1.4013e-45
-4.2039e-45
-7.00649e-45
-9.80909e-45
-1.26117e-44
-1.4013e-44
-1.54143e-44
-1.68156e-44
-1.82169e-44
-1.82169e-44
-1.82169e-44
-1.82169e-44
-1.68156e-44
-1.54143e-44
-1.4013e-44
-1.26117e-44
-1.12104e-44
-9.80909e-45
-7.00649e-45
-4.2039e-45
-1.4013e-45
1.4013e-45
4.2039e-45
7.00649e-45
9.80909e-45
1.26117e-44
1.4013e-44
1.54143e-44
1.68156e-44
1.82169e-44
1.82169e-44
1.82169e-44
1.82169e-44
1.68156e-44
1.54143e-44
1.4013e-44
1.26117e-44
1.12104e-44
9.80909e-45
7.00649e-45
4.2039e-45
1.4013e-45
-1.4013e-45
-4.2039e-45
-7.00649e-45
-9.80909e-45
-1.26117e-44
-1.4013e-44
-1.54143e-44
-1.68156e-44
-1.82169e-44
-1.82169e-44
-1.82169e-44
-1.82169e-44
-1.68156e-44
-1.54143e-44
-1.4013e-44
-1.26117e-44
-1.12104e-44
-9.80909e-45
-7.00649e-45
-4.2039e-45
-1.4013e-45
1.4013e-45
4.2039e-45
7.00649e-45
9.80909e-45
1.26117e-44
1.4013e-44
1.54143e-44
1.68156e-44
1.82169e-44
1.82169e-44
1.82169e-44
1.82169e-44
1.68156e-44
1.54143e-44
1.4013e-44
1.26117e-44
1.12104e-44
9.80909e-45
7.00649e-45
4.2039e-45
1.4013e-45
-1.4013e-45
-4.2039e-45
-7.00649e-45
-9.80909e-45
-1.26117e-44
-1.4013e-44
-1.54143e-44
-1.68156e-44
-1.82169e-44
-1.82169e-44
-1.82169e-44
-1.82169e-44
-1.68156e-44
-1.54143e-44
-1.4013e-44
-1.26117e-44
-1.12104e-44
-9.80909e-45
-7.00649e-45
-4.2039e-45
-1.4013e-45
1.4013e-45
4.2039e-45
7.00649e-45
9.80909e-45
1.26117e-44
1.4013e-44
1.54143e-44
1.68156e-44
1.82169e-44
1.82169e-44
1.82169e-44
1.82169e-44
1.68156e-44
1.54143e-44
1.4013e-44
1.26117e-44
1.12104e-44
9.80909e-45
7.00649e-45
4.2039e-45
1.4013e-45
-1.4013e-45
-4.2039e-45
-7.00649e-45
-9.80909e-45
-1.26117e-44
-1.4013e-44
-1.54143e-44
-1.68156e-44
-1.82169e-44
-1.82169e-44
-1.82169e-44
-1.82169e-44
-1.68156e-44
-1.54143e-44
-1.4013e-44
-1.26117e-44
-1.12104e-44
-9.80909e-45
-7.00649e-45
-4.2039e-45
-1.4013e-45
1.4013e-45
4.2039e-45
7.00649e-45
9.80909e-45
1.26117e-44
1.4013e-44
1.54143e-44
1.68156e-44
1.82169e-44
1.82169e-44
1.82169e-44
1.82169e-44
1.68156e-44
1.54143e-44
1.4013e-44
1.26117e-44
1.12104e-44
9.80909e-45
7.00649e-45
4.2039e-45
1.4013e-45
-1.4013e-45
-4.2039e-45
-7.00649e-45
-9.80909e-45
-1.26117e-44
-1.4013e-44
-1.54143e-44
-1.68156e-44
-1.82169e-44
-1.82169e-44
-1.82169e-44
-1.82169e-44
-1.68156e-44
-1.54143e-44
-1.4013e-44
-1.26117e-44
-1.12104e-44
-9.80909e-45
-7.00649e-45
-4.2039e-45
-1.4013e-45
1.4013e-45
4.2039e-45
7.00649e-45
9.80909e-45
1.26117e-44
1.4013e-44
1.54143e-44
1.68156e-44
1.82169e-44
1.82169e-44
1.82169e-44
1.82169e-44
1.68156e-44
1.54143e-44
1.4013e-44
1.26117e-44
1.12104e-44
9.80909e-45
7.00649e-45
4.2039e-45
1.4013e-45
-1.4013e-45
-4.2039e-45
-7.00649e-45
-9.80909e-45
-1.26117e-44
-1.4013e-44
-1.54143e-44
-1.68156e-44
-1.82169e-44
-1.82169e-44
-1.82169e-44
-1.82169e-44
-1.68156e-44
-1.54143e-44
-1.4013e-44
-1.26117e-44
-1.12104e-44
-9.80909e-45
-7.00649e-45
-4.2039e-45
-1.4013e-45
1.4013e-45
4.2039e-45
7.00649e-45
9.80909e-45
1.26117e-44
1.4013e-44
1.54143e-44
1.68156e-44
1.82169e-44
1.82169e-44
1.82169e-44
1.82169e-44
1.68156e-44
1.54143e-44
1.4013e-44
1.26117e-44
1.12104e-44
9.80909e-45
7.00649e-45
4.2039e-45
1.4013e-45
-1.4013e-45
-4.2039e-45
-7.00649e-45
-9.80909e-45
-1.26117e-44
-1.4013e-44
-1.54143e-44
-1.68156e-44
-1.82169e-44
-1.82169e-44
-1.82169e-44
-1.82169e-44
-1.68156e-44
-1.54143e-44
-1.4013e-44
-1.26117e-44
-1.12104e-44
-9.80909e-45
-7.00649e-45
-4.2039e-45
-1.4013e-45
1.4013e-45
4.2039e-45
7.00649e-45
9.80909e-45
1.26117e-44
1.4013e-44
1.54143e-44
1.68156e-44
1.82169e-44
1.82169e-44
1.82169e-44
1.82169e-44
1.68156e-44
1.54143e-44
1.4013e-44
1.26117e-44
1.12104e-44
9.80909e-45
7.00649e-45
4.2039e-45
1.4013e-45
-1.4013e-45
-4.2039e-45
-7.00649e-45
-9.80909e-45
-1.26117e-44
-1.4013e-44
-1.54143e-44
-1.68156e-44
-1.82169e-44
-1.82169e-44
-1.82169e-44
-1.82169e-44
-1.68156e-44
-1.54143e-44
-1.4013e-44
-1.26117e-44
-1.12104e-44
-9.80909e-45
-7.00649e-45
-4.2039e-45
-1.4013e-45
1.4013e-45
4.2039e-45
7.00649e-45
9.80909e-45
1.26117e-44
1.4013e-44
1.54143e-44
1.68156e-44
1.82169e-44
1.82169e-44
1.82169e-44
1.82169e-44
1.68156e-44
1.54143e-44
1.4013e-44
1.26117e-44
1.12104e-44
9.80909e-45
7.00649e-45
4.2039e-45
1.4013e-45
-1.4013e-45
-4.2039e-45
-7.00649e-45
-9.80909e-45
-1.26117e-44
-1.4013e-44
-1.54143e-44
-1.68156e-44
-1.82169e-44
-1.82169e-44
-1.82169e-44
-1.82169e-44
-1.68156e-44
-1.54143e-44
-1.4013e-44
-1.26117e-44
-1.12104e-44
-9.80909e-45
-7.00649e-45
-4.2039e-45
-1.4013e-45
1.4013e-45
4.2039e-45
7.00649e-45
9.80909e-45
1.26117e-44
1.4013e-44
1.54143e-44
1.68156e-44
1.82169e-44
1.82169e-44
1.82169e-44
1.82169e-44
1.68156e-44
1.54143e-44
1.4013e-44
1.26117e-44
1.12104e-44
9.80909e-45
7.00649e-45
4.2039e-45
1.4013e-45
-1.4013e-45
-4.2039e-45
-7.00649e-45
-9.80909e-45
-1.26117e-44
-1.4013e-44
-1.54143e-44
-1.68156e-44
-1.82169e-44
-1.82169e-44
-1.82169e-44
-1.82169e-44
-1.68156e-44
-1.54143e-44
-1.4013e-44
-1.26117e-44
-1.12104e-44
-9.80909e-45
-7.00649e-45
-4.2039e-45
-1.4013e-45
1.4013e-45
4.2039e-45
7.00649e-45
9.80909e-45
1.26117e-44
1.4013e-44
1.54143e-44
1.68156e-44
1.82169e-44
1.82169e-44
1.82169e-44
1.82169e-44
1.68156e-44
1.54143e-44
1.4013e-44
1.26117e-44
1.12104e-44
9.80909e-45
7.00649e-45
4.2039e-45
1.4013e-45
-1.4013e-45
-4.2039e-45
-7.00649e-45
-9.80909e-45
-1.26117e-44
-1.4013e-44
-1.54143e-44
-1.68156e-44
-1.82169e-44
-1.82169e-44
-1.82169e-44
-1.82169e-44
-1.68156e-44
-1.54143e-44
-1.4013e-44
-1.26117e-44
-1.12104e-44
-9.80909e-45
-7.00649e-45
-4.2039e-45
-1.4013e-45
1.4013e-45
4.2039e-45
7.00649e-45
9.80909e-45
1.26117e-44
1.4013e-44
1.54143e-44
1.68156e-44
1.82169e-44
1.82169e-44
1.82169e-44
1.82169e-44
1.68156e-44
1.54143e-44
1.4013e-44
1.26117e-44
1.12104e-44
9.80909e-45
7.00649e-45
4.2039e-45
1.4013e-45
-1.4013e-45
-4.2039e-45
-7.00649e-45
-9.80909e-45
-1.26117e-44
-1.4013e-44
-1.54143e-44
-1.68156e-44
-1.82169e-44
-1.82169e-44
-1.82169e-44
-1.82169e-44
-1.68156e-44
-1.54143e-44
-1.4013e-44
-1.26117e-44
-1.12104e-44
-9.80909e-45
-7.00649e-45
-4.2039e-45
-1.4013e-45
1.4013e-45
4.2039e-45
7.00649e-45
9.80909e-45
1.26117e-44
1.4013e-44
1.54143e-44
1.68156e-44
1.82169e-44
1.82169e-44
1.82169e-44
1.82169e-44
1.68156e-44
1.54143e-44
1.4013e-44
1.26117e-44
1.12104e-44
9.80909e-45
7.00649e-45
4.2039e-45
1.4013e-45
-1.4013e-45
-4.2039e-45
-7.00649e-45
-9.80909e-45
-1.26117e-44
-1.4013e-44
-1.54143e-44
-1.68156e-44
-1.82169e-44
-1.82169e-44
-1.82169e-44
-1.82169e-44
-1.68156e-44
-1.54143e-44
-1.4013e-44
-1.26117e-44
-1.12104e-44
-9.80909e-45
-7.00649e-45
-4.2039e-45
-1.4013e-45
1.4013e-45
4.2039e-45
7.00649e-45
9.80909e-45
1.26117e-44
1.4013e-44
1.54143e-44
1.68156e-44
1.82169e-44
1.82169e-44
1.82169e-44
1.82169e-44
1.68156e-44
1.54143e-44
1.4013e-44
1.26117e-44
1.12104e-44
9.80909e-45
7.00649e-45
4.2039e-45
1.4013e-45
-1.4013e-45
-4.2039e-45
-7.00649e-45
-9.80909e-45
-1.26117e-44
-1.4013e-44
-1.54143e-44
-1.68156e-44
-1.82169e-44
-1.82169e-44
-1.82169e-44
-1.82169e-44
-1.68156e-44
-1.54143e-44
-1.4013e-44
-1.26117e-44
-1.12104e-44
-9.80909e-45
-7.00649e-45
-4.2039e-45
-1.4013e-45
1.4013e-45
4.2039e-45
7.00649e-45
9.80909e-45
1.26117e-44
1.4013e-44
1.54143e-44
1.68156e-44
1.82169e-44
1.82169e-44
1.82169e-44
1.82169e-44
1.68156e-44
1.54143e-44
1.4013e-44
1.26117e-44
1.12104e-44
9.80909e-45
7.00649e-45
4.2039e-45
1.4013e-45
-1.4013e-45
-4.2039e-45
-7.00649e-45
-9.80909e-45
-1.26117e-44
-1.4013e-44
-1.54143e-44
-1.68156e-44
-1.82169e-44
-1.82169e-44
-1.82169e-44
-1.82169e-44
-1.68156e-44
-1.54143e-44
-1.4013e-44
-1.26117e-44
-1.12104e-44
-9.80909e-45
-7.00649e-45
-4.2039e-45
-1.4013e-45
1.4013e-45
4.2039e-45
7.00649e-45
9.80909e-45
1.26117e-44
1.4013e-44
1.54143e-44
1.68156e-44
1.82169e-44
1.82169e-44
1.82169e-44
1.82169e-44
1.68156e-44
1.54143e-44
1.4013e-44
1.26117e-44
1.12104e-44
9.80909e-45
7.00649e-45
4.2039e-45
1.4013e-45
-1.4013e-45
-4.2039e-45
-7.00649e-45
-9.80909e-45
-1.26117e-44
-1.4013e-44
-1.54143e-44
-1.68156e-44
-1.82169e-44
-1.82169e-44
-1.82169e-44
-1.82169e-44
-1.68156e-44
-1.54143e-44
-1.4013e-44
-1.26117e-44
-1.12104e-44
-9.80909e-45
-7.00649e-45
-4.2039e-45
-1.4013e-45
1.4013e-45
4.2039e-45
7.00649e-45
9.80909e-45
1.26117e-44
1.4013e-44
1.54143e-44
1.68156e-44
1.82169e-44
1.82169e-44
1.82169e-44
1.82169e-44
1.68156e-44
1.54143e-44
1.4013e-44
1.26117e-44
1.12104e-44
9.80909e-45
7.00649e-45
4.2039e-45
1.4013e-45
-1.4013e-45
-4.2039e-45
-7.00649e-45
-9.80909e-45
-1.26117e-44
-1.4013e-44
-1.54143e-44
-1.68156e-44
-1.82169e-44
-1.82169e-44
-1.82169e-44
-1.82169e-44
-1.68156e-44
-1.54143e-44
-1.4013e-44
-1.26117e-44
-1.12104e-44
-9.80909e-45
-7.00649e-45
-4.2039e-45
-1.4013e-45
1.4013e-45
4.2039e-45
7.00649e-45
9.80909e-45
1.26117e-44
1.4013e-44
1.54143e-44
1.68156e-44
1.82169e-44
1.82169e-44
1.82169e-44
1.82169e-44
1.68156e-44
1.54143e-44
1.4013e-44
1.26117e-44
1.12104e-44
9.80909e-45
7.00649e-45
4.2039e-45
1.4013e-45
-1.4013e-45
-4.2039e-45
-7.00649e-45
-9.80909e-45
-1.26117e-44
-1.4013e-44
-1.54143e-44
-1.68156e-44
-1.82169e-44
-1.82169e-44
-1.82169e-44
-1.82169e-44
-1.68156e-44
-1.54143e-44
-1.4013e-44
-1.26117e-44
-1.12104e-44
-9.80909e-45
-7.00649e-45
-4.2039e-45
-1.4013e-45
1.4013e-45
4.2039e-45
7.00649e-45
9.80909e-45
1.26117e-44
1.4013e-44
1.54143e-44
1.68156e-44
1.82169e-44
1.82169e-44
1.82169e-44
1.82169e-44
1.68156e-44
1.54143e-44
1.4013e-44
1.26117e-44
1.12104e-44
9.80909e-45
7.00649e-45
4.2039e-45
1.4013e-45
-1.4013e-45
-4.2039e-45
-7.00649e-45
-9.80909e-45
-1.26117e-44
-1.4013e-44
-1.54143e-44
-1.68156e-44
-1.82169e-44
-1.82169e-44
-1.82169e-44
-1.82169e-44
-1.68156e-44
-1.54143e-44
-1.4013e-44
-1.26117e-44
-1.12104e-44
-9.80909e-45
-7.00649e-45
-4.2039e-45
-1.4013e-45
1.4013e-45
4.2039e-45
7.00649e-45
9.80909e-45
1.26117e-44
1.4013e-44
1.54143e-44
1.68156e-44
1.82169e-44
1.82169e-44
1.82169e-44
1.82169e-44
1.68156e-44
1.54143e-44
1.4013e-44
1.26117e-44
1.12104e-44
9.80909e-45
7.00649e-45
4.2039e-45
1.4013e-45
-1.4013e-45
-4.2039e-45
-7.00649e-45
-9.80909e-45
-1.26117e-44
-1.4013e-44
-1.54143e-44
-1.68156e-44
-1.82169e-44
-1.82169e-44
-1.82169e-44
-1.82169e-44
-1.68156e-44
-1.54143e-44
-1.4013e-44
-1.26117e-44
-1.12104e-44
-9.80909e-45
-7.00649e-45
-4.2039e-45
-1.4013e-45
1.4013e-45
4.2039e-45
7.00649e-45
9.80909e-45
1.26117e-44
1.4013e-44
1.54143e-44
1.68156e-44
1.82169e-44
1.82169e-44
1.82169e-44
1.82169e-44
1.68156e-44
1.54143e-44
1.4013e-44
1.26117e-44
1.12104e-44
9.80909e-45
7.00649e-45
4.2039e-45
1.4013e-45
-1.4013e-45
-4.2039e-45
-7.00649e-45
-9.80909e-45
-1.26117e-44
-1.4013e-44
-1.54143e-44
-1.68156e-44
-1.82169e-44
-1.82169e-44
-1.82169e-44
-1.82169e-44
-1.68156e-44
-1.54143e-44
-1.4013e-44
-1.26117e-44
-1.12104e-44
-9.80909e-45
-7.00649e-45
-4.2039e-45
-1.4013e-45
1.4013e-45
4.2039e-45
7.00649e-45
9.80909e-45
1.26117e-44
1.4013e-44
1.54143e-44
1.68156e-44
1.82169e-44
1.82169e-44
1.82169e-44
1.82169e-44
1.68156e-44
1.54143e-44
1.4013e-44
1.26117e-44
1.12104e-44
9.80909e-45
7.00649e-45
4.2039e-45
1.4013e-45
-1.4013e-45
-4.2039e-45
-7.00649e-45
-9.80909e-45
-1.26117e-44
-1.4013e-44
-1.54143e-44
-1.68156e-44
-1.82169e-44
-1.82169e-44
-1.82169e-44
-1.82169e-44
-1.68156e-44
-1.54143e-44
-1.4013e-44
-1.26117e-44
-1.12104e-44
-9.80909e-45
-7.00649e-45
-4.2039e-45
-1.4013e-45
1.4013e-45
4.2039e-45
7.00649e-45
9.80909e-45
1.26117e-44
1.4013e-44
1.54143e-44
1.68156e-44
1.82169e-44
1.82169e-44
1.82169e-44
1.82169e-44
1.68156e-44
1.54143e-44
1.4013e-44
1.26117e-44
1.12104e-44
9.80909e-45
7.00649e-45
4.2039e-45
1.4013e-45
-1.4013e-45
-4.2039e-45
-7.00649e-45
-9.80909e-45
-1.26117e-44
-1.4013e-44
-1.54143e-44
-1.68156e-44
-1.82169e-44
-1.82169e-44
-1.82169e-44
-1.82169e-44
-1.68156e-44
-1.54143e-44
-1.4013e-44
-1.26117e-44
-1.12104e-44
-9.80909e-45
-7.00649e-45
-4.2039e-45
-1.4013e-45
1.4013e-45
4.2039e-45
7.00649e-45
9.80909e-45
1.26117e-44
1.4013e-44
1.54143e-44
1.68156e-44
1.82169e-44
1.82169e-44
1.82169e-44
1.82169e-44
1.68156e-44
1.54143e-44
1.4013e-44
1.26117e-44
1.12104e-44
9.80909e-45
7.00649e-45
4.2039e-45
1.4013e-45
-1.4013e-45
-4.2039e-45
-7.00649e-45
-9.80909e-45
-1.26117e-44
-1.4013e-44
-1.54143e-44
-1.68156e-44
-1.82169e-44
-1.82169e-44
-1.82169e-44
-1.82169e-44
-1.68156e-44
-1.54143e-44
-1.4013e-44
-1.26117e-44
-1.12104e-44
-9.80909e-45
-7.00649e-45
-4.2039e-45
-1.4013e-45
1.4013e-45
4.2039e-45
7.00649e-45
9.80909e-45
1.26117e-44
1.4013e-44
1.54143e-44
1.68156e-44
1.82169e-44
1.82169e-44
1.82169e-44
1.82169e-44
1.68156e-44
1.54143e-44
1.4013e-44
1.26117e-44
1.12104e-44
9.80909e-45
7.00649e-45
4.2039e-45
1.4013e-45
-1.4013e-45
-4.2039e-45
-7.00649e-45
-9.80909e-45
-1.26117e-44
-1.4013e-44
-1.54143e-44
-1.68156e-44
-1.82169e-44
-1.82169e-44
-1.82169e-44
-1.82169e-44
-1.68156e-44
-1.54143e-44
-1.4013e-44
-1.26117e-44
-1.12104e-44
-9.80909e-45
-7.00649e-45
-4.2039e-45
-1.4013e-45
1.4013e-45
4.2039e-45
7.00649e-45
9.80909e-45
1.26117e-44
1.4013e-44
1.54143e-44
1.68156e-44
1.82169e-44
1.82169e-44
1.82169e-44
1.82169e-44
1.68156e-44
1.54143e-44
1.4013e-44
1.26117e-44
1.12104e-44
9.80909e-45
7.00649e-45
4.2039e-45
1.4013e-45
-1.4013e-45
-4.2039e-45
-7.00649e-45
-9.80909e-45
-1.26117e-44
-1.4013e-44
-1.54143e-44
-1.68156e-44
-1.82169e-44
-1.82169e-44
-1.82169e-44
-1.82169e-44
-1.68156e-44
-1.54143e-44
-1.4013e-44
-1.26117e-44
-1.12104e-44
-9.80909e-45
-7.00649e-45
-4.2039e-45
-1.4013e-45
1.4013e-45
4.2039e-45
7.00649e-45
9.80909e-45
1.26117e-44
1.4013e-44
1.54143e-44
1.68156e-44
1.82169e-44
1.82169e-44
1.82169e-44
1.82169e-44
1.68156e-44
1.54143e-44
1.4013e-44
1.26117e-44
1.12104e-44
9.80909e-45
7.00649e-45
4.2039e-45
1.4013e-45
-1.4013e-45
-4.2039e-45
-7.00649e-45
-9.80909e-45
-1.26117e-44
-1.4013e-44
-1.54143e-44
-1.68156e-44
-1.82169e-44
-1.82169e-44
-1.82169e-44
-1.82169e-44
-1.68156e-44
-1.54143e-44
-1.4013e-44
-1.26117e-44
-1.12104e-44
-9.80909e-45
-7.00649e-45
-4.2039e-45
-1.4013e-45
1.4013e-45
4.2039e-45
7.00649e-45
9.80909e-45
1.26117e-44
1.4013e-44
1.54143e-44
1.68156e-44
1.82169e-44
1.82169e-44
1.82169e-44
1.82169e-44
1.68156e-44
1.54143e-44
1.4013e-44
1.26117e-44
1.12104e-44
9.80909e-45
7.00649e-45
4.2039e-45
1.4013e-45
-1.4013e-45
-4.2039e-45
-7.00649e-45
-9.80909e-45
-1.26117e-44
-1.4013e-44
-1.54143e-44
-1.68156e-44
-1.82169e-44
-1.82169e-44
-1.82169e-44
-1.82169e-44
-1.68156e-44
-1.54143e-44
-1.4013e-44
-1.26117e-44
-1.12104e-44
-9.80909e-45
-7.00649e-45
-4.2039e-45
-1.4013e-45
1.4013e-45
4.2039e-45
7.00649e-45
9.80909e-45
1.26117e-44
1.4013e-44
1.54143e-44
1.68156e-44
1.82169e-44
1.82169e-44
1.82169e-44
1.82169e-44
1.68156e-44
1.54143e-44
1.4013e-44
1.26117e-44
1.12104e-44
9.80909e-45
7.00649e-45
4.2039e-45
1.4013e-45
-1.4013e-45
-4.2039e-45
-7.00649e-45
-9.80909e-45
-1.26117e-44
-1.4013e-44
-1.54143e-44
-1.68156e-44
-1.82169e-44
-1.82169e-44
-1.82169e-44
-1.82169e-44
-1.68156e-44
-1.54143e-44
-1.4013e-44
-1.26117e-44
-1.12104e-44
-9.80909e-45
-7.00649e-45
-4.2039e-45
-1.4013e-45
1.4013e-45
4.2039e-45
7.00649e-45
9.80909e-45
1.26117e-44
1.4013e-44
1.54143e-44
1.68156e-44
1.82169e-44
1.82169e-44
1.82169e-44
1.82169e-44
1.68156e-44
1.54143e-44
1.4013e-44
1.26117e-44
1.12104e-44
9.80909e-45
7.00649e-45
4.2039e-45
1.4013e-45
-1.4013e-45
-4.2039e-45
-7.00649e-45
-9.80909e-45
-1.26117e-44
-1.4013e-44
-1.54143e-44
-1.68156e-44
-1.82169e-44
-1.82169e-44
-1.82169e-44
-1.82169e-44
-1.68156e-44
-1.54143e-44
-1.4013e-44
-1.26117e-44
-1.12104e-44
-9.80909e-45
-7.00649e-45
-4.2039e-45
-1.4013e-45
1.4013e-45
4.2039e-45
7.00649e-45
9.80909e-45
1.26117e-44
1.4013e-44
1.54143e-44
1.68156e-44
1.82169e-44
1.82169e-44
1.82169e-44
1.82169e-44
1.68156e-44
1.54143e-44
1.4013e-44
1.26117e-44
1.12104e-44
9.80909e-45
7.00649e-45
4.2039e-45
1.4013e-45
-1.4013e-45
-4.2039e-45
-7.00649e-45
-9.80909e-45
-1.26117e-44
-1.4013e-44
-1.54143e-44
-1.68156e-44
-1.82169e-44
-1.82169e-44
-1.82169e-44
-1.82169e-44
-1.68156e-44
-1.54143e-44
-1.4013e-44
-1.26117e-44
-1.12104e-44
-9.80909e-45
-7.00649e-45
-4.2039e-45
-1.4013e-45
1.4013e-45
4.2039e-45
7.00649e-45
9.80909e-45
1.26117e-44
1.4013e-44
1.54143e-44
1.68156e-44
1.82169e-44
1.82169e-44
1.82169e-44
1.82169e-44
1.68156e-44
1.54143e-44
1.4013e-44
1.26117e-44
1.12104e-44
9.80909e-45
7.00649e-45
4.2039e-45
1.4013e-45
-1.4013e-45
-4.2039e-45
-7.00649e-45
-9.80909e-45
-1.26117e-44
-1.4013e-44
-1.54143e-44
-1.68156e-44
-1.82169e-44
-1.82169e-44
-1.82169e-44
-1.82169e-44
-1.68156e-44
-1.54143e-44
-1.4013e-44
-1.26117e-44
-1.12104e-44
-9.80909e-45
-7.00649e-45
-4.2039e-45
-1.4013e-45
1.4013e-45
4.2039e-45
7.00649e-45
9.80909e-45
1.26117e-44
1.4013e-44
1.54143e-44
1.68156e-44
1.82169e-44
1.82169e-44
1.82169e-44
1.82169e-44
1.68156e-44
1.54143e-44
1.4013e-44
1.26117e-44
1.12104e-44
9.80909e-45
7.00649e-45
4.2039e-45
1.4013e-45
-1.4013e-45
-4.2039e-45
-7.00649e-45
-9.80909e-45
-1.26117e-44
-1.4013e-44
-1.54143e-44
-1.68156e-44
-1.82169e-44
-1.82169e-44
-1.82169e-44
-1.82169e-44
-1.68156e-44
-1.54143e-44
-1.4013e-44
-1.26117e-44
-1.12104e-44
-9.80909e-45
-7.00649e-45
-4.2039e-45
-1.4013e-45
1.4013e-45
4.2039e-45
7.00649e-45
9.80909e-45
1.26117e-44
1.4013e-44
1.54143e-44
1.68156e-44
1.82169e-44
1.82169e-44
1.82169e-44
1.82169e-44
1.68156e-44
1.54143e-44
1.4013e-44
1.26117e-44
1.12104e-44
9.80909e-45
7.00649e-45
4.2039e-45
1.4013e-45
-1.4013e-45
-4.2039e-45
-7.00649e-45
-9.80909e-45
-1.26117e-44
-1.4013e-44
-1.54143e-44
-1.68156e-44
-1.82169e-44
-1.82169e-44
-1.82169e-44
-1.82169e-44
-1.68156e-44
-1.54143e-44
-1.4013e-44
-1.26117e-44
-1.12104e-44
-9.80909e-45
-7.00649e-45
-4.2039e-45
-1.4013e-45
1.4013e-45
4.2039e-45
7.00649e-45
9.80909e-45
1.26117e-44
1.4013e-44
1.54143e-44
1.68156e-44
1.82169e-44
1.82169e-44
1.82169e-44
1.82169e-44
1.68156e-44
1.54143e-44
1.4013e-44
1.26117e-44
1.12104e-44
9.80909e-45
7.00649e-45
4.2039e-45
1.4013e-45
-1.4013e-45
-4.2039e-45
-7.00649e-45
-9.80909e-45
-1.26117e-44
-1.4013e-44
-1.54143e-44
-1.68156e-44
-1.82169e-44
-1.82169e-44
-1.82169e-44
-1.82169e-44
-1.68156e-44
-1.54143e-44
-1.4013e-44
-1.26117e-44
-1.12104e-44
-9.80909e-45
-7.00649e-45
-4.2039e-45
-1.4013e-45
1.4013e-45
4.2039e-45
7.00649e-45
9.80909e-45
1.26117e-44
1.4013e-44
1.54143e-44
1.68156e-44
1.82169e-44
1.82169e-44
1.82169e-44
1.82169e-44
1.68156e-44
1.54143e-44
1.4013e-44
1.26117e-44
1.12104e-44
9.80909e-45
7.00649e-45
4.2039e-45
1.4013e-45
-1.4013e-45
-4.2039e-45
-7.00649e-45
-9.80909e-45
-1.26117e-44
-1.4013e-44
-1.54143e-44
-1.68156e-44
-1.82169e-44
-1.82169e-44
-1.82169e-44
-1.82169e-44
-1.68156e-44
-1.54143e-44
-1.4013e-44
-1.26117e-44
-1.12104e-44
-9.80909e-45
-7.00649e-45
-4.2039e-45
-1.4013e-45
1.4013e-45
4.2039e-45
7.00649e-45
9.80909e-45
1.26117e-44
1.4013e-44
1.54143e-44
1.68156e-44
1.82169e-44
1.82169e-44
1.82169e-44
1.82169e-44
1.68156e-44
1.54143e-44
1.4013e-44
1.26117e-44
1.12104e-44
9.80909e-45
7.00649e-45
4.2039e-45
1.4013e-45
-1.4013e-45
-4.2039e-45
-7.00649e-45
-9.80909e-45
-1.26117e-44
-1.4013e-44
-1.54143e-44
-1.68156e-44
-1.82169e-44
-1.82169e-44
-1.82169e-44
-1.82169e-44
-1.68156e-44
-1.54143e-44
-1.4013e-44
-1.26117e-44
-1.12104e-44
-9.80909e-45
-7.00649e-45
-4.2039e-45
-1.4013e-45
1.4013e-45
4.2039e-45
7.00649e-45
9.80909e-45
1.26117e-44
1.4013e-44
1.54143e-44
1.68156e-44
1.82169e-44
1.82169e-44
1.82169e-44
1.82169e-44
1.68156e-44
1.54143e-44
1.4013e-44
1.26117e-44
1.12104e-44
9.80909e-45
7.00649e-45
4.2039e-45
1.4013e-45
-1.4013e-45
-4.2039e-45
-7.00649e-45
-9.80909e-45
-1.26117e-44
-1.4013e-44
-1.54143e-44
-1.68156e-44
-1.82169e-44
-1.82169e-44
-1.82169e-44
-1.82169e-44
-1.68156e-44
-1.54143e-44
-1.4013e-44
-1.26117e-44
-1.12104e-44
-9.80909e-45
-7.00649e-45
-4.2039e-45
-1.4013e-45
1.4013e-45
4.2039e-45
7.00649e-45
9.80909e-45
1.26117e-44
1.4013e-44
1.54143e-44
1.68156e-44
1.82169e-44
1.82169e-44
1.82169e-44
1.82169e-44
1.68156e-44
1.54143e-44
1.4013e-44
1.26117e-44
1.12104e-44
9.80909e-45
7.00649e-45
4.2039e-45
1.4013e-45
-1.4013e-45
-4.2039e-45
-7.00649e-45
-9.80909e-45
-1.26117e-44
-1.4013e-44
-1.54143e-44
-1.68156e-44
-1.82169e-44
-1.82169e-44
-1.82169e-44
-1.82169e-44
-1.68156e-44
-1.54143e-44
-1.4013e-44
-1.26117e-44
-1.12104e-44
-9.80909e-45
-7.00649e-45
-4.2039e-45
-1.4013e-45
1.4013e-45
4.2039e-45
7.00649e-45
9.80909e-45
1.26117e-44
1.4013e-44
1.54143e-44
1.68156e-44
1.82169e-44
1.82169e-44
1.82169e-44
1.82169e-44
1.68156e-44
1.54143e-44
1.4013e-44
1.26117e-44
1.12104e-44
9.80909e-45
7.00649e-45
4.2039e-45
1.4013e-45
-1.4013e-45
-4.2039e-45
-7.00649e-45
-9.80909e-45
-1.26117e-44
-1.4013e-44
-1.54143e-44
-1.68156e-44
-1.82169e-44
-1.82169e-44
-1.82169e-44
-1.82169e-44
-1.68156e-44
-1.54143e-44
-1.4013e-44
-1.26117e-44
-1.12104e-44
-9.80909e-45
-7.00649e-45
-4.2039e-45
-1.4013e-45
1.4013e-45
4.2039e-45
7.00649e-45
9.80909e-45
1.26117e-44
1.4013e-44
1.54143e-44
1.68156e-44
1.82169e-44
1.82169e-44
1.82169e-44
1.82169e-44
1.68156e-44
1.54143e-44
1.4013e-44
1.26117e-44
1.12104e-44
9.80909e-45
7.00649e-45
4.2039e-45
1.4013e-45
-1.4013e-45
-4.2039e-45
-7.00649e-45
-9.80909e-45
-1.26117e-44
-1.4013e-44
-1.54143e-44
-1.68156e-44
-1.82169e-44
-1.82169e-44
-1.82169e-44
-1.82169e-44
-1.68156e-44
-1.54143e-44
-1.4013e-44
-1.26117e-44
-1.12104e-44
-9.80909e-45
-7.00649e-45
-4.2039e-45
-1.4013e-45
1.4013e-45
4.2039e-45
7.00649e-45
9.80909e-45
1.26117e-44
1.4013e-44
1.54143e-44
1.68156e-44
1.82169e-44
1.82169e-44
1.82169e-44
1.82169e-44
1.68156e-44
1.54143e-44
1.4013e-44
1.26117e-44
1.12104e-44
9.80909e-45
7.00649e-45
4.2039e-45
1.4013e-45
-1.4013e-45
-4.2039e-45
-7.00649e-45
-9.80909e-45
-1.26117e-44
-1.4013e-44
-1.54143e-44
-1.68156e-44
-1.82169e-44
-1.82169e-44
-1.82169e-44
-1.82169e-44
-1.68156e-44
-1.54143e-44
-1.4013e-44
-1.26117e-44
-1.12104e-44
-9.80909e-45
-7.00649e-45
-4.2039e-45
-1.4013e-45
1.4013e-45
4.2039e-45
7.00649e-45
9.80909e-45
1.26117e-44
1.4013e-44
1.54143e-44
1.68156e-44
1.82169e-44
1.82169e-44
1.82169e-44
1.82169e-44
1.68156e-44
1.54143e-44
1.4013e-44
1.26117e-44
1.12104e-44
9.80909e-45
7.00649e-45
4.2039e-45
1.4013e-45
-1.4013e-45
-4.2039e-45
-7.00649e-45
-9.80909e-45
-1.26117e-44
-1.4013e-44
-1.54143e-44
-1.68156e-44
-1.82169e-44
-1.82169e-44
-1.82169e-44
-1.82169e-44
-1.68156e-44
-1.54143e-44
-1.4013e-44
-1.26117e-44
-1.12104e-44
-9.80909e-45
-7.00649e-45
-4.2039e-45
-1.4013e-45
1.4013e-45
4.2039e-45
7.00649e-45
9.80909e-45
1.26117e-44
1.4013e-44
1.54143e-44
1.68156e-44
1.82169e-44
1.82169e-44
1.82169e-44
1.82169e-44
1.68156e-44
1.54143e-44
1.4013e-44
1.26117e-44
1.12104e-44
9.80909e-45
7.00649e-45
4.2039e-45
1.4013e-45
-1.4013e-45
-4.2039e-45
-7.00649e-45
-9.80909e-45
-1.26117e-44
-1.4013e-44
-1.54143e-44
-1.68156e-44
-1.82169e-44
-1.82169e-44
-1.82169e-44
-1.82169e-44
-1.68156e-44
-1.54143e-44
-1.4013e-44
-1.26117e-44
-1.12104e-44
-9.80909e-45
-7.00649e-45
-4.2039e-45
-1.4013e-45
1.4013e-45
4.2039e-45
7.00649e-45
9.80909e-45
1.26117e-44
1.4013e-44
1.54143e-44
1.68156e-44
1.82169e-44
1.82169e-44
1.82169e-44
1.82169e-44
1.68156e-44
1.54143e-44
1.4013e-44
1.26117e-44
1.12104e-44
9.80909e-45
7.00649e-45
4.2039e-45
1.4013e-45
-1.4013e-45
-4.2039e-45
-7.00649e-45
-9.80909e-45
-1.26117e-44
-1.4013e-44
-1.54143e-44
-1.68156e-44
-1.82169e-44
-1.82169e-44
-1.82169e-44
-1.82169e-44
-1.68156e-44
-1.54143e-44
-1.4013e-44
-1.26117e-44
-1.12104e-44
-9.80909e-45
-7.00649e-45
-4.2039e-45
-1.4013e-45
1.4013e-45
4.2039e-45
7.00649e-45
9.80909e-45
1.26117e-44
1.4013e-44
1.54143e-44
1.68156e-44
1.82169e-44
1.82169e-44
1.82169e-44
1.82169e-44
1.68156e-44
1.54143e-44
1.4013e-44
1.26117e-44
1.12104e-44
9.80909e-45
7.00649e-45
4.2039e-45
1.4013e-45
-1.4013e-45
-4.2039e-45
-7.00649e-45
-9.80909e-45
-1.26117e-44
-1.4013e-44
-1.54143e-44
-1.68156e-44
-1.82169e-44
-1.82169e-44
-1.82169e-44
-1.82169e-44
-1.68156e-44
-1.54143e-44
-1.4013e-44
-1.26117e-44
-1.12104e-44
-9.80909e-45
-7.00649e-45
-4.2039e-45
-1.4013e-45
1.4013e-45
4.2039e-45
7.00649e-45
9.80909e-45
1.26117e-44
1.4013e-44
1.54143e-44
1.68156e-44
1.82169e-44
1.82169e-44
1.82169e-44
1.82169e-44
1.68156e-44
1.54143e-44
1.4013e-44
1.26117e-44
1.12104e-44
9.80909e-45
7.00649e-45
4.2039e-45
1.4013e-45
-1.4013e-45
-4.2039e-45
-7.00649e-45
-9.80909e-45
-1.26117e-44
-1.4013e-44
-1.54143e-44
-1.68156e-44
-1.82169e-44
-1.82169e-44
-1.82169e-44
-1.82169e-44
-1.68156e-44
-1.54143e-44
-1.4013e-44
-1.26117e-44
-1.12104e-44
-9.80909e-45
-7.00649e-45
-4.2039e-45
-1.4013e-45
1.4013e-45
4.2039e-45
7.00649e-45
9.80909e-45
1.26117e-44
1.4013e-44
1.54143e-44
1.68156e-44
1.82169e-44
1.82169e-44
1.82169e-44
1.82169e-44
1.68156e-44
1.54143e-44
1.4013e-44
1.26117e-44
1.12104e-44
9.80909e-45
7.00649e-45
4.2039e-45
1.4013e-45
-1.4013e-45
-4.2039e-45
-7.00649e-45
-9.80909e-45
-1.26117e-44
-1.4013e-44
-1.54143e-44
-1.68156e-44
-1.82169e-44
-1.82169e-44
-1.82169e-44
-1.82169e-44
-1.68156e-44
-1.54143e-44
-1.4013e-44
-1.26117e-44
-1.12104e-44
-9.80909e-45
-7.00649e-45
-4.2039e-45
-1.4013e-45
1.4013e-45
4.2039e-45
7.00649e-45
9.80909e-45
1.26117e-44
1.4013e-44
1.54143e-44
1.68156e-44
1.82169e-44
1.82169e-44
1.82169e-44
1.82169e-44
1.68156e-44
1.54143e-44
1.4013e-44
1.26117e-44
1.12104e-44
9.80909e-45
7.00649e-45
4.2039e-45
1.4013e-45
-1.4013e-45
-4.2039e-45
-7.00649e-45
-9.80909e-45
-1.26117e-44
-1.4013e-44
-1.54143e-44
-1.68156e-44
-1.82169e-44
-1.82169e-44
-1.82169e-44
-1.82169e-44
-1.68156e-44
-1.54143e-44
-1.4013e-44
-1.26117e-44
-1.12104e-44
-9.80909e-45
-7.00649e-45
-4.2039e-45
-1.4013e-45
1.4013e-45
4.2039e-45
7.00649e-45
9.80909e-45
1.26117e-44
1.4013e-44
1.54143e-44
1.68156e-44
1.82169e-44
1.82169e-44
1.82169e-44
1.82169e-44
1.68156e-44
1.54143e-44
1.4013e-44
1.26117e-44
1.12104e-44
9.80909e-45
7.00649e-45
4.2039e-45
1.4013e-45
-1.4013e-45
-4.2039e-45
-7.00649e-45
-9.80909e-45
-1.26117e-44
-1.4013e-44
-1.54143e-44
-1.68156e-44
-1.82169e-44
-1.82169e-44
-1.82169e-44
-1.82169e-44
-1.68156e-44
-1.54143e-44
-1.4013e-44
-1.26117e-44
-1.12104e-44
-9.80909e-45
-7.00649e-45
-4.2039e-45
-1.4013e-45
1.4013e-45
4.2039e-45
7.00649e-45
9.80909e-45
1.26117e-44
1.4013e-44
1.54143e-44
1.68156e-44
1.82169e-44
1.82169e-44
1.82169e-44
1.82169e-44
1.68156e-44
1.54143e-44
1.4013e-44
1.26117e-44
1.12104e-44
9.80909e-45
7.00649e-45
4.2039e-45
1.4013e-45
-1.4013e-45
-4.2039e-45
-7.00649e-45
-9.80909e-45
-1.26117e-44
-1.4013e-44
-1.54143e-44
-1.68156e-44
-1.82169e-44
-1.82169e-44
-1.82169e-44
-1.82169e-44
-1.68156e-44
-1.54143e-44
-1.4013e-44
-1.26117e-44
-1.12104e-44
-9.80909e-45
-7.00649e-45
-4.2039e-45
-1.4013e-45
1.4013e-45
4.2039e-45
7.00649e-45
9.80909e-45
1.26117e-44
1.4013e-44
1.54143e-44
1.68156e-44
1.82169e-44
1.82169e-44
1.82169e-44
1.82169e-44
1.68156e-44
1.54143e-44
1.4013e-44
1.26117e-44
1.12104e-44
9.80909e-45
7.00649e-45
4.2039e-45
1.4013e-45
-1.4013e-45
-4.2039e-45
-7.00649e-45
-9.80909e-45
-1.26117e-44
-1.4013e-44
-1.54143e-44
-1.68156e-44
-1.82169e-44
-1.82169e-44
-1.82169e-44
-1.82169e-44
-1.68156e-44
-1.54143e-44
-1.4013e-44
-1.26117e-44
-1.12104e-44
-9.80909e-45
-7.00649e-45
-4.2039e-45
-1.4013e-45
1.4013e-45
4.2039e-45
7.00649e-45
9.80909e-45
1.26117e-44
1.4013e-44
1.54143e-44
1.68156e-44
1.82169e-44
1.82169e-44
1.82169e-44
1.82169e-44
1.68156e-44
1.54143e-44
1.4013e-44
1.26117e-44
1.12104e-44
9.80909e-45
7.00649e-45
4.2039e-45
1.4013e-45
-1.4013e-45
-4.2039e-45
-7.00649e-45
-9.80909e-45
-1.26117e-44
-1.4013e-44
-1.54143e-44
-1.68156e-44
-1.82169e-44
-1.82169e-44
-1.82169e-44
-1.82169e-44
-1.68156e-44
-1.54143e-44
-1.4013e-44
-1.26117e-44
-1.12104e-44
-9.80909e-45
-7.00649e-45
-4.2039e-45
-1.4013e-45
1.4013e-45
4.2039e-45
7.00649e-45
9.80909e-45
1.26117e-44
1.4013e-44
1.54143e-44
1.68156e-44
1.82169e-44
1.82169e-44
1.82169e-44
1.82169e-44
1.68156e-44
1.54143e-44
1.4013e-44
1.26117e-44
1.12104e-44
9.80909e-45
7.00649e-45
4.2039e-45
1.4013e-45
-1.4013e-45
-4.2039e-45
-7.00649e-45
-9.80909e-45
-1.26117e-44
-1.4013e-44
-1.54143e-44
-1.68156e-44
-1.82169e-44
-1.82169e-44
-1.82169e-44
-1.82169e-44
-1.68156e-44
-1.54143e-44
-1.4013e-44
-1.26117e-44
-1.12104e-44
-9.80909e-45
-7.00649e-45
-4.2039e-45
-1.4013e-45
1.4013e-45
4.2039e-45
7.00649e-45
9.80909e-45
1.26117e-44
1.4013e-44
1.54143e-44
1.68156e-44
1.82169e-44
1.82169e-44
1.82169e-44
1.82169e-44
1.68156e-44
1.54143e-44
1.4013e-44
1.26117e-44
1.12104e-44
9.80909e-45
7.00649e-45
4.2039e-45
1.4013e-45
-1.4013e-45
-4.2039e-45
-7.00649e-45
-9.80909e-45
-1.26117e-44
-1.4013e-44
-1.54143e-44
-1.68156e-44
-1.82169e-44
-1.82169e-44
-1.82169e-44
-1.82169e-44
-1.68156e-44
-1.54143e-44
-1.4013e-44
-1.26117e-44
-1.12104e-44
-9.80909e-45
-7.00649e-45
-4.2039e-45
-1.4013e-45
1.4013e-45
4.2039e-45
7.00649e-45
9.80909e-45
1.26117e-44
1.4013e-44
1.54143e-44
1.68156e-44
1.82169e-44
1.82169e-44
1.82169e-44
1.82169e-44
1.68156e-44
1.54143e-44
1.4013e-44
1.26117e-44
1.12104e-44
9.80909e-45
7.00649e-45
4.2039e-45
1.4013e-45
-1.4013e-45
-4.2039e-45
-7.00649e-45
-9.80909e-45
-1.26117e-44
-1.4013e-44
-1.54143e-44
-1.68156e-44
-1.82169e-44
-1.82169e-44
-1.82169e-44
-1.82169e-44
-1.68156e-44
-1.54143e-44
-1.4013e-44
-1.26117e-44
-1.12104e-44
-9.80909e-45
-7.00649e-45
-4.2039e-45
-1.4013e-45
1.4013e-45
4.2039e-45
7.00649e-45
9.80909e-45
1.26117e-44
1.4013e-44
1.54143e-44
1.68156e-44
1.82169e-44
1.82169e-44
1.82169e-44
1.82169e-44
1.68156e-44
1.54143e-44
1.4013e-44
1.26117e-44
1.12104e-44
9.80909e-45
7.00649e-45
4.2039e-45
1.4013e-45
-1.4013e-45
-4.2039e-45
-7.00649e-45
-9.80909e-45
-1.26117e-44
-1.4013e-44
-1.54143e-44
-1.68156e-44
-1.82169e-44
-1.82169e-44
-1.82169e-44
-1.82169e-44
-1.68156e-44
-1.54143e-44
-1.4013e-44
-1.26117e-44
-1.12104e-44
-9.80909e-45
-7.00649e-45
-4.2039e-45
-1.4013e-45
1.4013e-45
4.2039e-45
7.00649e-45
9.80909e-45
1.26117e-44
1.4013e-44
1.54143e-44
1.68156e-44
1.82169e-44
1.82169e-44
1.82169e-44
1.82169e-44
1.68156e-44
1.54143e-44
1.4013e-44
1.26117e-44
1.12104e-44
9.80909e-45
7.00649e-45
4.2039e-45
1.4013e-45
-1.4013e-45
-4.2039e-45
-7.00649e-45
-9.80909e-45
-1.26117e-44
-1.4013e-44
-1.54143e-44
-1.68156e-44
-1.82169e-44
-1.82169e-44
-1.82169e-44
-1.82169e-44
-1.68156e-44
-1.54143e-44
-1.4013e-44
-1.26117e-44
-1.12104e-44
-9.80909e-45
-7.00649e-45
-4.2039e-45
-1.4013e-45
1.4013e-45
4.2039e-45
7.00649e-45
9.80909e-45
1.26117e-44
1.4013e-44
1.54143e-44
1.68156e-44
1.82169e-44
1.82169e-44
1.82169e-44
1.82169e-44
1.68156e-44
1.54143e-44
1.4013e-44
1.26117e-44
1.12104e-44
9.80909e-45
7.00649e-45
4.2039e-45
1.4013e-45
-1.4013e-45
-4.2039e-45
-7.00649e-45
-9.80909e-45
-1.26117e-44
-1.4013e-44
-1.54143e-44
-1.68156e-44
-1.82169e-44
-1.82169e-44
-1.82169e-44
-1.82169e-44
-1.68156e-44
-1.54143e-44
-1.4013e-44
-1.26117e-44
-1.12104e-44
-9.80909e-45
-7.00649e-45
-4.2039e-45
-1.4013e-45
1.4013e-45
4.2039e-45
7.00649e-45
9.80909e-45
1.26117e-44
1.4013e-44
1.54143e-44
1.68156e-44
1.82169e-44
1.82169e-44
1.82169e-44
1.82169e-44
1.68156e-44
1.54143e-44
1.4013e-44
1.26117e-44
1.12104e-44
9.80909e-45
7.00649e-45
4.2039e-45
1.4013e-45
-1.4013e-45
-4.2039e-45
-7.00649e-45
-9.80909e-45
-1.26117e-44
-1.4013e-44
-1.54143e-44
-1.68156e-44
-1.82169e-44
-1.82169e-44
-1.82169e-44
-1.82169e-44
-1.68156e-44
-1.54143e-44
-1.4013e-44
-1.26117e-44
-1.12104e-44
-9.80909e-45
-7.00649e-45
-4.2039e-45
-1.4013e-45
1.4013e-45
4.2039e-45
7.00649e-45
9.80909e-45
1.26117e-44
1.4013e-44
1.54143e-44
1.68156e-44
1.82169e-44
1.82169e-44
1.82169e-44
1.82169e-44
1.68156e-44
1.54143e-44
1.4013e-44
1.26117e-44
1.12104e-44
9.80909e-45
7.00649e-45
4.2039e-45
1.4013e-45
-1.4013e-45
-4.2039e-45
-7.00649e-45
-9.80909e-45
-1.26117e-44
-1.4013e-44
-1.54143e-44
-1.68156e-44
-1.82169e-44
-1.82169e-44
-1.82169e-44
-1.82169e-44
-1.68156e-44
-1.54143e-44
-1.4013e-44
-1.26117e-44
-1.12104e-44
-9.80909e-45
-7.00649e-45
-4.2039e-45
-1.4013e-45
1.4013e-45
4.2039e-45
7.00649e-45
9.80909e-45
1.26117e-44
1.4013e-44
1.54143e-44
1.68156e-44
1.82169e-44
1.82169e-44
1.82169e-44
1.82169e-44
1.68156e-44
1.54143e-44
1.4013e-44
1.26117e-44
1.12104e-44
9.80909e-45
7.00649e-45
4.2039e-45
1.4013e-45
-1.4013e-45
-4.2039e-45
-7.00649e-45
-9.80909e-45
-1.26117e-44
-1.4013e-44
-1.54143e-44
-1.68156e-44
-1.82169e-44
-1.82169e-44
-1.82169e-44
-1.82169e-44
-1.68156e-44
-1.54143e-44
-1.4013e-44
-1.26117e-44
-1.12104e-44
-9.80909e-45
-7.00649e-45
-4.2039e-45
-1.4013e-45
1.4013e-45
4.2039e-45
7.00649e-45
9.80909e-45
1.26117e-44
1.4013e-44
1.54143e-44
1.68156e-44
1.82169e-44
1.82169e-44
1.82169e-44
1.82169e-44
1.68156e-44
1.54143e-44
1.4013e-44
1.26117e-44
1.12104e-44
9.80909e-45
7.00649e-45
4.2039e-45
1.4013e-45
-1.4013e-45
-4.2039e-45
-7.00649e-45
-9.80909e-45
-1.26117e-44
-1.4013e-44
-1.54143e-44
-1.68156e-44
-1.82169e-44
-1.82169e-44
-1.82169e-44
-1.82169e-44
-1.68156e-44
-1.54143e-44
-1.4013e-44
-1.26117e-44
-1.12104e-44
-9.80909e-45
-7.00649e-45
-4.2039e-45
-1.4013e-45
1.4013e-45
4.2039e-45
7.00649e-45
9.80909e-45
1.26117e-44
1.4013e-44
1.54143e-44
1.68156e-44
1.82169e-44
1.82169e-44
1.82169e-44
1.82169e-44
1.68156e-44
1.54143e-44
1.4013e-44
1.26117e-44
1.12104e-44
9.80909e-45
7.00649e-45
4.2039e-45
1.4013e-45
-1.4013e-45
-4.2039e-45
-7.00649e-45
-9.80909e-45
-1.26117e-44
-1.4013e-44
-1.54143e-44
-1.68156e-44
-1.82169e-44
-1.82169e-44
-1.82169e-44
-1.82169e-44
-1.68156e-44
-1.54143e-44
-1.4013e-44
-1.26117e-44
-1.12104e-44
-9.80909e-45
-7.00649e-45
-4.2039e-45
-1.4013e-45
1.4013e-45
4.2039e-45
7.00649e-45
9.80909e-45
1.26117e-44
1.4013e-44
1.54143e-44
1.68156e-44
1.82169e-44
1.82169e-44
1.82169e-44
1.82169e-44
1.68156e-44
1.54143e-44
1.4013e-44
1.26117e-44
1.12104e-44
9.80909e-45
7.00649e-45
4.2039e-45
1.4013e-45
-1.4013e-45
-4.2039e-45
-7.00649e-45
-9.80909e-45
-1.26117e-44
-1.4013e-44
-1.54143e-44
-1.68156e-44
-1.82169e-44
-1.82169e-44
-1.82169e-44
-1.82169e-44
-1.68156e-44
-1.54143e-44
-1.4013e-44
-1.26117e-44
-1.12104e-44
-9.80909e-45
-7.00649e-45
-4.2039e-45
-1.4013e-45
1.4013e-45
4.2039e-45
7.00649e-45
9.80909e-45
1.26117e-44
1.4013e-44
1.54143e-44
1.68156e-44
1.82169e-44
1.82169e-44
1.82169e-44
1.82169e-44
1.68156e-44
1.54143e-44
1.4013e-44
1.26117e-44
1.12104e-44
9.80909e-45
7.00649e-45
4.2039e-45
1.4013e-45
-1.4013e-45
-4.2039e-45
-7.00649e-45
-9.80909e-45
-1.26117e-44
-1.4013e-44
-1.54143e-44
-1.68156e-44
-1.82169e-44
-1.82169e-44
-1.82169e-44
-1.82169e-44
-1.68156e-44
-1.54143e-44
-1.4013e-44
-1.26117e-44
-1.12104e-44
-9.80909e-45
-7.00649e-45
-4.2039e-45
-1.4013e-45
1.4013e-45
4.2039e-45
7.00649e-45
9.80909e-45
1.26117e-44
1.4013e-44
1.54143e-44
1.68156e-44
1.82169e-44
1.82169e-44
1.82169e-44
1.82169e-44
1.68156e-44
1.54143e-44
1.4013e-44
1.26117e-44
1.12104e-44
9.80909e-45
7.00649e-45
4.2039e-45
1.4013e-45
-1.4013e-45
-4.2039e-45
-7.00649e-45
-9.80909e-45
-1.26117e-44
-1.4013e-44
-1.54143e-44
-1.68156e-44
-1.82169e-44
-1.82169e-44
-1.82169e-44
-1.82169e-44
-1.68156e-44
-1.54143e-44
-1.4013e-44
-1.26117e-44
-1.12104e-44
-9.80909e-45
-7.00649e-45
-4.2039e-45
-1.4013e-45
1.4013e-45
4.2039e-45
7.00649e-45
9.80909e-45
1.26117e-44
1.4013e-44
1.54143e-44
1.68156e-44
1.82169e-44
1.82169e-44
1.82169e-44
1.82169e-44
1.68156e-44
1.54143e-44
1.4013e-44
1.26117e-44
1.12104e-44
9.80909e-45
7.00649e-45
4.2039e-45
1.4013e-45
-1.4013e-45
-4.2039e-45
-7.00649e-45
-9.80909e-45
-1.26117e-44
-1.4013e-44
-1.54143e-44
-1.68156e-44
-1.82169e-44
-1.82169e-44
-1.82169e-44
-1.82169e-44
-1.68156e-44
-1.54143e-44
-1.4013e-44
-1.26117e-44
-1.12104e-44
-9.80909e-45
-7.00649e-45
-4.2039e-45
-1.4013e-45
1.4013e-45
4.2039e-45
7.00649e-45
9.80909e-45
1.26117e-44
1.4013e-44
1.54143e-44
1.68156e-44
1.82169e-44
1.82169e-44
1.82169e-44
1.82169e-44
1.68156e-44
1.54143e-44
1.4013e-44
1.26117e-44
1.12104e-44
9.80909e-45
7.00649e-45
4.2039e-45
1.4013e-45
-1.4013e-45
-4.2039e-45
-7.00649e-45
-9.80909e-45
-1.26117e-44
-1.4013e-44
-1.54143e-44
-1.68156e-44
-1.82169e-44
-1.82169e-44
-1.82169e-44
-1.82169e-44
-1.68156e-44
-1.54143e-44
-1.4013e-44
-1.26117e-44
-1.12104e-44
-9.80909e-45
-7.00649e-45
-4.2039e-45
-1.4013e-45
1.4013e-45
4.2039e-45
7.00649e-45
9.80909e-45
1.26117e-44
1.4013e-44
1.54143e-44
1.68156e-44
1.82169e-44
1.82169e-44
1.82169e-44
1.82169e-44
1.68156e-44
1.54143e-44
1.4013e-44
1.26117e-44
1.12104e-44
9.80909e-45
7.00649e-45
4.2039e-45
1.4013e-45
-1.4013e-45
-4.2039e-45
-7.00649e-45
-9.80909e-45
-1.26117e-44
-1.4013e-44
-1.54143e-44
-1.68156e-44
-1.82169e-44
-1.82169e-44
-1.82169e-44
-1.82169e-44
-1.68156e-44
-1.54143e-44
-1.4013e-44
-1.26117e-44
-1.12104e-44
-9.80909e-45
-7.00649e-45
-4.2039e-45
-1.4013e-45
1.4013e-45
4.2039e-45
7.00649e-45
9.80909e-45
1.26117e-44
1.4013e-44
1.54143e-44
1.68156e-44
1.82169e-44
1.82169e-44
1.82169e-44
1.82169e-44
1.68156e-44
1.54143e-44
1.4013e-44
1.26117e-44
1.12104e-44
9.80909e-45
7.00649e-45
4.2039e-45
1.4013e-45
-1.4013e-45
-4.2039e-45
-7.00649e-45
-9.80909e-45
-1.26117e-44
-1.4013e-44
-1.54143e-44
-1.68156e-44
-1.82169e-44
-1.82169e-44
-1.82169e-44
-1.82169e-44
-1.68156e-44
-1.54143e-44
-1.4013e-44
-1.26117e-44
-1.12104e-44
-9.80909e-45
-7.00649e-45
-4.2039e-45
-1.4013e-45
1.4013e-45
4.2039e-45
7.00649e-45
9.80909e-45
1.26117e-44
1.4013e-44
1.54143e-44
1.68156e-44
1.82169e-44
1.82169e-44
1.82169e-44
1.82169e-44
1.68156e-44
1.54143e-44
1.4013e-44
1.26117e-44
1.12104e-44
9.80909e-45
7.00649e-45
4.2039e-45
1.4013e-45
-1.4013e-45
-4.2039e-45
-7.00649e-45
-9.80909e-45
-1.26117e-44
-1.4013e-44
-1.54143e-44
-1.68156e-44
-1.82169e-44
-1.82169e-44
-1.82169e-44
-1.82169e-44
-1.68156e-44
-1.54143e-44
-1.4013e-44
-1.26117e-44
-1.12104e-44
-9.80909e-45
-7.00649e-45
-4.2039e-45
-1.4013e-45
1.4013e-45
4.2039e-45
7.00649e-45
9.80909e-45
1.26117e-44
1.4013e-44
1.54143e-44
1.68156e-44
1.82169e-44
1.82169e-44
1.82169e-44
1.82169e-44
1.68156e-44
1.54143e-44
1.4013e-44
1.26117e-44
1.12104e-44
9.80909e-45
7.00649e-45
4.2039e-45
1.4013e-45
-1.4013e-45
-4.2039e-45
-7.00649e-45
-9.80909e-45
-1.26117e-44
-1.4013e-44
-1.54143e-44
-1.68156e-44
-1.82169e-44
-1.82169e-44
-1.82169e-44
-1.82169e-44
-1.68156e-44
-1.54143e-44
-1.4013e-44
-1.26117e-44
-1.12104e-44
-9.80909e-45
-7.00649e-45
-4.2039e-45
-1.4013e-45
1.4013e-45
4.2039e-45
7.00649e-45
9.80909e-45
1.26117e-44
1.4013e-44
1.54143e-44
1.68156e-44
1.82169e-44
1.82169e-44
1.82169e-44
1.82169e-44
1.68156e-44
1.54143e-44
1.4013e-44
1.26117e-44
1.12104e-44
9.80909e-45
7.00649e-45
4.2039e-45
1.4013e-45
-1.4013e-45
-4.2039e-45
-7.00649e-45
-9.80909e-45
-1.26117e-44
-1.4013e-44
-1.54143e-44
-1.68156e-44
-1.82169e-44
-1.82169e-44
-1.82169e-44
-1.82169e-44
-1.68156e-44
-1.54143e-44
-1.4013e-44
-1.26117e-44
-1.12104e-44
-9.80909e-45
-7.00649e-45
-4.2039e-45
-1.4013e-45
1.4013e-45
4.2039e-45
7.00649e-45
9.80909e-45
1.26117e-44
1.4013e-44
1.54143e-44
1.68156e-44
1.82169e-44
1.82169e-44
1.82169e-44
1.82169e-44
1.68156e-44
1.54143e-44
1.4013e-44
1.26117e-44
1.12104e-44
9.80909e-45
7.00649e-45
4.2039e-45
1.4013e-45
-1.4013e-45
-4.2039e-45
-7.00649e-45
-9.80909e-45
-1.26117e-44
-1.4013e-44
-1.54143e-44
-1.68156e-44
-1.82169e-44
-1.82169e-44
-1.82169e-44
-1.82169e-44
-1.68156e-44
-1.54143e-44
-1.4013e-44
-1.26117e-44
-1.12104e-44
-9.80909e-45
-7.00649e-45
-4.2039e-45
-1.4013e-45
1.4013e-45
4.2039e-45
7.00649e-45
9.80909e-45
1.26117e-44
1.4013e-44
1.54143e-44
1.68156e-44
1.82169e-44
1.82169e-44
1.82169e-44
1.82169e-44
1.68156e-44
1.54143e-44
1.4013e-44
1.26117e-44
1.12104e-44
9.80909e-45
7.00649e-45
4.2039e-45
1.4013e-45
-1.4013e-45
-4.2039e-45
-7.00649e-45
-9.80909e-45
-1.26117e-44
-1.4013e-44
-1.54143e-44
-1.68156e-44
-1.82169e-44
-1.82169e-44
-1.82169e-44
-1.82169e-44
-1.68156e-44
-1.54143e-44
-1.4013e-44
-1.26117e-44
-1.12104e-44
-9.80909e-45
-7.00649e-45
-4.2039e-45
-1.4013e-45
1.4013e-45
4.2039e-45
7.00649e-45
9.80909e-45
1.26117e-44
1.4013e-44
1.54143e-44
1.68156e-44
1.82169e-44
1.82169e-44
1.82169e-44
1.82169e-44
1.68156e-44
1.54143e-44
1.4013e-44
1.26117e-44
1.12104e-44
9.80909e-45
7.00649e-45
4.2039e-45
1.4013e-45
-1.4013e-45
-4.2039e-45
-7.00649e-45
-9.80909e-45
-1.26117e-44
-1.4013e-44
-1.54143e-44
-1.68156e-44
-1.82169e-44
-1.82169e-44
-1.82169e-44
-1.82169e-44
-1.68156e-44
-1.54143e-44
-1.4013e-44
-1.26117e-44
-1.12104e-44
-9.80909e-45
-7.00649e-45
-4.2039e-45
-1.4013e-45
1.4013e-45
4.2039e-45
7.00649e-45
9.80909e-45
1.26117e-44
1.4013e-44
1.54143e-44
1.68156e-44
1.82169e-44
1.82169e-44
1.82169e-44
1.82169e-44
1.68156e-44
1.54143e-44
1.4013e-44
1.26117e-44
1.12104e-44
9.80909e-45
7.00649e-45
4.2039e-45
1.4013e-45
-1.4013e-45
-4.2039e-45
-7.00649e-45
-9.80909e-45
-1.26117e-44
-1.4013e-44
-1.54143e-44
-1.68156e-44
-1.82169e-44
-1.82169e-44
-1.82169e-44
-1.82169e-44
-1.68156e-44
-1.54143e-44
-1.4013e-44
-1.26117e-44
-1.12104e-44
-9.80909e-45
-7.00649e-45
-4.2039e-45
-1.4013e-45
1.4013e-45
4.2039e-45
7.00649e-45
9.80909e-45
1.26117e-44
1.4013e-44
1.54143e-44
1.68156e-44
1.82169e-44
1.82169e-44
1.82169e-44
1.82169e-44
1.68156e-44
1.54143e-44
1.4013e-44
1.26117e-44
1.12104e-44
9.80909e-45
7.00649e-45
4.2039e-45
1.4013e-45
-1.4013e-45
-4.2039e-45
-7.00649e-45
-9.80909e-45
-1.26117e-44
-1.4013e-44
-1.54143e-44
-1.68156e-44
-1.82169e-44
-1.82169e-44
-1.82169e-44
-1.82169e-44
-1.68156e-44
-1.54143e-44
-1.4013e-44
-1.26117e-44
-1.12104e-44
-9.80909e-45
-7.00649e-45
-4.2039e-45
-1.4013e-45
1.4013e-45
4.2039e-45
7.00649e-45
9.80909e-45
1.26117e-44
1.4013e-44
1.54143e-44
1.68156e-44
1.82169e-44
1.82169e-44
1.82169e-44
1.82169e-44
1.68156e-44
1.54143e-44
1.4013e-44
1.26117e-44
1.12104e-44
9.80909e-45
7.00649e-45
4.2039e-45
1.4013e-45
-1.4013e-45
-4.2039e-45
-7.00649e-45
-9.80909e-45
-1.26117e-44
-1.4013e-44
-1.54143e-44
-1.68156e-44
-1.82169e-44
-1.82169e-44
-1.82169e-44
-1.82169e-44
-1.68156e-44
-1.54143e-44
-1.4013e-44
-1.26117e-44
-1.12104e-44
-9.80909e-45
-7.00649e-45
-4.2039e-45
-1.4013e-45
1.4013e-45
4.2039e-45
7.00649e-45
9.80909e-45
1.26117e-44
1.4013e-44
1.54143e-44
1.68156e-44
1.82169e-44
1.82169e-44
1.82169e-44
1.82169e-44
1.68156e-44
1.54143e-44
1.4013e-44
1.26117e-44
1.12104e-44
9.80909e-45
7.00649e-45
4.2039e-45
1.4013e-45
-1.4013e-45
-4.2039e-45
-7.00649e-45
-9.80909e-45
-1.26117e-44
-1.4013e-44
-1.54143e-44
-1.68156e-44
-1.82169e-44
-1.82169e-44
-1.82169e-44
-1.82169e-44
-1.68156e-44
-1.54143e-44
-1.4013e-44
-1.26117e-44
-1.12104e-44
-9.80909e-45
-7.00649e-45
-4.2039e-45
-1.4013e-45
1.4013e-45
4.2039e-45
7.00649e-45
9.80909e-45
1.26117e-44
1.4013e-44
1.54143e-44
1.68156e-44
1.82169e-44
1.82169e-44
1.82169e-44
1.82169e-44
1.68156e-44
1.54143e-44
1.4013e-44
1.26117e-44
1.12104e-44
9.80909e-45
7.00649e-45
4.2039e-45
1.4013e-45
-1.4013e-45
-4.2039e-45
-7.00649e-45
-9.80909e-45
-1.26117e-44
-1.4013e-44
-1.54143e-44
-1.68156e-44
-1.82169e-44
-1.82169e-44
-1.82169e-44
-1.82169e-44
-1.68156e-44
-1.54143e-44
-1.4013e-44
-1.26117e-44
-1.12104e-44
-9.80909e-45
-7.00649e-45
-4.2039e-45
-1.4013e-45
1.4013e-45
4.2039e-45
7.00649e-45
9.80909e-45
1.26117e-44
1.4013e-44
1.54143e-44
1.68156e-44
1.82169e-44
1.82169e-44
1.82169e-44
1.82169e-44
1.68156e-44
1.54143e-44
1.4013e-44
1.26117e-44
1.12104e-44
9.80909e-45
7.00649e-45
4.2039e-45
1.4013e-45
-1.4013e-45
-4.2039e-45
-7.00649e-45
-9.80909e-45
-1.26117e-44
-1.4013e-44
-1.54143e-44
-1.68156e-44
-1.82169e-44
-1.82169e-44
-1.82169e-44
-1.82169e-44
-1.68156e-44
-1.54143e-44
-1.4013e-44
-1.26117e-44
-1.12104e-44
-9.80909e-45
-7.00649e-45
-4.2039e-45
-1.4013e-45
1.4013e-45
4.2039e-45
7.00649e-45
9.80909e-45
1.26117e-44
1.4013e-44
1.54143e-44
1.68156e-44
1.82169e-44
1.82169e-44
1.82169e-44
1.82169e-44
1.68156e-44
1.54143e-44
1.4013e-44
1.26117e-44
1.12104e-44
9.80909e-45
7.00649e-45
4.2039e-45
1.4013e-45
-1.4013e-45
-4.2039e-45
-7.00649e-45
-9.80909e-45
-1.26117e-44
-1.4013e-44
-1.54143e-44
-1.68156e-44
-1.82169e-44
-1.82169e-44
-1.82169e-44
-1.82169e-44
-1.68156e-44
-1.54143e-44
-1.4013e-44
-1.26117e-44
-1.12104e-44
-9.80909e-45
-7.00649e-45
-4.2039e-45
-1.4013e-45
1.4013e-45
4.2039e-45
7.00649e-45
9.80909e-45
1.26117e-44
1.4013e-44
1.54143e-44
1.68156e-44
1.82169e-44
1.82169e-44
1.82169e-44
1.82169e-44
1.68156e-44
1.54143e-44
1.4013e-44
1.26117e-44
1.12104e-44
9.80909e-45
7.00649e-45
4.2039e-45
1.4013e-45
-1.4013e-45
-4.2039e-45
-7.00649e-45
-9.80909e-45
-1.26117e-44
-1.4013e-44
-1.54143e-44
-1.68156e-44
-1.82169e-44
-1.82169e-44
-1.82169e-44
-1.82169e-44
-1.68156e-44
-1.54143e-44
-1.4013e-44
-1.26117e-44
-1.12104e-44
-9.80909e-45
-7.00649e-45
-4.2039e-45
-1.4013e-45
1.4013e-45
4.2039e-45
7.00649e-45
9.80909e-45
1.26117e-44
1.4013e-44
1.54143e-44
1.68156e-44
1.82169e-44
1.82169e-44
1.82169e-44
1.82169e-44
1.68156e-44
1.54143e-44
1.4013e-44
1.26117e-44
1.12104e-44
9.80909e-45
7.00649e-45
4.2039e-45
1.4013e-45
-1.4013e-45
-4.2039e-45
-7.00649e-45
-9.80909e-45
-1.26117e-44
-1.4013e-44
-1.54143e-44
-1.68156e-44
-1.82169e-44
-1.82169e-44
-1.82169e-44
-1.82169e-44
-1.68156e-44
-1.54143e-44
-1.4013e-44
-1.26117e-44
-1.12104e-44
-9.80909e-45
-7.00649e-45
-4.2039e-45
-1.4013e-45
1.4013e-45
4.2039e-45
7.00649e-45
9.80909e-45
1.26117e-44
1.4013e-44
1.54143e-44
1.68156e-44
1.82169e-44
1.82169e-44
1.82169e-44
1.82169e-44
1.68156e-44
1.54143e-44
1.4013e-44
1.26117e-44
1.12104e-44
9.80909e-45
7.00649e-45
4.2039e-45
1.4013e-45
-1.4013e-45
-4.2039e-45
-7.00649e-45
-9.80909e-45
-1.26117e-44
-1.4013e-44
-1.54143e-44
-1.68156e-44
-1.82169e-44
-1.82169e-44
-1.82169e-44
-1.82169e-44
-1.68156e-44
-1.54143e-44
-1.4013e-44
-1.26117e-44
-1.12104e-44
-9.80909e-45
-7.00649e-45
-4.2039e-45
-1.4013e-45
1.4013e-45
4.2039e-45
7.00649e-45
9.80909e-45
1.26117e-44
1.4013e-44
1.54143e-44
1.68156e-44
1.82169e-44
1.82169e-44
1.82169e-44
1.82169e-44
1.68156e-44
1.54143e-44
1.4013e-44
1.26117e-44
1.12104e-44
9.80909e-45
7.00649e-45
4.2039e-45
1.4013e-45
-1.4013e-45
-4.2039e-45
-7.00649e-45
-9.80909e-45
-1.26117e-44
-1.4013e-44
-1.54143e-44
-1.68156e-44
-1.82169e-44
-1.82169e-44
-1.82169e-44
-1.82169e-44
-1.68156e-44
-1.54143e-44
-1.4013e-44
-1.26117e-44
-1.12104e-44
-9.80909e-45
-7.00649e-45
-4.2039e-45
-1.4013e-45
1.4013e-45
4.2039e-45
7.00649e-45
9.80909e-45
1.26117e-44
1.4013e-44
1.54143e-44
1.68156e-44
1.82169e-44
1.82169e-44
1.82169e-44
1.82169e-44
1.68156e-44
1.54143e-44
1.4013e-44
1.26117e-44
1.12104e-44
9.80909e-45
7.00649e-45
4.2039e-45
1.4013e-45
-1.4013e-45
-4.2039e-45
-7.00649e-45
-9.80909e-45
-1.26117e-44
-1.4013e-44
-1.54143e-44
-1.68156e-44
-1.82169e-44
-1.82169e-44
-1.82169e-44
-1.82169e-44
-1.68156e-44
-1.54143e-44
-1.4013e-44
-1.26117e-44
-1.12104e-44
-9.80909e-45
-7.00649e-45
-4.2039e-45
-1.4013e-45
1.4013e-45
4.2039e-45
7.00649e-45
9.80909e-45
1.26117e-44
1.4013e-44
1.54143e-44
1.68156e-44
1.82169e-44
1.82169e-44
1.82169e-44
1.82169e-44
1.68156e-44
1.54143e-44
1.4013e-44
1.26117e-44
1.12104e-44
9.80909e-45
7.00649e-45
4.2039e-45
1.4013e-45
-1.4013e-45
-4.2039e-45
-7.00649e-45
-9.80909e-45
-1.26117e-44
-1.4013e-44
-1.54143e-44
-1.68156e-44
-1.82169e-44
-1.82169e-44
-1.82169e-44
-1.82169e-44
-1.68156e-44
-1.54143e-44
-1.4013e-44
-1.26117e-44
-1.12104e-44
-9.80909e-45
-7.00649e-45
-4.2039e-45
-1.4013e-45
1.4013e-45
4.2039e-45
7.00649e-45
9.80909e-45
1.26117e-44
1.4013e-44
1.54143e-44
1.68156e-44
1.82169e-44
1.82169e-44
1.82169e-44
1.82169e-44
1.68156e-44
1.54143e-44
1.4013e-44
1.26117e-44
1.12104e-44
9.80909e-45
7.00649e-45
4.2039e-45
1.4013e-45
-1.4013e-45
-4.2039e-45
-7.00649e-45
-9.80909e-45
-1.26117e-44
-1.4013e-44
-1.54143e-44
-1.68156e-44
-1.82169e-44
-1.82169e-44
-1.82169e-44
-1.82169e-44
-1.68156e-44
-1.54143e-44
-1.4013e-44
-1.26117e-44
-1.12104e-44
-9.80909e-45
-7.00649e-45
-4.2039e-45
-1.4013e-45
1.4013e-45
4.2039e-45
7.00649e-45
9.80909e-45
1.26117e-44
1.4013e-44
1.54143e-44
1.68156e-44
1.82169e-44
1.82169e-44
1.82169e-44
1.82169e-44
1.68156e-44
1.54143e-44
1.4013e-44
1.26117e-44
1.12104e-44
9.80909e-45
7.00649e-45
4.2039e-45
1.4013e-45
-1.4013e-45
-4.2039e-45
-7.00649e-45
-9.80909e-45
-1.26117e-44
-1.4013e-44
-1.54143e-44
-1.68156e-44
-1.82169e-44
-1.82169e-44
-1.82169e-44
-1.82169e-44
-1.68156e-44
-1.54143e-44
-1.4013e-44
-1.26117e-44
-1.12104e-44
-9.80909e-45
-7.00649e-45
-4.2039e-45
-1.4013e-45
1.4013e-45
4.2039e-45
7.00649e-45
9.80909e-45
1.26117e-44
1.4013e-44
1.54143e-44
1.68156e-44
1.82169e-44
1.82169e-44
1.82169e-44
1.82169e-44
1.68156e-44
1.54143e-44
1.4013e-44
1.26117e-44
1.12104e-44
9.80909e-45
7.00649e-45
4.2039e-45
1.4013e-45
-1.4013e-45
-4.2039e-45
-7.00649e-45
-9.80909e-45
-1.26117e-44
-1.4013e-44
-1.54143e-44
-1.68156e-44
-1.82169e-44
-1.82169e-44
-1.82169e-44
-1.82169e-44
-1.68156e-44
-1.54143e-44
-1.4013e-44
-1.26117e-44
-1.12104e-44
-9.80909e-45
-7.00649e-45
-4.2039e-45
-1.4013e-45
1.4013e-45
4.2039e-45
7.00649e-45
9.80909e-45
1.26117e-44
1.4013e-44
1.54143e-44
1.68156e-44
1.82169e-44
1.82169e-44
1.82169e-44
1.82169e-44
1.68156e-44
1.54143e-44
1.4013e-44
1.26117e-44
1.12104e-44
9.80909e-45
7.00649e-45
4.2039e-45
1.4013e-45
-1.4013e-45
-4.2039e-45
-7.00649e-45
-9.80909e-45
-1.26117e-44
-1.4013e-44
-1.54143e-44
-1.68156e-44
-1.82169e-44
-1.82169e-44
-1.82169e-44
-1.82169e-44
-1.68156e-44
-1.54143e-44
-1.4013e-44
-1.26117e-44
-1.12104e-44
-9.80909e-45
-7.00649e-45
-4.2039e-45
-1.4013e-45
1.4013e-45
4.2039e-45
7.00649e-45
9.80909e-45
1.26117e-44
1.4013e-44
1.54143e-44
1.68156e-44
1.82169e-44
1.82169e-44
1.82169e-44
1.82169e-44
1.68156e-44
1.54143e-44
1.4013e-44
1.26117e-44
1.12104e-44
9.80909e-45
7.00649e-45
4.2039e-45
1.4013e-45
-1.4013e-45
-4.2039e-45
-7.00649e-45
-9.80909e-45
-1.26117e-44
-1.4013e-44
-1.54143e-44
-1.68156e-44
-1.82169e-44
-1.82169e-44
-1.82169e-44
-1.82169e-44
-1.68156e-44
-1.54143e-44
-1.4013e-44
-1.26117e-44
-1.12104e-44
-9.80909e-45
-7.00649e-45
-4.2039e-45
-1.4013e-45
1.4013e-45
4.2039e-45
7.00649e-45
9.80909e-45
1.26117e-44
1.4013e-44
1.54143e-44
1.68156e-44
1.82169e-44
1.82169e-44
1.82169e-44
1.82169e-44
1.68156e-44
1.54143e-44
1.4013e-44
1.26117e-44
1.12104e-44
9.80909e-45
7.00649e-45
4.2039e-45
1.4013e-45
-1.4013e-45
-4.2039e-45
-7.00649e-45
-9.80909e-45
-1.26117e-44
-1.4013e-44
-1.54143e-44
-1.68156e-44
-1.82169e-44
-1.82169e-44
-1.82169e-44
-1.82169e-44
-1.68156e-44
-1.54143e-44
-1.4013e-44
-1.26117e-44
-1.12104e-44
-9.80909e-45
-7.00649e-45
-4.2039e-45
-1.4013e-45
1.4013e-45
4.2039e-45
7.00649e-45
9.80909e-45
1.26117e-44
1.4013e-44
1.54143e-44
1.68156e-44
1.82169e-44
1.82169e-44
1.82169e-44
1.82169e-44
1.68156e-44
1.54143e-44
1.4013e-44
1.26117e-44
1.12104e-44
9.80909e-45
7.00649e-45
4.2039e-45
1.4013e-45
-1.4013e-45
-4.2039e-45
-7.00649e-45
-9.80909e-45
-1.26117e-44
-1.4013e-44
-1.54143e-44
-1.68156e-44
-1.82169e-44
-1.82169e-44
-1.82169e-44
-1.82169e-44
-1.68156e-44
-1.54143e-44
-1.4013e-44
-1.26117e-44
-1.12104e-44
-9.80909e-45
-7.00649e-45
-4.2039e-45
-1.4013e-45
1.4013e-45
4.2039e-45
7.00649e-45
9.80909e-45
1.26117e-44
1.4013e-44
1.54143e-44
1.68156e-44
1.82169e-44
1.82169e-44
1.82169e-44
1.82169e-44
1.68156e-44
1.54143e-44
1.4013e-44
1.26117e-44
1.12104e-44
9.80909e-45
7.00649e-45
4.2039e-45
1.4013e-45
-1.4013e-45
-4.2039e-45
-7.00649e-45
-9.80909e-45
-1.26117e-44
-1.4013e-44
-1.54143e-44
-1.68156e-44
-1.82169e-44
-1.82169e-44
-1.82169e-44
-1.82169e-44
-1.68156e-44
-1.54143e-44
-1.4013e-44
-1.26117e-44
-1.12104e-44
-9.80909e-45
-7.00649e-45
-4.2039e-45
-1.4013e-45
1.4013e-45
4.2039e-45
7.00649e-45
9.80909e-45
1.26117e-44
1.4013e-44
1.54143e-44
1.68156e-44
1.82169e-44
1.82169e-44
1.82169e-44
1.82169e-44
1.68156e-44
1.54143e-44
1.4013e-44
1.26117e-44
1.12104e-44
9.80909e-45
7.00649e-45
4.2039e-45
1.4013e-45
-1.4013e-45
-4.2039e-45
-7.00649e-45
-9.80909e-45
-1.26117e-44
-1.4013e-44
-1.54143e-44
-1.68156e-44
-1.82169e-44
-1.82169e-44
-1.82169e-44
-1.82169e-44
-1.68156e-44
-1.54143e-44
-1.4013e-44
-1.26117e-44
-1.12104e-44
-9.80909e-45
-7.00649e-45
-4.2039e-45
-1.4013e-45
1.4013e-45
4.2039e-45
7.00649e-45
9.80909e-45
1.26117e-44
1.4013e-44
1.54143e-44
1.68156e-44
1.82169e-44
1.82169e-44
1.82169e-44
1.82169e-44
1.68156e-44
1.54143e-44
1.4013e-44
1.26117e-44
1.12104e-44
9.80909e-45
7.00649e-45
4.2039e-45
1.4013e-45
-1.4013e-45
-4.2039e-45
-7.00649e-45
-9.80909e-45
-1.26117e-44
-1.4013e-44
-1.54143e-44
-1.68156e-44
-1.82169e-44
-1.82169e-44
-1.82169e-44
-1.82169e-44
-1.68156e-44
-1.54143e-44
-1.4013e-44
-1.26117e-44
-1.12104e-44
-9.80909e-45
-7.00649e-45
-4.2039e-45
-1.4013e-45
1.4013e-45
4.2039e-45
7.00649e-45
9.80909e-45
1.26117e-44
1.4013e-44
1.54143e-44
1.68156e-44
1.82169e-44
1.82169e-44
1.82169e-44
1.82169e-44
1.68156e-44
1.54143e-44
1.4013e-44
1.26117e-44
1.12104e-44
9.80909e-45
7.00649e-45
4.2039e-45
1.4013e-45
-1.4013e-45
-4.2039e-45
-7.00649e-45
-9.80909e-45
-1.26117e-44
-1.4013e-44
-1.54143e-44
-1.68156e-44
-1.82169e-44
-1.82169e-44
-1.82169e-44
-1.82169e-44
-1.68156e-44
-1.54143e-44
-1.4013e-44
-1.26117e-44
-1.12104e-44
-9.80909e-45
-7.00649e-45
-4.2039e-45
-1.4013e-45
1.4013e-45
4.2039e-45
7.00649e-45
9.80909e-45
1.26117e-44
1.4013e-44
1.54143e-44
1.68156e-44
1.82169e-44
1.82169e-44
1.82169e-44
1.82169e-44
1.68156e-44
1.54143e-44
1.4013e-44
1.26117e-44
1.12104e-44
9.80909e-45
7.00649e-45
4.2039e-45
1.4013e-45
-1.4013e-45
-4.2039e-45
-7.00649e-45
-9.80909e-45
-1.26117e-44
-1.4013e-44
-1.54143e-44
-1.68156e-44
-1.82169e-44
-1.82169e-44
-1.82169e-44
-1.82169e-44
-1.68156e-44
-1.54143e-44
-1.4013e-44
-1.26117e-44
-1.12104e-44
-9.80909e-45
-7.00649e-45
-4.2039e-45
-1.4013e-45
1.4013e-45
4.2039e-45
7.00649e-45
9.80909e-45
1.26117e-44
1.4013e-44
1.54143e-44
1.68156e-44
1.82169e-44
1.82169e-44
1.82169e-44
1.82169e-44
1.68156e-44
1.54143e-44
1.4013e-44
1.26117e-44
1.12104e-44
9.80909e-45
7.00649e-45
4.2039e-45
1.4013e-45
-1.4013e-45
-4.2039e-45
-7.00649e-45
-9.80909e-45
-1.26117e-44
-1.4013e-44
-1.54143e-44
-1.68156e-44
-1.82169e-44
-1.82169e-44
-1.82169e-44
-1.82169e-44
-1.68156e-44
-1.54143e-44
-1.4013e-44
-1.26117e-44
-1.12104e-44
-9.80909e-45
-7.00649e-45
-4.2039e-45
-1.4013e-45
1.4013e-45
4.2039e-45
7.00649e-45
9.80909e-45
1.26117e-44
1.4013e-44
1.54143e-44
1.68156e-44
1.82169e-44
1.82169e-44
1.82169e-44
1.82169e-44
1.68156e-44
1.54143e-44
1.4013e-44
1.26117e-44
1.12104e-44
9.80909e-45
7.00649e-45
4.2039e-45
1.4013e-45
-1.4013e-45
-4.2039e-45
-7.00649e-45
-9.80909e-45
-1.26117e-44
-1.4013e-44
-1.54143e-44
-1.68156e-44
-1.82169e-44
-1.82169e-44
-1.82169e-44
-1.82169e-44
-1.68156e-44
-1.54143e-44
-1.4013e-44
-1.26117e-44
-1.12104e-44
-9.80909e-45
-7.00649e-45
-4.2039e-45
-1.4013e-45
1.4013e-45
4.2039e-45
7.00649e-45
9.80909e-45
1.26117e-44
1.4013e-44
1.54143e-44
1.68156e-44
1.82169e-44
1.82169e-44
1.82169e-44
1.82169e-44
1.68156e-44
1.54143e-44
1.4013e-44
1.26117e-44
1.12104e-44
9.80909e-45
7.00649e-45
4.2039e-45
1.4013e-45
-1.4013e-45
-4.2039e-45
-7.00649e-45
-9.80909e-45
-1.26117e-44
-1.4013e-44
-1.54143e-44
-1.68156e-44
-1.82169e-44
-1.82169e-44
-1.82169e-44
-1.82169e-44
-1.68156e-44
-1.54143e-44
-1.4013e-44
-1.26117e-44
-1.12104e-44
-9.80909e-45
-7.00649e-45
-4.2039e-45
-1.4013e-45
1.4013e-45
4.2039e-45
7.00649e-45
9.80909e-45
1.26117e-44
1.4013e-44
1.54143e-44
1.68156e-44
1.82169e-44
1.82169e-44
1.82169e-44
1.82169e-44
1.68156e-44
1.54143e-44
1.4013e-44
1.26117e-44
1.12104e-44
9.80909e-45
7.00649e-45
4.2039e-45
1.4013e-45
-1.4013e-45
-4.2039e-45
-7.00649e-45
-9.80909e-45
-1.26117e-44
-1.4013e-44
-1.54143e-44
-1.68156e-44
-1.82169e-44
-1.82169e-44
-1.82169e-44
-1.82169e-44
-1.68156e-44
-1.54143e-44
-1.4013e-44
-1.26117e-44
-1.12104e-44
-9.80909e-45
-7.00649e-45
-4.2039e-45
-1.4013e-45
1.4013e-45
4.2039e-45
7.00649e-45
9.80909e-45
1.26117e-44
1.4013e-44
1.54143e-44
1.68156e-44
1.82169e-44
1.82169e-44
1.82169e-44
1.82169e-44
1.68156e-44
1.54143e-44
1.4013e-44
1.26117e-44
1.12104e-44
9.80909e-45
7.00649e-45
4.2039e-45
1.4013e-45
-1.4013e-45
-4.2039e-45
-7.00649e-45
-9.80909e-45
-1.26117e-44
-1.4013e-44
-1.54143e-44
-1.68156e-44
-1.82169e-44
-1.82169e-44
-1.82169e-44
-1.82169e-44
-1.68156e-44
-1.54143e-44
-1.4013e-44
-1.26117e-44
-1.12104e-44
-9.80909e-45
-7.00649e-45
-4.2039e-45
-1.4013e-45
1.4013e-45
4.2039e-45
7.00649e-45
9.80909e-45
1.26117e-44
1.4013e-44
1.54143e-44
1.68156e-44
1.82169e-44
1.82169e-44
1.82169e-44
1.82169e-44
1.68156e-44
1.54143e-44
1.4013e-44
1.26117e-44
1.12104e-44
9.80909e-45
7.00649e-45
4.2039e-45
1.4013e-45
-1.4013e-45
-4.2039e-45
-7.00649e-45
-9.80909e-45
-1.26117e-44
-1.4013e-44
-1.54143e-44
-1.68156e-44
-1.82169e-44
-1.82169e-44
-1.82169e-44
-1.82169e-44
-1.68156e-44
-1.54143e-44
-1.4013e-44
-1.26117e-44
-1.12104e-44
-9.80909e-45
-7.00649e-45
-4.2039e-45
-1.4013e-45
1.4013e-45
4.2039e-45
7.00649e-45
9.80909e-45
1.26117e-44
1.4013e-44
1.54143e-44
1.68156e-44
1.82169e-44
1.82169e-44
1.82169e-44
1.82169e-44
1.68156e-44
1.54143e-44
1.4013e-44
1.26117e-44
1.12104e-44
9.80909e-45
7.00649e-45
4.2039e-45
1.4013e-45
-1.4013e-45
-4.2039e-45
-7.00649e-45
-9.80909e-45
-1.26117e-44
-1.4013e-44
-1.54143e-44
-1.68156e-44
-1.82169e-44
-1.82169e-44
-1.82169e-44
-1.82169e-44
-1.68156e-44
-1.54143e-44
-1.4013e-44
-1.26117e-44
-1.12104e-44
-9.80909e-45
-7.00649e-45
-4.2039e-45
-1.4013e-45
1.4013e-45
4.2039e-45
7.00649e-45
9.80909e-45
1.26117e-44
1.4013e-44
1.54143e-44
1.68156e-44
1.82169e-44
1.82169e-44
1.82169e-44
1.82169e-44
1.68156e-44
1.54143e-44
1.4013e-44
1.26117e-44
1.12104e-44
9.80909e-45
7.00649e-45
4.2039e-45
1.4013e-45
-1.4013e-45
-4.2039e-45
-7.00649e-45
-9.80909e-45
-1.26117e-44
-1.4013e-44
-1.54143e-44
-1.68156e-44
-1.82169e-44
-1.82169e-44
-1.82169e-44
-1.82169e-44
-1.68156e-44
-1.54143e-44
-1.4013e-44
-1.26117e-44
-1.12104e-44
-9.80909e-45
-7.00649e-45
-4.2039e-45
-1.4013e-45
1.4013e-45
4.2039e-45
7.00649e-45
9.80909e-45
1.26117e-44
1.4013e-44
1.54143e-44
1.68156e-44
1.82169e-44
1.82169e-44
1.82169e-44
1.82169e-44
1.68156e-44
1.54143e-44
1.4013e-44
1.26117e-44
1.12104e-44
9.80909e-45
7.00649e-45
4.2039e-45
1.4013e-45
-1.4013e-45
-4.2039e-45
-7.00649e-45
-9.80909e-45
-1.26117e-44
-1.4013e-44
-1.54143e-44
-1.68156e-44
-1.82169e-44
-1.82169e-44
-1.82169e-44
-1.82169e-44
-1.68156e-44
-1.54143e-44
-1.4013e-44
-1.26117e-44
-1.12104e-44
-9.80909e-45
-7.00649e-45
-4.2039e-45
-1.4013e-45
1.4013e-45
4.2039e-45
7.00649e-45
9.80909e-45
1.26117e-44
1.4013e-44
1.54143e-44
1.68156e-44
1.82169e-44
1.82169e-44
1.82169e-44
1.82169e-44
1.68156e-44
1.54143e-44
1.4013e-44
1.26117e-44
1.12104e-44
9.80909e-45
7.00649e-45
4.2039e-45
1.4013e-45
-1.4013e-45
-4.2039e-45
-7.00649e-45
-9.80909e-45
-1.26117e-44
-1.4013e-44
-1.54143e-44
-1.68156e-44
-1.82169e-44
-1.82169e-44
-1.82169e-44
-1.82169e-44
-1.68156e-44
-1.54143e-44
-1.4013e-44
-1.26117e-44
-1.12104e-44
-9.80909e-45
-7.00649e-45
-4.2039e-45
-1.4013e-45
1.4013e-45
4.2039e-45
7.00649e-45
9.80909e-45
1.26117e-44
1.4013e-44
1.54143e-44
1.68156e-44
1.82169e-44
1.82169e-44
1.82169e-44
1.82169e-44
1.68156e-44
1.54143e-44
1.4013e-44
1.26117e-44
1.12104e-44
9.80909e-45
7.00649e-45
4.2039e-45
1.4013e-45
-1.4013e-45
-4.2039e-45
-7.00649e-45
-9.80909e-45
-1.26117e-44
-1.4013e-44
-1.54143e-44
-1.68156e-44
-1.82169e-44
-1.82169e-44
-1.82169e-44
-1.82169e-44
-1.68156e-44
-1.54143e-44
-1.4013e-44
-1.26117e-44
-1.12104e-44
-9.80909e-45
-7.00649e-45
-4.2039e-45
-1.4013e-45
1.4013e-45
4.2039e-45
7.00649e-45
9.80909e-45
1.26117e-44
1.4013e-44
1.54143e-44
1.68156e-44
1.82169e-44
1.82169e-44
1.82169e-44
1.82169e-44
1.68156e-44
1.54143e-44
1.4013e-44
1.26117e-44
1.12104e-44
9.80909e-45
7.00649e-45
4.2039e-45
1.4013e-45
-1.4013e-45
-4.2039e-45
-7.00649e-45
-9.80909e-45
-1.26117e-44
-1.4013e-44
-1.54143e-44
-1.68156e-44
-1.82169e-44
-1.82169e-44
-1.82169e-44
-1.82169e-44
-1.68156e-44
-1.54143e-44
-1.4013e-44
-1.26117e-44
-1.12104e-44
-9.80909e-45
-7.00649e-45
-4.2039e-45
-1.4013e-45
1.4013e-45
4.2039e-45
7.00649e-45
9.80909e-45
1.26117e-44
1.4013e-44
1.54143e-44
1.68156e-44
1.82169e-44
1.82169e-44
1.82169e-44
1.82169e-44
1.68156e-44
1.54143e-44
1.4013e-44
1.26117e-44
1.12104e-44
9.80909e-45
7.00649e-45
4.2039e-45
1.4013e-45
-1.4013e-45
-4.2039e-45
-7.00649e-45
-9.80909e-45
-1.26117e-44
-1.4013e-44
-1.54143e-44
-1.68156e-44
-1.82169e-44
-1.82169e-44
-1.82169e-44
-1.82169e-44
-1.68156e-44
-1.54143e-44
-1.4013e-44
-1.26117e-44
-1.12104e-44
-9.80909e-45
-7.00649e-45
-4.2039e-45
-1.4013e-45
1.4013e-45
4.2039e-45
7.00649e-45
9.80909e-45
1.26117e-44
1.4013e-44
1.54143e-44
1.68156e-44
1.82169e-44
1.82169e-44
1.82169e-44
1.82169e-44
1.68156e-44
1.54143e-44
1.4013e-44
1.26117e-44
1.12104e-44
9.80909e-45
7.00649e-45
4.2039e-45
1.4013e-45
-1.4013e-45
-4.2039e-45
-7.00649e-45
-9.80909e-45
-1.26117e-44
-1.4013e-44
-1.54143e-44
-1.68156e-44
-1.82169e-44
-1.82169e-44
-1.82169e-44
-1.82169e-44
-1.68156e-44
-1.54143e-44
-1.4013e-44
-1.26117e-44
-1.12104e-44
-9.80909e-45
-7.00649e-45
-4.2039e-45
-1.4013e-45
1.4013e-45
4.2039e-45
7.00649e-45
9.80909e-45
1.26117e-44
1.4013e-44
1.54143e-44
1.68156e-44
1.82169e-44
1.82169e-44
1.82169e-44
1.82169e-44
1.68156e-44
1.54143e-44
1.4013e-44
1.26117e-44
1.12104e-44
9.80909e-45
7.00649e-45
4.2039e-45
1.4013e-45
-1.4013e-45
-4.2039e-45
-7.00649e-45
-9.80909e-45
-1.26117e-44
-1.4013e-44
-1.54143e-44
-1.68156e-44
-1.82169e-44
-1.82169e-44
-1.82169e-44
-1.82169e-44
-1.68156e-44
-1.54143e-44
-1.4013e-44
-1.26117e-44
-1.12104e-44
-9.80909e-45
-7.00649e-45
-4.2039e-45
-1.4013e-45
1.4013e-45
4.2039e-45
7.00649e-45
9.80909e-45
1.26117e-44
1.4013e-44
1.54143e-44
1.68156e-44
1.82169e-44
1.82169e-44
1.82169e-44
1.82169e-44
1.68156e-44
1.54143e-44
1.4013e-44
1.26117e-44
1.12104e-44
9.80909e-45
7.00649e-45
4.2039e-45
1.4013e-45
-1.4013e-45
-4.2039e-45
-7.00649e-45
-9.80909e-45
-1.26117e-44
-1.4013e-44
-1.54143e-44
-1.68156e-44
-1.82169e-44
-1.82169e-44
-1.82169e-44
-1.82169e-44
-1.68156e-44
-1.54143e-44
-1.4013e-44
-1.26117e-44
-1.12104e-44
-9.80909e-45
-7.00649e-45
-4.2039e-45
-1.4013e-45
1.4013e-45
4.2039e-45
7.00649e-45
9.80909e-45
1.26117e-44
1.4013e-44
1.54143e-44
1.68156e-44
1.82169e-44
1.82169e-44
1.82169e-44
1.82169e-44
1.68156e-44
1.54143e-44
1.4013e-44
1.26117e-44
1.12104e-44
9.80909e-45
7.00649e-45
4.2039e-45
1.4013e-45
-1.4013e-45
-4.2039e-45
-7.00649e-45
-9.80909e-45
-1.26117e-44
-1.4013e-44
-1.54143e-44
-1.68156e-44
-1.82169e-44
-1.82169e-44
-1.82169e-44
-1.82169e-44
-1.68156e-44
-1.54143e-44
-1.4013e-44
-1.26117e-44
-1.12104e-44
-9.80909e-45
-7.00649e-45
-4.2039e-45
-1.4013e-45
1.4013e-45
4.2039e-45
7.00649e-45
9.80909e-45
1.26117e-44
1.4013e-44
1.54143e-44
1.68156e-44
1.82169e-44
1.82169e-44
1.82169e-44
1.82169e-44
1.68156e-44
1.54143e-44
1.4013e-44
1.26117e-44
1.12104e-44
9.80909e-45
7.00649e-45
4.2039e-45
1.4013e-45
-1.4013e-45
-4.2039e-45
-7.00649e-45
-9.80909e-45
-1.26117e-44
-1.4013e-44
-1.54143e-44
-1.68156e-44
-1.82169e-44
-1.82169e-44
-1.82169e-44
-1.82169e-44
-1.68156e-44
-1.54143e-44
-1.4013e-44
-1.26117e-44
-1.12104e-44
-9.80909e-45
-7.00649e-45
-4.2039e-45
-1.4013e-45
1.4013e-45
4.2039e-45
7.00649e-45
9.80909e-45
1.26117e-44
1.4013e-44
1.54143e-44
1.68156e-44
1.82169e-44
1.82169e-44
1.82169e-44
1.82169e-44
1.68156e-44
1.54143e-44
1.4013e-44
1.26117e-44
1.12104e-44
9.80909e-45
7.00649e-45
4.2039e-45
1.4013e-45
-1.4013e-45
-4.2039e-45
-7.00649e-45
-9.80909e-45
-1.26117e-44
-1.4013e-44
-1.54143e-44
-1.68156e-44
-1.82169e-44
-1.82169e-44
-1.82169e-44
-1.82169e-44
-1.68156e-44
-1.54143e-44
-1.4013e-44
-1.26117e-44
-1.12104e-44
-9.80909e-45
-7.00649e-45
-4.2039e-45
-1.4013e-45
1.4013e-45
4.2039e-45
7.00649e-45
9.80909e-45
1.26117e-44
1.4013e-44
1.54143e-44
1.68156e-44
1.82169e-44
1.82169e-44
1.82169e-44
1.82169e-44
1.68156e-44
1.54143e-44
1.4013e-44
1.26117e-44
1.12104e-44
9.80909e-45
7.00649e-45
4.2039e-45
1.4013e-45
-1.4013e-45
-4.2039e-45
-7.00649e-45
-9.80909e-45
-1.26117e-44
-1.4013e-44
-1.54143e-44
-1.68156e-44
-1.82169e-44
-1.82169e-44
-1.82169e-44
-1.82169e-44
-1.68156e-44
-1.54143e-44
-1.4013e-44
-1.26117e-44
-1.12104e-44
-9.80909e-45
-7.00649e-45
-4.2039e-45
-1.4013e-45
1.4013e-45
4.2039e-45
7.00649e-45
9.80909e-45
1.26117e-44
1.4013e-44
1.54143e-44
1.68156e-44
1.82169e-44
1.82169e-44
1.82169e-44
1.82169e-44
1.68156e-44
1.54143e-44
1.4013e-44
1.26117e-44
1.12104e-44
9.80909e-45
7.00649e-45
4.2039e-45
1.4013e-45
-1.4013e-45
-4.2039e-45
-7.00649e-45
-9.80909e-45
-1.26117e-44
-1.4013e-44
-1.54143e-44
-1.68156e-44
-1.82169e-44
-1.82169e-44
-1.82169e-44
-1.82169e-44
-1.68156e-44
-1.54143e-44
-1.4013e-44
-1.26117e-44
-1.12104e-44
-9.80909e-45
-7.00649e-45
-4.2039e-45
-1.4013e-45
1.4013e-45
4.2039e-45
7.00649e-45
9.80909e-45
1.26117e-44
1.4013e-44
1.54143e-44
1.68156e-44
1.82169e-44
1.82169e-44
1.82169e-44
1.82169e-44
1.68156e-44
1.54143e-44
1.4013e-44
1.26117e-44
1.12104e-44
9.80909e-45
7.00649e-45
4.2039e-45
1.4013e-45
-1.4013e-45
-4.2039e-45
-7.00649e-45
-9.80909e-45
-1.26117e-44
-1.4013e-44
-1.54143e-44
-1.68156e-44
-1.82169e-44
-1.82169e-44
-1.82169e-44
-1.82169e-44
-1.68156e-44
-1.54143e-44
-1.4013e-44
-1.26117e-44
-1.12104e-44
-9.80909e-45
-7.00649e-45
-4.2039e-45
-1.4013e-45
1.4013e-45
4.2039e-45
7.00649e-45
9.80909e-45
1.26117e-44
1.4013e-44
1.54143e-44
1.68156e-44
1.82169e-44
1.82169e-44
1.82169e-44
1.82169e-44
1.68156e-44
1.54143e-44
1.4013e-44
1.26117e-44
1.12104e-44
9.80909e-45
7.00649e-45
4.2039e-45
1.4013e-45
-1.4013e-45
-4.2039e-45
-7.00649e-45
-9.80909e-45
-1.26117e-44
-1.4013e-44
-1.54143e-44
-1.68156e-44
-1.82169e-44
-1.82169e-44
-1.82169e-44
-1.82169e-44
-1.68156e-44
-1.54143e-44
-1.4013e-44
-1.26117e-44
-1.12104e-44
-9.80909e-45
-7.00649e-45
-4.2039e-45
-1.4013e-45
1.4013e-45
4.2039e-45
7.00649e-45
9.80909e-45
1.26117e-44
1.4013e-44
1.54143e-44
1.68156e-44
1.82169e-44
1.82169e-44
1.82169e-44
1.82169e-44
1.68156e-44
1.54143e-44
1.4013e-44
1.26117e-44
1.12104e-44
9.80909e-45
7.00649e-45
4.2039e-45
1.4013e-45
-1.4013e-45
-4.2039e-45
-7.00649e-45
-9.80909e-45
-1.26117e-44
-1.4013e-44
-1.54143e-44
-1.68156e-44
-1.82169e-44
-1.82169e-44
-1.82169e-44
-1.82169e-44
-1.68156e-44
-1.54143e-44
-1.4013e-44
-1.26117e-44
-1.12104e-44
-9.80909e-45
-7.00649e-45
-4.2039e-45
-1.4013e-45
1.4013e-45
4.2039e-45
7.00649e-45
9.80909e-45
1.26117e-44
1.4013e-44
1.54143e-44
1.68156e-44
1.82169e-44
1.82169e-44
1.82169e-44
1.82169e-44
1.68156e-44
1.54143e-44
1.4013e-44
1.26117e-44
1.12104e-44
9.80909e-45
7.00649e-45
4.2039e-45
1.4013e-45
-1.4013e-45
-4.2039e-45
-7.00649e-45
-9.80909e-45
-1.26117e-44
-1.4013e-44
-1.54143e-44
-1.68156e-44
-1.82169e-44
-1.82169e-44
-1.82169e-44
-1.82169e-44
-1.68156e-44
-1.54143e-44
-1.4013e-44
-1.26117e-44
-1.12104e-44
-9.80909e-45
-7.00649e-45
-4.2039e-45
-1.4013e-45
1.4013e-45
4.2039e-45
7.00649e-45
9.80909e-45
1.26117e-44
1.4013e-44
1.54143e-44
1.68156e-44
1.82169e-44
1.82169e-44
1.82169e-44
1.82169e-44
1.68156e-44
1.54143e-44
1.4013e-44
1.26117e-44
1.12104e-44
9.80909e-45
7.00649e-45
4.2039e-45
1.4013e-45
-1.4013e-45
-4.2039e-45
-7.00649e-45
-9.80909e-45
-1.26117e-44
-1.4013e-44
-1.54143e-44
-1.68156e-44
-1.82169e-44
-1.82169e-44
-1.82169e-44
-1.82169e-44
-1.68156e-44
-1.54143e-44
-1.4013e-44
-1.26117e-44
-1.12104e-44
-9.80909e-45
-7.00649e-45
-4.2039e-45
-1.4013e-45
1.4013e-45
4.2039e-45
7.00649e-45
9.80909e-45
1.26117e-44
1.4013e-44
1.54143e-44
1.68156e-44
1.82169e-44
1.82169e-44
1.82169e-44
1.82169e-44
1.68156e-44
1.54143e-44
1.4013e-44
1.26117e-44
1.12104e-44
9.80909e-45
7.00649e-45
4.2039e-45
1.4013e-45
-1.4013e-45
-4.2039e-45
-7.00649e-45
-9.80909e-45
-1.26117e-44
-1.4013e-44
-1.54143e-44
-1.68156e-44
-1.82169e-44
-1.82169e-44
-1.82169e-44
-1.82169e-44
-1.68156e-44
-1.54143e-44
-1.4013e-44
-1.26117e-44
-1.12104e-44
-9.80909e-45
-7.00649e-45
-4.2039e-45
-1.4013e-45
1.4013e-45
4.2039e-45
7.00649e-45
9.80909e-45
1.26117e-44
1.4013e-44
1.54143e-44
1.68156e-44
1.82169e-44
1.82169e-44
1.82169e-44
1.82169e-44
1.68156e-44
1.54143e-44
1.4013e-44
1.26117e-44
1.12104e-44
9.80909e-45
7.00649e-45
4.2039e-45
1.4013e-45
-1.4013e-45
-4.2039e-45
-7.00649e-45
-9.80909e-45
-1.26117e-44
-1.4013e-44
-1.54143e-44
-1.68156e-44
-1.82169e-44
-1.82169e-44
-1.82169e-44
-1.82169e-44
-1.68156e-44
-1.54143e-44
-1.4013e-44
-1.26117e-44
-1.12104e-44
-9.80909e-45
-7.00649e-45
-4.2039e-45
-1.4013e-45
1.4013e-45
4.2039e-45
7.00649e-45
9.80909e-45
1.26117e-44
1.4013e-44
1.54143e-44
1.68156e-44
1.82169e-44
1.82169e-44
1.82169e-44
1.82169e-44
1.68156e-44
1.54143e-44
1.4013e-44
1.26117e-44
1.12104e-44
9.80909e-45
7.00649e-45
4.2039e-45
1.4013e-45
-1.4013e-45
-4.2039e-45
-7.00649e-45
-9.80909e-45
-1.26117e-44
-1.4013e-44
-1.54143e-44
-1.68156e-44
-1.82169e-44
-1.82169e-44
-1.82169e-44
-1.82169e-44
-1.68156e-44
-1.54143e-44
-1.4013e-44
-1.26117e-44
-1.12104e-44
-9.80909e-45
-7.00649e-45
-4.2039e-45
-1.4013e-45
1.4013e-45
4.2039e-45
7.00649e-45
9.80909e-45
1.26117e-44
1.4013e-44
1.54143e-44
1.68156e-44
1.82169e-44
1.82169e-44
1.82169e-44
1.82169e-44
1.68156e-44
1.54143e-44
1.4013e-44
1.26117e-44
1.12104e-44
9.80909e-45
7.00649e-45
4.2039e-45
1.4013e-45
-1.4013e-45
-4.2039e-45
-7.00649e-45
-9.80909e-45
-1.26117e-44
-1.4013e-44
-1.54143e-44
-1.68156e-44
-1.82169e-44
-1.82169e-44
-1.82169e-44
-1.82169e-44
-1.68156e-44
-1.54143e-44
-1.4013e-44
-1.26117e-44
-1.12104e-44
-9.80909e-45
-7.00649e-45
-4.2039e-45
-1.4013e-45
1.4013e-45
4.2039e-45
7.00649e-45
9.80909e-45
1.26117e-44
1.4013e-44
1.54143e-44
1.68156e-44
1.82169e-44
1.82169e-44
1.82169e-44
1.82169e-44
1.68156e-44
1.54143e-44
1.4013e-44
1.26117e-44
1.12104e-44
9.80909e-45
7.00649e-45
4.2039e-45
1.4013e-45
-1.4013e-45
-4.2039e-45
-7.00649e-45
-9.80909e-45
-1.26117e-44
-1.4013e-44
-1.54143e-44
-1.68156e-44
-1.82169e-44
-1.82169e-44
-1.82169e-44
-1.82169e-44
-1.68156e-44
-1.54143e-44
-1.4013e-44
-1.26117e-44
-1.12104e-44
-9.80909e-45
-7.00649e-45
-4.2039e-45
-1.4013e-45
1.4013e-45
4.2039e-45
7.00649e-45
9.80909e-45
1.26117e-44
1.4013e-44
1.54143e-44
1.68156e-44
1.82169e-44
1.82169e-44
1.82169e-44
1.82169e-44
1.68156e-44
1.54143e-44
1.4013e-44
1.26117e-44
1.12104e-44
9.80909e-45
7.00649e-45
4.2039e-45
1.4013e-45
-1.4013e-45
-4.2039e-45
-7.00649e-45
-9.80909e-45
-1.26117e-44
-1.4013e-44
-1.54143e-44
-1.68156e-44
-1.82169e-44
-1.82169e-44
-1.82169e-44
-1.82169e-44
-1.68156e-44
-1.54143e-44
-1.4013e-44
-1.26117e-44
-1.12104e-44
-9.80909e-45
-7.00649e-45
-4.2039e-45
-1.4013e-45
1.4013e-45
4.2039e-45
7.00649e-45
9.80909e-45
1.26117e-44
1.4013e-44
1.54143e-44
1.68156e-44
1.82169e-44
1.82169e-44
1.82169e-44
1.82169e-44
1.68156e-44
1.54143e-44
1.4013e-44
1.26117e-44
1.12104e-44
9.80909e-45
7.00649e-45
4.2039e-45
1.4013e-45
-1.4013e-45
-4.2039e-45
-7.00649e-45
-9.80909e-45
-1.26117e-44
-1.4013e-44
-1.54143e-44
-1.68156e-44
-1.82169e-44
-1.82169e-44
-1.82169e-44
-1.82169e-44
-1.68156e-44
-1.54143e-44
-1.4013e-44
-1.26117e-44
-1.12104e-44
-9.80909e-45
-7.00649e-45
-4.2039e-45
-1.4013e-45
1.4013e-45
4.2039e-45
7.00649e-45
9.80909e-45
1.26117e-44
1.4013e-44
1.54143e-44
1.68156e-44
1.82169e-44
1.82169e-44
1.82169e-44
1.82169e-44
1.68156e-44
1.54143e-44
1.4013e-44
1.26117e-44
1.12104e-44
9.80909e-45
7.00649e-45
4.2039e-45
1.4013e-45
-1.4013e-45
-4.2039e-45
-7.00649e-45
-9.80909e-45
-1.26117e-44
-1.4013e-44
-1.54143e-44
-1.68156e-44
-1.82169e-44
-1.82169e-44
-1.82169e-44
-1.82169e-44
-1.68156e-44
-1.54143e-44
-1.4013e-44
-1.26117e-44
-1.12104e-44
-9.80909e-45
-7.00649e-45
-4.2039e-45
-1.4013e-45
1.4013e-45
4.2039e-45
7.00649e-45
9.80909e-45
1.26117e-44
1.4013e-44
1.54143e-44
1.68156e-44
1.82169e-44
1.82169e-44
1.82169e-44
1.82169e-44
1.68156e-44
1.54143e-44
1.4013e-44
1.26117e-44
1.12104e-44
9.80909e-45
7.00649e-45
4.2039e-45
1.4013e-45
-1.4013e-45
-4.2039e-45
-7.00649e-45
-9.80909e-45
-1.26117e-44
-1.4013e-44
-1.54143e-44
-1.68156e-44
-1.82169e-44
-1.82169e-44
-1.82169e-44
-1.82169e-44
-1.68156e-44
-1.54143e-44
-1.4013e-44
-1.26117e-44
-1.12104e-44
-9.80909e-45
-7.00649e-45
-4.2039e-45
-1.4013e-45
1.4013e-45
4.2039e-45
7.00649e-45
9.80909e-45
1.26117e-44
1.4013e-44
1.54143e-44
1.68156e-44
1.82169e-44
1.82169e-44
1.82169e-44
1.82169e-44
1.68156e-44
1.54143e-44
1.4013e-44
1.26117e-44
1.12104e-44
9.80909e-45
7.00649e-45
4.2039e-45
1.4013e-45
-1.4013e-45
-4.2039e-45
-7.00649e-45
-9.80909e-45
-1.26117e-44
-1.4013e-44
-1.54143e-44
-1.68156e-44
-1.82169e-44
-1.82169e-44
-1.82169e-44
-1.82169e-44
-1.68156e-44
-1.54143e-44
-1.4013e-44
-1.26117e-44
-1.12104e-44
-9.80909e-45
-7.00649e-45
-4.2039e-45
-1.4013e-45
1.4013e-45
4.2039e-45
7.00649e-45
9.80909e-45
1.26117e-44
1.4013e-44
1.54143e-44
1.68156e-44
1.82169e-44
1.82169e-44
1.82169e-44
1.82169e-44
1.68156e-44
1.54143e-44
1.4013e-44
1.26117e-44
1.12104e-44
9.80909e-45
7.00649e-45
4.2039e-45
1.4013e-45
-1.4013e-45
-4.2039e-45
-7.00649e-45
-9.80909e-45
-1.26117e-44
-1.4013e-44
-1.54143e-44
-1.68156e-44
-1.82169e-44
-1.82169e-44
-1.82169e-44
-1.82169e-44
-1.68156e-44
-1.54143e-44
-1.4013e-44
-1.26117e-44
-1.12104e-44
-9.80909e-45
-7.00649e-45
-4.2039e-45
-1.4013e-45
1.4013e-45
4.2039e-45
7.00649e-45
9.80909e-45
1.26117e-44
1.4013e-44
1.54143e-44
1.68156e-44
1.82169e-44
1.82169e-44
1.82169e-44
1.82169e-44
1.68156e-44
1.54143e-44
1.4013e-44
1.26117e-44
1.12104e-44
9.80909e-45
7.00649e-45
4.2039e-45
1.4013e-45
-1.4013e-45
-4.2039e-45
-7.00649e-45
-9.80909e-45
-1.26117e-44
-1.4013e-44
-1.54143e-44
-1.68156e-44
-1.82169e-44
-1.82169e-44
-1.82169e-44
-1.82169e-44
-1.68156e-44
-1.54143e-44
-1.4013e-44
-1.26117e-44
-1.12104e-44
-9.80909e-45
-7.00649e-45
-4.2039e-45
-1.4013e-45
1.4013e-45
4.2039e-45
7.00649e-45
9.80909e-45
1.26117e-44
1.4013e-44
1.54143e-44
1.68156e-44
1.82169e-44
1.82169e-44
1.82169e-44
1.82169e-44
1.68156e-44
1.54143e-44
1.4013e-44
1.26117e-44
1.12104e-44
9.80909e-45
7.00649e-45
4.2039e-45
1.4013e-45
-1.4013e-45
-4.2039e-45
-7.00649e-45
-9.80909e-45
-1.26117e-44
-1.4013e-44
-1.54143e-44
-1.68156e-44
-1.82169e-44
-1.82169e-44
-1.82169e-44
-1.82169e-44
-1.68156e-44
-1.54143e-44
-1.4013e-44
-1.26117e-44
-1.12104e-44
-9.80909e-45
-7.00649e-45
-4.2039e-45
-1.4013e-45
1.4013e-45
4.2039e-45
7.00649e-45
9.80909e-45
1.26117e-44
1.4013e-44
1.54143e-44
1.68156e-44
1.82169e-44
1.82169e-44
1.82169e-44
1.82169e-44
1.68156e-44
1.54143e-44
1.4013e-44
1.26117e-44
1.12104e-44
9.80909e-45
7.00649e-45
4.2039e-45
1.4013e-45
-1.4013e-45
-4.2039e-45
-7.00649e-45
-9.80909e-45
-1.26117e-44
-1.4013e-44
-1.54143e-44
-1.68156e-44
-1.82169e-44
-1.82169e-44
-1.82169e-44
-1.82169e-44
-1.68156e-44
-1.54143e-44
-1.4013e-44
-1.26117e-44
-1.12104e-44
-9.80909e-45
-7.00649e-45
-4.2039e-45
-1.4013e-45
1.4013e-45
4.2039e-45
7.00649e-45
9.80909e-45
1.26117e-44
1.4013e-44
1.54143e-44
1.68156e-44
1.82169e-44
1.82169e-44
1.82169e-44
1.82169e-44
1.68156e-44
1.54143e-44
1.4013e-44
1.26117e-44
1.12104e-44
9.80909e-45
7.00649e-45
4.2039e-45
1.4013e-45
-1.4013e-45
-4.2039e-45
-7.00649e-45
-9.80909e-45
-1.26117e-44
-1.4013e-44
-1.54143e-44
-1.68156e-44
-1.82169e-44
-1.82169e-44
-1.82169e-44
-1.82169e-44
-1.68156e-44
-1.54143e-44
-1.4013e-44
-1.26117e-44
-1.12104e-44
-9.80909e-45
-7.00649e-45
-4.2039e-45
-1.4013e-45
1.4013e-45
4.2039e-45
7.00649e-45
9.80909e-45
1.26117e-44
1.4013e-44
1.54143e-44
1.68156e-44
1.82169e-44
1.82169e-44
1.82169e-44
1.82169e-44
1.68156e-44
1.54143e-44
1.4013e-44
1.26117e-44
1.12104e-44
9.80909e-45
7.00649e-45
4.2039e-45
1.4013e-45
-1.4013e-45
-4.2039e-45
-7.00649e-45
-9.80909e-45
-1.26117e-44
-1.4013e-44
-1.54143e-44
-1.68156e-44
-1.82169e-44
-1.82169e-44
-1.82169e-44
-1.82169e-44
-1.68156e-44
-1.54143e-44
-1.4013e-44
-1.26117e-44
-1.12104e-44
-9.80909e-45
-7.00649e-45
-4.2039e-45
-1.4013e-45
1.4013e-45
4.2039e-45
7.00649e-45
9.80909e-45
1.26117e-44
1.4013e-44
1.54143e-44
1.68156e-44
1.82169e-44
1.82169e-44
1.82169e-44
1.82169e-44
1.68156e-44
1.54143e-44
1.4013e-44
1.26117e-44
1.12104e-44
9.80909e-45
7.00649e-45
4.2039e-45
1.4013e-45
-1.4013e-45
-4.2039e-45
-7.00649e-45
-9.80909e-45
-1.26117e-44
-1.4013e-44
-1.54143e-44
-1.68156e-44
-1.82169e-44
-1.82169e-44
-1.82169e-44
-1.82169e-44
-1.68156e-44
-1.54143e-44
-1.4013e-44
-1.26117e-44
-1.12104e-44
-9.80909e-45
-7.00649e-45
-4.2039e-45
-1.4013e-45
1.4013e-45
4.2039e-45
7.00649e-45
9.80909e-45
1.26117e-44
1.4013e-44
1.54143e-44
1.68156e-44
1.82169e-44
1.82169e-44
1.82169e-44
1.82169e-44
1.68156e-44
1.54143e-44
1.4013e-44
1.26117e-44
1.12104e-44
9.80909e-45
7.00649e-45
4.2039e-45
1.4013e-45
-1.4013e-45
-4.2039e-45
-7.00649e-45
-9.80909e-45
-1.26117e-44
-1.4013e-44
-1.54143e-44
-1.68156e-44
-1.82169e-44
-1.82169e-44
-1.82169e-44
-1.82169e-44
-1.68156e-44
-1.54143e-44
-1.4013e-44
-1.26117e-44
-1.12104e-44
-9.80909e-45
-7.00649e-45
-4.2039e-45
-1.4013e-45
1.4013e-45
4.2039e-45
7.00649e-45
9.80909e-45
1.26117e-44
1.4013e-44
1.54143e-44
1.68156e-44
1.82169e-44
1.82169e-44
1.82169e-44
1.82169e-44
1.68156e-44
1.54143e-44
1.4013e-44
1.26117e-44
1.12104e-44
9.80909e-45
7.00649e-45
4.2039e-45
1.4013e-45
-1.4013e-45
-4.2039e-45
-7.00649e-45
-9.80909e-45
-1.26117e-44
-1.4013e-44
-1.54143e-44
-1.68156e-44
-1.82169e-44
-1.82169e-44
-1.82169e-44
-1.82169e-44
-1.68156e-44
-1.54143e-44
-1.4013e-44
-1.26117e-44
-1.12104e-44
-9.80909e-45
-7.00649e-45
-4.2039e-45
-1.4013e-45
1.4013e-45
4.2039e-45
7.00649e-45
9.80909e-45
1.26117e-44
1.4013e-44
1.54143e-44
1.68156e-44
1.82169e-44
1.82169e-44
1.82169e-44
1.82169e-44
1.68156e-44
1.54143e-44
1.4013e-44
1.26117e-44
1.12104e-44
9.80909e-45
7.00649e-45
4.2039e-45
1.4013e-45
-1.4013e-45
-4.2039e-45
-7.00649e-45
-9.80909e-45
-1.26117e-44
-1.4013e-44
-1.54143e-44
-1.68156e-44
-1.82169e-44
-1.82169e-44
-1.82169e-44
-1.82169e-44
-1.68156e-44
-1.54143e-44
-1.4013e-44
-1.26117e-44
-1.12104e-44
-9.80909e-45
-7.00649e-45
-4.2039e-45
-1.4013e-45
1.4013e-45
4.2039e-45
7.00649e-45
9.80909e-45
1.26117e-44
1.4013e-44
1.54143e-44
1.68156e-44
1.82169e-44
1.82169e-44
1.82169e-44
1.82169e-44
1.68156e-44
1.54143e-44
1.4013e-44
1.26117e-44
1.12104e-44
9.80909e-45
7.00649e-45
4.2039e-45
1.4013e-45
-1.4013e-45
-4.2039e-45
-7.00649e-45
-9.80909e-45
-1.26117e-44
-1.4013e-44
-1.54143e-44
-1.68156e-44
-1.82169e-44
-1.82169e-44
-1.82169e-44
-1.82169e-44
-1.68156e-44
-1.54143e-44
-1.4013e-44
-1.26117e-44
-1.12104e-44
-9.80909e-45
-7.00649e-45
-4.2039e-45
-1.4013e-45
1.4013e-45
4.2039e-45
7.00649e-45
9.80909e-45
1.26117e-44
1.4013e-44
1.54143e-44
1.68156e-44
1.82169e-44
1.82169e-44
1.82169e-44
1.82169e-44
1.68156e-44
1.54143e-44
1.4013e-44
1.26117e-44
1.12104e-44
9.80909e-45
7.00649e-45
4.2039e-45
1.4013e-45
-1.4013e-45
-4.2039e-45
-7.00649e-45
-9.80909e-45
-1.26117e-44
-1.4013e-44
-1.54143e-44
-1.68156e-44
-1.82169e-44
-1.82169e-44
-1.82169e-44
-1.82169e-44
-1.68156e-44
-1.54143e-44
-1.4013e-44
-1.26117e-44
-1.12104e-44
-9.80909e-45
-7.00649e-45
-4.2039e-45
-1.4013e-45
1.4013e-45
4.2039e-45
7.00649e-45
9.80909e-45
1.26117e-44
1.4013e-44
1.54143e-44
1.68156e-44
1.82169e-44
1.82169e-44
1.82169e-44
1.82169e-44
1.68156e-44
1.54143e-44
1.4013e-44
1.26117e-44
1.12104e-44
9.80909e-45
7.00649e-45
4.2039e-45
1.4013e-45
-1.4013e-45
-4.2039e-45
-7.00649e-45
-9.80909e-45
-1.26117e-44
-1.4013e-44
-1.54143e-44
-1.68156e-44
-1.82169e-44
-1.82169e-44
-1.82169e-44
-1.82169e-44
-1.68156e-44
-1.54143e-44
-1.4013e-44
-1.26117e-44
-1.12104e-44
-9.80909e-45
-7.00649e-45
-4.2039e-45
-1.4013e-45
1.4013e-45
4.2039e-45
7.00649e-45
9.80909e-45
1.26117e-44
1.4013e-44
1.54143e-44
1.68156e-44
1.82169e-44
1.82169e-44
1.82169e-44
1.82169e-44
1.68156e-44
1.54143e-44
1.4013e-44
1.26117e-44
1.12104e-44
9.80909e-45
7.00649e-45
4.2039e-45
1.4013e-45
-1.4013e-45
-4.2039e-45
-7.00649e-45
-9.80909e-45
-1.26117e-44
-1.4013e-44
-1.54143e-44
-1.68156e-44
-1.82169e-44
-1.82169e-44
-1.82169e-44
-1.82169e-44
-1.68156e-44
-1.54143e-44
-1.4013e-44
-1.26117e-44
-1.12104e-44
-9.80909e-45
-7.00649e-45
-4.2039e-45
-1.4013e-45
1.4013e-45
4.2039e-45
7.00649e-45
9.80909e-45
1.26117e-44
1.4013e-44
1.54143e-44
1.68156e-44
1.82169e-44
1.82169e-44
1.82169e-44
1.82169e-44
1.68156e-44
1.54143e-44
1.4013e-44
1.26117e-44
1.12104e-44
9.80909e-45
7.00649e-45
4.2039e-45
1.4013e-45
-1.4013e-45
-4.2039e-45
-7.00649e-45
-9.80909e-45
-1.26117e-44
-1.4013e-44
-1.54143e-44
-1.68156e-44
-1.82169e-44
-1.82169e-44
-1.82169e-44
-1.82169e-44
-1.68156e-44
-1.54143e-44
-1.4013e-44
-1.26117e-44
-1.12104e-44
-9.80909e-45
-7.00649e-45
-4.2039e-45
-1.4013e-45
1.4013e-45
4.2039e-45
7.00649e-45
9.80909e-45
1.26117e-44
1.4013e-44
1.54143e-44
1.68156e-44
1.82169e-44
1.82169e-44
1.82169e-44
1.82169e-44
1.68156e-44
1.54143e-44
1.4013e-44
1.26117e-44
1.12104e-44
9.80909e-45
7.00649e-45
4.2039e-45
1.4013e-45
-1.4013e-45
-4.2039e-45
-7.00649e-45
-9.80909e-45
-1.26117e-44
-1.4013e-44
-1.54143e-44
-1.68156e-44
-1.82169e-44
-1.82169e-44
-1.82169e-44
-1.82169e-44
-1.68156e-44
-1.54143e-44
-1.4013e-44
-1.26117e-44
-1.12104e-44
-9.80909e-45
-7.00649e-45
-4.2039e-45
-1.4013e-45
1.4013e-45
4.2039e-45
7.00649e-45
9.80909e-45
1.26117e-44
1.4013e-44
1.54143e-44
1.68156e-44
1.82169e-44
1.82169e-44
1.82169e-44
1.82169e-44
1.68156e-44
1.54143e-44
1.4013e-44
1.26117e-44
1.12104e-44
9.80909e-45
7.00649e-45
4.2039e-45
1.4013e-45
-1.4013e-45
-4.2039e-45
-7.00649e-45
-9.80909e-45
-1.26117e-44
-1.4013e-44
-1.54143e-44
-1.68156e-44
-1.82169e-44
-1.82169e-44
-1.82169e-44
-1.82169e-44
-1.68156e-44
-1.54143e-44
-1.4013e-44
-1.26117e-44
-1.12104e-44
-9.80909e-45
-7.00649e-45
-4.2039e-45
-1.4013e-45
1.4013e-45
4.2039e-45
7.00649e-45
9.80909e-45
1.26117e-44
1.4013e-44
1.54143e-44
1.68156e-44
1.82169e-44
1.82169e-44
1.82169e-44
1.82169e-44
1.68156e-44
1.54143e-44
1.4013e-44
1.26117e-44
1.12104e-44
9.80909e-45
7.00649e-45
4.2039e-45
1.4013e-45
-1.4013e-45
-4.2039e-45
-7.00649e-45
-9.80909e-45
-1.26117e-44
-1.4013e-44
-1.54143e-44
-1.68156e-44
-1.82169e-44
-1.82169e-44
-1.82169e-44
-1.82169e-44
-1.68156e-44
-1.54143e-44
-1.4013e-44
-1.26117e-44
-1.12104e-44
-9.80909e-45
-7.00649e-45
-4.2039e-45
-1.4013e-45
1.4013e-45
4.2039e-45
7.00649e-45
9.80909e-45
1.26117e-44
1.4013e-44
1.54143e-44
1.68156e-44
1.82169e-44
1.82169e-44
1.82169e-44
1.82169e-44
1.68156e-44
1.54143e-44
1.4013e-44
1.26117e-44
1.12104e-44
9.80909e-45
7.00649e-45
4.2039e-45
1.4013e-45
-1.4013e-45
-4.2039e-45
-7.00649e-45
-9.80909e-45
-1.26117e-44
-1.4013e-44
-1.54143e-44
-1.68156e-44
-1.82169e-44
-1.82169e-44
-1.82169e-44
-1.82169e-44
-1.68156e-44
-1.54143e-44
-1.4013e-44
-1.26117e-44
-1.12104e-44
-9.80909e-45
-7.00649e-45
-4.2039e-45
-1.4013e-45
1.4013e-45
4.2039e-45
7.00649e-45
9.80909e-45
1.26117e-44
1.4013e-44
1.54143e-44
1.68156e-44
1.82169e-44
1.82169e-44
1.82169e-44
1.82169e-44
1.68156e-44
1.54143e-44
1.4013e-44
1.26117e-44
1.12104e-44
9.80909e-45
7.00649e-45
4.2039e-45
1.4013e-45
-1.4013e-45
-4.2039e-45
-7.00649e-45
-9.80909e-45
-1.26117e-44
-1.4013e-44
-1.54143e-44
-1.68156e-44
-1.82169e-44
-1.82169e-44
-1.82169e-44
-1.82169e-44
-1.68156e-44
-1.54143e-44
-1.4013e-44
-1.26117e-44
-1.12104e-44
-9.80909e-45
-7.00649e-45
-4.2039e-45
-1.4013e-45
1.4013e-45
4.2039e-45
7.00649e-45
9.80909e-45
1.26117e-44
1.4013e-44
1.54143e-44
1.68156e-44
1.82169e-44
1.82169e-44
1.82169e-44
1.82169e-44
1.68156e-44
1.54143e-44
1.4013e-44
1.26117e-44
1.12104e-44
9.80909e-45
7.00649e-45
4.2039e-45
1.4013e-45
-1.4013e-45
-4.2039e-45
-7.00649e-45
-9.80909e-45
-1.26117e-44
-1.4013e-44
-1.54143e-44
-1.68156e-44
-1.82169e-44
-1.82169e-44
-1.82169e-44
-1.82169e-44
-1.68156e-44
-1.54143e-44
-1.4013e-44
-1.26117e-44
-1.12104e-44
-9.80909e-45
-7.00649e-45
-4.2039e-45
-1.4013e-45
1.4013e-45
4.2039e-45
7.00649e-45
9.80909e-45
1.26117e-44
1.4013e-44
1.54143e-44
1.68156e-44
1.82169e-44
1.82169e-44
1.82169e-44
1.82169e-44
1.68156e-44
1.54143e-44
1.4013e-44
1.26117e-44
1.12104e-44
9.80909e-45
7.00649e-45
4.2039e-45
1.4013e-45
-1.4013e-45
-4.2039e-45
-7.00649e-45
-9.80909e-45
-1.26117e-44
-1.4013e-44
-1.54143e-44
-1.68156e-44
-1.82169e-44
-1.82169e-44
-1.82169e-44
-1.82169e-44
-1.68156e-44
-1.54143e-44
-1.4013e-44
-1.26117e-44
-1.12104e-44
-9.80909e-45
-7.00649e-45
-4.2039e-45
-1.4013e-45
1.4013e-45
4.2039e-45
7.00649e-45
9.80909e-45
1.26117e-44
1.4013e-44
1.54143e-44
1.68156e-44
1.82169e-44
1.82169e-44
1.82169e-44
1.82169e-44
1.68156e-44
1.54143e-44
1.4013e-44
1.26117e-44
1.12104e-44
9.80909e-45
7.00649e-45
4.2039e-45
1.4013e-45
-1.4013e-45
-4.2039e-45
-7.00649e-45
-9.80909e-45
-1.26117e-44
-1.4013e-44
-1.54143e-44
-1.68156e-44
-1.82169e-44
-1.82169e-44
-1.82169e-44
-1.82169e-44
-1.68156e-44
-1.54143e-44
-1.4013e-44
-1.26117e-44
-1.12104e-44
-9.80909e-45
-7.00649e-45
-4.2039e-45
-1.4013e-45
1.4013e-45
4.2039e-45
7.00649e-45
9.80909e-45
1.26117e-44
1.4013e-44
1.54143e-44
1.68156e-44
1.82169e-44
1.82169e-44
1.82169e-44
1.82169e-44
1.68156e-44
1.54143e-44
1.4013e-44
1.26117e-44
1.12104e-44
9.80909e-45
7.00649e-45
4.2039e-45
1.4013e-45
-1.4013e-45
-4.2039e-45
-7.00649e-45
-9.80909e-45
-1.26117e-44
-1.4013e-44
-1.54143e-44
-1.68156e-44
-1.82169e-44
-1.82169e-44
-1.82169e-44
-1.82169e-44
-1.68156e-44
-1.54143e-44
-1.4013e-44
-1.26117e-44
-1.12104e-44
-9.80909e-45
-7.00649e-45
-4.2039e-45
-1.4013e-45
1.4013e-45
4.2039e-45
7.00649e-45
9.80909e-45
1.26117e-44
1.4013e-44
1.54143e-44
1.68156e-44
1.82169e-44
1.82169e-44
1.82169e-44
1.82169e-44
1.68156e-44
1.54143e-44
1.4013e-44
1.26117e-44
1.12104e-44
9.80909e-45
7.00649e-45
4.2039e-45
1.4013e-45
-1.4013e-45
-4.2039e-45
-7.00649e-45
-9.80909e-45
-1.26117e-44
-1.4013e-44
-1.54143e-44
-1.68156e-44
-1.82169e-44
-1.82169e-44
-1.82169e-44
-1.82169e-44
-1.68156e-44
-1.54143e-44
-1.4013e-44
-1.26117e-44
-1.12104e-44
-9.80909e-45
-7.00649e-45
-4.2039e-45
-1.4013e-45
1.4013e-45
4.2039e-45
7.00649e-45
9.80909e-45
1.26117e-44
1.4013e-44
1.54143e-44
1.68156e-44
1.82169e-44
1.82169e-44
1.82169e-44
1.82169e-44
1.68156e-44
1.54143e-44
1.4013e-44
1.26117e-44
1.12104e-44
9.80909e-45
7.00649e-45
4.2039e-45
1.4013e-45
-1.4013e-45
-4.2039e-45
-7.00649e-45
-9.80909e-45
-1.26117e-44
-1.4013e-44
-1.54143e-44
-1.68156e-44
-1.82169e-44
-1.82169e-44
-1.82169e-44
-1.82169e-44
-1.68156e-44
-1.54143e-44
-1.4013e-44
-1.26117e-44
-1.12104e-44
-9.80909e-45
-7.00649e-45
-4.2039e-45
-1.4013e-45
1.4013e-45
4.2039e-45
7.00649e-45
9.80909e-45
1.26117e-44
1.4013e-44
1.54143e-44
1.68156e-44
1.82169e-44
1.82169e-44
1.82169e-44
1.82169e-44
1.68156e-44
1.54143e-44
1.4013e-44
1.26117e-44
1.12104e-44
9.80909e-45
7.00649e-45
4.2039e-45
1.4013e-45
-1.4013e-45
-4.2039e-45
-7.00649e-45
-9.80909e-45
-1.26117e-44
-1.4013e-44
-1.54143e-44
-1.68156e-44
-1.82169e-44
-1.82169e-44
-1.82169e-44
-1.82169e-44
-1.68156e-44
-1.54143e-44
-1.4013e-44
-1.26117e-44
-1.12104e-44
-9.80909e-45
-7.00649e-45
-4.2039e-45
-1.4013e-45
1.4013e-45
4.2039e-45
7.00649e-45
9.80909e-45
1.26117e-44
1.4013e-44
1.54143e-44
1.68156e-44
1.82169e-44
1.82169e-44
1.82169e-44
1.82169e-44
1.68156e-44
1.54143e-44
1.4013e-44
1.26117e-44
1.12104e-44
9.80909e-45
7.00649e-45
4.2039e-45
1.4013e-45
-1.4013e-45
-4.2039e-45
-7.00649e-45
-9.80909e-45
-1.26117e-44
-1.4013e-44
-1.54143e-44
-1.68156e-44
-1.82169e-44
-1.82169e-44
-1.82169e-44
-1.82169e-44
-1.68156e-44
-1.54143e-44
-1.4013e-44
-1.26117e-44
-1.12104e-44
-9.80909e-45
-7.00649e-45
-4.2039e-45
-1.4013e-45
1.4013e-45
4.2039e-45
7.00649e-45
9.80909e-45
1.26117e-44
1.4013e-44
1.54143e-44
1.68156e-44
1.82169e-44
1.82169e-44
1.82169e-44
1.82169e-44
1.68156e-44
1.54143e-44
1.4013e-44
1.26117e-44
1.12104e-44
9.80909e-45
7.00649e-45
4.2039e-45
1.4013e-45
-1.4013e-45
-4.2039e-45
-7.00649e-45
-9.80909e-45
-1.26117e-44
-1.4013e-44
-1.54143e-44
-1.68156e-44
-1.82169e-44
-1.82169e-44
-1.82169e-44
-1.82169e-44
-1.68156e-44
-1.54143e-44
-1.4013e-44
-1.26117e-44
-1.12104e-44
-9.80909e-45
-7.00649e-45
-4.2039e-45
-1.4013e-45
1.4013e-45
4.2039e-45
7.00649e-45
9.80909e-45
1.26117e-44
1.4013e-44
1.54143e-44
1.68156e-44
1.82169e-44
1.82169e-44
1.82169e-44
1.82169e-44
1.68156e-44
1.54143e-44
1.4013e-44
1.26117e-44
1.12104e-44
9.80909e-45
7.00649e-45
4.2039e-45
1.4013e-45
-1.4013e-45
-4.2039e-45
-7.00649e-45
-9.80909e-45
-1.26117e-44
-1.4013e-44
-1.54143e-44
-1.68156e-44
-1.82169e-44
-1.82169e-44
-1.82169e-44
-1.82169e-44
-1.68156e-44
-1.54143e-44
-1.4013e-44
-1.26117e-44
-1.12104e-44
-9.80909e-45
-7.00649e-45
-4.2039e-45
-1.4013e-45
1.4013e-45
4.2039e-45
7.00649e-45
9.80909e-45
1.26117e-44
1.4013e-44
1.54143e-44
1.68156e-44
1.82169e-44
1.82169e-44
1.82169e-44
1.82169e-44
1.68156e-44
1.54143e-44
1.4013e-44
1.26117e-44
1.12104e-44
9.80909e-45
7.00649e-45
4.2039e-45
1.4013e-45
-1.4013e-45
-4.2039e-45
-7.00649e-45
-9.80909e-45
-1.26117e-44
-1.4013e-44
-1.54143e-44
-1.68156e-44
-1.82169e-44
-1.82169e-44
-1.82169e-44
-1.82169e-44
-1.68156e-44
-1.54143e-44
-1.4013e-44
-1.26117e-44
-1.12104e-44
-9.80909e-45
-7.00649e-45
-4.2039e-45
-1.4013e-45
1.4013e-45
4.2039e-45
7.00649e-45
9.80909e-45
1.26117e-44
1.4013e-44
1.54143e-44
1.68156e-44
1.82169e-44
1.82169e-44
1.82169e-44
1.82169e-44
1.68156e-44
1.54143e-44
1.4013e-44
1.26117e-44
1.12104e-44
9.80909e-45
7.00649e-45
4.2039e-45
1.4013e-45
-1.4013e-45
-4.2039e-45
-7.00649e-45
-9.80909e-45
-1.26117e-44
-1.4013e-44
-1.54143e-44
-1.68156e-44
-1.82169e-44
-1.82169e-44
-1.82169e-44
-1.82169e-44
-1.68156e-44
-1.54143e-44
-1.4013e-44
-1.26117e-44
-1.12104e-44
-9.80909e-45
-7.00649e-45
-4.2039e-45
-1.4013e-45
1.4013e-45
4.2039e-45
7.00649e-45
9.80909e-45
1.26117e-44
1.4013e-44
1.54143e-44
1.68156e-44
1.82169e-44
1.82169e-44
1.82169e-44
1.82169e-44
1.68156e-44
1.54143e-44
1.4013e-44
1.26117e-44
1.12104e-44
9.80909e-45
7.00649e-45
4.2039e-45
1.4013e-45
-1.4013e-45
-4.2039e-45
-7.00649e-45
-9.80909e-45
-1.26117e-44
-1.4013e-44
-1.54143e-44
-1.68156e-44
-1.82169e-44
-1.82169e-44
-1.82169e-44
-1.82169e-44
-1.68156e-44
-1.54143e-44
-1.4013e-44
-1.26117e-44
-1.12104e-44
-9.80909e-45
-7.00649e-45
-4.2039e-45
-1.4013e-45
1.4013e-45
4.2039e-45
7.00649e-45
9.80909e-45
1.26117e-44
1.4013e-44
1.54143e-44
1.68156e-44
1.82169e-44
1.82169e-44
1.82169e-44
1.82169e-44
1.68156e-44
1.54143e-44
1.4013e-44
1.26117e-44
1.12104e-44
9.80909e-45
7.00649e-45
4.2039e-45
1.4013e-45
-1.4013e-45
-4.2039e-45
-7.00649e-45
-9.80909e-45
-1.26117e-44
-1.4013e-44
-1.54143e-44
-1.68156e-44
-1.82169e-44
-1.82169e-44
-1.82169e-44
-1.82169e-44
-1.68156e-44
-1.54143e-44
-1.4013e-44
-1.26117e-44
-1.12104e-44
-9.80909e-45
-7.00649e-45
-4.2039e-45
-1.4013e-45
1.4013e-45
4.2039e-45
7.00649e-45
9.80909e-45
1.26117e-44
1.4013e-44
1.54143e-44
1.68156e-44
1.82169e-44
1.82169e-44
1.82169e-44
1.82169e-44
1.68156e-44
1.54143e-44
1.4013e-44
1.26117e-44
1.12104e-44
9.80909e-45
7.00649e-45
4.2039e-45
1.4013e-45
-1.4013e-45
-4.2039e-45
-7.00649e-45
-9.80909e-45
-1.26117e-44
-1.4013e-44
-1.54143e-44
-1.68156e-44
-1.82169e-44
-1.82169e-44
-1.82169e-44
-1.82169e-44
-1.68156e-44
-1.54143e-44
-1.4013e-44
-1.26117e-44
-1.12104e-44
-9.80909e-45
-7.00649e-45
-4.2039e-45
-1.4013e-45
1.4013e-45
4.2039e-45
7.00649e-45
9.80909e-45
1.26117e-44
1.4013e-44
1.54143e-44
1.68156e-44
1.82169e-44
1.82169e-44
1.82169e-44
1.82169e-44
1.68156e-44
1.54143e-44
1.4013e-44
1.26117e-44
1.12104e-44
9.80909e-45
7.00649e-45
4.2039e-45
1.4013e-45
-1.4013e-45
-4.2039e-45
-7.00649e-45
-9.80909e-45
-1.26117e-44
-1.4013e-44
-1.54143e-44
-1.68156e-44
-1.82169e-44
-1.82169e-44
-1.82169e-44
-1.82169e-44
-1.68156e-44
-1.54143e-44
-1.4013e-44
-1.26117e-44
-1.12104e-44
-9.80909e-45
-7.00649e-45
-4.2039e-45
-1.4013e-45
1.4013e-45
4.2039e-45
7.00649e-45
9.80909e-45
1.26117e-44
1.4013e-44
1.54143e-44
1.68156e-44
1.82169e-44
1.82169e-44
1.82169e-44
1.82169e-44
1.68156e-44
1.54143e-44
1.4013e-44
1.26117e-44
1.12104e-44
9.80909e-45
7.00649e-45
4.2039e-45
1.4013e-45
-1.4013e-45
-4.2039e-45
-7.00649e-45
-9.80909e-45
-1.26117e-44
-1.4013e-44
-1.54143e-44
-1.68156e-44
-1.82169e-44
-1.82169e-44
-1.82169e-44
-1.82169e-44
-1.68156e-44
-1.54143e-44
-1.4013e-44
-1.26117e-44
-1.12104e-44
-9.80909e-45
-7.00649e-45
-4.2039e-45
-1.4013e-45
1.4013e-45
4.2039e-45
7.00649e-45
9.80909e-45
1.26117e-44
1.4013e-44
1.54143e-44
1.68156e-44
1.82169e-44
1.82169e-44
1.82169e-44
1.82169e-44
1.68156e-44
1.54143e-44
1.4013e-44
1.26117e-44
1.12104e-44
9.80909e-45
7.00649e-45
4.2039e-45
1.4013e-45
-1.4013e-45
-4.2039e-45
-7.00649e-45
-9.80909e-45
-1.26117e-44
-1.4013e-44
-1.54143e-44
-1.68156e-44
-1.82169e-44
-1.82169e-44
-1.82169e-44
-1.82169e-44
-1.68156e-44
-1.54143e-44
-1.4013e-44
-1.26117e-44
-1.12104e-44
-9.80909e-45
-7.00649e-45
-4.2039e-45
-1.4013e-45
1.4013e-45
4.2039e-45
7.00649e-45
9.80909e-45
1.26117e-44
1.4013e-44
1.54143e-44
1.68156e-44
1.82169e-44
1.82169e-44
1.82169e-44
1.82169e-44
1.68156e-44
1.54143e-44
1.4013e-44
1.26117e-44
1.12104e-44
9.80909e-45
7.00649e-45
4.2039e-45
1.4013e-45
-1.4013e-45
-4.2039e-45
-7.00649e-45
-9.80909e-45
-1.26117e-44
-1.4013e-44
-1.54143e-44
-1.68156e-44
-1.82169e-44
-1.82169e-44
-1.82169e-44
-1.82169e-44
-1.68156e-44
-1.54143e-44
-1.4013e-44
-1.26117e-44
-1.12104e-44
-9.80909e-45
-7.00649e-45
-4.2039e-45
-1.4013e-45
1.4013e-45
4.2039e-45
7.00649e-45
9.80909e-45
1.26117e-44
1.4013e-44
1.54143e-44
1.68156e-44
1.82169e-44
1.82169e-44
1.82169e-44
1.82169e-44
1.68156e-44
1.54143e-44
1.4013e-44
1.26117e-44
1.12104e-44
9.80909e-45
7.00649e-45
4.2039e-45
1.4013e-45
-1.4013e-45
-4.2039e-45
-7.00649e-45
-9.80909e-45
-1.26117e-44
-1.4013e-44
-1.54143e-44
-1.68156e-44
-1.82169e-44
-1.82169e-44
-1.82169e-44
-1.82169e-44
-1.68156e-44
-1.54143e-44
-1.4013e-44
-1.26117e-44
-1.12104e-44
-9.80909e-45
-7.00649e-45
-4.2039e-45
-1.4013e-45
1.4013e-45
4.2039e-45
7.00649e-45
9.80909e-45
1.26117e-44
1.4013e-44
1.54143e-44
1.68156e-44
1.82169e-44
1.82169e-44
1.82169e-44
1.82169e-44
1.68156e-44
1.54143e-44
1.4013e-44
1.26117e-44
1.12104e-44
9.80909e-45
7.00649e-45
4.2039e-45
1.4013e-45
-1.4013e-45
-4.2039e-45
-7.00649e-45
-9.80909e-45
-1.26117e-44
-1.4013e-44
-1.54143e-44
-1.68156e-44
-1.82169e-44
-1.82169e-44
-1.82169e-44
-1.82169e-44
-1.68156e-44
-1.54143e-44
-1.4013e-44
-1.26117e-44
-1.12104e-44
-9.80909e-45
-7.00649e-45
-4.2039e-45
-1.4013e-45
1.4013e-45
4.2039e-45
7.00649e-45
9.80909e-45
1.26117e-44
1.4013e-44
1.54143e-44
1.68156e-44
1.82169e-44
1.82169e-44
1.82169e-44
1.82169e-44
1.68156e-44
1.54143e-44
1.4013e-44
1.26117e-44
1.12104e-44
9.80909e-45
7.00649e-45
4.2039e-45
1.4013e-45
-1.4013e-45
-4.2039e-45
-7.00649e-45
-9.80909e-45
-1.26117e-44
-1.4013e-44
-1.54143e-44
-1.68156e-44
-1.82169e-44
-1.82169e-44
-1.82169e-44
-1.82169e-44
-1.68156e-44
-1.54143e-44
-1.4013e-44
-1.26117e-44
-1.12104e-44
-9.80909e-45
-7.00649e-45
-4.2039e-45
-1.4013e-45
1.4013e-45
4.2039e-45
7.00649e-45
9.80909e-45
1.26117e-44
1.4013e-44
1.54143e-44
1.68156e-44
1.82169e-44
1.82169e-44
1.82169e-44
1.82169e-44
1.68156e-44
1.54143e-44
1.4013e-44
1.26117e-44
1.12104e-44
9.80909e-45
7.00649e-45
4.2039e-45
1.4013e-45
-1.4013e-45
-4.2039e-45
-7.00649e-45
-9.80909e-45
-1.26117e-44
-1.4013e-44
-1.54143e-44
-1.68156e-44
-1.82169e-44
-1.82169e-44
-1.82169e-44
-1.82169e-44
-1.68156e-44
-1.54143e-44
-1.4013e-44
-1.26117e-44
-1.12104e-44
-9.80909e-45
-7.00649e-45
-4.2039e-45
-1.4013e-45
1.4013e-45
4.2039e-45
7.00649e-45
9.80909e-45
1.26117e-44
1.4013e-44
1.54143e-44
1.68156e-44
1.82169e-44
1.82169e-44
1.82169e-44
1.82169e-44
1.68156e-44
1.54143e-44
1.4013e-44
1.26117e-44
1.12104e-44
9.80909e-45
7.00649e-45
4.2039e-45
1.4013e-45
-1.4013e-45
-4.2039e-45
-7.00649e-45
-9.80909e-45
-1.26117e-44
-1.4013e-44
-1.54143e-44
-1.68156e-44
-1.82169e-44
-1.82169e-44
-1.82169e-44
-1.82169e-44
-1.68156e-44
-1.54143e-44
-1.4013e-44
-1.26117e-44
-1.12104e-44
-9.80909e-45
-7.00649e-45
-4.2039e-45
-1.4013e-45
1.4013e-45
4.2039e-45
7.00649e-45
9.80909e-45
1.26117e-44
1.4013e-44
1.54143e-44
1.68156e-44
1.82169e-44
1.82169e-44
1.82169e-44
1.82169e-44
1.68156e-44
1.54143e-44
1.4013e-44
1.26117e-44
1.12104e-44
9.80909e-45
7.00649e-45
4.2039e-45
1.4013e-45
-1.4013e-45
-4.2039e-45
-7.00649e-45
-9.80909e-45
-1.26117e-44
-1.4013e-44
-1.54143e-44
-1.68156e-44
-1.82169e-44
-1.82169e-44
-1.82169e-44
-1.82169e-44
-1.68156e-44
-1.54143e-44
-1.4013e-44
-1.26117e-44
-1.12104e-44
-9.80909e-45
-7.00649e-45
-4.2039e-45
-1.4013e-45
1.4013e-45
4.2039e-45
7.00649e-45
9.80909e-45
1.26117e-44
1.4013e-44
1.54143e-44
1.68156e-44
1.82169e-44
1.82169e-44
1.82169e-44
1.82169e-44
1.68156e-44
1.54143e-44
1.4013e-44
1.26117e-44
1.12104e-44
9.80909e-45
7.00649e-45
4.2039e-45
1.4013e-45
-1.4013e-45
-4.2039e-45
-7.00649e-45
-9.80909e-45
-1.26117e-44
-1.4013e-44
-1.54143e-44
-1.68156e-44
-1.82169e-44
-1.82169e-44
-1.82169e-44
-1.82169e-44
-1.68156e-44
-1.54143e-44
-1.4013e-44
-1.26117e-44
-1.12104e-44
-9.80909e-45
-7.00649e-45
-4.2039e-45
-1.4013e-45
1.4013e-45
4.2039e-45
7.00649e-45
9.80909e-45
1.26117e-44
1.4013e-44
1.54143e-44
1.68156e-44
1.82169e-44
1.82169e-44
1.82169e-44
1.82169e-44
1.68156e-44
1.54143e-44
1.4013e-44
1.26117e-44
1.12104e-44
9.80909e-45
7.00649e-45
4.2039e-45
1.4013e-45
-1.4013e-45
-4.2039e-45
-7.00649e-45
-9.80909e-45
-1.26117e-44
-1.4013e-44
-1.54143e-44
-1.68156e-44
-1.82169e-44
-1.82169e-44
-1.82169e-44
-1.82169e-44
-1.68156e-44
-1.54143e-44
-1.4013e-44
-1.26117e-44
-1.12104e-44
-9.80909e-45
-7.00649e-45
-4.2039e-45
-1.4013e-45
1.4013e-45
4.2039e-45
7.00649e-45
9.80909e-45
1.26117e-44
1.4013e-44
1.54143e-44
1.68156e-44
1.82169e-44
1.82169e-44
1.82169e-44
1.82169e-44
1.68156e-44
1.54143e-44
1.4013e-44
1.26117e-44
1.12104e-44
9.80909e-45
7.00649e-45
4.2039e-45
1.4013e-45
-1.4013e-45
-4.2039e-45
-7.00649e-45
-9.80909e-45
-1.26117e-44
-1.4013e-44
-1.54143e-44
-1.68156e-44
-1.82169e-44
-1.82169e-44
-1.82169e-44
-1.82169e-44
-1.68156e-44
-1.54143e-44
-1.4013e-44
-1.26117e-44
-1.12104e-44
-9.80909e-45
-7.00649e-45
-4.2039e-45
-1.4013e-45
1.4013e-45
4.2039e-45
7.00649e-45
9.80909e-45
1.26117e-44
1.4013e-44
1.54143e-44
1.68156e-44
1.82169e-44
1.82169e-44
1.82169e-44
1.82169e-44
1.68156e-44
1.54143e-44
1.4013e-44
1.26117e-44
1.12104e-44
9.80909e-45
7.00649e-45
4.2039e-45
1.4013e-45
-1.4013e-45
-4.2039e-45
-7.00649e-45
-9.80909e-45
-1.26117e-44
-1.4013e-44
-1.54143e-44
-1.68156e-44
-1.82169e-44
-1.82169e-44
-1.82169e-44
-1.82169e-44
-1.68156e-44
-1.54143e-44
-1.4013e-44
-1.26117e-44
-1.12104e-44
-9.80909e-45
-7.00649e-45
-4.2039e-45
-1.4013e-45
1.4013e-45
4.2039e-45
7.00649e-45
9.80909e-45
1.26117e-44
1.4013e-44
1.54143e-44
1.68156e-44
1.82169e-44
1.82169e-44
1.82169e-44
1.82169e-44
1.68156e-44
1.54143e-44
1.4013e-44
1.26117e-44
1.12104e-44
9.80909e-45
7.00649e-45
4.2039e-45
1.4013e-45
-1.4013e-45
-4.2039e-45
-7.00649e-45
-9.80909e-45
-1.26117e-44
-1.4013e-44
-1.54143e-44
-1.68156e-44
-1.82169e-44
-1.82169e-44
-1.82169e-44
-1.82169e-44
-1.68156e-44
-1.54143e-44
-1.4013e-44
-1.26117e-44
-1.12104e-44
-9.80909e-45
-7.00649e-45
-4.2039e-45
-1.4013e-45
1.4013e-45
4.2039e-45
7.00649e-45
9.80909e-45
1.26117e-44
1.4013e-44
1.54143e-44
1.68156e-44
1.82169e-44
1.82169e-44
1.82169e-44
1.82169e-44
1.68156e-44
1.54143e-44
1.4013e-44
1.26117e-44
1.12104e-44
9.80909e-45
7.00649e-45
4.2039e-45
1.4013e-45
-1.4013e-45
-4.2039e-45
-7.00649e-45
-9.80909e-45
-1.26117e-44
-1.4013e-44
-1.54143e-44
-1.68156e-44
-1.82169e-44
-1.82169e-44
-1.82169e-44
-1.82169e-44
-1.68156e-44
-1.54143e-44
-1.4013e-44
-1.26117e-44
-1.12104e-44
-9.80909e-45
-7.00649e-45
-4.2039e-45
-1.4013e-45
1.4013e-45
4.2039e-45
7.00649e-45
9.80909e-45
1.26117e-44
1.4013e-44
1.54143e-44
1.68156e-44
1.82169e-44
1.82169e-44
1.82169e-44
1.82169e-44
1.68156e-44
1.54143e-44
1.4013e-44
1.26117e-44
1.12104e-44
9.80909e-45
7.00649e-45
4.2039e-45
1.4013e-45
-1.4013e-45
-4.2039e-45
-7.00649e-45
-9.80909e-45
-1.26117e-44
-1.4013e-44
-1.54143e-44
-1.68156e-44
-1.82169e-44
-1.82169e-44
-1.82169e-44
-1.82169e-44
-1.68156e-44
-1.54143e-44
-1.4013e-44
-1.26117e-44
-1.12104e-44
-9.80909e-45
-7.00649e-45
-4.2039e-45
-1.4013e-45
1.4013e-45
4.2039e-45
7.00649e-45
9.80909e-45
1.26117e-44
1.4013e-44
1.54143e-44
1.68156e-44
1.82169e-44
1.82169e-44
1.82169e-44
1.82169e-44
1.68156e-44
1.54143e-44
1.4013e-44
1.26117e-44
1.12104e-44
9.80909e-45
7.00649e-45
4.2039e-45
1.4013e-45
-1.4013e-45
-4.2039e-45
-7.00649e-45
-9.80909e-45
-1.26117e-44
-1.4013e-44
-1.54143e-44
-1.68156e-44
-1.82169e-44
-1.82169e-44
-1.82169e-44
-1.82169e-44
-1.68156e-44
-1.54143e-44
-1.4013e-44
-1.26117e-44
-1.12104e-44
-9.80909e-45
-7.00649e-45
-4.2039e-45
-1.4013e-45
1.4013e-45
4.2039e-45
7.00649e-45
9.80909e-45
1.26117e-44
1.4013e-44
1.54143e-44
1.68156e-44
1.82169e-44
1.82169e-44
1.82169e-44
1.82169e-44
1.68156e-44
1.54143e-44
1.4013e-44
1.26117e-44
1.12104e-44
9.80909e-45
7.00649e-45
4.2039e-45
1.4013e-45
-1.4013e-45
-4.2039e-45
-7.00649e-45
-9.80909e-45
-1.26117e-44
-1.4013e-44
-1.54143e-44
-1.68156e-44
-1.82169e-44
-1.82169e-44
-1.82169e-44
-1.82169e-44
-1.68156e-44
-1.54143e-44
-1.4013e-44
-1.26117e-44
-1.12104e-44
-9.80909e-45
-7.00649e-45
-4.2039e-45
-1.4013e-45
1.4013e-45
4.2039e-45
7.00649e-45
9.80909e-45
1.26117e-44
1.4013e-44
1.54143e-44
1.68156e-44
1.82169e-44
1.82169e-44
1.82169e-44
1.82169e-44
1.68156e-44
1.54143e-44
1.4013e-44
1.26117e-44
1.12104e-44
9.80909e-45
7.00649e-45
4.2039e-45
1.4013e-45
-1.4013e-45
-4.2039e-45
-7.00649e-45
-9.80909e-45
-1.26117e-44
-1.4013e-44
-1.54143e-44
-1.68156e-44
-1.82169e-44
-1.82169e-44
-1.82169e-44
-1.82169e-44
-1.68156e-44
-1.54143e-44
-1.4013e-44
-1.26117e-44
-1.12104e-44
-9.80909e-45
-7.00649e-45
-4.2039e-45
-1.4013e-45
1.4013e-45
4.2039e-45
7.00649e-45
9.80909e-45
1.26117e-44
1.4013e-44
1.54143e-44
1.68156e-44
1.82169e-44
1.82169e-44
1.82169e-44
1.82169e-44
1.68156e-44
1.54143e-44
1.4013e-44
1.26117e-44
1.12104e-44
9.80909e-45
7.00649e-45
4.2039e-45
1.4013e-45
-1.4013e-45
-4.2039e-45
-7.00649e-45
-9.80909e-45
-1.26117e-44
-1.4013e-44
-1.54143e-44
-1.68156e-44
-1.82169e-44
-1.82169e-44
-1.82169e-44
-1.82169e-44
-1.68156e-44
-1.54143e-44
-1.4013e-44
-1.26117e-44
-1.12104e-44
-9.80909e-45
-7.00649e-45
-4.2039e-45
-1.4013e-45
1.4013e-45
4.2039e-45
7.00649e-45
9.80909e-45
1.26117e-44
1.4013e-44
1.54143e-44
1.68156e-44
1.82169e-44
1.82169e-44
1.82169e-44
1.82169e-44
1.68156e-44
1.54143e-44
1.4013e-44
1.26117e-44
1.12104e-44
9.80909e-45
7.00649e-45
4.2039e-45
1.4013e-45
-1.4013e-45
-4.2039e-45
-7.00649e-45
-9.80909e-45
-1.26117e-44
-1.4013e-44
-1.54143e-44
-1.68156e-44
-1.82169e-44
-1.82169e-44
-1.82169e-44
-1.82169e-44
-1.68156e-44
-1.54143e-44
-1.4013e-44
-1.26117e-44
-1.12104e-44
-9.80909e-45
-7.00649e-45
-4.2039e-45
-1.4013e-45
1.4013e-45
4.2039e-45
7.00649e-45
9.80909e-45
1.26117e-44
1.4013e-44
1.54143e-44
1.68156e-44
1.82169e-44
1.82169e-44
1.82169e-44
1.82169e-44
1.68156e-44
1.54143e-44
1.4013e-44
1.26117e-44
1.12104e-44
9.80909e-45
7.00649e-45
4.2039e-45
1.4013e-45
-1.4013e-45
-4.2039e-45
-7.00649e-45
-9.80909e-45
-1.26117e-44
-1.4013e-44
-1.54143e-44
-1.68156e-44
-1.82169e-44
-1.82169e-44
-1.82169e-44
-1.82169e-44
-1.68156e-44
-1.54143e-44
-1.4013e-44
-1.26117e-44
-1.12104e-44
-9.80909e-45
-7.00649e-45
-4.2039e-45
-1.4013e-45
1.4013e-45
4.2039e-45
7.00649e-45
9.80909e-45
1.26117e-44
1.4013e-44
1.54143e-44
1.68156e-44
1.82169e-44
1.82169e-44
1.82169e-44
1.82169e-44
1.68156e-44
1.54143e-44
1.4013e-44
1.26117e-44
1.12104e-44
9.80909e-45
7.00649e-45
4.2039e-45
1.4013e-45
-1.4013e-45
-4.2039e-45
-7.00649e-45
-9.80909e-45
-1.26117e-44
-1.4013e-44
-1.54143e-44
-1.68156e-44
-1.82169e-44
-1.82169e-44
-1.82169e-44
-1.82169e-44
-1.68156e-44
-1.54143e-44
-1.4013e-44
-1.26117e-44
-1.12104e-44
-9.80909e-45
-7.00649e-45
-4.2039e-45
-1.4013e-45
1.4013e-45
4.2039e-45
7.00649e-45
9.80909e-45
1.26117e-44
1.4013e-44
1.54143e-44
1.68156e-44
1.82169e-44
1.82169e-44
1.82169e-44
1.82169e-44
1.68156e-44
1.54143e-44
1.4013e-44
1.26117e-44
1.12104e-44
9.80909e-45
7.00649e-45
4.2039e-45
1.4013e-45
-1.4013e-45
-4.2039e-45
-7.00649e-45
-9.80909e-45
-1.26117e-44
-1.4013e-44
-1.54143e-44
-1.68156e-44
-1.82169e-44
-1.82169e-44
-1.82169e-44
-1.82169e-44
-1.68156e-44
-1.54143e-44
-1.4013e-44
-1.26117e-44
-1.12104e-44
-9.80909e-45
-7.00649e-45
-4.2039e-45
-1.4013e-45
1.4013e-45
4.2039e-45
7.00649e-45
9.80909e-45
1.26117e-44
1.4013e-44
1.54143e-44
1.68156e-44
1.82169e-44
1.82169e-44
1.82169e-44
1.82169e-44
1.68156e-44
1.54143e-44
1.4013e-44
1.26117e-44
1.12104e-44
9.80909e-45
7.00649e-45
4.2039e-45
1.4013e-45
-1.4013e-45
-4.2039e-45
-7.00649e-45
-9.80909e-45
-1.26117e-44
-1.4013e-44
-1.54143e-44
-1.68156e-44
-1.82169e-44
-1.82169e-44
-1.82169e-44
-1.82169e-44
-1.68156e-44
-1.54143e-44
-1.4013e-44
-1.26117e-44
-1.12104e-44
-9.80909e-45
-7.00649e-45
-4.2039e-45
-1.4013e-45
1.4013e-45
4.2039e-45
7.00649e-45
9.80909e-45
1.26117e-44
1.4013e-44
1.54143e-44
1.68156e-44
1.82169e-44
1.82169e-44
1.82169e-44
1.82169e-44
1.68156e-44
1.54143e-44
1.4013e-44
1.26117e-44
1.12104e-44
9.80909e-45
7.00649e-45
4.2039e-45
1.4013e-45
-1.4013e-45
-4.2039e-45
-7.00649e-45
-9.80909e-45
-1.26117e-44
-1.4013e-44
-1.54143e-44
-1.68156e-44
-1.82169e-44
-1.82169e-44
-1.82169e-44
-1.82169e-44
-1.68156e-44
-1.54143e-44
-1.4013e-44
-1.26117e-44
-1.12104e-44
-9.80909e-45
-7.00649e-45
-4.2039e-45
-1.4013e-45
1.4013e-45
4.2039e-45
7.00649e-45
9.80909e-45
1.26117e-44
1.4013e-44
1.54143e-44
1.68156e-44
1.82169e-44
1.82169e-44
1.82169e-44
1.82169e-44
1.68156e-44
1.54143e-44
1.4013e-44
1.26117e-44
1.12104e-44
9.80909e-45
7.00649e-45
4.2039e-45
1.4013e-45
-1.4013e-45
-4.2039e-45
-7.00649e-45
-9.80909e-45
-1.26117e-44
-1.4013e-44
-1.54143e-44
-1.68156e-44
-1.82169e-44
-1.82169e-44
-1.82169e-44
-1.82169e-44
-1.68156e-44
-1.54143e-44
-1.4013e-44
-1.26117e-44
-1.12104e-44
-9.80909e-45
-7.00649e-45
-4.2039e-45
-1.4013e-45
1.4013e-45
4.2039e-45
7.00649e-45
9.80909e-45
1.26117e-44
1.4013e-44
1.54143e-44
1.68156e-44
1.82169e-44
1.82169e-44
1.82169e-44
1.82169e-44
1.68156e-44
1.54143e-44
1.4013e-44
1.26117e-44
1.12104e-44
9.80909e-45
7.00649e-45
4.2039e-45
1.4013e-45
-1.4013e-45
-4.2039e-45
-7.00649e-45
-9.80909e-45
-1.26117e-44
-1.4013e-44
-1.54143e-44
-1.68156e-44
-1.82169e-44
-1.82169e-44
-1.82169e-44
-1.82169e-44
-1.68156e-44
-1.54143e-44
-1.4013e-44
-1.26117e-44
-1.12104e-44
-9.80909e-45
-7.00649e-45
-4.2039e-45
-1.4013e-45
1.4013e-45
4.2039e-45
7.00649e-45
9.80909e-45
1.26117e-44
1.4013e-44
1.54143e-44
1.68156e-44
1.82169e-44
1.82169e-44
1.82169e-44
1.82169e-44
1.68156e-44
1.54143e-44
1.4013e-44
1.26117e-44
1.12104e-44
9.80909e-45
7.00649e-45
4.2039e-45
1.4013e-45
-1.4013e-45
-4.2039e-45
-7.00649e-45
-9.80909e-45
-1.26117e-44
-1.4013e-44
-1.54143e-44
-1.68156e-44
-1.82169e-44
-1.82169e-44
-1.82169e-44
-1.82169e-44
-1.68156e-44
-1.54143e-44
-1.4013e-44
-1.26117e-44
-1.12104e-44
-9.80909e-45
-7.00649e-45
-4.2039e-45
-1.4013e-45
1.4013e-45
4.2039e-45
7.00649e-45
9.80909e-45
1.26117e-44
1.4013e-44
1.54143e-44
1.68156e-44
1.82169e-44
1.82169e-44
1.82169e-44
1.82169e-44
1.68156e-44
1.54143e-44
1.4013e-44
1.26117e-44
1.12104e-44
9.80909e-45
7.00649e-45
4.2039e-45
1.4013e-45
-1.4013e-45
-4.2039e-45
-7.00649e-45
-9.80909e-45
-1.26117e-44
-1.4013e-44
-1.54143e-44
-1.68156e-44
-1.82169e-44
-1.82169e-44
-1.82169e-44
-1.82169e-44
-1.68156e-44
-1.54143e-44
-1.4013e-44
-1.26117e-44
-1.12104e-44
-9.80909e-45
-7.00649e-45
-4.2039e-45
-1.4013e-45
1.4013e-45
4.2039e-45
7.00649e-45
9.80909e-45
1.26117e-44
1.4013e-44
1.54143e-44
1.68156e-44
1.82169e-44
1.82169e-44
1.82169e-44
1.82169e-44
1.68156e-44
1.54143e-44
1.4013e-44
1.26117e-44
1.12104e-44
9.80909e-45
7.00649e-45
4.2039e-45
1.4013e-45
-1.4013e-45
-4.2039e-45
-7.00649e-45
-9.80909e-45
-1.26117e-44
-1.4013e-44
-1.54143e-44
-1.68156e-44
-1.82169e-44
-1.82169e-44
-1.82169e-44
-1.82169e-44
-1.68156e-44
-1.54143e-44
-1.4013e-44
-1.26117e-44
-1.12104e-44
-9.80909e-45
-7.00649e-45
-4.2039e-45
-1.4013e-45
1.4013e-45
4.2039e-45
7.00649e-45
9.80909e-45
1.26117e-44
1.4013e-44
1.54143e-44
1.68156e-44
1.82169e-44
1.82169e-44
1.82169e-44
1.82169e-44
1.68156e-44
1.54143e-44
1.4013e-44
1.26117e-44
1.12104e-44
9.80909e-45
7.00649e-45
4.2039e-45
1.4013e-45
-1.4013e-45
-4.2039e-45
-7.00649e-45
-9.80909e-45
-1.26117e-44
-1.4013e-44
-1.54143e-44
-1.68156e-44
-1.82169e-44
-1.82169e-44
-1.82169e-44
-1.82169e-44
-1.68156e-44
-1.54143e-44
-1.4013e-44
-1.26117e-44
-1.12104e-44
-9.80909e-45
-7.00649e-45
-4.2039e-45
-1.4013e-45
1.4013e-45
4.2039e-45
7.00649e-45
9.80909e-45
1.26117e-44
1.4013e-44
1.54143e-44
1.68156e-44
1.82169e-44
1.82169e-44
1.82169e-44
1.82169e-44
1.68156e-44
1.54143e-44
1.4013e-44
1.26117e-44
1.12104e-44
9.80909e-45
7.00649e-45
4.2039e-45
1.4013e-45
-1.4013e-45
-4.2039e-45
-7.00649e-45
-9.80909e-45
-1.26117e-44
-1.4013e-44
-1.54143e-44
-1.68156e-44
-1.82169e-44
-1.82169e-44
-1.82169e-44
-1.82169e-44
-1.68156e-44
-1.54143e-44
-1.4013e-44
-1.26117e-44
-1.12104e-44
-9.80909e-45
-7.00649e-45
-4.2039e-45
-1.4013e-45
1.4013e-45
4.2039e-45
7.00649e-45
9.80909e-45
1.26117e-44
1.4013e-44
1.54143e-44
1.68156e-44
1.82169e-44
1.82169e-44
1.82169e-44
1.82169e-44
1.68156e-44
1.54143e-44
1.4013e-44
1.26117e-44
1.12104e-44
9.80909e-45
7.00649e-45
4.2039e-45
1.4013e-45
-1.4013e-45
-4.2039e-45
-7.00649e-45
-9.80909e-45
-1.26117e-44
-1.4013e-44
-1.54143e-44
-1.68156e-44
-1.82169e-44
-1.82169e-44
-1.82169e-44
-1.82169e-44
-1.68156e-44
-1.54143e-44
-1.4013e-44
-1.26117e-44
-1.12104e-44
-9.80909e-45
-7.00649e-45
-4.2039e-45
-1.4013e-45
1.4013e-45
4.2039e-45
7.00649e-45
9.80909e-45
1.26117e-44
1.4013e-44
1.54143e-44
1.68156e-44
1.82169e-44
1.82169e-44
1.82169e-44
1.82169e-44
1.68156e-44
1.54143e-44
1.4013e-44
1.26117e-44
1.12104e-44
9.80909e-45
7.00649e-45
4.2039e-45
1.4013e-45
-1.4013e-45
-4.2039e-45
-7.00649e-45
-9.80909e-45
-1.26117e-44
-1.4013e-44
-1.54143e-44
-1.68156e-44
-1.82169e-44
-1.82169e-44
-1.82169e-44
-1.82169e-44
-1.68156e-44
-1.54143e-44
-1.4013e-44
-1.26117e-44
-1.12104e-44
-9.80909e-45
-7.00649e-45
-4.2039e-45
-1.4013e-45
1.4013e-45
4.2039e-45
7.00649e-45
9.80909e-45
1.26117e-44
1.4013e-44
1.54143e-44
1.68156e-44
1.82169e-44
1.82169e-44
1.82169e-44
1.82169e-44
1.68156e-44
1.54143e-44
1.4013e-44
1.26117e-44
1.12104e-44
9.80909e-45
7.00649e-45
4.2039e-45
1.4013e-45
-1.4013e-45
-4.2039e-45
-7.00649e-45
-9.80909e-45
-1.26117e-44
-1.4013e-44
-1.54143e-44
-1.68156e-44
-1.82169e-44
-1.82169e-44
-1.82169e-44
-1.82169e-44
-1.68156e-44
-1.54143e-44
-1.4013e-44
-1.26117e-44
-1.12104e-44
-9.80909e-45
-7.00649e-45
-4.2039e-45
-1.4013e-45
1.4013e-45
4.2039e-45
7.00649e-45
9.80909e-45
1.26117e-44
1.4013e-44
1.54143e-44
1.68156e-44
1.82169e-44
1.82169e-44
1.82169e-44
1.82169e-44
1.68156e-44
1.54143e-44
1.4013e-44
1.26117e-44
1.12104e-44
9.80909e-45
7.00649e-45
4.2039e-45
1.4013e-45
-1.4013e-45
-4.2039e-45
-7.00649e-45
-9.80909e-45
-1.26117e-44
-1.4013e-44
-1.54143e-44
-1.68156e-44
-1.82169e-44
-1.82169e-44
-1.82169e-44
-1.82169e-44
-1.68156e-44
-1.54143e-44
-1.4013e-44
-1.26117e-44
-1.12104e-44
-9.80909e-45
-7.00649e-45
-4.2039e-45
-1.4013e-45
1.4013e-45
4.2039e-45
7.00649e-45
9.80909e-45
1.26117e-44
1.4013e-44
1.54143e-44
1.68156e-44
1.82169e-44
1.82169e-44
1.82169e-44
1.82169e-44
1.68156e-44
1.54143e-44
1.4013e-44
1.26117e-44
1.12104e-44
9.80909e-45
7.00649e-45
4.2039e-45
1.4013e-45
-1.4013e-45
-4.2039e-45
-7.00649e-45
-9.80909e-45
-1.26117e-44
-1.4013e-44
-1.54143e-44
-1.68156e-44
-1.82169e-44
-1.82169e-44
-1.82169e-44
-1.82169e-44
-1.68156e-44
-1.54143e-44
-1.4013e-44
-1.26117e-44
-1.12104e-44
-9.80909e-45
-7.00649e-45
-4.2039e-45
-1.4013e-45
1.4013e-45
4.2039e-45
7.00649e-45
9.80909e-45
1.26117e-44
1.4013e-44
1.54143e-44
1.68156e-44
1.82169e-44
1.82169e-44
1.82169e-44
1.82169e-44
1.68156e-44
1.54143e-44
1.4013e-44
1.26117e-44
1.12104e-44
9.80909e-45
7.00649e-45
4.2039e-45
1.4013e-45
-1.4013e-45
-4.2039e-45
-7.00649e-45
-9.80909e-45
-1.26117e-44
-1.4013e-44
-1.54143e-44
-1.68156e-44
-1.82169e-44
-1.82169e-44
-1.82169e-44
-1.82169e-44
-1.68156e-44
-1.54143e-44
-1.4013e-44
-1.26117e-44
-1.12104e-44
-9.80909e-45
-7.00649e-45
-4.2039e-45
-1.4013e-45
1.4013e-45
4.2039e-45
7.00649e-45
9.80909e-45
1.26117e-44
1.4013e-44
1.54143e-44
1.68156e-44
1.82169e-44
1.82169e-44
1.82169e-44
1.82169e-44
1.68156e-44
1.54143e-44
1.4013e-44
1.26117e-44
1.12104e-44
9.80909e-45
7.00649e-45
4.2039e-45
1.4013e-45
-1.4013e-45
-4.2039e-45
-7.00649e-45
-9.80909e-45
-1.26117e-44
-1.4013e-44
-1.54143e-44
-1.68156e-44
-1.82169e-44
-1.82169e-44
-1.82169e-44
-1.82169e-44
-1.68156e-44
-1.54143e-44
-1.4013e-44
-1.26117e-44
-1.12104e-44
-9.80909e-45
-7.00649e-45
-4.2039e-45
-1.4013e-45
1.4013e-45
4.2039e-45
7.00649e-45
9.80909e-45
1.26117e-44
1.4013e-44
1.54143e-44
1.68156e-44
1.82169e-44
1.82169e-44
1.82169e-44
1.82169e-44
1.68156e-44
1.54143e-44
1.4013e-44
1.26117e-44
1.12104e-44
9.80909e-45
7.00649e-45
4.2039e-45
1.4013e-45
-1.4013e-45
-4.2039e-45
-7.00649e-45
-9.80909e-45
-1.26117e-44
-1.4013e-44
-1.54143e-44
-1.68156e-44
-1.82169e-44
-1.82169e-44
-1.82169e-44
-1.82169e-44
-1.68156e-44
-1.54143e-44
-1.4013e-44
-1.26117e-44
-1.12104e-44
-9.80909e-45
-7.00649e-45
-4.2039e-45
-1.4013e-45
1.4013e-45
4.2039e-45
7.00649e-45
9.80909e-45
1.26117e-44
1.4013e-44
1.54143e-44
1.68156e-44
1.82169e-44
1.82169e-44
1.82169e-44
1.82169e-44
1.68156e-44
1.54143e-44
1.4013e-44
1.26117e-44
1.12104e-44
9.80909e-45
7.00649e-45
4.2039e-45
1.4013e-45
-1.4013e-45
-4.2039e-45
-7.00649e-45
-9.80909e-45
-1.26117e-44
-1.4013e-44
-1.54143e-44
-1.68156e-44
-1.82169e-44
-1.82169e-44
-1.82169e-44
-1.82169e-44
-1.68156e-44
-1.54143e-44
-1.4013e-44
-1.26117e-44
-1.12104e-44
-9.80909e-45
-7.00649e-45
-4.2039e-45
-1.4013e-45
1.4013e-45
4.2039e-45
7.00649e-45
9.80909e-45
1.26117e-44
1.4013e-44
1.54143e-44
1.68156e-44
1.82169e-44
1.82169e-44
1.82169e-44
1.82169e-44
1.68156e-44
1.54143e-44
1.4013e-44
1.26117e-44
1.12104e-44
9.80909e-45
7.00649e-45
4.2039e-45
1.4013e-45
-1.4013e-45
-4.2039e-45
-7.00649e-45
-9.80909e-45
-1.26117e-44
-1.4013e-44
-1.54143e-44
-1.68156e-44
-1.82169e-44
-1.82169e-44
-1.82169e-44
-1.82169e-44
-1.68156e-44
-1.54143e-44
-1.4013e-44
-1.26117e-44
-1.12104e-44
-9.80909e-45
-7.00649e-45
-4.2039e-45
-1.4013e-45
1.4013e-45
4.2039e-45
7.00649e-45
9.80909e-45
1.26117e-44
1.4013e-44
1.54143e-44
1.68156e-44
1.82169e-44
1.82169e-44
1.82169e-44
1.82169e-44
1.68156e-44
1.54143e-44
1.4013e-44
1.26117e-44
1.12104e-44
9.80909e-45
7.00649e-45
4.2039e-45
1.4013e-45
-1.4013e-45
-4.2039e-45
-7.00649e-45
-9.80909e-45
-1.26117e-44
-1.4013e-44
-1.54143e-44
-1.68156e-44
-1.82169e-44
-1.82169e-44
-1.82169e-44
-1.82169e-44
-1.68156e-44
-1.54143e-44
-1.4013e-44
-1.26117e-44
-1.12104e-44
-9.80909e-45
-7.00649e-45
-4.2039e-45
-1.4013e-45
1.4013e-45
4.2039e-45
7.00649e-45
9.80909e-45
1.26117e-44
1.4013e-44
1.54143e-44
1.68156e-44
1.82169e-44
1.82169e-44
1.82169e-44
1.82169e-44
1.68156e-44
1.54143e-44
1.4013e-44
1.26117e-44
1.12104e-44
9.80909e-45
7.00649e-45
4.2039e-45
1.4013e-45
-1.4013e-45
-4.2039e-45
-7.00649e-45
-9.80909e-45
-1.26117e-44
-1.4013e-44
-1.54143e-44
-1.68156e-44
-1.82169e-44
-1.82169e-44
-1.82169e-44
-1.82169e-44
-1.68156e-44
-1.54143e-44
-1.4013e-44
-1.26117e-44
-1.12104e-44
-9.80909e-45
-7.00649e-45
-4.2039e-45
-1.4013e-45
1.4013e-45
4.2039e-45
7.00649e-45
9.80909e-45
1.26117e-44
1.4013e-44
1.54143e-44
1.68156e-44
1.82169e-44
1.82169e-44
1.82169e-44
1.82169e-44
1.68156e-44
1.54143e-44
1.4013e-44
1.26117e-44
1.12104e-44
9.80909e-45
7.00649e-45
4.2039e-45
1.4013e-45
-1.4013e-45
-4.2039e-45
-7.00649e-45
-9.80909e-45
-1.26117e-44
-1.4013e-44
-1.54143e-44
-1.68156e-44
-1.82169e-44
-1.82169e-44
-1.82169e-44
-1.82169e-44
-1.68156e-44
-1.54143e-44
-1.4013e-44
-1.26117e-44
-1.12104e-44
-9.80909e-45
-7.00649e-45
-4.2039e-45
-1.4013e-45
1.4013e-45
4.2039e-45
7.00649e-45
9.80909e-45
1.26117e-44
1.4013e-44
1.54143e-44
1.68156e-44
1.82169e-44
1.82169e-44
1.82169e-44
1.82169e-44
1.68156e-44
1.54143e-44
1.4013e-44
1.26117e-44
1.12104e-44
9.80909e-45
7.00649e-45
4.2039e-45
1.4013e-45
-1.4013e-45
-4.2039e-45
-7.00649e-45
-9.80909e-45
-1.26117e-44
-1.4013e-44
-1.54143e-44
-1.68156e-44
-1.82169e-44
-1.82169e-44
-1.82169e-44
-1.82169e-44
-1.68156e-44
-1.54143e-44
-1.4013e-44
-1.26117e-44
-1.12104e-44
-9.80909e-45
-7.00649e-45
-4.2039e-45
-1.4013e-45
1.4013e-45
4.2039e-45
7.00649e-45
9.80909e-45
1.26117e-44
1.4013e-44
1.54143e-44
1.68156e-44
1.82169e-44
1.82169e-44
1.82169e-44
1.82169e-44
1.68156e-44
1.54143e-44
1.4013e-44
1.26117e-44
1.12104e-44
9.80909e-45
7.00649e-45
4.2039e-45
1.4013e-45
-1.4013e-45
-4.2039e-45
-7.00649e-45
-9.80909e-45
-1.26117e-44
-1.4013e-44
-1.54143e-44
-1.68156e-44
-1.82169e-44
-1.82169e-44
-1.82169e-44
-1.82169e-44
-1.68156e-44
-1.54143e-44
-1.4013e-44
-1.26117e-44
-1.12104e-44
-9.80909e-45
-7.00649e-45
-4.2039e-45
-1.4013e-45
1.4013e-45
4.2039e-45
7.00649e-45
9.80909e-45
1.26117e-44
1.4013e-44
1.54143e-44
1.68156e-44
1.82169e-44
1.82169e-44
1.82169e-44
1.82169e-44
1.68156e-44
1.54143e-44
1.4013e-44
1.26117e-44
1.12104e-44
9.80909e-45
7.00649e-45
4.2039e-45
1.4013e-45
-1.4013e-45
-4.2039e-45
-7.00649e-45
-9.80909e-45
-1.26117e-44
-1.4013e-44
-1.54143e-44
-1.68156e-44
-1.82169e-44
-1.82169e-44
-1.82169e-44
-1.82169e-44
-1.68156e-44
-1.54143e-44
-1.4013e-44
-1.26117e-44
-1.12104e-44
-9.80909e-45
-7.00649e-45
-4.2039e-45
-1.4013e-45
1.4013e-45
4.2039e-45
7.00649e-45
9.80909e-45
1.26117e-44
1.4013e-44
1.54143e-44
1.68156e-44
1.82169e-44
1.82169e-44
1.82169e-44
1.82169e-44
1.68156e-44
1.54143e-44
1.4013e-44
1.26117e-44
1.12104e-44
9.80909e-45
7.00649e-45
4.2039e-45
1.4013e-45
-1.4013e-45
-4.2039e-45
-7.00649e-45
-9.80909e-45
-1.26117e-44
-1.4013e-44
-1.54143e-44
-1.68156e-44
-1.82169e-44
-1.82169e-44
-1.82169e-44
-1.82169e-44
-1.68156e-44
-1.54143e-44
-1.4013e-44
-1.26117e-44
-1.12104e-44
-9.80909e-45
-7.00649e-45
-4.2039e-45
-1.4013e-45
1.4013e-45
4.2039e-45
7.00649e-45
9.80909e-45
1.26117e-44
1.4013e-44
1.54143e-44
1.68156e-44
1.82169e-44
1.82169e-44
1.82169e-44
1.82169e-44
1.68156e-44
1.54143e-44
1.4013e-44
1.26117e-44
1.12104e-44
9.80909e-45
7.00649e-45
4.2039e-45
1.4013e-45
-1.4013e-45
-4.2039e-45
-7.00649e-45
-9.80909e-45
-1.26117e-44
-1.4013e-44
-1.54143e-44
-1.68156e-44
-1.82169e-44
-1.82169e-44
-1.82169e-44
-1.82169e-44
-1.68156e-44
-1.54143e-44
-1.4013e-44
-1.26117e-44
-1.12104e-44
-9.80909e-45
-7.00649e-45
-4.2039e-45
-1.4013e-45
1.4013e-45
4.2039e-45
7.00649e-45
9.80909e-45
1.26117e-44
1.4013e-44
1.54143e-44
1.68156e-44
1.82169e-44
1.82169e-44
1.82169e-44
1.82169e-44
1.68156e-44
1.54143e-44
1.4013e-44
1.26117e-44
1.12104e-44
9.80909e-45
7.00649e-45
4.2039e-45
1.4013e-45
-1.4013e-45
-4.2039e-45
-7.00649e-45
-9.80909e-45
-1.26117e-44
-1.4013e-44
-1.54143e-44
-1.68156e-44
-1.82169e-44
-1.82169e-44
-1.82169e-44
-1.82169e-44
-1.68156e-44
-1.54143e-44
-1.4013e-44
-1.26117e-44
-1.12104e-44
-9.80909e-45
-7.00649e-45
-4.2039e-45
-1.4013e-45
1.4013e-45
4.2039e-45
7.00649e-45
9.80909e-45
1.26117e-44
1.4013e-44
1.54143e-44
1.68156e-44
1.82169e-44
1.82169e-44
1.82169e-44
1.82169e-44
1.68156e-44
1.54143e-44
1.4013e-44
1.26117e-44
1.12104e-44
9.80909e-45
7.00649e-45
4.2039e-45
1.4013e-45
-1.4013e-45
-4.2039e-45
-7.00649e-45
-9.80909e-45
-1.26117e-44
-1.4013e-44
-1.54143e-44
-1.68156e-44
-1.82169e-44
-1.82169e-44
-1.82169e-44
-1.82169e-44
-1.68156e-44
-1.54143e-44
-1.4013e-44
-1.26117e-44
-1.12104e-44
-9.80909e-45
-7.00649e-45
-4.2039e-45
-1.4013e-45
1.4013e-45
4.2039e-45
7.00649e-45
9.80909e-45
1.26117e-44
1.4013e-44
1.54143e-44
1.68156e-44
1.82169e-44
1.82169e-44
1.82169e-44
1.82169e-44
1.68156e-44
1.54143e-44
1.4013e-44
1.26117e-44
1.12104e-44
9.80909e-45
7.00649e-45
4.2039e-45
1.4013e-45
-1.4013e-45
-4.2039e-45
-7.00649e-45
-9.80909e-45
-1.26117e-44
-1.4013e-44
-1.54143e-44
-1.68156e-44
-1.82169e-44
-1.82169e-44
-1.82169e-44
-1.82169e-44
-1.68156e-44
-1.54143e-44
-1.4013e-44
-1.26117e-44
-1.12104e-44
-9.80909e-45
-7.00649e-45
-4.2039e-45
-1.4013e-45
1.4013e-45
4.2039e-45
7.00649e-45
9.80909e-45
1.26117e-44
1.4013e-44
1.54143e-44
1.68156e-44
1.82169e-44
1.82169e-44
1.82169e-44
1.82169e-44
1.68156e-44
1.54143e-44
1.4013e-44
1.26117e-44
1.12104e-44
9.80909e-45
7.00649e-45
4.2039e-45
1.4013e-45
-1.4013e-45
-4.2039e-45
-7.00649e-45
-9.80909e-45
-1.26117e-44
-1.4013e-44
-1.54143e-44
-1.68156e-44
-1.82169e-44
-1.82169e-44
-1.82169e-44
-1.82169e-44
-1.68156e-44
-1.54143e-44
-1.4013e-44
-1.26117e-44
-1.12104e-44
-9.80909e-45
-7.00649e-45
-4.2039e-45
-1.4013e-45
1.4013e-45
4.2039e-45
7.00649e-45
9.80909e-45
1.26117e-44
1.4013e-44
1.54143e-44
1.68156e-44
1.82169e-44
1.82169e-44
1.82169e-44
1.82169e-44
1.68156e-44
1.54143e-44
1.4013e-44
1.26117e-44
1.12104e-44
9.80909e-45
7.00649e-45
4.2039e-45
1.4013e-45
-1.4013e-45
-4.2039e-45
-7.00649e-45
-9.80909e-45
-1.26117e-44
-1.4013e-44
-1.54143e-44
-1.68156e-44
-1.82169e-44
-1.82169e-44
-1.82169e-44
-1.82169e-44
-1.68156e-44
-1.54143e-44
-1.4013e-44
-1.26117e-44
-1.12104e-44
-9.80909e-45
-7.00649e-45
-4.2039e-45
-1.4013e-45
1.4013e-45
4.2039e-45
7.00649e-45
9.80909e-45
1.26117e-44
1.4013e-44
1.54143e-44
1.68156e-44
1.82169e-44
1.82169e-44
1.82169e-44
1.82169e-44
1.68156e-44
1.54143e-44
1.4013e-44
1.26117e-44
1.12104e-44
9.80909e-45
7.00649e-45
4.2039e-45
1.4013e-45
-1.4013e-45
-4.2039e-45
-7.00649e-45
-9.80909e-45
-1.26117e-44
-1.4013e-44
-1.54143e-44
-1.68156e-44
-1.82169e-44
-1.82169e-44
-1.82169e-44
-1.82169e-44
-1.68156e-44
-1.54143e-44
-1.4013e-44
-1.26117e-44
-1.12104e-44
-9.80909e-45
-7.00649e-45
-4.2039e-45
-1.4013e-45
1.4013e-45
4.2039e-45
7.00649e-45
9.80909e-45
1.26117e-44
1.4013e-44
1.54143e-44
1.68156e-44
1.82169e-44
1.82169e-44
1.82169e-44
1.82169e-44
1.68156e-44
1.54143e-44
1.4013e-44
1.26117e-44
1.12104e-44
9.80909e-45
7.00649e-45
4.2039e-45
1.4013e-45
-1.4013e-45
-4.2039e-45
-7.00649e-45
-9.80909e-45
-1.26117e-44
-1.4013e-44
-1.54143e-44
-1.68156e-44
-1.82169e-44
-1.82169e-44
-1.82169e-44
-1.82169e-44
-1.68156e-44
-1.54143e-44
-1.4013e-44
-1.26117e-44
-1.12104e-44
-9.80909e-45
-7.00649e-45
-4.2039e-45
-1.4013e-45
1.4013e-45
4.2039e-45
7.00649e-45
9.80909e-45
1.26117e-44
1.4013e-44
1.54143e-44
1.68156e-44
1.82169e-44
1.82169e-44
1.82169e-44
1.82169e-44
1.68156e-44
1.54143e-44
1.4013e-44
1.26117e-44
1.12104e-44
9.80909e-45
7.00649e-45
4.2039e-45
1.4013e-45
-1.4013e-45
-4.2039e-45
-7.00649e-45
-9.80909e-45
-1.26117e-44
-1.4013e-44
-1.54143e-44
-1.68156e-44
-1.82169e-44
-1.82169e-44
-1.82169e-44
-1.82169e-44
-1.68156e-44
-1.54143e-44
-1.4013e-44
-1.26117e-44
-1.12104e-44
-9.80909e-45
-7.00649e-45
-4.2039e-45
-1.4013e-45
1.4013e-45
4.2039e-45
7.00649e-45
9.80909e-45
1.26117e-44
1.4013e-44
1.54143e-44
1.68156e-44
1.82169e-44
1.82169e-44
1.82169e-44
1.82169e-44
1.68156e-44
1.54143e-44
1.4013e-44
1.26117e-44
1.12104e-44
9.80909e-45
7.00649e-45
4.2039e-45
1.4013e-45
-1.4013e-45
-4.2039e-45
-7.00649e-45
-9.80909e-45
-1.26117e-44
-1.4013e-44
-1.54143e-44
-1.68156e-44
-1.82169e-44
-1.82169e-44
-1.82169e-44
-1.82169e-44
-1.68156e-44
-1.54143e-44
-1.4013e-44
-1.26117e-44
-1.12104e-44
-9.80909e-45
-7.00649e-45
-4.2039e-45
-1.4013e-45
1.4013e-45
4.2039e-45
7.00649e-45
9.80909e-45
1.26117e-44
1.4013e-44
1.54143e-44
1.68156e-44
1.82169e-44
1.82169e-44
1.82169e-44
1.82169e-44
1.68156e-44
1.54143e-44
1.4013e-44
1.26117e-44
1.12104e-44
9.80909e-45
7.00649e-45
4.2039e-45
1.4013e-45
-1.4013e-45
-4.2039e-45
-7.00649e-45
-9.80909e-45
-1.26117e-44
-1.4013e-44
-1.54143e-44
-1.68156e-44
-1.82169e-44
-1.82169e-44
-1.82169e-44
-1.82169e-44
-1.68156e-44
-1.54143e-44
-1.4013e-44
-1.26117e-44
-1.12104e-44
-9.80909e-45
-7.00649e-45
-4.2039e-45
-1.4013e-45
1.4013e-45
4.2039e-45
7.00649e-45
9.80909e-45
1.26117e-44
1.4013e-44
1.54143e-44
1.68156e-44
1.82169e-44
1.82169e-44
1.82169e-44
1.82169e-44
1.68156e-44
1.54143e-44
1.4013e-44
1.26117e-44
1.12104e-44
9.80909e-45
7.00649e-45
4.2039e-45
1.4013e-45
-1.4013e-45
-4.2039e-45
-7.00649e-45
-9.80909e-45
-1.26117e-44
-1.4013e-44
-1.54143e-44
-1.68156e-44
-1.82169e-44
-1.82169e-44
-1.82169e-44
-1.82169e-44
-1.68156e-44
-1.54143e-44
-1.4013e-44
-1.26117e-44
-1.12104e-44
-9.80909e-45
-7.00649e-45
-4.2039e-45
-1.4013e-45
1.4013e-45
4.2039e-45
7.00649e-45
9.80909e-45
1.26117e-44
1.4013e-44
1.54143e-44
1.68156e-44
1.82169e-44
1.82169e-44
1.82169e-44
1.82169e-44
1.68156e-44
1.54143e-44
1.4013e-44
1.26117e-44
1.12104e-44
9.80909e-45
7.00649e-45
4.2039e-45
1.4013e-45
-1.4013e-45
-4.2039e-45
-7.00649e-45
-9.80909e-45
-1.26117e-44
-1.4013e-44
-1.54143e-44
-1.68156e-44
-1.82169e-44
-1.82169e-44
-1.82169e-44
-1.82169e-44
-1.68156e-44
-1.54143e-44
-1.4013e-44
-1.26117e-44
-1.12104e-44
-9.80909e-45
-7.00649e-45
-4.2039e-45
-1.4013e-45
1.4013e-45
4.2039e-45
7.00649e-45
9.80909e-45
1.26117e-44
1.4013e-44
1.54143e-44
1.68156e-44
1.82169e-44
1.82169e-44
1.82169e-44
1.82169e-44
1.68156e-44
1.54143e-44
1.4013e-44
1.26117e-44
1.12104e-44
9.80909e-45
7.00649e-45
4.2039e-45
1.4013e-45
-1.4013e-45
-4.2039e-45
-7.00649e-45
-9.80909e-45
-1.26117e-44
-1.4013e-44
-1.54143e-44
-1.68156e-44
-1.82169e-44
-1.82169e-44
-1.82169e-44
-1.82169e-44
-1.68156e-44
-1.54143e-44
-1.4013e-44
-1.26117e-44
-1.12104e-44
-9.80909e-45
-7.00649e-45
-4.2039e-45
-1.4013e-45
1.4013e-45
4.2039e-45
7.00649e-45
9.80909e-45
1.26117e-44
1.4013e-44
1.54143e-44
1.68156e-44
1.82169e-44
1.82169e-44
1.82169e-44
1.82169e-44
1.68156e-44
1.54143e-44
1.4013e-44
1.26117e-44
1.12104e-44
9.80909e-45
7.00649e-45
4.2039e-45
1.4013e-45
-1.4013e-45
-4.2039e-45
-7.00649e-45
-9.80909e-45
-1.26117e-44
-1.4013e-44
-1.54143e-44
-1.68156e-44
-1.82169e-44
-1.82169e-44
-1.82169e-44
-1.82169e-44
-1.68156e-44
-1.54143e-44
-1.4013e-44
-1.26117e-44
-1.12104e-44
-9.80909e-45
-7.00649e-45
-4.2039e-45
-1.4013e-45
1.4013e-45
4.2039e-45
7.00649e-45
9.80909e-45
1.26117e-44
1.4013e-44
1.54143e-44
1.68156e-44
1.82169e-44
1.82169e-44
1.82169e-44
1.82169e-44
1.68156e-44
1.54143e-44
1.4013e-44
1.26117e-44
1.12104e-44
9.80909e-45
7.00649e-45
4.2039e-45
1.4013e-45
-1.4013e-45
-4.2039e-45
-7.00649e-45
-9.80909e-45
-1.26117e-44
-1.4013e-44
-1.54143e-44
-1.68156e-44
-1.82169e-44
-1.82169e-44
-1.82169e-44
-1.82169e-44
-1.68156e-44
-1.54143e-44
-1.4013e-44
-1.26117e-44
-1.12104e-44
-9.80909e-45
-7.00649e-45
-4.2039e-45
-1.4013e-45
1.4013e-45
4.2039e-45
7.00649e-45
9.80909e-45
1.26117e-44
1.4013e-44
1.54143e-44
1.68156e-44
1.82169e-44
1.82169e-44
1.82169e-44
1.82169e-44
1.68156e-44
1.54143e-44
1.4013e-44
1.26117e-44
1.12104e-44
9.80909e-45
7.00649e-45
4.2039e-45
1.4013e-45
-1.4013e-45
-4.2039e-45
-7.00649e-45
-9.80909e-45
-1.26117e-44
-1.4013e-44
-1.54143e-44
-1.68156e-44
-1.82169e-44
-1.82169e-44
-1.82169e-44
-1.82169e-44
-1.68156e-44
-1.54143e-44
-1.4013e-44
-1.26117e-44
-1.12104e-44
-9.80909e-45
-7.00649e-45
-4.2039e-45
-1.4013e-45
1.4013e-45
4.2039e-45
7.00649e-45
9.80909e-45
1.26117e-44
1.4013e-44
1.54143e-44
1.68156e-44
1.82169e-44
1.82169e-44
1.82169e-44
1.82169e-44
1.68156e-44
1.54143e-44
1.4013e-44
1.26117e-44
1.12104e-44
9.80909e-45
7.00649e-45
4.2039e-45
1.4013e-45
-1.4013e-45
-4.2039e-45
-7.00649e-45
-9.80909e-45
-1.26117e-44
-1.4013e-44
-1.54143e-44
-1.68156e-44
-1.82169e-44
-1.82169e-44
-1.82169e-44
-1.82169e-44
-1.68156e-44
-1.54143e-44
-1.4013e-44
-1.26117e-44
-1.12104e-44
-9.80909e-45
-7.00649e-45
-4.2039e-45
-1.4013e-45
1.4013e-45
4.2039e-45
7.00649e-45
9.80909e-45
1.26117e-44
1.4013e-44
1.54143e-44
1.68156e-44
1.82169e-44
1.82169e-44
1.82169e-44
1.82169e-44
1.68156e-44
1.54143e-44
1.4013e-44
1.26117e-44
1.12104e-44
9.80909e-45
7.00649e-45
4.2039e-45
1.4013e-45
-1.4013e-45
-4.2039e-45
-7.00649e-45
-9.80909e-45
-1.26117e-44
-1.4013e-44
-1.54143e-44
-1.68156e-44
-1.82169e-44
-1.82169e-44
-1.82169e-44
-1.82169e-44
-1.68156e-44
-1.54143e-44
-1.4013e-44
-1.26117e-44
-1.12104e-44
-9.80909e-45
-7.00649e-45
-4.2039e-45
-1.4013e-45
1.4013e-45
4.2039e-45
7.00649e-45
9.80909e-45
1.26117e-44
1.4013e-44
1.54143e-44
1.68156e-44
1.82169e-44
1.82169e-44
1.82169e-44
1.82169e-44
1.68156e-44
1.54143e-44
1.4013e-44
1.26117e-44
1.12104e-44
9.80909e-45
7.00649e-45
4.2039e-45
1.4013e-45
-1.4013e-45
-4.2039e-45
-7.00649e-45
-9.80909e-45
-1.26117e-44
-1.4013e-44
-1.54143e-44
-1.68156e-44
-1.82169e-44
-1.82169e-44
-1.82169e-44
-1.82169e-44
-1.68156e-44
-1.54143e-44
-1.4013e-44
-1.26117e-44
-1.12104e-44
-9.80909e-45
-7.00649e-45
-4.2039e-45
-1.4013e-45
1.4013e-45
4.2039e-45
7.00649e-45
9.80909e-45
1.26117e-44
1.4013e-44
1.54143e-44
1.68156e-44
1.82169e-44
1.82169e-44
1.82169e-44
1.82169e-44
1.68156e-44
1.54143e-44
1.4013e-44
1.26117e-44
1.12104e-44
9.80909e-45
7.00649e-45
4.2039e-45
1.4013e-45
-1.4013e-45
-4.2039e-45
-7.00649e-45
-9.80909e-45
-1.26117e-44
-1.4013e-44
-1.54143e-44
-1.68156e-44
-1.82169e-44
-1.82169e-44
-1.82169e-44
-1.82169e-44
-1.68156e-44
-1.54143e-44
-1.4013e-44
-1.26117e-44
-1.12104e-44
-9.80909e-45
-7.00649e-45
-4.2039e-45
-1.4013e-45
1.4013e-45
4.2039e-45
7.00649e-45
9.80909e-45
1.26117e-44
1.4013e-44
1.54143e-44
1.68156e-44
1.82169e-44
1.82169e-44
1.82169e-44
1.82169e-44
1.68156e-44
1.54143e-44
1.4013e-44
1.26117e-44
1.12104e-44
9.80909e-45
7.00649e-45
4.2039e-45
1.4013e-45
-1.4013e-45
-4.2039e-45
-7.00649e-45
-9.80909e-45
-1.26117e-44
-1.4013e-44
-1.54143e-44
-1.68156e-44
-1.82169e-44
-1.82169e-44
-1.82169e-44
-1.82169e-44
-1.68156e-44
-1.54143e-44
-1.4013e-44
-1.26117e-44
-1.12104e-44
-9.80909e-45
-7.00649e-45
-4.2039e-45
-1.4013e-45
1.4013e-45
4.2039e-45
7.00649e-45
9.80909e-45
1.26117e-44
1.4013e-44
1.54143e-44
1.68156e-44
1.82169e-44
1.82169e-44
1.82169e-44
1.82169e-44
1.68156e-44
1.54143e-44
1.4013e-44
1.26117e-44
1.12104e-44
9.80909e-45
7.00649e-45
4.2039e-45
1.4013e-45
-1.4013e-45
-4.2039e-45
-7.00649e-45
-9.80909e-45
-1.26117e-44
-1.4013e-44
-1.54143e-44
-1.68156e-44
-1.82169e-44
-1.82169e-44
-1.82169e-44
-1.82169e-44
-1.68156e-44
-1.54143e-44
-1.4013e-44
-1.26117e-44
-1.12104e-44
-9.80909e-45
-7.00649e-45
-4.2039e-45
-1.4013e-45
1.4013e-45
4.2039e-45
7.00649e-45
9.80909e-45
1.26117e-44
1.4013e-44
1.54143e-44
1.68156e-44
1.82169e-44
1.82169e-44
1.82169e-44
1.82169e-44
1.68156e-44
1.54143e-44
1.4013e-44
1.26117e-44
1.12104e-44
9.80909e-45
7.00649e-45
4.2039e-45
1.4013e-45
-1.4013e-45
-4.2039e-45
-7.00649e-45
-9.80909e-45
-1.26117e-44
-1.4013e-44
-1.54143e-44
-1.68156e-44
-1.82169e-44
-1.82169e-44
-1.82169e-44
-1.82169e-44
-1.68156e-44
-1.54143e-44
-1.4013e-44
-1.26117e-44
-1.12104e-44
-9.80909e-45
-7.00649e-45
-4.2039e-45
-1.4013e-45
1.4013e-45
4.2039e-45
7.00649e-45
9.80909e-45
1.26117e-44
1.4013e-44
1.54143e-44
1.68156e-44
1.82169e-44
1.82169e-44
1.82169e-44
1.82169e-44
1.68156e-44
1.54143e-44
1.4013e-44
1.26117e-44
1.12104e-44
9.80909e-45
7.00649e-45
4.2039e-45
1.4013e-45
-1.4013e-45
-4.2039e-45
-7.00649e-45
-9.80909e-45
-1.26117e-44
-1.4013e-44
-1.54143e-44
-1.68156e-44
-1.82169e-44
-1.82169e-44
-1.82169e-44
-1.82169e-44
-1.68156e-44
-1.54143e-44
-1.4013e-44
-1.26117e-44
-1.12104e-44
-9.80909e-45
-7.00649e-45
-4.2039e-45
-1.4013e-45
1.4013e-45
4.2039e-45
7.00649e-45
9.80909e-45
1.26117e-44
1.4013e-44
1.54143e-44
1.68156e-44
1.82169e-44
1.82169e-44
1.82169e-44
1.82169e-44
1.68156e-44
1.54143e-44
1.4013e-44
1.26117e-44
1.12104e-44
9.80909e-45
7.00649e-45
4.2039e-45
1.4013e-45
-1.4013e-45
-4.2039e-45
-7.00649e-45
-9.80909e-45
-1.26117e-44
-1.4013e-44
-1.54143e-44
-1.68156e-44
-1.82169e-44
-1.82169e-44
-1.82169e-44
-1.82169e-44
-1.68156e-44
-1.54143e-44
-1.4013e-44
-1.26117e-44
-1.12104e-44
-9.80909e-45
-7.00649e-45
-4.2039e-45
-1.4013e-45
1.4013e-45
4.2039e-45
7.00649e-45
9.80909e-45
1.26117e-44
1.4013e-44
1.54143e-44
1.68156e-44
1.82169e-44
1.82169e-44
1.82169e-44
1.82169e-44
1.68156e-44
1.54143e-44
1.4013e-44
1.26117e-44
1.12104e-44
9.80909e-45
7.00649e-45
4.2039e-45
1.4013e-45
-1.4013e-45
-4.2039e-45
-7.00649e-45
-9.80909e-45
-1.26117e-44
-1.4013e-44
-1.54143e-44
-1.68156e-44
-1.82169e-44
-1.82169e-44
-1.82169e-44
-1.82169e-44
-1.68156e-44
-1.54143e-44
-1.4013e-44
-1.26117e-44
-1.12104e-44
-9.80909e-45
-7.00649e-45
-4.2039e-45
-1.4013e-45
1.4013e-45
4.2039e-45
7.00649e-45
9.80909e-45
1.26117e-44
1.4013e-44
1.54143e-44
1.68156e-44
1.82169e-44
1.82169e-44
1.82169e-44
1.82169e-44
1.68156e-44
1.54143e-44
1.4013e-44
1.26117e-44
1.12104e-44
9.80909e-45
7.00649e-45
4.2039e-45
1.4013e-45
-1.4013e-45
-4.2039e-45
-7.00649e-45
-9.80909e-45
-1.26117e-44
-1.4013e-44
-1.54143e-44
-1.68156e-44
-1.82169e-44
-1.82169e-44
-1.82169e-44
-1.82169e-44
-1.68156e-44
-1.54143e-44
-1.4013e-44
-1.26117e-44
-1.12104e-44
-9.80909e-45
-7.00649e-45
-4.2039e-45
-1.4013e-45
1.4013e-45
4.2039e-45
7.00649e-45
9.80909e-45
1.26117e-44
1.4013e-44
1.54143e-44
1.68156e-44
1.82169e-44
1.82169e-44
1.82169e-44
1.82169e-44
1.68156e-44
1.54143e-44
1.4013e-44
1.26117e-44
1.12104e-44
9.80909e-45
7.00649e-45
4.2039e-45
1.4013e-45
-1.4013e-45
-4.2039e-45
-7.00649e-45
-9.80909e-45
-1.26117e-44
-1.4013e-44
-1.54143e-44
-1.68156e-44
-1.82169e-44
-1.82169e-44
-1.82169e-44
-1.82169e-44
-1.68156e-44
-1.54143e-44
-1.4013e-44
-1.26117e-44
-1.12104e-44
-9.80909e-45
-7.00649e-45
-4.2039e-45
-1.4013e-45
1.4013e-45
4.2039e-45
7.00649e-45
9.80909e-45
1.26117e-44
1.4013e-44
1.54143e-44
1.68156e-44
1.82169e-44
1.82169e-44
1.82169e-44
1.82169e-44
1.68156e-44
1.54143e-44
1.4013e-44
1.26117e-44
1.12104e-44
9.80909e-45
7.00649e-45
4.2039e-45
1.4013e-45
-1.4013e-45
-4.2039e-45
-7.00649e-45
-9.80909e-45
-1.26117e-44
-1.4013e-44
-1.54143e-44
-1.68156e-44
-1.82169e-44
-1.82169e-44
-1.82169e-44
-1.82169e-44
-1.68156e-44
-1.54143e-44
-1.4013e-44
-1.26117e-44
-1.12104e-44
-9.80909e-45
-7.00649e-45
-4.2039e-45
-1.4013e-45
1.4013e-45
4.2039e-45
7.00649e-45
9.80909e-45
1.26117e-44
1.4013e-44
1.54143e-44
1.68156e-44
1.82169e-44
1.82169e-44
1.82169e-44
1.82169e-44
1.68156e-44
1.54143e-44
1.4013e-44
1.26117e-44
1.12104e-44
9.80909e-45
7.00649e-45
4.2039e-45
1.4013e-45
-1.4013e-45
-4.2039e-45
-7.00649e-45
-9.80909e-45
-1.26117e-44
-1.4013e-44
-1.54143e-44
-1.68156e-44
-1.82169e-44
-1.82169e-44
-1.82169e-44
-1.82169e-44
-1.68156e-44
-1.54143e-44
-1.4013e-44
-1.26117e-44
-1.12104e-44
-9.80909e-45
-7.00649e-45
-4.2039e-45
-1.4013e-45
1.4013e-45
4.2039e-45
7.00649e-45
9.80909e-45
1.26117e-44
1.4013e-44
1.54143e-44
1.68156e-44
1.82169e-44
1.82169e-44
1.82169e-44
1.82169e-44
1.68156e-44
1.54143e-44
1.4013e-44
1.26117e-44
1.12104e-44
9.80909e-45
7.00649e-45
4.2039e-45
1.4013e-45
-1.4013e-45
-4.2039e-45
-7.00649e-45
-9.80909e-45
-1.26117e-44
-1.4013e-44
-1.54143e-44
-1.68156e-44
-1.82169e-44
-1.82169e-44
-1.82169e-44
-1.82169e-44
-1.68156e-44
-1.54143e-44
-1.4013e-44
-1.26117e-44
-1.12104e-44
-9.80909e-45
-7.00649e-45
-4.2039e-45
-1.4013e-45
1.4013e-45
4.2039e-45
7.00649e-45
9.80909e-45
1.26117e-44
1.4013e-44
1.54143e-44
1.68156e-44
1.82169e-44
1.82169e-44
1.82169e-44
1.82169e-44
1.68156e-44
1.54143e-44
1.4013e-44
1.26117e-44
1.12104e-44
9.80909e-45
7.00649e-45
4.2039e-45
1.4013e-45
-1.4013e-45
-4.2039e-45
-7.00649e-45
-9.80909e-45
-1.26117e-44
-1.4013e-44
-1.54143e-44
-1.68156e-44
-1.82169e-44
-1.82169e-44
-1.82169e-44
-1.82169e-44
-1.68156e-44
-1.54143e-44
-1.4013e-44
-1.26117e-44
-1.12104e-44
-9.80909e-45
-7.00649e-45
-4.2039e-45
-1.4013e-45
1.4013e-45
4.2039e-45
7.00649e-45
9.80909e-45
1.26117e-44
1.4013e-44
1.54143e-44
1.68156e-44
1.82169e-44
1.82169e-44
1.82169e-44
1.82169e-44
1.68156e-44
1.54143e-44
1.4013e-44
1.26117e-44
1.12104e-44
9.80909e-45
7.00649e-45
4.2039e-45
1.4013e-45
-1.4013e-45
-4.2039e-45
-7.00649e-45
-9.80909e-45
-1.26117e-44
-1.4013e-44
-1.54143e-44
-1.68156e-44
-1.82169e-44
-1.82169e-44
-1.82169e-44
-1.82169e-44
-1.68156e-44
-1.54143e-44
-1.4013e-44
-1.26117e-44
-1.12104e-44
-9.80909e-45
-7.00649e-45
-4.2039e-45
-1.4013e-45
1.4013e-45
4.2039e-45
7.00649e-45
9.80909e-45
1.26117e-44
1.4013e-44
1.54143e-44
1.68156e-44
1.82169e-44
1.82169e-44
1.82169e-44
1.82169e-44
1.68156e-44
1.54143e-44
1.4013e-44
1.26117e-44
1.12104e-44
9.80909e-45
7.00649e-45
4.2039e-45
1.4013e-45
-1.4013e-45
-4.2039e-45
-7.00649e-45
-9.80909e-45
-1.26117e-44
-1.4013e-44
-1.54143e-44
-1.68156e-44
-1.82169e-44
-1.82169e-44
-1.82169e-44
-1.82169e-44
-1.68156e-44
-1.54143e-44
-1.4013e-44
-1.26117e-44
-1.12104e-44
-9.80909e-45
-7.00649e-45
-4.2039e-45
-1.4013e-45
1.4013e-45
4.2039e-45
7.00649e-45
9.80909e-45
1.26117e-44
1.4013e-44
1.54143e-44
1.68156e-44
1.82169e-44
1.82169e-44
1.82169e-44
1.82169e-44
1.68156e-44
1.54143e-44
1.4013e-44
1.26117e-44
1.12104e-44
9.80909e-45
7.00649e-45
4.2039e-45
1.4013e-45
-1.4013e-45
-4.2039e-45
-7.00649e-45
-9.80909e-45
-1.26117e-44
-1.4013e-44
-1.54143e-44
-1.68156e-44
-1.82169e-44
-1.82169e-44
-1.82169e-44
-1.82169e-44
-1.68156e-44
-1.54143e-44
-1.4013e-44
-1.26117e-44
-1.12104e-44
-9.80909e-45
-7.00649e-45
-4.2039e-45
-1.4013e-45
1.4013e-45
4.2039e-45
7.00649e-45
9.80909e-45
1.26117e-44
1.4013e-44
1.54143e-44
1.68156e-44
1.82169e-44
1.82169e-44
1.82169e-44
1.82169e-44
1.68156e-44
1.54143e-44
1.4013e-44
1.26117e-44
1.12104e-44
9.80909e-45
7.00649e-45
4.2039e-45
1.4013e-45
-1.4013e-45
-4.2039e-45
-7.00649e-45
-9.80909e-45
-1.26117e-44
-1.4013e-44
-1.54143e-44
-1.68156e-44
-1.82169e-44
-1.82169e-44
-1.82169e-44
-1.82169e-44
-1.68156e-44
-1.54143e-44
-1.4013e-44
-1.26117e-44
-1.12104e-44
-9.80909e-45
-7.00649e-45
-4.2039e-45
-1.4013e-45
1.4013e-45
4.2039e-45
7.00649e-45
9.80909e-45
1.26117e-44
1.4013e-44
1.54143e-44
1.68156e-44
1.82169e-44
1.82169e-44
1.82169e-44
1.82169e-44
1.68156e-44
1.54143e-44
1.4013e-44
1.26117e-44
1.12104e-44
9.80909e-45
7.00649e-45
4.2039e-45
1.4013e-45
-1.4013e-45
-4.2039e-45
-7.00649e-45
-9.80909e-45
-1.26117e-44
-1.4013e-44
-1.54143e-44
-1.68156e-44
-1.82169e-44
-1.82169e-44
-1.82169e-44
-1.82169e-44
-1.68156e-44
-1.54143e-44
-1.4013e-44
-1.26117e-44
-1.12104e-44
-9.80909e-45
-7.00649e-45
-4.2039e-45
-1.4013e-45
1.4013e-45
4.2039e-45
7.00649e-45
9.80909e-45
1.26117e-44
1.4013e-44
1.54143e-44
1.68156e-44
1.82169e-44
1.82169e-44
1.82169e-44
1.82169e-44
1.68156e-44
1.54143e-44
1.4013e-44
1.26117e-44
1.12104e-44
9.80909e-45
7.00649e-45
4.2039e-45
1.4013e-45
-1.4013e-45
-4.2039e-45
-7.00649e-45
-9.80909e-45
-1.26117e-44
-1.4013e-44
-1.54143e-44
-1.68156e-44
-1.82169e-44
-1.82169e-44
-1.82169e-44
-1.82169e-44
-1.68156e-44
-1.54143e-44
-1.4013e-44
-1.26117e-44
-1.12104e-44
-9.80909e-45
-7.00649e-45
-4.2039e-45
-1.4013e-45
1.4013e-45
4.2039e-45
7.00649e-45
9.80909e-45
1.26117e-44
1.4013e-44
1.54143e-44
1.68156e-44
1.82169e-44
1.82169e-44
1.82169e-44
1.82169e-44
1.68156e-44
1.54143e-44
1.4013e-44
1.26117e-44
1.12104e-44
9.80909e-45
7.00649e-45
4.2039e-45
1.4013e-45
-1.4013e-45
-4.2039e-45
-7.00649e-45
-9.80909e-45
-1.26117e-44
-1.4013e-44
-1.54143e-44
-1.68156e-44
-1.82169e-44
-1.82169e-44
-1.82169e-44
-1.82169e-44
-1.68156e-44
-1.54143e-44
-1.4013e-44
-1.26117e-44
-1.12104e-44
-9.80909e-45
-7.00649e-45
-4.2039e-45
-1.4013e-45
1.4013e-45
4.2039e-45
7.00649e-45
9.80909e-45
1.26117e-44
1.4013e-44
1.54143e-44
1.68156e-44
1.82169e-44
1.82169e-44
1.82169e-44
1.82169e-44
1.68156e-44
1.54143e-44
1.4013e-44
1.26117e-44
1.12104e-44
9.80909e-45
7.00649e-45
4.2039e-45
1.4013e-45
-1.4013e-45
-4.2039e-45
-7.00649e-45
-9.80909e-45
-1.26117e-44
-1.4013e-44
-1.54143e-44
-1.68156e-44
-1.82169e-44
-1.82169e-44
-1.82169e-44
-1.82169e-44
-1.68156e-44
-1.54143e-44
-1.4013e-44
-1.26117e-44
-1.12104e-44
-9.80909e-45
-7.00649e-45
-4.2039e-45
-1.4013e-45
1.4013e-45
4.2039e-45
7.00649e-45
9.80909e-45
1.26117e-44
1.4013e-44
1.54143e-44
1.68156e-44
1.82169e-44
1.82169e-44
1.82169e-44
1.82169e-44
1.68156e-44
1.54143e-44
1.4013e-44
1.26117e-44
1.12104e-44
9.80909e-45
7.00649e-45
4.2039e-45
1.4013e-45
-1.4013e-45
-4.2039e-45
-7.00649e-45
-9.80909e-45
-1.26117e-44
-1.4013e-44
-1.54143e-44
-1.68156e-44
-1.82169e-44
-1.82169e-44
-1.82169e-44
-1.82169e-44
-1.68156e-44
-1.54143e-44
-1.4013e-44
-1.26117e-44
-1.12104e-44
-9.80909e-45
-7.00649e-45
-4.2039e-45
-1.4013e-45
1.4013e-45
4.2039e-45
7.00649e-45
9.80909e-45
1.26117e-44
1.4013e-44
1.54143e-44
1.68156e-44
1.82169e-44
1.82169e-44
1.82169e-44
1.82169e-44
1.68156e-44
1.54143e-44
1.4013e-44
1.26117e-44
1.12104e-44
9.80909e-45
7.00649e-45
4.2039e-45
1.4013e-45
-1.4013e-45
-4.2039e-45
-7.00649e-45
-9.80909e-45
-1.26117e-44
-1.4013e-44
-1.54143e-44
-1.68156e-44
-1.82169e-44
-1.82169e-44
-1.82169e-44
-1.82169e-44
-1.68156e-44
-1.54143e-44
-1.4013e-44
-1.26117e-44
-1.12104e-44
-9.80909e-45
-7.00649e-45
-4.2039e-45
-1.4013e-45
1.4013e-45
4.2039e-45
7.00649e-45
9.80909e-45
1.26117e-44
1.4013e-44
1.54143e-44
1.68156e-44
1.82169e-44
1.82169e-44
1.82169e-44
1.82169e-44
1.68156e-44
1.54143e-44
1.4013e-44
1.26117e-44
1.12104e-44
9.80909e-45
7.00649e-45
4.2039e-45
1.4013e-45
-1.4013e-45
-4.2039e-45
-7.00649e-45
-9.80909e-45
-1.26117e-44
-1.4013e-44
-1.54143e-44
-1.68156e-44
-1.82169e-44
-1.82169e-44
-1.82169e-44
-1.82169e-44
-1.68156e-44
-1.54143e-44
-1.4013e-44
-1.26117e-44
-1.12104e-44
-9.80909e-45
-7.00649e-45
-4.2039e-45
-1.4013e-45
1.4013e-45
4.2039e-45
7.00649e-45
9.80909e-45
1.26117e-44
1.4013e-44
1.54143e-44
1.68156e-44
1.82169e-44
1.82169e-44
1.82169e-44
1.82169e-44
1.68156e-44
1.54143e-44
1.4013e-44
1.26117e-44
1.12104e-44
9.80909e-45
7.00649e-45
4.2039e-45
1.4013e-45
-1.4013e-45
-4.2039e-45
-7.00649e-45
-9.80909e-45
-1.26117e-44
-1.4013e-44
-1.54143e-44
-1.68156e-44
-1.82169e-44
-1.82169e-44
-1.82169e-44
-1.82169e-44
-1.68156e-44
-1.54143e-44
-1.4013e-44
-1.26117e-44
-1.12104e-44
-9.80909e-45
-7.00649e-45
-4.2039e-45
-1.4013e-45
1.4013e-45
4.2039e-45
7.00649e-45
9.80909e-45
1.26117e-44
1.4013e-44
1.54143e-44
1.68156e-44
1.82169e-44
1.82169e-44
1.82169e-44
1.82169e-44
1.68156e-44
1.54143e-44
1.4013e-44
1.26117e-44
1.12104e-44
9.80909e-45
7.00649e-45
4.2039e-45
1.4013e-45
-1.4013e-45
-4.2039e-45
-7.00649e-45
-9.80909e-45
-1.26117e-44
-1.4013e-44
-1.54143e-44
-1.68156e-44
-1.82169e-44
-1.82169e-44
-1.82169e-44
-1.82169e-44
-1.68156e-44
-1.54143e-44
-1.4013e-44
-1.26117e-44
-1.12104e-44
-9.80909e-45
-7.00649e-45
-4.2039e-45
-1.4013e-45
1.4013e-45
4.2039e-45
7.00649e-45
9.80909e-45
1.26117e-44
1.4013e-44
1.54143e-44
1.68156e-44
1.82169e-44
1.82169e-44
1.82169e-44
1.82169e-44
1.68156e-44
1.54143e-44
1.4013e-44
1.26117e-44
1.12104e-44
9.80909e-45
7.00649e-45
4.2039e-45
1.4013e-45
-1.4013e-45
-4.2039e-45
-7.00649e-45
-9.80909e-45
-1.26117e-44
-1.4013e-44
-1.54143e-44
-1.68156e-44
-1.82169e-44
-1.82169e-44
-1.82169e-44
-1.82169e-44
-1.68156e-44
-1.54143e-44
-1.4013e-44
-1.26117e-44
-1.12104e-44
-9.80909e-45
-7.00649e-45
-4.2039e-45
-1.4013e-45
1.4013e-45
4.2039e-45
7.00649e-45
9.80909e-45
1.26117e-44
1.4013e-44
1.54143e-44
1.68156e-44
1.82169e-44
1.82169e-44
1.82169e-44
1.82169e-44
1.68156e-44
1.54143e-44
1.4013e-44
1.26117e-44
1.12104e-44
9.80909e-45
7.00649e-45
4.2039e-45
1.4013e-45
-1.4013e-45
-4.2039e-45
-7.00649e-45
-9.80909e-45
-1.26117e-44
-1.4013e-44
-1.54143e-44
-1.68156e-44
-1.82169e-44
-1.82169e-44
-1.82169e-44
-1.82169e-44
-1.68156e-44
-1.54143e-44
-1.4013e-44
-1.26117e-44
-1.12104e-44
-9.80909e-45
-7.00649e-45
-4.2039e-45
-1.4013e-45
1.4013e-45
4.2039e-45
7.00649e-45
9.80909e-45
1.26117e-44
1.4013e-44
1.54143e-44
1.68156e-44
1.82169e-44
1.82169e-44
1.82169e-44
1.82169e-44
1.68156e-44
1.54143e-44
1.4013e-44
1.26117e-44
1.12104e-44
9.80909e-45
7.00649e-45
4.2039e-45
1.4013e-45
-1.4013e-45
-4.2039e-45
-7.00649e-45
-9.80909e-45
-1.26117e-44
-1.4013e-44
-1.54143e-44
-1.68156e-44
-1.82169e-44
-1.82169e-44
-1.82169e-44
-1.82169e-44
-1.68156e-44
-1.54143e-44
-1.4013e-44
-1.26117e-44
-1.12104e-44
-9.80909e-45
-7.00649e-45
-4.2039e-45
-1.4013e-45
1.4013e-45
4.2039e-45
7.00649e-45
9.80909e-45
1.26117e-44
1.4013e-44
1.54143e-44
1.68156e-44
1.82169e-44
1.82169e-44
1.82169e-44
1.82169e-44
1.68156e-44
1.54143e-44
1.4013e-44
1.26117e-44
1.12104e-44
9.80909e-45
7.00649e-45
4.2039e-45
1.4013e-45
-1.4013e-45
-4.2039e-45
-7.00649e-45
-9.80909e-45
-1.26117e-44
-1.4013e-44
-1.54143e-44
-1.68156e-44
-1.82169e-44
-1.82169e-44
-1.82169e-44
-1.82169e-44
-1.68156e-44
-1.54143e-44
-1.4013e-44
-1.26117e-44
-1.12104e-44
-9.80909e-45
-7.00649e-45
-4.2039e-45
-1.4013e-45
1.4013e-45
4.2039e-45
7.00649e-45
9.80909e-45
1.26117e-44
1.4013e-44
1.54143e-44
1.68156e-44
1.82169e-44
1.82169e-44
1.82169e-44
1.82169e-44
1.68156e-44
1.54143e-44
1.4013e-44
1.26117e-44
1.12104e-44
9.80909e-45
7.00649e-45
4.2039e-45
1.4013e-45
-1.4013e-45
-4.2039e-45
-7.00649e-45
-9.80909e-45
-1.26117e-44
-1.4013e-44
-1.54143e-44
-1.68156e-44
-1.82169e-44
-1.82169e-44
-1.82169e-44
-1.82169e-44
-1.68156e-44
-1.54143e-44
-1.4013e-44
-1.26117e-44
-1.12104e-44
-9.80909e-45
-7.00649e-45
-4.2039e-45
-1.4013e-45
1.4013e-45
4.2039e-45
7.00649e-45
9.80909e-45
1.26117e-44
1.4013e-44
1.54143e-44
1.68156e-44
1.82169e-44
1.82169e-44
1.82169e-44
1.82169e-44
1.68156e-44
1.54143e-44
1.4013e-44
1.26117e-44
1.12104e-44
9.80909e-45
7.00649e-45
4.2039e-45
1.4013e-45
-1.4013e-45
-4.2039e-45
-7.00649e-45
-9.80909e-45
-1.26117e-44
-1.4013e-44
-1.54143e-44
-1.68156e-44
-1.82169e-44
-1.82169e-44
-1.82169e-44
-1.82169e-44
-1.68156e-44
-1.54143e-44
-1.4013e-44
-1.26117e-44
-1.12104e-44
-9.80909e-45
-7.00649e-45
-4.2039e-45
-1.4013e-45
1.4013e-45
4.2039e-45
7.00649e-45
9.80909e-45
1.26117e-44
1.4013e-44
1.54143e-44
1.68156e-44
1.82169e-44
1.82169e-44
1.82169e-44
1.82169e-44
1.68156e-44
1.54143e-44
1.4013e-44
1.26117e-44
1.12104e-44
9.80909e-45
7.00649e-45
4.2039e-45
1.4013e-45
-1.4013e-45
-4.2039e-45
-7.00649e-45
-9.80909e-45
-1.26117e-44
-1.4013e-44
-1.54143e-44
-1.68156e-44
-1.82169e-44
-1.82169e-44
-1.82169e-44
-1.82169e-44
-1.68156e-44
-1.54143e-44
-1.4013e-44
-1.26117e-44
-1.12104e-44
-9.80909e-45
-7.00649e-45
-4.2039e-45
-1.4013e-45
1.4013e-45
4.2039e-45
7.00649e-45
9.80909e-45
1.26117e-44
1.4013e-44
1.54143e-44
1.68156e-44
1.82169e-44
1.82169e-44
1.82169e-44
1.82169e-44
1.68156e-44
1.54143e-44
1.4013e-44
1.26117e-44
1.12104e-44
9.80909e-45
7.00649e-45
4.2039e-45
1.4013e-45
-1.4013e-45
-4.2039e-45
-7.00649e-45
-9.80909e-45
-1.26117e-44
-1.4013e-44
-1.54143e-44
-1.68156e-44
-1.82169e-44
-1.82169e-44
-1.82169e-44
-1.82169e-44
-1.68156e-44
-1.54143e-44
-1.4013e-44
-1.26117e-44
-1.12104e-44
-9.80909e-45
-7.00649e-45
-4.2039e-45
-1.4013e-45
1.4013e-45
4.2039e-45
7.00649e-45
9.80909e-45
1.26117e-44
1.4013e-44
1.54143e-44
1.68156e-44
1.82169e-44
1.82169e-44
1.82169e-44
1.82169e-44
1.68156e-44
1.54143e-44
1.4013e-44
1.26117e-44
1.12104e-44
9.80909e-45
7.00649e-45
4.2039e-45
1.4013e-45
-1.4013e-45
-4.2039e-45
-7.00649e-45
-9.80909e-45
-1.26117e-44
-1.4013e-44
-1.54143e-44
-1.68156e-44
-1.82169e-44
-1.82169e-44
-1.82169e-44
-1.82169e-44
-1.68156e-44
-1.54143e-44
-1.4013e-44
-1.26117e-44
-1.12104e-44
-9.80909e-45
-7.00649e-45
-4.2039e-45
-1.4013e-45
1.4013e-45
4.2039e-45
7.00649e-45
9.80909e-45
1.26117e-44
1.4013e-44
1.54143e-44
1.68156e-44
1.82169e-44
1.82169e-44
1.82169e-44
1.82169e-44
1.68156e-44
1.54143e-44
1.4013e-44
1.26117e-44
1.12104e-44
9.80909e-45
7.00649e-45
4.2039e-45
1.4013e-45
-1.4013e-45
-4.2039e-45
-7.00649e-45
-9.80909e-45
-1.26117e-44
-1.4013e-44
-1.54143e-44
-1.68156e-44
-1.82169e-44
-1.82169e-44
-1.82169e-44
-1.82169e-44
-1.68156e-44
-1.54143e-44
-1.4013e-44
-1.26117e-44
-1.12104e-44
-9.80909e-45
-7.00649e-45
-4.2039e-45
-1.4013e-45
1.4013e-45
4.2039e-45
7.00649e-45
9.80909e-45
1.26117e-44
1.4013e-44
1.54143e-44
1.68156e-44
1.82169e-44
1.82169e-44
1.82169e-44
1.82169e-44
1.68156e-44
1.54143e-44
1.4013e-44
1.26117e-44
1.12104e-44
9.80909e-45
7.00649e-45
4.2039e-45
1.4013e-45
-1.4013e-45
-4.2039e-45
-7.00649e-45
-9.80909e-45
-1.26117e-44
-1.4013e-44
-1.54143e-44
-1.68156e-44
-1.82169e-44
-1.82169e-44
-1.82169e-44
-1.82169e-44
-1.68156e-44
-1.54143e-44
-1.4013e-44
-1.26117e-44
-1.12104e-44
-9.80909e-45
-7.00649e-45
-4.2039e-45
-1.4013e-45
1.4013e-45
4.2039e-45
7.00649e-45
9.80909e-45
1.26117e-44
1.4013e-44
1.54143e-44
1.68156e-44
1.82169e-44
1.82169e-44
1.82169e-44
1.82169e-44
1.68156e-44
1.54143e-44
1.4013e-44
1.26117e-44
1.12104e-44
9.80909e-45
7.00649e-45
4.2039e-45
1.4013e-45
-1.4013e-45
-4.2039e-45
-7.00649e-45
-9.80909e-45
-1.26117e-44
-1.4013e-44
-1.54143e-44
-1.68156e-44
-1.82169e-44
-1.82169e-44
-1.82169e-44
-1.82169e-44
-1.68156e-44
-1.54143e-44
-1.4013e-44
-1.26117e-44
-1.12104e-44
-9.80909e-45
-7.00649e-45
-4.2039e-45
-1.4013e-45
1.4013e-45
4.2039e-45
7.00649e-45
9.80909e-45
1.26117e-44
1.4013e-44
1.54143e-44
1.68156e-44
1.82169e-44
1.82169e-44
1.82169e-44
1.82169e-44
1.68156e-44
1.54143e-44
1.4013e-44
1.26117e-44
1.12104e-44
9.80909e-45
7.00649e-45
4.2039e-45
1.4013e-45
-1.4013e-45
-4.2039e-45
-7.00649e-45
-9.80909e-45
-1.26117e-44
-1.4013e-44
-1.54143e-44
-1.68156e-44
-1.82169e-44
-1.82169e-44
-1.82169e-44
-1.82169e-44
-1.68156e-44
-1.54143e-44
-1.4013e-44
-1.26117e-44
-1.12104e-44
-9.80909e-45
-7.00649e-45
-4.2039e-45
-1.4013e-45
1.4013e-45
4.2039e-45
7.00649e-45
9.80909e-45
1.26117e-44
1.4013e-44
1.54143e-44
1.68156e-44
1.82169e-44
1.82169e-44
1.82169e-44
1.82169e-44
1.68156e-44
1.54143e-44
1.4013e-44
1.26117e-44
1.12104e-44
9.80909e-45
7.00649e-45
4.2039e-45
1.4013e-45
-1.4013e-45
-4.2039e-45
-7.00649e-45
-9.80909e-45
-1.26117e-44
-1.4013e-44
-1.54143e-44
-1.68156e-44
-1.82169e-44
-1.82169e-44
-1.82169e-44
-1.82169e-44
-1.68156e-44
-1.54143e-44
-1.4013e-44
-1.26117e-44
-1.12104e-44
-9.80909e-45
-7.00649e-45
-4.2039e-45
-1.4013e-45
1.4013e-45
4.2039e-45
7.00649e-45
9.80909e-45
1.26117e-44
1.4013e-44
1.54143e-44
1.68156e-44
1.82169e-44
1.82169e-44
1.82169e-44
1.82169e-44
1.68156e-44
1.54143e-44
1.4013e-44
1.26117e-44
1.12104e-44
9.80909e-45
7.00649e-45
4.2039e-45
1.4013e-45
-1.4013e-45
-4.2039e-45
-7.00649e-45
-9.80909e-45
-1.26117e-44
-1.4013e-44
-1.54143e-44
-1.68156e-44
-1.82169e-44
-1.82169e-44
-1.82169e-44
-1.82169e-44
-1.68156e-44
-1.54143e-44
-1.4013e-44
-1.26117e-44
-1.12104e-44
-9.80909e-45
-7.00649e-45
-4.2039e-45
-1.4013e-45
1.4013e-45
4.2039e-45
7.00649e-45
9.80909e-45
1.26117e-44
1.4013e-44
1.54143e-44
1.68156e-44
1.82169e-44
1.82169e-44
1.82169e-44
1.82169e-44
1.68156e-44
1.54143e-44
1.4013e-44
1.26117e-44
1.12104e-44
9.80909e-45
7.00649e-45
4.2039e-45
1.4013e-45
-1.4013e-45
-4.2039e-45
-7.00649e-45
-9.80909e-45
-1.26117e-44
-1.4013e-44
-1.54143e-44
-1.68156e-44
-1.82169e-44
-1.82169e-44
-1.82169e-44
-1.82169e-44
-1.68156e-44
-1.54143e-44
-1.4013e-44
-1.26117e-44
-1.12104e-44
-9.80909e-45
-7.00649e-45
-4.2039e-45
-1.4013e-45
1.4013e-45
4.2039e-45
7.00649e-45
9.80909e-45
1.26117e-44
1.4013e-44
1.54143e-44
1.68156e-44
1.82169e-44
1.82169e-44
1.82169e-44
1.82169e-44
1.68156e-44
1.54143e-44
1.4013e-44
1.26117e-44
1.12104e-44
9.80909e-45
7.00649e-45
4.2039e-45
1.4013e-45
-1.4013e-45
-4.2039e-45
-7.00649e-45
-9.80909e-45
-1.26117e-44
-1.4013e-44
-1.54143e-44
-1.68156e-44
-1.82169e-44
-1.82169e-44
-1.82169e-44
-1.82169e-44
-1.68156e-44
-1.54143e-44
-1.4013e-44
-1.26117e-44
-1.12104e-44
-9.80909e-45
-7.00649e-45
-4.2039e-45
-1.4013e-45
1.4013e-45
4.2039e-45
7.00649e-45
9.80909e-45
1.26117e-44
1.4013e-44
1.54143e-44
1.68156e-44
1.82169e-44
1.82169e-44
1.82169e-44
1.82169e-44
1.68156e-44
1.54143e-44
1.4013e-44
1.26117e-44
1.12104e-44
9.80909e-45
7.00649e-45
4.2039e-45
1.4013e-45
-1.4013e-45
-4.2039e-45
-7.00649e-45
-9.80909e-45
-1.26117e-44
-1.4013e-44
-1.54143e-44
-1.68156e-44
-1.82169e-44
-1.82169e-44
-1.82169e-44
-1.82169e-44
-1.68156e-44
-1.54143e-44
-1.4013e-44
-1.26117e-44
-1.12104e-44
-9.80909e-45
-7.00649e-45
-4.2039e-45
-1.4013e-45
1.4013e-45
4.2039e-45
7.00649e-45
9.80909e-45
1.26117e-44
1.4013e-44
1.54143e-44
1.68156e-44
1.82169e-44
1.82169e-44
1.82169e-44
1.82169e-44
1.68156e-44
1.54143e-44
1.4013e-44
1.26117e-44
1.12104e-44
9.80909e-45
7.00649e-45
4.2039e-45
1.4013e-45
-1.4013e-45
-4.2039e-45
-7.00649e-45
-9.80909e-45
-1.26117e-44
-1.4013e-44
-1.54143e-44
-1.68156e-44
-1.82169e-44
-1.82169e-44
-1.82169e-44
-1.82169e-44
-1.68156e-44
-1.54143e-44
-1.4013e-44
-1.26117e-44
-1.12104e-44
-9.80909e-45
-7.00649e-45
-4.2039e-45
-1.4013e-45
1.4013e-45
4.2039e-45
7.00649e-45
9.80909e-45
1.26117e-44
1.4013e-44
1.54143e-44
1.68156e-44
1.82169e-44
1.82169e-44
1.82169e-44
1.82169e-44
1.68156e-44
1.54143e-44
1.4013e-44
1.26117e-44
1.12104e-44
9.80909e-45
7.00649e-45
4.2039e-45
1.4013e-45
-1.4013e-45
-4.2039e-45
-7.00649e-45
-9.80909e-45
-1.26117e-44
-1.4013e-44
-1.54143e-44
-1.68156e-44
-1.82169e-44
-1.82169e-44
-1.82169e-44
-1.82169e-44
-1.68156e-44
-1.54143e-44
-1.4013e-44
-1.26117e-44
-1.12104e-44
-9.80909e-45
-7.00649e-45
-4.2039e-45
-1.4013e-45
1.4013e-45
4.2039e-45
7.00649e-45
9.80909e-45
1.26117e-44
1.4013e-44
1.54143e-44
1.68156e-44
1.82169e-44
1.82169e-44
1.82169e-44
1.82169e-44
1.68156e-44
1.54143e-44
1.4013e-44
1.26117e-44
1.12104e-44
9.80909e-45
7.00649e-45
4.2039e-45
1.4013e-45
-1.4013e-45
-4.2039e-45
-7.00649e-45
-9.80909e-45
-1.26117e-44
-1.4013e-44
-1.54143e-44
-1.68156e-44
-1.82169e-44
-1.82169e-44
-1.82169e-44
-1.82169e-44
-1.68156e-44
-1.54143e-44
-1.4013e-44
-1.26117e-44
-1.12104e-44
-9.80909e-45
-7.00649e-45
-4.2039e-45
-1.4013e-45
1.4013e-45
4.2039e-45
7.00649e-45
9.80909e-45
1.26117e-44
1.4013e-44
1.54143e-44
1.68156e-44
1.82169e-44
1.82169e-44
1.82169e-44
1.82169e-44
1.68156e-44
1.54143e-44
1.4013e-44
1.26117e-44
1.12104e-44
9.80909e-45
7.00649e-45
4.2039e-45
1.4013e-45
-1.4013e-45
-4.2039e-45
-7.00649e-45
-9.80909e-45
-1.26117e-44
-1.4013e-44
-1.54143e-44
-1.68156e-44
-1.82169e-44
-1.82169e-44
-1.82169e-44
-1.82169e-44
-1.68156e-44
-1.54143e-44
-1.4013e-44
-1.26117e-44
-1.12104e-44
-9.80909e-45
-7.00649e-45
-4.2039e-45
-1.4013e-45
1.4013e-45
4.2039e-45
7.00649e-45
9.80909e-45
1.26117e-44
1.4013e-44
1.54143e-44
1.68156e-44
1.82169e-44
1.82169e-44
1.82169e-44
1.82169e-44
1.68156e-44
1.54143e-44
1.4013e-44
1.26117e-44
1.12104e-44
9.80909e-45
7.00649e-45
4.2039e-45
1.4013e-45
-1.4013e-45
-4.2039e-45
-7.00649e-45
-9.80909e-45
-1.26117e-44
-1.4013e-44
-1.54143e-44
-1.68156e-44
-1.82169e-44
-1.82169e-44
-1.82169e-44
-1.82169e-44
-1.68156e-44
-1.54143e-44
-1.4013e-44
-1.26117e-44
-1.12104e-44
-9.80909e-45
-7.00649e-45
-4.2039e-45
-1.4013e-45
1.4013e-45
4.2039e-45
7.00649e-45
9.80909e-45
1.26117e-44
1.4013e-44
1.54143e-44
1.68156e-44
1.82169e-44
1.82169e-44
1.82169e-44
1.82169e-44
1.68156e-44
1.54143e-44
1.4013e-44
1.26117e-44
1.12104e-44
9.80909e-45
7.00649e-45
4.2039e-45
1.4013e-45
-1.4013e-45
-4.2039e-45
-7.00649e-45
-9.80909e-45
-1.26117e-44
-1.4013e-44
-1.54143e-44
-1.68156e-44
-1.82169e-44
-1.82169e-44
-1.82169e-44
-1.82169e-44
-1.68156e-44
-1.54143e-44
-1.4013e-44
-1.26117e-44
-1.12104e-44
-9.80909e-45
-7.00649e-45
-4.2039e-45
-1.4013e-45
1.4013e-45
4.2039e-45
7.00649e-45
9.80909e-45
1.26117e-44
1.4013e-44
1.54143e-44
1.68156e-44
1.82169e-44
1.82169e-44
1.82169e-44
1.82169e-44
1.68156e-44
1.54143e-44
1.4013e-44
1.26117e-44
1.12104e-44
9.80909e-45
7.00649e-45
4.2039e-45
1.4013e-45
-1.4013e-45
-4.2039e-45
-7.00649e-45
-9.80909e-45
-1.26117e-44
-1.4013e-44
-1.54143e-44
-1.68156e-44
-1.82169e-44
-1.82169e-44
-1.82169e-44
-1.82169e-44
-1.68156e-44
-1.54143e-44
-1.4013e-44
-1.26117e-44
-1.12104e-44
-9.80909e-45
-7.00649e-45
-4.2039e-45
-1.4013e-45
1.4013e-45
4.2039e-45
7.00649e-45
9.80909e-45
1.26117e-44
1.4013e-44
1.54143e-44
1.68156e-44
1.82169e-44
1.82169e-44
1.82169e-44
1.82169e-44
1.68156e-44
1.54143e-44
1.4013e-44
1.26117e-44
1.12104e-44
9.80909e-45
7.00649e-45
4.2039e-45
1.4013e-45
-1.4013e-45
-4.2039e-45
-7.00649e-45
-9.80909e-45
-1.26117e-44
-1.4013e-44
-1.54143e-44
-1.68156e-44
-1.82169e-44
-1.82169e-44
-1.82169e-44
-1.82169e-44
-1.68156e-44
-1.54143e-44
-1.4013e-44
-1.26117e-44
-1.12104e-44
-9.80909e-45
-7.00649e-45
-4.2039e-45
-1.4013e-45
1.4013e-45
4.2039e-45
7.00649e-45
9.80909e-45
1.26117e-44
1.4013e-44
1.54143e-44
1.68156e-44
1.82169e-44
1.82169e-44
1.82169e-44
1.82169e-44
1.68156e-44
1.54143e-44
1.4013e-44
1.26117e-44
1.12104e-44
9.80909e-45
7.00649e-45
4.2039e-45
1.4013e-45
-1.4013e-45
-4.2039e-45
-7.00649e-45
-9.80909e-45
-1.26117e-44
-1.4013e-44
-1.54143e-44
-1.68156e-44
-1.82169e-44
-1.82169e-44
-1.82169e-44
-1.82169e-44
-1.68156e-44
-1.54143e-44
-1.4013e-44
-1.26117e-44
-1.12104e-44
-9.80909e-45
-7.00649e-45
-4.2039e-45
-1.4013e-45
1.4013e-45
4.2039e-45
7.00649e-45
9.80909e-45
1.26117e-44
1.4013e-44
1.54143e-44
1.68156e-44
1.82169e-44
1.82169e-44
1.82169e-44
1.82169e-44
1.68156e-44
1.54143e-44
1.4013e-44
1.26117e-44
1.12104e-44
9.80909e-45
7.00649e-45
4.2039e-45
1.4013e-45
-1.4013e-45
-4.2039e-45
-7.00649e-45
-9.80909e-45
-1.26117e-44
-1.4013e-44
-1.54143e-44
-1.68156e-44
-1.82169e-44
-1.82169e-44
-1.82169e-44
-1.82169e-44
-1.68156e-44
-1.54143e-44
-1.4013e-44
-1.26117e-44
-1.12104e-44
-9.80909e-45
-7.00649e-45
-4.2039e-45
-1.4013e-45
1.4013e-45
4.2039e-45
7.00649e-45
9.80909e-45
1.26117e-44
1.4013e-44
1.54143e-44
1.68156e-44
1.82169e-44
1.82169e-44
1.82169e-44
1.82169e-44
1.68156e-44
1.54143e-44
1.4013e-44
1.26117e-44
1.12104e-44
9.80909e-45
7.00649e-45
4.2039e-45
1.4013e-45
-1.4013e-45
-4.2039e-45
-7.00649e-45
-9.80909e-45
-1.26117e-44
-1.4013e-44
-1.54143e-44
-1.68156e-44
-1.82169e-44
-1.82169e-44
-1.82169e-44
-1.82169e-44
-1.68156e-44
-1.54143e-44
-1.4013e-44
-1.26117e-44
-1.12104e-44
-9.80909e-45
-7.00649e-45
-4.2039e-45
-1.4013e-45
1.4013e-45
4.2039e-45
7.00649e-45
9.80909e-45
1.26117e-44
1.4013e-44
1.54143e-44
1.68156e-44
1.82169e-44
1.82169e-44
1.82169e-44
1.82169e-44
1.68156e-44
1.54143e-44
1.4013e-44
1.26117e-44
1.12104e-44
9.80909e-45
7.00649e-45
4.2039e-45
1.4013e-45
-1.4013e-45
-4.2039e-45
-7.00649e-45
-9.80909e-45
-1.26117e-44
-1.4013e-44
-1.54143e-44
-1.68156e-44
-1.82169e-44
-1.82169e-44
-1.82169e-44
-1.82169e-44
-1.68156e-44
-1.54143e-44
-1.4013e-44
-1.26117e-44
-1.12104e-44
-9.80909e-45
-7.00649e-45
-4.2039e-45
-1.4013e-45
1.4013e-45
4.2039e-45
7.00649e-45
9.80909e-45
1.26117e-44
1.4013e-44
1.54143e-44
1.68156e-44
1.82169e-44
1.82169e-44
1.82169e-44
1.82169e-44
1.68156e-44
1.54143e-44
1.4013e-44
1.26117e-44
1.12104e-44
9.80909e-45
7.00649e-45
4.2039e-45
1.4013e-45
-1.4013e-45
-4.2039e-45
-7.00649e-45
-9.80909e-45
-1.26117e-44
-1.4013e-44
-1.54143e-44
-1.68156e-44
-1.82169e-44
-1.82169e-44
-1.82169e-44
-1.82169e-44
-1.68156e-44
-1.54143e-44
-1.4013e-44
-1.26117e-44
-1.12104e-44
-9.80909e-45
-7.00649e-45
-4.2039e-45
-1.4013e-45
1.4013e-45
4.2039e-45
7.00649e-45
9.80909e-45
1.26117e-44
1.4013e-44
1.54143e-44
1.68156e-44
1.82169e-44
1.82169e-44
1.82169e-44
1.82169e-44
1.68156e-44
1.54143e-44
1.4013e-44
1.26117e-44
1.12104e-44
9.80909e-45
7.00649e-45
4.2039e-45
1.4013e-45
-1.4013e-45
-4.2039e-45
-7.00649e-45
-9.80909e-45
-1.26117e-44
-1.4013e-44
-1.54143e-44
-1.68156e-44
-1.82169e-44
-1.82169e-44
-1.82169e-44
-1.82169e-44
-1.68156e-44
-1.54143e-44
-1.4013e-44
-1.26117e-44
-1.12104e-44
-9.80909e-45
-7.00649e-45
-4.2039e-45
-1.4013e-45
1.4013e-45
4.2039e-45
7.00649e-45
9.80909e-45
1.26117e-44
1.4013e-44
1.54143e-44
1.68156e-44
1.82169e-44
1.82169e-44
1.82169e-44
1.82169e-44
1.68156e-44
1.54143e-44
1.4013e-44
1.26117e-44
1.12104e-44
9.80909e-45
7.00649e-45
4.2039e-45
1.4013e-45
-1.4013e-45
-4.2039e-45
-7.00649e-45
-9.80909e-45
-1.26117e-44
-1.4013e-44
-1.54143e-44
-1.68156e-44
-1.82169e-44
-1.82169e-44
-1.82169e-44
-1.82169e-44
-1.68156e-44
-1.54143e-44
-1.4013e-44
-1.26117e-44
-1.12104e-44
-9.80909e-45
-7.00649e-45
-4.2039e-45
-1.4013e-45
1.4013e-45
4.2039e-45
7.00649e-45
9.80909e-45
1.26117e-44
1.4013e-44
1.54143e-44
1.68156e-44
1.82169e-44
1.82169e-44
1.82169e-44
1.82169e-44
1.68156e-44
1.54143e-44
1.4013e-44
1.26117e-44
1.12104e-44
9.80909e-45
7.00649e-45
4.2039e-45
1.4013e-45
-1.4013e-45
-4.2039e-45
-7.00649e-45
-9.80909e-45
-1.26117e-44
-1.4013e-44
-1.54143e-44
-1.68156e-44
-1.82169e-44
-1.82169e-44
-1.82169e-44
-1.82169e-44
-1.68156e-44
-1.54143e-44
-1.4013e-44
-1.26117e-44
-1.12104e-44
-9.80909e-45
-7.00649e-45
-4.2039e-45
-1.4013e-45
1.4013e-45
4.2039e-45
7.00649e-45
9.80909e-45
1.26117e-44
1.4013e-44
1.54143e-44
1.68156e-44
1.82169e-44
1.82169e-44
1.82169e-44
1.82169e-44
1.68156e-44
1.54143e-44
1.4013e-44
1.26117e-44
1.12104e-44
9.80909e-45
7.00649e-45
4.2039e-45
1.4013e-45
-1.4013e-45
-4.2039e-45
-7.00649e-45
-9.80909e-45
-1.26117e-44
-1.4013e-44
-1.54143e-44
-1.68156e-44
-1.82169e-44
-1.82169e-44
-1.82169e-44
-1.82169e-44
-1.68156e-44
-1.54143e-44
-1.4013e-44
-1.26117e-44
-1.12104e-44
-9.80909e-45
-7.00649e-45
-4.2039e-45
-1.4013e-45
1.4013e-45
4.2039e-45
7.00649e-45
9.80909e-45
1.26117e-44
1.4013e-44
1.54143e-44
1.68156e-44
1.82169e-44
1.82169e-44
1.82169e-44
1.82169e-44
1.68156e-44
1.54143e-44
1.4013e-44
1.26117e-44
1.12104e-44
9.80909e-45
7.00649e-45
4.2039e-45
1.4013e-45
-1.4013e-45
-4.2039e-45
-7.00649e-45
-9.80909e-45
-1.26117e-44
-1.4013e-44
-1.54143e-44
-1.68156e-44
-1.82169e-44
-1.82169e-44
-1.82169e-44
-1.82169e-44
-1.68156e-44
-1.54143e-44
-1.4013e-44
-1.26117e-44
-1.12104e-44
-9.80909e-45
-7.00649e-45
-4.2039e-45
-1.4013e-45
1.4013e-45
4.2039e-45
7.00649e-45
9.80909e-45
1.26117e-44
1.4013e-44
1.54143e-44
1.68156e-44
1.82169e-44
1.82169e-44
1.82169e-44
1.82169e-44
1.68156e-44
1.54143e-44
1.4013e-44
1.26117e-44
1.12104e-44
9.80909e-45
7.00649e-45
4.2039e-45
1.4013e-45
-1.4013e-45
-4.2039e-45
-7.00649e-45
-9.80909e-45
-1.26117e-44
-1.4013e-44
-1.54143e-44
-1.68156e-44
-1.82169e-44
-1.82169e-44
-1.82169e-44
-1.82169e-44
-1.68156e-44
-1.54143e-44
-1.4013e-44
-1.26117e-44
-1.12104e-44
-9.80909e-45
-7.00649e-45
-4.2039e-45
-1.4013e-45
1.4013e-45
4.2039e-45
7.00649e-45
9.80909e-45
1.26117e-44
1.4013e-44
1.54143e-44
1.68156e-44
1.82169e-44
1.82169e-44
1.82169e-44
1.82169e-44
1.68156e-44
1.54143e-44
1.4013e-44
1.26117e-44
1.12104e-44
9.80909e-45
7.00649e-45
4.2039e-45
1.4013e-45
-1.4013e-45
-4.2039e-45
-7.00649e-45
-9.80909e-45
-1.26117e-44
-1.4013e-44
-1.54143e-44
-1.68156e-44
-1.82169e-44
-1.82169e-44
-1.82169e-44
-1.82169e-44
-1.68156e-44
-1.54143e-44
-1.4013e-44
-1.26117e-44
-1.12104e-44
-9.80909e-45
-7.00649e-45
-4.2039e-45
-1.4013e-45
1.4013e-45
4.2039e-45
7.00649e-45
9.80909e-45
1.26117e-44
1.4013e-44
1.54143e-44
1.68156e-44
1.82169e-44
1.82169e-44
1.82169e-44
1.82169e-44
1.68156e-44
1.54143e-44
1.4013e-44
1.26117e-44
1.12104e-44
9.80909e-45
7.00649e-45
4.2039e-45
1.4013e-45
-1.4013e-45
-4.2039e-45
-7.00649e-45
-9.80909e-45
-1.26117e-44
-1.4013e-44
-1.54143e-44
-1.68156e-44
-1.82169e-44
-1.82169e-44
-1.82169e-44
-1.82169e-44
-1.68156e-44
-1.54143e-44
-1.4013e-44
-1.26117e-44
-1.12104e-44
-9.80909e-45
-7.00649e-45
-4.2039e-45
-1.4013e-45
1.4013e-45
4.2039e-45
7.00649e-45
9.80909e-45
1.26117e-44
1.4013e-44
1.54143e-44
1.68156e-44
1.82169e-44
1.82169e-44
1.82169e-44
1.82169e-44
1.68156e-44
1.54143e-44
1.4013e-44
1.26117e-44
1.12104e-44
9.80909e-45
7.00649e-45
4.2039e-45
1.4013e-45
-1.4013e-45
-4.2039e-45
-7.00649e-45
-9.80909e-45
-1.26117e-44
-1.4013e-44
-1.54143e-44
-1.68156e-44
-1.82169e-44
-1.82169e-44
-1.82169e-44
-1.82169e-44
-1.68156e-44
-1.54143e-44
-1.4013e-44
-1.26117e-44
-1.12104e-44
-9.80909e-45
-7.00649e-45
-4.2039e-45
-1.4013e-45
1.4013e-45
4.2039e-45
7.00649e-45
9.80909e-45
1.26117e-44
1.4013e-44
1.54143e-44
1.68156e-44
1.82169e-44
1.82169e-44
1.82169e-44
1.82169e-44
1.68156e-44
1.54143e-44
1.4013e-44
1.26117e-44
1.12104e-44
9.80909e-45
7.00649e-45
4.2039e-45
1.4013e-45
-1.4013e-45
-4.2039e-45
-7.00649e-45
-9.80909e-45
-1.26117e-44
-1.4013e-44
-1.54143e-44
-1.68156e-44
-1.82169e-44
-1.82169e-44
-1.82169e-44
-1.82169e-44
-1.68156e-44
-1.54143e-44
-1.4013e-44
-1.26117e-44
-1.12104e-44
-9.80909e-45
-7.00649e-45
-4.2039e-45
-1.4013e-45
1.4013e-45
4.2039e-45
7.00649e-45
9.80909e-45
1.26117e-44
1.4013e-44
1.54143e-44
1.68156e-44
1.82169e-44
1.82169e-44
1.82169e-44
1.82169e-44
1.68156e-44
1.54143e-44
1.4013e-44
1.26117e-44
1.12104e-44
9.80909e-45
7.00649e-45
4.2039e-45
1.4013e-45
-1.4013e-45
-4.2039e-45
-7.00649e-45
-9.80909e-45
-1.26117e-44
-1.4013e-44
-1.54143e-44
-1.68156e-44
-1.82169e-44
-1.82169e-44
-1.82169e-44
-1.82169e-44
-1.68156e-44
-1.54143e-44
-1.4013e-44
-1.26117e-44
-1.12104e-44
-9.80909e-45
-7.00649e-45
-4.2039e-45
-1.4013e-45
1.4013e-45
4.2039e-45
7.00649e-45
9.80909e-45
1.26117e-44
1.4013e-44
1.54143e-44
1.68156e-44
1.82169e-44
1.82169e-44
1.82169e-44
1.82169e-44
1.68156e-44
1.54143e-44
1.4013e-44
1.26117e-44
1.12104e-44
9.80909e-45
7.00649e-45
4.2039e-45
1.4013e-45
-1.4013e-45
-4.2039e-45
-7.00649e-45
-9.80909e-45
-1.26117e-44
-1.4013e-44
-1.54143e-44
-1.68156e-44
-1.82169e-44
-1.82169e-44
-1.82169e-44
-1.82169e-44
-1.68156e-44
-1.54143e-44
-1.4013e-44
-1.26117e-44
-1.12104e-44
-9.80909e-45
-7.00649e-45
-4.2039e-45
-1.4013e-45
1.4013e-45
4.2039e-45
7.00649e-45
9.80909e-45
1.26117e-44
1.4013e-44
1.54143e-44
1.68156e-44
1.82169e-44
1.82169e-44
1.82169e-44
1.82169e-44
1.68156e-44
1.54143e-44
1.4013e-44
1.26117e-44
1.12104e-44
9.80909e-45
7.00649e-45
4.2039e-45
1.4013e-45
-1.4013e-45
-4.2039e-45
-7.00649e-45
-9.80909e-45
-1.26117e-44
-1.4013e-44
-1.54143e-44
-1.68156e-44
-1.82169e-44
-1.82169e-44
-1.82169e-44
-1.82169e-44
-1.68156e-44
-1.54143e-44
-1.4013e-44
-1.26117e-44
-1.12104e-44
-9.80909e-45
-7.00649e-45
-4.2039e-45
-1.4013e-45
1.4013e-45
4.2039e-45
7.00649e-45
9.80909e-45
1.26117e-44
1.4013e-44
1.54143e-44
1.68156e-44
1.82169e-44
1.82169e-44
1.82169e-44
1.82169e-44
1.68156e-44
1.54143e-44
1.4013e-44
1.26117e-44
1.12104e-44
9.80909e-45
7.00649e-45
4.2039e-45
1.4013e-45
-1.4013e-45
-4.2039e-45
-7.00649e-45
-9.80909e-45
-1.26117e-44
-1.4013e-44
-1.54143e-44
-1.68156e-44
-1.82169e-44
-1.82169e-44
-1.82169e-44
-1.82169e-44
-1.68156e-44
-1.54143e-44
-1.4013e-44
-1.26117e-44
-1.12104e-44
-9.80909e-45
-7.00649e-45
-4.2039e-45
-1.4013e-45
1.4013e-45
4.2039e-45
7.00649e-45
9.80909e-45
1.26117e-44
1.4013e-44
1.54143e-44
1.68156e-44
1.82169e-44
1.82169e-44
1.82169e-44
1.82169e-44
1.68156e-44
1.54143e-44
1.4013e-44
1.26117e-44
1.12104e-44
9.80909e-45
7.00649e-45
4.2039e-45
1.4013e-45
-1.4013e-45
-4.2039e-45
-7.00649e-45
-9.80909e-45
-1.26117e-44
-1.4013e-44
-1.54143e-44
-1.68156e-44
-1.82169e-44
-1.82169e-44
-1.82169e-44
-1.82169e-44
-1.68156e-44
-1.54143e-44
-1.4013e-44
-1.26117e-44
-1.12104e-44
-9.80909e-45
-7.00649e-45
-4.2039e-45
-1.4013e-45
1.4013e-45
4.2039e-45
7.00649e-45
9.80909e-45
1.26117e-44
1.4013e-44
1.54143e-44
1.68156e-44
1.82169e-44
1.82169e-44
1.82169e-44
1.82169e-44
1.68156e-44
1.54143e-44
1.4013e-44
1.26117e-44
1.12104e-44
9.80909e-45
7.00649e-45
4.2039e-45
1.4013e-45
-1.4013e-45
-4.2039e-45
-7.00649e-45
-9.80909e-45
-1.26117e-44
-1.4013e-44
-1.54143e-44
-1.68156e-44
-1.82169e-44
-1.82169e-44
-1.82169e-44
-1.82169e-44
-1.68156e-44
-1.54143e-44
-1.4013e-44
-1.26117e-44
-1.12104e-44
-9.80909e-45
-7.00649e-45
-4.2039e-45
-1.4013e-45
1.4013e-45
4.2039e-45
7.00649e-45
9.80909e-45
1.26117e-44
1.4013e-44
1.54143e-44
1.68156e-44
1.82169e-44
1.82169e-44
1.82169e-44
1.82169e-44
1.68156e-44
1.54143e-44
1.4013e-44
1.26117e-44
1.12104e-44
9.80909e-45
7.00649e-45
4.2039e-45
1.4013e-45
-1.4013e-45
-4.2039e-45
-7.00649e-45
-9.80909e-45
-1.26117e-44
-1.4013e-44
-1.54143e-44
-1.68156e-44
-1.82169e-44
-1.82169e-44
-1.82169e-44
-1.82169e-44
-1.68156e-44
-1.54143e-44
-1.4013e-44
-1.26117e-44
-1.12104e-44
-9.80909e-45
-7.00649e-45
-4.2039e-45
-1.4013e-45
1.4013e-45
4.2039e-45
7.00649e-45
9.80909e-45
1.26117e-44
1.4013e-44
1.54143e-44
1.68156e-44
1.82169e-44
1.82169e-44
1.82169e-44
1.82169e-44
1.68156e-44
1.54143e-44
1.4013e-44
1.26117e-44
1.12104e-44
9.80909e-45
7.00649e-45
4.2039e-45
1.4013e-45
-1.4013e-45
-4.2039e-45
-7.00649e-45
-9.80909e-45
-1.26117e-44
-1.4013e-44
-1.54143e-44
-1.68156e-44
-1.82169e-44
-1.82169e-44
-1.82169e-44
-1.82169e-44
-1.68156e-44
-1.54143e-44
-1.4013e-44
-1.26117e-44
-1.12104e-44
-9.80909e-45
-7.00649e-45
-4.2039e-45
-1.4013e-45
1.4013e-45
4.2039e-45
7.00649e-45
9.80909e-45
1.26117e-44
1.4013e-44
1.54143e-44
1.68156e-44
1.82169e-44
1.82169e-44
1.82169e-44
1.82169e-44
1.68156e-44
1.54143e-44
1.4013e-44
1.26117e-44
1.12104e-44
9.80909e-45
7.00649e-45
4.2039e-45
1.4013e-45
-1.4013e-45
-4.2039e-45
-7.00649e-45
-9.80909e-45
-1.26117e-44
-1.4013e-44
-1.54143e-44
-1.68156e-44
-1.82169e-44
-1.82169e-44
-1.82169e-44
-1.82169e-44
-1.68156e-44
-1.54143e-44
-1.4013e-44
-1.26117e-44
-1.12104e-44
-9.80909e-45
-7.00649e-45
-4.2039e-45
-1.4013e-45
1.4013e-45
4.2039e-45
7.00649e-45
9.80909e-45
1.26117e-44
1.4013e-44
1.54143e-44
1.68156e-44
1.82169e-44
1.82169e-44
1.82169e-44
1.82169e-44
1.68156e-44
1.54143e-44
1.4013e-44
1.26117e-44
1.12104e-44
9.80909e-45
7.00649e-45
4.2039e-45
1.4013e-45
-1.4013e-45
-4.2039e-45
-7.00649e-45
-9.80909e-45
-1.26117e-44
-1.4013e-44
-1.54143e-44
-1.68156e-44
-1.82169e-44
-1.82169e-44
-1.82169e-44
-1.82169e-44
-1.68156e-44
-1.54143e-44
-1.4013e-44
-1.26117e-44
-1.12104e-44
-9.80909e-45
-7.00649e-45
-4.2039e-45
-1.4013e-45
1.4013e-45
4.2039e-45
7.00649e-45
9.80909e-45
1.26117e-44
1.4013e-44
1.54143e-44
1.68156e-44
1.82169e-44
1.82169e-44
1.82169e-44
1.82169e-44
1.68156e-44
1.54143e-44
1.4013e-44
1.26117e-44
1.12104e-44
9.80909e-45
7.00649e-45
4.2039e-45
1.4013e-45
-1.4013e-45
-4.2039e-45
-7.00649e-45
-9.80909e-45
-1.26117e-44
-1.4013e-44
-1.54143e-44
-1.68156e-44
-1.82169e-44
-1.82169e-44
-1.82169e-44
-1.82169e-44
-1.68156e-44
-1.54143e-44
-1.4013e-44
-1.26117e-44
-1.12104e-44
-9.80909e-45
-7.00649e-45
-4.2039e-45
-1.4013e-45
1.4013e-45
4.2039e-45
7.00649e-45
9.80909e-45
1.26117e-44
1.4013e-44
1.54143e-44
1.68156e-44
1.82169e-44
1.82169e-44
1.82169e-44
1.82169e-44
1.68156e-44
1.54143e-44
1.4013e-44
1.26117e-44
1.12104e-44
9.80909e-45
7.00649e-45
4.2039e-45
1.4013e-45
-1.4013e-45
-4.2039e-45
-7.00649e-45
-9.80909e-45
-1.26117e-44
-1.4013e-44
-1.54143e-44
-1.68156e-44
-1.82169e-44
-1.82169e-44
-1.82169e-44
-1.82169e-44
-1.68156e-44
-1.54143e-44
-1.4013e-44
-1.26117e-44
-1.12104e-44
-9.80909e-45
-7.00649e-45
-4.2039e-45
-1.4013e-45
1.4013e-45
4.2039e-45
7.00649e-45
9.80909e-45
1.26117e-44
1.4013e-44
1.54143e-44
1.68156e-44
1.82169e-44
1.82169e-44
1.82169e-44
1.82169e-44
1.68156e-44
1.54143e-44
1.4013e-44
1.26117e-44
1.12104e-44
9.80909e-45
7.00649e-45
4.2039e-45
1.4013e-45
-1.4013e-45
-4.2039e-45
-7.00649e-45
-9.80909e-45
-1.26117e-44
-1.4013e-44
-1.54143e-44
-1.68156e-44
-1.82169e-44
-1.82169e-44
-1.82169e-44
-1.82169e-44
-1.68156e-44
-1.54143e-44
-1.4013e-44
-1.26117e-44
-1.12104e-44
-9.80909e-45
-7.00649e-45
-4.2039e-45
-1.4013e-45
1.4013e-45
4.2039e-45
7.00649e-45
9.80909e-45
1.26117e-44
1.4013e-44
1.54143e-44
1.68156e-44
1.82169e-44
1.82169e-44
1.82169e-44
1.82169e-44
1.68156e-44
1.54143e-44
1.4013e-44
1.26117e-44
1.12104e-44
9.80909e-45
7.00649e-45
4.2039e-45
1.4013e-45
-1.4013e-45
-4.2039e-45
-7.00649e-45
-9.80909e-45
-1.26117e-44
-1.4013e-44
-1.54143e-44
-1.68156e-44
-1.82169e-44
-1.82169e-44
-1.82169e-44
-1.82169e-44
-1.68156e-44
-1.54143e-44
-1.4013e-44
-1.26117e-44
-1.12104e-44
-9.80909e-45
-7.00649e-45
-4.2039e-45
-1.4013e-45
1.4013e-45
4.2039e-45
7.00649e-45
9.80909e-45
1.26117e-44
1.4013e-44
1.54143e-44
1.68156e-44
1.82169e-44
1.82169e-44
1.82169e-44
1.82169e-44
1.68156e-44
1.54143e-44
1.4013e-44
1.26117e-44
1.12104e-44
9.80909e-45
7.00649e-45
4.2039e-45
1.4013e-45
-1.4013e-45
-4.2039e-45
-7.00649e-45
-9.80909e-45
-1.26117e-44
-1.4013e-44
-1.54143e-44
-1.68156e-44
-1.82169e-44
-1.82169e-44
-1.82169e-44
-1.82169e-44
-1.68156e-44
-1.54143e-44
-1.4013e-44
-1.26117e-44
-1.12104e-44
-9.80909e-45
-7.00649e-45
-4.2039e-45
-1.4013e-45
1.4013e-45
4.2039e-45
7.00649e-45
9.80909e-45
1.26117e-44
1.4013e-44
1.54143e-44
1.68156e-44
1.82169e-44
1.82169e-44
1.82169e-44
1.82169e-44
1.68156e-44
1.54143e-44
1.4013e-44
1.26117e-44
1.12104e-44
9.80909e-45
7.00649e-45
4.2039e-45
1.4013e-45
-1.4013e-45
-4.2039e-45
-7.00649e-45
-9.80909e-45
-1.26117e-44
-1.4013e-44
-1.54143e-44
-1.68156e-44
-1.82169e-44
-1.82169e-44
-1.82169e-44
-1.82169e-44
-1.68156e-44
-1.54143e-44
-1.4013e-44
-1.26117e-44
-1.12104e-44
-9.80909e-45
-7.00649e-45
-4.2039e-45
-1.4013e-45
1.4013e-45
4.2039e-45
7.00649e-45
9.80909e-45
1.26117e-44
1.4013e-44
1.54143e-44
1.68156e-44
1.82169e-44
1.82169e-44
1.82169e-44
1.82169e-44
1.68156e-44
1.54143e-44
1.4013e-44
1.26117e-44
1.12104e-44
9.80909e-45
7.00649e-45
4.2039e-45
1.4013e-45
-1.4013e-45
-4.2039e-45
-7.00649e-45
-9.80909e-45
-1.26117e-44
-1.4013e-44
-1.54143e-44
-1.68156e-44
-1.82169e-44
-1.82169e-44
-1.82169e-44
-1.82169e-44
-1.68156e-44
-1.54143e-44
-1.4013e-44
-1.26117e-44
-1.12104e-44
-9.80909e-45
-7.00649e-45
-4.2039e-45
-1.4013e-45
1.4013e-45
4.2039e-45
7.00649e-45
9.80909e-45
1.26117e-44
1.4013e-44
1.54143e-44
1.68156e-44
1.82169e-44
1.82169e-44
1.82169e-44
1.82169e-44
1.68156e-44
1.54143e-44
1.4013e-44
1.26117e-44
1.12104e-44
9.80909e-45
7.00649e-45
4.2039e-45
1.4013e-45
-1.4013e-45
-4.2039e-45
-7.00649e-45
-9.80909e-45
-1.26117e-44
-1.4013e-44
-1.54143e-44
-1.68156e-44
-1.82169e-44
-1.82169e-44
-1.82169e-44
-1.82169e-44
-1.68156e-44
-1.54143e-44
-1.4013e-44
-1.26117e-44
-1.12104e-44
-9.80909e-45
-7.00649e-45
-4.2039e-45
-1.4013e-45
1.4013e-45
4.2039e-45
7.00649e-45
9.80909e-45
1.26117e-44
1.4013e-44
1.54143e-44
1.68156e-44
1.82169e-44
1.82169e-44
1.82169e-44
1.82169e-44
1.68156e-44
1.54143e-44
1.4013e-44
1.26117e-44
1.12104e-44
9.80909e-45
7.00649e-45
4.2039e-45
1.4013e-45
-1.4013e-45
-4.2039e-45
-7.00649e-45
-9.80909e-45
-1.26117e-44
-1.4013e-44
-1.54143e-44
-1.68156e-44
-1.82169e-44
-1.82169e-44
-1.82169e-44
-1.82169e-44
-1.68156e-44
-1.54143e-44
-1.4013e-44
-1.26117e-44
-1.12104e-44
-9.80909e-45
-7.00649e-45
-4.2039e-45
-1.4013e-45
1.4013e-45
4.2039e-45
7.00649e-45
9.80909e-45
1.26117e-44
1.4013e-44
1.54143e-44
1.68156e-44
1.82169e-44
1.82169e-44
1.82169e-44
1.82169e-44
1.68156e-44
1.54143e-44
1.4013e-44
1.26117e-44
1.12104e-44
9.80909e-45
7.00649e-45
4.2039e-45
1.4013e-45
-1.4013e-45
-4.2039e-45
-7.00649e-45
-9.80909e-45
-1.26117e-44
-1.4013e-44
-1.54143e-44
-1.68156e-44
-1.82169e-44
-1.82169e-44
-1.82169e-44
-1.82169e-44
-1.68156e-44
-1.54143e-44
-1.4013e-44
-1.26117e-44
-1.12104e-44
-9.80909e-45
-7.00649e-45
-4.2039e-45
-1.4013e-45
1.4013e-45
4.2039e-45
7.00649e-45
9.80909e-45
1.26117e-44
1.4013e-44
1.54143e-44
1.68156e-44
1.82169e-44
1.82169e-44
1.82169e-44
1.82169e-44
1.68156e-44
1.54143e-44
1.4013e-44
1.26117e-44
1.12104e-44
9.80909e-45
7.00649e-45
4.2039e-45
1.4013e-45
-1.4013e-45
-4.2039e-45
-7.00649e-45
-9.80909e-45
-1.26117e-44
-1.4013e-44
-1.54143e-44
-1.68156e-44
-1.82169e-44
-1.82169e-44
-1.82169e-44
-1.82169e-44
-1.68156e-44
-1.54143e-44
-1.4013e-44
-1.26117e-44
-1.12104e-44
-9.80909e-45
-7.00649e-45
-4.2039e-45
-1.4013e-45
1.4013e-45
4.2039e-45
7.00649e-45
9.80909e-45
1.26117e-44
1.4013e-44
1.54143e-44
1.68156e-44
1.82169e-44
1.82169e-44
1.82169e-44
1.82169e-44
1.68156e-44
1.54143e-44
1.4013e-44
1.26117e-44
1.12104e-44
9.80909e-45
7.00649e-45
4.2039e-45
1.4013e-45
-1.4013e-45
-4.2039e-45
-7.00649e-45
-9.80909e-45
-1.26117e-44
-1.4013e-44
-1.54143e-44
-1.68156e-44
-1.82169e-44
-1.82169e-44
-1.82169e-44
-1.82169e-44
-1.68156e-44
-1.54143e-44
-1.4013e-44
-1.26117e-44
-1.12104e-44
-9.80909e-45
-7.00649e-45
-4.2039e-45
-1.4013e-45
1.4013e-45
4.2039e-45
7.00649e-45
9.80909e-45
1.26117e-44
1.4013e-44
1.54143e-44
1.68156e-44
1.82169e-44
1.82169e-44
1.82169e-44
1.82169e-44
1.68156e-44
1.54143e-44
1.4013e-44
1.26117e-44
1.12104e-44
9.80909e-45
7.00649e-45
4.2039e-45
1.4013e-45
-1.4013e-45
-4.2039e-45
-7.00649e-45
-9.80909e-45
-1.26117e-44
-1.4013e-44
-1.54143e-44
-1.68156e-44
-1.82169e-44
-1.82169e-44
-1.82169e-44
-1.82169e-44
-1.68156e-44
-1.54143e-44
-1.4013e-44
-1.26117e-44
-1.12104e-44
-9.80909e-45
-7.00649e-45
-4.2039e-45
-1.4013e-45
1.4013e-45
4.2039e-45
7.00649e-45
9.80909e-45
1.26117e-44
1.4013e-44
1.54143e-44
1.68156e-44
1.82169e-44
1.82169e-44
1.82169e-44
1.82169e-44
1.68156e-44
1.54143e-44
1.4013e-44
1.26117e-44
1.12104e-44
9.80909e-45
7.00649e-45
4.2039e-45
1.4013e-45
-1.4013e-45
-4.2039e-45
-7.00649e-45
-9.80909e-45
-1.26117e-44
-1.4013e-44
-1.54143e-44
-1.68156e-44
-1.82169e-44
-1.82169e-44
-1.82169e-44
-1.82169e-44
-1.68156e-44
-1.54143e-44
-1.4013e-44
-1.26117e-44
-1.12104e-44
-9.80909e-45
-7.00649e-45
-4.2039e-45
-1.4013e-45
1.4013e-45
4.2039e-45
7.00649e-45
9.80909e-45
1.26117e-44
1.4013e-44
1.54143e-44
1.68156e-44
1.82169e-44
1.82169e-44
1.82169e-44
1.82169e-44
1.68156e-44
1.54143e-44
1.4013e-44
1.26117e-44
1.12104e-44
9.80909e-45
7.00649e-45
4.2039e-45
1.4013e-45
-1.4013e-45
-4.2039e-45
-7.00649e-45
-9.80909e-45
-1.26117e-44
-1.4013e-44
-1.54143e-44
-1.68156e-44
-1.82169e-44
-1.82169e-44
-1.82169e-44
-1.82169e-44
-1.68156e-44
-1.54143e-44
-1.4013e-44
-1.26117e-44
-1.12104e-44
-9.80909e-45
-7.00649e-45
-4.2039e-45
-1.4013e-45
1.4013e-45
4.2039e-45
7.00649e-45
9.80909e-45
1.26117e-44
1.4013e-44
1.54143e-44
1.68156e-44
1.82169e-44
1.82169e-44
1.82169e-44
1.82169e-44
1.68156e-44
1.54143e-44
1.4013e-44
1.26117e-44
1.12104e-44
9.80909e-45
7.00649e-45
4.2039e-45
1.4013e-45
-1.4013e-45
-4.2039e-45
-7.00649e-45
-9.80909e-45
-1.26117e-44
-1.4013e-44
-1.54143e-44
-1.68156e-44
-1.82169e-44
-1.82169e-44
-1.82169e-44
-1.82169e-44
-1.68156e-44
-1.54143e-44
-1.4013e-44
-1.26117e-44
-1.12104e-44
-9.80909e-45
-7.00649e-45
-4.2039e-45
-1.4013e-45
1.4013e-45
4.2039e-45
7.00649e-45
9.80909e-45
1.26117e-44
1.4013e-44
1.54143e-44
1.68156e-44
1.82169e-44
1.82169e-44
1.82169e-44
1.82169e-44
1.68156e-44
1.54143e-44
1.4013e-44
1.26117e-44
1.12104e-44
9.80909e-45
7.00649e-45
4.2039e-45
1.4013e-45
-1.4013e-45
-4.2039e-45
-7.00649e-45
-9.80909e-45
-1.26117e-44
-1.4013e-44
-1.54143e-44
-1.68156e-44
-1.82169e-44
-1.82169e-44
-1.82169e-44
-1.82169e-44
-1.68156e-44
-1.54143e-44
-1.4013e-44
-1.26117e-44
-1.12104e-44
-9.80909e-45
-7.00649e-45
-4.2039e-45
-1.4013e-45
1.4013e-45
4.2039e-45
7.00649e-45
9.80909e-45
1.26117e-44
1.4013e-44
1.54143e-44
1.68156e-44
1.82169e-44
1.82169e-44
1.82169e-44
1.82169e-44
1.68156e-44
1.54143e-44
1.4013e-44
1.26117e-44
1.12104e-44
9.80909e-45
7.00649e-45
4.2039e-45
1.4013e-45
-1.4013e-45
-4.2039e-45
-7.00649e-45
-9.80909e-45
-1.26117e-44
-1.4013e-44
-1.54143e-44
-1.68156e-44
-1.82169e-44
-1.82169e-44
-1.82169e-44
-1.82169e-44
-1.68156e-44
-1.54143e-44
-1.4013e-44
-1.26117e-44
-1.12104e-44
-9.80909e-45
-7.00649e-45
-4.2039e-45
-1.4013e-45
1.4013e-45
4.2039e-45
7.00649e-45
9.80909e-45
1.26117e-44
1.4013e-44
1.54143e-44
1.68156e-44
1.82169e-44
1.82169e-44
1.82169e-44
1.82169e-44
1.68156e-44
1.54143e-44
1.4013e-44
1.26117e-44
1.12104e-44
9.80909e-45
7.00649e-45
4.2039e-45
1.4013e-45
-1.4013e-45
-4.2039e-45
-7.00649e-45
-9.80909e-45
-1.26117e-44
-1.4013e-44
-1.54143e-44
-1.68156e-44
-1.82169e-44
-1.82169e-44
-1.82169e-44
-1.82169e-44
-1.68156e-44
-1.54143e-44
-1.4013e-44
-1.26117e-44
-1.12104e-44
-9.80909e-45
-7.00649e-45
-4.2039e-45
-1.4013e-45
1.4013e-45
4.2039e-45
7.00649e-45
9.80909e-45
1.26117e-44
1.4013e-44
1.54143e-44
1.68156e-44
1.82169e-44
1.82169e-44
1.82169e-44
1.82169e-44
1.68156e-44
1.54143e-44
1.4013e-44
1.26117e-44
1.12104e-44
9.80909e-45
7.00649e-45
4.2039e-45
1.4013e-45
-1.4013e-45
-4.2039e-45
-7.00649e-45
-9.80909e-45
-1.26117e-44
-1.4013e-44
-1.54143e-44
-1.68156e-44
-1.82169e-44
-1.82169e-44
-1.82169e-44
-1.82169e-44
-1.68156e-44
-1.54143e-44
-1.4013e-44
-1.26117e-44
-1.12104e-44
-9.80909e-45
-7.00649e-45
-4.2039e-45
-1.4013e-45
1.4013e-45
4.2039e-45
7.00649e-45
9.80909e-45
1.26117e-44
1.4013e-44
1.54143e-44
1.68156e-44
1.82169e-44
1.82169e-44
1.82169e-44
1.82169e-44
1.68156e-44
1.54143e-44
1.4013e-44
1.26117e-44
1.12104e-44
9.80909e-45
7.00649e-45
4.2039e-45
1.4013e-45
-1.4013e-45
-4.2039e-45
-7.00649e-45
-9.80909e-45
-1.26117e-44
-1.4013e-44
-1.54143e-44
-1.68156e-44
-1.82169e-44
-1.82169e-44
-1.82169e-44
-1.82169e-44
-1.68156e-44
-1.54143e-44
-1.4013e-44
-1.26117e-44
-1.12104e-44
-9.80909e-45
-7.00649e-45
-4.2039e-45
-1.4013e-45
1.4013e-45
4.2039e-45
7.00649e-45
9.80909e-45
1.26117e-44
1.4013e-44
1.54143e-44
1.68156e-44
1.82169e-44
1.82169e-44
1.82169e-44
1.82169e-44
1.68156e-44
1.54143e-44
1.4013e-44
1.26117e-44
1.12104e-44
9.80909e-45
7.00649e-45
4.2039e-45
1.4013e-45
-1.4013e-45
-4.2039e-45
-7.00649e-45
-9.80909e-45
-1.26117e-44
-1.4013e-44
-1.54143e-44
-1.68156e-44
-1.82169e-44
-1.82169e-44
-1.82169e-44
-1.82169e-44
-1.68156e-44
-1.54143e-44
-1.4013e-44
-1.26117e-44
-1.12104e-44
-9.80909e-45
-7.00649e-45
-4.2039e-45
-1.4013e-45
1.4013e-45
4.2039e-45
7.00649e-45
9.80909e-45
1.26117e-44
1.4013e-44
1.54143e-44
1.68156e-44
1.82169e-44
1.82169e-44
1.82169e-44
1.82169e-44
1.68156e-44
1.54143e-44
1.4013e-44
1.26117e-44
1.12104e-44
9.80909e-45
7.00649e-45
4.2039e-45
1.4013e-45
-1.4013e-45
-4.2039e-45
-7.00649e-45
-9.80909e-45
-1.26117e-44
-1.4013e-44
-1.54143e-44
-1.68156e-44
-1.82169e-44
-1.82169e-44
-1.82169e-44
-1.82169e-44
-1.68156e-44
-1.54143e-44
-1.4013e-44
-1.26117e-44
-1.12104e-44
-9.80909e-45
-7.00649e-45
-4.2039e-45
-1.4013e-45
1.4013e-45
4.2039e-45
7.00649e-45
9.80909e-45
1.26117e-44
1.4013e-44
1.54143e-44
1.68156e-44
1.82169e-44
1.82169e-44
1.82169e-44
1.82169e-44
1.68156e-44
1.54143e-44
1.4013e-44
1.26117e-44
1.12104e-44
9.80909e-45
7.00649e-45
4.2039e-45
1.4013e-45
-1.4013e-45
-4.2039e-45
-7.00649e-45
-9.80909e-45
-1.26117e-44
-1.4013e-44
-1.54143e-44
-1.68156e-44
-1.82169e-44
-1.82169e-44
-1.82169e-44
-1.82169e-44
-1.68156e-44
-1.54143e-44
-1.4013e-44
-1.26117e-44
-1.12104e-44
-9.80909e-45
-7.00649e-45
-4.2039e-45
-1.4013e-45
1.4013e-45
4.2039e-45
7.00649e-45
9.80909e-45
1.26117e-44
1.4013e-44
1.54143e-44
1.68156e-44
1.82169e-44
1.82169e-44
1.82169e-44
1.82169e-44
1.68156e-44
1.54143e-44
1.4013e-44
1.26117e-44
1.12104e-44
9.80909e-45
7.00649e-45
4.2039e-45
1.4013e-45
-1.4013e-45
-4.2039e-45
-7.00649e-45
-9.80909e-45
-1.26117e-44
-1.4013e-44
-1.54143e-44
-1.68156e-44
-1.82169e-44
-1.82169e-44
-1.82169e-44
-1.82169e-44
-1.68156e-44
-1.54143e-44
-1.4013e-44
-1.26117e-44
-1.12104e-44
-9.80909e-45
-7.00649e-45
-4.2039e-45
-1.4013e-45
1.4013e-45
4.2039e-45
7.00649e-45
9.80909e-45
1.26117e-44
1.4013e-44
1.54143e-44
1.68156e-44
1.82169e-44
1.82169e-44
1.82169e-44
1.82169e-44
1.68156e-44
1.54143e-44
1.4013e-44
1.26117e-44
1.12104e-44
9.80909e-45
7.00649e-45
4.2039e-45
1.4013e-45
-1.4013e-45
-4.2039e-45
-7.00649e-45
-9.80909e-45
-1.26117e-44
-1.4013e-44
-1.54143e-44
-1.68156e-44
-1.82169e-44
-1.82169e-44
-1.82169e-44
-1.82169e-44
-1.68156e-44
-1.54143e-44
-1.4013e-44
-1.26117e-44
-1.12104e-44
-9.80909e-45
-7.00649e-45
-4.2039e-45
-1.4013e-45
1.4013e-45
4.2039e-45
7.00649e-45
9.80909e-45
1.26117e-44
1.4013e-44
1.54143e-44
1.68156e-44
1.82169e-44
1.82169e-44
1.82169e-44
1.82169e-44
1.68156e-44
1.54143e-44
1.4013e-44
1.26117e-44
1.12104e-44
9.80909e-45
7.00649e-45
4.2039e-45
1.4013e-45
-1.4013e-45
-4.2039e-45
-7.00649e-45
-9.80909e-45
-1.26117e-44
-1.4013e-44
-1.54143e-44
-1.68156e-44
-1.82169e-44
-1.82169e-44
-1.82169e-44
-1.82169e-44
-1.68156e-44
-1.54143e-44
-1.4013e-44
-1.26117e-44
-1.12104e-44
-9.80909e-45
-7.00649e-45
-4.2039e-45
-1.4013e-45
1.4013e-45
4.2039e-45
7.00649e-45
9.80909e-45
1.26117e-44
1.4013e-44
1.54143e-44
1.68156e-44
1.82169e-44
1.82169e-44
1.82169e-44
1.82169e-44
1.68156e-44
1.54143e-44
1.4013e-44
1.26117e-44
1.12104e-44
9.80909e-45
7.00649e-45
4.2039e-45
1.4013e-45
-1.4013e-45
-4.2039e-45
-7.00649e-45
-9.80909e-45
-1.26117e-44
-1.4013e-44
-1.54143e-44
-1.68156e-44
-1.82169e-44
-1.82169e-44
-1.82169e-44
-1.82169e-44
-1.68156e-44
-1.54143e-44
-1.4013e-44
-1.26117e-44
-1.12104e-44
-9.80909e-45
-7.00649e-45
-4.2039e-45
-1.4013e-45
1.4013e-45
4.2039e-45
7.00649e-45
9.80909e-45
1.26117e-44
1.4013e-44
1.54143e-44
1.68156e-44
1.82169e-44
1.82169e-44
1.82169e-44
1.82169e-44
1.68156e-44
1.54143e-44
1.4013e-44
1.26117e-44
1.12104e-44
9.80909e-45
7.00649e-45
4.2039e-45
1.4013e-45
-1.4013e-45
-4.2039e-45
-7.00649e-45
-9.80909e-45
-1.26117e-44
-1.4013e-44
-1.54143e-44
-1.68156e-44
-1.82169e-44
-1.82169e-44
-1.82169e-44
-1.82169e-44
-1.68156e-44
-1.54143e-44
-1.4013e-44
-1.26117e-44
-1.12104e-44
-9.80909e-45
-7.00649e-45
-4.2039e-45
-1.4013e-45
1.4013e-45
4.2039e-45
7.00649e-45
9.80909e-45
1.26117e-44
1.4013e-44
1.54143e-44
1.68156e-44
1.82169e-44
1.82169e-44
1.82169e-44
1.82169e-44
1.68156e-44
1.54143e-44
1.4013e-44
1.26117e-44
1.12104e-44
9.80909e-45
7.00649e-45
4.2039e-45
1.4013e-45
-1.4013e-45
-4.2039e-45
-7.00649e-45
-9.80909e-45
-1.26117e-44
-1.4013e-44
-1.54143e-44
-1.68156e-44
-1.82169e-44
-1.82169e-44
-1.82169e-44
-1.82169e-44
-1.68156e-44
-1.54143e-44
-1.4013e-44
-1.26117e-44
-1.12104e-44
-9.80909e-45
-7.00649e-45
-4.2039e-45
-1.4013e-45
1.4013e-45
4.2039e-45
7.00649e-45
9.80909e-45
1.26117e-44
1.4013e-44
1.54143e-44
1.68156e-44
1.82169e-44
1.82169e-44
1.82169e-44
1.82169e-44
1.68156e-44
1.54143e-44
1.4013e-44
1.26117e-44
1.12104e-44
9.80909e-45
7.00649e-45
4.2039e-45
1.4013e-45
-1.4013e-45
-4.2039e-45
-7.00649e-45
-9.80909e-45
-1.26117e-44
-1.4013e-44
-1.54143e-44
-1.68156e-44
-1.82169e-44
-1.82169e-44
-1.82169e-44
-1.82169e-44
-1.68156e-44
-1.54143e-44
-1.4013e-44
-1.26117e-44
-1.12104e-44
-9.80909e-45
-7.00649e-45
-4.2039e-45
-1.4013e-45
1.4013e-45
4.2039e-45
7.00649e-45
9.80909e-45
1.26117e-44
1.4013e-44
1.54143e-44
1.68156e-44
1.82169e-44
1.82169e-44
1.82169e-44
1.82169e-44
1.68156e-44
1.54143e-44
1.4013e-44
1.26117e-44
1.12104e-44
9.80909e-45
7.00649e-45
4.2039e-45
1.4013e-45
-1.4013e-45
-4.2039e-45
-7.00649e-45
-9.80909e-45
-1.26117e-44
-1.4013e-44
-1.54143e-44
-1.68156e-44
-1.82169e-44
-1.82169e-44
-1.82169e-44
-1.82169e-44
-1.68156e-44
-1.54143e-44
-1.4013e-44
-1.26117e-44
-1.12104e-44
-9.80909e-45
-7.00649e-45
-4.2039e-45
-1.4013e-45
1.4013e-45
4.2039e-45
7.00649e-45
9.80909e-45
1.26117e-44
1.4013e-44
1.54143e-44
1.68156e-44
1.82169e-44
1.82169e-44
1.82169e-44
1.82169e-44
1.68156e-44
1.54143e-44
1.4013e-44
1.26117e-44
1.12104e-44
9.80909e-45
7.00649e-45
4.2039e-45
1.4013e-45
-1.4013e-45
-4.2039e-45
-7.00649e-45
-9.80909e-45
-1.26117e-44
-1.4013e-44
-1.54143e-44
-1.68156e-44
-1.82169e-44
-1.82169e-44
-1.82169e-44
-1.82169e-44
-1.68156e-44
-1.54143e-44
-1.4013e-44
-1.26117e-44
-1.12104e-44
-9.80909e-45
-7.00649e-45
-4.2039e-45
-1.4013e-45
1.4013e-45
4.2039e-45
7.00649e-45
9.80909e-45
1.26117e-44
1.4013e-44
1.54143e-44
1.68156e-44
1.82169e-44
1.82169e-44
1.82169e-44
1.82169e-44
1.68156e-44
1.54143e-44
1.4013e-44
1.26117e-44
1.12104e-44
9.80909e-45
7.00649e-45
4.2039e-45
1.4013e-45
-1.4013e-45
-4.2039e-45
-7.00649e-45
-9.80909e-45
-1.26117e-44
-1.4013e-44
-1.54143e-44
-1.68156e-44
-1.82169e-44
-1.82169e-44
-1.82169e-44
-1.82169e-44
-1.68156e-44
-1.54143e-44
-1.4013e-44
-1.26117e-44
-1.12104e-44
-9.80909e-45
-7.00649e-45
-4.2039e-45
-1.4013e-45
1.4013e-45
4.2039e-45
7.00649e-45
9.80909e-45
1.26117e-44
1.4013e-44
1.54143e-44
1.68156e-44
1.82169e-44
1.82169e-44
1.82169e-44
1.82169e-44
1.68156e-44
1.54143e-44
1.4013e-44
1.26117e-44
1.12104e-44
9.80909e-45
7.00649e-45
4.2039e-45
1.4013e-45
-1.4013e-45
-4.2039e-45
-7.00649e-45
-9.80909e-45
-1.26117e-44
-1.4013e-44
-1.54143e-44
-1.68156e-44
-1.82169e-44
-1.82169e-44
-1.82169e-44
-1.82169e-44
-1.68156e-44
-1.54143e-44
-1.4013e-44
-1.26117e-44
-1.12104e-44
-9.80909e-45
-7.00649e-45
-4.2039e-45
-1.4013e-45
1.4013e-45
4.2039e-45
7.00649e-45
9.80909e-45
1.26117e-44
1.4013e-44
1.54143e-44
1.68156e-44
1.82169e-44
1.82169e-44
1.82169e-44
1.82169e-44
1.68156e-44
1.54143e-44
1.4013e-44
1.26117e-44
1.12104e-44
9.80909e-45
7.00649e-45
4.2039e-45
1.4013e-45
-1.4013e-45
-4.2039e-45
-7.00649e-45
-9.80909e-45
-1.26117e-44
-1.4013e-44
-1.54143e-44
-1.68156e-44
-1.82169e-44
-1.82169e-44
-1.82169e-44
-1.82169e-44
-1.68156e-44
-1.54143e-44
-1.4013e-44
-1.26117e-44
-1.12104e-44
-9.80909e-45
-7.00649e-45
-4.2039e-45
-1.4013e-45
1.4013e-45
4.2039e-45
7.00649e-45
9.80909e-45
1.26117e-44
1.4013e-44
1.54143e-44
1.68156e-44
1.82169e-44
1.82169e-44
1.82169e-44
1.82169e-44
1.68156e-44
1.54143e-44
1.4013e-44
1.26117e-44
1.12104e-44
9.80909e-45
7.00649e-45
4.2039e-45
1.4013e-45
-1.4013e-45
-4.2039e-45
-7.00649e-45
-9.80909e-45
-1.26117e-44
-1.4013e-44
-1.54143e-44
-1.68156e-44
-1.82169e-44
-1.82169e-44
-1.82169e-44
-1.82169e-44
-1.68156e-44
-1.54143e-44
-1.4013e-44
-1.26117e-44
-1.12104e-44
-9.80909e-45
-7.00649e-45
-4.2039e-45
-1.4013e-45
1.4013e-45
4.2039e-45
7.00649e-45
9.80909e-45
1.26117e-44
1.4013e-44
1.54143e-44
1.68156e-44
1.82169e-44
1.82169e-44
1.82169e-44
1.82169e-44
1.68156e-44
1.54143e-44
1.4013e-44
1.26117e-44
1.12104e-44
9.80909e-45
7.00649e-45
4.2039e-45
1.4013e-45
-1.4013e-45
-4.2039e-45
-7.00649e-45
-9.80909e-45
-1.26117e-44
-1.4013e-44
-1.54143e-44
-1.68156e-44
-1.82169e-44
-1.82169e-44
-1.82169e-44
-1.82169e-44
-1.68156e-44
-1.54143e-44
-1.4013e-44
-1.26117e-44
-1.12104e-44
-9.80909e-45
-7.00649e-45
-4.2039e-45
-1.4013e-45
1.4013e-45
4.2039e-45
7.00649e-45
9.80909e-45
1.26117e-44
1.4013e-44
1.54143e-44
1.68156e-44
1.82169e-44
1.82169e-44
1.82169e-44
1.82169e-44
1.68156e-44
1.54143e-44
1.4013e-44
1.26117e-44
1.12104e-44
9.80909e-45
7.00649e-45
4.2039e-45
1.4013e-45
-1.4013e-45
-4.2039e-45
-7.00649e-45
-9.80909e-45
-1.26117e-44
-1.4013e-44
-1.54143e-44
-1.68156e-44
-1.82169e-44
-1.82169e-44
-1.82169e-44
-1.82169e-44
-1.68156e-44
-1.54143e-44
-1.4013e-44
-1.26117e-44
-1.12104e-44
-9.80909e-45
-7.00649e-45
-4.2039e-45
-1.4013e-45
1.4013e-45
4.2039e-45
7.00649e-45
9.80909e-45
1.26117e-44
1.4013e-44
1.54143e-44
1.68156e-44
1.82169e-44
1.82169e-44
1.82169e-44
1.82169e-44
1.68156e-44
1.54143e-44
1.4013e-44
1.26117e-44
1.12104e-44
9.80909e-45
7.00649e-45
4.2039e-45
1.4013e-45
-1.4013e-45
-4.2039e-45
-7.00649e-45
-9.80909e-45
-1.26117e-44
-1.4013e-44
-1.54143e-44
-1.68156e-44
-1.82169e-44
-1.82169e-44
-1.82169e-44
-1.82169e-44
-1.68156e-44
-1.54143e-44
-1.4013e-44
-1.26117e-44
-1.12104e-44
-9.80909e-45
-7.00649e-45
-4.2039e-45
-1.4013e-45
1.4013e-45
4.2039e-45
7.00649e-45
9.80909e-45
1.26117e-44
1.4013e-44
1.54143e-44
1.68156e-44
1.82169e-44
1.82169e-44
1.82169e-44
1.82169e-44
1.68156e-44
1.54143e-44
1.4013e-44
1.26117e-44
1.12104e-44
9.80909e-45
7.00649e-45
4.2039e-45
1.4013e-45
-1.4013e-45
-4.2039e-45
-7.00649e-45
-9.80909e-45
-1.26117e-44
-1.4013e-44
-1.54143e-44
-1.68156e-44
-1.82169e-44
-1.82169e-44
-1.82169e-44
-1.82169e-44
-1.68156e-44
-1.54143e-44
-1.4013e-44
-1.26117e-44
-1.12104e-44
-9.80909e-45
-7.00649e-45
-4.2039e-45
-1.4013e-45
1.4013e-45
4.2039e-45
7.00649e-45
9.80909e-45
1.26117e-44
1.4013e-44
1.54143e-44
1.68156e-44
1.82169e-44
1.82169e-44
1.82169e-44
1.82169e-44
1.68156e-44
1.54143e-44
1.4013e-44
1.26117e-44
1.12104e-44
9.80909e-45
7.00649e-45
4.2039e-45
1.4013e-45
-1.4013e-45
-4.2039e-45
-7.00649e-45
-9.80909e-45
-1.26117e-44
-1.4013e-44
-1.54143e-44
-1.68156e-44
-1.82169e-44
-1.82169e-44
-1.82169e-44
-1.82169e-44
-1.68156e-44
-1.54143e-44
-1.4013e-44
-1.26117e-44
-1.12104e-44
-9.80909e-45
-7.00649e-45
-4.2039e-45
-1.4013e-45
1.4013e-45
4.2039e-45
7.00649e-45
9.80909e-45
1.26117e-44
1.4013e-44
1.54143e-44
1.68156e-44
1.82169e-44
1.82169e-44
1.82169e-44
1.82169e-44
1.68156e-44
1.54143e-44
1.4013e-44
1.26117e-44
1.12104e-44
9.80909e-45
7.00649e-45
4.2039e-45
1.4013e-45
-1.4013e-45
-4.2039e-45
-7.00649e-45
-9.80909e-45
-1.26117e-44
-1.4013e-44
-1.54143e-44
-1.68156e-44
-1.82169e-44
-1.82169e-44
-1.82169e-44
-1.82169e-44
-1.68156e-44
-1.54143e-44
-1.4013e-44
-1.26117e-44
-1.12104e-44
-9.80909e-45
-7.00649e-45
-4.2039e-45
-1.4013e-45
1.4013e-45
4.2039e-45
7.00649e-45
9.80909e-45
1.26117e-44
1.4013e-44
1.54143e-44
1.68156e-44
1.82169e-44
1.82169e-44
1.82169e-44
1.82169e-44
1.68156e-44
1.54143e-44
1.4013e-44
1.26117e-44
1.12104e-44
9.80909e-45
7.00649e-45
4.2039e-45
1.4013e-45
-1.4013e-45
-4.2039e-45
-7.00649e-45
-9.80909e-45
-1.26117e-44
-1.4013e-44
-1.54143e-44
-1.68156e-44
-1.82169e-44
-1.82169e-44
-1.82169e-44
-1.82169e-44
-1.68156e-44
-1.54143e-44
-1.4013e-44
-1.26117e-44
-1.12104e-44
-9.80909e-45
-7.00649e-45
-4.2039e-45
-1.4013e-45
1.4013e-45
4.2039e-45
7.00649e-45
9.80909e-45
1.26117e-44
1.4013e-44
1.54143e-44
1.68156e-44
1.82169e-44
1.82169e-44
1.82169e-44
1.82169e-44
1.68156e-44
1.54143e-44
1.4013e-44
1.26117e-44
1.12104e-44
9.80909e-45
7.00649e-45
4.2039e-45
1.4013e-45
-1.4013e-45
-4.2039e-45
-7.00649e-45
-9.80909e-45
-1.26117e-44
-1.4013e-44
-1.54143e-44
-1.68156e-44
-1.82169e-44
-1.82169e-44
-1.82169e-44
-1.82169e-44
-1.68156e-44
-1.54143e-44
-1.4013e-44
-1.26117e-44
-1.12104e-44
-9.80909e-45
-7.00649e-45
-4.2039e-45
-1.4013e-45
1.4013e-45
4.2039e-45
7.00649e-45
9.80909e-45
1.26117e-44
1.4013e-44
1.54143e-44
1.68156e-44
1.82169e-44
1.82169e-44
1.82169e-44
1.82169e-44
1.68156e-44
1.54143e-44
1.4013e-44
1.26117e-44
1.12104e-44
9.80909e-45
7.00649e-45
4.2039e-45
1.4013e-45
-1.4013e-45
-4.2039e-45
-7.00649e-45
-9.80909e-45
-1.26117e-44
-1.4013e-44
-1.54143e-44
-1.68156e-44
-1.82169e-44
-1.82169e-44
-1.82169e-44
-1.82169e-44
-1.68156e-44
-1.54143e-44
-1.4013e-44
-1.26117e-44
-1.12104e-44
-9.80909e-45
-7.00649e-45
-4.2039e-45
-1.4013e-45
1.4013e-45
4.2039e-45
7.00649e-45
9.80909e-45
1.26117e-44
1.4013e-44
1.54143e-44
1.68156e-44
1.82169e-44
1.82169e-44
1.82169e-44
1.82169e-44
1.68156e-44
1.54143e-44
1.4013e-44
1.26117e-44
1.12104e-44
9.80909e-45
7.00649e-45
4.2039e-45
1.4013e-45
-1.4013e-45
-4.2039e-45
-7.00649e-45
-9.80909e-45
-1.26117e-44
-1.4013e-44
-1.54143e-44
-1.68156e-44
-1.82169e-44
-1.82169e-44
-1.82169e-44
-1.82169e-44
-1.68156e-44
-1.54143e-44
-1.4013e-44
-1.26117e-44
-1.12104e-44
-9.80909e-45
-7.00649e-45
-4.2039e-45
-1.4013e-45
1.4013e-45
4.2039e-45
7.00649e-45
9.80909e-45
1.26117e-44
1.4013e-44
1.54143e-44
1.68156e-44
1.82169e-44
1.82169e-44
1.82169e-44
1.82169e-44
1.68156e-44
1.54143e-44
1.4013e-44
1.26117e-44
1.12104e-44
9.80909e-45
7.00649e-45
4.2039e-45
1.4013e-45
-1.4013e-45
-4.2039e-45
-7.00649e-45
-9.80909e-45
-1.26117e-44
-1.4013e-44
-1.54143e-44
-1.68156e-44
-1.82169e-44
-1.82169e-44
-1.82169e-44
-1.82169e-44
-1.68156e-44
-1.54143e-44
-1.4013e-44
-1.26117e-44
-1.12104e-44
-9.80909e-45
-7.00649e-45
-4.2039e-45
-1.4013e-45
1.4013e-45
4.2039e-45
7.00649e-45
9.80909e-45
1.26117e-44
1.4013e-44
1.54143e-44
1.68156e-44
1.82169e-44
1.82169e-44
1.82169e-44
1.82169e-44
1.68156e-44
1.54143e-44
1.4013e-44
1.26117e-44
1.12104e-44
9.80909e-45
7.00649e-45
4.2039e-45
1.4013e-45
-1.4013e-45
-4.2039e-45
-7.00649e-45
-9.80909e-45
-1.26117e-44
-1.4013e-44
-1.54143e-44
-1.68156e-44
-1.82169e-44
-1.82169e-44
-1.82169e-44
-1.82169e-44
-1.68156e-44
-1.54143e-44
-1.4013e-44
-1.26117e-44
-1.12104e-44
-9.80909e-45
-7.00649e-45
-4.2039e-45
-1.4013e-45
1.4013e-45
4.2039e-45
7.00649e-45
9.80909e-45
1.26117e-44
1.4013e-44
1.54143e-44
1.68156e-44
1.82169e-44
1.82169e-44
1.82169e-44
1.82169e-44
1.68156e-44
1.54143e-44
1.4013e-44
1.26117e-44
1.12104e-44
9.80909e-45
7.00649e-45
4.2039e-45
1.4013e-45
-1.4013e-45
-4.2039e-45
-7.00649e-45
-9.80909e-45
-1.26117e-44
-1.4013e-44
-1.54143e-44
-1.68156e-44
-1.82169e-44
-1.82169e-44
-1.82169e-44
-1.82169e-44
-1.68156e-44
-1.54143e-44
-1.4013e-44
-1.26117e-44
-1.12104e-44
-9.80909e-45
-7.00649e-45
-4.2039e-45
-1.4013e-45
1.4013e-45
4.2039e-45
7.00649e-45
9.80909e-45
1.26117e-44
1.4013e-44
1.54143e-44
1.68156e-44
1.82169e-44
1.82169e-44
1.82169e-44
1.82169e-44
1.68156e-44
1.54143e-44
1.4013e-44
1.26117e-44
1.12104e-44
9.80909e-45
7.00649e-45
4.2039e-45
1.4013e-45
-1.4013e-45
-4.2039e-45
-7.00649e-45
-9.80909e-45
-1.26117e-44
-1.4013e-44
-1.54143e-44
-1.68156e-44
-1.82169e-44
-1.82169e-44
-1.82169e-44
-1.82169e-44
-1.68156e-44
-1.54143e-44
-1.4013e-44
-1.26117e-44
-1.12104e-44
-9.80909e-45
-7.00649e-45
-4.2039e-45
-1.4013e-45
1.4013e-45
4.2039e-45
7.00649e-45
9.80909e-45
1.26117e-44
1.4013e-44
1.54143e-44
1.68156e-44
1.82169e-44
1.82169e-44
1.82169e-44
1.82169e-44
1.68156e-44
1.54143e-44
1.4013e-44
1.26117e-44
1.12104e-44
9.80909e-45
7.00649e-45
4.2039e-45
1.4013e-45
-1.4013e-45
-4.2039e-45
-7.00649e-45
-9.80909e-45
-1.26117e-44
-1.4013e-44
-1.54143e-44
-1.68156e-44
-1.82169e-44
-1.82169e-44
-1.82169e-44
-1.82169e-44
-1.68156e-44
-1.54143e-44
-1.4013e-44
-1.26117e-44
-1.12104e-44
-9.80909e-45
-7.00649e-45
-4.2039e-45
-1.4013e-45
1.4013e-45
4.2039e-45
7.00649e-45
9.80909e-45
1.26117e-44
1.4013e-44
1.54143e-44
1.68156e-44
1.82169e-44
1.82169e-44
1.82169e-44
1.82169e-44
1.68156e-44
1.54143e-44
1.4013e-44
1.26117e-44
1.12104e-44
9.80909e-45
7.00649e-45
4.2039e-45
1.4013e-45
-1.4013e-45
-4.2039e-45
-7.00649e-45
-9.80909e-45
-1.26117e-44
-1.4013e-44
-1.54143e-44
-1.68156e-44
-1.82169e-44
-1.82169e-44
-1.82169e-44
-1.82169e-44
-1.68156e-44
-1.54143e-44
-1.4013e-44
-1.26117e-44
-1.12104e-44
-9.80909e-45
-7.00649e-45
-4.2039e-45
-1.4013e-45
1.4013e-45
4.2039e-45
7.00649e-45
9.80909e-45
1.26117e-44
1.4013e-44
1.54143e-44
1.68156e-44
1.82169e-44
1.82169e-44
1.82169e-44
1.82169e-44
1.68156e-44
1.54143e-44
1.4013e-44
1.26117e-44
1.12104e-44
9.80909e-45
7.00649e-45
4.2039e-45
1.4013e-45
-1.4013e-45
-4.2039e-45
-7.00649e-45
-9.80909e-45
-1.26117e-44
-1.4013e-44
-1.54143e-44
-1.68156e-44
-1.82169e-44
-1.82169e-44
-1.82169e-44
-1.82169e-44
-1.68156e-44
-1.54143e-44
-1.4013e-44
-1.26117e-44
-1.12104e-44
-9.80909e-45
-7.00649e-45
-4.2039e-45
-1.4013e-45
1.4013e-45
4.2039e-45
7.00649e-45
9.80909e-45
1.26117e-44
1.4013e-44
1.54143e-44
1.68156e-44
1.82169e-44
1.82169e-44
1.82169e-44
1.82169e-44
1.68156e-44
1.54143e-44
1.4013e-44
1.26117e-44
1.12104e-44
9.80909e-45
7.00649e-45
4.2039e-45
1.4013e-45
-1.4013e-45
-4.2039e-45
-7.00649e-45
-9.80909e-45
-1.26117e-44
-1.4013e-44
-1.54143e-44
-1.68156e-44
-1.82169e-44
-1.82169e-44
-1.82169e-44
-1.82169e-44
-1.68156e-44
-1.54143e-44
-1.4013e-44
-1.26117e-44
-1.12104e-44
-9.80909e-45
-7.00649e-45
-4.2039e-45
-1.4013e-45
1.4013e-45
4.2039e-45
7.00649e-45
9.80909e-45
1.26117e-44
1.4013e-44
1.54143e-44
1.68156e-44
1.82169e-44
1.82169e-44
1.82169e-44
1.82169e-44
1.68156e-44
1.54143e-44
1.4013e-44
1.26117e-44
1.12104e-44
9.80909e-45
7.00649e-45
4.2039e-45
1.4013e-45
-1.4013e-45
-4.2039e-45
-7.00649e-45
-9.80909e-45
-1.26117e-44
-1.4013e-44
-1.54143e-44
-1.68156e-44
-1.82169e-44
-1.82169e-44
-1.82169e-44
-1.82169e-44
-1.68156e-44
-1.54143e-44
-1.4013e-44
-1.26117e-44
-1.12104e-44
-9.80909e-45
-7.00649e-45
-4.2039e-45
-1.4013e-45
1.4013e-45
4.2039e-45
7.00649e-45
9.80909e-45
1.26117e-44
1.4013e-44
1.54143e-44
1.68156e-44
1.82169e-44
1.82169e-44
1.82169e-44
1.82169e-44
1.68156e-44
1.54143e-44
1.4013e-44
1.26117e-44
1.12104e-44
9.80909e-45
7.00649e-45
4.2039e-45
1.4013e-45
-1.4013e-45
-4.2039e-45
-7.00649e-45
-9.80909e-45
-1.26117e-44
-1.4013e-44
-1.54143e-44
-1.68156e-44
-1.82169e-44
-1.82169e-44
-1.82169e-44
-1.82169e-44
-1.68156e-44
-1.54143e-44
-1.4013e-44
-1.26117e-44
-1.12104e-44
-9.80909e-45
-7.00649e-45
-4.2039e-45
-1.4013e-45
1.4013e-45
4.2039e-45
7.00649e-45
9.80909e-45
1.26117e-44
1.4013e-44
1.54143e-44
1.68156e-44
1.82169e-44
1.82169e-44
1.82169e-44
1.82169e-44
1.68156e-44
1.54143e-44
1.4013e-44
1.26117e-44
1.12104e-44
9.80909e-45
7.00649e-45
4.2039e-45
1.4013e-45
-1.4013e-45
-4.2039e-45
-7.00649e-45
-9.80909e-45
-1.26117e-44
-1.4013e-44
-1.54143e-44
-1.68156e-44
-1.82169e-44
-1.82169e-44
-1.82169e-44
-1.82169e-44
-1.68156e-44
-1.54143e-44
-1.4013e-44
-1.26117e-44
-1.12104e-44
-9.80909e-45
-7.00649e-45
-4.2039e-45
-1.4013e-45
1.4013e-45
4.2039e-45
7.00649e-45
9.80909e-45
1.26117e-44
1.4013e-44
1.54143e-44
1.68156e-44
1.82169e-44
1.82169e-44
1.82169e-44
1.82169e-44
1.68156e-44
1.54143e-44
1.4013e-44
1.26117e-44
1.12104e-44
9.80909e-45
7.00649e-45
4.2039e-45
1.4013e-45
-1.4013e-45
-4.2039e-45
-7.00649e-45
-9.80909e-45
-1.26117e-44
-1.4013e-44
-1.54143e-44
-1.68156e-44
-1.82169e-44
-1.82169e-44
-1.82169e-44
-1.82169e-44
-1.68156e-44
-1.54143e-44
-1.4013e-44
-1.26117e-44
-1.12104e-44
-9.80909e-45
-7.00649e-45
-4.2039e-45
-1.4013e-45
1.4013e-45
4.2039e-45
7.00649e-45
9.80909e-45
1.26117e-44
1.4013e-44
1.54143e-44
1.68156e-44
1.82169e-44
1.82169e-44
1.82169e-44
1.82169e-44
1.68156e-44
1.54143e-44
1.4013e-44
1.26117e-44
1.12104e-44
9.80909e-45
7.00649e-45
4.2039e-45
1.4013e-45
-1.4013e-45
-4.2039e-45
-7.00649e-45
-9.80909e-45
-1.26117e-44
-1.4013e-44
-1.54143e-44
-1.68156e-44
-1.82169e-44
-1.82169e-44
-1.82169e-44
-1.82169e-44
-1.68156e-44
-1.54143e-44
-1.4013e-44
-1.26117e-44
-1.12104e-44
-9.80909e-45
-7.00649e-45
-4.2039e-45
-1.4013e-45
1.4013e-45
4.2039e-45
7.00649e-45
9.80909e-45
1.26117e-44
1.4013e-44
1.54143e-44
1.68156e-44
1.82169e-44
1.82169e-44
1.82169e-44
1.82169e-44
1.68156e-44
1.54143e-44
1.4013e-44
1.26117e-44
1.12104e-44
9.80909e-45
7.00649e-45
4.2039e-45
1.4013e-45
-1.4013e-45
-4.2039e-45
-7.00649e-45
-9.80909e-45
-1.26117e-44
-1.4013e-44
-1.54143e-44
-1.68156e-44
-1.82169e-44
-1.82169e-44
-1.82169e-44
-1.82169e-44
-1.68156e-44
-1.54143e-44
-1.4013e-44
-1.26117e-44
-1.12104e-44
-9.80909e-45
-7.00649e-45
-4.2039e-45
-1.4013e-45
1.4013e-45
4.2039e-45
7.00649e-45
9.80909e-45
1.26117e-44
1.4013e-44
1.54143e-44
1.68156e-44
1.82169e-44
1.82169e-44
1.82169e-44
1.82169e-44
1.68156e-44
1.54143e-44
1.4013e-44
1.26117e-44
1.12104e-44
9.80909e-45
7.00649e-45
4.2039e-45
1.4013e-45
-1.4013e-45
-4.2039e-45
-7.00649e-45
-9.80909e-45
-1.26117e-44
-1.4013e-44
-1.54143e-44
-1.68156e-44
-1.82169e-44
-1.82169e-44
-1.82169e-44
-1.82169e-44
-1.68156e-44
-1.54143e-44
-1.4013e-44
-1.26117e-44
-1.12104e-44
-9.80909e-45
-7.00649e-45
-4.2039e-45
-1.4013e-45
1.4013e-45
4.2039e-45
7.00649e-45
9.80909e-45
1.26117e-44
1.4013e-44
1.54143e-44
1.68156e-44
1.82169e-44
1.82169e-44
1.82169e-44
1.82169e-44
1.68156e-44
1.54143e-44
1.4013e-44
1.26117e-44
1.12104e-44
9.80909e-45
7.00649e-45
4.2039e-45
1.4013e-45
-1.4013e-45
-4.2039e-45
-7.00649e-45
-9.80909e-45
-1.26117e-44
-1.4013e-44
-1.54143e-44
-1.68156e-44
-1.82169e-44
-1.82169e-44
-1.82169e-44
-1.82169e-44
-1.68156e-44
-1.54143e-44
-1.4013e-44
-1.26117e-44
-1.12104e-44
-9.80909e-45
-7.00649e-45
-4.2039e-45
-1.4013e-45
1.4013e-45
4.2039e-45
7.00649e-45
9.80909e-45
1.26117e-44
1.4013e-44
1.54143e-44
1.68156e-44
1.82169e-44
1.82169e-44
1.82169e-44
1.82169e-44
1.68156e-44
1.54143e-44
1.4013e-44
1.26117e-44
1.12104e-44
9.80909e-45
7.00649e-45
4.2039e-45
1.4013e-45
-1.4013e-45
-4.2039e-45
-7.00649e-45
-9.80909e-45
-1.26117e-44
-1.4013e-44
-1.54143e-44
-1.68156e-44
-1.82169e-44
-1.82169e-44
-1.82169e-44
-1.82169e-44
-1.68156e-44
-1.54143e-44
-1.4013e-44
-1.26117e-44
-1.12104e-44
-9.80909e-45
-7.00649e-45
-4.2039e-45
-1.4013e-45
1.4013e-45
4.2039e-45
7.00649e-45
9.80909e-45
1.26117e-44
1.4013e-44
1.54143e-44
1.68156e-44
1.82169e-44
1.82169e-44
1.82169e-44
1.82169e-44
1.68156e-44
1.54143e-44
1.4013e-44
1.26117e-44
1.12104e-44
9.80909e-45
7.00649e-45
4.2039e-45
1.4013e-45
-1.4013e-45
-4.2039e-45
-7.00649e-45
-9.80909e-45
-1.26117e-44
-1.4013e-44
-1.54143e-44
-1.68156e-44
-1.82169e-44
-1.82169e-44
-1.82169e-44
-1.82169e-44
-1.68156e-44
-1.54143e-44
-1.4013e-44
-1.26117e-44
-1.12104e-44
-9.80909e-45
-7.00649e-45
-4.2039e-45
-1.4013e-45
1.4013e-45
4.2039e-45
7.00649e-45
9.80909e-45
1.26117e-44
1.4013e-44
1.54143e-44
1.68156e-44
1.82169e-44
1.82169e-44
1.82169e-44
1.82169e-44
1.68156e-44
1.54143e-44
1.4013e-44
1.26117e-44
1.12104e-44
9.80909e-45
7.00649e-45
4.2039e-45
1.4013e-45
-1.4013e-45
-4.2039e-45
-7.00649e-45
-9.80909e-45
-1.26117e-44
-1.4013e-44
-1.54143e-44
-1.68156e-44
-1.82169e-44
-1.82169e-44
-1.82169e-44
-1.82169e-44
-1.68156e-44
-1.54143e-44
-1.4013e-44
-1.26117e-44
-1.12104e-44
-9.80909e-45
-7.00649e-45
-4.2039e-45
-1.4013e-45
1.4013e-45
4.2039e-45
7.00649e-45
9.80909e-45
1.26117e-44
1.4013e-44
1.54143e-44
1.68156e-44
1.82169e-44
1.82169e-44
1.82169e-44
1.82169e-44
1.68156e-44
1.54143e-44
1.4013e-44
1.26117e-44
1.12104e-44
9.80909e-45
7.00649e-45
4.2039e-45
1.4013e-45
-1.4013e-45
-4.2039e-45
-7.00649e-45
-9.80909e-45
-1.26117e-44
-1.4013e-44
-1.54143e-44
-1.68156e-44
-1.82169e-44
-1.82169e-44
-1.82169e-44
-1.82169e-44
-1.68156e-44
-1.54143e-44
-1.4013e-44
-1.26117e-44
-1.12104e-44
-9.80909e-45
-7.00649e-45
-4.2039e-45
-1.4013e-45
1.4013e-45
4.2039e-45
7.00649e-45
9.80909e-45
1.26117e-44
1.4013e-44
1.54143e-44
1.68156e-44
1.82169e-44
1.82169e-44
1.82169e-44
1.82169e-44
1.68156e-44
1.54143e-44
1.4013e-44
1.26117e-44
1.12104e-44
9.80909e-45
7.00649e-45
4.2039e-45
1.4013e-45
-1.4013e-45
-4.2039e-45
-7.00649e-45
-9.80909e-45
-1.26117e-44
-1.4013e-44
-1.54143e-44
-1.68156e-44
-1.82169e-44
-1.82169e-44
-1.82169e-44
-1.82169e-44
-1.68156e-44
-1.54143e-44
-1.4013e-44
-1.26117e-44
-1.12104e-44
-9.80909e-45
-7.00649e-45
-4.2039e-45
-1.4013e-45
1.4013e-45
4.2039e-45
7.00649e-45
9.80909e-45
1.26117e-44
1.4013e-44
1.54143e-44
1.68156e-44
1.82169e-44
1.82169e-44
1.82169e-44
1.82169e-44
1.68156e-44
1.54143e-44
1.4013e-44
1.26117e-44
1.12104e-44
9.80909e-45
7.00649e-45
4.2039e-45
1.4013e-45
-1.4013e-45
-4.2039e-45
-7.00649e-45
-9.80909e-45
-1.26117e-44
-1.4013e-44
-1.54143e-44
-1.68156e-44
-1.82169e-44
-1.82169e-44
-1.82169e-44
-1.82169e-44
-1.68156e-44
-1.54143e-44
-1.4013e-44
-1.26117e-44
-1.12104e-44
-9.80909e-45
-7.00649e-45
-4.2039e-45
-1.4013e-45
1.4013e-45
4.2039e-45
7.00649e-45
9.80909e-45
1.26117e-44
1.4013e-44
1.54143e-44
1.68156e-44
1.82169e-44
1.82169e-44
1.82169e-44
1.82169e-44
1.68156e-44
1.54143e-44
1.4013e-44
1.26117e-44
1.12104e-44
9.80909e-45
7.00649e-45
4.2039e-45
1.4013e-45
-1.4013e-45
-4.2039e-45
-7.00649e-45
-9.80909e-45
-1.26117e-44
-1.4013e-44
-1.54143e-44
-1.68156e-44
-1.82169e-44
-1.82169e-44
-1.82169e-44
-1.82169e-44
-1.68156e-44
-1.54143e-44
-1.4013e-44
-1.26117e-44
-1.12104e-44
-9.80909e-45
-7.00649e-45
-4.2039e-45
-1.4013e-45
1.4013e-45
4.2039e-45
7.00649e-45
9.80909e-45
1.26117e-44
1.4013e-44
1.54143e-44
1.68156e-44
1.82169e-44
1.82169e-44
1.82169e-44
1.82169e-44
1.68156e-44
1.54143e-44
1.4013e-44
1.26117e-44
1.12104e-44
9.80909e-45
7.00649e-45
4.2039e-45
1.4013e-45
-1.4013e-45
-4.2039e-45
-7.00649e-45
-9.80909e-45
-1.26117e-44
-1.4013e-44
-1.54143e-44
-1.68156e-44
-1.82169e-44
-1.82169e-44
-1.82169e-44
-1.82169e-44
-1.68156e-44
-1.54143e-44
-1.4013e-44
-1.26117e-44
-1.12104e-44
-9.80909e-45
-7.00649e-45
-4.2039e-45
-1.4013e-45
1.4013e-45
4.2039e-45
7.00649e-45
9.80909e-45
1.26117e-44
1.4013e-44
1.54143e-44
1.68156e-44
1.82169e-44
1.82169e-44
1.82169e-44
1.82169e-44
1.68156e-44
1.54143e-44
1.4013e-44
1.26117e-44
1.12104e-44
9.80909e-45
7.00649e-45
4.2039e-45
1.4013e-45
-1.4013e-45
-4.2039e-45
-7.00649e-45
-9.80909e-45
-1.26117e-44
-1.4013e-44
-1.54143e-44
-1.68156e-44
-1.82169e-44
-1.82169e-44
-1.82169e-44
-1.82169e-44
-1.68156e-44
-1.54143e-44
-1.4013e-44
-1.26117e-44
-1.12104e-44
-9.80909e-45
-7.00649e-45
-4.2039e-45
-1.4013e-45
1.4013e-45
4.2039e-45
7.00649e-45
9.80909e-45
1.26117e-44
1.4013e-44
1.54143e-44
1.68156e-44
1.82169e-44
1.82169e-44
1.82169e-44
1.82169e-44
1.68156e-44
1.54143e-44
1.4013e-44
1.26117e-44
1.12104e-44
9.80909e-45
7.00649e-45
4.2039e-45
1.4013e-45
-1.4013e-45
-4.2039e-45
-7.00649e-45
-9.80909e-45
-1.26117e-44
-1.4013e-44
-1.54143e-44
-1.68156e-44
-1.82169e-44
-1.82169e-44
-1.82169e-44
-1.82169e-44
-1.68156e-44
-1.54143e-44
-1.4013e-44
-1.26117e-44
-1.12104e-44
-9.80909e-45
-7.00649e-45
-4.2039e-45
-1.4013e-45
1.4013e-45
4.2039e-45
7.00649e-45
9.80909e-45
1.26117e-44
1.4013e-44
1.54143e-44
1.68156e-44
1.82169e-44
1.82169e-44
1.82169e-44
1.82169e-44
1.68156e-44
1.54143e-44
1.4013e-44
1.26117e-44
1.12104e-44
9.80909e-45
7.00649e-45
4.2039e-45
1.4013e-45
-1.4013e-45
-4.2039e-45
-7.00649e-45
-9.80909e-45
-1.26117e-44
-1.4013e-44
-1.54143e-44
-1.68156e-44
-1.82169e-44
-1.82169e-44
-1.82169e-44
-1.82169e-44
-1.68156e-44
-1.54143e-44
-1.4013e-44
-1.26117e-44
-1.12104e-44
-9.80909e-45
-7.00649e-45
-4.2039e-45
-1.4013e-45
1.4013e-45
4.2039e-45
7.00649e-45
9.80909e-45
1.26117e-44
1.4013e-44
1.54143e-44
1.68156e-44
1.82169e-44
1.82169e-44
1.82169e-44
1.82169e-44
1.68156e-44
1.54143e-44
1.4013e-44
1.26117e-44
1.12104e-44
9.80909e-45
7.00649e-45
4.2039e-45
1.4013e-45
-1.4013e-45
-4.2039e-45
-7.00649e-45
-9.80909e-45
-1.26117e-44
-1.4013e-44
-1.54143e-44
-1.68156e-44
-1.82169e-44
-1.82169e-44
-1.82169e-44
-1.82169e-44
-1.68156e-44
-1.54143e-44
-1.4013e-44
-1.26117e-44
-1.12104e-44
-9.80909e-45
-7.00649e-45
-4.2039e-45
-1.4013e-45
1.4013e-45
4.2039e-45
7.00649e-45
9.80909e-45
1.26117e-44
1.4013e-44
1.54143e-44
1.68156e-44
1.82169e-44
1.82169e-44
1.82169e-44
1.82169e-44
1.68156e-44
1.54143e-44
1.4013e-44
1.26117e-44
1.12104e-44
9.80909e-45
7.00649e-45
4.2039e-45
1.4013e-45
-1.4013e-45
-4.2039e-45
-7.00649e-45
-9.80909e-45
-1.26117e-44
-1.4013e-44
-1.54143e-44
-1.68156e-44
-1.82169e-44
-1.82169e-44
-1.82169e-44
-1.82169e-44
-1.68156e-44
-1.54143e-44
-1.4013e-44
-1.26117e-44
-1.12104e-44
-9.80909e-45
-7.00649e-45
-4.2039e-45
-1.4013e-45
1.4013e-45
4.2039e-45
7.00649e-45
9.80909e-45
1.26117e-44
1.4013e-44
1.54143e-44
1.68156e-44
1.82169e-44
1.82169e-44
1.82169e-44
1.82169e-44
1.68156e-44
1.54143e-44
1.4013e-44
1.26117e-44
1.12104e-44
9.80909e-45
7.00649e-45
4.2039e-45
1.4013e-45
-1.4013e-45
-4.2039e-45
-7.00649e-45
-9.80909e-45
-1.26117e-44
-1.4013e-44
-1.54143e-44
-1.68156e-44
-1.82169e-44
-1.82169e-44
-1.82169e-44
-1.82169e-44
-1.68156e-44
-1.54143e-44
-1.4013e-44
-1.26117e-44
-1.12104e-44
-9.80909e-45
-7.00649e-45
-4.2039e-45
-1.4013e-45
1.4013e-45
4.2039e-45
7.00649e-45
9.80909e-45
1.26117e-44
1.4013e-44
1.54143e-44
1.68156e-44
1.82169e-44
1.82169e-44
1.82169e-44
1.82169e-44
1.68156e-44
1.54143e-44
1.4013e-44
1.26117e-44
1.12104e-44
9.80909e-45
7.00649e-45
4.2039e-45
1.4013e-45
-1.4013e-45
-4.2039e-45
-7.00649e-45
-9.80909e-45
-1.26117e-44
-1.4013e-44
-1.54143e-44
-1.68156e-44
-1.82169e-44
-1.82169e-44
-1.82169e-44
-1.82169e-44
-1.68156e-44
-1.54143e-44
-1.4013e-44
-1.26117e-44
-1.12104e-44
-9.80909e-45
-7.00649e-45
-4.2039e-45
-1.4013e-45
1.4013e-45
4.2039e-45
7.00649e-45
9.80909e-45
1.26117e-44
1.4013e-44
1.54143e-44
1.68156e-44
1.82169e-44
1.82169e-44
1.82169e-44
1.82169e-44
1.68156e-44
1.54143e-44
1.4013e-44
1.26117e-44
1.12104e-44
9.80909e-45
7.00649e-45
4.2039e-45
1.4013e-45
-1.4013e-45
-4.2039e-45
-7.00649e-45
-9.80909e-45
-1.26117e-44
-1.4013e-44
-1.54143e-44
-1.68156e-44
-1.82169e-44
-1.82169e-44
-1.82169e-44
-1.82169e-44
-1.68156e-44
-1.54143e-44
-1.4013e-44
-1.26117e-44
-1.12104e-44
-9.80909e-45
-7.00649e-45
-4.2039e-45
-1.4013e-45
1.4013e-45
4.2039e-45
7.00649e-45
9.80909e-45
1.26117e-44
1.4013e-44
1.54143e-44
1.68156e-44
1.82169e-44
1.82169e-44
1.82169e-44
1.82169e-44
1.68156e-44
1.54143e-44
1.4013e-44
1.26117e-44
1.12104e-44
9.80909e-45
7.00649e-45
4.2039e-45
1.4013e-45
-1.4013e-45
-4.2039e-45
-7.00649e-45
-9.80909e-45
-1.26117e-44
-1.4013e-44
-1.54143e-44
-1.68156e-44
-1.82169e-44
-1.82169e-44
-1.82169e-44
-1.82169e-44
-1.68156e-44
-1.54143e-44
-1.4013e-44
-1.26117e-44
-1.12104e-44
-9.80909e-45
-7.00649e-45
-4.2039e-45
-1.4013e-45
1.4013e-45
4.2039e-45
7.00649e-45
9.80909e-45
1.26117e-44
1.4013e-44
1.54143e-44
1.68156e-44
1.82169e-44
1.82169e-44
1.82169e-44
1.82169e-44
1.68156e-44
1.54143e-44
1.4013e-44
1.26117e-44
1.12104e-44
9.80909e-45
7.00649e-45
4.2039e-45
1.4013e-45
-1.4013e-45
-4.2039e-45
-7.00649e-45
-9.80909e-45
-1.26117e-44
-1.4013e-44
-1.54143e-44
-1.68156e-44
-1.82169e-44
-1.82169e-44
-1.82169e-44
-1.82169e-44
-1.68156e-44
-1.54143e-44
-1.4013e-44
-1.26117e-44
-1.12104e-44
-9.80909e-45
-7.00649e-45
-4.2039e-45
-1.4013e-45
1.4013e-45
4.2039e-45
7.00649e-45
9.80909e-45
1.26117e-44
1.4013e-44
1.54143e-44
1.68156e-44
1.82169e-44
1.82169e-44
1.82169e-44
1.82169e-44
1.68156e-44
1.54143e-44
1.4013e-44
1.26117e-44
1.12104e-44
9.80909e-45
7.00649e-45
4.2039e-45
1.4013e-45
-1.4013e-45
-4.2039e-45
-7.00649e-45
-9.80909e-45
-1.26117e-44
-1.4013e-44
-1.54143e-44
-1.68156e-44
-1.82169e-44
-1.82169e-44
-1.82169e-44
-1.82169e-44
-1.68156e-44
-1.54143e-44
-1.4013e-44
-1.26117e-44
-1.12104e-44
-9.80909e-45
-7.00649e-45
-4.2039e-45
-1.4013e-45
1.4013e-45
4.2039e-45
7.00649e-45
9.80909e-45
1.26117e-44
1.4013e-44
1.54143e-44
1.68156e-44
1.82169e-44
1.82169e-44
1.82169e-44
1.82169e-44
1.68156e-44
1.54143e-44
1.4013e-44
1.26117e-44
1.12104e-44
9.80909e-45
7.00649e-45
4.2039e-45
1.4013e-45
-1.4013e-45
-4.2039e-45
-7.00649e-45
-9.80909e-45
-1.26117e-44
-1.4013e-44
-1.54143e-44
-1.68156e-44
-1.82169e-44
-1.82169e-44
-1.82169e-44
-1.82169e-44
-1.68156e-44
-1.54143e-44
-1.4013e-44
-1.26117e-44
-1.12104e-44
-9.80909e-45
-7.00649e-45
-4.2039e-45
-1.4013e-45
1.4013e-45
4.2039e-45
7.00649e-45
9.80909e-45
1.26117e-44
1.4013e-44
1.54143e-44
1.68156e-44
1.82169e-44
1.82169e-44
1.82169e-44
1.82169e-44
1.68156e-44
1.54143e-44
1.4013e-44
1.26117e-44
1.12104e-44
9.80909e-45
7.00649e-45
4.2039e-45
1.4013e-45
-1.4013e-45
-4.2039e-45
-7.00649e-45
-9.80909e-45
-1.26117e-44
-1.4013e-44
-1.54143e-44
-1.68156e-44
-1.82169e-44
-1.82169e-44
-1.82169e-44
-1.82169e-44
-1.68156e-44
-1.54143e-44
-1.4013e-44
-1.26117e-44
-1.12104e-44
-9.80909e-45
-7.00649e-45
-4.2039e-45
-1.4013e-45
1.4013e-45
4.2039e-45
7.00649e-45
9.80909e-45
1.26117e-44
1.4013e-44
1.54143e-44
1.68156e-44
1.82169e-44
1.82169e-44
1.82169e-44
1.82169e-44
1.68156e-44
1.54143e-44
1.4013e-44
1.26117e-44
1.12104e-44
9.80909e-45
7.00649e-45
4.2039e-45
1.4013e-45
-1.4013e-45
-4.2039e-45
-7.00649e-45
-9.80909e-45
-1.26117e-44
-1.4013e-44
-1.54143e-44
-1.68156e-44
-1.82169e-44
-1.82169e-44
-1.82169e-44
-1.82169e-44
-1.68156e-44
-1.54143e-44
-1.4013e-44
-1.26117e-44
-1.12104e-44
-9.80909e-45
-7.00649e-45
-4.2039e-45
-1.4013e-45
1.4013e-45
4.2039e-45
7.00649e-45
9.80909e-45
1.26117e-44
1.4013e-44
1.54143e-44
1.68156e-44
1.82169e-44
1.82169e-44
1.82169e-44
1.82169e-44
1.68156e-44
1.54143e-44
1.4013e-44
1.26117e-44
1.12104e-44
9.80909e-45
7.00649e-45
4.2039e-45
1.4013e-45
-1.4013e-45
-4.2039e-45
-7.00649e-45
-9.80909e-45
-1.26117e-44
-1.4013e-44
-1.54143e-44
-1.68156e-44
-1.82169e-44
-1.82169e-44
-1.82169e-44
-1.82169e-44
-1.68156e-44
-1.54143e-44
-1.4013e-44
-1.26117e-44
-1.12104e-44
-9.80909e-45
-7.00649e-45
-4.2039e-45
-1.4013e-45
1.4013e-45
4.2039e-45
7.00649e-45
9.80909e-45
1.26117e-44
1.4013e-44
1.54143e-44
1.68156e-44
1.82169e-44
1.82169e-44
1.82169e-44
1.82169e-44
1.68156e-44
1.54143e-44
1.4013e-44
1.26117e-44
1.12104e-44
9.80909e-45
7.00649e-45
4.2039e-45
1.4013e-45
-1.4013e-45
-4.2039e-45
-7.00649e-45
-9.80909e-45
-1.26117e-44
-1.4013e-44
-1.54143e-44
-1.68156e-44
-1.82169e-44
-1.82169e-44
-1.82169e-44
-1.82169e-44
-1.68156e-44
-1.54143e-44
-1.4013e-44
-1.26117e-44
-1.12104e-44
-9.80909e-45
-7.00649e-45
-4.2039e-45
-1.4013e-45
1.4013e-45
4.2039e-45
7.00649e-45
9.80909e-45
1.26117e-44
1.4013e-44
1.54143e-44
1.68156e-44
1.82169e-44
1.82169e-44
1.82169e-44
1.82169e-44
1.68156e-44
1.54143e-44
1.4013e-44
1.26117e-44
1.12104e-44
9.80909e-45
7.00649e-45
4.2039e-45
1.4013e-45
-1.4013e-45
-4.2039e-45
-7.00649e-45
-9.80909e-45
-1.26117e-44
-1.4013e-44
-1.54143e-44
-1.68156e-44
-1.82169e-44
-1.82169e-44
-1.82169e-44
-1.82169e-44
-1.68156e-44
-1.54143e-44
-1.4013e-44
-1.26117e-44
-1.12104e-44
-9.80909e-45
-7.00649e-45
-4.2039e-45
-1.4013e-45
1.4013e-45
4.2039e-45
7.00649e-45
9.80909e-45
1.26117e-44
1.4013e-44
1.54143e-44
1.68156e-44
1.82169e-44
1.82169e-44
1.82169e-44
1.82169e-44
1.68156e-44
1.54143e-44
1.4013e-44
1.26117e-44
1.12104e-44
9.80909e-45
7.00649e-45
4.2039e-45
1.4013e-45
-1.4013e-45
-4.2039e-45
-7.00649e-45
-9.80909e-45
-1.26117e-44
-1.4013e-44
-1.54143e-44
-1.68156e-44
-1.82169e-44
-1.82169e-44
-1.82169e-44
-1.82169e-44
-1.68156e-44
-1.54143e-44
-1.4013e-44
-1.26117e-44
-1.12104e-44
-9.80909e-45
-7.00649e-45
-4.2039e-45
-1.4013e-45
1.4013e-45
4.2039e-45
7.00649e-45
9.80909e-45
1.26117e-44
1.4013e-44
1.54143e-44
1.68156e-44
1.82169e-44
1.82169e-44
1.82169e-44
1.82169e-44
1.68156e-44
1.54143e-44
1.4013e-44
1.26117e-44
1.12104e-44
9.80909e-45
7.00649e-45
4.2039e-45
1.4013e-45
-1.4013e-45
-4.2039e-45
-7.00649e-45
-9.80909e-45
-1.26117e-44
-1.4013e-44
-1.54143e-44
-1.68156e-44
-1.82169e-44
-1.82169e-44
-1.82169e-44
-1.82169e-44
-1.68156e-44
-1.54143e-44
-1.4013e-44
-1.26117e-44
-1.12104e-44
-9.80909e-45
-7.00649e-45
-4.2039e-45
-1.4013e-45
1.4013e-45
4.2039e-45
7.00649e-45
9.80909e-45
1.26117e-44
1.4013e-44
1.54143e-44
1.68156e-44
1.82169e-44
1.82169e-44
1.82169e-44
1.82169e-44
1.68156e-44
1.54143e-44
1.4013e-44
1.26117e-44
1.12104e-44
9.80909e-45
7.00649e-45
4.2039e-45
1.4013e-45
-1.4013e-45
-4.2039e-45
-7.00649e-45
-9.80909e-45
-1.26117e-44
-1.4013e-44
-1.54143e-44
-1.68156e-44
-1.82169e-44
-1.82169e-44
-1.82169e-44
-1.82169e-44
-1.68156e-44
-1.54143e-44
-1.4013e-44
-1.26117e-44
-1.12104e-44
-9.80909e-45
-7.00649e-45
-4.2039e-45
-1.4013e-45
1.4013e-45
4.2039e-45
7.00649e-45
9.80909e-45
1.26117e-44
1.4013e-44
1.54143e-44
1.68156e-44
1.82169e-44
1.82169e-44
1.82169e-44
1.82169e-44
1.68156e-44
1.54143e-44
1.4013e-44
1.26117e-44
1.12104e-44
9.80909e-45
7.00649e-45
4.2039e-45
1.4013e-45
-1.4013e-45
-4.2039e-45
-7.00649e-45
-9.80909e-45
-1.26117e-44
-1.4013e-44
-1.54143e-44
-1.68156e-44
-1.82169e-44
-1.82169e-44
-1.82169e-44
-1.82169e-44
-1.68156e-44
-1.54143e-44
-1.4013e-44
-1.26117e-44
-1.12104e-44
-9.80909e-45
-7.00649e-45
-4.2039e-45
-1.4013e-45
1.4013e-45
4.2039e-45
7.00649e-45
9.80909e-45
1.26117e-44
1.4013e-44
1.54143e-44
1.68156e-44
1.82169e-44
1.82169e-44
1.82169e-44
1.82169e-44
1.68156e-44
1.54143e-44
1.4013e-44
1.26117e-44
1.12104e-44
9.80909e-45
7.00649e-45
4.2039e-45
1.4013e-45
-1.4013e-45
-4.2039e-45
-7.00649e-45
-9.80909e-45
-1.26117e-44
-1.4013e-44
-1.54143e-44
-1.68156e-44
-1.82169e-44
-1.82169e-44
-1.82169e-44
-1.82169e-44
-1.68156e-44
-1.54143e-44
-1.4013e-44
-1.26117e-44
-1.12104e-44
-9.80909e-45
-7.00649e-45
-4.2039e-45
-1.4013e-45
1.4013e-45
4.2039e-45
7.00649e-45
9.80909e-45
1.26117e-44
1.4013e-44
1.54143e-44
1.68156e-44
1.82169e-44
1.82169e-44
1.82169e-44
1.82169e-44
1.68156e-44
1.54143e-44
1.4013e-44
1.26117e-44
1.12104e-44
9.80909e-45
7.00649e-45
4.2039e-45
1.4013e-45
-1.4013e-45
-4.2039e-45
-7.00649e-45
-9.80909e-45
-1.26117e-44
-1.4013e-44
-1.54143e-44
-1.68156e-44
-1.82169e-44
-1.82169e-44
-1.82169e-44
-1.82169e-44
-1.68156e-44
-1.54143e-44
-1.4013e-44
-1.26117e-44
-1.12104e-44
-9.80909e-45
-7.00649e-45
-4.2039e-45
-1.4013e-45
1.4013e-45
4.2039e-45
7.00649e-45
9.80909e-45
1.26117e-44
1.4013e-44
1.54143e-44
1.68156e-44
1.82169e-44
1.82169e-44
1.82169e-44
1.82169e-44
1.68156e-44
1.54143e-44
1.4013e-44
1.26117e-44
1.12104e-44
9.80909e-45
7.00649e-45
4.2039e-45
1.4013e-45
-1.4013e-45
-4.2039e-45
-7.00649e-45
-9.80909e-45
-1.26117e-44
-1.4013e-44
-1.54143e-44
-1.68156e-44
-1.82169e-44
-1.82169e-44
-1.82169e-44
-1.82169e-44
-1.68156e-44
-1.54143e-44
-1.4013e-44
-1.26117e-44
-1.12104e-44
-9.80909e-45
-7.00649e-45
-4.2039e-45
-1.4013e-45
1.4013e-45
4.2039e-45
7.00649e-45
9.80909e-45
1.26117e-44
1.4013e-44
1.54143e-44
1.68156e-44
1.82169e-44
1.82169e-44
1.82169e-44
1.82169e-44
1.68156e-44
1.54143e-44
1.4013e-44
1.26117e-44
1.12104e-44
9.80909e-45
7.00649e-45
4.2039e-45
1.4013e-45
-1.4013e-45
-4.2039e-45
-7.00649e-45
-9.80909e-45
-1.26117e-44
-1.4013e-44
-1.54143e-44
-1.68156e-44
-1.82169e-44
-1.82169e-44
-1.82169e-44
-1.82169e-44
-1.68156e-44
-1.54143e-44
-1.4013e-44
-1.26117e-44
-1.12104e-44
-9.80909e-45
-7.00649e-45
-4.2039e-45
-1.4013e-45
1.4013e-45
4.2039e-45
7.00649e-45
9.80909e-45
1.26117e-44
1.4013e-44
1.54143e-44
1.68156e-44
1.82169e-44
1.82169e-44
1.82169e-44
1.82169e-44
1.68156e-44
1.54143e-44
1.4013e-44
1.26117e-44
1.12104e-44
9.80909e-45
7.00649e-45
4.2039e-45
1.4013e-45
-1.4013e-45
-4.2039e-45
-7.00649e-45
-9.80909e-45
-1.26117e-44
-1.4013e-44
-1.54143e-44
-1.68156e-44
-1.82169e-44
-1.82169e-44
-1.82169e-44
-1.82169e-44
-1.68156e-44
-1.54143e-44
-1.4013e-44
-1.26117e-44
-1.12104e-44
-9.80909e-45
-7.00649e-45
-4.2039e-45
-1.4013e-45
1.4013e-45
4.2039e-45
7.00649e-45
9.80909e-45
1.26117e-44
1.4013e-44
1.54143e-44
1.68156e-44
1.82169e-44
1.82169e-44
1.82169e-44
1.82169e-44
1.68156e-44
1.54143e-44
1.4013e-44
1.26117e-44
1.12104e-44
9.80909e-45
7.00649e-45
4.2039e-45
1.4013e-45
-1.4013e-45
-4.2039e-45
-7.00649e-45
-9.80909e-45
-1.26117e-44
-1.4013e-44
-1.54143e-44
-1.68156e-44
-1.82169e-44
-1.82169e-44
-1.82169e-44
-1.82169e-44
-1.68156e-44
-1.54143e-44
-1.4013e-44
-1.26117e-44
-1.12104e-44
-9.80909e-45
-7.00649e-45
-4.2039e-45
-1.4013e-45
1.4013e-45
4.2039e-45
7.00649e-45
9.80909e-45
1.26117e-44
1.4013e-44
1.54143e-44
1.68156e-44
1.82169e-44
1.82169e-44
1.82169e-44
1.82169e-44
1.68156e-44
1.54143e-44
1.4013e-44
1.26117e-44
1.12104e-44
9.80909e-45
7.00649e-45
4.2039e-45
1.4013e-45
-1.4013e-45
-4.2039e-45
-7.00649e-45
-9.80909e-45
-1.26117e-44
-1.4013e-44
-1.54143e-44
-1.68156e-44
-1.82169e-44
-1.82169e-44
-1.82169e-44
-1.82169e-44
-1.68156e-44
-1.54143e-44
-1.4013e-44
-1.26117e-44
-1.12104e-44
-9.80909e-45
-7.00649e-45
-4.2039e-45
-1.4013e-45
1.4013e-45
4.2039e-45
7.00649e-45
9.80909e-45
1.26117e-44
1.4013e-44
1.54143e-44
1.68156e-44
1.82169e-44
1.82169e-44
1.82169e-44
1.82169e-44
1.68156e-44
1.54143e-44
1.4013e-44
1.26117e-44
1.12104e-44
9.80909e-45
7.00649e-45
4.2039e-45
1.4013e-45
-1.4013e-45
-4.2039e-45
-7.00649e-45
-9.80909e-45
-1.26117e-44
-1.4013e-44
-1.54143e-44
-1.68156e-44
-1.82169e-44
-1.82169e-44
-1.82169e-44
-1.82169e-44
-1.68156e-44
-1.54143e-44
-1.4013e-44
-1.26117e-44
-1.12104e-44
-9.80909e-45
-7.00649e-45
-4.2039e-45
-1.4013e-45
1.4013e-45
4.2039e-45
7.00649e-45
9.80909e-45
1.26117e-44
1.4013e-44
1.54143e-44
1.68156e-44
1.82169e-44
1.82169e-44
1.82169e-44
1.82169e-44
1.68156e-44
1.54143e-44
1.4013e-44
1.26117e-44
1.12104e-44
9.80909e-45
7.00649e-45
4.2039e-45
1.4013e-45
-1.4013e-45
-4.2039e-45
-7.00649e-45
-9.80909e-45
-1.26117e-44
-1.4013e-44
-1.54143e-44
-1.68156e-44
-1.82169e-44
-1.82169e-44
-1.82169e-44
-1.82169e-44
-1.68156e-44
-1.54143e-44
-1.4013e-44
-1.26117e-44
-1.12104e-44
-9.80909e-45
-7.00649e-45
-4.2039e-45
-1.4013e-45
1.4013e-45
4.2039e-45
7.00649e-45
9.80909e-45
1.26117e-44
1.4013e-44
1.54143e-44
1.68156e-44
1.82169e-44
1.82169e-44
1.82169e-44
1.82169e-44
1.68156e-44
1.54143e-44
1.4013e-44
1.26117e-44
1.12104e-44
9.80909e-45
7.00649e-45
4.2039e-45
1.4013e-45
-1.4013e-45
-4.2039e-45
-7.00649e-45
-9.80909e-45
-1.26117e-44
-1.4013e-44
-1.54143e-44
-1.68156e-44
-1.82169e-44
-1.82169e-44
-1.82169e-44
-1.82169e-44
-1.68156e-44
-1.54143e-44
-1.4013e-44
-1.26117e-44
-1.12104e-44
-9.80909e-45
-7.00649e-45
-4.2039e-45
-1.4013e-45
1.4013e-45
4.2039e-45
7.00649e-45
9.80909e-45
1.26117e-44
1.4013e-44
1.54143e-44
1.68156e-44
1.82169e-44
1.82169e-44
1.82169e-44
1.82169e-44
1.68156e-44
1.54143e-44
1.4013e-44
1.26117e-44
1.12104e-44
9.80909e-45
7.00649e-45
4.2039e-45
1.4013e-45
-1.4013e-45
-4.2039e-45
-7.00649e-45
-9.80909e-45
-1.26117e-44
-1.4013e-44
-1.54143e-44
-1.68156e-44
-1.82169e-44
-1.82169e-44
-1.82169e-44
-1.82169e-44
-1.68156e-44
-1.54143e-44
-1.4013e-44
-1.26117e-44
-1.12104e-44
-9.80909e-45
-7.00649e-45
-4.2039e-45
-1.4013e-45
1.4013e-45
4.2039e-45
7.00649e-45
9.80909e-45
1.26117e-44
1.4013e-44
1.54143e-44
1.68156e-44
1.82169e-44
1.82169e-44
1.82169e-44
1.82169e-44
1.68156e-44
1.54143e-44
1.4013e-44
1.26117e-44
1.12104e-44
9.80909e-45
7.00649e-45
4.2039e-45
1.4013e-45
-1.4013e-45
-4.2039e-45
-7.00649e-45
-9.80909e-45
-1.26117e-44
-1.4013e-44
-1.54143e-44
-1.68156e-44
-1.82169e-44
-1.82169e-44
-1.82169e-44
-1.82169e-44
-1.68156e-44
-1.54143e-44
-1.4013e-44
-1.26117e-44
-1.12104e-44
-9.80909e-45
-7.00649e-45
-4.2039e-45
-1.4013e-45
1.4013e-45
4.2039e-45
7.00649e-45
9.80909e-45
1.26117e-44
1.4013e-44
1.54143e-44
1.68156e-44
1.82169e-44
1.82169e-44
1.82169e-44
1.82169e-44
1.68156e-44
1.54143e-44
1.4013e-44
1.26117e-44
1.12104e-44
9.80909e-45
7.00649e-45
4.2039e-45
1.4013e-45
-1.4013e-45
-4.2039e-45
-7.00649e-45
-9.80909e-45
-1.26117e-44
-1.4013e-44
-1.54143e-44
-1.68156e-44
-1.82169e-44
-1.82169e-44
-1.82169e-44
-1.82169e-44
-1.68156e-44
-1.54143e-44
-1.4013e-44
-1.26117e-44
-1.12104e-44
-9.80909e-45
-7.00649e-45
-4.2039e-45
-1.4013e-45
1.4013e-45
4.2039e-45
7.00649e-45
9.80909e-45
1.26117e-44
1.4013e-44
1.54143e-44
1.68156e-44
1.82169e-44
1.82169e-44
1.82169e-44
1.82169e-44
1.68156e-44
1.54143e-44
1.4013e-44
1.26117e-44
1.12104e-44
9.80909e-45
7.00649e-45
4.2039e-45
1.4013e-45
-1.4013e-45
-4.2039e-45
-7.00649e-45
-9.80909e-45
-1.26117e-44
-1.4013e-44
-1.54143e-44
-1.68156e-44
-1.82169e-44
-1.82169e-44
-1.82169e-44
-1.82169e-44
-1.68156e-44
-1.54143e-44
-1.4013e-44
-1.26117e-44
-1.12104e-44
-9.80909e-45
-7.00649e-45
-4.2039e-45
-1.4013e-45
1.4013e-45
4.2039e-45
7.00649e-45
9.80909e-45
1.26117e-44
1.4013e-44
1.54143e-44
1.68156e-44
1.82169e-44
1.82169e-44
1.82169e-44
1.82169e-44
1.68156e-44
1.54143e-44
1.4013e-44
1.26117e-44
1.12104e-44
9.80909e-45
7.00649e-45
4.2039e-45
1.4013e-45
-1.4013e-45
-4.2039e-45
-7.00649e-45
-9.80909e-45
-1.26117e-44
-1.4013e-44
-1.54143e-44
-1.68156e-44
-1.82169e-44
-1.82169e-44
-1.82169e-44
-1.82169e-44
-1.68156e-44
-1.54143e-44
-1.4013e-44
-1.26117e-44
-1.12104e-44
-9.80909e-45
-7.00649e-45
-4.2039e-45
-1.4013e-45
1.4013e-45
4.2039e-45
7.00649e-45
9.80909e-45
1.26117e-44
1.4013e-44
1.54143e-44
1.68156e-44
1.82169e-44
1.82169e-44
1.82169e-44
1.82169e-44
1.68156e-44
1.54143e-44
1.4013e-44
1.26117e-44
1.12104e-44
9.80909e-45
7.00649e-45
4.2039e-45
1.4013e-45
-1.4013e-45
-4.2039e-45
-7.00649e-45
-9.80909e-45
-1.26117e-44
-1.4013e-44
-1.54143e-44
-1.68156e-44
-1.82169e-44
-1.82169e-44
-1.82169e-44
-1.82169e-44
-1.68156e-44
-1.54143e-44
-1.4013e-44
-1.26117e-44
-1.12104e-44
-9.80909e-45
-7.00649e-45
-4.2039e-45
-1.4013e-45
1.4013e-45
4.2039e-45
7.00649e-45
9.80909e-45
1.26117e-44
1.4013e-44
1.54143e-44
1.68156e-44
1.82169e-44
1.82169e-44
1.82169e-44
1.82169e-44
1.68156e-44
1.54143e-44
1.4013e-44
1.26117e-44
1.12104e-44
9.80909e-45
7.00649e-45
4.2039e-45
1.4013e-45
-1.4013e-45
-4.2039e-45
-7.00649e-45
-9.80909e-45
-1.26117e-44
-1.4013e-44
-1.54143e-44
-1.68156e-44
-1.82169e-44
-1.82169e-44
-1.82169e-44
-1.82169e-44
-1.68156e-44
-1.54143e-44
-1.4013e-44
-1.26117e-44
-1.12104e-44
-9.80909e-45
-7.00649e-45
-4.2039e-45
-1.4013e-45
1.4013e-45
4.2039e-45
7.00649e-45
9.80909e-45
1.26117e-44
1.4013e-44
1.54143e-44
1.68156e-44
1.82169e-44
1.82169e-44
1.82169e-44
1.82169e-44
1.68156e-44
1.54143e-44
1.4013e-44
1.26117e-44
1.12104e-44
9.80909e-45
7.00649e-45
4.2039e-45
1.4013e-45
-1.4013e-45
-4.2039e-45
-7.00649e-45
-9.80909e-45
-1.26117e-44
-1.4013e-44
-1.54143e-44
-1.68156e-44
-1.82169e-44
-1.82169e-44
-1.82169e-44
-1.82169e-44
-1.68156e-44
-1.54143e-44
-1.4013e-44
-1.26117e-44
-1.12104e-44
-9.80909e-45
-7.00649e-45
-4.2039e-45
-1.4013e-45
1.4013e-45
4.2039e-45
7.00649e-45
9.80909e-45
1.26117e-44
1.4013e-44
1.54143e-44
1.68156e-44
1.82169e-44
1.82169e-44
1.82169e-44
1.82169e-44
1.68156e-44
1.54143e-44
1.4013e-44
1.26117e-44
1.12104e-44
9.80909e-45
7.00649e-45
4.2039e-45
1.4013e-45
-1.4013e-45
-4.2039e-45
-7.00649e-45
-9.80909e-45
-1.26117e-44
-1.4013e-44
-1.54143e-44
-1.68156e-44
-1.82169e-44
-1.82169e-44
-1.82169e-44
-1.82169e-44
-1.68156e-44
-1.54143e-44
-1.4013e-44
-1.26117e-44
-1.12104e-44
-9.80909e-45
-7.00649e-45
-4.2039e-45
-1.4013e-45
1.4013e-45
4.2039e-45
7.00649e-45
9.80909e-45
1.26117e-44
1.4013e-44
1.54143e-44
1.68156e-44
1.82169e-44
1.82169e-44
1.82169e-44
1.82169e-44
1.68156e-44
1.54143e-44
1.4013e-44
1.26117e-44
1.12104e-44
9.80909e-45
7.00649e-45
4.2039e-45
1.4013e-45
-1.4013e-45
-4.2039e-45
-7.00649e-45
-9.80909e-45
-1.26117e-44
-1.4013e-44
-1.54143e-44
-1.68156e-44
-1.82169e-44
-1.82169e-44
-1.82169e-44
-1.82169e-44
-1.68156e-44
-1.54143e-44
-1.4013e-44
-1.26117e-44
-1.12104e-44
-9.80909e-45
-7.00649e-45
-4.2039e-45
-1.4013e-45
1.4013e-45
4.2039e-45
7.00649e-45
9.80909e-45
1.26117e-44
1.4013e-44
1.54143e-44
1.68156e-44
1.82169e-44
1.82169e-44
1.82169e-44
1.82169e-44
1.68156e-44
1.54143e-44
1.4013e-44
1.26117e-44
1.12104e-44
9.80909e-45
7.00649e-45
4.2039e-45
1.4013e-45
-1.4013e-45
-4.2039e-45
-7.00649e-45
-9.80909e-45
-1.26117e-44
-1.4013e-44
-1.54143e-44
-1.68156e-44
-1.82169e-44
-1.82169e-44
-1.82169e-44
-1.82169e-44
-1.68156e-44
-1.54143e-44
-1.4013e-44
-1.26117e-44
-1.12104e-44
-9.80909e-45
-7.00649e-45
-4.2039e-45
-1.4013e-45
1.4013e-45
4.2039e-45
7.00649e-45
9.80909e-45
1.26117e-44
1.4013e-44
1.54143e-44
1.68156e-44
1.82169e-44
1.82169e-44
1.82169e-44
1.82169e-44
1.68156e-44
1.54143e-44
1.4013e-44
1.26117e-44
1.12104e-44
9.80909e-45
7.00649e-45
4.2039e-45
1.4013e-45
-1.4013e-45
-4.2039e-45
-7.00649e-45
-9.80909e-45
-1.26117e-44
-1.4013e-44
-1.54143e-44
-1.68156e-44
-1.82169e-44
-1.82169e-44
-1.82169e-44
-1.82169e-44
-1.68156e-44
-1.54143e-44
-1.4013e-44
-1.26117e-44
-1.12104e-44
-9.80909e-45
-7.00649e-45
-4.2039e-45
-1.4013e-45
1.4013e-45
4.2039e-45
7.00649e-45
9.80909e-45
1.26117e-44
1.4013e-44
1.54143e-44
1.68156e-44
1.82169e-44
1.82169e-44
1.82169e-44
1.82169e-44
1.68156e-44
1.54143e-44
1.4013e-44
1.26117e-44
1.12104e-44
9.80909e-45
7.00649e-45
4.2039e-45
1.4013e-45
-1.4013e-45
-4.2039e-45
-7.00649e-45
-9.80909e-45
-1.26117e-44
-1.4013e-44
-1.54143e-44
-1.68156e-44
-1.82169e-44
-1.82169e-44
-1.82169e-44
-1.82169e-44
-1.68156e-44
-1.54143e-44
-1.4013e-44
-1.26117e-44
-1.12104e-44
-9.80909e-45
-7.00649e-45
-4.2039e-45
-1.4013e-45
1.4013e-45
4.2039e-45
7.00649e-45
9.80909e-45
1.26117e-44
1.4013e-44
1.54143e-44
1.68156e-44
1.82169e-44
1.82169e-44
1.82169e-44
1.82169e-44
1.68156e-44
1.54143e-44
1.4013e-44
1.26117e-44
1.12104e-44
9.80909e-45
7.00649e-45
4.2039e-45
1.4013e-45
-1.4013e-45
-4.2039e-45
-7.00649e-45
-9.80909e-45
-1.26117e-44
-1.4013e-44
-1.54143e-44
-1.68156e-44
-1.82169e-44
-1.82169e-44
-1.82169e-44
-1.82169e-44
-1.68156e-44
-1.54143e-44
-1.4013e-44
-1.26117e-44
-1.12104e-44
-9.80909e-45
-7.00649e-45
-4.2039e-45
-1.4013e-45
1.4013e-45
4.2039e-45
7.00649e-45
9.80909e-45
1.26117e-44
1.4013e-44
1.54143e-44
1.68156e-44
1.82169e-44
1.82169e-44
1.82169e-44
1.82169e-44
1.68156e-44
1.54143e-44
1.4013e-44
1.26117e-44
1.12104e-44
9.80909e-45
7.00649e-45
4.2039e-45
1.4013e-45
-1.4013e-45
-4.2039e-45
-7.00649e-45
-9.80909e-45
-1.26117e-44
-1.4013e-44
-1.54143e-44
-1.68156e-44
-1.82169e-44
-1.82169e-44
-1.82169e-44
-1.82169e-44
-1.68156e-44
-1.54143e-44
-1.4013e-44
-1.26117e-44
-1.12104e-44
-9.80909e-45
-7.00649e-45
-4.2039e-45
-1.4013e-45
1.4013e-45
4.2039e-45
7.00649e-45
9.80909e-45
1.26117e-44
1.4013e-44
1.54143e-44
1.68156e-44
1.82169e-44
1.82169e-44
1.82169e-44
1.82169e-44
1.68156e-44
1.54143e-44
1.4013e-44
1.26117e-44
1.12104e-44
9.80909e-45
7.00649e-45
4.2039e-45
1.4013e-45
-1.4013e-45
-4.2039e-45
-7.00649e-45
-9.80909e-45
-1.26117e-44
-1.4013e-44
-1.54143e-44
-1.68156e-44
-1.82169e-44
-1.82169e-44
-1.82169e-44
-1.82169e-44
-1.68156e-44
-1.54143e-44
-1.4013e-44
-1.26117e-44
-1.12104e-44
-9.80909e-45
-7.00649e-45
-4.2039e-45
-1.4013e-45
1.4013e-45
4.2039e-45
7.00649e-45
9.80909e-45
1.26117e-44
1.4013e-44
1.54143e-44
1.68156e-44
1.82169e-44
1.82169e-44
1.82169e-44
1.82169e-44
1.68156e-44
1.54143e-44
1.4013e-44
1.26117e-44
1.12104e-44
9.80909e-45
7.00649e-45
4.2039e-45
1.4013e-45
-1.4013e-45
-4.2039e-45
-7.00649e-45
-9.80909e-45
-1.26117e-44
-1.4013e-44
-1.54143e-44
-1.68156e-44
-1.82169e-44
-1.82169e-44
-1.82169e-44
-1.82169e-44
-1.68156e-44
-1.54143e-44
-1.4013e-44
-1.26117e-44
-1.12104e-44
-9.80909e-45
-7.00649e-45
-4.2039e-45
-1.4013e-45
1.4013e-45
4.2039e-45
7.00649e-45
9.80909e-45
1.26117e-44
1.4013e-44
1.54143e-44
1.68156e-44
1.82169e-44
1.82169e-44
1.82169e-44
1.82169e-44
1.68156e-44
1.54143e-44
1.4013e-44
1.26117e-44
1.12104e-44
9.80909e-45
7.00649e-45
4.2039e-45
1.4013e-45
-1.4013e-45
-4.2039e-45
-7.00649e-45
-9.80909e-45
-1.26117e-44
-1.4013e-44
-1.54143e-44
-1.68156e-44
-1.82169e-44
-1.82169e-44
-1.82169e-44
-1.82169e-44
-1.68156e-44
-1.54143e-44
-1.4013e-44
-1.26117e-44
-1.12104e-44
-9.80909e-45
-7.00649e-45
-4.2039e-45
-1.4013e-45
1.4013e-45
4.2039e-45
7.00649e-45
9.80909e-45
1.26117e-44
1.4013e-44
1.54143e-44
1.68156e-44
1.82169e-44
1.82169e-44
1.82169e-44
1.82169e-44
1.68156e-44
1.54143e-44
1.4013e-44
1.26117e-44
1.12104e-44
9.80909e-45
7.00649e-45
4.2039e-45
1.4013e-45
-1.4013e-45
-4.2039e-45
-7.00649e-45
-9.80909e-45
-1.26117e-44
-1.4013e-44
-1.54143e-44
-1.68156e-44
-1.82169e-44
-1.82169e-44
-1.82169e-44
-1.82169e-44
-1.68156e-44
-1.54143e-44
-1.4013e-44
-1.26117e-44
-1.12104e-44
-9.80909e-45
-7.00649e-45
-4.2039e-45
-1.4013e-45
1.4013e-45
4.2039e-45
7.00649e-45
9.80909e-45
1.26117e-44
1.4013e-44
1.54143e-44
1.68156e-44
1.82169e-44
1.82169e-44
1.82169e-44
1.82169e-44
1.68156e-44
1.54143e-44
1.4013e-44
1.26117e-44
1.12104e-44
9.80909e-45
7.00649e-45
4.2039e-45
1.4013e-45
-1.4013e-45
-4.2039e-45
-7.00649e-45
-9.80909e-45
-1.26117e-44
-1.4013e-44
-1.54143e-44
-1.68156e-44
-1.82169e-44
-1.82169e-44
-1.82169e-44
-1.82169e-44
-1.68156e-44
-1.54143e-44
-1.4013e-44
-1.26117e-44
-1.12104e-44
-9.80909e-45
-7.00649e-45
-4.2039e-45
-1.4013e-45
1.4013e-45
4.2039e-45
7.00649e-45
9.80909e-45
1.26117e-44
1.4013e-44
1.54143e-44
1.68156e-44
1.82169e-44
1.82169e-44
1.82169e-44
1.82169e-44
1.68156e-44
1.54143e-44
1.4013e-44
1.26117e-44
1.12104e-44
9.80909e-45
7.00649e-45
4.2039e-45
1.4013e-45
-1.4013e-45
-4.2039e-45
-7.00649e-45
-9.80909e-45
-1.26117e-44
-1.4013e-44
-1.54143e-44
-1.68156e-44
-1.82169e-44
-1.82169e-44
-1.82169e-44
-1.82169e-44
-1.68156e-44
-1.54143e-44
-1.4013e-44
-1.26117e-44
-1.12104e-44
-9.80909e-45
-7.00649e-45
-4.2039e-45
-1.4013e-45
1.4013e-45
4.2039e-45
7.00649e-45
9.80909e-45
1.26117e-44
1.4013e-44
1.54143e-44
1.68156e-44
1.82169e-44
1.82169e-44
1.82169e-44
1.82169e-44
1.68156e-44
1.54143e-44
1.4013e-44
1.26117e-44
1.12104e-44
9.80909e-45
7.00649e-45
4.2039e-45
1.4013e-45
-1.4013e-45
-4.2039e-45
-7.00649e-45
-9.80909e-45
-1.26117e-44
-1.4013e-44
-1.54143e-44
-1.68156e-44
-1.82169e-44
-1.82169e-44
-1.82169e-44
-1.82169e-44
-1.68156e-44
-1.54143e-44
-1.4013e-44
-1.26117e-44
-1.12104e-44
-9.80909e-45
-7.00649e-45
-4.2039e-45
-1.4013e-45
1.4013e-45
4.2039e-45
7.00649e-45
9.80909e-45
1.26117e-44
1.4013e-44
1.54143e-44
1.68156e-44
1.82169e-44
1.82169e-44
1.82169e-44
1.82169e-44
1.68156e-44
1.54143e-44
1.4013e-44
1.26117e-44
1.12104e-44
9.80909e-45
7.00649e-45
4.2039e-45
1.4013e-45
-1.4013e-45
-4.2039e-45
-7.00649e-45
-9.80909e-45
-1.26117e-44
-1.4013e-44
-1.54143e-44
-1.68156e-44
-1.82169e-44
-1.82169e-44
-1.82169e-44
-1.82169e-44
-1.68156e-44
-1.54143e-44
-1.4013e-44
-1.26117e-44
-1.12104e-44
-9.80909e-45
-7.00649e-45
-4.2039e-45
-1.4013e-45
1.4013e-45
4.2039e-45
7.00649e-45
9.80909e-45
1.26117e-44
1.4013e-44
1.54143e-44
1.68156e-44
1.82169e-44
1.82169e-44
1.82169e-44
1.82169e-44
1.68156e-44
1.54143e-44
1.4013e-44
1.26117e-44
1.12104e-44
9.80909e-45
7.00649e-45
4.2039e-45
1.4013e-45
-1.4013e-45
-4.2039e-45
-7.00649e-45
-9.80909e-45
-1.26117e-44
-1.4013e-44
-1.54143e-44
-1.68156e-44
-1.82169e-44
-1.82169e-44
-1.82169e-44
-1.82169e-44
-1.68156e-44
-1.54143e-44
-1.4013e-44
-1.26117e-44
-1.12104e-44
-9.80909e-45
-7.00649e-45
-4.2039e-45
-1.4013e-45
1.4013e-45
4.2039e-45
7.00649e-45
9.80909e-45
1.26117e-44
1.4013e-44
1.54143e-44
1.68156e-44
1.82169e-44
1.82169e-44
1.82169e-44
1.82169e-44
1.68156e-44
1.54143e-44
1.4013e-44
1.26117e-44
1.12104e-44
9.80909e-45
7.00649e-45
4.2039e-45
1.4013e-45
-1.4013e-45
-4.2039e-45
-7.00649e-45
-9.80909e-45
-1.26117e-44
-1.4013e-44
-1.54143e-44
-1.68156e-44
-1.82169e-44
-1.82169e-44
-1.82169e-44
-1.82169e-44
-1.68156e-44
-1.54143e-44
-1.4013e-44
-1.26117e-44
-1.12104e-44
-9.80909e-45
-7.00649e-45
-4.2039e-45
-1.4013e-45
1.4013e-45
4.2039e-45
7.00649e-45
9.80909e-45
1.26117e-44
1.4013e-44
1.54143e-44
1.68156e-44
1.82169e-44
1.82169e-44
1.82169e-44
1.82169e-44
1.68156e-44
1.54143e-44
1.4013e-44
1.26117e-44
1.12104e-44
9.80909e-45
7.00649e-45
4.2039e-45
1.4013e-45
-1.4013e-45
-4.2039e-45
-7.00649e-45
-9.80909e-45
-1.26117e-44
-1.4013e-44
-1.54143e-44
-1.68156e-44
-1.82169e-44
-1.82169e-44
-1.82169e-44
-1.82169e-44
-1.68156e-44
-1.54143e-44
-1.4013e-44
-1.26117e-44
-1.12104e-44
-9.80909e-45
-7.00649e-45
-4.2039e-45
-1.4013e-45
1.4013e-45
4.2039e-45
7.00649e-45
9.80909e-45
1.26117e-44
1.4013e-44
1.54143e-44
1.68156e-44
1.82169e-44
1.82169e-44
1.82169e-44
1.82169e-44
1.68156e-44
1.54143e-44
1.4013e-44
1.26117e-44
1.12104e-44
9.80909e-45
7.00649e-45
4.2039e-45
1.4013e-45
-1.4013e-45
-4.2039e-45
-7.00649e-45
-9.80909e-45
-1.26117e-44
-1.4013e-44
-1.54143e-44
-1.68156e-44
-1.82169e-44
-1.82169e-44
-1.82169e-44
-1.82169e-44
-1.68156e-44
-1.54143e-44
-1.4013e-44
-1.26117e-44
-1.12104e-44
-9.80909e-45
-7.00649e-45
-4.2039e-45
-1.4013e-45
1.4013e-45
4.2039e-45
7.00649e-45
9.80909e-45
1.26117e-44
1.4013e-44
1.54143e-44
1.68156e-44
1.82169e-44
1.82169e-44
1.82169e-44
1.82169e-44
1.68156e-44
1.54143e-44
1.4013e-44
1.26117e-44
1.12104e-44
9.80909e-45
7.00649e-45
4.2039e-45
1.4013e-45
-1.4013e-45
-4.2039e-45
-7.00649e-45
-9.80909e-45
-1.26117e-44
-1.4013e-44
-1.54143e-44
-1.68156e-44
-1.82169e-44
-1.82169e-44
-1.82169e-44
-1.82169e-44
-1.68156e-44
-1.54143e-44
-1.4013e-44
-1.26117e-44
-1.12104e-44
-9.80909e-45
-7.00649e-45
-4.2039e-45
-1.4013e-45
1.4013e-45
4.2039e-45
7.00649e-45
9.80909e-45
1.26117e-44
1.4013e-44
1.54143e-44
1.68156e-44
1.82169e-44
1.82169e-44
1.82169e-44
1.82169e-44
1.68156e-44
1.54143e-44
1.4013e-44
1.26117e-44
1.12104e-44
9.80909e-45
7.00649e-45
4.2039e-45
1.4013e-45
-1.4013e-45
-4.2039e-45
-7.00649e-45
-9.80909e-45
-1.26117e-44
-1.4013e-44
-1.54143e-44
-1.68156e-44
-1.82169e-44
-1.82169e-44
-1.82169e-44
-1.82169e-44
-1.68156e-44
-1.54143e-44
-1.4013e-44
-1.26117e-44
-1.12104e-44
-9.80909e-45
-7.00649e-45
-4.2039e-45
-1.4013e-45
1.4013e-45
4.2039e-45
7.00649e-45
9.80909e-45
1.26117e-44
1.4013e-44
1.54143e-44
1.68156e-44
1.82169e-44
1.82169e-44
1.82169e-44
1.82169e-44
1.68156e-44
1.54143e-44
1.4013e-44
1.26117e-44
1.12104e-44
9.80909e-45
7.00649e-45
4.2039e-45
1.4013e-45
-1.4013e-45
-4.2039e-45
-7.00649e-45
-9.80909e-45
-1.26117e-44
-1.4013e-44
-1.54143e-44
-1.68156e-44
-1.82169e-44
-1.82169e-44
-1.82169e-44
-1.82169e-44
-1.68156e-44
-1.54143e-44
-1.4013e-44
-1.26117e-44
-1.12104e-44
-9.80909e-45
-7.00649e-45
-4.2039e-45
-1.4013e-45
1.4013e-45
4.2039e-45
7.00649e-45
9.80909e-45
1.26117e-44
1.4013e-44
1.54143e-44
1.68156e-44
1.82169e-44
1.82169e-44
1.82169e-44
1.82169e-44
1.68156e-44
1.54143e-44
1.4013e-44
1.26117e-44
1.12104e-44
9.80909e-45
7.00649e-45
4.2039e-45
1.4013e-45
-1.4013e-45
-4.2039e-45
-7.00649e-45
-9.80909e-45
-1.26117e-44
-1.4013e-44
-1.54143e-44
-1.68156e-44
-1.82169e-44
-1.82169e-44
-1.82169e-44
-1.82169e-44
-1.68156e-44
-1.54143e-44
-1.4013e-44
-1.26117e-44
-1.12104e-44
-9.80909e-45
-7.00649e-45
-4.2039e-45
-1.4013e-45
1.4013e-45
4.2039e-45
7.00649e-45
9.80909e-45
1.26117e-44
1.4013e-44
1.54143e-44
1.68156e-44
1.82169e-44
1.82169e-44
1.82169e-44
1.82169e-44
1.68156e-44
1.54143e-44
1.4013e-44
1.26117e-44
1.12104e-44
9.80909e-45
7.00649e-45
4.2039e-45
1.4013e-45
-1.4013e-45
-4.2039e-45
-7.00649e-45
-9.80909e-45
-1.26117e-44
-1.4013e-44
-1.54143e-44
-1.68156e-44
-1.82169e-44
-1.82169e-44
-1.82169e-44
-1.82169e-44
-1.68156e-44
-1.54143e-44
-1.4013e-44
-1.26117e-44
-1.12104e-44
-9.80909e-45
-7.00649e-45
-4.2039e-45
-1.4013e-45
1.4013e-45
4.2039e-45
7.00649e-45
9.80909e-45
1.26117e-44
1.4013e-44
1.54143e-44
1.68156e-44
1.82169e-44
1.82169e-44
1.82169e-44
1.82169e-44
1.68156e-44
1.54143e-44
1.4013e-44
1.26117e-44
1.12104e-44
9.80909e-45
7.00649e-45
4.2039e-45
1.4013e-45
-1.4013e-45
-4.2039e-45
-7.00649e-45
-9.80909e-45
-1.26117e-44
-1.4013e-44
-1.54143e-44
-1.68156e-44
-1.82169e-44
-1.82169e-44
-1.82169e-44
-1.82169e-44
-1.68156e-44
-1.54143e-44
-1.4013e-44
-1.26117e-44
-1.12104e-44
-9.80909e-45
-7.00649e-45
-4.2039e-45
-1.4013e-45
1.4013e-45
4.2039e-45
7.00649e-45
9.80909e-45
1.26117e-44
1.4013e-44
1.54143e-44
1.68156e-44
1.82169e-44
1.82169e-44
1.82169e-44
1.82169e-44
1.68156e-44
1.54143e-44
1.4013e-44
1.26117e-44
1.12104e-44
9.80909e-45
7.00649e-45
4.2039e-45
1.4013e-45
-1.4013e-45
-4.2039e-45
-7.00649e-45
-9.80909e-45
-1.26117e-44
-1.4013e-44
-1.54143e-44
-1.68156e-44
-1.82169e-44
-1.82169e-44
-1.82169e-44
-1.82169e-44
-1.68156e-44
-1.54143e-44
-1.4013e-44
-1.26117e-44
-1.12104e-44
-9.80909e-45
-7.00649e-45
-4.2039e-45
-1.4013e-45
1.4013e-45
4.2039e-45
7.00649e-45
9.80909e-45
1.26117e-44
1.4013e-44
1.54143e-44
1.68156e-44
1.82169e-44
1.82169e-44
1.82169e-44
1.82169e-44
1.68156e-44
1.54143e-44
1.4013e-44
1.26117e-44
1.12104e-44
9.80909e-45
7.00649e-45
4.2039e-45
1.4013e-45
-1.4013e-45
-4.2039e-45
-7.00649e-45
-9.80909e-45
-1.26117e-44
-1.4013e-44
-1.54143e-44
-1.68156e-44
-1.82169e-44
-1.82169e-44
-1.82169e-44
-1.82169e-44
-1.68156e-44
-1.54143e-44
-1.4013e-44
-1.26117e-44
-1.12104e-44
-9.80909e-45
-7.00649e-45
-4.2039e-45
-1.4013e-45
1.4013e-45
4.2039e-45
7.00649e-45
9.80909e-45
1.26117e-44
1.4013e-44
1.54143e-44
1.68156e-44
1.82169e-44
1.82169e-44
1.82169e-44
1.82169e-44
1.68156e-44
1.54143e-44
1.4013e-44
1.26117e-44
1.12104e-44
9.80909e-45
7.00649e-45
4.2039e-45
1.4013e-45
-1.4013e-45
-4.2039e-45
-7.00649e-45
-9.80909e-45
-1.26117e-44
-1.4013e-44
-1.54143e-44
-1.68156e-44
-1.82169e-44
-1.82169e-44
-1.82169e-44
-1.82169e-44
-1.68156e-44
-1.54143e-44
-1.4013e-44
-1.26117e-44
-1.12104e-44
-9.80909e-45
-7.00649e-45
-4.2039e-45
-1.4013e-45
1.4013e-45
4.2039e-45
7.00649e-45
9.80909e-45
1.26117e-44
1.4013e-44
1.54143e-44
1.68156e-44
1.82169e-44
1.82169e-44
1.82169e-44
1.82169e-44
1.68156e-44
1.54143e-44
1.4013e-44
1.26117e-44
1.12104e-44
9.80909e-45
7.00649e-45
4.2039e-45
1.4013e-45
-1.4013e-45
-4.2039e-45
-7.00649e-45
-9.80909e-45
-1.26117e-44
-1.4013e-44
-1.54143e-44
-1.68156e-44
-1.82169e-44
-1.82169e-44
-1.82169e-44
-1.82169e-44
-1.68156e-44
-1.54143e-44
-1.4013e-44
-1.26117e-44
-1.12104e-44
-9.80909e-45
-7.00649e-45
-4.2039e-45
-1.4013e-45
1.4013e-45
4.2039e-45
7.00649e-45
9.80909e-45
1.26117e-44
1.4013e-44
1.54143e-44
1.68156e-44
1.82169e-44
1.82169e-44
1.82169e-44
1.82169e-44
1.68156e-44
1.54143e-44
1.4013e-44
1.26117e-44
1.12104e-44
9.80909e-45
7.00649e-45
4.2039e-45
1.4013e-45
-1.4013e-45
-4.2039e-45
-7.00649e-45
-9.80909e-45
-1.26117e-44
-1.4013e-44
-1.54143e-44
-1.68156e-44
-1.82169e-44
-1.82169e-44
-1.82169e-44
-1.82169e-44
-1.68156e-44
-1.54143e-44
-1.4013e-44
-1.26117e-44
-1.12104e-44
-9.80909e-45
-7.00649e-45
-4.2039e-45
-1.4013e-45
1.4013e-45
4.2039e-45
7.00649e-45
9.80909e-45
1.26117e-44
1.4013e-44
1.54143e-44
1.68156e-44
1.82169e-44
1.82169e-44
1.82169e-44
1.82169e-44
1.68156e-44
1.54143e-44
1.4013e-44
1.26117e-44
1.12104e-44
9.80909e-45
7.00649e-45
4.2039e-45
1.4013e-45
-1.4013e-45
-4.2039e-45
-7.00649e-45
-9.80909e-45
-1.26117e-44
-1.4013e-44
-1.54143e-44
-1.68156e-44
-1.82169e-44
-1.82169e-44
-1.82169e-44
-1.82169e-44
-1.68156e-44
-1.54143e-44
-1.4013e-44
-1.26117e-44
-1.12104e-44
-9.80909e-45
-7.00649e-45
-4.2039e-45
-1.4013e-45
1.4013e-45
4.2039e-45
7.00649e-45
9.80909e-45
1.26117e-44
1.4013e-44
1.54143e-44
1.68156e-44
1.82169e-44
1.82169e-44
1.82169e-44
1.82169e-44
1.68156e-44
1.54143e-44
1.4013e-44
1.26117e-44
1.12104e-44
9.80909e-45
7.00649e-45
4.2039e-45
1.4013e-45
-1.4013e-45
-4.2039e-45
-7.00649e-45
-9.80909e-45
-1.26117e-44
-1.4013e-44
-1.54143e-44
-1.68156e-44
-1.82169e-44
-1.82169e-44
-1.82169e-44
-1.82169e-44
-1.68156e-44
-1.54143e-44
-1.4013e-44
-1.26117e-44
-1.12104e-44
-9.80909e-45
-7.00649e-45
-4.2039e-45
-1.4013e-45
1.4013e-45
4.2039e-45
7.00649e-45
9.80909e-45
1.26117e-44
1.4013e-44
1.54143e-44
1.68156e-44
1.82169e-44
1.82169e-44
1.82169e-44
1.82169e-44
1.68156e-44
1.54143e-44
1.4013e-44
1.26117e-44
1.12104e-44
9.80909e-45
7.00649e-45
4.2039e-45
1.4013e-45
-1.4013e-45
-4.2039e-45
-7.00649e-45
-9.80909e-45
-1.26117e-44
-1.4013e-44
-1.54143e-44
-1.68156e-44
-1.82169e-44
-1.82169e-44
-1.82169e-44
-1.82169e-44
-1.68156e-44
-1.54143e-44
-1.4013e-44
-1.26117e-44
-1.12104e-44
-9.80909e-45
-7.00649e-45
-4.2039e-45
-1.4013e-45
1.4013e-45
4.2039e-45
7.00649e-45
9.80909e-45
1.26117e-44
1.4013e-44
1.54143e-44
1.68156e-44
1.82169e-44
1.82169e-44
1.82169e-44
1.82169e-44
1.68156e-44
1.54143e-44
1.4013e-44
1.26117e-44
1.12104e-44
9.80909e-45
7.00649e-45
4.2039e-45
1.4013e-45
-1.4013e-45
-4.2039e-45
-7.00649e-45
-9.80909e-45
-1.26117e-44
-1.4013e-44
-1.54143e-44
-1.68156e-44
-1.82169e-44
-1.82169e-44
-1.82169e-44
-1.82169e-44
-1.68156e-44
-1.54143e-44
-1.4013e-44
-1.26117e-44
-1.12104e-44
-9.80909e-45
-7.00649e-45
-4.2039e-45
-1.4013e-45
1.4013e-45
4.2039e-45
7.00649e-45
9.80909e-45
1.26117e-44
1.4013e-44
1.54143e-44
1.68156e-44
1.82169e-44
1.82169e-44
1.82169e-44
1.82169e-44
1.68156e-44
1.54143e-44
1.4013e-44
1.26117e-44
1.12104e-44
9.80909e-45
7.00649e-45
4.2039e-45
1.4013e-45
-1.4013e-45
-4.2039e-45
-7.00649e-45
-9.80909e-45
-1.26117e-44
-1.4013e-44
-1.54143e-44
-1.68156e-44
-1.82169e-44
-1.82169e-44
-1.82169e-44
-1.82169e-44
-1.68156e-44
-1.54143e-44
-1.4013e-44
-1.26117e-44
-1.12104e-44
-9.80909e-45
-7.00649e-45
-4.2039e-45
-1.4013e-45
1.4013e-45
4.2039e-45
7.00649e-45
9.80909e-45
1.26117e-44
1.4013e-44
1.54143e-44
1.68156e-44
1.82169e-44
1.82169e-44
1.82169e-44
1.82169e-44
1.68156e-44
1.54143e-44
1.4013e-44
1.26117e-44
1.12104e-44
9.80909e-45
7.00649e-45
4.2039e-45
1.4013e-45
-1.4013e-45
-4.2039e-45
-7.00649e-45
-9.80909e-45
-1.26117e-44
-1.4013e-44
-1.54143e-44
-1.68156e-44
-1.82169e-44
-1.82169e-44
-1.82169e-44
-1.82169e-44
-1.68156e-44
-1.54143e-44
-1.4013e-44
-1.26117e-44
-1.12104e-44
-9.80909e-45
-7.00649e-45
-4.2039e-45
-1.4013e-45
1.4013e-45
4.2039e-45
7.00649e-45
9.80909e-45
1.26117e-44
1.4013e-44
1.54143e-44
1.68156e-44
1.82169e-44
1.82169e-44
1.82169e-44
1.82169e-44
1.68156e-44
1.54143e-44
1.4013e-44
1.26117e-44
1.12104e-44
9.80909e-45
7.00649e-45
4.2039e-45
1.4013e-45
-1.4013e-45
-4.2039e-45
-7.00649e-45
-9.80909e-45
-1.26117e-44
-1.4013e-44
-1.54143e-44
-1.68156e-44
-1.82169e-44
-1.82169e-44
-1.82169e-44
-1.82169e-44
-1.68156e-44
-1.54143e-44
-1.4013e-44
-1.26117e-44
-1.12104e-44
-9.80909e-45
-7.00649e-45
-4.2039e-45
-1.4013e-45
1.4013e-45
4.2039e-45
7.00649e-45
9.80909e-45
1.26117e-44
1.4013e-44
1.54143e-44
1.68156e-44
1.82169e-44
1.82169e-44
1.82169e-44
1.82169e-44
1.68156e-44
1.54143e-44
1.4013e-44
1.26117e-44
1.12104e-44
9.80909e-45
7.00649e-45
4.2039e-45
1.4013e-45
-1.4013e-45
-4.2039e-45
-7.00649e-45
-9.80909e-45
-1.26117e-44
-1.4013e-44
-1.54143e-44
-1.68156e-44
-1.82169e-44
-1.82169e-44
-1.82169e-44
-1.82169e-44
-1.68156e-44
-1.54143e-44
-1.4013e-44
-1.26117e-44
-1.12104e-44
-9.80909e-45
-7.00649e-45
-4.2039e-45
-1.4013e-45
1.4013e-45
4.2039e-45
7.00649e-45
9.80909e-45
1.26117e-44
1.4013e-44
1.54143e-44
1.68156e-44
1.82169e-44
1.82169e-44
1.82169e-44
1.82169e-44
1.68156e-44
1.54143e-44
1.4013e-44
1.26117e-44
1.12104e-44
9.80909e-45
7.00649e-45
4.2039e-45
1.4013e-45
-1.4013e-45
-4.2039e-45
-7.00649e-45
-9.80909e-45
-1.26117e-44
-1.4013e-44
-1.54143e-44
-1.68156e-44
-1.82169e-44
-1.82169e-44
-1.82169e-44
-1.82169e-44
-1.68156e-44
-1.54143e-44
-1.4013e-44
-1.26117e-44
-1.12104e-44
-9.80909e-45
-7.00649e-45
-4.2039e-45
-1.4013e-45
1.4013e-45
4.2039e-45
7.00649e-45
9.80909e-45
1.26117e-44
1.4013e-44
1.54143e-44
1.68156e-44
1.82169e-44
1.82169e-44
1.82169e-44
1.82169e-44
1.68156e-44
1.54143e-44
1.4013e-44
1.26117e-44
1.12104e-44
9.80909e-45
7.00649e-45
4.2039e-45
1.4013e-45
-1.4013e-45
-4.2039e-45
-7.00649e-45
-9.80909e-45
-1.26117e-44
-1.4013e-44
-1.54143e-44
-1.68156e-44
-1.82169e-44
-1.82169e-44
-1.82169e-44
-1.82169e-44
-1.68156e-44
-1.54143e-44
-1.4013e-44
-1.26117e-44
-1.12104e-44
-9.80909e-45
-7.00649e-45
-4.2039e-45
-1.4013e-45
1.4013e-45
4.2039e-45
7.00649e-45
9.80909e-45
1.26117e-44
1.4013e-44
1.54143e-44
1.68156e-44
1.82169e-44
1.82169e-44
1.82169e-44
1.82169e-44
1.68156e-44
1.54143e-44
1.4013e-44
1.26117e-44
1.12104e-44
9.80909e-45
7.00649e-45
4.2039e-45
1.4013e-45
-1.4013e-45
-4.2039e-45
-7.00649e-45
-9.80909e-45
-1.26117e-44
-1.4013e-44
-1.54143e-44
-1.68156e-44
-1.82169e-44
-1.82169e-44
-1.82169e-44
-1.82169e-44
-1.68156e-44
-1.54143e-44
-1.4013e-44
-1.26117e-44
-1.12104e-44
-9.80909e-45
-7.00649e-45
-4.2039e-45
-1.4013e-45
1.4013e-45
4.2039e-45
7.00649e-45
9.80909e-45
1.26117e-44
1.4013e-44
1.54143e-44
1.68156e-44
1.82169e-44
1.82169e-44
1.82169e-44
1.82169e-44
1.68156e-44
1.54143e-44
1.4013e-44
1.26117e-44
1.12104e-44
9.80909e-45
7.00649e-45
4.2039e-45
1.4013e-45
-1.4013e-45
-4.2039e-45
-7.00649e-45
-9.80909e-45
-1.26117e-44
-1.4013e-44
-1.54143e-44
-1.68156e-44
-1.82169e-44
-1.82169e-44
-1.82169e-44
-1.82169e-44
-1.68156e-44
-1.54143e-44
-1.4013e-44
-1.26117e-44
-1.12104e-44
-9.80909e-45
-7.00649e-45
-4.2039e-45
-1.4013e-45
1.4013e-45
4.2039e-45
7.00649e-45
9.80909e-45
1.26117e-44
1.4013e-44
1.54143e-44
1.68156e-44
1.82169e-44
1.82169e-44
1.82169e-44
1.82169e-44
1.68156e-44
1.54143e-44
1.4013e-44
1.26117e-44
1.12104e-44
9.80909e-45
7.00649e-45
4.2039e-45
1.4013e-45
-1.4013e-45
-4.2039e-45
-7.00649e-45
-9.80909e-45
-1.26117e-44
-1.4013e-44
-1.54143e-44
-1.68156e-44
-1.82169e-44
-1.82169e-44
-1.82169e-44
-1.82169e-44
-1.68156e-44
-1.54143e-44
-1.4013e-44
-1.26117e-44
-1.12104e-44
-9.80909e-45
-7.00649e-45
-4.2039e-45
-1.4013e-45
1.4013e-45
4.2039e-45
7.00649e-45
9.80909e-45
1.26117e-44
1.4013e-44
1.54143e-44
1.68156e-44
1.82169e-44
1.82169e-44
1.82169e-44
1.82169e-44
1.68156e-44
1.54143e-44
1.4013e-44
1.26117e-44
1.12104e-44
9.80909e-45
7.00649e-45
4.2039e-45
1.4013e-45
-1.4013e-45
-4.2039e-45
-7.00649e-45
-9.80909e-45
-1.26117e-44
-1.4013e-44
-1.54143e-44
-1.68156e-44
-1.82169e-44
-1.82169e-44
-1.82169e-44
-1.82169e-44
-1.68156e-44
-1.54143e-44
-1.4013e-44
-1.26117e-44
-1.12104e-44
-9.80909e-45
-7.00649e-45
-4.2039e-45
-1.4013e-45
1.4013e-45
4.2039e-45
7.00649e-45
9.80909e-45
1.26117e-44
1.4013e-44
1.54143e-44
1.68156e-44
1.82169e-44
1.82169e-44
1.82169e-44
1.82169e-44
1.68156e-44
1.54143e-44
1.4013e-44
1.26117e-44
1.12104e-44
9.80909e-45
7.00649e-45
4.2039e-45
1.4013e-45
-1.4013e-45
-4.2039e-45
-7.00649e-45
-9.80909e-45
-1.26117e-44
-1.4013e-44
-1.54143e-44
-1.68156e-44
-1.82169e-44
-1.82169e-44
-1.82169e-44
-1.82169e-44
-1.68156e-44
-1.54143e-44
-1.4013e-44
-1.26117e-44
-1.12104e-44
-9.80909e-45
-7.00649e-45
-4.2039e-45
-1.4013e-45
1.4013e-45
4.2039e-45
7.00649e-45
9.80909e-45
1.26117e-44
1.4013e-44
1.54143e-44
1.68156e-44
1.82169e-44
1.82169e-44
1.82169e-44
1.82169e-44
1.68156e-44
1.54143e-44
1.4013e-44
1.26117e-44
1.12104e-44
9.80909e-45
7.00649e-45
4.2039e-45
1.4013e-45
-1.4013e-45
-4.2039e-45
-7.00649e-45
-9.80909e-45
-1.26117e-44
-1.4013e-44
-1.54143e-44
-1.68156e-44
-1.82169e-44
-1.82169e-44
-1.82169e-44
-1.82169e-44
-1.68156e-44
-1.54143e-44
-1.4013e-44
-1.26117e-44
-1.12104e-44
-9.80909e-45
-7.00649e-45
-4.2039e-45
-1.4013e-45
1.4013e-45
4.2039e-45
7.00649e-45
9.80909e-45
1.26117e-44
1.4013e-44
1.54143e-44
1.68156e-44
1.82169e-44
1.82169e-44
1.82169e-44
1.82169e-44
1.68156e-44
1.54143e-44
1.4013e-44
1.26117e-44
1.12104e-44
9.80909e-45
7.00649e-45
4.2039e-45
1.4013e-45
-1.4013e-45
-4.2039e-45
-7.00649e-45
-9.80909e-45
-1.26117e-44
-1.4013e-44
-1.54143e-44
-1.68156e-44
-1.82169e-44
-1.82169e-44
-1.82169e-44
-1.82169e-44
-1.68156e-44
-1.54143e-44
-1.4013e-44
-1.26117e-44
-1.12104e-44
-9.80909e-45
-7.00649e-45
-4.2039e-45
-1.4013e-45
1.4013e-45
4.2039e-45
7.00649e-45
9.80909e-45
1.26117e-44
1.4013e-44
1.54143e-44
1.68156e-44
1.82169e-44
1.82169e-44
1.82169e-44
1.82169e-44
1.68156e-44
1.54143e-44
1.4013e-44
1.26117e-44
1.12104e-44
9.80909e-45
7.00649e-45
4.2039e-45
1.4013e-45
-1.4013e-45
-4.2039e-45
-7.00649e-45
-9.80909e-45
-1.26117e-44
-1.4013e-44
-1.54143e-44
-1.68156e-44
-1.82169e-44
-1.82169e-44
-1.82169e-44
-1.82169e-44
-1.68156e-44
-1.54143e-44
-1.4013e-44
-1.26117e-44
-1.12104e-44
-9.80909e-45
-7.00649e-45
-4.2039e-45
-1.4013e-45
1.4013e-45
4.2039e-45
7.00649e-45
9.80909e-45
1.26117e-44
1.4013e-44
1.54143e-44
1.68156e-44
1.82169e-44
1.82169e-44
1.82169e-44
1.82169e-44
1.68156e-44
1.54143e-44
1.4013e-44
1.26117e-44
1.12104e-44
9.80909e-45
7.00649e-45
4.2039e-45
1.4013e-45
-1.4013e-45
-4.2039e-45
-7.00649e-45
-9.80909e-45
-1.26117e-44
-1.4013e-44
-1.54143e-44
-1.68156e-44
-1.82169e-44
-1.82169e-44
-1.82169e-44
-1.82169e-44
-1.68156e-44
-1.54143e-44
-1.4013e-44
-1.26117e-44
-1.12104e-44
-9.80909e-45
-7.00649e-45
-4.2039e-45
-1.4013e-45
1.4013e-45
4.2039e-45
7.00649e-45
9.80909e-45
1.26117e-44
1.4013e-44
1.54143e-44
1.68156e-44
1.82169e-44
1.82169e-44
1.82169e-44
1.82169e-44
1.68156e-44
1.54143e-44
1.4013e-44
1.26117e-44
1.12104e-44
9.80909e-45
7.00649e-45
4.2039e-45
1.4013e-45
-1.4013e-45
-4.2039e-45
-7.00649e-45
-9.80909e-45
-1.26117e-44
-1.4013e-44
-1.54143e-44
-1.68156e-44
-1.82169e-44
-1.82169e-44
-1.82169e-44
-1.82169e-44
-1.68156e-44
-1.54143e-44
-1.4013e-44
-1.26117e-44
-1.12104e-44
-9.80909e-45
-7.00649e-45
-4.2039e-45
-1.4013e-45
1.4013e-45
4.2039e-45
7.00649e-45
9.80909e-45
1.26117e-44
1.4013e-44
1.54143e-44
1.68156e-44
1.82169e-44
1.82169e-44
1.82169e-44
1.82169e-44
1.68156e-44
1.54143e-44
1.4013e-44
1.26117e-44
1.12104e-44
9.80909e-45
7.00649e-45
4.2039e-45
1.4013e-45
-1.4013e-45
-4.2039e-45
-7.00649e-45
-9.80909e-45
-1.26117e-44
-1.4013e-44
-1.54143e-44
-1.68156e-44
-1.82169e-44
-1.82169e-44
-1.82169e-44
-1.82169e-44
-1.68156e-44
-1.54143e-44
-1.4013e-44
-1.26117e-44
-1.12104e-44
-9.80909e-45
-7.00649e-45
-4.2039e-45
-1.4013e-45
1.4013e-45
4.2039e-45
7.00649e-45
9.80909e-45
1.26117e-44
1.4013e-44
1.54143e-44
1.68156e-44
1.82169e-44
1.82169e-44
1.82169e-44
1.82169e-44
1.68156e-44
1.54143e-44
1.4013e-44
1.26117e-44
1.12104e-44
9.80909e-45
7.00649e-45
4.2039e-45
1.4013e-45
-1.4013e-45
-4.2039e-45
-7.00649e-45
-9.80909e-45
-1.26117e-44
-1.4013e-44
-1.54143e-44
-1.68156e-44
-1.82169e-44
-1.82169e-44
-1.82169e-44
-1.82169e-44
-1.68156e-44
-1.54143e-44
-1.4013e-44
-1.26117e-44
-1.12104e-44
-9.80909e-45
-7.00649e-45
-4.2039e-45
-1.4013e-45
1.4013e-45
4.2039e-45
7.00649e-45
9.80909e-45
1.26117e-44
1.4013e-44
1.54143e-44
1.68156e-44
1.82169e-44
1.82169e-44
1.82169e-44
1.82169e-44
1.68156e-44
1.54143e-44
1.4013e-44
1.26117e-44
1.12104e-44
9.80909e-45
7.00649e-45
4.2039e-45
1.4013e-45
-1.4013e-45
-4.2039e-45
-7.00649e-45
-9.80909e-45
-1.26117e-44
-1.4013e-44
-1.54143e-44
-1.68156e-44
-1.82169e-44
-1.82169e-44
-1.82169e-44
-1.82169e-44
-1.68156e-44
-1.54143e-44
-1.4013e-44
-1.26117e-44
-1.12104e-44
-9.80909e-45
-7.00649e-45
-4.2039e-45
-1.4013e-45
1.4013e-45
4.2039e-45
7.00649e-45
9.80909e-45
1.26117e-44
1.4013e-44
1.54143e-44
1.68156e-44
1.82169e-44
1.82169e-44
1.82169e-44
1.82169e-44
1.68156e-44
1.54143e-44
1.4013e-44
1.26117e-44
1.12104e-44
9.80909e-45
7.00649e-45
4.2039e-45
1.4013e-45
-1.4013e-45
-4.2039e-45
-7.00649e-45
-9.80909e-45
-1.26117e-44
-1.4013e-44
-1.54143e-44
-1.68156e-44
-1.82169e-44
-1.82169e-44
-1.82169e-44
-1.82169e-44
-1.68156e-44
-1.54143e-44
-1.4013e-44
-1.26117e-44
-1.12104e-44
-9.80909e-45
-7.00649e-45
-4.2039e-45
-1.4013e-45
1.4013e-45
4.2039e-45
7.00649e-45
9.80909e-45
1.26117e-44
1.4013e-44
1.54143e-44
1.68156e-44
1.82169e-44
1.82169e-44
1.82169e-44
1.82169e-44
1.68156e-44
1.54143e-44
1.4013e-44
1.26117e-44
1.12104e-44
9.80909e-45
7.00649e-45
4.2039e-45
1.4013e-45
-1.4013e-45
-4.2039e-45
-7.00649e-45
-9.80909e-45
-1.26117e-44
-1.4013e-44
-1.54143e-44
-1.68156e-44
-1.82169e-44
-1.82169e-44
-1.82169e-44
-1.82169e-44
-1.68156e-44
-1.54143e-44
-1.4013e-44
-1.26117e-44
-1.12104e-44
-9.80909e-45
-7.00649e-45
-4.2039e-45
-1.4013e-45
1.4013e-45
4.2039e-45
7.00649e-45
9.80909e-45
1.26117e-44
1.4013e-44
1.54143e-44
1.68156e-44
1.82169e-44
1.82169e-44
1.82169e-44
1.82169e-44
1.68156e-44
1.54143e-44
1.4013e-44
1.26117e-44
1.12104e-44
9.80909e-45
7.00649e-45
4.2039e-45
1.4013e-45
-1.4013e-45
-4.2039e-45
-7.00649e-45
-9.80909e-45
-1.26117e-44
-1.4013e-44
-1.54143e-44
-1.68156e-44
-1.82169e-44
-1.82169e-44
-1.82169e-44
-1.82169e-44
-1.68156e-44
-1.54143e-44
-1.4013e-44
-1.26117e-44
-1.12104e-44
-9.80909e-45
-7.00649e-45
-4.2039e-45
-1.4013e-45
1.4013e-45
4.2039e-45
7.00649e-45
9.80909e-45
1.26117e-44
1.4013e-44
1.54143e-44
1.68156e-44
1.82169e-44
1.82169e-44
1.82169e-44
1.82169e-44
1.68156e-44
1.54143e-44
1.4013e-44
1.26117e-44
1.12104e-44
9.80909e-45
7.00649e-45
4.2039e-45
1.4013e-45
-1.4013e-45
-4.2039e-45
-7.00649e-45
-9.80909e-45
-1.26117e-44
-1.4013e-44
-1.54143e-44
-1.68156e-44
-1.82169e-44
-1.82169e-44
-1.82169e-44
-1.82169e-44
-1.68156e-44
-1.54143e-44
-1.4013e-44
-1.26117e-44
-1.12104e-44
-9.80909e-45
-7.00649e-45
-4.2039e-45
-1.4013e-45
1.4013e-45
4.2039e-45
7.00649e-45
9.80909e-45
1.26117e-44
1.4013e-44
1.54143e-44
1.68156e-44
1.82169e-44
1.82169e-44
1.82169e-44
1.82169e-44
1.68156e-44
1.54143e-44
1.4013e-44
1.26117e-44
1.12104e-44
9.80909e-45
7.00649e-45
4.2039e-45
1.4013e-45
-1.4013e-45
-4.2039e-45
-7.00649e-45
-9.80909e-45
-1.26117e-44
-1.4013e-44
-1.54143e-44
-1.68156e-44
-1.82169e-44
-1.82169e-44
-1.82169e-44
-1.82169e-44
-1.68156e-44
-1.54143e-44
-1.4013e-44
-1.26117e-44
-1.12104e-44
-9.80909e-45
-7.00649e-45
-4.2039e-45
-1.4013e-45
1.4013e-45
4.2039e-45
7.00649e-45
9.80909e-45
1.26117e-44
1.4013e-44
1.54143e-44
1.68156e-44
1.82169e-44
1.82169e-44
1.82169e-44
1.82169e-44
1.68156e-44
1.54143e-44
1.4013e-44
1.26117e-44
1.12104e-44
9.80909e-45
7.00649e-45
4.2039e-45
1.4013e-45
-1.4013e-45
-4.2039e-45
-7.00649e-45
-9.80909e-45
-1.26117e-44
-1.4013e-44
-1.54143e-44
-1.68156e-44
-1.82169e-44
-1.82169e-44
-1.82169e-44
-1.82169e-44
-1.68156e-44
-1.54143e-44
-1.4013e-44
-1.26117e-44
-1.12104e-44
-9.80909e-45
-7.00649e-45
-4.2039e-45
-1.4013e-45
1.4013e-45
4.2039e-45
7.00649e-45
9.80909e-45
1.26117e-44
1.4013e-44
1.54143e-44
1.68156e-44
1.82169e-44
1.82169e-44
1.82169e-44
1.82169e-44
1.68156e-44
1.54143e-44
1.4013e-44
1.26117e-44
1.12104e-44
9.80909e-45
7.00649e-45
4.2039e-45
1.4013e-45
-1.4013e-45
-4.2039e-45
-7.00649e-45
-9.80909e-45
-1.26117e-44
-1.4013e-44
-1.54143e-44
-1.68156e-44
-1.82169e-44
-1.82169e-44
-1.82169e-44
-1.82169e-44
-1.68156e-44
-1.54143e-44
-1.4013e-44
-1.26117e-44
-1.12104e-44
-9.80909e-45
-7.00649e-45
-4.2039e-45
-1.4013e-45
1.4013e-45
4.2039e-45
7.00649e-45
9.80909e-45
1.26117e-44
1.4013e-44
1.54143e-44
1.68156e-44
1.82169e-44
1.82169e-44
1.82169e-44
1.82169e-44
1.68156e-44
1.54143e-44
1.4013e-44
1.26117e-44
1.12104e-44
9.80909e-45
7.00649e-45
4.2039e-45
1.4013e-45
-1.4013e-45
-4.2039e-45
-7.00649e-45
-9.80909e-45
-1.26117e-44
-1.4013e-44
-1.54143e-44
-1.68156e-44
-1.82169e-44
-1.82169e-44
-1.82169e-44
-1.82169e-44
-1.68156e-44
-1.54143e-44
-1.4013e-44
-1.26117e-44
-1.12104e-44
-9.80909e-45
-7.00649e-45
-4.2039e-45
-1.4013e-45
1.4013e-45
4.2039e-45
7.00649e-45
9.80909e-45
1.26117e-44
1.4013e-44
1.54143e-44
1.68156e-44
1.82169e-44
1.82169e-44
1.82169e-44
1.82169e-44
1.68156e-44
1.54143e-44
1.4013e-44
1.26117e-44
1.12104e-44
9.80909e-45
7.00649e-45
4.2039e-45
1.4013e-45
-1.4013e-45
-4.2039e-45
-7.00649e-45
-9.80909e-45
-1.26117e-44
-1.4013e-44
-1.54143e-44
-1.68156e-44
-1.82169e-44
-1.82169e-44
-1.82169e-44
-1.82169e-44
-1.68156e-44
-1.54143e-44
-1.4013e-44
-1.26117e-44
-1.12104e-44
-9.80909e-45
-7.00649e-45
-4.2039e-45
-1.4013e-45
1.4013e-45
4.2039e-45
7.00649e-45
9.80909e-45
1.26117e-44
1.4013e-44
1.54143e-44
1.68156e-44
1.82169e-44
1.82169e-44
1.82169e-44
1.82169e-44
1.68156e-44
1.54143e-44
1.4013e-44
1.26117e-44
1.12104e-44
9.80909e-45
7.00649e-45
4.2039e-45
1.4013e-45
-1.4013e-45
-4.2039e-45
-7.00649e-45
-9.80909e-45
-1.26117e-44
-1.4013e-44
-1.54143e-44
-1.68156e-44
-1.82169e-44
-1.82169e-44
-1.82169e-44
-1.82169e-44
-1.68156e-44
-1.54143e-44
-1.4013e-44
-1.26117e-44
-1.12104e-44
-9.80909e-45
-7.00649e-45
-4.2039e-45
-1.4013e-45
1.4013e-45
4.2039e-45
7.00649e-45
9.80909e-45
1.26117e-44
1.4013e-44
1.54143e-44
1.68156e-44
1.82169e-44
1.82169e-44
1.82169e-44
1.82169e-44
1.68156e-44
1.54143e-44
1.4013e-44
1.26117e-44
1.12104e-44
9.80909e-45
7.00649e-45
4.2039e-45
1.4013e-45
-1.4013e-45
-4.2039e-45
-7.00649e-45
-9.80909e-45
-1.26117e-44
-1.4013e-44
-1.54143e-44
-1.68156e-44
-1.82169e-44
-1.82169e-44
-1.82169e-44
-1.82169e-44
-1.68156e-44
-1.54143e-44
-1.4013e-44
-1.26117e-44
-1.12104e-44
-9.80909e-45
-7.00649e-45
-4.2039e-45
-1.4013e-45
1.4013e-45
4.2039e-45
7.00649e-45
9.80909e-45
1.26117e-44
1.4013e-44
1.54143e-44
1.68156e-44
1.82169e-44
1.82169e-44
1.82169e-44
1.82169e-44
1.68156e-44
1.54143e-44
1.4013e-44
1.26117e-44
1.12104e-44
9.80909e-45
7.00649e-45
4.2039e-45
1.4013e-45
-1.4013e-45
-4.2039e-45
-7.00649e-45
-9.80909e-45
-1.26117e-44
-1.4013e-44
-1.54143e-44
-1.68156e-44
-1.82169e-44
-1.82169e-44
-1.82169e-44
-1.82169e-44
-1.68156e-44
-1.54143e-44
-1.4013e-44
-1.26117e-44
-1.12104e-44
-9.80909e-45
-7.00649e-45
-4.2039e-45
-1.4013e-45
1.4013e-45
4.2039e-45
7.00649e-45
9.80909e-45
1.26117e-44
1.4013e-44
1.54143e-44
1.68156e-44
1.82169e-44
1.82169e-44
1.82169e-44
1.82169e-44
1.68156e-44
1.54143e-44
1.4013e-44
1.26117e-44
1.12104e-44
9.80909e-45
7.00649e-45
4.2039e-45
1.4013e-45
-1.4013e-45
-4.2039e-45
-7.00649e-45
-9.80909e-45
-1.26117e-44
-1.4013e-44
-1.54143e-44
-1.68156e-44
-1.82169e-44
-1.82169e-44
-1.82169e-44
-1.82169e-44
-1.68156e-44
-1.54143e-44
-1.4013e-44
-1.26117e-44
-1.12104e-44
-9.80909e-45
-7.00649e-45
-4.2039e-45
-1.4013e-45
1.4013e-45
4.2039e-45
7.00649e-45
9.80909e-45
1.26117e-44
1.4013e-44
1.54143e-44
1.68156e-44
1.82169e-44
1.82169e-44
1.82169e-44
1.82169e-44
1.68156e-44
1.54143e-44
1.4013e-44
1.26117e-44
1.12104e-44
9.80909e-45
7.00649e-45
4.2039e-45
1.4013e-45
-1.4013e-45
-4.2039e-45
-7.00649e-45
-9.80909e-45
-1.26117e-44
-1.4013e-44
-1.54143e-44
-1.68156e-44
-1.82169e-44
-1.82169e-44
-1.82169e-44
-1.82169e-44
-1.68156e-44
-1.54143e-44
-1.4013e-44
-1.26117e-44
-1.12104e-44
-9.80909e-45
-7.00649e-45
-4.2039e-45
-1.4013e-45
1.4013e-45
4.2039e-45
7.00649e-45
9.80909e-45
1.26117e-44
1.4013e-44
1.54143e-44
1.68156e-44
1.82169e-44
1.82169e-44
1.82169e-44
1.82169e-44
1.68156e-44
1.54143e-44
1.4013e-44
1.26117e-44
1.12104e-44
9.80909e-45
7.00649e-45
4.2039e-45
1.4013e-45
-1.4013e-45
-4.2039e-45
-7.00649e-45
-9.80909e-45
-1.26117e-44
-1.4013e-44
-1.54143e-44
-1.68156e-44
-1.82169e-44
-1.82169e-44
-1.82169e-44
-1.82169e-44
-1.68156e-44
-1.54143e-44
-1.4013e-44
-1.26117e-44
-1.12104e-44
-9.80909e-45
-7.00649e-45
-4.2039e-45
-1.4013e-45
1.4013e-45
4.2039e-45
7.00649e-45
9.80909e-45
1.26117e-44
1.4013e-44
1.54143e-44
1.68156e-44
1.82169e-44
1.82169e-44
1.82169e-44
1.82169e-44
1.68156e-44
1.54143e-44
1.4013e-44
1.26117e-44
1.12104e-44
9.80909e-45
7.00649e-45
4.2039e-45
1.4013e-45
-1.4013e-45
-4.2039e-45
-7.00649e-45
-9.80909e-45
-1.26117e-44
-1.4013e-44
-1.54143e-44
-1.68156e-44
-1.82169e-44
-1.82169e-44
-1.82169e-44
-1.82169e-44
-1.68156e-44
-1.54143e-44
-1.4013e-44
-1.26117e-44
-1.12104e-44
-9.80909e-45
-7.00649e-45
-4.2039e-45
-1.4013e-45
1.4013e-45
4.2039e-45
7.00649e-45
9.80909e-45
1.26117e-44
1.4013e-44
1.54143e-44
1.68156e-44
1.82169e-44
1.82169e-44
1.82169e-44
1.82169e-44
1.68156e-44
1.54143e-44
1.4013e-44
1.26117e-44
1.12104e-44
9.80909e-45
7.00649e-45
4.2039e-45
1.4013e-45
-1.4013e-45
-4.2039e-45
-7.00649e-45
-9.80909e-45
-1.26117e-44
-1.4013e-44
-1.54143e-44
-1.68156e-44
-1.82169e-44
-1.82169e-44
-1.82169e-44
-1.82169e-44
-1.68156e-44
-1.54143e-44
-1.4013e-44
-1.26117e-44
-1.12104e-44
-9.80909e-45
-7.00649e-45
-4.2039e-45
-1.4013e-45
1.4013e-45
4.2039e-45
7.00649e-45
9.80909e-45
1.26117e-44
1.4013e-44
1.54143e-44
1.68156e-44
1.82169e-44
1.82169e-44
1.82169e-44
1.82169e-44
1.68156e-44
1.54143e-44
1.4013e-44
1.26117e-44
1.12104e-44
9.80909e-45
7.00649e-45
4.2039e-45
1.4013e-45
-1.4013e-45
-4.2039e-45
-7.00649e-45
-9.80909e-45
-1.26117e-44
-1.4013e-44
-1.54143e-44
-1.68156e-44
-1.82169e-44
-1.82169e-44
-1.82169e-44
-1.82169e-44
-1.68156e-44
-1.54143e-44
-1.4013e-44
-1.26117e-44
-1.12104e-44
-9.80909e-45
-7.00649e-45
-4.2039e-45
-1.4013e-45
1.4013e-45
4.2039e-45
7.00649e-45
9.80909e-45
1.26117e-44
1.4013e-44
1.54143e-44
1.68156e-44
1.82169e-44
1.82169e-44
1.82169e-44
1.82169e-44
1.68156e-44
1.54143e-44
1.4013e-44
1.26117e-44
1.12104e-44
9.80909e-45
7.00649e-45
4.2039e-45
1.4013e-45
-1.4013e-45
-4.2039e-45
-7.00649e-45
-9.80909e-45
-1.26117e-44
-1.4013e-44
-1.54143e-44
-1.68156e-44
-1.82169e-44
-1.82169e-44
-1.82169e-44
-1.82169e-44
-1.68156e-44
-1.54143e-44
-1.4013e-44
-1.26117e-44
-1.12104e-44
-9.80909e-45
-7.00649e-45
-4.2039e-45
-1.4013e-45
1.4013e-45
4.2039e-45
7.00649e-45
9.80909e-45
1.26117e-44
1.4013e-44
1.54143e-44
1.68156e-44
1.82169e-44
1.82169e-44
1.82169e-44
1.82169e-44
1.68156e-44
1.54143e-44
1.4013e-44
1.26117e-44
1.12104e-44
9.80909e-45
7.00649e-45
4.2039e-45
1.4013e-45
-1.4013e-45
-4.2039e-45
-7.00649e-45
-9.80909e-45
-1.26117e-44
-1.4013e-44
-1.54143e-44
-1.68156e-44
-1.82169e-44
-1.82169e-44
-1.82169e-44
-1.82169e-44
-1.68156e-44
-1.54143e-44
-1.4013e-44
-1.26117e-44
-1.12104e-44
-9.80909e-45
-7.00649e-45
-4.2039e-45
-1.4013e-45
1.4013e-45
4.2039e-45
7.00649e-45
9.80909e-45
1.26117e-44
1.4013e-44
1.54143e-44
1.68156e-44
1.82169e-44
1.82169e-44
1.82169e-44
1.82169e-44
1.68156e-44
1.54143e-44
1.4013e-44
1.26117e-44
1.12104e-44
9.80909e-45
7.00649e-45
4.2039e-45
1.4013e-45
-1.4013e-45
-4.2039e-45
-7.00649e-45
-9.80909e-45
-1.26117e-44
-1.4013e-44
-1.54143e-44
-1.68156e-44
-1.82169e-44
-1.82169e-44
-1.82169e-44
-1.82169e-44
-1.68156e-44
-1.54143e-44
-1.4013e-44
-1.26117e-44
-1.12104e-44
-9.80909e-45
-7.00649e-45
-4.2039e-45
-1.4013e-45
1.4013e-45
4.2039e-45
7.00649e-45
9.80909e-45
1.26117e-44
1.4013e-44
1.54143e-44
1.68156e-44
1.82169e-44
1.82169e-44
1.82169e-44
1.82169e-44
1.68156e-44
1.54143e-44
1.4013e-44
1.26117e-44
1.12104e-44
9.80909e-45
7.00649e-45
4.2039e-45
1.4013e-45
-1.4013e-45
-4.2039e-45
-7.00649e-45
-9.80909e-45
-1.26117e-44
-1.4013e-44
-1.54143e-44
-1.68156e-44
-1.82169e-44
-1.82169e-44
-1.82169e-44
-1.82169e-44
-1.68156e-44
-1.54143e-44
-1.4013e-44
-1.26117e-44
-1.12104e-44
-9.80909e-45
-7.00649e-45
-4.2039e-45
-1.4013e-45
1.4013e-45
4.2039e-45
7.00649e-45
9.80909e-45
1.26117e-44
1.4013e-44
1.54143e-44
1.68156e-44
1.82169e-44
1.82169e-44
1.82169e-44
1.82169e-44
1.68156e-44
1.54143e-44
1.4013e-44
1.26117e-44
1.12104e-44
9.80909e-45
7.00649e-45
4.2039e-45
1.4013e-45
-1.4013e-45
-4.2039e-45
-7.00649e-45
-9.80909e-45
-1.26117e-44
-1.4013e-44
-1.54143e-44
-1.68156e-44
-1.82169e-44
-1.82169e-44
-1.82169e-44
-1.82169e-44
-1.68156e-44
-1.54143e-44
-1.4013e-44
-1.26117e-44
-1.12104e-44
-9.80909e-45
-7.00649e-45
-4.2039e-45
-1.4013e-45
1.4013e-45
4.2039e-45
7.00649e-45
9.80909e-45
1.26117e-44
1.4013e-44
1.54143e-44
1.68156e-44
1.82169e-44
1.82169e-44
1.82169e-44
1.82169e-44
1.68156e-44
1.54143e-44
1.4013e-44
1.26117e-44
1.12104e-44
9.80909e-45
7.00649e-45
4.2039e-45
1.4013e-45
-1.4013e-45
-4.2039e-45
-7.00649e-45
-9.80909e-45
-1.26117e-44
-1.4013e-44
-1.54143e-44
-1.68156e-44
-1.82169e-44
-1.82169e-44
-1.82169e-44
-1.82169e-44
-1.68156e-44
-1.54143e-44
-1.4013e-44
-1.26117e-44
-1.12104e-44
-9.80909e-45
-7.00649e-45
-4.2039e-45
-1.4013e-45
1.4013e-45
4.2039e-45
7.00649e-45
9.80909e-45
1.26117e-44
1.4013e-44
1.54143e-44
1.68156e-44
1.82169e-44
1.82169e-44
1.82169e-44
1.82169e-44
1.68156e-44
1.54143e-44
1.4013e-44
1.26117e-44
1.12104e-44
9.80909e-45
7.00649e-45
4.2039e-45
1.4013e-45
-1.4013e-45
-4.2039e-45
-7.00649e-45
-9.80909e-45
-1.26117e-44
-1.4013e-44
-1.54143e-44
-1.68156e-44
-1.82169e-44
-1.82169e-44
-1.82169e-44
-1.82169e-44
-1.68156e-44
-1.54143e-44
-1.4013e-44
-1.26117e-44
-1.12104e-44
-9.80909e-45
-7.00649e-45
-4.2039e-45
-1.4013e-45
1.4013e-45
4.2039e-45
7.00649e-45
9.80909e-45
1.26117e-44
1.4013e-44
1.54143e-44
1.68156e-44
1.82169e-44
1.82169e-44
1.82169e-44
1.82169e-44
1.68156e-44
1.54143e-44
1.4013e-44
1.26117e-44
1.12104e-44
9.80909e-45
7.00649e-45
4.2039e-45
1.4013e-45
-1.4013e-45
-4.2039e-45
-7.00649e-45
-9.80909e-45
-1.26117e-44
-1.4013e-44
-1.54143e-44
-1.68156e-44
-1.82169e-44
-1.82169e-44
-1.82169e-44
-1.82169e-44
-1.68156e-44
-1.54143e-44
-1.4013e-44
-1.26117e-44
-1.12104e-44
-9.80909e-45
-7.00649e-45
-4.2039e-45
-1.4013e-45
1.4013e-45
4.2039e-45
7.00649e-45
9.80909e-45
1.26117e-44
1.4013e-44
1.54143e-44
1.68156e-44
1.82169e-44
1.82169e-44
1.82169e-44
1.82169e-44
1.68156e-44
1.54143e-44
1.4013e-44
1.26117e-44
1.12104e-44
9.80909e-45
7.00649e-45
4.2039e-45
1.4013e-45
-1.4013e-45
-4.2039e-45
-7.00649e-45
-9.80909e-45
-1.26117e-44
-1.4013e-44
-1.54143e-44
-1.68156e-44
-1.82169e-44
-1.82169e-44
-1.82169e-44
-1.82169e-44
-1.68156e-44
-1.54143e-44
-1.4013e-44
-1.26117e-44
-1.12104e-44
-9.80909e-45
-7.00649e-45
-4.2039e-45
-1.4013e-45
1.4013e-45
4.2039e-45
7.00649e-45
9.80909e-45
1.26117e-44
1.4013e-44
1.54143e-44
1.68156e-44
1.82169e-44
1.82169e-44
1.82169e-44
1.82169e-44
1.68156e-44
1.54143e-44
1.4013e-44
1.26117e-44
1.12104e-44
9.80909e-45
7.00649e-45
4.2039e-45
1.4013e-45
-1.4013e-45
-4.2039e-45
-7.00649e-45
-9.80909e-45
-1.26117e-44
-1.4013e-44
-1.54143e-44
-1.68156e-44
-1.82169e-44
-1.82169e-44
-1.82169e-44
-1.82169e-44
-1.68156e-44
-1.54143e-44
-1.4013e-44
-1.26117e-44
-1.12104e-44
-9.80909e-45
-7.00649e-45
-4.2039e-45
-1.4013e-45
1.4013e-45
4.2039e-45
7.00649e-45
9.80909e-45
1.26117e-44
1.4013e-44
1.54143e-44
1.68156e-44
1.82169e-44
1.82169e-44
1.82169e-44
1.82169e-44
1.68156e-44
1.54143e-44
1.4013e-44
1.26117e-44
1.12104e-44
9.80909e-45
7.00649e-45
4.2039e-45
1.4013e-45
-1.4013e-45
-4.2039e-45
-7.00649e-45
-9.80909e-45
-1.26117e-44
-1.4013e-44
-1.54143e-44
-1.68156e-44
-1.82169e-44
-1.82169e-44
-1.82169e-44
-1.82169e-44
-1.68156e-44
-1.54143e-44
-1.4013e-44
-1.26117e-44
-1.12104e-44
-9.80909e-45
-7.00649e-45
-4.2039e-45
-1.4013e-45
1.4013e-45
4.2039e-45
7.00649e-45
9.80909e-45
1.26117e-44
1.4013e-44
1.54143e-44
1.68156e-44
1.82169e-44
1.82169e-44
1.82169e-44
1.82169e-44
1.68156e-44
1.54143e-44
1.4013e-44
1.26117e-44
1.12104e-44
9.80909e-45
7.00649e-45
4.2039e-45
1.4013e-45
-1.4013e-45
-4.2039e-45
-7.00649e-45
-9.80909e-45
-1.26117e-44
-1.4013e-44
-1.54143e-44
-1.68156e-44
-1.82169e-44
-1.82169e-44
-1.82169e-44
-1.82169e-44
-1.68156e-44
-1.54143e-44
-1.4013e-44
-1.26117e-44
-1.12104e-44
-9.80909e-45
-7.00649e-45
-4.2039e-45
-1.4013e-45
1.4013e-45
4.2039e-45
7.00649e-45
9.80909e-45
1.26117e-44
1.4013e-44
1.54143e-44
1.68156e-44
1.82169e-44
1.82169e-44
1.82169e-44
1.82169e-44
1.68156e-44
1.54143e-44
1.4013e-44
1.26117e-44
1.12104e-44
9.80909e-45
7.00649e-45
4.2039e-45
1.4013e-45
-1.4013e-45
-4.2039e-45
-7.00649e-45
-9.80909e-45
-1.26117e-44
-1.4013e-44
-1.54143e-44
-1.68156e-44
-1.82169e-44
-1.82169e-44
-1.82169e-44
-1.82169e-44
-1.68156e-44
-1.54143e-44
-1.4013e-44
-1.26117e-44
-1.12104e-44
-9.80909e-45
-7.00649e-45
-4.2039e-45
-1.4013e-45
1.4013e-45
4.2039e-45
7.00649e-45
9.80909e-45
1.26117e-44
1.4013e-44
1.54143e-44
1.68156e-44
1.82169e-44
1.82169e-44
1.82169e-44
1.82169e-44
1.68156e-44
1.54143e-44
1.4013e-44
1.26117e-44
1.12104e-44
9.80909e-45
7.00649e-45
4.2039e-45
1.4013e-45
-1.4013e-45
-4.2039e-45
-7.00649e-45
-9.80909e-45
-1.26117e-44
-1.4013e-44
-1.54143e-44
-1.68156e-44
-1.82169e-44
-1.82169e-44
-1.82169e-44
-1.82169e-44
-1.68156e-44
-1.54143e-44
-1.4013e-44
-1.26117e-44
-1.12104e-44
-9.80909e-45
-7.00649e-45
-4.2039e-45
-1.4013e-45
1.4013e-45
4.2039e-45
7.00649e-45
9.80909e-45
1.26117e-44
1.4013e-44
1.54143e-44
1.68156e-44
1.82169e-44
1.82169e-44
1.82169e-44
1.82169e-44
1.68156e-44
1.54143e-44
1.4013e-44
1.26117e-44
1.12104e-44
9.80909e-45
7.00649e-45
4.2039e-45
1.4013e-45
-1.4013e-45
-4.2039e-45
-7.00649e-45
-9.80909e-45
-1.26117e-44
-1.4013e-44
-1.54143e-44
-1.68156e-44
-1.82169e-44
-1.82169e-44
-1.82169e-44
-1.82169e-44
-1.68156e-44
-1.54143e-44
-1.4013e-44
-1.26117e-44
-1.12104e-44
-9.80909e-45
-7.00649e-45
-4.2039e-45
-1.4013e-45
1.4013e-45
4.2039e-45
7.00649e-45
9.80909e-45
1.26117e-44
1.4013e-44
1.54143e-44
1.68156e-44
1.82169e-44
1.82169e-44
1.82169e-44
1.82169e-44
1.68156e-44
1.54143e-44
1.4013e-44
1.26117e-44
1.12104e-44
9.80909e-45
7.00649e-45
4.2039e-45
1.4013e-45
-1.4013e-45
-4.2039e-45
-7.00649e-45
-9.80909e-45
-1.26117e-44
-1.4013e-44
-1.54143e-44
-1.68156e-44
-1.82169e-44
-1.82169e-44
-1.82169e-44
-1.82169e-44
-1.68156e-44
-1.54143e-44
-1.4013e-44
-1.26117e-44
-1.12104e-44
-9.80909e-45
-7.00649e-45
-4.2039e-45
-1.4013e-45
1.4013e-45
4.2039e-45
7.00649e-45
9.80909e-45
1.26117e-44
1.4013e-44
1.54143e-44
1.68156e-44
1.82169e-44
1.82169e-44
1.82169e-44
1.82169e-44
1.68156e-44
1.54143e-44
1.4013e-44
1.26117e-44
1.12104e-44
9.80909e-45
7.00649e-45
4.2039e-45
1.4013e-45
-1.4013e-45
-4.2039e-45
-7.00649e-45
-9.80909e-45
-1.26117e-44
-1.4013e-44
-1.54143e-44
-1.68156e-44
-1.82169e-44
-1.82169e-44
-1.82169e-44
-1.82169e-44
-1.68156e-44
-1.54143e-44
-1.4013e-44
-1.26117e-44
-1.12104e-44
-9.80909e-45
-7.00649e-45
-4.2039e-45
-1.4013e-45
1.4013e-45
4.2039e-45
7.00649e-45
9.80909e-45
1.26117e-44
1.4013e-44
1.54143e-44
1.68156e-44
1.82169e-44
1.82169e-44
1.82169e-44
1.82169e-44
1.68156e-44
1.54143e-44
1.4013e-44
1.26117e-44
1.12104e-44
9.80909e-45
7.00649e-45
4.2039e-45
1.4013e-45
-1.4013e-45
-4.2039e-45
-7.00649e-45
-9.80909e-45
-1.26117e-44
-1.4013e-44
-1.54143e-44
-1.68156e-44
-1.82169e-44
-1.82169e-44
-1.82169e-44
-1.82169e-44
-1.68156e-44
-1.54143e-44
-1.4013e-44
-1.26117e-44
-1.12104e-44
-9.80909e-45
-7.00649e-45
-4.2039e-45
-1.4013e-45
1.4013e-45
4.2039e-45
7.00649e-45
9.80909e-45
1.26117e-44
1.4013e-44
1.54143e-44
1.68156e-44
1.82169e-44
1.82169e-44
1.82169e-44
1.82169e-44
1.68156e-44
1.54143e-44
1.4013e-44
1.26117e-44
1.12104e-44
9.80909e-45
7.00649e-45
4.2039e-45
1.4013e-45
-1.4013e-45
-4.2039e-45
-7.00649e-45
-9.80909e-45
-1.26117e-44
-1.4013e-44
-1.54143e-44
-1.68156e-44
-1.82169e-44
-1.82169e-44
-1.82169e-44
-1.82169e-44
-1.68156e-44
-1.54143e-44
-1.4013e-44
-1.26117e-44
-1.12104e-44
-9.80909e-45
-7.00649e-45
-4.2039e-45
-1.4013e-45
1.4013e-45
4.2039e-45
7.00649e-45
9.80909e-45
1.26117e-44
1.4013e-44
1.54143e-44
1.68156e-44
1.82169e-44
1.82169e-44
1.82169e-44
1.82169e-44
1.68156e-44
1.54143e-44
1.4013e-44
1.26117e-44
1.12104e-44
9.80909e-45
7.00649e-45
4.2039e-45
1.4013e-45
-1.4013e-45
-4.2039e-45
-7.00649e-45
-9.80909e-45
-1.26117e-44
-1.4013e-44
-1.54143e-44
-1.68156e-44
-1.82169e-44
-1.82169e-44
-1.82169e-44
-1.82169e-44
-1.68156e-44
-1.54143e-44
-1.4013e-44
-1.26117e-44
-1.12104e-44
-9.80909e-45
-7.00649e-45
-4.2039e-45
-1.4013e-45
1.4013e-45
4.2039e-45
7.00649e-45
9.80909e-45
1.26117e-44
1.4013e-44
1.54143e-44
1.68156e-44
1.82169e-44
1.82169e-44
1.82169e-44
1.82169e-44
1.68156e-44
1.54143e-44
1.4013e-44
1.26117e-44
1.12104e-44
9.80909e-45
7.00649e-45
4.2039e-45
1.4013e-45
-1.4013e-45
-4.2039e-45
-7.00649e-45
-9.80909e-45
-1.26117e-44
-1.4013e-44
-1.54143e-44
-1.68156e-44
-1.82169e-44
-1.82169e-44
-1.82169e-44
-1.82169e-44
-1.68156e-44
-1.54143e-44
-1.4013e-44
-1.26117e-44
-1.12104e-44
-9.80909e-45
-7.00649e-45
-4.2039e-45
-1.4013e-45
1.4013e-45
4.2039e-45
7.00649e-45
9.80909e-45
1.26117e-44
1.4013e-44
1.54143e-44
1.68156e-44
1.82169e-44
1.82169e-44
1.82169e-44
1.82169e-44
1.68156e-44
1.54143e-44
1.4013e-44
1.26117e-44
1.12104e-44
9.80909e-45
7.00649e-45
4.2039e-45
1.4013e-45
-1.4013e-45
-4.2039e-45
-7.00649e-45
-9.80909e-45
-1.26117e-44
-1.4013e-44
-1.54143e-44
-1.68156e-44
-1.82169e-44
-1.82169e-44
-1.82169e-44
-1.82169e-44
-1.68156e-44
-1.54143e-44
-1.4013e-44
-1.26117e-44
-1.12104e-44
-9.80909e-45
-7.00649e-45
-4.2039e-45
-1.4013e-45
1.4013e-45
4.2039e-45
7.00649e-45
9.80909e-45
1.26117e-44
1.4013e-44
1.54143e-44
1.68156e-44
1.82169e-44
1.82169e-44
1.82169e-44
1.82169e-44
1.68156e-44
1.54143e-44
1.4013e-44
1.26117e-44
1.12104e-44
9.80909e-45
7.00649e-45
4.2039e-45
1.4013e-45
-1.4013e-45
-4.2039e-45
-7.00649e-45
-9.80909e-45
-1.26117e-44
-1.4013e-44
-1.54143e-44
-1.68156e-44
-1.82169e-44
-1.82169e-44
-1.82169e-44
-1.82169e-44
-1.68156e-44
-1.54143e-44
-1.4013e-44
-1.26117e-44
-1.12104e-44
-9.80909e-45
-7.00649e-45
-4.2039e-45
-1.4013e-45
1.4013e-45
4.2039e-45
7.00649e-45
9.80909e-45
1.26117e-44
1.4013e-44
1.54143e-44
1.68156e-44
1.82169e-44
1.82169e-44
1.82169e-44
1.82169e-44
1.68156e-44
1.54143e-44
1.4013e-44
1.26117e-44
1.12104e-44
9.80909e-45
7.00649e-45
4.2039e-45
1.4013e-45
-1.4013e-45
-4.2039e-45
-7.00649e-45
-9.80909e-45
-1.26117e-44
-1.4013e-44
-1.54143e-44
-1.68156e-44
-1.82169e-44
-1.82169e-44
-1.82169e-44
-1.82169e-44
-1.68156e-44
-1.54143e-44
-1.4013e-44
-1.26117e-44
-1.12104e-44
-9.80909e-45
-7.00649e-45
-4.2039e-45
-1.4013e-45
1.4013e-45
4.2039e-45
7.00649e-45
9.80909e-45
1.26117e-44
1.4013e-44
1.54143e-44
1.68156e-44
1.82169e-44
1.82169e-44
1.82169e-44
1.82169e-44
1.68156e-44
1.54143e-44
1.4013e-44
1.26117e-44
1.12104e-44
9.80909e-45
7.00649e-45
4.2039e-45
1.4013e-45
-1.4013e-45
-4.2039e-45
-7.00649e-45
-9.80909e-45
-1.26117e-44
-1.4013e-44
-1.54143e-44
-1.68156e-44
-1.82169e-44
-1.82169e-44
-1.82169e-44
-1.82169e-44
-1.68156e-44
-1.54143e-44
-1.4013e-44
-1.26117e-44
-1.12104e-44
-9.80909e-45
-7.00649e-45
-4.2039e-45
-1.4013e-45
1.4013e-45
4.2039e-45
7.00649e-45
9.80909e-45
1.26117e-44
1.4013e-44
1.54143e-44
1.68156e-44
1.82169e-44
1.82169e-44
1.82169e-44
1.82169e-44
1.68156e-44
1.54143e-44
1.4013e-44
1.26117e-44
1.12104e-44
9.80909e-45
7.00649e-45
4.2039e-45
1.4013e-45
-1.4013e-45
-4.2039e-45
-7.00649e-45
-9.80909e-45
-1.26117e-44
-1.4013e-44
-1.54143e-44
-1.68156e-44
-1.82169e-44
-1.82169e-44
-1.82169e-44
-1.82169e-44
-1.68156e-44
-1.54143e-44
-1.4013e-44
-1.26117e-44
-1.12104e-44
-9.80909e-45
-7.00649e-45
-4.2039e-45
-1.4013e-45
1.4013e-45
4.2039e-45
7.00649e-45
9.80909e-45
1.26117e-44
1.4013e-44
1.54143e-44
1.68156e-44
1.82169e-44
1.82169e-44
1.82169e-44
1.82169e-44
1.68156e-44
1.54143e-44
1.4013e-44
1.26117e-44
1.12104e-44
9.80909e-45
7.00649e-45
4.2039e-45
1.4013e-45
-1.4013e-45
-4.2039e-45
-7.00649e-45
-9.80909e-45
-1.26117e-44
-1.4013e-44
-1.54143e-44
-1.68156e-44
-1.82169e-44
-1.82169e-44
-1.82169e-44
-1.82169e-44
-1.68156e-44
-1.54143e-44
-1.4013e-44
-1.26117e-44
-1.12104e-44
-9.80909e-45
-7.00649e-45
-4.2039e-45
-1.4013e-45
1.4013e-45
4.2039e-45
7.00649e-45
9.80909e-45
1.26117e-44
1.4013e-44
1.54143e-44
1.68156e-44
1.82169e-44
1.82169e-44
1.82169e-44
1.82169e-44
1.68156e-44
1.54143e-44
1.4013e-44
1.26117e-44
1.12104e-44
9.80909e-45
7.00649e-45
4.2039e-45
1.4013e-45
-1.4013e-45
-4.2039e-45
-7.00649e-45
-9.80909e-45
-1.26117e-44
-1.4013e-44
-1.54143e-44
-1.68156e-44
-1.82169e-44
-1.82169e-44
-1.82169e-44
-1.82169e-44
-1.68156e-44
-1.54143e-44
-1.4013e-44
-1.26117e-44
-1.12104e-44
-9.80909e-45
-7.00649e-45
-4.2039e-45
-1.4013e-45
1.4013e-45
4.2039e-45
7.00649e-45
9.80909e-45
1.26117e-44
1.4013e-44
1.54143e-44
1.68156e-44
1.82169e-44
1.82169e-44
1.82169e-44
1.82169e-44
1.68156e-44
1.54143e-44
1.4013e-44
1.26117e-44
1.12104e-44
9.80909e-45
7.00649e-45
4.2039e-45
1.4013e-45
-1.4013e-45
-4.2039e-45
-7.00649e-45
-9.80909e-45
-1.26117e-44
-1.4013e-44
-1.54143e-44
-1.68156e-44
-1.82169e-44
-1.82169e-44
-1.82169e-44
-1.82169e-44
-1.68156e-44
-1.54143e-44
-1.4013e-44
-1.26117e-44
-1.12104e-44
-9.80909e-45
-7.00649e-45
-4.2039e-45
-1.4013e-45
1.4013e-45
4.2039e-45
7.00649e-45
9.80909e-45
1.26117e-44
1.4013e-44
1.54143e-44
1.68156e-44
1.82169e-44
1.82169e-44
1.82169e-44
1.82169e-44
1.68156e-44
1.54143e-44
1.4013e-44
1.26117e-44
1.12104e-44
9.80909e-45
7.00649e-45
4.2039e-45
1.4013e-45
-1.4013e-45
-4.2039e-45
-7.00649e-45
-9.80909e-45
-1.26117e-44
-1.4013e-44
-1.54143e-44
-1.68156e-44
-1.82169e-44
-1.82169e-44
-1.82169e-44
-1.82169e-44
-1.68156e-44
-1.54143e-44
-1.4013e-44
-1.26117e-44
-1.12104e-44
-9.80909e-45
-7.00649e-45
-4.2039e-45
-1.4013e-45
1.4013e-45
4.2039e-45
7.00649e-45
9.80909e-45
1.26117e-44
1.4013e-44
1.54143e-44
1.68156e-44
1.82169e-44
1.82169e-44
1.82169e-44
1.82169e-44
1.68156e-44
1.54143e-44
1.4013e-44
1.26117e-44
1.12104e-44
9.80909e-45
7.00649e-45
4.2039e-45
1.4013e-45
-1.4013e-45
-4.2039e-45
-7.00649e-45
-9.80909e-45
-1.26117e-44
-1.4013e-44
-1.54143e-44
-1.68156e-44
-1.82169e-44
-1.82169e-44
-1.82169e-44
-1.82169e-44
-1.68156e-44
-1.54143e-44
-1.4013e-44
-1.26117e-44
-1.12104e-44
-9.80909e-45
-7.00649e-45
-4.2039e-45
-1.4013e-45
1.4013e-45
4.2039e-45
7.00649e-45
9.80909e-45
1.26117e-44
1.4013e-44
1.54143e-44
1.68156e-44
1.82169e-44
1.82169e-44
1.82169e-44
1.82169e-44
1.68156e-44
1.54143e-44
1.4013e-44
1.26117e-44
1.12104e-44
9.80909e-45
7.00649e-45
4.2039e-45
1.4013e-45
-1.4013e-45
-4.2039e-45
-7.00649e-45
-9.80909e-45
-1.26117e-44
-1.4013e-44
-1.54143e-44
-1.68156e-44
-1.82169e-44
-1.82169e-44
-1.82169e-44
-1.82169e-44
-1.68156e-44
-1.54143e-44
-1.4013e-44
-1.26117e-44
-1.12104e-44
-9.80909e-45
-7.00649e-45
-4.2039e-45
-1.4013e-45
1.4013e-45
4.2039e-45
7.00649e-45
9.80909e-45
1.26117e-44
1.4013e-44
1.54143e-44
1.68156e-44
1.82169e-44
1.82169e-44
1.82169e-44
1.82169e-44
1.68156e-44
1.54143e-44
1.4013e-44
1.26117e-44
1.12104e-44
9.80909e-45
7.00649e-45
4.2039e-45
1.4013e-45
-1.4013e-45
-4.2039e-45
-7.00649e-45
-9.80909e-45
-1.26117e-44
-1.4013e-44
-1.54143e-44
-1.68156e-44
-1.82169e-44
-1.82169e-44
-1.82169e-44
-1.82169e-44
-1.68156e-44
-1.54143e-44
-1.4013e-44
-1.26117e-44
-1.12104e-44
-9.80909e-45
-7.00649e-45
-4.2039e-45
-1.4013e-45
1.4013e-45
4.2039e-45
7.00649e-45
9.80909e-45
1.26117e-44
1.4013e-44
1.54143e-44
1.68156e-44
1.82169e-44
1.82169e-44
1.82169e-44
1.82169e-44
1.68156e-44
1.54143e-44
1.4013e-44
1.26117e-44
1.12104e-44
9.80909e-45
7.00649e-45
4.2039e-45
1.4013e-45
-1.4013e-45
-4.2039e-45
-7.00649e-45
-9.80909e-45
-1.26117e-44
-1.4013e-44
-1.54143e-44
-1.68156e-44
-1.82169e-44
-1.82169e-44
-1.82169e-44
-1.82169e-44
-1.68156e-44
-1.54143e-44
-1.4013e-44
-1.26117e-44
-1.12104e-44
-9.80909e-45
-7.00649e-45
-4.2039e-45
-1.4013e-45
1.4013e-45
4.2039e-45
7.00649e-45
9.80909e-45
1.26117e-44
1.4013e-44
1.54143e-44
1.68156e-44
1.82169e-44
1.82169e-44
1.82169e-44
1.82169e-44
1.68156e-44
1.54143e-44
1.4013e-44
1.26117e-44
1.12104e-44
9.80909e-45
7.00649e-45
4.2039e-45
1.4013e-45
-1.4013e-45
-4.2039e-45
-7.00649e-45
-9.80909e-45
-1.26117e-44
-1.4013e-44
-1.54143e-44
-1.68156e-44
-1.82169e-44
-1.82169e-44
-1.82169e-44
-1.82169e-44
-1.68156e-44
-1.54143e-44
-1.4013e-44
-1.26117e-44
-1.12104e-44
-9.80909e-45
-7.00649e-45
-4.2039e-45
-1.4013e-45
1.4013e-45
4.2039e-45
7.00649e-45
9.80909e-45
1.26117e-44
1.4013e-44
1.54143e-44
1.68156e-44
1.82169e-44
1.82169e-44
1.82169e-44
1.82169e-44
1.68156e-44
1.54143e-44
1.4013e-44
1.26117e-44
1.12104e-44
9.80909e-45
7.00649e-45
4.2039e-45
1.4013e-45
-1.4013e-45
-4.2039e-45
-7.00649e-45
-9.80909e-45
-1.26117e-44
-1.4013e-44
-1.54143e-44
-1.68156e-44
-1.82169e-44
-1.82169e-44
-1.82169e-44
-1.82169e-44
-1.68156e-44
-1.54143e-44
-1.4013e-44
-1.26117e-44
-1.12104e-44
-9.80909e-45
-7.00649e-45
-4.2039e-45
-1.4013e-45
1.4013e-45
4.2039e-45
7.00649e-45
9.80909e-45
1.26117e-44
1.4013e-44
1.54143e-44
1.68156e-44
1.82169e-44
1.82169e-44
1.82169e-44
1.82169e-44
1.68156e-44
1.54143e-44
1.4013e-44
1.26117e-44
1.12104e-44
9.80909e-45
7.00649e-45
4.2039e-45
1.4013e-45
-1.4013e-45
-4.2039e-45
-7.00649e-45
-9.80909e-45
-1.26117e-44
-1.4013e-44
-1.54143e-44
-1.68156e-44
-1.82169e-44
-1.82169e-44
-1.82169e-44
-1.82169e-44
-1.68156e-44
-1.54143e-44
-1.4013e-44
-1.26117e-44
-1.12104e-44
-9.80909e-45
-7.00649e-45
-4.2039e-45
-1.4013e-45
1.4013e-45
4.2039e-45
7.00649e-45
9.80909e-45
1.26117e-44
1.4013e-44
1.54143e-44
1.68156e-44
1.82169e-44
1.82169e-44
1.82169e-44
1.82169e-44
1.68156e-44
1.54143e-44
1.4013e-44
1.26117e-44
1.12104e-44
9.80909e-45
7.00649e-45
4.2039e-45
1.4013e-45
-1.4013e-45
-4.2039e-45
-7.00649e-45
-9.80909e-45
-1.26117e-44
-1.4013e-44
-1.54143e-44
-1.68156e-44
-1.82169e-44
-1.82169e-44
-1.82169e-44
-1.82169e-44
-1.68156e-44
-1.54143e-44
-1.4013e-44
-1.26117e-44
-1.12104e-44
-9.80909e-45
-7.00649e-45
-4.2039e-45
-1.4013e-45
1.4013e-45
4.2039e-45
7.00649e-45
9.80909e-45
1.26117e-44
1.4013e-44
1.54143e-44
1.68156e-44
1.82169e-44
1.82169e-44
1.82169e-44
1.82169e-44
1.68156e-44
1.54143e-44
1.4013e-44
1.26117e-44
1.12104e-44
9.80909e-45
7.00649e-45
4.2039e-45
1.4013e-45
-1.4013e-45
-4.2039e-45
-7.00649e-45
-9.80909e-45
-1.26117e-44
-1.4013e-44
-1.54143e-44
-1.68156e-44
-1.82169e-44
-1.82169e-44
-1.82169e-44
-1.82169e-44
-1.68156e-44
-1.54143e-44
-1.4013e-44
-1.26117e-44
-1.12104e-44
-9.80909e-45
-7.00649e-45
-4.2039e-45
-1.4013e-45
1.4013e-45
4.2039e-45
7.00649e-45
9.80909e-45
1.26117e-44
1.4013e-44
1.54143e-44
1.68156e-44
1.82169e-44
1.82169e-44
1.82169e-44
1.82169e-44
1.68156e-44
1.54143e-44
1.4013e-44
1.26117e-44
1.12104e-44
9.80909e-45
7.00649e-45
4.2039e-45
1.4013e-45
-1.4013e-45
-4.2039e-45
-7.00649e-45
-9.80909e-45
-1.26117e-44
-1.4013e-44
-1.54143e-44
-1.68156e-44
-1.82169e-44
-1.82169e-44
-1.82169e-44
-1.82169e-44
-1.68156e-44
-1.54143e-44
-1.4013e-44
-1.26117e-44
-1.12104e-44
-9.80909e-45
-7.00649e-45
-4.2039e-45
-1.4013e-45
1.4013e-45
4.2039e-45
7.00649e-45
9.80909e-45
1.26117e-44
1.4013e-44
1.54143e-44
1.68156e-44
1.82169e-44
1.82169e-44
1.82169e-44
1.82169e-44
1.68156e-44
1.54143e-44
1.4013e-44
1.26117e-44
1.12104e-44
9.80909e-45
7.00649e-45
4.2039e-45
1.4013e-45
-1.4013e-45
-4.2039e-45
-7.00649e-45
-9.80909e-45
-1.26117e-44
-1.4013e-44
-1.54143e-44
-1.68156e-44
-1.82169e-44
-1.82169e-44
-1.82169e-44
-1.82169e-44
-1.68156e-44
-1.54143e-44
-1.4013e-44
-1.26117e-44
-1.12104e-44
-9.80909e-45
-7.00649e-45
-4.2039e-45
-1.4013e-45
1.4013e-45
4.2039e-45
7.00649e-45
9.80909e-45
1.26117e-44
1.4013e-44
1.54143e-44
1.68156e-44
1.82169e-44
1.82169e-44
1.82169e-44
1.82169e-44
1.68156e-44
1.54143e-44
1.4013e-44
1.26117e-44
1.12104e-44
9.80909e-45
7.00649e-45
4.2039e-45
1.4013e-45
-1.4013e-45
-4.2039e-45
-7.00649e-45
-9.80909e-45
-1.26117e-44
-1.4013e-44
-1.54143e-44
-1.68156e-44
-1.82169e-44
-1.82169e-44
-1.82169e-44
-1.82169e-44
-1.68156e-44
-1.54143e-44
-1.4013e-44
-1.26117e-44
-1.12104e-44
-9.80909e-45
-7.00649e-45
-4.2039e-45
-1.4013e-45
1.4013e-45
4.2039e-45
7.00649e-45
9.80909e-45
1.26117e-44
1.4013e-44
1.54143e-44
1.68156e-44
1.82169e-44
1.82169e-44
1.82169e-44
1.82169e-44
1.68156e-44
1.54143e-44
1.4013e-44
1.26117e-44
1.12104e-44
9.80909e-45
7.00649e-45
4.2039e-45
1.4013e-45
-1.4013e-45
-4.2039e-45
-7.00649e-45
-9.80909e-45
-1.26117e-44
-1.4013e-44
-1.54143e-44
-1.68156e-44
-1.82169e-44
-1.82169e-44
-1.82169e-44
-1.82169e-44
-1.68156e-44
-1.54143e-44
-1.4013e-44
-1.26117e-44
-1.12104e-44
-9.80909e-45
-7.00649e-45
-4.2039e-45
-1.4013e-45
1.4013e-45
4.2039e-45
7.00649e-45
9.80909e-45
1.26117e-44
1.4013e-44
1.54143e-44
1.68156e-44
1.82169e-44
1.82169e-44
1.82169e-44
1.82169e-44
1.68156e-44
1.54143e-44
1.4013e-44
1.26117e-44
1.12104e-44
9.80909e-45
7.00649e-45
4.2039e-45
1.4013e-45
-1.4013e-45
-4.2039e-45
-7.00649e-45
-9.80909e-45
-1.26117e-44
-1.4013e-44
-1.54143e-44
-1.68156e-44
-1.82169e-44
-1.82169e-44
-1.82169e-44
-1.82169e-44
-1.68156e-44
-1.54143e-44
-1.4013e-44
-1.26117e-44
-1.12104e-44
-9.80909e-45
-7.00649e-45
-4.2039e-45
-1.4013e-45
1.4013e-45
4.2039e-45
7.00649e-45
9.80909e-45
1.26117e-44
1.4013e-44
1.54143e-44
1.68156e-44
1.82169e-44
1.82169e-44
1.82169e-44
1.82169e-44
1.68156e-44
1.54143e-44
1.4013e-44
1.26117e-44
1.12104e-44
9.80909e-45
7.00649e-45
4.2039e-45
1.4013e-45
-1.4013e-45
-4.2039e-45
-7.00649e-45
-9.80909e-45
-1.26117e-44
-1.4013e-44
-1.54143e-44
-1.68156e-44
-1.82169e-44
-1.82169e-44
-1.82169e-44
-1.82169e-44
-1.68156e-44
-1.54143e-44
-1.4013e-44
-1.26117e-44
-1.12104e-44
-9.80909e-45
-7.00649e-45
-4.2039e-45
-1.4013e-45
1.4013e-45
4.2039e-45
7.00649e-45
9.80909e-45
1.26117e-44
1.4013e-44
1.54143e-44
1.68156e-44
1.82169e-44
1.82169e-44
1.82169e-44
1.82169e-44
1.68156e-44
1.54143e-44
1.4013e-44
1.26117e-44
1.12104e-44
9.80909e-45
7.00649e-45
4.2039e-45
1.4013e-45
-1.4013e-45
-4.2039e-45
-7.00649e-45
-9.80909e-45
-1.26117e-44
-1.4013e-44
-1.54143e-44
-1.68156e-44
-1.82169e-44
-1.82169e-44
-1.82169e-44
-1.82169e-44
-1.68156e-44
-1.54143e-44
-1.4013e-44
-1.26117e-44
-1.12104e-44
-9.80909e-45
-7.00649e-45
-4.2039e-45
-1.4013e-45
1.4013e-45
4.2039e-45
7.00649e-45
9.80909e-45
1.26117e-44
1.4013e-44
1.54143e-44
1.68156e-44
1.82169e-44
1.82169e-44
1.82169e-44
1.82169e-44
1.68156e-44
1.54143e-44
1.4013e-44
1.26117e-44
1.12104e-44
9.80909e-45
7.00649e-45
4.2039e-45
1.4013e-45
-1.4013e-45
-4.2039e-45
-7.00649e-45
-9.80909e-45
-1.26117e-44
-1.4013e-44
-1.54143e-44
-1.68156e-44
-1.82169e-44
-1.82169e-44
-1.82169e-44
-1.82169e-44
-1.68156e-44
-1.54143e-44
-1.4013e-44
-1.26117e-44
-1.12104e-44
-9.80909e-45
-7.00649e-45
-4.2039e-45
-1.4013e-45
1.4013e-45
4.2039e-45
7.00649e-45
9.80909e-45
1.26117e-44
1.4013e-44
1.54143e-44
1.68156e-44
1.82169e-44
1.82169e-44
1.82169e-44
1.82169e-44
1.68156e-44
1.54143e-44
1.4013e-44
1.26117e-44
1.12104e-44
9.80909e-45
7.00649e-45
4.2039e-45
1.4013e-45
-1.4013e-45
-4.2039e-45
-7.00649e-45
-9.80909e-45
-1.26117e-44
-1.4013e-44
-1.54143e-44
-1.68156e-44
-1.82169e-44
-1.82169e-44
-1.82169e-44
-1.82169e-44
-1.68156e-44
-1.54143e-44
-1.4013e-44
-1.26117e-44
-1.12104e-44
-9.80909e-45
-7.00649e-45
-4.2039e-45
-1.4013e-45
1.4013e-45
4.2039e-45
7.00649e-45
9.80909e-45
1.26117e-44
1.4013e-44
1.54143e-44
1.68156e-44
1.82169e-44
1.82169e-44
1.82169e-44
1.82169e-44
1.68156e-44
1.54143e-44
1.4013e-44
1.26117e-44
1.12104e-44
9.80909e-45
7.00649e-45
4.2039e-45
1.4013e-45
-1.4013e-45
-4.2039e-45
-7.00649e-45
-9.80909e-45
-1.26117e-44
-1.4013e-44
-1.54143e-44
-1.68156e-44
-1.82169e-44
-1.82169e-44
-1.82169e-44
-1.82169e-44
-1.68156e-44
-1.54143e-44
-1.4013e-44
-1.26117e-44
