0.978021
-0.0416615
-0.0369494
-0.0320482
-0.0270546
-0.0220586
-0.0171421
-0.0123785
-0.00783215
-0.00355839
0.000396942
0.00399721
0.00721482
0.0100309
0.0124347
0.0144233
0.0160007
0.0171775
0.0179696
0.0183979
0.0184876
0.018267
0.0177671
0.0170206
0.0160615
0.0149242
0.0136431
0.0122517
0.0107825
0.00926643
0.0077324
0.00620708
0.00471465
0.00327663
0.00191174
0.000635866
-0.000537973
-0.00159957
-0.00254145
-0.00335876
-0.00404911
-0.00461239
-0.00505059
-0.00536757
-0.00556882
-0.00566125
-0.00565294
-0.0055529
-0.00537085
-0.005117
-0.00480183
-0.00443589
-0.00402964
-0.00359329
-0.00313662
-0.00266889
-0.00219872
-0.00173402
-0.00128192
-0.000848684
-0.000439749
-5.96585e-05
0.000287913
0.000600145
0.000875046
0.00111141
0.00130876
0.00146732
0.00158791
0.00167189
0.00172113
0.00173788
0.00172473
0.00168452
0.00162031
0.00153525
0.00143258
0.00131553
0.00118727
0.0010509
0.000909352
0.000765408
0.00062163
0.000480356
0.000343674
0.000213416
9.11461e-05
-2.18395e-05
-0.000124511
-0.000216098
-0.00029608
-0.00036417
-0.000420304
-0.000464616
-0.000497424
-0.000519205
-0.000530574
-0.000532264
-0.000525098
-0.000509976
-0.000487845
-0.000459686
-0.000426489
-0.000389241
-0.00034891
-0.000306426
-0.000262674
-0.000218481
-0.00017461
-0.000131748
-9.0509e-05
-5.14236e-05
-1.49414e-05
1.85701e-05
4.88248e-05
7.56147e-05
9.8807e-05
0.000118339
0.000134215
0.000146496
0.000155299
0.000160786
0.00016316
0.000162656
0.000159536
0.000154081
0.000146587
0.000137356
0.000126692
0.000114895
0.000102259
8.90636e-05
7.55744e-05
6.20378e-05
4.86794e-05
3.5702e-05
2.32843e-05
1.15801e-05
7.17849e-07
-9.19891e-06
-1.80913e-05
-2.59042e-05
-3.26049e-05
-3.81818e-05
-4.26428e-05
-4.60132e-05
-4.8334e-05
-4.96597e-05
-5.00564e-05
-4.95994e-05
-4.83714e-05
-4.64604e-05
-4.3958e-05
-4.09571e-05
-3.75508e-05
-3.38305e-05
-2.98846e-05
-2.57977e-05
-2.1649e-05
-1.75118e-05
-1.34528e-05
-9.53145e-06
-5.79976e-06
-2.30206e-06
9.25066e-07
3.85268e-06
6.45929e-06
8.73055e-06
1.06589e-05
1.22429e-05
1.34872e-05
1.44011e-05
1.49991e-05
1.5299e-05
1.53222e-05
1.50928e-05
1.46367e-05
1.39815e-05
1.31553e-05
1.21867e-05
1.11042e-05
9.93545e-06
8.70719e-06
7.44476e-06
6.17182e-06
4.9101e-06
3.67926e-06
2.4967e-06
1.37752e-06
3.34431e-07
-6.22207e-07
-1.48437e-06
-2.24627e-06
-2.9043e-06
-3.45684e-06
-3.90414e-06
-4.24818e-06
-4.49242e-06
-4.64166e-06
-4.70183e-06
-4.6798e-06
-4.58317e-06
-4.4201e-06
-4.19911e-06
-3.92891e-06
-3.61826e-06
-3.2758e-06
-2.90995e-06
-2.52874e-06
-2.13977e-06
-1.75007e-06
-1.3661e-06
-9.93612e-07
-6.377e-07
-3.02721e-07
7.69137e-09
2.90624e-07
5.43872e-07
7.65908e-07
9.55852e-07
1.11343e-06
1.2389e-06
1.33306e-06
1.39712e-06
1.43268e-06
1.44168e-06
1.4263e-06
1.38895e-06
1.33218e-06
1.25862e-06
1.17096e-06
1.07187e-06
9.6398e-07
8.49833e-07
7.31845e-07
6.12285e-07
4.93246e-07
3.7663e-07
2.64129e-07
1.57222e-07
5.71632e-08
-3.50133e-08
-1.18495e-07
-1.92682e-07
-2.57181e-07
-3.1179e-07
-3.56488e-07
-3.91417e-07
-4.16866e-07
-4.33255e-07
-4.41115e-07
-4.41067e-07
-4.3381e-07
-4.20097e-07
-4.00722e-07
-3.765e-07
-3.48255e-07
-3.16803e-07
-2.82941e-07
-2.47435e-07
-2.11012e-07
-1.74346e-07
-1.3806e-07
-1.02713e-07
-6.88015e-08
-3.67522e-08
-6.92588e-09
2.03857e-08
4.49574e-08
6.66288e-08
8.53009e-08
1.00933e-07
1.13537e-07
1.23173e-07
1.29946e-07
1.33997e-07
1.35499e-07
1.34653e-07
1.31679e-07
1.26814e-07
1.20304e-07
1.12399e-07
1.03353e-07
9.34135e-08
8.28221e-08
7.18093e-08
6.05925e-08
4.9373e-08
3.83345e-08
2.76417e-08
1.74389e-08
7.84992e-09
-1.02261e-09
-9.09669e-09
-1.63106e-08
-2.26222e-08
-2.80077e-08
-3.24607e-08
-3.59905e-08
-3.86207e-08
-4.03876e-08
-4.13383e-08
-4.15291e-08
-4.1024e-08
-3.98925e-08
-3.82082e-08
-3.60475e-08
-3.34876e-08
-3.06056e-08
-2.7477e-08
-2.41747e-08
-2.07679e-08
-1.73216e-08
-1.38957e-08
-1.05444e-08
-7.31582e-09
-4.25206e-09
-1.38867e-09
1.24518e-09
3.62662e-09
5.73895e-09
7.57133e-09
9.11846e-09
1.03802e-08
1.1361e-08
1.20696e-08
1.25184e-08
1.27229e-08
1.27014e-08
1.2474e-08
1.20627e-08
1.14903e-08
1.07804e-08
9.95682e-09
9.04292e-09
8.06165e-09
7.03498e-09
5.9837e-09
4.92717e-09
3.88313e-09
2.86756e-09
1.89456e-09
9.7628e-10
1.22928e-10
-6.57265e-10
-1.35799e-09
-1.97477e-09
-2.50494e-09
-2.94744e-09
-3.30277e-09
-3.57279e-09
-3.7606e-09
-3.87036e-09
-3.90717e-09
-3.87684e-09
-3.78579e-09
-3.64084e-09
-3.44913e-09
-3.21789e-09
-2.9544e-09
-2.6658e-09
-2.35903e-09
-2.04069e-09
-1.71702e-09
-1.39378e-09
-1.07622e-09
-7.69021e-10
-4.76304e-10
-2.01578e-10
5.22495e-11
2.82868e-10
4.88551e-10
6.68131e-10
8.2097e-10
9.46924e-10
1.0463e-09
1.11982e-09
1.16855e-09
1.19387e-09
1.19745e-09
1.18113e-09
1.14693e-09
1.09699e-09
1.0335e-09
9.58708e-10
8.74822e-10
7.84018e-10
6.88388e-10
5.89922e-10
4.90479e-10
3.91772e-10
2.95349e-10
2.02587e-10
1.14679e-10
3.26358e-11
-4.27174e-11
-1.10738e-10
-1.70958e-10
-2.23082e-10
-2.66968e-10
-3.02625e-10
-3.30194e-10
-3.49937e-10
-3.62219e-10
-3.67497e-10
-3.663e-10
-3.59219e-10
-3.46887e-10
-3.29968e-10
-3.09143e-10
-2.85095e-10
-2.58502e-10
-2.30023e-10
-2.0029e-10
-1.69898e-10
-1.39403e-10
-1.09312e-10
-8.0083e-11
-5.21165e-11
-2.57593e-11
-1.30055e-12
2.10268e-11
4.10452e-11
5.86307e-11
7.37096e-11
8.62562e-11
9.6288e-11
1.03863e-10
1.09072e-10
1.12039e-10
1.12913e-10
1.11864e-10
1.09078e-10
1.04753e-10
9.90957e-11
9.23157e-11
8.46226e-11
7.62226e-11
6.73152e-11
5.80907e-11
4.87277e-11
3.93917e-11
3.02329e-11
2.13853e-11
1.29664e-11
5.07611e-12
-2.20313e-12
-8.80601e-12
-1.46841e-11
-1.98049e-11
-2.41515e-11
-2.77208e-11
-3.05227e-11
-3.25791e-11
-3.39218e-11
-3.45917e-11
-3.46369e-11
-3.41118e-11
-3.30749e-11
-3.15883e-11
-2.97158e-11
-2.7522e-11
-2.5071e-11
-2.24255e-11
-1.96458e-11
-1.67893e-11
-1.39093e-11
-1.1055e-11
-8.27094e-12
-5.59634e-12
-3.06534e-12
-7.06708e-13
1.45614e-12
3.40504e-12
5.12693e-12
6.61361e-12
7.86145e-12
8.87101e-12
9.64675e-12
1.01965e-11
1.05312e-11
1.06642e-11
1.06111e-11
1.03891e-11
1.00166e-11
9.51309e-12
8.89817e-12
8.19174e-12
7.41337e-12
6.58213e-12
5.71624e-12
4.83292e-12
3.94814e-12
3.0765e-12
2.23111e-12
1.42347e-12
6.63491e-13
-4.05913e-14
-6.8217e-13
-1.25624e-12
-1.75934e-12
-2.18948e-12
-2.54602e-12
-2.82959e-12
-3.04198e-12
-3.18594e-12
-3.26513e-12
-3.28394e-12
-3.24737e-12
-3.16088e-12
-3.03026e-12
-2.86152e-12
-2.66076e-12
-2.43409e-12
-2.18748e-12
-1.92672e-12
-1.65732e-12
-1.38443e-12
-1.11284e-12
-8.46863e-13
-5.90368e-13
-3.46716e-13
-1.18767e-13
9.11275e-14
2.81116e-13
4.49836e-13
5.96393e-13
7.20332e-13
8.21609e-13
9.00553e-13
9.57832e-13
9.94407e-13
1.0115e-12
1.01053e-12
9.93098e-13
9.60939e-13
9.15865e-13
8.59747e-13
7.94471e-13
7.21908e-13
6.43883e-13
5.62154e-13
4.78381e-13
3.94117e-13
3.10782e-13
2.2966e-13
1.51885e-13
7.84362e-14
1.01381e-14
-5.23427e-14
-1.08492e-13
-1.57946e-13
-2.00481e-13
-2.36006e-13
-2.64553e-13
-2.86265e-13
-3.01385e-13
-3.10243e-13
-3.13242e-13
-3.10845e-13
-3.03563e-13
-2.91944e-13
-2.76557e-13
-2.57984e-13
-2.36808e-13
-2.13603e-13
-1.88927e-13
-1.63313e-13
-1.37263e-13
-1.11241e-13
-8.56717e-14
-6.09345e-14
-3.73617e-14
-1.5238e-14
5.20067e-15
2.37667e-14
4.03194e-14
5.47634e-14
6.70462e-14
7.71551e-14
8.51145e-14
9.09816e-14
9.48429e-14
9.68103e-14
9.7017e-14
9.56133e-14
9.27629e-14
8.86387e-14
8.34197e-14
7.72871e-14
7.04211e-14
6.29985e-14
5.51895e-14
4.71561e-14
3.90496e-14
3.10094e-14
2.31618e-14
1.56186e-14
8.47729e-15
1.81994e-15
-4.28632e-15
-9.78929e-15
-1.46512e-14
-1.88481e-14
-2.2369e-14
-2.5215e-14
-2.73981e-14
-2.89403e-14
-2.9872e-14
-3.02311e-14
-3.00616e-14
-2.94123e-14
-2.83357e-14
-2.68866e-14
-2.51213e-14
-2.30964e-14
-2.08677e-14
-1.84896e-14
-1.60143e-14
-1.34909e-14
-1.0965e-14
-8.47859e-15
-6.06898e-15
-3.7692e-15
-1.60755e-15
3.92417e-16
2.21182e-15
3.8364e-15
5.25635e-15
6.46605e-15
7.46386e-15
8.25173e-15
8.83494e-15
9.22165e-15
9.42253e-15
9.45042e-15
9.31988e-15
9.0468e-15
8.64808e-15
8.14118e-15
7.54384e-15
6.87378e-15
6.14836e-15
5.38434e-15
4.59768e-15
3.80334e-15
3.01509e-15
2.24543e-15
1.50544e-15
8.04795e-16
1.5165e-16
-4.47314e-16
-9.8689e-16
-1.4633e-15
-1.87414e-15
-2.21829e-15
-2.49583e-15
-2.70793e-15
-2.85675e-15
-2.9453e-15
-2.97732e-15
-2.95718e-15
-2.88972e-15
-2.78015e-15
-2.63392e-15
-2.45663e-15
-2.2539e-15
-2.03128e-15
-1.79419e-15
-1.54781e-15
-1.29704e-15
-1.0464e-15
-8.00049e-16
-5.61709e-16
-3.34644e-16
-1.21653e-16
7.49391e-17
2.5328e-16
4.11978e-16
5.50088e-16
6.67089e-16
7.62853e-16
8.37616e-16
8.91943e-16
9.2669e-16
9.42965e-16
9.42086e-16
9.25544e-16
8.94965e-16
8.52065e-16
7.98619e-16
7.36427e-16
6.67278e-16
5.92925e-16
5.15057e-16
4.35278e-16
3.55084e-16
2.75851e-16
1.98822e-16
1.25095e-16
5.56221e-17
-8.80033e-18
-6.75266e-17
-1.20062e-16
-1.66056e-16
-2.053e-16
-2.37714e-16
-2.6334e-16
-2.82328e-16
-2.94929e-16
-3.01479e-16
-3.02384e-16
-2.98114e-16
-2.89182e-16
-2.76138e-16
-2.59553e-16
-2.40009e-16
-2.18087e-16
-1.9436e-16
-1.69383e-16
-1.43683e-16
-1.17755e-16
-9.20556e-17
-6.70001e-17
-4.29562e-17
-2.0244e-17
8.66219e-19
2.01539e-17
3.74481e-17
5.26258e-17
6.56102e-17
7.63681e-17
8.49064e-17
9.12692e-17
9.55335e-17
9.78052e-17
9.8215e-17
9.69142e-17
9.407e-17
8.98617e-17
8.44767e-17
7.81064e-17
7.09428e-17
6.31752e-17
5.49871e-17
4.65538e-17
3.804e-17
2.95979e-17
2.13655e-17
1.3466e-17
6.00629e-18
-9.23131e-19
-7.24837e-18
-1.2912e-17
-1.78728e-17
-2.21049e-17
-2.55971e-17
-2.83516e-17
-3.03832e-17
-3.17179e-17
-3.23912e-17
-3.24471e-17
-3.19365e-17
-3.09157e-17
-2.94451e-17
-2.75877e-17
-2.5408e-17
-2.29707e-17
-2.03393e-17
-1.75756e-17
-1.47385e-17
-1.18831e-17
-9.06046e-18
-6.31677e-18
-3.693e-18
-1.22467e-18
1.05828e-18
3.13164e-18
4.97677e-18
6.58054e-18
7.93506e-18
9.03742e-18
9.88929e-18
1.04966e-17
1.08689e-17
1.10191e-17
1.0963e-17
1.07186e-17
1.03056e-17
9.74518e-18
9.05926e-18
8.27016e-18
7.4002e-18
6.47125e-18
5.50446e-18
4.51991e-18
3.53633e-18
2.57096e-18
1.63927e-18
7.54922e-19
-7.03627e-20
-8.26848e-19
-1.50679e-18
-2.1044e-18
-2.61581e-18
-3.03896e-18
-3.37352e-18
-3.62072e-18
-3.78325e-18
-3.86505e-18
-3.87116e-18
-3.80756e-18
-3.68098e-18
-3.4987e-18
-3.26843e-18
-2.99808e-18
-2.69566e-18
-2.36911e-18
-2.02614e-18
-1.67417e-18
-1.32017e-18
-9.70617e-19
-6.31375e-19
-3.0768e-19
-4.07712e-21
2.75601e-19
5.28244e-19
7.51465e-19
9.43583e-19
1.1036e-18
1.23116e-18
1.32653e-18
1.39049e-18
1.42434e-18
1.42983e-18
1.40903e-18
1.36437e-18
1.29847e-18
1.21417e-18
1.11438e-18
1.00208e-18
8.80243e-19
7.51785e-19
6.19516e-19
4.86097e-19
3.54012e-19
2.25529e-19
1.02682e-19
-1.27496e-20
-1.19253e-19
-2.15588e-19
-3.00787e-19
-3.74157e-19
-4.35264e-19
-4.83927e-19
-5.202e-19
-5.44351e-19
-5.56848e-19
-5.58328e-19
-5.4958e-19
-5.31516e-19
-5.05145e-19
-4.71552e-19
-4.31869e-19
-3.87254e-19
-3.38868e-19
-2.87855e-19
-2.35321e-19
-1.82319e-19
-1.29834e-19
-7.87705e-20
-2.99413e-20
1.59385e-20
5.82584e-20
9.65147e-20
1.30313e-19
1.59365e-19
1.83489e-19
2.02603e-19
2.16721e-19
2.25943e-19
2.30451e-19
2.30495e-19
2.26389e-19
2.18498e-19
2.07228e-19
1.93017e-19
1.76322e-19
1.57615e-19
1.3737e-19
1.16054e-19
9.41202e-20
7.20026e-20
5.01075e-20
2.88089e-20
8.4447e-21
-1.06874e-20
-2.83318e-20
-4.4277e-20
-5.83559e-20
-7.04459e-20
-8.0468e-20
-8.83849e-20
-9.41991e-20
-9.795e-20
-9.97104e-20
-9.95837e-20
-9.76989e-20
-9.42077e-20
-8.92794e-20
-8.30972e-20
-7.58541e-20
-6.77485e-20
-5.89809e-20
-4.97495e-20
-4.02477e-20
-3.06604e-20
-2.11619e-20
-1.1913e-20
-3.0596e-21
5.26912e-21
1.29618e-20
1.99255e-20
2.60862e-20
3.1389e-20
3.57973e-20
3.92928e-20
4.18741e-20
4.3556e-20
4.43679e-20
4.43524e-20
4.35636e-20
4.20658e-20
3.99311e-20
3.7238e-20
3.40696e-20
3.05118e-20
2.66516e-20
2.25757e-20
1.83688e-20
1.41121e-20
9.88282e-21
5.75235e-21
1.78586e-21
-1.95857e-21
-5.43047e-21
-8.58735e-21
-1.13949e-20
-1.38271e-20
-1.58659e-20
-1.75016e-20
-1.87316e-20
-1.95607e-20
-2.00004e-20
-2.00678e-20
-1.97858e-20
-1.91813e-20
-1.82854e-20
-1.7132e-20
-1.57574e-20
-1.41992e-20
-1.24958e-20
-1.06858e-20
-8.80684e-21
-6.89555e-21
-4.9867e-21
-3.11282e-21
-1.30374e-21
4.13717e-22
2.016e-21
3.48303e-21
4.79832e-21
5.94903e-21
6.92595e-21
7.7234e-21
8.33915e-21
8.77418e-21
9.03252e-21
9.12092e-21
9.04862e-21
8.82699e-21
8.46923e-21
7.99001e-21
7.40514e-21
6.73122e-21
5.98531e-21
5.18461e-21
4.34617e-21
3.48658e-21
2.62175e-21
1.76668e-21
9.35241e-22
1.40029e-22
-6.07766e-22
-1.29847e-21
-1.92398e-21
-2.47782e-21
-2.95512e-21
-3.35263e-21
-3.66864e-21
-3.90294e-21
-4.05671e-21
-4.13241e-21
-4.13366e-21
-4.06513e-21
-3.93235e-21
-3.74159e-21
-3.49972e-21
-3.21402e-21
-2.89206e-21
-2.54153e-21
-2.17015e-21
-1.78547e-21
-1.3948e-21
-1.0051e-21
-6.22863e-22
-2.54052e-22
9.59716e-23
4.22501e-22
7.2152e-22
9.89728e-22
1.22455e-21
1.42414e-21
1.58735e-21
1.71372e-21
1.80344e-21
1.8573e-21
1.87665e-21
1.86333e-21
1.81961e-21
1.74813e-21
1.65182e-21
1.53387e-21
1.3976e-21
1.24644e-21
1.08387e-21
9.13321e-22
7.3815e-22
5.61582e-22
3.8666e-22
2.16209e-22
5.28033e-23
-1.01266e-22
-2.44004e-22
-3.73735e-22
-4.89104e-22
-5.89081e-22
-6.72959e-22
-7.40347e-22
-7.9115e-22
-8.2556e-22
-8.4403e-22
-8.47251e-22
-8.36125e-22
-8.11737e-22
-7.75327e-22
-7.28256e-22
-6.7198e-22
-6.08014e-22
-5.37909e-22
-4.6322e-22
-3.85482e-22
-3.06183e-22
-2.26743e-22
-1.48498e-22
-7.2677e-23
-3.93162e-25
6.73701e-23
1.29766e-22
1.86092e-22
2.35788e-22
2.78443e-22
3.13787e-22
3.4169e-22
3.62153e-22
3.75303e-22
3.81379e-22
3.80724e-22
3.73772e-22
3.61033e-22
3.43082e-22
3.20546e-22
2.94089e-22
2.64395e-22
2.32164e-22
1.98091e-22
1.62858e-22
1.27125e-22
9.15189e-23
5.66233e-23
2.29746e-23
-8.94554e-24
-3.87146e-23
-6.59723e-23
-9.04229e-23
-1.11836e-22
-1.30046e-22
-1.44952e-22
-1.56512e-22
-1.64745e-22
-1.69724e-22
-1.71569e-22
-1.70446e-22
-1.66562e-22
-1.60153e-22
-1.51486e-22
-1.40845e-22
-1.28533e-22
-1.14858e-22
-1.00134e-22
-8.46715e-23
-6.87732e-23
-5.27311e-23
-3.68208e-23
-2.12983e-23
-6.39721e-24
7.67403e-24
2.07338e-23
3.26288e-23
4.32345e-23
5.2456e-23
6.02271e-23
6.65098e-23
7.12936e-23
7.4593e-23
7.64468e-23
7.69151e-23
7.60771e-23
7.40291e-23
7.0881e-23
6.67544e-23
6.17794e-23
5.60918e-23
4.98309e-23
4.31368e-23
3.61478e-23
2.89986e-23
2.18177e-23
1.47265e-23
7.83698e-24
1.25077e-24
-4.94189e-24
-1.0663e-23
-1.58473e-23
-2.04425e-23
-2.44095e-23
-2.77219e-23
-3.0366e-23
-3.23401e-23
-3.36534e-23
-3.43259e-23
-3.43867e-23
-3.38733e-23
-3.28304e-23
-3.13086e-23
-2.93633e-23
-2.70535e-23
-2.44404e-23
-2.15865e-23
-1.85543e-23
-1.54053e-23
-1.2199e-23
-8.9924e-24
-5.83854e-24
-2.78647e-24
1.1962e-25
2.84071e-24
5.34334e-24
7.59976e-24
9.58805e-24
1.12921e-23
1.27017e-23
1.38118e-23
1.4623e-23
1.51407e-23
1.53748e-23
1.53392e-23
1.50515e-23
1.45325e-23
1.38052e-23
1.28949e-23
1.18282e-23
1.06326e-23
9.33608e-24
7.96651e-24
6.55119e-24
5.11646e-24
3.68734e-24
2.28717e-24
9.37329e-25
-3.42969e-25
-1.53689e-24
-2.63007e-24
-3.61076e-24
-4.46978e-24
-5.20057e-24
-5.79908e-24
-6.26375e-24
-6.59531e-24
-6.79665e-24
-6.87265e-24
-6.82996e-24
-6.67675e-24
-6.42255e-24
-6.07793e-24
-5.65431e-24
-5.1637e-24
-4.61844e-24
-4.03103e-24
-3.41385e-24
-2.77902e-24
-2.13817e-24
-1.5023e-24
-8.81635e-25
-2.85509e-25
2.7775e-25
8.00879e-25
1.27774e-24
1.70335e-24
2.07388e-24
2.38667e-24
2.64018e-24
2.83395e-24
2.96853e-24
3.04543e-24
3.06701e-24
3.03641e-24
2.95742e-24
2.83441e-24
2.67219e-24
2.47593e-24
2.25103e-24
2.00301e-24
1.73745e-24
1.45986e-24
1.17559e-24
8.89782e-25
6.07265e-25
3.32513e-25
6.95893e-26
-1.77895e-25
-4.06813e-25
-6.14544e-25
-7.98983e-25
-9.58542e-25
-1.09215e-24
-1.19923e-24
-1.27968e-24
-1.33384e-24
-1.36249e-24
-1.36676e-24
-1.3481e-24
-1.30829e-24
-1.24932e-24
-1.17336e-24
-1.08276e-24
-9.79941e-25
-8.67373e-25
-7.47539e-25
-6.22884e-25
-4.95778e-25
-3.68481e-25
-2.43115e-25
-1.21635e-25
-5.80878e-27
1.02801e-25
2.02852e-25
2.93224e-25
3.73033e-25
4.41621e-25
4.98563e-25
5.43648e-25
5.7688e-25
5.98455e-25
6.08752e-25
6.08313e-25
5.97823e-25
5.7809e-25
5.50026e-25
5.1462e-25
4.72924e-25
4.26025e-25
3.75029e-25
3.21039e-25
2.65139e-25
2.08376e-25
1.51746e-25
9.61775e-26
4.25248e-26
-8.44424e-27
-5.60546e-26
-9.97295e-26
-1.38994e-25
-1.73476e-25
-2.02906e-25
-2.27116e-25
-2.46033e-25
-2.5968e-25
-2.68162e-25
-2.71666e-25
-2.70447e-25
-2.64825e-25
-2.5517e-25
-2.41897e-25
-2.25454e-25
-2.06315e-25
-1.84966e-25
-1.61901e-25
-1.37611e-25
-1.12575e-25
-8.72548e-26
-6.20885e-26
-3.74831e-26
-1.38109e-26
8.5949e-27
2.9443e-26
4.84864e-26
6.55235e-26
8.03988e-26
9.30025e-26
1.03269e-25
1.11176e-25
1.16742e-25
1.20022e-25
1.21106e-25
1.20115e-25
1.17197e-25
1.12521e-25
1.06277e-25
9.86658e-26
8.99009e-26
8.02003e-26
6.97837e-26
5.8869e-26
4.76685e-26
3.63857e-26
2.52129e-26
1.43282e-26
3.89378e-27
-5.94597e-27
-1.50656e-26
-2.33594e-26
-3.07422e-26
-3.71493e-26
-4.2536e-26
-4.68777e-26
-5.01685e-26
-5.24201e-26
-5.3661e-26
-5.39344e-26
-5.32969e-26
-5.18167e-26
-4.95715e-26
-4.66468e-26
-4.3134e-26
-3.91286e-26
-3.47279e-26
-3.00298e-26
-2.51311e-26
-2.01255e-26
-1.51027e-26
-1.01471e-26
-5.33641e-27
-7.41275e-28
3.57581e-27
7.56088e-27
1.11689e-26
1.43639e-26
1.7119e-26
1.94164e-26
2.12469e-26
2.26098e-26
2.35119e-26
2.39675e-26
2.39972e-26
2.36274e-26
2.28896e-26
2.18191e-26
2.04547e-26
1.88376e-26
1.70106e-26
1.50172e-26
1.2901e-26
1.07047e-26
8.46987e-27
6.2359e-27
4.03977e-27
1.91548e-27
-1.06317e-28
-1.9986e-27
-3.7382e-27
-5.30594e-27
-6.6867e-27
-7.86942e-27
-8.84702e-27
-9.61627e-27
-1.01776e-26
-1.05348e-26
-1.06949e-26
-1.06677e-26
-1.04654e-26
-1.01026e-26
-9.59525e-27
-8.961e-27
-8.21837e-27
-7.38649e-27
-6.4848e-27
-5.53265e-27
-4.54899e-27
-3.55212e-27
-2.5594e-27
-1.58699e-27
-6.49747e-28
2.39038e-28
1.0677e-27
1.8263e-27
2.50671e-27
3.10258e-27
3.6094e-27
4.02438e-27
4.34646e-27
4.57617e-27
4.71555e-27
4.76798e-27
4.73811e-27
4.63162e-27
4.45512e-27
4.21595e-27
3.92205e-27
3.58174e-27
3.20359e-27
2.79625e-27
2.36833e-27
1.9282e-27
1.48395e-27
1.04318e-27
6.12979e-28
1.99811e-28
-1.90557e-28
-5.53098e-28
-8.83564e-28
-1.17851e-27
-1.43528e-27
-1.65205e-27
-1.82775e-27
-1.96206e-27
-2.05538e-27
-2.10874e-27
-2.12379e-27
-2.1027e-27
-2.0481e-27
-1.96302e-27
-1.85079e-27
-1.71499e-27
-1.55935e-27
-1.38772e-27
-1.20394e-27
-1.01182e-27
-8.15081e-28
-6.1727e-28
-4.21733e-28
-2.31566e-28
-4.95796e-29
1.21727e-28
2.8019e-28
4.23996e-28
5.51689e-28
6.62172e-28
7.547e-28
8.28877e-28
8.84632e-28
9.22206e-28
9.42126e-28
9.45177e-28
9.32374e-28
9.04932e-28
8.64231e-28
8.11782e-28
7.49198e-28
6.78155e-28
6.00366e-28
5.17545e-28
4.31383e-28
3.43519e-28
2.55516e-28
1.68841e-28
8.48456e-29
4.75297e-30
-7.03567e-29
-1.39554e-28
-2.02065e-28
-2.57278e-28
-3.04739e-28
-3.44151e-28
-3.7537e-28
-3.98396e-28
-4.13366e-28
-4.2054e-28
-4.20294e-28
-4.13099e-28
-3.99514e-28
-3.80168e-28
-3.55746e-28
-3.26972e-28
-2.946e-28
-2.59392e-28
-2.22112e-28
-1.83507e-28
-1.44302e-28
-1.05183e-28
-6.67937e-29
-2.9724e-29
5.49536e-30
3.83979e-29
6.85847e-29
9.57274e-29
1.19569e-28
1.39922e-28
1.5667e-28
1.69765e-28
1.79219e-28
1.85105e-28
1.87553e-28
1.86738e-28
1.82881e-28
1.76238e-28
1.67094e-28
1.55759e-28
1.4256e-28
1.27833e-28
1.11919e-28
9.51556e-29
7.78754e-29
6.0397e-29
4.30225e-29
2.60332e-29
9.68624e-30
-5.78805e-30
-2.01885e-29
-3.33443e-29
-4.51161e-29
-5.53965e-29
-6.41093e-29
-7.12092e-29
-7.66805e-29
-8.05354e-29
-8.28124e-29
-8.35733e-29
-8.29013e-29
-8.08982e-29
-7.76813e-29
-7.33806e-29
-6.81358e-29
-6.20935e-29
-5.54042e-29
-4.82198e-29
-4.06904e-29
-3.29627e-29
-2.51772e-29
-1.74665e-29
-9.95381e-30
-2.75096e-30
4.04226e-30
1.03392e-29
1.60668e-29
2.11662e-29
2.55927e-29
2.93153e-29
3.23169e-29
3.45934e-29
3.61528e-29
3.70146e-29
3.72086e-29
3.67739e-29
3.57573e-29
3.42125e-29
3.21984e-29
2.97782e-29
2.70175e-29
2.39836e-29
2.07441e-29
1.73656e-29
1.39128e-29
1.04478e-29
7.02864e-30
3.7091e-30
5.37906e-31
-2.44178e-30
-5.19269e-30
-7.6837e-30
-9.88996e-30
-1.17929e-29
-1.33802e-29
-1.46454e-29
-1.55881e-29
-1.62128e-29
-1.65295e-29
-1.65523e-29
-1.62993e-29
-1.57923e-29
-1.50557e-29
-1.41161e-29
-1.3002e-29
-1.17429e-29
-1.03688e-29
-8.90978e-30
-7.39532e-30
-5.85403e-30
-4.31316e-30
-2.79821e-30
-1.33264e-30
6.23846e-32
1.36821e-30
2.56884e-30
3.65102e-30
4.60432e-30
5.42108e-30
6.09639e-30
6.62802e-30
7.01622e-30
7.26364e-30
7.37507e-30
7.35725e-30
7.21865e-30
6.96921e-30
6.62005e-30
6.18326e-30
5.67163e-30
5.09836e-30
4.47684e-30
3.82042e-30
3.14219e-30
2.45476e-30
1.7701e-30
1.09938e-30
4.52839e-31
-1.60346e-31
-7.32121e-31
-1.25563e-30
-1.72524e-30
-2.13659e-30
-2.48654e-30
-2.77317e-30
-2.99574e-30
-3.1546e-30
-3.25115e-30
-3.28773e-30
-3.26753e-30
-3.19445e-30
-3.07307e-30
-2.90844e-30
-2.70602e-30
-2.47156e-30
-2.21097e-30
-1.93021e-30
-1.63521e-30
-1.33176e-30
-1.02542e-30
-7.21455e-31
-4.24745e-31
-1.39749e-31
1.2955e-31
3.79682e-31
6.07715e-31
8.11266e-31
9.88511e-31
1.13817e-30
1.25952e-30
1.35233e-30
1.41686e-30
1.45384e-30
1.46439e-30
1.45001e-30
1.41252e-30
1.35399e-30
1.27672e-30
1.18319e-30
1.07596e-30
9.57675e-31
8.31001e-31
6.98563e-31
5.62921e-31
4.26523e-31
2.91679e-31
1.60525e-31
3.49995e-32
-8.31722e-32
-1.92497e-31
-2.91723e-31
-3.79844e-31
-4.56102e-31
-5.19984e-31
-5.71212e-31
-6.09737e-31
-6.35725e-31
-6.49537e-31
-6.51713e-31
-6.42954e-31
-6.24094e-31
-5.96086e-31
-5.59971e-31
-5.1686e-31
-4.6791e-31
-4.143e-31
-3.57214e-31
-2.97816e-31
-2.37238e-31
-1.76558e-31
-1.16787e-31
-5.88593e-32
-3.61713e-33
4.81937e-32
9.59315e-32
1.39063e-31
1.77164e-31
2.09921e-31
2.3713e-31
2.58691e-31
2.74602e-31
2.84958e-31
2.89937e-31
2.89798e-31
2.84866e-31
2.75525e-31
2.6221e-31
2.45391e-31
2.2557e-31
2.03263e-31
1.78998e-31
1.53301e-31
1.26688e-31
9.96578e-32
7.26846e-32
4.62117e-32
2.06463e-32
-3.64543e-33
-2.63415e-32
-4.71668e-32
-6.58943e-32
-8.23464e-32
-9.63943e-32
-1.07957e-31
-1.17e-31
-1.23534e-31
-1.27607e-31
-1.29308e-31
-1.2876e-31
-1.26112e-31
-1.21543e-31
-1.15248e-31
-1.07441e-31
-9.8348e-32
-8.81997e-32
-7.72314e-32
-6.56766e-32
-5.37639e-32
-4.17132e-32
-2.9733e-32
-1.80173e-32
-6.74346e-33
3.92958e-33
1.3863e-32
2.29389e-32
3.10611e-32
3.81553e-32
4.41689e-32
4.90706e-32
5.28495e-32
5.55138e-32
5.709e-32
5.76205e-32
5.71628e-32
5.57869e-32
5.35736e-32
5.06124e-32
4.69998e-32
4.28367e-32
3.8227e-32
3.32752e-32
2.8085e-32
2.27575e-32
1.73897e-32
1.20729e-32
6.89211e-33
1.92455e-33
-2.76094e-33
-7.10457e-33
-1.1056e-32
-1.45744e-32
-1.7629e-32
-2.01985e-32
-2.22709e-32
-2.38433e-32
-2.49212e-32
-2.55181e-32
-2.56544e-32
-2.53571e-32
-2.46584e-32
-2.35953e-32
-2.22084e-32
-2.05411e-32
-1.86389e-32
-1.65481e-32
-1.43152e-32
-1.19863e-32
-9.60594e-33
-7.21685e-33
-4.85918e-33
-2.57e-33
-3.82916e-34
1.67229e-33
3.56989e-33
5.28841e-33
6.81069e-33
8.12392e-33
9.21954e-33
1.00932e-32
1.07443e-32
1.11763e-32
1.13958e-32
1.14126e-32
1.12392e-32
1.08906e-32
1.03835e-32
9.73648e-33
8.96899e-33
8.1014e-33
7.1544e-33
6.14871e-33
5.1047e-33
4.04209e-33
2.97966e-33
1.93501e-33
9.24313e-34
-3.7819e-35
-9.38517e-34
-1.76674e-33
-2.51334e-33
-3.17111e-33
-3.73477e-33
-4.20092e-33
-4.56801e-33
-4.8362e-33
-5.00732e-33
-5.08465e-33
-5.07284e-33
-4.97772e-33
-4.80614e-33
-4.56576e-33
-4.26493e-33
-3.91244e-33
-3.5174e-33
-3.08905e-33
-2.63659e-33
-2.16903e-33
-1.69509e-33
-1.22301e-33
-7.60505e-34
-3.14627e-34
1.08283e-34
5.02672e-34
8.63805e-34
1.1878e-33
1.47164e-33
1.71316e-33
1.91102e-33
2.06472e-33
2.17449e-33
2.24129e-33
2.26674e-33
2.25301e-33
2.20283e-33
2.11931e-33
2.00596e-33
1.86653e-33
1.70499e-33
1.52541e-33
1.3319e-33
1.12855e-33
9.19357e-34
7.08151e-34
4.9856e-34
2.93954e-34
9.74091e-35
-8.83284e-35
-2.60864e-34
-4.18172e-34
-5.5861e-34
-6.80916e-34
-7.8421e-34
-8.67982e-34
-9.32077e-34
-9.76678e-34
-1.00228e-33
-1.00965e-33
-9.9983e-34
-9.74063e-34
-9.33785e-34
-8.8058e-34
-8.16147e-34
-7.42263e-34
-6.6075e-34
-5.7344e-34
-4.82146e-34
-3.88633e-34
-2.94591e-34
-2.01611e-34
-1.11167e-34
-2.4597e-35
5.69091e-35
1.32321e-34
2.00774e-34
2.61575e-34
3.14198e-34
3.58289e-34
3.93658e-34
4.20268e-34
4.38233e-34
4.47801e-34
4.49344e-34
4.43345e-34
4.30379e-34
4.11101e-34
3.8623e-34
3.56532e-34
3.22802e-34
2.85856e-34
2.46508e-34
2.05563e-34
1.638e-34
1.21961e-34
8.07467e-35
4.07989e-35
2.69977e-36
-3.30362e-35
-6.59663e-35
-9.57222e-35
-1.22011e-34
-1.44618e-34
-1.63399e-34
-1.78285e-34
-1.89277e-34
-1.96438e-34
-1.99892e-34
-1.99815e-34
-1.96432e-34
-1.90008e-34
-1.80842e-34
-1.69259e-34
-1.55603e-34
-1.40232e-34
-1.23509e-34
-1.05797e-34
-8.74504e-35
-6.88148e-35
-5.02167e-35
-3.19619e-35
-1.43313e-35
2.42251e-36
1.80773e-35
3.24432e-35
4.53636e-35
5.67158e-35
6.64107e-35
7.43926e-35
8.06373e-35
8.51513e-35
8.7969e-35
8.91511e-35
8.87813e-35
8.69638e-35
8.38202e-35
7.94864e-35
7.41095e-35
6.78445e-35
6.08512e-35
5.32917e-35
4.53269e-35
3.71145e-35
2.88062e-35
2.05456e-35
1.24667e-35
4.69183e-36
-2.66942e-36
-9.52119e-36
-1.57822e-35
-2.13859e-35
-2.62812e-35
-3.04316e-35
-3.38155e-35
-3.64252e-35
-3.82664e-35
-3.93572e-35
-3.9727e-35
-3.94151e-35
-3.84698e-35
-3.69469e-35
-3.4908e-35
-3.24196e-35
-2.95513e-35
-2.63746e-35
-2.29616e-35
-1.9384e-35
-1.57112e-35
-1.20102e-35
-8.34417e-36
-4.77155e-36
-1.34566e-36
1.88601e-36
4.88219e-36
7.60812e-36
1.00357e-35
1.21436e-35
1.3917e-35
1.53478e-35
1.64338e-35
1.71789e-35
1.75922e-35
1.7688e-35
1.74846e-35
1.70043e-35
1.62727e-35
1.53177e-35
1.41692e-35
1.28585e-35
1.14176e-35
9.8786e-36
8.27317e-36
6.63212e-36
4.98489e-36
3.35918e-36
1.78055e-36
2.72184e-37
-1.14536e-36
-2.45434e-36
-3.63992e-36
-4.69025e-36
-5.59649e-36
-6.35273e-36
-6.9559e-36
-7.40571e-36
-7.70437e-36
-7.85651e-36
-7.86885e-36
-7.75003e-36
-7.5103e-36
-7.16129e-36
-6.71567e-36
-6.18694e-36
-5.58911e-36
-4.93646e-36
-4.24326e-36
-3.52356e-36
-2.79097e-36
-2.05843e-36
-1.33808e-36
-6.41086e-37
2.24796e-38
6.43735e-37
1.21506e-36
1.73014e-36
2.18401e-36
2.573e-36
2.89477e-36
3.14824e-36
3.33353e-36
3.45187e-36
3.50553e-36
3.49772e-36
3.43245e-36
3.31443e-36
3.14896e-36
2.94176e-36
2.69891e-36
2.4267e-36
2.13148e-36
1.8196e-36
1.49728e-36
1.17052e-36
8.45019e-37
5.26089e-37
2.18599e-37
-7.30795e-38
-3.45113e-37
-5.94234e-37
-8.17766e-37
-1.01362e-36
-1.1803e-36
-1.31689e-36
-1.42303e-36
-1.49888e-36
-1.5451e-36
-1.5628e-36
-1.55348e-36
-1.51902e-36
-1.46156e-36
-1.38352e-36
-1.28748e-36
-1.17618e-36
-1.05243e-36
-9.19061e-37
-7.78892e-37
-6.34676e-37
-4.89058e-37
-3.4454e-37
-2.03447e-37
-6.78997e-38
6.02057e-38
1.79217e-37
2.87738e-37
3.84632e-37
4.69029e-37
5.40321e-37
5.98155e-37
6.42422e-37
6.73246e-37
6.90968e-37
6.9612e-37
6.89412e-37
6.71705e-37
6.43988e-37
6.07351e-37
5.62967e-37
5.1206e-37
4.55885e-37
3.95708e-37
3.32776e-37
2.68309e-37
2.03469e-37
1.39357e-37
7.69868e-38
1.72832e-38
-3.89334e-38
-9.0952e-38
-1.38176e-37
-1.80126e-37
-2.1644e-37
-2.46872e-37
-2.71291e-37
-2.89672e-37
-3.02091e-37
-3.08719e-37
-3.09814e-37
-3.05706e-37
-2.96792e-37
-2.83523e-37
-2.66396e-37
-2.45937e-37
-2.22696e-37
-1.97233e-37
-1.70112e-37
-1.41887e-37
-1.13094e-37
-8.42473e-38
-5.58276e-38
-2.8279e-38
-2.00294e-39
2.26456e-38
4.53611e-38
6.58894e-38
8.40285e-38
9.96289e-38
1.12593e-37
1.22871e-37
1.30464e-37
1.35416e-37
1.37811e-37
1.37771e-37
1.35451e-37
1.31033e-37
1.24723e-37
1.16746e-37
1.07338e-37
9.67459e-38
8.52205e-38
7.30115e-38
6.03643e-38
4.75163e-38
3.46929e-38
2.21051e-38
9.94665e-39
-1.60821e-39
-1.24062e-38
-2.23161e-38
-3.123e-38
-3.9063e-38
-4.57538e-38
-5.12635e-38
-5.55756e-38
-5.86944e-38
-6.06435e-38
-6.14646e-38
-6.12153e-38
-5.99675e-38
-5.7805e-38
-5.48214e-38
-5.11179e-38
-4.68016e-38
-4.19825e-38
-3.67724e-38
-3.12822e-38
-2.56207e-38
-1.98925e-38
-1.41967e-38
-8.62568e-39
-3.26381e-39
1.81327e-39
6.53942e-39
1.08585e-38
1.47247e-38
1.81026e-38
2.0967e-38
2.3303e-38
2.51052e-38
2.63776e-38
2.71325e-38
2.73901e-38
2.71776e-38
2.65282e-38
2.54803e-38
2.40764e-38
2.23623e-38
2.0386e-38
1.81969e-38
1.58445e-38
1.33784e-38
1.08464e-38
8.29469e-39
5.76684e-39
3.3032e-39
9.40529e-40
-1.2884e-39
-3.35512e-39
-5.23562e-39
-6.91053e-39
-8.36507e-39
-9.58908e-39
-1.05769e-38
-1.13269e-38
-1.18419e-38
-1.21282e-38
-1.21954e-38
-1.20562e-38
-1.17261e-38
-1.12226e-38
-1.05649e-38
-9.77378e-39
-8.87068e-39
-7.87768e-39
-6.8169e-39
-5.71022e-39
-4.57886e-39
-3.44314e-39
-2.32215e-39
-1.23352e-39
-1.93264e-40
7.84452e-40
1.68738e-39
2.50528e-39
3.22997e-39
3.85535e-39
4.37732e-39
4.79378e-39
5.10448e-39
5.31097e-39
5.41641e-39
5.42543e-39
5.34399e-39
5.17915e-39
4.93892e-39
4.63203e-39
4.26778e-39
3.85585e-39
3.40606e-39
2.92826e-39
2.43213e-39
1.92707e-39
1.42199e-39
9.25276e-40
4.44622e-40
-1.30223e-41
-4.41528e-40
-8.35636e-40
-1.19099e-39
-1.50416e-39
-1.7726e-39
-1.99472e-39
-2.16974e-39
-2.29775e-39
-2.3796e-39
-2.41684e-39
-2.41169e-39
-2.3669e-39
-2.28572e-39
-2.1718e-39
-2.0291e-39
-1.86179e-39
-1.67421e-39
-1.47074e-39
-1.25576e-39
-1.03357e-39
-8.08284e-40
-5.83848e-40
-3.63923e-40
-1.51866e-40
4.93061e-41
2.36947e-40
4.08804e-40
5.63025e-40
6.9817e-40
8.13206e-40
9.07498e-40
9.80794e-40
1.03321e-39
1.06519e-39
1.0775e-39
1.07117e-39
1.0475e-39
1.00797e-39
9.54239e-40
8.8809e-40
8.11406e-40
7.26125e-40
6.34202e-40
5.3758e-40
4.38158e-40
3.37759e-40
2.3811e-40
1.40812e-40
4.73303e-41
-4.10272e-41
-1.23119e-40
-1.97982e-40
-2.64834e-40
-3.23072e-40
-3.72276e-40
-4.12202e-40
-4.42774e-40
-4.64078e-40
-4.76346e-40
-4.79948e-40
-4.75369e-40
-4.63203e-40
-4.44132e-40
-4.18906e-40
-3.88332e-40
-3.53256e-40
-3.14544e-40
-2.73065e-40
-2.29683e-40
-1.85236e-40
-1.40529e-40
-9.63182e-41
-5.33054e-41
-1.21282e-41
2.66471e-41
6.25301e-41
9.51089e-41
1.24053e-40
1.49112e-40
1.70118e-40
1.86977e-40
1.99672e-40
2.08257e-40
2.12849e-40
2.13624e-40
2.1081e-40
2.04681e-40
1.95547e-40
1.83749e-40
1.69652e-40
1.53634e-40
1.36083e-40
1.17385e-40
9.79255e-41
7.80719e-41
5.81805e-41
3.8582e-41
1.95831e-41
1.46015e-42
-1.55418e-41
-3.12111e-41
-4.53726e-41
-5.78876e-41
-6.86524e-41
-7.75997e-41
-8.46959e-41
-8.99409e-41
-9.33643e-41
-9.50235e-41
-9.50038e-41
-9.3412e-41
-9.03725e-41
-8.60271e-41
-8.05312e-41
-7.40488e-41
-6.67495e-41
-5.88055e-41
-5.03893e-41
-4.16704e-41
-3.28128e-41
-2.39706e-41
-1.52896e-41
-6.9042e-42
1.06499e-42
8.51289e-42
1.53484e-41
2.14973e-41
2.69007e-41
3.1518e-41
3.53211e-41
3.82989e-41
4.04541e-41
4.18021e-41
4.23725e-41
4.22043e-41
4.13467e-41
3.98571e-41
3.78014e-41
3.52497e-41
3.22747e-41
2.89536e-41
2.53635e-41
2.158e-41
1.76788e-41
1.37313e-41
9.80489e-42
5.96393e-42
2.2659e-42
-1.23595e-42
-4.49677e-42
-7.47733e-42
-1.01454e-41
-1.24758e-41
-1.4453e-41
-1.60659e-41
-1.73102e-41
-1.81903e-41
-1.87143e-41
-1.88951e-41
-1.87508e-41
-1.83052e-41
-1.75849e-41
-1.66194e-41
-1.54395e-41
-1.40788e-41
-1.2571e-41
-1.09497e-41
-9.24997e-42
-7.50395e-42
-5.74392e-42
-3.99931e-42
-2.29813e-42
-6.65617e-43
8.7441e-43
2.30233e-42
3.60134e-42
4.75881e-42
5.76354e-42
6.60992e-42
7.29376e-42
7.81364e-42
8.17097e-42
8.36996e-42
8.419e-42
8.32511e-42
8.09951e-42
7.75338e-42
7.30076e-42
6.75566e-42
6.13208e-42
5.44685e-42
4.71537e-42
3.95306e-42
3.17394e-42
2.39062e-42
1.6171e-42
8.66002e-43
1.48538e-43
-5.25487e-43
-1.14766e-42
-1.71239e-42
-2.21405e-42
-2.64705e-42
-3.00859e-42
-3.29726e-42
-3.51306e-42
-3.65739e-42
-3.73166e-42
-3.74007e-42
-3.68541e-42
-3.57331e-42
-3.40936e-42
-3.19916e-42
-2.94973e-42
-2.66667e-42
-2.35698e-42
-2.02768e-42
-1.68576e-42
-1.33684e-42
-9.87915e-43
-6.44597e-43
-3.1249e-43
4.2039e-45
3.01279e-43
5.74532e-43
8.21161e-43
1.03836e-42
1.22473e-42
1.37888e-42
1.50079e-42
1.59047e-42
1.64793e-42
1.67455e-42
1.67175e-42
1.64232e-42
1.58767e-42
1.5106e-42
1.41391e-42
1.3004e-42
1.17289e-42
1.03416e-42
8.87022e-43
7.35682e-43
5.81539e-43
4.27396e-43
2.76056e-43
1.28919e-43
-1.12104e-44
-1.41531e-43
-2.62043e-43
-3.69943e-43
-4.65231e-43
-5.47908e-43
-6.16571e-43
-6.71222e-43
-7.1186e-43
-7.37083e-43
-7.48293e-43
-7.45491e-43
-7.31478e-43
-7.06254e-43
-6.71222e-43
-6.27782e-43
-5.75934e-43
-5.17079e-43
-4.54021e-43
-3.86758e-43
-3.16693e-43
-2.45227e-43
-1.73761e-43
-1.03696e-43
-3.64338e-44
2.66247e-44
8.40779e-44
1.35926e-43
1.82169e-43
2.22806e-43
2.56438e-43
2.83062e-43
3.04082e-43
3.19496e-43
3.29305e-43
3.32108e-43
3.29305e-43
3.20897e-43
3.08286e-43
2.90069e-43
2.67648e-43
2.42425e-43
2.14399e-43
1.84971e-43
1.54143e-43
1.21913e-43
8.96831e-44
5.74532e-44
2.66247e-44
-2.8026e-45
-3.08286e-44
-5.60519e-44
-7.84727e-44
-9.94922e-44
-1.17709e-43
-1.31722e-43
-1.42932e-43
-1.5134e-43
-1.55544e-43
-1.56945e-43
-1.55544e-43
-1.5134e-43
-1.44334e-43
-1.35926e-43
-1.26117e-43
-1.14906e-43
-1.02295e-43
-8.82818e-44
-7.42688e-44
-6.02558e-44
-4.62428e-44
-3.22299e-44
-1.82169e-44
-4.2039e-45
8.40779e-45
2.10195e-44
3.22299e-44
4.2039e-44
5.04467e-44
5.74532e-44
6.30584e-44
6.72623e-44
7.00649e-44
7.14662e-44
7.14662e-44
7.00649e-44
6.72623e-44
6.30584e-44
5.74532e-44
5.1848e-44
4.62428e-44
3.92364e-44
3.22299e-44
2.52234e-44
1.82169e-44
1.12104e-44
4.2039e-45
-1.4013e-45
-7.00649e-45
-1.26117e-44
-1.68156e-44
-2.10195e-44
-2.52234e-44
-2.94273e-44
-3.22299e-44
-3.36312e-44
-3.36312e-44
-3.36312e-44
-3.36312e-44
-3.36312e-44
-3.36312e-44
-3.36312e-44
-3.36312e-44
-3.36312e-44
-3.36312e-44
-3.36312e-44
-3.36312e-44
-3.36312e-44
-3.36312e-44
-3.36312e-44
-3.36312e-44
-3.36312e-44
-3.36312e-44
-3.36312e-44
-3.36312e-44
-3.36312e-44
-3.36312e-44
-3.36312e-44
-3.36312e-44
-3.36312e-44
-3.36312e-44
-3.36312e-44
-3.36312e-44
-3.36312e-44
-3.36312e-44
-3.36312e-44
-3.36312e-44
-3.36312e-44
-3.36312e-44
-3.36312e-44
-3.36312e-44
-3.36312e-44
-3.36312e-44
-3.36312e-44
-3.36312e-44
-3.36312e-44
-3.36312e-44
-3.36312e-44
-3.36312e-44
-3.36312e-44
-3.36312e-44
-3.36312e-44
-3.36312e-44
-3.36312e-44
-3.36312e-44
-3.36312e-44
-3.36312e-44
-3.36312e-44
-3.36312e-44
-3.36312e-44
-3.36312e-44
-3.36312e-44
-3.36312e-44
-3.36312e-44
-3.36312e-44
-3.36312e-44
-3.36312e-44
-3.36312e-44
-3.36312e-44
-3.36312e-44
-3.36312e-44
-3.36312e-44
-3.36312e-44
-3.36312e-44
-3.36312e-44
-3.36312e-44
-3.36312e-44
-3.36312e-44
-3.36312e-44
-3.36312e-44
-3.36312e-44
-3.36312e-44
-3.36312e-44
-3.36312e-44
-3.36312e-44
-3.36312e-44
-3.36312e-44
-3.36312e-44
-3.36312e-44
-3.36312e-44
-3.36312e-44
-3.36312e-44
-3.36312e-44
-3.36312e-44
-3.36312e-44
-3.36312e-44
-3.36312e-44
-3.36312e-44
-3.36312e-44
-3.36312e-44
-3.36312e-44
-3.36312e-44
-3.36312e-44
-3.36312e-44
-3.36312e-44
-3.36312e-44
-3.36312e-44
-3.36312e-44
-3.36312e-44
-3.36312e-44
-3.36312e-44
-3.36312e-44
-3.36312e-44
-3.36312e-44
-3.36312e-44
-3.36312e-44
-3.36312e-44
-3.36312e-44
-3.36312e-44
-3.36312e-44
-3.36312e-44
-3.36312e-44
-3.36312e-44
-3.36312e-44
-3.36312e-44
-3.36312e-44
-3.36312e-44
-3.36312e-44
-3.36312e-44
-3.36312e-44
-3.36312e-44
-3.36312e-44
-3.36312e-44
-3.36312e-44
-3.36312e-44
-3.36312e-44
-3.36312e-44
-3.36312e-44
-3.36312e-44
-3.36312e-44
-3.36312e-44
-3.36312e-44
-3.36312e-44
-3.36312e-44
-3.36312e-44
-3.36312e-44
-3.36312e-44
-3.36312e-44
-3.36312e-44
-3.36312e-44
-3.36312e-44
-3.36312e-44
-3.36312e-44
-3.36312e-44
-3.36312e-44
-3.36312e-44
-3.36312e-44
-3.36312e-44
-3.36312e-44
-3.36312e-44
-3.36312e-44
-3.36312e-44
-3.36312e-44
-3.36312e-44
-3.36312e-44
-3.36312e-44
-3.36312e-44
-3.36312e-44
-3.36312e-44
-3.36312e-44
-3.36312e-44
-3.36312e-44
-3.36312e-44
-3.36312e-44
-3.36312e-44
-3.36312e-44
-3.36312e-44
-3.36312e-44
-3.36312e-44
-3.36312e-44
-3.36312e-44
-3.36312e-44
-3.36312e-44
-3.36312e-44
-3.36312e-44
-3.36312e-44
-3.36312e-44
-3.36312e-44
-3.36312e-44
-3.36312e-44
-3.36312e-44
-3.36312e-44
-3.36312e-44
-3.36312e-44
-3.36312e-44
-3.36312e-44
-3.36312e-44
-3.36312e-44
-3.36312e-44
-3.36312e-44
-3.36312e-44
-3.36312e-44
-3.36312e-44
-3.36312e-44
-3.36312e-44
-3.36312e-44
-3.36312e-44
-3.36312e-44
-3.36312e-44
-3.36312e-44
-3.36312e-44
-3.36312e-44
-3.36312e-44
-3.36312e-44
-3.36312e-44
-3.36312e-44
-3.36312e-44
-3.36312e-44
-3.36312e-44
-3.36312e-44
-3.36312e-44
-3.36312e-44
-3.36312e-44
-3.36312e-44
-3.36312e-44
-3.36312e-44
-3.36312e-44
-3.36312e-44
-3.36312e-44
-3.36312e-44
-3.36312e-44
-3.36312e-44
-3.36312e-44
-3.36312e-44
-3.36312e-44
-3.36312e-44
-3.36312e-44
-3.36312e-44
-3.36312e-44
-3.36312e-44
-3.36312e-44
-3.36312e-44
-3.36312e-44
-3.36312e-44
-3.36312e-44
-3.36312e-44
-3.36312e-44
-3.36312e-44
-3.36312e-44
-3.36312e-44
-3.36312e-44
-3.36312e-44
-3.36312e-44
-3.36312e-44
-3.36312e-44
-3.36312e-44
-3.36312e-44
-3.36312e-44
-3.36312e-44
-3.36312e-44
-3.36312e-44
-3.36312e-44
-3.36312e-44
-3.36312e-44
-3.36312e-44
-3.36312e-44
-3.36312e-44
-3.36312e-44
-3.36312e-44
-3.36312e-44
-3.36312e-44
-3.36312e-44
-3.36312e-44
-3.36312e-44
-3.36312e-44
-3.36312e-44
-3.36312e-44
-3.36312e-44
-3.36312e-44
-3.36312e-44
-3.36312e-44
-3.36312e-44
-3.36312e-44
-3.36312e-44
-3.36312e-44
-3.36312e-44
-3.36312e-44
-3.36312e-44
-3.36312e-44
-3.36312e-44
-3.36312e-44
-3.36312e-44
-3.36312e-44
-3.36312e-44
-3.36312e-44
-3.36312e-44
-3.36312e-44
-3.36312e-44
-3.36312e-44
-3.36312e-44
-3.36312e-44
-3.36312e-44
-3.36312e-44
-3.36312e-44
-3.36312e-44
-3.36312e-44
-3.36312e-44
-3.36312e-44
-3.36312e-44
-3.36312e-44
-3.36312e-44
-3.36312e-44
-3.36312e-44
-3.36312e-44
-3.36312e-44
-3.36312e-44
-3.36312e-44
-3.36312e-44
-3.36312e-44
-3.36312e-44
-3.36312e-44
-3.36312e-44
-3.36312e-44
-3.36312e-44
-3.36312e-44
-3.36312e-44
-3.36312e-44
-3.36312e-44
-3.36312e-44
-3.36312e-44
-3.36312e-44
-3.36312e-44
-3.36312e-44
-3.36312e-44
-3.36312e-44
-3.36312e-44
-3.36312e-44
-3.36312e-44
-3.36312e-44
-3.36312e-44
-3.36312e-44
-3.36312e-44
-3.36312e-44
-3.36312e-44
-3.36312e-44
-3.36312e-44
-3.36312e-44
-3.36312e-44
-3.36312e-44
-3.36312e-44
-3.36312e-44
-3.36312e-44
-3.36312e-44
-3.36312e-44
-3.36312e-44
-3.36312e-44
-3.36312e-44
-3.36312e-44
-3.36312e-44
-3.36312e-44
-3.36312e-44
-3.36312e-44
-3.36312e-44
-3.36312e-44
-3.36312e-44
-3.36312e-44
-3.36312e-44
-3.36312e-44
-3.36312e-44
-3.36312e-44
-3.36312e-44
-3.36312e-44
-3.36312e-44
-3.36312e-44
-3.36312e-44
-3.36312e-44
-3.36312e-44
-3.36312e-44
-3.36312e-44
-3.36312e-44
-3.36312e-44
-3.36312e-44
-3.36312e-44
-3.36312e-44
-3.36312e-44
-3.36312e-44
-3.36312e-44
-3.36312e-44
-3.36312e-44
-3.36312e-44
-3.36312e-44
-3.36312e-44
-3.36312e-44
-3.36312e-44
-3.36312e-44
-3.36312e-44
-3.36312e-44
-3.36312e-44
-3.36312e-44
-3.36312e-44
-3.36312e-44
-3.36312e-44
-3.36312e-44
-3.36312e-44
-3.36312e-44
-3.36312e-44
-3.36312e-44
-3.36312e-44
-3.36312e-44
-3.36312e-44
-3.36312e-44
-3.36312e-44
-3.36312e-44
-3.36312e-44
-3.36312e-44
-3.36312e-44
-3.36312e-44
-3.36312e-44
-3.36312e-44
-3.36312e-44
-3.36312e-44
-3.36312e-44
-3.36312e-44
-3.36312e-44
-3.36312e-44
-3.36312e-44
-3.36312e-44
-3.36312e-44
-3.36312e-44
-3.36312e-44
-3.36312e-44
-3.36312e-44
-3.36312e-44
-3.36312e-44
-3.36312e-44
-3.36312e-44
-3.36312e-44
-3.36312e-44
-3.36312e-44
-3.36312e-44
-3.36312e-44
-3.36312e-44
-3.36312e-44
-3.36312e-44
-3.36312e-44
-3.36312e-44
-3.36312e-44
-3.36312e-44
-3.36312e-44
-3.36312e-44
-3.36312e-44
-3.36312e-44
-3.36312e-44
-3.36312e-44
-3.36312e-44
-3.36312e-44
-3.36312e-44
-3.36312e-44
-3.36312e-44
-3.36312e-44
-3.36312e-44
-3.36312e-44
-3.36312e-44
-3.36312e-44
-3.36312e-44
-3.36312e-44
-3.36312e-44
-3.36312e-44
-3.36312e-44
-3.36312e-44
-3.36312e-44
-3.36312e-44
-3.36312e-44
-3.36312e-44
-3.36312e-44
-3.36312e-44
-3.36312e-44
-3.36312e-44
-3.36312e-44
-3.36312e-44
-3.36312e-44
-3.36312e-44
-3.36312e-44
-3.36312e-44
-3.36312e-44
-3.36312e-44
-3.36312e-44
-3.36312e-44
-3.36312e-44
-3.36312e-44
-3.36312e-44
-3.36312e-44
-3.36312e-44
-3.36312e-44
-3.36312e-44
-3.36312e-44
-3.36312e-44
-3.36312e-44
-3.36312e-44
-3.36312e-44
-3.36312e-44
-3.36312e-44
-3.36312e-44
-3.36312e-44
-3.36312e-44
-3.36312e-44
-3.36312e-44
-3.36312e-44
-3.36312e-44
-3.36312e-44
-3.36312e-44
-3.36312e-44
-3.36312e-44
-3.36312e-44
-3.36312e-44
-3.36312e-44
-3.36312e-44
-3.36312e-44
-3.36312e-44
-3.36312e-44
-3.36312e-44
-3.36312e-44
-3.36312e-44
-3.36312e-44
-3.36312e-44
-3.36312e-44
-3.36312e-44
-3.36312e-44
-3.36312e-44
-3.36312e-44
-3.36312e-44
-3.36312e-44
-3.36312e-44
-3.36312e-44
-3.36312e-44
-3.36312e-44
-3.36312e-44
-3.36312e-44
-3.36312e-44
-3.36312e-44
-3.36312e-44
-3.36312e-44
-3.36312e-44
-3.36312e-44
-3.36312e-44
-3.36312e-44
-3.36312e-44
-3.36312e-44
-3.36312e-44
-3.36312e-44
-3.36312e-44
-3.36312e-44
-3.36312e-44
-3.36312e-44
-3.36312e-44
-3.36312e-44
-3.36312e-44
-3.36312e-44
-3.36312e-44
-3.36312e-44
-3.36312e-44
-3.36312e-44
-3.36312e-44
-3.36312e-44
-3.36312e-44
-3.36312e-44
-3.36312e-44
-3.36312e-44
-3.36312e-44
-3.36312e-44
-3.36312e-44
-3.36312e-44
-3.36312e-44
-3.36312e-44
-3.36312e-44
-3.36312e-44
-3.36312e-44
-3.36312e-44
-3.36312e-44
-3.36312e-44
-3.36312e-44
-3.36312e-44
-3.36312e-44
-3.36312e-44
-3.36312e-44
-3.36312e-44
-3.36312e-44
-3.36312e-44
-3.36312e-44
-3.36312e-44
-3.36312e-44
-3.36312e-44
-3.36312e-44
-3.36312e-44
-3.36312e-44
-3.36312e-44
-3.36312e-44
-3.36312e-44
-3.36312e-44
-3.36312e-44
-3.36312e-44
-3.36312e-44
-3.36312e-44
-3.36312e-44
-3.36312e-44
-3.36312e-44
-3.36312e-44
-3.36312e-44
-3.36312e-44
-3.36312e-44
-3.36312e-44
-3.36312e-44
-3.36312e-44
-3.36312e-44
-3.36312e-44
-3.36312e-44
-3.36312e-44
-3.36312e-44
-3.36312e-44
-3.36312e-44
-3.36312e-44
-3.36312e-44
-3.36312e-44
-3.36312e-44
-3.36312e-44
-3.36312e-44
-3.36312e-44
-3.36312e-44
-3.36312e-44
-3.36312e-44
-3.36312e-44
-3.36312e-44
-3.36312e-44
-3.36312e-44
-3.36312e-44
-3.36312e-44
-3.36312e-44
-3.36312e-44
-3.36312e-44
-3.36312e-44
-3.36312e-44
-3.36312e-44
-3.36312e-44
-3.36312e-44
-3.36312e-44
-3.36312e-44
-3.36312e-44
-3.36312e-44
-3.36312e-44
-3.36312e-44
-3.36312e-44
-3.36312e-44
-3.36312e-44
-3.36312e-44
-3.36312e-44
-3.36312e-44
-3.36312e-44
-3.36312e-44
-3.36312e-44
-3.36312e-44
-3.36312e-44
-3.36312e-44
-3.36312e-44
-3.36312e-44
-3.36312e-44
-3.36312e-44
-3.36312e-44
-3.36312e-44
-3.36312e-44
-3.36312e-44
-3.36312e-44
-3.36312e-44
-3.36312e-44
-3.36312e-44
-3.36312e-44
-3.36312e-44
-3.36312e-44
-3.36312e-44
-3.36312e-44
-3.36312e-44
-3.36312e-44
-3.36312e-44
-3.36312e-44
-3.36312e-44
-3.36312e-44
-3.36312e-44
-3.36312e-44
-3.36312e-44
-3.36312e-44
-3.36312e-44
-3.36312e-44
-3.36312e-44
-3.36312e-44
-3.36312e-44
-3.36312e-44
-3.36312e-44
-3.36312e-44
-3.36312e-44
-3.36312e-44
-3.36312e-44
-3.36312e-44
-3.36312e-44
-3.36312e-44
-3.36312e-44
-3.36312e-44
-3.36312e-44
-3.36312e-44
-3.36312e-44
-3.36312e-44
-3.36312e-44
-3.36312e-44
-3.36312e-44
-3.36312e-44
-3.36312e-44
-3.36312e-44
-3.36312e-44
-3.36312e-44
-3.36312e-44
-3.36312e-44
-3.36312e-44
-3.36312e-44
-3.36312e-44
-3.36312e-44
-3.36312e-44
-3.36312e-44
-3.36312e-44
-3.36312e-44
-3.36312e-44
-3.36312e-44
-3.36312e-44
-3.36312e-44
-3.36312e-44
-3.36312e-44
-3.36312e-44
-3.36312e-44
-3.36312e-44
-3.36312e-44
-3.36312e-44
-3.36312e-44
-3.36312e-44
-3.36312e-44
-3.36312e-44
-3.36312e-44
-3.36312e-44
-3.36312e-44
-3.36312e-44
-3.36312e-44
-3.36312e-44
-3.36312e-44
-3.36312e-44
-3.36312e-44
-3.36312e-44
-3.36312e-44
-3.36312e-44
-3.36312e-44
-3.36312e-44
-3.36312e-44
-3.36312e-44
-3.36312e-44
-3.36312e-44
-3.36312e-44
-3.36312e-44
-3.36312e-44
-3.36312e-44
-3.36312e-44
-3.36312e-44
-3.36312e-44
-3.36312e-44
-3.36312e-44
-3.36312e-44
-3.36312e-44
-3.36312e-44
-3.36312e-44
-3.36312e-44
-3.36312e-44
-3.36312e-44
-3.36312e-44
-3.36312e-44
-3.36312e-44
-3.36312e-44
-3.36312e-44
-3.36312e-44
-3.36312e-44
-3.36312e-44
-3.36312e-44
-3.36312e-44
-3.36312e-44
-3.36312e-44
-3.36312e-44
-3.36312e-44
-3.36312e-44
-3.36312e-44
-3.36312e-44
-3.36312e-44
-3.36312e-44
-3.36312e-44
-3.36312e-44
-3.36312e-44
-3.36312e-44
-3.36312e-44
-3.36312e-44
-3.36312e-44
-3.36312e-44
-3.36312e-44
-3.36312e-44
-3.36312e-44
-3.36312e-44
-3.36312e-44
-3.36312e-44
-3.36312e-44
-3.36312e-44
-3.36312e-44
-3.36312e-44
-3.36312e-44
-3.36312e-44
-3.36312e-44
-3.36312e-44
-3.36312e-44
-3.36312e-44
-3.36312e-44
-3.36312e-44
-3.36312e-44
-3.36312e-44
-3.36312e-44
-3.36312e-44
-3.36312e-44
-3.36312e-44
-3.36312e-44
-3.36312e-44
-3.36312e-44
-3.36312e-44
-3.36312e-44
-3.36312e-44
-3.36312e-44
-3.36312e-44
-3.36312e-44
-3.36312e-44
-3.36312e-44
-3.36312e-44
-3.36312e-44
-3.36312e-44
-3.36312e-44
-3.36312e-44
-3.36312e-44
-3.36312e-44
-3.36312e-44
-3.36312e-44
-3.36312e-44
-3.36312e-44
-3.36312e-44
-3.36312e-44
-3.36312e-44
-3.36312e-44
-3.36312e-44
-3.36312e-44
-3.36312e-44
-3.36312e-44
-3.36312e-44
-3.36312e-44
-3.36312e-44
-3.36312e-44
-3.36312e-44
-3.36312e-44
-3.36312e-44
-3.36312e-44
-3.36312e-44
-3.36312e-44
-3.36312e-44
-3.36312e-44
-3.36312e-44
-3.36312e-44
-3.36312e-44
-3.36312e-44
-3.36312e-44
-3.36312e-44
-3.36312e-44
-3.36312e-44
-3.36312e-44
-3.36312e-44
-3.36312e-44
-3.36312e-44
-3.36312e-44
-3.36312e-44
-3.36312e-44
-3.36312e-44
-3.36312e-44
-3.36312e-44
-3.36312e-44
-3.36312e-44
-3.36312e-44
-3.36312e-44
-3.36312e-44
-3.36312e-44
-3.36312e-44
-3.36312e-44
-3.36312e-44
-3.36312e-44
-3.36312e-44
-3.36312e-44
-3.36312e-44
-3.36312e-44
-3.36312e-44
-3.36312e-44
-3.36312e-44
-3.36312e-44
-3.36312e-44
-3.36312e-44
-3.36312e-44
-3.36312e-44
-3.36312e-44
-3.36312e-44
-3.36312e-44
-3.36312e-44
-3.36312e-44
-3.36312e-44
-3.36312e-44
-3.36312e-44
-3.36312e-44
-3.36312e-44
-3.36312e-44
-3.36312e-44
-3.36312e-44
-3.36312e-44
-3.36312e-44
-3.36312e-44
-3.36312e-44
-3.36312e-44
-3.36312e-44
-3.36312e-44
-3.36312e-44
-3.36312e-44
-3.36312e-44
-3.36312e-44
-3.36312e-44
-3.36312e-44
-3.36312e-44
-3.36312e-44
-3.36312e-44
-3.36312e-44
-3.36312e-44
-3.36312e-44
-3.36312e-44
-3.36312e-44
-3.36312e-44
-3.36312e-44
-3.36312e-44
-3.36312e-44
-3.36312e-44
-3.36312e-44
-3.36312e-44
-3.36312e-44
-3.36312e-44
-3.36312e-44
-3.36312e-44
-3.36312e-44
-3.36312e-44
-3.36312e-44
-3.36312e-44
-3.36312e-44
-3.36312e-44
-3.36312e-44
-3.36312e-44
-3.36312e-44
-3.36312e-44
-3.36312e-44
-3.36312e-44
-3.36312e-44
-3.36312e-44
-3.36312e-44
-3.36312e-44
-3.36312e-44
-3.36312e-44
-3.36312e-44
-3.36312e-44
-3.36312e-44
-3.36312e-44
-3.36312e-44
-3.36312e-44
-3.36312e-44
-3.36312e-44
-3.36312e-44
-3.36312e-44
-3.36312e-44
-3.36312e-44
-3.36312e-44
-3.36312e-44
-3.36312e-44
-3.36312e-44
-3.36312e-44
-3.36312e-44
-3.36312e-44
-3.36312e-44
-3.36312e-44
-3.36312e-44
-3.36312e-44
-3.36312e-44
-3.36312e-44
-3.36312e-44
-3.36312e-44
-3.36312e-44
-3.36312e-44
-3.36312e-44
-3.36312e-44
-3.36312e-44
-3.36312e-44
-3.36312e-44
-3.36312e-44
-3.36312e-44
-3.36312e-44
-3.36312e-44
-3.36312e-44
-3.36312e-44
-3.36312e-44
-3.36312e-44
-3.36312e-44
-3.36312e-44
-3.36312e-44
-3.36312e-44
-3.36312e-44
-3.36312e-44
-3.36312e-44
-3.36312e-44
-3.36312e-44
-3.36312e-44
-3.36312e-44
-3.36312e-44
-3.36312e-44
-3.36312e-44
-3.36312e-44
-3.36312e-44
-3.36312e-44
-3.36312e-44
-3.36312e-44
-3.36312e-44
-3.36312e-44
-3.36312e-44
-3.36312e-44
-3.36312e-44
-3.36312e-44
-3.36312e-44
-3.36312e-44
-3.36312e-44
-3.36312e-44
-3.36312e-44
-3.36312e-44
-3.36312e-44
-3.36312e-44
-3.36312e-44
-3.36312e-44
-3.36312e-44
-3.36312e-44
-3.36312e-44
-3.36312e-44
-3.36312e-44
-3.36312e-44
-3.36312e-44
-3.36312e-44
-3.36312e-44
-3.36312e-44
-3.36312e-44
-3.36312e-44
-3.36312e-44
-3.36312e-44
-3.36312e-44
-3.36312e-44
-3.36312e-44
-3.36312e-44
-3.36312e-44
-3.36312e-44
-3.36312e-44
-3.36312e-44
-3.36312e-44
-3.36312e-44
-3.36312e-44
-3.36312e-44
-3.36312e-44
-3.36312e-44
-3.36312e-44
-3.36312e-44
-3.36312e-44
-3.36312e-44
-3.36312e-44
-3.36312e-44
-3.36312e-44
-3.36312e-44
-3.36312e-44
-3.36312e-44
-3.36312e-44
-3.36312e-44
-3.36312e-44
-3.36312e-44
-3.36312e-44
-3.36312e-44
-3.36312e-44
-3.36312e-44
-3.36312e-44
-3.36312e-44
-3.36312e-44
-3.36312e-44
-3.36312e-44
-3.36312e-44
-3.36312e-44
-3.36312e-44
-3.36312e-44
-3.36312e-44
-3.36312e-44
-3.36312e-44
-3.36312e-44
-3.36312e-44
-3.36312e-44
-3.36312e-44
-3.36312e-44
-3.36312e-44
-3.36312e-44
-3.36312e-44
-3.36312e-44
-3.36312e-44
-3.36312e-44
-3.36312e-44
-3.36312e-44
-3.36312e-44
-3.36312e-44
-3.36312e-44
-3.36312e-44
-3.36312e-44
-3.36312e-44
-3.36312e-44
-3.36312e-44
-3.36312e-44
-3.36312e-44
-3.36312e-44
-3.36312e-44
-3.36312e-44
-3.36312e-44
-3.36312e-44
-3.36312e-44
-3.36312e-44
-3.36312e-44
-3.36312e-44
-3.36312e-44
-3.36312e-44
-3.36312e-44
-3.36312e-44
-3.36312e-44
-3.36312e-44
-3.36312e-44
-3.36312e-44
-3.36312e-44
-3.36312e-44
-3.36312e-44
-3.36312e-44
-3.36312e-44
-3.36312e-44
-3.36312e-44
-3.36312e-44
-3.36312e-44
-3.36312e-44
-3.36312e-44
-3.36312e-44
-3.36312e-44
-3.36312e-44
-3.36312e-44
-3.36312e-44
-3.36312e-44
-3.36312e-44
-3.36312e-44
-3.36312e-44
-3.36312e-44
-3.36312e-44
-3.36312e-44
-3.36312e-44
-3.36312e-44
-3.36312e-44
-3.36312e-44
-3.36312e-44
-3.36312e-44
-3.36312e-44
-3.36312e-44
-3.36312e-44
-3.36312e-44
-3.36312e-44
-3.36312e-44
-3.36312e-44
-3.36312e-44
-3.36312e-44
-3.36312e-44
-3.36312e-44
-3.36312e-44
-3.36312e-44
-3.36312e-44
-3.36312e-44
-3.36312e-44
-3.36312e-44
-3.36312e-44
-3.36312e-44
-3.36312e-44
-3.36312e-44
-3.36312e-44
-3.36312e-44
-3.36312e-44
-3.36312e-44
-3.36312e-44
-3.36312e-44
-3.36312e-44
-3.36312e-44
-3.36312e-44
-3.36312e-44
-3.36312e-44
-3.36312e-44
-3.36312e-44
-3.36312e-44
-3.36312e-44
-3.36312e-44
-3.36312e-44
-3.36312e-44
-3.36312e-44
-3.36312e-44
-3.36312e-44
-3.36312e-44
-3.36312e-44
-3.36312e-44
-3.36312e-44
-3.36312e-44
-3.36312e-44
-3.36312e-44
-3.36312e-44
-3.36312e-44
-3.36312e-44
-3.36312e-44
-3.36312e-44
-3.36312e-44
-3.36312e-44
-3.36312e-44
-3.36312e-44
-3.36312e-44
-3.36312e-44
-3.36312e-44
-3.36312e-44
-3.36312e-44
-3.36312e-44
-3.36312e-44
-3.36312e-44
-3.36312e-44
-3.36312e-44
-3.36312e-44
-3.36312e-44
-3.36312e-44
-3.36312e-44
-3.36312e-44
-3.36312e-44
-3.36312e-44
-3.36312e-44
-3.36312e-44
-3.36312e-44
-3.36312e-44
-3.36312e-44
-3.36312e-44
-3.36312e-44
-3.36312e-44
-3.36312e-44
-3.36312e-44
-3.36312e-44
-3.36312e-44
-3.36312e-44
-3.36312e-44
-3.36312e-44
-3.36312e-44
-3.36312e-44
-3.36312e-44
-3.36312e-44
-3.36312e-44
-3.36312e-44
-3.36312e-44
-3.36312e-44
-3.36312e-44
-3.36312e-44
-3.36312e-44
-3.36312e-44
-3.36312e-44
-3.36312e-44
-3.36312e-44
-3.36312e-44
-3.36312e-44
-3.36312e-44
-3.36312e-44
-3.36312e-44
-3.36312e-44
-3.36312e-44
-3.36312e-44
-3.36312e-44
-3.36312e-44
-3.36312e-44
-3.36312e-44
-3.36312e-44
-3.36312e-44
-3.36312e-44
-3.36312e-44
-3.36312e-44
-3.36312e-44
-3.36312e-44
-3.36312e-44
-3.36312e-44
-3.36312e-44
-3.36312e-44
-3.36312e-44
-3.36312e-44
-3.36312e-44
-3.36312e-44
-3.36312e-44
-3.36312e-44
-3.36312e-44
-3.36312e-44
-3.36312e-44
-3.36312e-44
-3.36312e-44
-3.36312e-44
-3.36312e-44
-3.36312e-44
-3.36312e-44
-3.36312e-44
-3.36312e-44
-3.36312e-44
-3.36312e-44
-3.36312e-44
-3.36312e-44
-3.36312e-44
-3.36312e-44
-3.36312e-44
-3.36312e-44
-3.36312e-44
-3.36312e-44
-3.36312e-44
-3.36312e-44
-3.36312e-44
-3.36312e-44
-3.36312e-44
-3.36312e-44
-3.36312e-44
-3.36312e-44
-3.36312e-44
-3.36312e-44
-3.36312e-44
-3.36312e-44
-3.36312e-44
-3.36312e-44
-3.36312e-44
-3.36312e-44
-3.36312e-44
-3.36312e-44
-3.36312e-44
-3.36312e-44
-3.36312e-44
-3.36312e-44
-3.36312e-44
-3.36312e-44
-3.36312e-44
-3.36312e-44
-3.36312e-44
-3.36312e-44
-3.36312e-44
-3.36312e-44
-3.36312e-44
-3.36312e-44
-3.36312e-44
-3.36312e-44
-3.36312e-44
-3.36312e-44
-3.36312e-44
-3.36312e-44
-3.36312e-44
-3.36312e-44
-3.36312e-44
-3.36312e-44
-3.36312e-44
-3.36312e-44
-3.36312e-44
-3.36312e-44
-3.36312e-44
-3.36312e-44
-3.36312e-44
-3.36312e-44
-3.36312e-44
-3.36312e-44
-3.36312e-44
-3.36312e-44
-3.36312e-44
-3.36312e-44
-3.36312e-44
-3.36312e-44
-3.36312e-44
-3.36312e-44
-3.36312e-44
-3.36312e-44
-3.36312e-44
-3.36312e-44
-3.36312e-44
-3.36312e-44
-3.36312e-44
-3.36312e-44
-3.36312e-44
-3.36312e-44
-3.36312e-44
-3.36312e-44
-3.36312e-44
-3.36312e-44
-3.36312e-44
-3.36312e-44
-3.36312e-44
-3.36312e-44
-3.36312e-44
-3.36312e-44
-3.36312e-44
-3.36312e-44
-3.36312e-44
-3.36312e-44
-3.36312e-44
-3.36312e-44
-3.36312e-44
-3.36312e-44
-3.36312e-44
-3.36312e-44
-3.36312e-44
-3.36312e-44
-3.36312e-44
-3.36312e-44
-3.36312e-44
-3.36312e-44
-3.36312e-44
-3.36312e-44
-3.36312e-44
-3.36312e-44
-3.36312e-44
-3.36312e-44
-3.36312e-44
-3.36312e-44
-3.36312e-44
-3.36312e-44
-3.36312e-44
-3.36312e-44
-3.36312e-44
-3.36312e-44
-3.36312e-44
-3.36312e-44
-3.36312e-44
-3.36312e-44
-3.36312e-44
-3.36312e-44
-3.36312e-44
-3.36312e-44
-3.36312e-44
-3.36312e-44
-3.36312e-44
-3.36312e-44
-3.36312e-44
-3.36312e-44
-3.36312e-44
-3.36312e-44
-3.36312e-44
-3.36312e-44
-3.36312e-44
-3.36312e-44
-3.36312e-44
-3.36312e-44
-3.36312e-44
-3.36312e-44
-3.36312e-44
-3.36312e-44
-3.36312e-44
-3.36312e-44
-3.36312e-44
-3.36312e-44
-3.36312e-44
-3.36312e-44
-3.36312e-44
-3.36312e-44
-3.36312e-44
-3.36312e-44
-3.36312e-44
-3.36312e-44
-3.36312e-44
-3.36312e-44
-3.36312e-44
-3.36312e-44
-3.36312e-44
-3.36312e-44
-3.36312e-44
-3.36312e-44
-3.36312e-44
-3.36312e-44
-3.36312e-44
-3.36312e-44
-3.36312e-44
-3.36312e-44
-3.36312e-44
-3.36312e-44
-3.36312e-44
-3.36312e-44
-3.36312e-44
-3.36312e-44
-3.36312e-44
-3.36312e-44
-3.36312e-44
-3.36312e-44
-3.36312e-44
-3.36312e-44
-3.36312e-44
-3.36312e-44
-3.36312e-44
-3.36312e-44
-3.36312e-44
-3.36312e-44
-3.36312e-44
-3.36312e-44
-3.36312e-44
-3.36312e-44
-3.36312e-44
-3.36312e-44
-3.36312e-44
-3.36312e-44
-3.36312e-44
-3.36312e-44
-3.36312e-44
-3.36312e-44
-3.36312e-44
-3.36312e-44
-3.36312e-44
-3.36312e-44
-3.36312e-44
-3.36312e-44
-3.36312e-44
-3.36312e-44
-3.36312e-44
-3.36312e-44
-3.36312e-44
-3.36312e-44
-3.36312e-44
-3.36312e-44
-3.36312e-44
-3.36312e-44
-3.36312e-44
-3.36312e-44
-3.36312e-44
-3.36312e-44
-3.36312e-44
-3.36312e-44
-3.36312e-44
-3.36312e-44
-3.36312e-44
-3.36312e-44
-3.36312e-44
-3.36312e-44
-3.36312e-44
-3.36312e-44
-3.36312e-44
-3.36312e-44
-3.36312e-44
-3.36312e-44
-3.36312e-44
-3.36312e-44
-3.36312e-44
-3.36312e-44
-3.36312e-44
-3.36312e-44
-3.36312e-44
-3.36312e-44
-3.36312e-44
-3.36312e-44
-3.36312e-44
-3.36312e-44
-3.36312e-44
-3.36312e-44
-3.36312e-44
-3.36312e-44
-3.36312e-44
-3.36312e-44
-3.36312e-44
-3.36312e-44
-3.36312e-44
-3.36312e-44
-3.36312e-44
-3.36312e-44
-3.36312e-44
-3.36312e-44
-3.36312e-44
-3.36312e-44
-3.36312e-44
-3.36312e-44
-3.36312e-44
-3.36312e-44
-3.36312e-44
-3.36312e-44
-3.36312e-44
-3.36312e-44
-3.36312e-44
-3.36312e-44
-3.36312e-44
-3.36312e-44
-3.36312e-44
-3.36312e-44
-3.36312e-44
-3.36312e-44
-3.36312e-44
-3.36312e-44
-3.36312e-44
-3.36312e-44
-3.36312e-44
-3.36312e-44
-3.36312e-44
-3.36312e-44
-3.36312e-44
-3.36312e-44
-3.36312e-44
-3.36312e-44
-3.36312e-44
-3.36312e-44
-3.36312e-44
-3.36312e-44
-3.36312e-44
-3.36312e-44
-3.36312e-44
-3.36312e-44
-3.36312e-44
-3.36312e-44
-3.36312e-44
-3.36312e-44
-3.36312e-44
-3.36312e-44
-3.36312e-44
-3.36312e-44
-3.36312e-44
-3.36312e-44
-3.36312e-44
-3.36312e-44
-3.36312e-44
-3.36312e-44
-3.36312e-44
-3.36312e-44
-3.36312e-44
-3.36312e-44
-3.36312e-44
-3.36312e-44
-3.36312e-44
-3.36312e-44
-3.36312e-44
-3.36312e-44
-3.36312e-44
-3.36312e-44
-3.36312e-44
-3.36312e-44
-3.36312e-44
-3.36312e-44
-3.36312e-44
-3.36312e-44
-3.36312e-44
-3.36312e-44
-3.36312e-44
-3.36312e-44
-3.36312e-44
-3.36312e-44
-3.36312e-44
-3.36312e-44
-3.36312e-44
-3.36312e-44
-3.36312e-44
-3.36312e-44
-3.36312e-44
-3.36312e-44
-3.36312e-44
-3.36312e-44
-3.36312e-44
-3.36312e-44
-3.36312e-44
-3.36312e-44
-3.36312e-44
-3.36312e-44
-3.36312e-44
-3.36312e-44
-3.36312e-44
-3.36312e-44
-3.36312e-44
-3.36312e-44
-3.36312e-44
-3.36312e-44
-3.36312e-44
-3.36312e-44
-3.36312e-44
-3.36312e-44
-3.36312e-44
-3.36312e-44
-3.36312e-44
-3.36312e-44
-3.36312e-44
-3.36312e-44
-3.36312e-44
-3.36312e-44
-3.36312e-44
-3.36312e-44
-3.36312e-44
-3.36312e-44
-3.36312e-44
-3.36312e-44
-3.36312e-44
-3.36312e-44
-3.36312e-44
-3.36312e-44
-3.36312e-44
-3.36312e-44
-3.36312e-44
-3.36312e-44
-3.36312e-44
-3.36312e-44
-3.36312e-44
-3.36312e-44
-3.36312e-44
-3.36312e-44
-3.36312e-44
-3.36312e-44
-3.36312e-44
-3.36312e-44
-3.36312e-44
-3.36312e-44
-3.36312e-44
-3.36312e-44
-3.36312e-44
-3.36312e-44
-3.36312e-44
-3.36312e-44
-3.36312e-44
-3.36312e-44
-3.36312e-44
-3.36312e-44
-3.36312e-44
-3.36312e-44
-3.36312e-44
-3.36312e-44
-3.36312e-44
-3.36312e-44
-3.36312e-44
-3.36312e-44
-3.36312e-44
-3.36312e-44
-3.36312e-44
-3.36312e-44
-3.36312e-44
-3.36312e-44
-3.36312e-44
-3.36312e-44
-3.36312e-44
-3.36312e-44
-3.36312e-44
-3.36312e-44
-3.36312e-44
-3.36312e-44
-3.36312e-44
-3.36312e-44
-3.36312e-44
-3.36312e-44
-3.36312e-44
-3.36312e-44
-3.36312e-44
-3.36312e-44
-3.36312e-44
-3.36312e-44
-3.36312e-44
-3.36312e-44
-3.36312e-44
-3.36312e-44
-3.36312e-44
-3.36312e-44
-3.36312e-44
-3.36312e-44
-3.36312e-44
-3.36312e-44
-3.36312e-44
-3.36312e-44
-3.36312e-44
-3.36312e-44
-3.36312e-44
-3.36312e-44
-3.36312e-44
-3.36312e-44
-3.36312e-44
-3.36312e-44
-3.36312e-44
-3.36312e-44
-3.36312e-44
-3.36312e-44
-3.36312e-44
-3.36312e-44
-3.36312e-44
-3.36312e-44
-3.36312e-44
-3.36312e-44
-3.36312e-44
-3.36312e-44
-3.36312e-44
-3.36312e-44
-3.36312e-44
-3.36312e-44
-3.36312e-44
-3.36312e-44
-3.36312e-44
-3.36312e-44
-3.36312e-44
-3.36312e-44
-3.36312e-44
-3.36312e-44
-3.36312e-44
-3.36312e-44
-3.36312e-44
-3.36312e-44
-3.36312e-44
-3.36312e-44
-3.36312e-44
-3.36312e-44
-3.36312e-44
-3.36312e-44
-3.36312e-44
-3.36312e-44
-3.36312e-44
-3.36312e-44
-3.36312e-44
-3.36312e-44
-3.36312e-44
-3.36312e-44
-3.36312e-44
-3.36312e-44
-3.36312e-44
-3.36312e-44
-3.36312e-44
-3.36312e-44
-3.36312e-44
-3.36312e-44
-3.36312e-44
-3.36312e-44
-3.36312e-44
-3.36312e-44
-3.36312e-44
-3.36312e-44
-3.36312e-44
-3.36312e-44
-3.36312e-44
-3.36312e-44
-3.36312e-44
-3.36312e-44
-3.36312e-44
-3.36312e-44
-3.36312e-44
-3.36312e-44
-3.36312e-44
-3.36312e-44
-3.36312e-44
-3.36312e-44
-3.36312e-44
-3.36312e-44
-3.36312e-44
-3.36312e-44
-3.36312e-44
-3.36312e-44
-3.36312e-44
-3.36312e-44
-3.36312e-44
-3.36312e-44
-3.36312e-44
-3.36312e-44
-3.36312e-44
-3.36312e-44
-3.36312e-44
-3.36312e-44
-3.36312e-44
-3.36312e-44
-3.36312e-44
-3.36312e-44
-3.36312e-44
-3.36312e-44
-3.36312e-44
-3.36312e-44
-3.36312e-44
-3.36312e-44
-3.36312e-44
-3.36312e-44
-3.36312e-44
-3.36312e-44
-3.36312e-44
-3.36312e-44
-3.36312e-44
-3.36312e-44
-3.36312e-44
-3.36312e-44
-3.36312e-44
-3.36312e-44
-3.36312e-44
-3.36312e-44
-3.36312e-44
-3.36312e-44
-3.36312e-44
-3.36312e-44
-3.36312e-44
-3.36312e-44
-3.36312e-44
-3.36312e-44
-3.36312e-44
-3.36312e-44
-3.36312e-44
-3.36312e-44
-3.36312e-44
-3.36312e-44
-3.36312e-44
-3.36312e-44
-3.36312e-44
-3.36312e-44
-3.36312e-44
-3.36312e-44
-3.36312e-44
-3.36312e-44
-3.36312e-44
-3.36312e-44
-3.36312e-44
-3.36312e-44
-3.36312e-44
-3.36312e-44
-3.36312e-44
-3.36312e-44
-3.36312e-44
-3.36312e-44
-3.36312e-44
-3.36312e-44
-3.36312e-44
-3.36312e-44
-3.36312e-44
-3.36312e-44
-3.36312e-44
-3.36312e-44
-3.36312e-44
-3.36312e-44
-3.36312e-44
-3.36312e-44
-3.36312e-44
-3.36312e-44
-3.36312e-44
-3.36312e-44
-3.36312e-44
-3.36312e-44
-3.36312e-44
-3.36312e-44
-3.36312e-44
-3.36312e-44
-3.36312e-44
-3.36312e-44
-3.36312e-44
-3.36312e-44
-3.36312e-44
-3.36312e-44
-3.36312e-44
-3.36312e-44
-3.36312e-44
-3.36312e-44
-3.36312e-44
-3.36312e-44
-3.36312e-44
-3.36312e-44
-3.36312e-44
-3.36312e-44
-3.36312e-44
-3.36312e-44
-3.36312e-44
-3.36312e-44
-3.36312e-44
-3.36312e-44
-3.36312e-44
-3.36312e-44
-3.36312e-44
-3.36312e-44
-3.36312e-44
-3.36312e-44
-3.36312e-44
-3.36312e-44
-3.36312e-44
-3.36312e-44
-3.36312e-44
-3.36312e-44
-3.36312e-44
-3.36312e-44
-3.36312e-44
-3.36312e-44
-3.36312e-44
-3.36312e-44
-3.36312e-44
-3.36312e-44
-3.36312e-44
-3.36312e-44
-3.36312e-44
-3.36312e-44
-3.36312e-44
-3.36312e-44
-3.36312e-44
-3.36312e-44
-3.36312e-44
-3.36312e-44
-3.36312e-44
-3.36312e-44
-3.36312e-44
-3.36312e-44
-3.36312e-44
-3.36312e-44
-3.36312e-44
-3.36312e-44
-3.36312e-44
-3.36312e-44
-3.36312e-44
-3.36312e-44
-3.36312e-44
-3.36312e-44
-3.36312e-44
-3.36312e-44
-3.36312e-44
-3.36312e-44
-3.36312e-44
-3.36312e-44
-3.36312e-44
-3.36312e-44
-3.36312e-44
-3.36312e-44
-3.36312e-44
-3.36312e-44
-3.36312e-44
-3.36312e-44
-3.36312e-44
-3.36312e-44
-3.36312e-44
-3.36312e-44
-3.36312e-44
-3.36312e-44
-3.36312e-44
-3.36312e-44
-3.36312e-44
-3.36312e-44
-3.36312e-44
-3.36312e-44
-3.36312e-44
-3.36312e-44
-3.36312e-44
-3.36312e-44
-3.36312e-44
-3.36312e-44
-3.36312e-44
-3.36312e-44
-3.36312e-44
-3.36312e-44
-3.36312e-44
-3.36312e-44
-3.36312e-44
-3.36312e-44
-3.36312e-44
-3.36312e-44
-3.36312e-44
-3.36312e-44
-3.36312e-44
-3.36312e-44
-3.36312e-44
-3.36312e-44
-3.36312e-44
-3.36312e-44
-3.36312e-44
-3.36312e-44
-3.36312e-44
-3.36312e-44
-3.36312e-44
-3.36312e-44
-3.36312e-44
-3.36312e-44
-3.36312e-44
-3.36312e-44
-3.36312e-44
-3.36312e-44
-3.36312e-44
-3.36312e-44
-3.36312e-44
-3.36312e-44
-3.36312e-44
-3.36312e-44
-3.36312e-44
-3.36312e-44
-3.36312e-44
-3.36312e-44
-3.36312e-44
-3.36312e-44
-3.36312e-44
-3.36312e-44
-3.36312e-44
-3.36312e-44
-3.36312e-44
-3.36312e-44
-3.36312e-44
-3.36312e-44
-3.36312e-44
-3.36312e-44
-3.36312e-44
-3.36312e-44
-3.36312e-44
-3.36312e-44
-3.36312e-44
-3.36312e-44
-3.36312e-44
-3.36312e-44
-3.36312e-44
-3.36312e-44
-3.36312e-44
-3.36312e-44
-3.36312e-44
-3.36312e-44
-3.36312e-44
-3.36312e-44
-3.36312e-44
-3.36312e-44
-3.36312e-44
-3.36312e-44
-3.36312e-44
-3.36312e-44
-3.36312e-44
-3.36312e-44
-3.36312e-44
-3.36312e-44
-3.36312e-44
-3.36312e-44
-3.36312e-44
-3.36312e-44
-3.36312e-44
-3.36312e-44
-3.36312e-44
-3.36312e-44
-3.36312e-44
-3.36312e-44
-3.36312e-44
-3.36312e-44
-3.36312e-44
-3.36312e-44
-3.36312e-44
-3.36312e-44
-3.36312e-44
-3.36312e-44
-3.36312e-44
-3.36312e-44
-3.36312e-44
-3.36312e-44
-3.36312e-44
-3.36312e-44
-3.36312e-44
-3.36312e-44
-3.36312e-44
-3.36312e-44
-3.36312e-44
-3.36312e-44
-3.36312e-44
-3.36312e-44
-3.36312e-44
-3.36312e-44
-3.36312e-44
-3.36312e-44
-3.36312e-44
-3.36312e-44
-3.36312e-44
-3.36312e-44
-3.36312e-44
-3.36312e-44
-3.36312e-44
-3.36312e-44
-3.36312e-44
-3.36312e-44
-3.36312e-44
-3.36312e-44
-3.36312e-44
-3.36312e-44
-3.36312e-44
-3.36312e-44
-3.36312e-44
-3.36312e-44
-3.36312e-44
-3.36312e-44
-3.36312e-44
-3.36312e-44
-3.36312e-44
-3.36312e-44
-3.36312e-44
-3.36312e-44
-3.36312e-44
-3.36312e-44
-3.36312e-44
-3.36312e-44
-3.36312e-44
-3.36312e-44
-3.36312e-44
-3.36312e-44
-3.36312e-44
-3.36312e-44
-3.36312e-44
-3.36312e-44
-3.36312e-44
-3.36312e-44
-3.36312e-44
-3.36312e-44
-3.36312e-44
-3.36312e-44
-3.36312e-44
-3.36312e-44
-3.36312e-44
-3.36312e-44
-3.36312e-44
-3.36312e-44
-3.36312e-44
-3.36312e-44
-3.36312e-44
-3.36312e-44
-3.36312e-44
-3.36312e-44
-3.36312e-44
-3.36312e-44
-3.36312e-44
-3.36312e-44
-3.36312e-44
-3.36312e-44
-3.36312e-44
-3.36312e-44
-3.36312e-44
-3.36312e-44
-3.36312e-44
-3.36312e-44
-3.36312e-44
-3.36312e-44
-3.36312e-44
-3.36312e-44
-3.36312e-44
-3.36312e-44
-3.36312e-44
-3.36312e-44
-3.36312e-44
-3.36312e-44
-3.36312e-44
-3.36312e-44
-3.36312e-44
-3.36312e-44
-3.36312e-44
-3.36312e-44
-3.36312e-44
-3.36312e-44
-3.36312e-44
-3.36312e-44
-3.36312e-44
-3.36312e-44
-3.36312e-44
-3.36312e-44
-3.36312e-44
-3.36312e-44
-3.36312e-44
-3.36312e-44
-3.36312e-44
-3.36312e-44
-3.36312e-44
-3.36312e-44
-3.36312e-44
-3.36312e-44
-3.36312e-44
-3.36312e-44
-3.36312e-44
-3.36312e-44
-3.36312e-44
-3.36312e-44
-3.36312e-44
-3.36312e-44
-3.36312e-44
-3.36312e-44
-3.36312e-44
-3.36312e-44
-3.36312e-44
-3.36312e-44
-3.36312e-44
-3.36312e-44
-3.36312e-44
-3.36312e-44
-3.36312e-44
-3.36312e-44
-3.36312e-44
-3.36312e-44
-3.36312e-44
-3.36312e-44
-3.36312e-44
-3.36312e-44
-3.36312e-44
-3.36312e-44
-3.36312e-44
-3.36312e-44
-3.36312e-44
-3.36312e-44
-3.36312e-44
-3.36312e-44
-3.36312e-44
-3.36312e-44
-3.36312e-44
-3.36312e-44
-3.36312e-44
-3.36312e-44
-3.36312e-44
-3.36312e-44
-3.36312e-44
-3.36312e-44
-3.36312e-44
-3.36312e-44
-3.36312e-44
-3.36312e-44
-3.36312e-44
-3.36312e-44
-3.36312e-44
-3.36312e-44
-3.36312e-44
-3.36312e-44
-3.36312e-44
-3.36312e-44
-3.36312e-44
-3.36312e-44
-3.36312e-44
-3.36312e-44
-3.36312e-44
-3.36312e-44
-3.36312e-44
-3.36312e-44
-3.36312e-44
-3.36312e-44
-3.36312e-44
-3.36312e-44
-3.36312e-44
-3.36312e-44
-3.36312e-44
-3.36312e-44
-3.36312e-44
-3.36312e-44
-3.36312e-44
-3.36312e-44
-3.36312e-44
-3.36312e-44
-3.36312e-44
-3.36312e-44
-3.36312e-44
-3.36312e-44
-3.36312e-44
-3.36312e-44
-3.36312e-44
-3.36312e-44
-3.36312e-44
-3.36312e-44
-3.36312e-44
-3.36312e-44
-3.36312e-44
-3.36312e-44
-3.36312e-44
-3.36312e-44
-3.36312e-44
-3.36312e-44
-3.36312e-44
-3.36312e-44
-3.36312e-44
-3.36312e-44
-3.36312e-44
-3.36312e-44
-3.36312e-44
-3.36312e-44
-3.36312e-44
-3.36312e-44
-3.36312e-44
-3.36312e-44
-3.36312e-44
-3.36312e-44
-3.36312e-44
-3.36312e-44
-3.36312e-44
-3.36312e-44
-3.36312e-44
-3.36312e-44
-3.36312e-44
-3.36312e-44
-3.36312e-44
-3.36312e-44
-3.36312e-44
-3.36312e-44
-3.36312e-44
-3.36312e-44
-3.36312e-44
-3.36312e-44
-3.36312e-44
-3.36312e-44
-3.36312e-44
-3.36312e-44
-3.36312e-44
-3.36312e-44
-3.36312e-44
-3.36312e-44
-3.36312e-44
-3.36312e-44
-3.36312e-44
-3.36312e-44
-3.36312e-44
-3.36312e-44
-3.36312e-44
-3.36312e-44
-3.36312e-44
-3.36312e-44
-3.36312e-44
-3.36312e-44
-3.36312e-44
-3.36312e-44
-3.36312e-44
-3.36312e-44
-3.36312e-44
-3.36312e-44
-3.36312e-44
-3.36312e-44
-3.36312e-44
-3.36312e-44
-3.36312e-44
-3.36312e-44
-3.36312e-44
-3.36312e-44
-3.36312e-44
-3.36312e-44
-3.36312e-44
-3.36312e-44
-3.36312e-44
-3.36312e-44
-3.36312e-44
-3.36312e-44
-3.36312e-44
-3.36312e-44
-3.36312e-44
-3.36312e-44
-3.36312e-44
-3.36312e-44
-3.36312e-44
-3.36312e-44
-3.36312e-44
-3.36312e-44
-3.36312e-44
-3.36312e-44
-3.36312e-44
-3.36312e-44
-3.36312e-44
-3.36312e-44
-3.36312e-44
-3.36312e-44
-3.36312e-44
-3.36312e-44
-3.36312e-44
-3.36312e-44
-3.36312e-44
-3.36312e-44
-3.36312e-44
-3.36312e-44
-3.36312e-44
-3.36312e-44
-3.36312e-44
-3.36312e-44
-3.36312e-44
-3.36312e-44
-3.36312e-44
-3.36312e-44
-3.36312e-44
-3.36312e-44
-3.36312e-44
-3.36312e-44
-3.36312e-44
-3.36312e-44
-3.36312e-44
-3.36312e-44
-3.36312e-44
-3.36312e-44
-3.36312e-44
-3.36312e-44
-3.36312e-44
-3.36312e-44
-3.36312e-44
-3.36312e-44
-3.36312e-44
-3.36312e-44
-3.36312e-44
-3.36312e-44
-3.36312e-44
-3.36312e-44
-3.36312e-44
-3.36312e-44
-3.36312e-44
-3.36312e-44
-3.36312e-44
-3.36312e-44
-3.36312e-44
-3.36312e-44
-3.36312e-44
-3.36312e-44
-3.36312e-44
-3.36312e-44
-3.36312e-44
-3.36312e-44
-3.36312e-44
-3.36312e-44
-3.36312e-44
-3.36312e-44
-3.36312e-44
-3.36312e-44
-3.36312e-44
-3.36312e-44
-3.36312e-44
-3.36312e-44
-3.36312e-44
-3.36312e-44
-3.36312e-44
-3.36312e-44
-3.36312e-44
-3.36312e-44
-3.36312e-44
-3.36312e-44
-3.36312e-44
-3.36312e-44
-3.36312e-44
-3.36312e-44
-3.36312e-44
-3.36312e-44
-3.36312e-44
-3.36312e-44
-3.36312e-44
-3.36312e-44
-3.36312e-44
-3.36312e-44
-3.36312e-44
-3.36312e-44
-3.36312e-44
-3.36312e-44
-3.36312e-44
-3.36312e-44
-3.36312e-44
-3.36312e-44
-3.36312e-44
-3.36312e-44
-3.36312e-44
-3.36312e-44
-3.36312e-44
-3.36312e-44
-3.36312e-44
-3.36312e-44
-3.36312e-44
-3.36312e-44
-3.36312e-44
-3.36312e-44
-3.36312e-44
-3.36312e-44
-3.36312e-44
-3.36312e-44
-3.36312e-44
-3.36312e-44
-3.36312e-44
-3.36312e-44
-3.36312e-44
-3.36312e-44
-3.36312e-44
-3.36312e-44
-3.36312e-44
-3.36312e-44
-3.36312e-44
-3.36312e-44
-3.36312e-44
-3.36312e-44
-3.36312e-44
-3.36312e-44
-3.36312e-44
-3.36312e-44
-3.36312e-44
-3.36312e-44
-3.36312e-44
-3.36312e-44
-3.36312e-44
-3.36312e-44
-3.36312e-44
-3.36312e-44
-3.36312e-44
-3.36312e-44
-3.36312e-44
-3.36312e-44
-3.36312e-44
-3.36312e-44
-3.36312e-44
-3.36312e-44
-3.36312e-44
-3.36312e-44
-3.36312e-44
-3.36312e-44
-3.36312e-44
-3.36312e-44
-3.36312e-44
-3.36312e-44
-3.36312e-44
-3.36312e-44
-3.36312e-44
-3.36312e-44
-3.36312e-44
-3.36312e-44
-3.36312e-44
-3.36312e-44
-3.36312e-44
-3.36312e-44
-3.36312e-44
-3.36312e-44
-3.36312e-44
-3.36312e-44
-3.36312e-44
-3.36312e-44
-3.36312e-44
-3.36312e-44
-3.36312e-44
-3.36312e-44
-3.36312e-44
-3.36312e-44
-3.36312e-44
-3.36312e-44
-3.36312e-44
-3.36312e-44
-3.36312e-44
-3.36312e-44
-3.36312e-44
-3.36312e-44
-3.36312e-44
-3.36312e-44
-3.36312e-44
-3.36312e-44
-3.36312e-44
-3.36312e-44
-3.36312e-44
-3.36312e-44
-3.36312e-44
-3.36312e-44
-3.36312e-44
-3.36312e-44
-3.36312e-44
-3.36312e-44
-3.36312e-44
-3.36312e-44
-3.36312e-44
-3.36312e-44
-3.36312e-44
-3.36312e-44
-3.36312e-44
-3.36312e-44
-3.36312e-44
-3.36312e-44
-3.36312e-44
-3.36312e-44
-3.36312e-44
-3.36312e-44
-3.36312e-44
-3.36312e-44
-3.36312e-44
-3.36312e-44
-3.36312e-44
-3.36312e-44
-3.36312e-44
-3.36312e-44
-3.36312e-44
-3.36312e-44
-3.36312e-44
-3.36312e-44
-3.36312e-44
-3.36312e-44
-3.36312e-44
-3.36312e-44
-3.36312e-44
-3.36312e-44
-3.36312e-44
-3.36312e-44
-3.36312e-44
-3.36312e-44
-3.36312e-44
-3.36312e-44
-3.36312e-44
-3.36312e-44
-3.36312e-44
-3.36312e-44
-3.36312e-44
-3.36312e-44
-3.36312e-44
-3.36312e-44
-3.36312e-44
-3.36312e-44
-3.36312e-44
-3.36312e-44
-3.36312e-44
-3.36312e-44
-3.36312e-44
-3.36312e-44
-3.36312e-44
-3.36312e-44
-3.36312e-44
-3.36312e-44
-3.36312e-44
-3.36312e-44
-3.36312e-44
-3.36312e-44
-3.36312e-44
-3.36312e-44
-3.36312e-44
-3.36312e-44
-3.36312e-44
-3.36312e-44
-3.36312e-44
-3.36312e-44
-3.36312e-44
-3.36312e-44
-3.36312e-44
-3.36312e-44
-3.36312e-44
-3.36312e-44
-3.36312e-44
-3.36312e-44
-3.36312e-44
-3.36312e-44
-3.36312e-44
-3.36312e-44
-3.36312e-44
-3.36312e-44
-3.36312e-44
-3.36312e-44
-3.36312e-44
-3.36312e-44
-3.36312e-44
-3.36312e-44
-3.36312e-44
-3.36312e-44
-3.36312e-44
-3.36312e-44
-3.36312e-44
-3.36312e-44
-3.36312e-44
-3.36312e-44
-3.36312e-44
-3.36312e-44
-3.36312e-44
-3.36312e-44
-3.36312e-44
-3.36312e-44
-3.36312e-44
-3.36312e-44
-3.36312e-44
-3.36312e-44
-3.36312e-44
-3.36312e-44
-3.36312e-44
-3.36312e-44
-3.36312e-44
-3.36312e-44
-3.36312e-44
-3.36312e-44
-3.36312e-44
-3.36312e-44
-3.36312e-44
-3.36312e-44
-3.36312e-44
-3.36312e-44
-3.36312e-44
-3.36312e-44
-3.36312e-44
-3.36312e-44
-3.36312e-44
-3.36312e-44
-3.36312e-44
-3.36312e-44
-3.36312e-44
-3.36312e-44
-3.36312e-44
-3.36312e-44
-3.36312e-44
-3.36312e-44
-3.36312e-44
-3.36312e-44
-3.36312e-44
-3.36312e-44
-3.36312e-44
-3.36312e-44
-3.36312e-44
-3.36312e-44
-3.36312e-44
-3.36312e-44
-3.36312e-44
-3.36312e-44
-3.36312e-44
-3.36312e-44
-3.36312e-44
-3.36312e-44
-3.36312e-44
-3.36312e-44
-3.36312e-44
-3.36312e-44
-3.36312e-44
-3.36312e-44
-3.36312e-44
-3.36312e-44
-3.36312e-44
-3.36312e-44
-3.36312e-44
-3.36312e-44
-3.36312e-44
-3.36312e-44
-3.36312e-44
-3.36312e-44
-3.36312e-44
-3.36312e-44
-3.36312e-44
-3.36312e-44
-3.36312e-44
-3.36312e-44
-3.36312e-44
-3.36312e-44
-3.36312e-44
-3.36312e-44
-3.36312e-44
-3.36312e-44
-3.36312e-44
-3.36312e-44
-3.36312e-44
-3.36312e-44
-3.36312e-44
-3.36312e-44
-3.36312e-44
-3.36312e-44
-3.36312e-44
-3.36312e-44
-3.36312e-44
-3.36312e-44
-3.36312e-44
-3.36312e-44
-3.36312e-44
-3.36312e-44
-3.36312e-44
-3.36312e-44
-3.36312e-44
-3.36312e-44
-3.36312e-44
-3.36312e-44
-3.36312e-44
-3.36312e-44
-3.36312e-44
-3.36312e-44
-3.36312e-44
-3.36312e-44
-3.36312e-44
-3.36312e-44
-3.36312e-44
-3.36312e-44
-3.36312e-44
-3.36312e-44
-3.36312e-44
-3.36312e-44
-3.36312e-44
-3.36312e-44
-3.36312e-44
-3.36312e-44
-3.36312e-44
-3.36312e-44
-3.36312e-44
-3.36312e-44
-3.36312e-44
-3.36312e-44
-3.36312e-44
-3.36312e-44
-3.36312e-44
-3.36312e-44
-3.36312e-44
-3.36312e-44
-3.36312e-44
-3.36312e-44
-3.36312e-44
-3.36312e-44
-3.36312e-44
-3.36312e-44
-3.36312e-44
-3.36312e-44
-3.36312e-44
-3.36312e-44
-3.36312e-44
-3.36312e-44
-3.36312e-44
-3.36312e-44
-3.36312e-44
-3.36312e-44
-3.36312e-44
-3.36312e-44
-3.36312e-44
-3.36312e-44
-3.36312e-44
-3.36312e-44
-3.36312e-44
-3.36312e-44
-3.36312e-44
-3.36312e-44
-3.36312e-44
-3.36312e-44
-3.36312e-44
-3.36312e-44
-3.36312e-44
-3.36312e-44
-3.36312e-44
-3.36312e-44
-3.36312e-44
-3.36312e-44
-3.36312e-44
-3.36312e-44
-3.36312e-44
-3.36312e-44
-3.36312e-44
-3.36312e-44
-3.36312e-44
-3.36312e-44
-3.36312e-44
-3.36312e-44
-3.36312e-44
-3.36312e-44
-3.36312e-44
-3.36312e-44
-3.36312e-44
-3.36312e-44
-3.36312e-44
-3.36312e-44
-3.36312e-44
-3.36312e-44
-3.36312e-44
-3.36312e-44
-3.36312e-44
-3.36312e-44
-3.36312e-44
-3.36312e-44
-3.36312e-44
-3.36312e-44
-3.36312e-44
-3.36312e-44
-3.36312e-44
-3.36312e-44
-3.36312e-44
-3.36312e-44
-3.36312e-44
-3.36312e-44
-3.36312e-44
-3.36312e-44
-3.36312e-44
-3.36312e-44
-3.36312e-44
-3.36312e-44
-3.36312e-44
-3.36312e-44
-3.36312e-44
-3.36312e-44
-3.36312e-44
-3.36312e-44
-3.36312e-44
-3.36312e-44
-3.36312e-44
-3.36312e-44
-3.36312e-44
-3.36312e-44
-3.36312e-44
-3.36312e-44
-3.36312e-44
-3.36312e-44
-3.36312e-44
-3.36312e-44
-3.36312e-44
-3.36312e-44
-3.36312e-44
-3.36312e-44
-3.36312e-44
-3.36312e-44
-3.36312e-44
-3.36312e-44
-3.36312e-44
-3.36312e-44
-3.36312e-44
-3.36312e-44
-3.36312e-44
-3.36312e-44
-3.36312e-44
-3.36312e-44
-3.36312e-44
-3.36312e-44
-3.36312e-44
-3.36312e-44
-3.36312e-44
-3.36312e-44
-3.36312e-44
-3.36312e-44
-3.36312e-44
-3.36312e-44
-3.36312e-44
-3.36312e-44
-3.36312e-44
-3.36312e-44
-3.36312e-44
-3.36312e-44
-3.36312e-44
-3.36312e-44
-3.36312e-44
-3.36312e-44
-3.36312e-44
-3.36312e-44
-3.36312e-44
-3.36312e-44
-3.36312e-44
-3.36312e-44
-3.36312e-44
-3.36312e-44
-3.36312e-44
-3.36312e-44
-3.36312e-44
-3.36312e-44
-3.36312e-44
-3.36312e-44
-3.36312e-44
-3.36312e-44
-3.36312e-44
-3.36312e-44
-3.36312e-44
-3.36312e-44
-3.36312e-44
-3.36312e-44
-3.36312e-44
-3.36312e-44
-3.36312e-44
-3.36312e-44
-3.36312e-44
-3.36312e-44
-3.36312e-44
-3.36312e-44
-3.36312e-44
-3.36312e-44
-3.36312e-44
-3.36312e-44
-3.36312e-44
-3.36312e-44
-3.36312e-44
-3.36312e-44
-3.36312e-44
-3.36312e-44
-3.36312e-44
-3.36312e-44
-3.36312e-44
-3.36312e-44
-3.36312e-44
-3.36312e-44
-3.36312e-44
-3.36312e-44
-3.36312e-44
-3.36312e-44
-3.36312e-44
-3.36312e-44
-3.36312e-44
-3.36312e-44
-3.36312e-44
-3.36312e-44
-3.36312e-44
-3.36312e-44
-3.36312e-44
-3.36312e-44
-3.36312e-44
-3.36312e-44
-3.36312e-44
-3.36312e-44
-3.36312e-44
-3.36312e-44
-3.36312e-44
-3.36312e-44
-3.36312e-44
-3.36312e-44
-3.36312e-44
-3.36312e-44
-3.36312e-44
-3.36312e-44
-3.36312e-44
-3.36312e-44
-3.36312e-44
-3.36312e-44
-3.36312e-44
-3.36312e-44
-3.36312e-44
-3.36312e-44
-3.36312e-44
-3.36312e-44
-3.36312e-44
-3.36312e-44
-3.36312e-44
-3.36312e-44
-3.36312e-44
-3.36312e-44
-3.36312e-44
-3.36312e-44
-3.36312e-44
-3.36312e-44
-3.36312e-44
-3.36312e-44
-3.36312e-44
-3.36312e-44
-3.36312e-44
-3.36312e-44
-3.36312e-44
-3.36312e-44
-3.36312e-44
-3.36312e-44
-3.36312e-44
-3.36312e-44
-3.36312e-44
-3.36312e-44
-3.36312e-44
-3.36312e-44
-3.36312e-44
-3.36312e-44
-3.36312e-44
-3.36312e-44
-3.36312e-44
-3.36312e-44
-3.36312e-44
-3.36312e-44
-3.36312e-44
-3.36312e-44
-3.36312e-44
-3.36312e-44
-3.36312e-44
-3.36312e-44
-3.36312e-44
-3.36312e-44
-3.36312e-44
-3.36312e-44
-3.36312e-44
-3.36312e-44
-3.36312e-44
-3.36312e-44
-3.36312e-44
-3.36312e-44
-3.36312e-44
-3.36312e-44
-3.36312e-44
-3.36312e-44
-3.36312e-44
-3.36312e-44
-3.36312e-44
-3.36312e-44
-3.36312e-44
-3.36312e-44
-3.36312e-44
-3.36312e-44
-3.36312e-44
-3.36312e-44
-3.36312e-44
-3.36312e-44
-3.36312e-44
-3.36312e-44
-3.36312e-44
-3.36312e-44
-3.36312e-44
-3.36312e-44
-3.36312e-44
-3.36312e-44
-3.36312e-44
-3.36312e-44
-3.36312e-44
-3.36312e-44
-3.36312e-44
-3.36312e-44
-3.36312e-44
-3.36312e-44
-3.36312e-44
-3.36312e-44
-3.36312e-44
-3.36312e-44
-3.36312e-44
-3.36312e-44
-3.36312e-44
-3.36312e-44
-3.36312e-44
-3.36312e-44
-3.36312e-44
-3.36312e-44
-3.36312e-44
-3.36312e-44
-3.36312e-44
-3.36312e-44
-3.36312e-44
-3.36312e-44
-3.36312e-44
-3.36312e-44
-3.36312e-44
-3.36312e-44
-3.36312e-44
-3.36312e-44
-3.36312e-44
-3.36312e-44
-3.36312e-44
-3.36312e-44
-3.36312e-44
-3.36312e-44
-3.36312e-44
-3.36312e-44
-3.36312e-44
-3.36312e-44
-3.36312e-44
-3.36312e-44
-3.36312e-44
-3.36312e-44
-3.36312e-44
-3.36312e-44
-3.36312e-44
-3.36312e-44
-3.36312e-44
-3.36312e-44
-3.36312e-44
-3.36312e-44
-3.36312e-44
-3.36312e-44
-3.36312e-44
-3.36312e-44
-3.36312e-44
-3.36312e-44
-3.36312e-44
-3.36312e-44
-3.36312e-44
-3.36312e-44
-3.36312e-44
-3.36312e-44
-3.36312e-44
-3.36312e-44
-3.36312e-44
-3.36312e-44
-3.36312e-44
-3.36312e-44
-3.36312e-44
-3.36312e-44
-3.36312e-44
-3.36312e-44
-3.36312e-44
-3.36312e-44
-3.36312e-44
-3.36312e-44
-3.36312e-44
-3.36312e-44
-3.36312e-44
-3.36312e-44
-3.36312e-44
-3.36312e-44
-3.36312e-44
-3.36312e-44
-3.36312e-44
-3.36312e-44
-3.36312e-44
-3.36312e-44
-3.36312e-44
-3.36312e-44
-3.36312e-44
-3.36312e-44
-3.36312e-44
-3.36312e-44
-3.36312e-44
-3.36312e-44
-3.36312e-44
-3.36312e-44
-3.36312e-44
-3.36312e-44
-3.36312e-44
-3.36312e-44
-3.36312e-44
-3.36312e-44
-3.36312e-44
-3.36312e-44
-3.36312e-44
-3.36312e-44
-3.36312e-44
-3.36312e-44
-3.36312e-44
-3.36312e-44
-3.36312e-44
-3.36312e-44
-3.36312e-44
-3.36312e-44
-3.36312e-44
-3.36312e-44
-3.36312e-44
-3.36312e-44
-3.36312e-44
-3.36312e-44
-3.36312e-44
-3.36312e-44
-3.36312e-44
-3.36312e-44
-3.36312e-44
-3.36312e-44
-3.36312e-44
-3.36312e-44
-3.36312e-44
-3.36312e-44
-3.36312e-44
-3.36312e-44
-3.36312e-44
-3.36312e-44
-3.36312e-44
-3.36312e-44
-3.36312e-44
-3.36312e-44
-3.36312e-44
-3.36312e-44
-3.36312e-44
-3.36312e-44
-3.36312e-44
-3.36312e-44
-3.36312e-44
-3.36312e-44
-3.36312e-44
-3.36312e-44
-3.36312e-44
-3.36312e-44
-3.36312e-44
-3.36312e-44
-3.36312e-44
-3.36312e-44
-3.36312e-44
-3.36312e-44
-3.36312e-44
-3.36312e-44
-3.36312e-44
-3.36312e-44
-3.36312e-44
-3.36312e-44
-3.36312e-44
-3.36312e-44
-3.36312e-44
-3.36312e-44
-3.36312e-44
-3.36312e-44
-3.36312e-44
-3.36312e-44
-3.36312e-44
-3.36312e-44
-3.36312e-44
-3.36312e-44
-3.36312e-44
-3.36312e-44
-3.36312e-44
-3.36312e-44
-3.36312e-44
-3.36312e-44
-3.36312e-44
-3.36312e-44
-3.36312e-44
-3.36312e-44
-3.36312e-44
-3.36312e-44
-3.36312e-44
-3.36312e-44
-3.36312e-44
-3.36312e-44
-3.36312e-44
-3.36312e-44
-3.36312e-44
-3.36312e-44
-3.36312e-44
-3.36312e-44
-3.36312e-44
-3.36312e-44
-3.36312e-44
-3.36312e-44
-3.36312e-44
-3.36312e-44
-3.36312e-44
-3.36312e-44
-3.36312e-44
-3.36312e-44
-3.36312e-44
-3.36312e-44
-3.36312e-44
-3.36312e-44
-3.36312e-44
-3.36312e-44
-3.36312e-44
-3.36312e-44
-3.36312e-44
-3.36312e-44
-3.36312e-44
-3.36312e-44
-3.36312e-44
-3.36312e-44
-3.36312e-44
-3.36312e-44
-3.36312e-44
-3.36312e-44
-3.36312e-44
-3.36312e-44
-3.36312e-44
-3.36312e-44
-3.36312e-44
-3.36312e-44
-3.36312e-44
-3.36312e-44
-3.36312e-44
-3.36312e-44
-3.36312e-44
-3.36312e-44
-3.36312e-44
-3.36312e-44
-3.36312e-44
-3.36312e-44
-3.36312e-44
-3.36312e-44
-3.36312e-44
-3.36312e-44
-3.36312e-44
-3.36312e-44
-3.36312e-44
-3.36312e-44
-3.36312e-44
-3.36312e-44
-3.36312e-44
-3.36312e-44
-3.36312e-44
-3.36312e-44
-3.36312e-44
-3.36312e-44
-3.36312e-44
-3.36312e-44
-3.36312e-44
-3.36312e-44
-3.36312e-44
-3.36312e-44
-3.36312e-44
-3.36312e-44
-3.36312e-44
-3.36312e-44
-3.36312e-44
-3.36312e-44
-3.36312e-44
-3.36312e-44
-3.36312e-44
-3.36312e-44
-3.36312e-44
-3.36312e-44
-3.36312e-44
-3.36312e-44
-3.36312e-44
-3.36312e-44
-3.36312e-44
-3.36312e-44
-3.36312e-44
-3.36312e-44
-3.36312e-44
-3.36312e-44
-3.36312e-44
-3.36312e-44
-3.36312e-44
-3.36312e-44
-3.36312e-44
-3.36312e-44
-3.36312e-44
-3.36312e-44
-3.36312e-44
-3.36312e-44
-3.36312e-44
-3.36312e-44
-3.36312e-44
-3.36312e-44
-3.36312e-44
-3.36312e-44
-3.36312e-44
-3.36312e-44
-3.36312e-44
-3.36312e-44
-3.36312e-44
-3.36312e-44
-3.36312e-44
-3.36312e-44
-3.36312e-44
-3.36312e-44
-3.36312e-44
-3.36312e-44
-3.36312e-44
-3.36312e-44
-3.36312e-44
-3.36312e-44
-3.36312e-44
-3.36312e-44
-3.36312e-44
-3.36312e-44
-3.36312e-44
-3.36312e-44
-3.36312e-44
-3.36312e-44
-3.36312e-44
-3.36312e-44
-3.36312e-44
-3.36312e-44
-3.36312e-44
-3.36312e-44
-3.36312e-44
-3.36312e-44
-3.36312e-44
-3.36312e-44
-3.36312e-44
-3.36312e-44
-3.36312e-44
-3.36312e-44
-3.36312e-44
-3.36312e-44
-3.36312e-44
-3.36312e-44
-3.36312e-44
-3.36312e-44
-3.36312e-44
-3.36312e-44
-3.36312e-44
-3.36312e-44
-3.36312e-44
-3.36312e-44
-3.36312e-44
-3.36312e-44
-3.36312e-44
-3.36312e-44
-3.36312e-44
-3.36312e-44
-3.36312e-44
-3.36312e-44
-3.36312e-44
-3.36312e-44
-3.36312e-44
-3.36312e-44
-3.36312e-44
-3.36312e-44
-3.36312e-44
-3.36312e-44
-3.36312e-44
-3.36312e-44
-3.36312e-44
-3.36312e-44
-3.36312e-44
-3.36312e-44
-3.36312e-44
-3.36312e-44
-3.36312e-44
-3.36312e-44
-3.36312e-44
-3.36312e-44
-3.36312e-44
-3.36312e-44
-3.36312e-44
-3.36312e-44
-3.36312e-44
-3.36312e-44
-3.36312e-44
-3.36312e-44
-3.36312e-44
-3.36312e-44
-3.36312e-44
-3.36312e-44
-3.36312e-44
-3.36312e-44
-3.36312e-44
-3.36312e-44
-3.36312e-44
-3.36312e-44
-3.36312e-44
-3.36312e-44
-3.36312e-44
-3.36312e-44
-3.36312e-44
-3.36312e-44
-3.36312e-44
-3.36312e-44
-3.36312e-44
-3.36312e-44
-3.36312e-44
-3.36312e-44
-3.36312e-44
-3.36312e-44
-3.36312e-44
-3.36312e-44
-3.36312e-44
-3.36312e-44
-3.36312e-44
-3.36312e-44
-3.36312e-44
-3.36312e-44
-3.36312e-44
-3.36312e-44
-3.36312e-44
-3.36312e-44
-3.36312e-44
-3.36312e-44
-3.36312e-44
-3.36312e-44
-3.36312e-44
-3.36312e-44
-3.36312e-44
-3.36312e-44
-3.36312e-44
-3.36312e-44
-3.36312e-44
-3.36312e-44
-3.36312e-44
-3.36312e-44
-3.36312e-44
-3.36312e-44
-3.36312e-44
-3.36312e-44
-3.36312e-44
-3.36312e-44
-3.36312e-44
-3.36312e-44
-3.36312e-44
-3.36312e-44
-3.36312e-44
-3.36312e-44
-3.36312e-44
-3.36312e-44
-3.36312e-44
-3.36312e-44
-3.36312e-44
-3.36312e-44
-3.36312e-44
-3.36312e-44
-3.36312e-44
-3.36312e-44
-3.36312e-44
-3.36312e-44
-3.36312e-44
-3.36312e-44
-3.36312e-44
-3.36312e-44
-3.36312e-44
-3.36312e-44
-3.36312e-44
-3.36312e-44
-3.36312e-44
-3.36312e-44
-3.36312e-44
-3.36312e-44
-3.36312e-44
-3.36312e-44
-3.36312e-44
-3.36312e-44
-3.36312e-44
-3.36312e-44
-3.36312e-44
-3.36312e-44
-3.36312e-44
-3.36312e-44
-3.36312e-44
-3.36312e-44
-3.36312e-44
-3.36312e-44
-3.36312e-44
-3.36312e-44
-3.36312e-44
-3.36312e-44
-3.36312e-44
-3.36312e-44
-3.36312e-44
-3.36312e-44
-3.36312e-44
-3.36312e-44
-3.36312e-44
-3.36312e-44
-3.36312e-44
-3.36312e-44
-3.36312e-44
-3.36312e-44
-3.36312e-44
-3.36312e-44
-3.36312e-44
-3.36312e-44
-3.36312e-44
-3.36312e-44
-3.36312e-44
-3.36312e-44
-3.36312e-44
-3.36312e-44
-3.36312e-44
-3.36312e-44
-3.36312e-44
-3.36312e-44
-3.36312e-44
-3.36312e-44
-3.36312e-44
-3.36312e-44
-3.36312e-44
-3.36312e-44
-3.36312e-44
-3.36312e-44
-3.36312e-44
-3.36312e-44
-3.36312e-44
-3.36312e-44
-3.36312e-44
-3.36312e-44
-3.36312e-44
-3.36312e-44
-3.36312e-44
-3.36312e-44
-3.36312e-44
-3.36312e-44
-3.36312e-44
-3.36312e-44
-3.36312e-44
-3.36312e-44
-3.36312e-44
-3.36312e-44
-3.36312e-44
-3.36312e-44
-3.36312e-44
-3.36312e-44
-3.36312e-44
-3.36312e-44
-3.36312e-44
-3.36312e-44
-3.36312e-44
-3.36312e-44
-3.36312e-44
-3.36312e-44
-3.36312e-44
-3.36312e-44
-3.36312e-44
-3.36312e-44
-3.36312e-44
-3.36312e-44
-3.36312e-44
-3.36312e-44
-3.36312e-44
-3.36312e-44
-3.36312e-44
-3.36312e-44
-3.36312e-44
-3.36312e-44
-3.36312e-44
-3.36312e-44
-3.36312e-44
-3.36312e-44
-3.36312e-44
-3.36312e-44
-3.36312e-44
-3.36312e-44
-3.36312e-44
-3.36312e-44
-3.36312e-44
-3.36312e-44
-3.36312e-44
-3.36312e-44
-3.36312e-44
-3.36312e-44
-3.36312e-44
-3.36312e-44
-3.36312e-44
-3.36312e-44
-3.36312e-44
-3.36312e-44
-3.36312e-44
-3.36312e-44
-3.36312e-44
-3.36312e-44
-3.36312e-44
-3.36312e-44
-3.36312e-44
-3.36312e-44
-3.36312e-44
-3.36312e-44
-3.36312e-44
-3.36312e-44
-3.36312e-44
-3.36312e-44
-3.36312e-44
-3.36312e-44
-3.36312e-44
-3.36312e-44
-3.36312e-44
-3.36312e-44
-3.36312e-44
-3.36312e-44
-3.36312e-44
-3.36312e-44
-3.36312e-44
-3.36312e-44
-3.36312e-44
-3.36312e-44
-3.36312e-44
-3.36312e-44
-3.36312e-44
-3.36312e-44
-3.36312e-44
-3.36312e-44
-3.36312e-44
-3.36312e-44
-3.36312e-44
-3.36312e-44
-3.36312e-44
-3.36312e-44
-3.36312e-44
-3.36312e-44
-3.36312e-44
-3.36312e-44
-3.36312e-44
-3.36312e-44
-3.36312e-44
-3.36312e-44
-3.36312e-44
-3.36312e-44
-3.36312e-44
-3.36312e-44
-3.36312e-44
-3.36312e-44
-3.36312e-44
-3.36312e-44
-3.36312e-44
-3.36312e-44
-3.36312e-44
-3.36312e-44
-3.36312e-44
-3.36312e-44
-3.36312e-44
-3.36312e-44
-3.36312e-44
-3.36312e-44
-3.36312e-44
-3.36312e-44
-3.36312e-44
-3.36312e-44
-3.36312e-44
-3.36312e-44
-3.36312e-44
-3.36312e-44
-3.36312e-44
-3.36312e-44
-3.36312e-44
-3.36312e-44
-3.36312e-44
-3.36312e-44
-3.36312e-44
-3.36312e-44
-3.36312e-44
-3.36312e-44
-3.36312e-44
-3.36312e-44
-3.36312e-44
-3.36312e-44
-3.36312e-44
-3.36312e-44
-3.36312e-44
-3.36312e-44
-3.36312e-44
-3.36312e-44
-3.36312e-44
-3.36312e-44
-3.36312e-44
-3.36312e-44
-3.36312e-44
-3.36312e-44
-3.36312e-44
-3.36312e-44
-3.36312e-44
-3.36312e-44
-3.36312e-44
-3.36312e-44
-3.36312e-44
-3.36312e-44
-3.36312e-44
-3.36312e-44
-3.36312e-44
-3.36312e-44
-3.36312e-44
-3.36312e-44
-3.36312e-44
-3.36312e-44
-3.36312e-44
-3.36312e-44
-3.36312e-44
-3.36312e-44
-3.36312e-44
-3.36312e-44
-3.36312e-44
-3.36312e-44
-3.36312e-44
-3.36312e-44
-3.36312e-44
-3.36312e-44
-3.36312e-44
-3.36312e-44
-3.36312e-44
-3.36312e-44
-3.36312e-44
-3.36312e-44
-3.36312e-44
-3.36312e-44
-3.36312e-44
-3.36312e-44
-3.36312e-44
-3.36312e-44
-3.36312e-44
-3.36312e-44
-3.36312e-44
-3.36312e-44
-3.36312e-44
-3.36312e-44
-3.36312e-44
-3.36312e-44
-3.36312e-44
-3.36312e-44
-3.36312e-44
-3.36312e-44
-3.36312e-44
-3.36312e-44
-3.36312e-44
-3.36312e-44
-3.36312e-44
-3.36312e-44
-3.36312e-44
-3.36312e-44
-3.36312e-44
-3.36312e-44
-3.36312e-44
-3.36312e-44
-3.36312e-44
-3.36312e-44
-3.36312e-44
-3.36312e-44
-3.36312e-44
-3.36312e-44
-3.36312e-44
-3.36312e-44
-3.36312e-44
-3.36312e-44
-3.36312e-44
-3.36312e-44
-3.36312e-44
-3.36312e-44
-3.36312e-44
-3.36312e-44
-3.36312e-44
-3.36312e-44
-3.36312e-44
-3.36312e-44
-3.36312e-44
-3.36312e-44
-3.36312e-44
-3.36312e-44
-3.36312e-44
-3.36312e-44
-3.36312e-44
-3.36312e-44
-3.36312e-44
-3.36312e-44
-3.36312e-44
-3.36312e-44
-3.36312e-44
-3.36312e-44
-3.36312e-44
-3.36312e-44
-3.36312e-44
-3.36312e-44
-3.36312e-44
-3.36312e-44
-3.36312e-44
-3.36312e-44
-3.36312e-44
-3.36312e-44
-3.36312e-44
-3.36312e-44
-3.36312e-44
-3.36312e-44
-3.36312e-44
-3.36312e-44
-3.36312e-44
-3.36312e-44
-3.36312e-44
-3.36312e-44
-3.36312e-44
-3.36312e-44
-3.36312e-44
-3.36312e-44
-3.36312e-44
-3.36312e-44
-3.36312e-44
-3.36312e-44
-3.36312e-44
-3.36312e-44
-3.36312e-44
-3.36312e-44
-3.36312e-44
-3.36312e-44
-3.36312e-44
-3.36312e-44
-3.36312e-44
-3.36312e-44
-3.36312e-44
-3.36312e-44
-3.36312e-44
-3.36312e-44
-3.36312e-44
-3.36312e-44
-3.36312e-44
-3.36312e-44
-3.36312e-44
-3.36312e-44
-3.36312e-44
-3.36312e-44
-3.36312e-44
-3.36312e-44
-3.36312e-44
-3.36312e-44
-3.36312e-44
-3.36312e-44
-3.36312e-44
-3.36312e-44
-3.36312e-44
-3.36312e-44
-3.36312e-44
-3.36312e-44
-3.36312e-44
-3.36312e-44
-3.36312e-44
-3.36312e-44
-3.36312e-44
-3.36312e-44
-3.36312e-44
-3.36312e-44
-3.36312e-44
-3.36312e-44
-3.36312e-44
-3.36312e-44
-3.36312e-44
-3.36312e-44
-3.36312e-44
-3.36312e-44
-3.36312e-44
-3.36312e-44
-3.36312e-44
-3.36312e-44
-3.36312e-44
-3.36312e-44
-3.36312e-44
-3.36312e-44
-3.36312e-44
-3.36312e-44
-3.36312e-44
-3.36312e-44
-3.36312e-44
-3.36312e-44
-3.36312e-44
-3.36312e-44
-3.36312e-44
-3.36312e-44
-3.36312e-44
-3.36312e-44
-3.36312e-44
-3.36312e-44
-3.36312e-44
-3.36312e-44
-3.36312e-44
-3.36312e-44
-3.36312e-44
-3.36312e-44
-3.36312e-44
-3.36312e-44
-3.36312e-44
-3.36312e-44
-3.36312e-44
-3.36312e-44
-3.36312e-44
-3.36312e-44
-3.36312e-44
-3.36312e-44
-3.36312e-44
-3.36312e-44
-3.36312e-44
-3.36312e-44
-3.36312e-44
-3.36312e-44
-3.36312e-44
-3.36312e-44
-3.36312e-44
-3.36312e-44
-3.36312e-44
-3.36312e-44
-3.36312e-44
-3.36312e-44
-3.36312e-44
-3.36312e-44
-3.36312e-44
-3.36312e-44
-3.36312e-44
-3.36312e-44
-3.36312e-44
-3.36312e-44
-3.36312e-44
-3.36312e-44
-3.36312e-44
-3.36312e-44
-3.36312e-44
-3.36312e-44
-3.36312e-44
-3.36312e-44
-3.36312e-44
-3.36312e-44
-3.36312e-44
-3.36312e-44
-3.36312e-44
-3.36312e-44
-3.36312e-44
-3.36312e-44
-3.36312e-44
-3.36312e-44
-3.36312e-44
-3.36312e-44
-3.36312e-44
-3.36312e-44
-3.36312e-44
-3.36312e-44
-3.36312e-44
-3.36312e-44
-3.36312e-44
-3.36312e-44
-3.36312e-44
-3.36312e-44
-3.36312e-44
-3.36312e-44
-3.36312e-44
-3.36312e-44
-3.36312e-44
-3.36312e-44
-3.36312e-44
-3.36312e-44
-3.36312e-44
-3.36312e-44
-3.36312e-44
-3.36312e-44
-3.36312e-44
-3.36312e-44
-3.36312e-44
-3.36312e-44
-3.36312e-44
-3.36312e-44
-3.36312e-44
-3.36312e-44
-3.36312e-44
-3.36312e-44
-3.36312e-44
-3.36312e-44
-3.36312e-44
-3.36312e-44
-3.36312e-44
-3.36312e-44
-3.36312e-44
-3.36312e-44
-3.36312e-44
-3.36312e-44
-3.36312e-44
-3.36312e-44
-3.36312e-44
-3.36312e-44
-3.36312e-44
-3.36312e-44
-3.36312e-44
-3.36312e-44
-3.36312e-44
-3.36312e-44
-3.36312e-44
-3.36312e-44
-3.36312e-44
-3.36312e-44
-3.36312e-44
-3.36312e-44
-3.36312e-44
-3.36312e-44
-3.36312e-44
-3.36312e-44
-3.36312e-44
-3.36312e-44
-3.36312e-44
-3.36312e-44
-3.36312e-44
-3.36312e-44
-3.36312e-44
-3.36312e-44
-3.36312e-44
-3.36312e-44
-3.36312e-44
-3.36312e-44
-3.36312e-44
-3.36312e-44
-3.36312e-44
-3.36312e-44
-3.36312e-44
-3.36312e-44
-3.36312e-44
-3.36312e-44
-3.36312e-44
-3.36312e-44
-3.36312e-44
-3.36312e-44
-3.36312e-44
-3.36312e-44
-3.36312e-44
-3.36312e-44
-3.36312e-44
-3.36312e-44
-3.36312e-44
-3.36312e-44
-3.36312e-44
-3.36312e-44
-3.36312e-44
-3.36312e-44
-3.36312e-44
-3.36312e-44
-3.36312e-44
-3.36312e-44
-3.36312e-44
-3.36312e-44
-3.36312e-44
-3.36312e-44
-3.36312e-44
-3.36312e-44
-3.36312e-44
-3.36312e-44
-3.36312e-44
-3.36312e-44
-3.36312e-44
-3.36312e-44
-3.36312e-44
-3.36312e-44
-3.36312e-44
-3.36312e-44
-3.36312e-44
-3.36312e-44
-3.36312e-44
-3.36312e-44
-3.36312e-44
-3.36312e-44
-3.36312e-44
-3.36312e-44
-3.36312e-44
-3.36312e-44
-3.36312e-44
-3.36312e-44
-3.36312e-44
-3.36312e-44
-3.36312e-44
-3.36312e-44
-3.36312e-44
-3.36312e-44
-3.36312e-44
-3.36312e-44
-3.36312e-44
-3.36312e-44
-3.36312e-44
-3.36312e-44
-3.36312e-44
-3.36312e-44
-3.36312e-44
-3.36312e-44
-3.36312e-44
-3.36312e-44
-3.36312e-44
-3.36312e-44
-3.36312e-44
-3.36312e-44
-3.36312e-44
-3.36312e-44
-3.36312e-44
-3.36312e-44
-3.36312e-44
-3.36312e-44
-3.36312e-44
-3.36312e-44
-3.36312e-44
-3.36312e-44
-3.36312e-44
-3.36312e-44
-3.36312e-44
-3.36312e-44
-3.36312e-44
-3.36312e-44
-3.36312e-44
-3.36312e-44
-3.36312e-44
-3.36312e-44
-3.36312e-44
-3.36312e-44
-3.36312e-44
-3.36312e-44
-3.36312e-44
-3.36312e-44
-3.36312e-44
-3.36312e-44
-3.36312e-44
-3.36312e-44
-3.36312e-44
-3.36312e-44
-3.36312e-44
-3.36312e-44
-3.36312e-44
-3.36312e-44
-3.36312e-44
-3.36312e-44
-3.36312e-44
-3.36312e-44
-3.36312e-44
-3.36312e-44
-3.36312e-44
-3.36312e-44
-3.36312e-44
-3.36312e-44
-3.36312e-44
-3.36312e-44
-3.36312e-44
-3.36312e-44
-3.36312e-44
-3.36312e-44
-3.36312e-44
-3.36312e-44
-3.36312e-44
-3.36312e-44
-3.36312e-44
-3.36312e-44
-3.36312e-44
-3.36312e-44
-3.36312e-44
-3.36312e-44
-3.36312e-44
-3.36312e-44
-3.36312e-44
-3.36312e-44
-3.36312e-44
-3.36312e-44
-3.36312e-44
-3.36312e-44
-3.36312e-44
-3.36312e-44
-3.36312e-44
-3.36312e-44
-3.36312e-44
-3.36312e-44
-3.36312e-44
-3.36312e-44
-3.36312e-44
-3.36312e-44
-3.36312e-44
-3.36312e-44
-3.36312e-44
-3.36312e-44
-3.36312e-44
-3.36312e-44
-3.36312e-44
-3.36312e-44
-3.36312e-44
-3.36312e-44
-3.36312e-44
-3.36312e-44
-3.36312e-44
-3.36312e-44
-3.36312e-44
-3.36312e-44
-3.36312e-44
-3.36312e-44
-3.36312e-44
-3.36312e-44
-3.36312e-44
-3.36312e-44
-3.36312e-44
-3.36312e-44
-3.36312e-44
-3.36312e-44
-3.36312e-44
-3.36312e-44
-3.36312e-44
-3.36312e-44
-3.36312e-44
-3.36312e-44
-3.36312e-44
-3.36312e-44
-3.36312e-44
-3.36312e-44
-3.36312e-44
-3.36312e-44
-3.36312e-44
-3.36312e-44
-3.36312e-44
-3.36312e-44
-3.36312e-44
-3.36312e-44
-3.36312e-44
-3.36312e-44
-3.36312e-44
-3.36312e-44
-3.36312e-44
-3.36312e-44
-3.36312e-44
-3.36312e-44
-3.36312e-44
-3.36312e-44
-3.36312e-44
-3.36312e-44
-3.36312e-44
-3.36312e-44
-3.36312e-44
-3.36312e-44
-3.36312e-44
-3.36312e-44
-3.36312e-44
-3.36312e-44
-3.36312e-44
-3.36312e-44
-3.36312e-44
-3.36312e-44
-3.36312e-44
-3.36312e-44
-3.36312e-44
-3.36312e-44
-3.36312e-44
-3.36312e-44
-3.36312e-44
-3.36312e-44
-3.36312e-44
-3.36312e-44
-3.36312e-44
-3.36312e-44
-3.36312e-44
-3.36312e-44
-3.36312e-44
-3.36312e-44
-3.36312e-44
-3.36312e-44
-3.36312e-44
-3.36312e-44
-3.36312e-44
-3.36312e-44
-3.36312e-44
-3.36312e-44
-3.36312e-44
-3.36312e-44
-3.36312e-44
-3.36312e-44
-3.36312e-44
-3.36312e-44
-3.36312e-44
-3.36312e-44
-3.36312e-44
-3.36312e-44
-3.36312e-44
-3.36312e-44
-3.36312e-44
-3.36312e-44
-3.36312e-44
-3.36312e-44
-3.36312e-44
-3.36312e-44
-3.36312e-44
-3.36312e-44
-3.36312e-44
-3.36312e-44
-3.36312e-44
-3.36312e-44
-3.36312e-44
-3.36312e-44
-3.36312e-44
-3.36312e-44
-3.36312e-44
-3.36312e-44
-3.36312e-44
-3.36312e-44
-3.36312e-44
-3.36312e-44
-3.36312e-44
-3.36312e-44
-3.36312e-44
-3.36312e-44
-3.36312e-44
-3.36312e-44
-3.36312e-44
-3.36312e-44
-3.36312e-44
-3.36312e-44
-3.36312e-44
-3.36312e-44
-3.36312e-44
-3.36312e-44
-3.36312e-44
-3.36312e-44
-3.36312e-44
-3.36312e-44
-3.36312e-44
-3.36312e-44
-3.36312e-44
-3.36312e-44
-3.36312e-44
-3.36312e-44
-3.36312e-44
-3.36312e-44
-3.36312e-44
-3.36312e-44
-3.36312e-44
-3.36312e-44
-3.36312e-44
-3.36312e-44
-3.36312e-44
-3.36312e-44
-3.36312e-44
-3.36312e-44
-3.36312e-44
-3.36312e-44
-3.36312e-44
-3.36312e-44
-3.36312e-44
-3.36312e-44
-3.36312e-44
-3.36312e-44
-3.36312e-44
-3.36312e-44
-3.36312e-44
-3.36312e-44
-3.36312e-44
-3.36312e-44
-3.36312e-44
-3.36312e-44
-3.36312e-44
-3.36312e-44
-3.36312e-44
-3.36312e-44
-3.36312e-44
-3.36312e-44
-3.36312e-44
-3.36312e-44
-3.36312e-44
-3.36312e-44
-3.36312e-44
-3.36312e-44
-3.36312e-44
-3.36312e-44
-3.36312e-44
-3.36312e-44
-3.36312e-44
-3.36312e-44
-3.36312e-44
-3.36312e-44
-3.36312e-44
-3.36312e-44
-3.36312e-44
-3.36312e-44
-3.36312e-44
-3.36312e-44
-3.36312e-44
-3.36312e-44
-3.36312e-44
-3.36312e-44
-3.36312e-44
-3.36312e-44
-3.36312e-44
-3.36312e-44
-3.36312e-44
-3.36312e-44
-3.36312e-44
-3.36312e-44
-3.36312e-44
-3.36312e-44
-3.36312e-44
-3.36312e-44
-3.36312e-44
-3.36312e-44
-3.36312e-44
-3.36312e-44
-3.36312e-44
-3.36312e-44
-3.36312e-44
-3.36312e-44
-3.36312e-44
-3.36312e-44
-3.36312e-44
-3.36312e-44
-3.36312e-44
-3.36312e-44
-3.36312e-44
-3.36312e-44
-3.36312e-44
-3.36312e-44
-3.36312e-44
-3.36312e-44
-3.36312e-44
-3.36312e-44
-3.36312e-44
-3.36312e-44
-3.36312e-44
-3.36312e-44
-3.36312e-44
-3.36312e-44
-3.36312e-44
-3.36312e-44
-3.36312e-44
-3.36312e-44
-3.36312e-44
-3.36312e-44
-3.36312e-44
-3.36312e-44
-3.36312e-44
-3.36312e-44
-3.36312e-44
-3.36312e-44
-3.36312e-44
-3.36312e-44
-3.36312e-44
-3.36312e-44
-3.36312e-44
-3.36312e-44
-3.36312e-44
-3.36312e-44
-3.36312e-44
-3.36312e-44
-3.36312e-44
-3.36312e-44
-3.36312e-44
-3.36312e-44
-3.36312e-44
-3.36312e-44
-3.36312e-44
-3.36312e-44
-3.36312e-44
-3.36312e-44
-3.36312e-44
-3.36312e-44
-3.36312e-44
-3.36312e-44
-3.36312e-44
-3.36312e-44
-3.36312e-44
-3.36312e-44
-3.36312e-44
-3.36312e-44
-3.36312e-44
-3.36312e-44
-3.36312e-44
-3.36312e-44
-3.36312e-44
-3.36312e-44
-3.36312e-44
-3.36312e-44
-3.36312e-44
-3.36312e-44
-3.36312e-44
-3.36312e-44
-3.36312e-44
-3.36312e-44
-3.36312e-44
-3.36312e-44
-3.36312e-44
-3.36312e-44
-3.36312e-44
-3.36312e-44
-3.36312e-44
-3.36312e-44
-3.36312e-44
-3.36312e-44
-3.36312e-44
-3.36312e-44
-3.36312e-44
-3.36312e-44
-3.36312e-44
-3.36312e-44
-3.36312e-44
-3.36312e-44
-3.36312e-44
-3.36312e-44
-3.36312e-44
-3.36312e-44
-3.36312e-44
-3.36312e-44
-3.36312e-44
-3.36312e-44
-3.36312e-44
-3.36312e-44
-3.36312e-44
-3.36312e-44
-3.36312e-44
-3.36312e-44
-3.36312e-44
-3.36312e-44
-3.36312e-44
-3.36312e-44
-3.36312e-44
-3.36312e-44
-3.36312e-44
-3.36312e-44
-3.36312e-44
-3.36312e-44
-3.36312e-44
-3.36312e-44
-3.36312e-44
-3.36312e-44
-3.36312e-44
-3.36312e-44
-3.36312e-44
-3.36312e-44
-3.36312e-44
-3.36312e-44
-3.36312e-44
-3.36312e-44
-3.36312e-44
-3.36312e-44
-3.36312e-44
-3.36312e-44
-3.36312e-44
-3.36312e-44
-3.36312e-44
-3.36312e-44
-3.36312e-44
-3.36312e-44
-3.36312e-44
-3.36312e-44
-3.36312e-44
-3.36312e-44
-3.36312e-44
-3.36312e-44
-3.36312e-44
-3.36312e-44
-3.36312e-44
-3.36312e-44
-3.36312e-44
-3.36312e-44
-3.36312e-44
-3.36312e-44
-3.36312e-44
-3.36312e-44
-3.36312e-44
-3.36312e-44
-3.36312e-44
-3.36312e-44
-3.36312e-44
-3.36312e-44
-3.36312e-44
-3.36312e-44
-3.36312e-44
-3.36312e-44
-3.36312e-44
-3.36312e-44
-3.36312e-44
-3.36312e-44
-3.36312e-44
-3.36312e-44
-3.36312e-44
-3.36312e-44
-3.36312e-44
-3.36312e-44
-3.36312e-44
-3.36312e-44
-3.36312e-44
-3.36312e-44
-3.36312e-44
-3.36312e-44
-3.36312e-44
-3.36312e-44
-3.36312e-44
-3.36312e-44
-3.36312e-44
-3.36312e-44
-3.36312e-44
-3.36312e-44
-3.36312e-44
-3.36312e-44
-3.36312e-44
-3.36312e-44
-3.36312e-44
-3.36312e-44
-3.36312e-44
-3.36312e-44
-3.36312e-44
-3.36312e-44
-3.36312e-44
-3.36312e-44
-3.36312e-44
-3.36312e-44
-3.36312e-44
-3.36312e-44
-3.36312e-44
-3.36312e-44
-3.36312e-44
-3.36312e-44
-3.36312e-44
-3.36312e-44
-3.36312e-44
-3.36312e-44
-3.36312e-44
-3.36312e-44
-3.36312e-44
-3.36312e-44
-3.36312e-44
-3.36312e-44
-3.36312e-44
-3.36312e-44
-3.36312e-44
-3.36312e-44
-3.36312e-44
-3.36312e-44
-3.36312e-44
-3.36312e-44
-3.36312e-44
-3.36312e-44
-3.36312e-44
-3.36312e-44
-3.36312e-44
-3.36312e-44
-3.36312e-44
-3.36312e-44
-3.36312e-44
-3.36312e-44
-3.36312e-44
-3.36312e-44
-3.36312e-44
-3.36312e-44
-3.36312e-44
-3.36312e-44
-3.36312e-44
-3.36312e-44
-3.36312e-44
-3.36312e-44
-3.36312e-44
-3.36312e-44
-3.36312e-44
-3.36312e-44
-3.36312e-44
-3.36312e-44
-3.36312e-44
-3.36312e-44
-3.36312e-44
-3.36312e-44
-3.36312e-44
-3.36312e-44
-3.36312e-44
-3.36312e-44
-3.36312e-44
-3.36312e-44
-3.36312e-44
-3.36312e-44
-3.36312e-44
-3.36312e-44
-3.36312e-44
-3.36312e-44
-3.36312e-44
-3.36312e-44
-3.36312e-44
-3.36312e-44
-3.36312e-44
-3.36312e-44
-3.36312e-44
-3.36312e-44
-3.36312e-44
-3.36312e-44
-3.36312e-44
-3.36312e-44
-3.36312e-44
-3.36312e-44
-3.36312e-44
-3.36312e-44
-3.36312e-44
-3.36312e-44
-3.36312e-44
-3.36312e-44
-3.36312e-44
-3.36312e-44
-3.36312e-44
-3.36312e-44
-3.36312e-44
-3.36312e-44
-3.36312e-44
-3.36312e-44
-3.36312e-44
-3.36312e-44
-3.36312e-44
-3.36312e-44
-3.36312e-44
-3.36312e-44
-3.36312e-44
-3.36312e-44
-3.36312e-44
-3.36312e-44
-3.36312e-44
-3.36312e-44
-3.36312e-44
-3.36312e-44
-3.36312e-44
-3.36312e-44
-3.36312e-44
-3.36312e-44
-3.36312e-44
-3.36312e-44
-3.36312e-44
-3.36312e-44
-3.36312e-44
-3.36312e-44
-3.36312e-44
-3.36312e-44
-3.36312e-44
-3.36312e-44
-3.36312e-44
-3.36312e-44
-3.36312e-44
-3.36312e-44
-3.36312e-44
-3.36312e-44
-3.36312e-44
-3.36312e-44
-3.36312e-44
-3.36312e-44
-3.36312e-44
-3.36312e-44
-3.36312e-44
-3.36312e-44
-3.36312e-44
-3.36312e-44
-3.36312e-44
-3.36312e-44
-3.36312e-44
-3.36312e-44
-3.36312e-44
-3.36312e-44
-3.36312e-44
-3.36312e-44
-3.36312e-44
-3.36312e-44
-3.36312e-44
-3.36312e-44
-3.36312e-44
-3.36312e-44
-3.36312e-44
-3.36312e-44
-3.36312e-44
-3.36312e-44
-3.36312e-44
-3.36312e-44
-3.36312e-44
-3.36312e-44
-3.36312e-44
-3.36312e-44
-3.36312e-44
-3.36312e-44
-3.36312e-44
-3.36312e-44
-3.36312e-44
-3.36312e-44
-3.36312e-44
-3.36312e-44
-3.36312e-44
-3.36312e-44
-3.36312e-44
-3.36312e-44
-3.36312e-44
-3.36312e-44
-3.36312e-44
-3.36312e-44
-3.36312e-44
-3.36312e-44
-3.36312e-44
-3.36312e-44
-3.36312e-44
-3.36312e-44
-3.36312e-44
-3.36312e-44
-3.36312e-44
-3.36312e-44
-3.36312e-44
-3.36312e-44
-3.36312e-44
-3.36312e-44
-3.36312e-44
-3.36312e-44
-3.36312e-44
-3.36312e-44
-3.36312e-44
-3.36312e-44
-3.36312e-44
-3.36312e-44
-3.36312e-44
-3.36312e-44
-3.36312e-44
-3.36312e-44
-3.36312e-44
-3.36312e-44
-3.36312e-44
-3.36312e-44
-3.36312e-44
-3.36312e-44
-3.36312e-44
-3.36312e-44
-3.36312e-44
-3.36312e-44
-3.36312e-44
-3.36312e-44
-3.36312e-44
-3.36312e-44
-3.36312e-44
-3.36312e-44
-3.36312e-44
-3.36312e-44
-3.36312e-44
-3.36312e-44
-3.36312e-44
-3.36312e-44
-3.36312e-44
-3.36312e-44
-3.36312e-44
-3.36312e-44
-3.36312e-44
-3.36312e-44
-3.36312e-44
-3.36312e-44
-3.36312e-44
-3.36312e-44
-3.36312e-44
-3.36312e-44
-3.36312e-44
-3.36312e-44
-3.36312e-44
-3.36312e-44
-3.36312e-44
-3.36312e-44
-3.36312e-44
-3.36312e-44
-3.36312e-44
-3.36312e-44
-3.36312e-44
-3.36312e-44
-3.36312e-44
-3.36312e-44
-3.36312e-44
-3.36312e-44
-3.36312e-44
-3.36312e-44
-3.36312e-44
-3.36312e-44
-3.36312e-44
-3.36312e-44
-3.36312e-44
-3.36312e-44
-3.36312e-44
-3.36312e-44
-3.36312e-44
-3.36312e-44
-3.36312e-44
-3.36312e-44
-3.36312e-44
-3.36312e-44
-3.36312e-44
-3.36312e-44
-3.36312e-44
-3.36312e-44
-3.36312e-44
-3.36312e-44
-3.36312e-44
-3.36312e-44
-3.36312e-44
-3.36312e-44
-3.36312e-44
-3.36312e-44
-3.36312e-44
-3.36312e-44
-3.36312e-44
-3.36312e-44
-3.36312e-44
-3.36312e-44
-3.36312e-44
-3.36312e-44
-3.36312e-44
-3.36312e-44
-3.36312e-44
-3.36312e-44
-3.36312e-44
-3.36312e-44
-3.36312e-44
-3.36312e-44
-3.36312e-44
-3.36312e-44
-3.36312e-44
-3.36312e-44
-3.36312e-44
-3.36312e-44
-3.36312e-44
-3.36312e-44
-3.36312e-44
-3.36312e-44
-3.36312e-44
-3.36312e-44
-3.36312e-44
-3.36312e-44
-3.36312e-44
-3.36312e-44
-3.36312e-44
-3.36312e-44
-3.36312e-44
-3.36312e-44
-3.36312e-44
-3.36312e-44
-3.36312e-44
-3.36312e-44
-3.36312e-44
-3.36312e-44
-3.36312e-44
-3.36312e-44
-3.36312e-44
-3.36312e-44
-3.36312e-44
-3.36312e-44
-3.36312e-44
-3.36312e-44
-3.36312e-44
-3.36312e-44
-3.36312e-44
-3.36312e-44
-3.36312e-44
-3.36312e-44
-3.36312e-44
-3.36312e-44
-3.36312e-44
-3.36312e-44
-3.36312e-44
-3.36312e-44
-3.36312e-44
-3.36312e-44
-3.36312e-44
-3.36312e-44
-3.36312e-44
-3.36312e-44
-3.36312e-44
-3.36312e-44
-3.36312e-44
-3.36312e-44
-3.36312e-44
-3.36312e-44
-3.36312e-44
-3.36312e-44
-3.36312e-44
-3.36312e-44
-3.36312e-44
-3.36312e-44
-3.36312e-44
-3.36312e-44
-3.36312e-44
-3.36312e-44
-3.36312e-44
-3.36312e-44
-3.36312e-44
-3.36312e-44
-3.36312e-44
-3.36312e-44
-3.36312e-44
-3.36312e-44
-3.36312e-44
-3.36312e-44
-3.36312e-44
-3.36312e-44
-3.36312e-44
-3.36312e-44
-3.36312e-44
-3.36312e-44
-3.36312e-44
-3.36312e-44
-3.36312e-44
-3.36312e-44
-3.36312e-44
-3.36312e-44
-3.36312e-44
-3.36312e-44
-3.36312e-44
-3.36312e-44
-3.36312e-44
-3.36312e-44
-3.36312e-44
-3.36312e-44
-3.36312e-44
-3.36312e-44
-3.36312e-44
-3.36312e-44
-3.36312e-44
-3.36312e-44
-3.36312e-44
-3.36312e-44
-3.36312e-44
-3.36312e-44
-3.36312e-44
-3.36312e-44
-3.36312e-44
-3.36312e-44
-3.36312e-44
-3.36312e-44
-3.36312e-44
-3.36312e-44
-3.36312e-44
-3.36312e-44
-3.36312e-44
-3.36312e-44
-3.36312e-44
-3.36312e-44
-3.36312e-44
-3.36312e-44
-3.36312e-44
-3.36312e-44
-3.36312e-44
-3.36312e-44
-3.36312e-44
-3.36312e-44
-3.36312e-44
-3.36312e-44
-3.36312e-44
-3.36312e-44
-3.36312e-44
-3.36312e-44
-3.36312e-44
-3.36312e-44
-3.36312e-44
-3.36312e-44
-3.36312e-44
-3.36312e-44
-3.36312e-44
-3.36312e-44
-3.36312e-44
-3.36312e-44
-3.36312e-44
-3.36312e-44
-3.36312e-44
-3.36312e-44
-3.36312e-44
-3.36312e-44
-3.36312e-44
-3.36312e-44
-3.36312e-44
-3.36312e-44
-3.36312e-44
-3.36312e-44
-3.36312e-44
-3.36312e-44
-3.36312e-44
-3.36312e-44
-3.36312e-44
-3.36312e-44
-3.36312e-44
-3.36312e-44
-3.36312e-44
-3.36312e-44
-3.36312e-44
-3.36312e-44
-3.36312e-44
-3.36312e-44
-3.36312e-44
-3.36312e-44
-3.36312e-44
-3.36312e-44
-3.36312e-44
-3.36312e-44
-3.36312e-44
-3.36312e-44
-3.36312e-44
-3.36312e-44
-3.36312e-44
-3.36312e-44
-3.36312e-44
-3.36312e-44
-3.36312e-44
-3.36312e-44
-3.36312e-44
-3.36312e-44
-3.36312e-44
-3.36312e-44
-3.36312e-44
-3.36312e-44
-3.36312e-44
-3.36312e-44
-3.36312e-44
-3.36312e-44
-3.36312e-44
-3.36312e-44
-3.36312e-44
-3.36312e-44
-3.36312e-44
-3.36312e-44
-3.36312e-44
-3.36312e-44
-3.36312e-44
-3.36312e-44
-3.36312e-44
-3.36312e-44
-3.36312e-44
-3.36312e-44
-3.36312e-44
-3.36312e-44
-3.36312e-44
-3.36312e-44
-3.36312e-44
-3.36312e-44
-3.36312e-44
-3.36312e-44
-3.36312e-44
-3.36312e-44
-3.36312e-44
-3.36312e-44
-3.36312e-44
-3.36312e-44
-3.36312e-44
-3.36312e-44
-3.36312e-44
-3.36312e-44
-3.36312e-44
-3.36312e-44
-3.36312e-44
-3.36312e-44
-3.36312e-44
-3.36312e-44
-3.36312e-44
-3.36312e-44
-3.36312e-44
-3.36312e-44
-3.36312e-44
-3.36312e-44
-3.36312e-44
-3.36312e-44
-3.36312e-44
-3.36312e-44
-3.36312e-44
-3.36312e-44
-3.36312e-44
-3.36312e-44
-3.36312e-44
-3.36312e-44
-3.36312e-44
-3.36312e-44
-3.36312e-44
-3.36312e-44
-3.36312e-44
-3.36312e-44
-3.36312e-44
-3.36312e-44
-3.36312e-44
-3.36312e-44
-3.36312e-44
-3.36312e-44
-3.36312e-44
-3.36312e-44
-3.36312e-44
-3.36312e-44
-3.36312e-44
-3.36312e-44
-3.36312e-44
-3.36312e-44
-3.36312e-44
-3.36312e-44
-3.36312e-44
-3.36312e-44
-3.36312e-44
-3.36312e-44
-3.36312e-44
-3.36312e-44
-3.36312e-44
-3.36312e-44
-3.36312e-44
-3.36312e-44
-3.36312e-44
-3.36312e-44
-3.36312e-44
-3.36312e-44
-3.36312e-44
-3.36312e-44
-3.36312e-44
-3.36312e-44
-3.36312e-44
-3.36312e-44
-3.36312e-44
-3.36312e-44
-3.36312e-44
-3.36312e-44
-3.36312e-44
-3.36312e-44
-3.36312e-44
-3.36312e-44
-3.36312e-44
-3.36312e-44
-3.36312e-44
-3.36312e-44
-3.36312e-44
-3.36312e-44
-3.36312e-44
-3.36312e-44
-3.36312e-44
-3.36312e-44
-3.36312e-44
-3.36312e-44
-3.36312e-44
-3.36312e-44
-3.36312e-44
-3.36312e-44
-3.36312e-44
-3.36312e-44
-3.36312e-44
-3.36312e-44
-3.36312e-44
-3.36312e-44
-3.36312e-44
-3.36312e-44
-3.36312e-44
-3.36312e-44
-3.36312e-44
-3.36312e-44
-3.36312e-44
-3.36312e-44
-3.36312e-44
-3.36312e-44
-3.36312e-44
-3.36312e-44
-3.36312e-44
-3.36312e-44
-3.36312e-44
-3.36312e-44
-3.36312e-44
-3.36312e-44
-3.36312e-44
-3.36312e-44
-3.36312e-44
-3.36312e-44
-3.36312e-44
-3.36312e-44
-3.36312e-44
-3.36312e-44
-3.36312e-44
-3.36312e-44
-3.36312e-44
-3.36312e-44
-3.36312e-44
-3.36312e-44
-3.36312e-44
-3.36312e-44
-3.36312e-44
-3.36312e-44
-3.36312e-44
-3.36312e-44
-3.36312e-44
-3.36312e-44
-3.36312e-44
-3.36312e-44
-3.36312e-44
-3.36312e-44
-3.36312e-44
-3.36312e-44
-3.36312e-44
-3.36312e-44
-3.36312e-44
-3.36312e-44
-3.36312e-44
-3.36312e-44
-3.36312e-44
-3.36312e-44
-3.36312e-44
-3.36312e-44
-3.36312e-44
-3.36312e-44
-3.36312e-44
-3.36312e-44
-3.36312e-44
-3.36312e-44
-3.36312e-44
-3.36312e-44
-3.36312e-44
-3.36312e-44
-3.36312e-44
-3.36312e-44
-3.36312e-44
-3.36312e-44
-3.36312e-44
-3.36312e-44
-3.36312e-44
-3.36312e-44
-3.36312e-44
-3.36312e-44
-3.36312e-44
-3.36312e-44
-3.36312e-44
-3.36312e-44
-3.36312e-44
-3.36312e-44
-3.36312e-44
-3.36312e-44
-3.36312e-44
-3.36312e-44
-3.36312e-44
-3.36312e-44
-3.36312e-44
-3.36312e-44
-3.36312e-44
-3.36312e-44
-3.36312e-44
-3.36312e-44
-3.36312e-44
-3.36312e-44
-3.36312e-44
-3.36312e-44
-3.36312e-44
-3.36312e-44
-3.36312e-44
-3.36312e-44
-3.36312e-44
-3.36312e-44
-3.36312e-44
-3.36312e-44
-3.36312e-44
-3.36312e-44
-3.36312e-44
-3.36312e-44
-3.36312e-44
-3.36312e-44
-3.36312e-44
-3.36312e-44
-3.36312e-44
-3.36312e-44
-3.36312e-44
-3.36312e-44
-3.36312e-44
-3.36312e-44
-3.36312e-44
-3.36312e-44
-3.36312e-44
-3.36312e-44
-3.36312e-44
-3.36312e-44
-3.36312e-44
-3.36312e-44
-3.36312e-44
-3.36312e-44
-3.36312e-44
-3.36312e-44
-3.36312e-44
-3.36312e-44
-3.36312e-44
-3.36312e-44
-3.36312e-44
-3.36312e-44
-3.36312e-44
-3.36312e-44
-3.36312e-44
-3.36312e-44
-3.36312e-44
-3.36312e-44
-3.36312e-44
-3.36312e-44
-3.36312e-44
-3.36312e-44
-3.36312e-44
-3.36312e-44
-3.36312e-44
-3.36312e-44
-3.36312e-44
-3.36312e-44
-3.36312e-44
-3.36312e-44
-3.36312e-44
-3.36312e-44
-3.36312e-44
-3.36312e-44
-3.36312e-44
-3.36312e-44
-3.36312e-44
-3.36312e-44
-3.36312e-44
-3.36312e-44
-3.36312e-44
-3.36312e-44
-3.36312e-44
-3.36312e-44
-3.36312e-44
-3.36312e-44
-3.36312e-44
-3.36312e-44
-3.36312e-44
-3.36312e-44
-3.36312e-44
-3.36312e-44
-3.36312e-44
-3.36312e-44
-3.36312e-44
-3.36312e-44
-3.36312e-44
-3.36312e-44
-3.36312e-44
-3.36312e-44
-3.36312e-44
-3.36312e-44
-3.36312e-44
-3.36312e-44
-3.36312e-44
-3.36312e-44
-3.36312e-44
-3.36312e-44
-3.36312e-44
-3.36312e-44
-3.36312e-44
-3.36312e-44
-3.36312e-44
-3.36312e-44
-3.36312e-44
-3.36312e-44
-3.36312e-44
-3.36312e-44
-3.36312e-44
-3.36312e-44
-3.36312e-44
-3.36312e-44
-3.36312e-44
-3.36312e-44
-3.36312e-44
-3.36312e-44
-3.36312e-44
-3.36312e-44
-3.36312e-44
-3.36312e-44
-3.36312e-44
-3.36312e-44
-3.36312e-44
-3.36312e-44
-3.36312e-44
-3.36312e-44
-3.36312e-44
-3.36312e-44
-3.36312e-44
-3.36312e-44
-3.36312e-44
-3.36312e-44
-3.36312e-44
-3.36312e-44
-3.36312e-44
-3.36312e-44
-3.36312e-44
-3.36312e-44
-3.36312e-44
-3.36312e-44
-3.36312e-44
-3.36312e-44
-3.36312e-44
-3.36312e-44
-3.36312e-44
-3.36312e-44
-3.36312e-44
-3.36312e-44
-3.36312e-44
-3.36312e-44
-3.36312e-44
-3.36312e-44
-3.36312e-44
-3.36312e-44
-3.36312e-44
-3.36312e-44
-3.36312e-44
-3.36312e-44
-3.36312e-44
-3.36312e-44
-3.36312e-44
-3.36312e-44
-3.36312e-44
-3.36312e-44
-3.36312e-44
-3.36312e-44
-3.36312e-44
-3.36312e-44
-3.36312e-44
-3.36312e-44
-3.36312e-44
-3.36312e-44
-3.36312e-44
-3.36312e-44
-3.36312e-44
-3.36312e-44
-3.36312e-44
-3.36312e-44
-3.36312e-44
-3.36312e-44
-3.36312e-44
-3.36312e-44
-3.36312e-44
-3.36312e-44
-3.36312e-44
-3.36312e-44
-3.36312e-44
-3.36312e-44
-3.36312e-44
-3.36312e-44
-3.36312e-44
-3.36312e-44
-3.36312e-44
-3.36312e-44
-3.36312e-44
-3.36312e-44
-3.36312e-44
-3.36312e-44
-3.36312e-44
-3.36312e-44
-3.36312e-44
-3.36312e-44
-3.36312e-44
-3.36312e-44
-3.36312e-44
-3.36312e-44
-3.36312e-44
-3.36312e-44
-3.36312e-44
-3.36312e-44
-3.36312e-44
-3.36312e-44
-3.36312e-44
-3.36312e-44
-3.36312e-44
-3.36312e-44
-3.36312e-44
-3.36312e-44
-3.36312e-44
-3.36312e-44
-3.36312e-44
-3.36312e-44
-3.36312e-44
-3.36312e-44
-3.36312e-44
-3.36312e-44
-3.36312e-44
-3.36312e-44
-3.36312e-44
-3.36312e-44
-3.36312e-44
-3.36312e-44
-3.36312e-44
-3.36312e-44
-3.36312e-44
-3.36312e-44
-3.36312e-44
-3.36312e-44
-3.36312e-44
-3.36312e-44
-3.36312e-44
-3.36312e-44
-3.36312e-44
-3.36312e-44
-3.36312e-44
-3.36312e-44
-3.36312e-44
-3.36312e-44
-3.36312e-44
-3.36312e-44
-3.36312e-44
-3.36312e-44
-3.36312e-44
-3.36312e-44
-3.36312e-44
-3.36312e-44
-3.36312e-44
-3.36312e-44
-3.36312e-44
-3.36312e-44
-3.36312e-44
-3.36312e-44
-3.36312e-44
-3.36312e-44
-3.36312e-44
-3.36312e-44
-3.36312e-44
-3.36312e-44
-3.36312e-44
-3.36312e-44
-3.36312e-44
-3.36312e-44
-3.36312e-44
-3.36312e-44
-3.36312e-44
-3.36312e-44
-3.36312e-44
-3.36312e-44
-3.36312e-44
-3.36312e-44
-3.36312e-44
-3.36312e-44
-3.36312e-44
-3.36312e-44
-3.36312e-44
-3.36312e-44
-3.36312e-44
-3.36312e-44
-3.36312e-44
-3.36312e-44
-3.36312e-44
-3.36312e-44
-3.36312e-44
-3.36312e-44
-3.36312e-44
-3.36312e-44
-3.36312e-44
-3.36312e-44
-3.36312e-44
-3.36312e-44
-3.36312e-44
-3.36312e-44
-3.36312e-44
-3.36312e-44
-3.36312e-44
-3.36312e-44
-3.36312e-44
-3.36312e-44
-3.36312e-44
-3.36312e-44
-3.36312e-44
-3.36312e-44
-3.36312e-44
-3.36312e-44
-3.36312e-44
-3.36312e-44
-3.36312e-44
-3.36312e-44
-3.36312e-44
-3.36312e-44
-3.36312e-44
-3.36312e-44
-3.36312e-44
-3.36312e-44
-3.36312e-44
-3.36312e-44
-3.36312e-44
-3.36312e-44
-3.36312e-44
-3.36312e-44
-3.36312e-44
-3.36312e-44
-3.36312e-44
-3.36312e-44
-3.36312e-44
-3.36312e-44
-3.36312e-44
-3.36312e-44
-3.36312e-44
-3.36312e-44
-3.36312e-44
-3.36312e-44
-3.36312e-44
-3.36312e-44
-3.36312e-44
-3.36312e-44
-3.36312e-44
-3.36312e-44
-3.36312e-44
-3.36312e-44
-3.36312e-44
-3.36312e-44
-3.36312e-44
-3.36312e-44
-3.36312e-44
-3.36312e-44
-3.36312e-44
-3.36312e-44
-3.36312e-44
-3.36312e-44
-3.36312e-44
-3.36312e-44
-3.36312e-44
-3.36312e-44
-3.36312e-44
-3.36312e-44
-3.36312e-44
-3.36312e-44
-3.36312e-44
-3.36312e-44
-3.36312e-44
-3.36312e-44
-3.36312e-44
-3.36312e-44
-3.36312e-44
-3.36312e-44
-3.36312e-44
-3.36312e-44
-3.36312e-44
-3.36312e-44
-3.36312e-44
-3.36312e-44
-3.36312e-44
-3.36312e-44
-3.36312e-44
-3.36312e-44
-3.36312e-44
-3.36312e-44
-3.36312e-44
-3.36312e-44
-3.36312e-44
-3.36312e-44
-3.36312e-44
-3.36312e-44
-3.36312e-44
-3.36312e-44
-3.36312e-44
-3.36312e-44
-3.36312e-44
-3.36312e-44
-3.36312e-44
-3.36312e-44
-3.36312e-44
-3.36312e-44
-3.36312e-44
-3.36312e-44
-3.36312e-44
-3.36312e-44
-3.36312e-44
-3.36312e-44
-3.36312e-44
-3.36312e-44
-3.36312e-44
-3.36312e-44
-3.36312e-44
-3.36312e-44
-3.36312e-44
-3.36312e-44
-3.36312e-44
-3.36312e-44
-3.36312e-44
-3.36312e-44
-3.36312e-44
-3.36312e-44
-3.36312e-44
-3.36312e-44
-3.36312e-44
-3.36312e-44
-3.36312e-44
-3.36312e-44
-3.36312e-44
-3.36312e-44
-3.36312e-44
-3.36312e-44
-3.36312e-44
-3.36312e-44
-3.36312e-44
-3.36312e-44
-3.36312e-44
-3.36312e-44
-3.36312e-44
-3.36312e-44
-3.36312e-44
-3.36312e-44
-3.36312e-44
-3.36312e-44
-3.36312e-44
-3.36312e-44
-3.36312e-44
-3.36312e-44
-3.36312e-44
-3.36312e-44
-3.36312e-44
-3.36312e-44
-3.36312e-44
-3.36312e-44
-3.36312e-44
-3.36312e-44
-3.36312e-44
-3.36312e-44
-3.36312e-44
-3.36312e-44
-3.36312e-44
-3.36312e-44
-3.36312e-44
-3.36312e-44
-3.36312e-44
-3.36312e-44
-3.36312e-44
-3.36312e-44
-3.36312e-44
-3.36312e-44
-3.36312e-44
-3.36312e-44
-3.36312e-44
-3.36312e-44
-3.36312e-44
-3.36312e-44
-3.36312e-44
-3.36312e-44
-3.36312e-44
-3.36312e-44
-3.36312e-44
-3.36312e-44
-3.36312e-44
-3.36312e-44
-3.36312e-44
-3.36312e-44
-3.36312e-44
-3.36312e-44
-3.36312e-44
-3.36312e-44
-3.36312e-44
-3.36312e-44
-3.36312e-44
-3.36312e-44
-3.36312e-44
-3.36312e-44
-3.36312e-44
-3.36312e-44
-3.36312e-44
-3.36312e-44
-3.36312e-44
-3.36312e-44
-3.36312e-44
-3.36312e-44
-3.36312e-44
-3.36312e-44
-3.36312e-44
-3.36312e-44
-3.36312e-44
-3.36312e-44
-3.36312e-44
-3.36312e-44
-3.36312e-44
-3.36312e-44
-3.36312e-44
-3.36312e-44
-3.36312e-44
-3.36312e-44
-3.36312e-44
-3.36312e-44
-3.36312e-44
-3.36312e-44
-3.36312e-44
-3.36312e-44
-3.36312e-44
-3.36312e-44
-3.36312e-44
-3.36312e-44
-3.36312e-44
-3.36312e-44
-3.36312e-44
-3.36312e-44
-3.36312e-44
-3.36312e-44
-3.36312e-44
-3.36312e-44
-3.36312e-44
-3.36312e-44
-3.36312e-44
-3.36312e-44
-3.36312e-44
-3.36312e-44
-3.36312e-44
-3.36312e-44
-3.36312e-44
-3.36312e-44
-3.36312e-44
-3.36312e-44
-3.36312e-44
-3.36312e-44
-3.36312e-44
-3.36312e-44
-3.36312e-44
-3.36312e-44
-3.36312e-44
-3.36312e-44
-3.36312e-44
-3.36312e-44
-3.36312e-44
-3.36312e-44
-3.36312e-44
-3.36312e-44
-3.36312e-44
-3.36312e-44
-3.36312e-44
-3.36312e-44
-3.36312e-44
-3.36312e-44
-3.36312e-44
-3.36312e-44
-3.36312e-44
-3.36312e-44
-3.36312e-44
-3.36312e-44
-3.36312e-44
-3.36312e-44
-3.36312e-44
-3.36312e-44
-3.36312e-44
-3.36312e-44
-3.36312e-44
-3.36312e-44
-3.36312e-44
-3.36312e-44
-3.36312e-44
-3.36312e-44
-3.36312e-44
-3.36312e-44
-3.36312e-44
-3.36312e-44
-3.36312e-44
-3.36312e-44
-3.36312e-44
-3.36312e-44
-3.36312e-44
-3.36312e-44
-3.36312e-44
-3.36312e-44
-3.36312e-44
-3.36312e-44
-3.36312e-44
-3.36312e-44
-3.36312e-44
-3.36312e-44
-3.36312e-44
-3.36312e-44
-3.36312e-44
-3.36312e-44
-3.36312e-44
-3.36312e-44
-3.36312e-44
-3.36312e-44
-3.36312e-44
-3.36312e-44
-3.36312e-44
-3.36312e-44
-3.36312e-44
-3.36312e-44
-3.36312e-44
-3.36312e-44
-3.36312e-44
-3.36312e-44
-3.36312e-44
-3.36312e-44
-3.36312e-44
-3.36312e-44
-3.36312e-44
-3.36312e-44
-3.36312e-44
-3.36312e-44
-3.36312e-44
-3.36312e-44
-3.36312e-44
-3.36312e-44
-3.36312e-44
-3.36312e-44
-3.36312e-44
-3.36312e-44
-3.36312e-44
-3.36312e-44
-3.36312e-44
-3.36312e-44
-3.36312e-44
-3.36312e-44
-3.36312e-44
-3.36312e-44
-3.36312e-44
-3.36312e-44
-3.36312e-44
-3.36312e-44
-3.36312e-44
-3.36312e-44
-3.36312e-44
-3.36312e-44
-3.36312e-44
-3.36312e-44
-3.36312e-44
-3.36312e-44
-3.36312e-44
-3.36312e-44
-3.36312e-44
-3.36312e-44
-3.36312e-44
-3.36312e-44
-3.36312e-44
-3.36312e-44
-3.36312e-44
-3.36312e-44
-3.36312e-44
-3.36312e-44
-3.36312e-44
-3.36312e-44
-3.36312e-44
-3.36312e-44
-3.36312e-44
-3.36312e-44
-3.36312e-44
-3.36312e-44
-3.36312e-44
-3.36312e-44
-3.36312e-44
-3.36312e-44
-3.36312e-44
-3.36312e-44
-3.36312e-44
-3.36312e-44
-3.36312e-44
-3.36312e-44
-3.36312e-44
-3.36312e-44
-3.36312e-44
-3.36312e-44
-3.36312e-44
-3.36312e-44
-3.36312e-44
-3.36312e-44
-3.36312e-44
-3.36312e-44
-3.36312e-44
-3.36312e-44
-3.36312e-44
-3.36312e-44
-3.36312e-44
-3.36312e-44
-3.36312e-44
-3.36312e-44
-3.36312e-44
-3.36312e-44
-3.36312e-44
-3.36312e-44
-3.36312e-44
-3.36312e-44
-3.36312e-44
-3.36312e-44
-3.36312e-44
-3.36312e-44
-3.36312e-44
-3.36312e-44
-3.36312e-44
-3.36312e-44
-3.36312e-44
-3.36312e-44
-3.36312e-44
-3.36312e-44
-3.36312e-44
-3.36312e-44
-3.36312e-44
-3.36312e-44
-3.36312e-44
-3.36312e-44
-3.36312e-44
-3.36312e-44
-3.36312e-44
-3.36312e-44
-3.36312e-44
-3.36312e-44
-3.36312e-44
-3.36312e-44
-3.36312e-44
-3.36312e-44
-3.36312e-44
-3.36312e-44
-3.36312e-44
-3.36312e-44
-3.36312e-44
-3.36312e-44
-3.36312e-44
-3.36312e-44
-3.36312e-44
-3.36312e-44
-3.36312e-44
-3.36312e-44
-3.36312e-44
-3.36312e-44
-3.36312e-44
-3.36312e-44
-3.36312e-44
-3.36312e-44
-3.36312e-44
-3.36312e-44
-3.36312e-44
-3.36312e-44
-3.36312e-44
-3.36312e-44
-3.36312e-44
-3.36312e-44
-3.36312e-44
-3.36312e-44
-3.36312e-44
-3.36312e-44
-3.36312e-44
-3.36312e-44
-3.36312e-44
-3.36312e-44
-3.36312e-44
-3.36312e-44
-3.36312e-44
-3.36312e-44
-3.36312e-44
-3.36312e-44
-3.36312e-44
-3.36312e-44
-3.36312e-44
-3.36312e-44
-3.36312e-44
-3.36312e-44
-3.36312e-44
-3.36312e-44
-3.36312e-44
-3.36312e-44
-3.36312e-44
-3.36312e-44
-3.36312e-44
-3.36312e-44
-3.36312e-44
-3.36312e-44
-3.36312e-44
-3.36312e-44
-3.36312e-44
-3.36312e-44
-3.36312e-44
-3.36312e-44
-3.36312e-44
-3.36312e-44
-3.36312e-44
-3.36312e-44
-3.36312e-44
-3.36312e-44
-3.36312e-44
-3.36312e-44
-3.36312e-44
-3.36312e-44
-3.36312e-44
-3.36312e-44
-3.36312e-44
-3.36312e-44
-3.36312e-44
-3.36312e-44
-3.36312e-44
-3.36312e-44
-3.36312e-44
-3.36312e-44
-3.36312e-44
-3.36312e-44
-3.36312e-44
-3.36312e-44
-3.36312e-44
-3.36312e-44
-3.36312e-44
-3.36312e-44
-3.36312e-44
-3.36312e-44
-3.36312e-44
-3.36312e-44
-3.36312e-44
-3.36312e-44
-3.36312e-44
-3.36312e-44
-3.36312e-44
-3.36312e-44
-3.36312e-44
-3.36312e-44
-3.36312e-44
-3.36312e-44
-3.36312e-44
-3.36312e-44
-3.36312e-44
-3.36312e-44
-3.36312e-44
-3.36312e-44
-3.36312e-44
-3.36312e-44
-3.36312e-44
-3.36312e-44
-3.36312e-44
-3.36312e-44
-3.36312e-44
-3.36312e-44
-3.36312e-44
-3.36312e-44
-3.36312e-44
-3.36312e-44
-3.36312e-44
-3.36312e-44
-3.36312e-44
-3.36312e-44
-3.36312e-44
-3.36312e-44
-3.36312e-44
-3.36312e-44
-3.36312e-44
-3.36312e-44
-3.36312e-44
-3.36312e-44
-3.36312e-44
-3.36312e-44
-3.36312e-44
-3.36312e-44
-3.36312e-44
-3.36312e-44
-3.36312e-44
-3.36312e-44
-3.36312e-44
-3.36312e-44
-3.36312e-44
-3.36312e-44
-3.36312e-44
-3.36312e-44
-3.36312e-44
-3.36312e-44
-3.36312e-44
-3.36312e-44
-3.36312e-44
-3.36312e-44
-3.36312e-44
-3.36312e-44
-3.36312e-44
-3.36312e-44
-3.36312e-44
-3.36312e-44
-3.36312e-44
-3.36312e-44
-3.36312e-44
-3.36312e-44
-3.36312e-44
-3.36312e-44
-3.36312e-44
-3.36312e-44
-3.36312e-44
-3.36312e-44
-3.36312e-44
-3.36312e-44
-3.36312e-44
-3.36312e-44
-3.36312e-44
-3.36312e-44
-3.36312e-44
-3.36312e-44
-3.36312e-44
-3.36312e-44
-3.36312e-44
-3.36312e-44
-3.36312e-44
-3.36312e-44
-3.36312e-44
-3.36312e-44
-3.36312e-44
-3.36312e-44
-3.36312e-44
-3.36312e-44
-3.36312e-44
-3.36312e-44
-3.36312e-44
-3.36312e-44
-3.36312e-44
-3.36312e-44
-3.36312e-44
-3.36312e-44
-3.36312e-44
-3.36312e-44
-3.36312e-44
-3.36312e-44
-3.36312e-44
-3.36312e-44
-3.36312e-44
-3.36312e-44
-3.36312e-44
-3.36312e-44
-3.36312e-44
-3.36312e-44
-3.36312e-44
-3.36312e-44
-3.36312e-44
-3.36312e-44
-3.36312e-44
-3.36312e-44
-3.36312e-44
-3.36312e-44
-3.36312e-44
-3.36312e-44
-3.36312e-44
-3.36312e-44
-3.36312e-44
-3.36312e-44
-3.36312e-44
-3.36312e-44
-3.36312e-44
-3.36312e-44
-3.36312e-44
-3.36312e-44
-3.36312e-44
-3.36312e-44
-3.36312e-44
-3.36312e-44
-3.36312e-44
-3.36312e-44
-3.36312e-44
-3.36312e-44
-3.36312e-44
-3.36312e-44
-3.36312e-44
-3.36312e-44
-3.36312e-44
-3.36312e-44
-3.36312e-44
-3.36312e-44
-3.36312e-44
-3.36312e-44
-3.36312e-44
-3.36312e-44
-3.36312e-44
-3.36312e-44
-3.36312e-44
-3.36312e-44
-3.36312e-44
-3.36312e-44
-3.36312e-44
-3.36312e-44
-3.36312e-44
-3.36312e-44
-3.36312e-44
-3.36312e-44
-3.36312e-44
-3.36312e-44
-3.36312e-44
-3.36312e-44
-3.36312e-44
-3.36312e-44
-3.36312e-44
-3.36312e-44
-3.36312e-44
-3.36312e-44
-3.36312e-44
-3.36312e-44
-3.36312e-44
-3.36312e-44
-3.36312e-44
-3.36312e-44
-3.36312e-44
-3.36312e-44
-3.36312e-44
-3.36312e-44
-3.36312e-44
-3.36312e-44
-3.36312e-44
-3.36312e-44
-3.36312e-44
-3.36312e-44
-3.36312e-44
-3.36312e-44
-3.36312e-44
-3.36312e-44
-3.36312e-44
-3.36312e-44
-3.36312e-44
-3.36312e-44
-3.36312e-44
-3.36312e-44
-3.36312e-44
-3.36312e-44
-3.36312e-44
-3.36312e-44
-3.36312e-44
-3.36312e-44
-3.36312e-44
-3.36312e-44
-3.36312e-44
-3.36312e-44
-3.36312e-44
-3.36312e-44
-3.36312e-44
-3.36312e-44
-3.36312e-44
-3.36312e-44
-3.36312e-44
-3.36312e-44
-3.36312e-44
-3.36312e-44
-3.36312e-44
-3.36312e-44
-3.36312e-44
-3.36312e-44
-3.36312e-44
-3.36312e-44
-3.36312e-44
-3.36312e-44
-3.36312e-44
-3.36312e-44
-3.36312e-44
-3.36312e-44
-3.36312e-44
-3.36312e-44
-3.36312e-44
-3.36312e-44
-3.36312e-44
-3.36312e-44
-3.36312e-44
-3.36312e-44
-3.36312e-44
-3.36312e-44
-3.36312e-44
-3.36312e-44
-3.36312e-44
-3.36312e-44
-3.36312e-44
-3.36312e-44
-3.36312e-44
-3.36312e-44
-3.36312e-44
-3.36312e-44
-3.36312e-44
-3.36312e-44
-3.36312e-44
-3.36312e-44
-3.36312e-44
-3.36312e-44
-3.36312e-44
-3.36312e-44
-3.36312e-44
-3.36312e-44
-3.36312e-44
-3.36312e-44
-3.36312e-44
-3.36312e-44
-3.36312e-44
-3.36312e-44
-3.36312e-44
-3.36312e-44
-3.36312e-44
-3.36312e-44
-3.36312e-44
-3.36312e-44
-3.36312e-44
-3.36312e-44
-3.36312e-44
-3.36312e-44
-3.36312e-44
-3.36312e-44
-3.36312e-44
-3.36312e-44
-3.36312e-44
-3.36312e-44
-3.36312e-44
-3.36312e-44
-3.36312e-44
-3.36312e-44
-3.36312e-44
-3.36312e-44
-3.36312e-44
-3.36312e-44
-3.36312e-44
-3.36312e-44
-3.36312e-44
-3.36312e-44
-3.36312e-44
-3.36312e-44
-3.36312e-44
-3.36312e-44
-3.36312e-44
-3.36312e-44
-3.36312e-44
-3.36312e-44
-3.36312e-44
-3.36312e-44
-3.36312e-44
-3.36312e-44
-3.36312e-44
-3.36312e-44
-3.36312e-44
-3.36312e-44
-3.36312e-44
-3.36312e-44
-3.36312e-44
-3.36312e-44
-3.36312e-44
-3.36312e-44
-3.36312e-44
-3.36312e-44
-3.36312e-44
-3.36312e-44
-3.36312e-44
-3.36312e-44
-3.36312e-44
-3.36312e-44
-3.36312e-44
-3.36312e-44
-3.36312e-44
-3.36312e-44
-3.36312e-44
-3.36312e-44
-3.36312e-44
-3.36312e-44
-3.36312e-44
-3.36312e-44
-3.36312e-44
-3.36312e-44
-3.36312e-44
-3.36312e-44
-3.36312e-44
-3.36312e-44
-3.36312e-44
-3.36312e-44
-3.36312e-44
-3.36312e-44
-3.36312e-44
-3.36312e-44
-3.36312e-44
-3.36312e-44
-3.36312e-44
-3.36312e-44
-3.36312e-44
-3.36312e-44
-3.36312e-44
-3.36312e-44
-3.36312e-44
-3.36312e-44
-3.36312e-44
-3.36312e-44
-3.36312e-44
-3.36312e-44
-3.36312e-44
-3.36312e-44
-3.36312e-44
-3.36312e-44
-3.36312e-44
-3.36312e-44
-3.36312e-44
-3.36312e-44
-3.36312e-44
-3.36312e-44
-3.36312e-44
-3.36312e-44
-3.36312e-44
-3.36312e-44
-3.36312e-44
-3.36312e-44
-3.36312e-44
-3.36312e-44
-3.36312e-44
-3.36312e-44
-3.36312e-44
-3.36312e-44
-3.36312e-44
-3.36312e-44
-3.36312e-44
-3.36312e-44
-3.36312e-44
-3.36312e-44
-3.36312e-44
-3.36312e-44
-3.36312e-44
-3.36312e-44
-3.36312e-44
-3.36312e-44
-3.36312e-44
-3.36312e-44
-3.36312e-44
-3.36312e-44
-3.36312e-44
-3.36312e-44
-3.36312e-44
-3.36312e-44
-3.36312e-44
-3.36312e-44
-3.36312e-44
-3.36312e-44
-3.36312e-44
-3.36312e-44
-3.36312e-44
-3.36312e-44
-3.36312e-44
-3.36312e-44
-3.36312e-44
-3.36312e-44
-3.36312e-44
-3.36312e-44
-3.36312e-44
-3.36312e-44
-3.36312e-44
-3.36312e-44
-3.36312e-44
-3.36312e-44
-3.36312e-44
-3.36312e-44
-3.36312e-44
-3.36312e-44
-3.36312e-44
-3.36312e-44
-3.36312e-44
-3.36312e-44
-3.36312e-44
-3.36312e-44
-3.36312e-44
-3.36312e-44
-3.36312e-44
-3.36312e-44
-3.36312e-44
-3.36312e-44
-3.36312e-44
-3.36312e-44
-3.36312e-44
-3.36312e-44
-3.36312e-44
-3.36312e-44
-3.36312e-44
-3.36312e-44
-3.36312e-44
-3.36312e-44
-3.36312e-44
-3.36312e-44
-3.36312e-44
-3.36312e-44
-3.36312e-44
-3.36312e-44
-3.36312e-44
-3.36312e-44
-3.36312e-44
-3.36312e-44
-3.36312e-44
-3.36312e-44
-3.36312e-44
-3.36312e-44
-3.36312e-44
-3.36312e-44
-3.36312e-44
-3.36312e-44
-3.36312e-44
-3.36312e-44
-3.36312e-44
-3.36312e-44
-3.36312e-44
-3.36312e-44
-3.36312e-44
-3.36312e-44
-3.36312e-44
-3.36312e-44
-3.36312e-44
-3.36312e-44
-3.36312e-44
-3.36312e-44
-3.36312e-44
-3.36312e-44
-3.36312e-44
-3.36312e-44
-3.36312e-44
-3.36312e-44
-3.36312e-44
-3.36312e-44
-3.36312e-44
-3.36312e-44
-3.36312e-44
-3.36312e-44
-3.36312e-44
-3.36312e-44
-3.36312e-44
-3.36312e-44
-3.36312e-44
-3.36312e-44
-3.36312e-44
-3.36312e-44
-3.36312e-44
-3.36312e-44
-3.36312e-44
-3.36312e-44
-3.36312e-44
-3.36312e-44
-3.36312e-44
-3.36312e-44
-3.36312e-44
-3.36312e-44
-3.36312e-44
-3.36312e-44
-3.36312e-44
-3.36312e-44
-3.36312e-44
-3.36312e-44
-3.36312e-44
-3.36312e-44
-3.36312e-44
-3.36312e-44
-3.36312e-44
-3.36312e-44
-3.36312e-44
-3.36312e-44
-3.36312e-44
-3.36312e-44
-3.36312e-44
-3.36312e-44
-3.36312e-44
-3.36312e-44
-3.36312e-44
-3.36312e-44
-3.36312e-44
-3.36312e-44
-3.36312e-44
-3.36312e-44
-3.36312e-44
-3.36312e-44
-3.36312e-44
-3.36312e-44
-3.36312e-44
-3.36312e-44
-3.36312e-44
-3.36312e-44
-3.36312e-44
-3.36312e-44
-3.36312e-44
-3.36312e-44
-3.36312e-44
-3.36312e-44
-3.36312e-44
-3.36312e-44
-3.36312e-44
-3.36312e-44
-3.36312e-44
-3.36312e-44
-3.36312e-44
-3.36312e-44
-3.36312e-44
-3.36312e-44
-3.36312e-44
-3.36312e-44
-3.36312e-44
-3.36312e-44
-3.36312e-44
-3.36312e-44
-3.36312e-44
-3.36312e-44
-3.36312e-44
-3.36312e-44
-3.36312e-44
-3.36312e-44
-3.36312e-44
-3.36312e-44
-3.36312e-44
-3.36312e-44
-3.36312e-44
-3.36312e-44
-3.36312e-44
-3.36312e-44
-3.36312e-44
-3.36312e-44
-3.36312e-44
-3.36312e-44
-3.36312e-44
-3.36312e-44
-3.36312e-44
-3.36312e-44
-3.36312e-44
-3.36312e-44
-3.36312e-44
-3.36312e-44
-3.36312e-44
-3.36312e-44
-3.36312e-44
-3.36312e-44
-3.36312e-44
-3.36312e-44
-3.36312e-44
-3.36312e-44
-3.36312e-44
-3.36312e-44
-3.36312e-44
-3.36312e-44
-3.36312e-44
-3.36312e-44
-3.36312e-44
-3.36312e-44
-3.36312e-44
-3.36312e-44
-3.36312e-44
-3.36312e-44
-3.36312e-44
-3.36312e-44
-3.36312e-44
-3.36312e-44
-3.36312e-44
-3.36312e-44
-3.36312e-44
-3.36312e-44
-3.36312e-44
-3.36312e-44
-3.36312e-44
-3.36312e-44
-3.36312e-44
-3.36312e-44
-3.36312e-44
-3.36312e-44
-3.36312e-44
-3.36312e-44
-3.36312e-44
-3.36312e-44
-3.36312e-44
-3.36312e-44
-3.36312e-44
-3.36312e-44
-3.36312e-44
-3.36312e-44
-3.36312e-44
-3.36312e-44
-3.36312e-44
-3.36312e-44
-3.36312e-44
-3.36312e-44
-3.36312e-44
-3.36312e-44
-3.36312e-44
-3.36312e-44
-3.36312e-44
-3.36312e-44
-3.36312e-44
-3.36312e-44
-3.36312e-44
-3.36312e-44
-3.36312e-44
-3.36312e-44
-3.36312e-44
-3.36312e-44
-3.36312e-44
-3.36312e-44
-3.36312e-44
-3.36312e-44
-3.36312e-44
-3.36312e-44
-3.36312e-44
-3.36312e-44
-3.36312e-44
-3.36312e-44
-3.36312e-44
-3.36312e-44
-3.36312e-44
-3.36312e-44
-3.36312e-44
-3.36312e-44
-3.36312e-44
-3.36312e-44
-3.36312e-44
-3.36312e-44
-3.36312e-44
-3.36312e-44
-3.36312e-44
-3.36312e-44
-3.36312e-44
-3.36312e-44
-3.36312e-44
-3.36312e-44
-3.36312e-44
-3.36312e-44
-3.36312e-44
-3.36312e-44
-3.36312e-44
-3.36312e-44
-3.36312e-44
-3.36312e-44
-3.36312e-44
-3.36312e-44
-3.36312e-44
-3.36312e-44
-3.36312e-44
-3.36312e-44
-3.36312e-44
-3.36312e-44
-3.36312e-44
-3.36312e-44
-3.36312e-44
-3.36312e-44
-3.36312e-44
-3.36312e-44
-3.36312e-44
-3.36312e-44
-3.36312e-44
-3.36312e-44
-3.36312e-44
-3.36312e-44
-3.36312e-44
-3.36312e-44
-3.36312e-44
-3.36312e-44
-3.36312e-44
-3.36312e-44
-3.36312e-44
-3.36312e-44
-3.36312e-44
-3.36312e-44
-3.36312e-44
-3.36312e-44
-3.36312e-44
-3.36312e-44
-3.36312e-44
-3.36312e-44
-3.36312e-44
-3.36312e-44
-3.36312e-44
-3.36312e-44
-3.36312e-44
-3.36312e-44
-3.36312e-44
-3.36312e-44
-3.36312e-44
-3.36312e-44
-3.36312e-44
-3.36312e-44
-3.36312e-44
-3.36312e-44
-3.36312e-44
-3.36312e-44
-3.36312e-44
-3.36312e-44
-3.36312e-44
-3.36312e-44
-3.36312e-44
-3.36312e-44
-3.36312e-44
-3.36312e-44
-3.36312e-44
-3.36312e-44
-3.36312e-44
-3.36312e-44
-3.36312e-44
-3.36312e-44
-3.36312e-44
-3.36312e-44
-3.36312e-44
-3.36312e-44
-3.36312e-44
-3.36312e-44
-3.36312e-44
-3.36312e-44
-3.36312e-44
-3.36312e-44
-3.36312e-44
-3.36312e-44
-3.36312e-44
-3.36312e-44
-3.36312e-44
-3.36312e-44
-3.36312e-44
-3.36312e-44
-3.36312e-44
-3.36312e-44
-3.36312e-44
-3.36312e-44
-3.36312e-44
-3.36312e-44
-3.36312e-44
-3.36312e-44
-3.36312e-44
-3.36312e-44
-3.36312e-44
-3.36312e-44
-3.36312e-44
-3.36312e-44
-3.36312e-44
-3.36312e-44
-3.36312e-44
-3.36312e-44
-3.36312e-44
-3.36312e-44
-3.36312e-44
-3.36312e-44
-3.36312e-44
-3.36312e-44
-3.36312e-44
-3.36312e-44
-3.36312e-44
-3.36312e-44
-3.36312e-44
-3.36312e-44
-3.36312e-44
-3.36312e-44
-3.36312e-44
-3.36312e-44
-3.36312e-44
-3.36312e-44
-3.36312e-44
-3.36312e-44
-3.36312e-44
-3.36312e-44
-3.36312e-44
-3.36312e-44
-3.36312e-44
-3.36312e-44
-3.36312e-44
-3.36312e-44
-3.36312e-44
-3.36312e-44
-3.36312e-44
-3.36312e-44
-3.36312e-44
-3.36312e-44
-3.36312e-44
-3.36312e-44
-3.36312e-44
-3.36312e-44
-3.36312e-44
-3.36312e-44
-3.36312e-44
-3.36312e-44
-3.36312e-44
-3.36312e-44
-3.36312e-44
-3.36312e-44
-3.36312e-44
-3.36312e-44
-3.36312e-44
-3.36312e-44
-3.36312e-44
-3.36312e-44
-3.36312e-44
-3.36312e-44
-3.36312e-44
-3.36312e-44
-3.36312e-44
-3.36312e-44
-3.36312e-44
-3.36312e-44
-3.36312e-44
-3.36312e-44
-3.36312e-44
-3.36312e-44
-3.36312e-44
-3.36312e-44
-3.36312e-44
-3.36312e-44
-3.36312e-44
-3.36312e-44
-3.36312e-44
-3.36312e-44
-3.36312e-44
-3.36312e-44
-3.36312e-44
-3.36312e-44
-3.36312e-44
-3.36312e-44
-3.36312e-44
-3.36312e-44
-3.36312e-44
-3.36312e-44
-3.36312e-44
-3.36312e-44
-3.36312e-44
-3.36312e-44
-3.36312e-44
-3.36312e-44
-3.36312e-44
-3.36312e-44
-3.36312e-44
-3.36312e-44
-3.36312e-44
-3.36312e-44
-3.36312e-44
-3.36312e-44
-3.36312e-44
-3.36312e-44
-3.36312e-44
-3.36312e-44
-3.36312e-44
-3.36312e-44
-3.36312e-44
-3.36312e-44
-3.36312e-44
-3.36312e-44
-3.36312e-44
-3.36312e-44
-3.36312e-44
-3.36312e-44
-3.36312e-44
-3.36312e-44
-3.36312e-44
-3.36312e-44
-3.36312e-44
-3.36312e-44
-3.36312e-44
-3.36312e-44
-3.36312e-44
-3.36312e-44
-3.36312e-44
-3.36312e-44
-3.36312e-44
-3.36312e-44
-3.36312e-44
-3.36312e-44
-3.36312e-44
-3.36312e-44
-3.36312e-44
-3.36312e-44
-3.36312e-44
-3.36312e-44
-3.36312e-44
-3.36312e-44
-3.36312e-44
-3.36312e-44
-3.36312e-44
-3.36312e-44
-3.36312e-44
-3.36312e-44
-3.36312e-44
-3.36312e-44
-3.36312e-44
-3.36312e-44
-3.36312e-44
-3.36312e-44
-3.36312e-44
-3.36312e-44
-3.36312e-44
-3.36312e-44
-3.36312e-44
-3.36312e-44
-3.36312e-44
-3.36312e-44
-3.36312e-44
-3.36312e-44
-3.36312e-44
-3.36312e-44
-3.36312e-44
-3.36312e-44
-3.36312e-44
-3.36312e-44
-3.36312e-44
-3.36312e-44
-3.36312e-44
-3.36312e-44
-3.36312e-44
-3.36312e-44
-3.36312e-44
-3.36312e-44
-3.36312e-44
-3.36312e-44
-3.36312e-44
-3.36312e-44
-3.36312e-44
-3.36312e-44
-3.36312e-44
-3.36312e-44
-3.36312e-44
-3.36312e-44
-3.36312e-44
-3.36312e-44
-3.36312e-44
-3.36312e-44
-3.36312e-44
-3.36312e-44
-3.36312e-44
-3.36312e-44
-3.36312e-44
-3.36312e-44
-3.36312e-44
-3.36312e-44
-3.36312e-44
-3.36312e-44
-3.36312e-44
-3.36312e-44
-3.36312e-44
-3.36312e-44
-3.36312e-44
-3.36312e-44
-3.36312e-44
-3.36312e-44
-3.36312e-44
-3.36312e-44
-3.36312e-44
-3.36312e-44
-3.36312e-44
-3.36312e-44
-3.36312e-44
-3.36312e-44
-3.36312e-44
-3.36312e-44
-3.36312e-44
-3.36312e-44
-3.36312e-44
-3.36312e-44
-3.36312e-44
-3.36312e-44
-3.36312e-44
-3.36312e-44
-3.36312e-44
-3.36312e-44
-3.36312e-44
-3.36312e-44
-3.36312e-44
-3.36312e-44
-3.36312e-44
-3.36312e-44
-3.36312e-44
-3.36312e-44
-3.36312e-44
-3.36312e-44
-3.36312e-44
-3.36312e-44
-3.36312e-44
-3.36312e-44
-3.36312e-44
-3.36312e-44
-3.36312e-44
-3.36312e-44
-3.36312e-44
-3.36312e-44
-3.36312e-44
-3.36312e-44
-3.36312e-44
-3.36312e-44
-3.36312e-44
-3.36312e-44
-3.36312e-44
-3.36312e-44
-3.36312e-44
-3.36312e-44
-3.36312e-44
-3.36312e-44
-3.36312e-44
-3.36312e-44
-3.36312e-44
-3.36312e-44
-3.36312e-44
-3.36312e-44
-3.36312e-44
-3.36312e-44
-3.36312e-44
-3.36312e-44
-3.36312e-44
-3.36312e-44
-3.36312e-44
-3.36312e-44
-3.36312e-44
-3.36312e-44
-3.36312e-44
-3.36312e-44
-3.36312e-44
-3.36312e-44
-3.36312e-44
-3.36312e-44
-3.36312e-44
-3.36312e-44
-3.36312e-44
-3.36312e-44
-3.36312e-44
-3.36312e-44
-3.36312e-44
-3.36312e-44
-3.36312e-44
-3.36312e-44
-3.36312e-44
-3.36312e-44
-3.36312e-44
-3.36312e-44
-3.36312e-44
-3.36312e-44
-3.36312e-44
-3.36312e-44
-3.36312e-44
-3.36312e-44
-3.36312e-44
-3.36312e-44
-3.36312e-44
-3.36312e-44
-3.36312e-44
-3.36312e-44
-3.36312e-44
-3.36312e-44
-3.36312e-44
-3.36312e-44
-3.36312e-44
-3.36312e-44
-3.36312e-44
-3.36312e-44
-3.36312e-44
-3.36312e-44
-3.36312e-44
-3.36312e-44
-3.36312e-44
-3.36312e-44
-3.36312e-44
-3.36312e-44
-3.36312e-44
-3.36312e-44
-3.36312e-44
-3.36312e-44
-3.36312e-44
-3.36312e-44
-3.36312e-44
-3.36312e-44
-3.36312e-44
-3.36312e-44
-3.36312e-44
-3.36312e-44
-3.36312e-44
-3.36312e-44
-3.36312e-44
-3.36312e-44
-3.36312e-44
-3.36312e-44
-3.36312e-44
-3.36312e-44
-3.36312e-44
-3.36312e-44
-3.36312e-44
-3.36312e-44
-3.36312e-44
-3.36312e-44
-3.36312e-44
-3.36312e-44
-3.36312e-44
-3.36312e-44
-3.36312e-44
-3.36312e-44
-3.36312e-44
-3.36312e-44
-3.36312e-44
-3.36312e-44
-3.36312e-44
-3.36312e-44
-3.36312e-44
-3.36312e-44
-3.36312e-44
-3.36312e-44
-3.36312e-44
-3.36312e-44
-3.36312e-44
-3.36312e-44
-3.36312e-44
-3.36312e-44
-3.36312e-44
-3.36312e-44
-3.36312e-44
-3.36312e-44
-3.36312e-44
-3.36312e-44
-3.36312e-44
-3.36312e-44
-3.36312e-44
-3.36312e-44
-3.36312e-44
-3.36312e-44
-3.36312e-44
-3.36312e-44
-3.36312e-44
-3.36312e-44
-3.36312e-44
-3.36312e-44
-3.36312e-44
-3.36312e-44
-3.36312e-44
-3.36312e-44
-3.36312e-44
-3.36312e-44
-3.36312e-44
-3.36312e-44
-3.36312e-44
-3.36312e-44
-3.36312e-44
-3.36312e-44
-3.36312e-44
-3.36312e-44
-3.36312e-44
-3.36312e-44
-3.36312e-44
-3.36312e-44
-3.36312e-44
-3.36312e-44
-3.36312e-44
-3.36312e-44
-3.36312e-44
-3.36312e-44
-3.36312e-44
-3.36312e-44
-3.36312e-44
-3.36312e-44
-3.36312e-44
-3.36312e-44
-3.36312e-44
-3.36312e-44
-3.36312e-44
-3.36312e-44
-3.36312e-44
-3.36312e-44
-3.36312e-44
-3.36312e-44
-3.36312e-44
-3.36312e-44
-3.36312e-44
-3.36312e-44
-3.36312e-44
-3.36312e-44
-3.36312e-44
-3.36312e-44
-3.36312e-44
-3.36312e-44
-3.36312e-44
-3.36312e-44
-3.36312e-44
-3.36312e-44
-3.36312e-44
-3.36312e-44
-3.36312e-44
-3.36312e-44
-3.36312e-44
-3.36312e-44
-3.36312e-44
-3.36312e-44
-3.36312e-44
-3.36312e-44
-3.36312e-44
-3.36312e-44
-3.36312e-44
-3.36312e-44
-3.36312e-44
-3.36312e-44
-3.36312e-44
-3.36312e-44
-3.36312e-44
-3.36312e-44
-3.36312e-44
-3.36312e-44
-3.36312e-44
-3.36312e-44
-3.36312e-44
-3.36312e-44
-3.36312e-44
-3.36312e-44
-3.36312e-44
-3.36312e-44
-3.36312e-44
-3.36312e-44
-3.36312e-44
-3.36312e-44
-3.36312e-44
-3.36312e-44
-3.36312e-44
-3.36312e-44
-3.36312e-44
-3.36312e-44
-3.36312e-44
-3.36312e-44
-3.36312e-44
-3.36312e-44
-3.36312e-44
-3.36312e-44
-3.36312e-44
-3.36312e-44
-3.36312e-44
-3.36312e-44
-3.36312e-44
-3.36312e-44
-3.36312e-44
-3.36312e-44
-3.36312e-44
-3.36312e-44
-3.36312e-44
-3.36312e-44
-3.36312e-44
-3.36312e-44
-3.36312e-44
-3.36312e-44
-3.36312e-44
-3.36312e-44
-3.36312e-44
-3.36312e-44
-3.36312e-44
-3.36312e-44
-3.36312e-44
-3.36312e-44
-3.36312e-44
-3.36312e-44
-3.36312e-44
-3.36312e-44
-3.36312e-44
-3.36312e-44
-3.36312e-44
-3.36312e-44
-3.36312e-44
-3.36312e-44
-3.36312e-44
-3.36312e-44
-3.36312e-44
-3.36312e-44
-3.36312e-44
-3.36312e-44
-3.36312e-44
-3.36312e-44
-3.36312e-44
-3.36312e-44
-3.36312e-44
-3.36312e-44
-3.36312e-44
-3.36312e-44
-3.36312e-44
-3.36312e-44
-3.36312e-44
-3.36312e-44
-3.36312e-44
-3.36312e-44
-3.36312e-44
-3.36312e-44
-3.36312e-44
-3.36312e-44
-3.36312e-44
-3.36312e-44
-3.36312e-44
-3.36312e-44
-3.36312e-44
-3.36312e-44
-3.36312e-44
-3.36312e-44
-3.36312e-44
-3.36312e-44
-3.36312e-44
-3.36312e-44
-3.36312e-44
-3.36312e-44
-3.36312e-44
-3.36312e-44
-3.36312e-44
-3.36312e-44
-3.36312e-44
-3.36312e-44
-3.36312e-44
-3.36312e-44
-3.36312e-44
-3.36312e-44
-3.36312e-44
-3.36312e-44
-3.36312e-44
-3.36312e-44
-3.36312e-44
-3.36312e-44
-3.36312e-44
-3.36312e-44
-3.36312e-44
-3.36312e-44
-3.36312e-44
-3.36312e-44
-3.36312e-44
-3.36312e-44
-3.36312e-44
-3.36312e-44
-3.36312e-44
-3.36312e-44
-3.36312e-44
-3.36312e-44
-3.36312e-44
-3.36312e-44
-3.36312e-44
-3.36312e-44
-3.36312e-44
-3.36312e-44
-3.36312e-44
-3.36312e-44
-3.36312e-44
-3.36312e-44
-3.36312e-44
-3.36312e-44
-3.36312e-44
-3.36312e-44
-3.36312e-44
-3.36312e-44
-3.36312e-44
-3.36312e-44
-3.36312e-44
-3.36312e-44
-3.36312e-44
-3.36312e-44
-3.36312e-44
-3.36312e-44
-3.36312e-44
-3.36312e-44
-3.36312e-44
-3.36312e-44
-3.36312e-44
-3.36312e-44
-3.36312e-44
-3.36312e-44
-3.36312e-44
-3.36312e-44
-3.36312e-44
-3.36312e-44
-3.36312e-44
-3.36312e-44
-3.36312e-44
-3.36312e-44
-3.36312e-44
-3.36312e-44
-3.36312e-44
-3.36312e-44
-3.36312e-44
-3.36312e-44
-3.36312e-44
-3.36312e-44
-3.36312e-44
-3.36312e-44
-3.36312e-44
-3.36312e-44
-3.36312e-44
-3.36312e-44
-3.36312e-44
-3.36312e-44
-3.36312e-44
-3.36312e-44
-3.36312e-44
-3.36312e-44
-3.36312e-44
-3.36312e-44
-3.36312e-44
-3.36312e-44
-3.36312e-44
-3.36312e-44
-3.36312e-44
-3.36312e-44
-3.36312e-44
-3.36312e-44
-3.36312e-44
-3.36312e-44
-3.36312e-44
-3.36312e-44
-3.36312e-44
-3.36312e-44
-3.36312e-44
-3.36312e-44
-3.36312e-44
-3.36312e-44
-3.36312e-44
-3.36312e-44
-3.36312e-44
-3.36312e-44
-3.36312e-44
-3.36312e-44
-3.36312e-44
-3.36312e-44
-3.36312e-44
-3.36312e-44
-3.36312e-44
-3.36312e-44
-3.36312e-44
-3.36312e-44
-3.36312e-44
-3.36312e-44
-3.36312e-44
-3.36312e-44
-3.36312e-44
-3.36312e-44
-3.36312e-44
-3.36312e-44
-3.36312e-44
-3.36312e-44
-3.36312e-44
-3.36312e-44
-3.36312e-44
-3.36312e-44
-3.36312e-44
-3.36312e-44
-3.36312e-44
-3.36312e-44
-3.36312e-44
-3.36312e-44
-3.36312e-44
-3.36312e-44
-3.36312e-44
-3.36312e-44
-3.36312e-44
-3.36312e-44
-3.36312e-44
-3.36312e-44
-3.36312e-44
-3.36312e-44
-3.36312e-44
-3.36312e-44
-3.36312e-44
-3.36312e-44
-3.36312e-44
-3.36312e-44
-3.36312e-44
-3.36312e-44
-3.36312e-44
-3.36312e-44
-3.36312e-44
-3.36312e-44
-3.36312e-44
-3.36312e-44
-3.36312e-44
-3.36312e-44
-3.36312e-44
-3.36312e-44
-3.36312e-44
-3.36312e-44
-3.36312e-44
-3.36312e-44
-3.36312e-44
-3.36312e-44
-3.36312e-44
-3.36312e-44
-3.36312e-44
-3.36312e-44
-3.36312e-44
-3.36312e-44
-3.36312e-44
-3.36312e-44
-3.36312e-44
-3.36312e-44
-3.36312e-44
-3.36312e-44
-3.36312e-44
-3.36312e-44
-3.36312e-44
-3.36312e-44
-3.36312e-44
-3.36312e-44
-3.36312e-44
-3.36312e-44
-3.36312e-44
-3.36312e-44
-3.36312e-44
-3.36312e-44
-3.36312e-44
-3.36312e-44
-3.36312e-44
-3.36312e-44
-3.36312e-44
-3.36312e-44
-3.36312e-44
-3.36312e-44
-3.36312e-44
-3.36312e-44
-3.36312e-44
-3.36312e-44
-3.36312e-44
-3.36312e-44
-3.36312e-44
-3.36312e-44
-3.36312e-44
-3.36312e-44
-3.36312e-44
-3.36312e-44
-3.36312e-44
-3.36312e-44
-3.36312e-44
-3.36312e-44
-3.36312e-44
-3.36312e-44
-3.36312e-44
-3.36312e-44
-3.36312e-44
-3.36312e-44
-3.36312e-44
-3.36312e-44
-3.36312e-44
-3.36312e-44
-3.36312e-44
-3.36312e-44
-3.36312e-44
-3.36312e-44
-3.36312e-44
-3.36312e-44
-3.36312e-44
-3.36312e-44
-3.36312e-44
-3.36312e-44
-3.36312e-44
-3.36312e-44
-3.36312e-44
-3.36312e-44
-3.36312e-44
-3.36312e-44
-3.36312e-44
-3.36312e-44
-3.36312e-44
-3.36312e-44
-3.36312e-44
-3.36312e-44
-3.36312e-44
-3.36312e-44
-3.36312e-44
-3.36312e-44
-3.36312e-44
-3.36312e-44
-3.36312e-44
-3.36312e-44
-3.36312e-44
-3.36312e-44
-3.36312e-44
-3.36312e-44
-3.36312e-44
-3.36312e-44
-3.36312e-44
-3.36312e-44
-3.36312e-44
-3.36312e-44
-3.36312e-44
-3.36312e-44
-3.36312e-44
-3.36312e-44
-3.36312e-44
-3.36312e-44
-3.36312e-44
-3.36312e-44
-3.36312e-44
-3.36312e-44
-3.36312e-44
-3.36312e-44
-3.36312e-44
-3.36312e-44
-3.36312e-44
-3.36312e-44
-3.36312e-44
-3.36312e-44
-3.36312e-44
-3.36312e-44
-3.36312e-44
-3.36312e-44
-3.36312e-44
-3.36312e-44
-3.36312e-44
-3.36312e-44
-3.36312e-44
-3.36312e-44
-3.36312e-44
-3.36312e-44
-3.36312e-44
-3.36312e-44
-3.36312e-44
-3.36312e-44
-3.36312e-44
-3.36312e-44
-3.36312e-44
-3.36312e-44
-3.36312e-44
-3.36312e-44
-3.36312e-44
-3.36312e-44
-3.36312e-44
-3.36312e-44
-3.36312e-44
-3.36312e-44
-3.36312e-44
-3.36312e-44
-3.36312e-44
-3.36312e-44
-3.36312e-44
-3.36312e-44
-3.36312e-44
-3.36312e-44
-3.36312e-44
-3.36312e-44
-3.36312e-44
-3.36312e-44
-3.36312e-44
-3.36312e-44
-3.36312e-44
-3.36312e-44
-3.36312e-44
-3.36312e-44
-3.36312e-44
-3.36312e-44
-3.36312e-44
-3.36312e-44
-3.36312e-44
-3.36312e-44
-3.36312e-44
-3.36312e-44
-3.36312e-44
-3.36312e-44
-3.36312e-44
-3.36312e-44
-3.36312e-44
-3.36312e-44
-3.36312e-44
-3.36312e-44
-3.36312e-44
-3.36312e-44
-3.36312e-44
-3.36312e-44
-3.36312e-44
-3.36312e-44
-3.36312e-44
-3.36312e-44
-3.36312e-44
-3.36312e-44
-3.36312e-44
-3.36312e-44
-3.36312e-44
-3.36312e-44
-3.36312e-44
-3.36312e-44
-3.36312e-44
-3.36312e-44
-3.36312e-44
-3.36312e-44
-3.36312e-44
-3.36312e-44
-3.36312e-44
-3.36312e-44
-3.36312e-44
-3.36312e-44
-3.36312e-44
-3.36312e-44
-3.36312e-44
-3.36312e-44
-3.36312e-44
-3.36312e-44
-3.36312e-44
-3.36312e-44
-3.36312e-44
-3.36312e-44
-3.36312e-44
-3.36312e-44
-3.36312e-44
-3.36312e-44
-3.36312e-44
-3.36312e-44
-3.36312e-44
-3.36312e-44
-3.36312e-44
-3.36312e-44
-3.36312e-44
-3.36312e-44
-3.36312e-44
-3.36312e-44
-3.36312e-44
-3.36312e-44
-3.36312e-44
-3.36312e-44
-3.36312e-44
-3.36312e-44
-3.36312e-44
-3.36312e-44
-3.36312e-44
-3.36312e-44
-3.36312e-44
-3.36312e-44
-3.36312e-44
-3.36312e-44
-3.36312e-44
-3.36312e-44
-3.36312e-44
-3.36312e-44
-3.36312e-44
-3.36312e-44
-3.36312e-44
-3.36312e-44
-3.36312e-44
-3.36312e-44
-3.36312e-44
-3.36312e-44
-3.36312e-44
-3.36312e-44
-3.36312e-44
-3.36312e-44
-3.36312e-44
-3.36312e-44
-3.36312e-44
-3.36312e-44
-3.36312e-44
-3.36312e-44
-3.36312e-44
-3.36312e-44
-3.36312e-44
-3.36312e-44
-3.36312e-44
-3.36312e-44
-3.36312e-44
-3.36312e-44
-3.36312e-44
-3.36312e-44
-3.36312e-44
-3.36312e-44
-3.36312e-44
-3.36312e-44
-3.36312e-44
-3.36312e-44
-3.36312e-44
-3.36312e-44
-3.36312e-44
-3.36312e-44
-3.36312e-44
-3.36312e-44
-3.36312e-44
-3.36312e-44
-3.36312e-44
-3.36312e-44
-3.36312e-44
-3.36312e-44
-3.36312e-44
-3.36312e-44
-3.36312e-44
-3.36312e-44
-3.36312e-44
-3.36312e-44
-3.36312e-44
-3.36312e-44
-3.36312e-44
-3.36312e-44
-3.36312e-44
-3.36312e-44
-3.36312e-44
-3.36312e-44
-3.36312e-44
-3.36312e-44
-3.36312e-44
-3.36312e-44
-3.36312e-44
-3.36312e-44
-3.36312e-44
-3.36312e-44
-3.36312e-44
-3.36312e-44
-3.36312e-44
-3.36312e-44
-3.36312e-44
-3.36312e-44
-3.36312e-44
-3.36312e-44
-3.36312e-44
-3.36312e-44
-3.36312e-44
-3.36312e-44
-3.36312e-44
-3.36312e-44
-3.36312e-44
-3.36312e-44
-3.36312e-44
-3.36312e-44
-3.36312e-44
-3.36312e-44
-3.36312e-44
-3.36312e-44
-3.36312e-44
-3.36312e-44
-3.36312e-44
-3.36312e-44
-3.36312e-44
-3.36312e-44
-3.36312e-44
-3.36312e-44
-3.36312e-44
-3.36312e-44
-3.36312e-44
-3.36312e-44
-3.36312e-44
-3.36312e-44
-3.36312e-44
-3.36312e-44
-3.36312e-44
-3.36312e-44
-3.36312e-44
-3.36312e-44
-3.36312e-44
-3.36312e-44
-3.36312e-44
-3.36312e-44
-3.36312e-44
-3.36312e-44
-3.36312e-44
-3.36312e-44
-3.36312e-44
-3.36312e-44
-3.36312e-44
-3.36312e-44
-3.36312e-44
-3.36312e-44
-3.36312e-44
-3.36312e-44
-3.36312e-44
-3.36312e-44
-3.36312e-44
-3.36312e-44
-3.36312e-44
-3.36312e-44
-3.36312e-44
-3.36312e-44
-3.36312e-44
-3.36312e-44
-3.36312e-44
-3.36312e-44
-3.36312e-44
-3.36312e-44
-3.36312e-44
-3.36312e-44
-3.36312e-44
-3.36312e-44
-3.36312e-44
-3.36312e-44
-3.36312e-44
-3.36312e-44
-3.36312e-44
-3.36312e-44
-3.36312e-44
-3.36312e-44
-3.36312e-44
-3.36312e-44
-3.36312e-44
-3.36312e-44
-3.36312e-44
-3.36312e-44
-3.36312e-44
-3.36312e-44
-3.36312e-44
-3.36312e-44
-3.36312e-44
-3.36312e-44
-3.36312e-44
-3.36312e-44
-3.36312e-44
-3.36312e-44
-3.36312e-44
-3.36312e-44
-3.36312e-44
-3.36312e-44
-3.36312e-44
-3.36312e-44
-3.36312e-44
-3.36312e-44
-3.36312e-44
-3.36312e-44
-3.36312e-44
-3.36312e-44
-3.36312e-44
-3.36312e-44
-3.36312e-44
-3.36312e-44
-3.36312e-44
-3.36312e-44
-3.36312e-44
-3.36312e-44
-3.36312e-44
-3.36312e-44
-3.36312e-44
-3.36312e-44
-3.36312e-44
-3.36312e-44
-3.36312e-44
-3.36312e-44
-3.36312e-44
-3.36312e-44
-3.36312e-44
-3.36312e-44
-3.36312e-44
-3.36312e-44
-3.36312e-44
-3.36312e-44
-3.36312e-44
-3.36312e-44
-3.36312e-44
-3.36312e-44
-3.36312e-44
-3.36312e-44
-3.36312e-44
-3.36312e-44
-3.36312e-44
-3.36312e-44
-3.36312e-44
-3.36312e-44
-3.36312e-44
-3.36312e-44
-3.36312e-44
-3.36312e-44
-3.36312e-44
-3.36312e-44
-3.36312e-44
-3.36312e-44
-3.36312e-44
-3.36312e-44
-3.36312e-44
-3.36312e-44
-3.36312e-44
-3.36312e-44
-3.36312e-44
-3.36312e-44
-3.36312e-44
-3.36312e-44
-3.36312e-44
-3.36312e-44
-3.36312e-44
-3.36312e-44
-3.36312e-44
-3.36312e-44
-3.36312e-44
-3.36312e-44
-3.36312e-44
-3.36312e-44
-3.36312e-44
-3.36312e-44
-3.36312e-44
-3.36312e-44
-3.36312e-44
-3.36312e-44
-3.36312e-44
-3.36312e-44
-3.36312e-44
-3.36312e-44
-3.36312e-44
-3.36312e-44
-3.36312e-44
-3.36312e-44
-3.36312e-44
-3.36312e-44
-3.36312e-44
-3.36312e-44
-3.36312e-44
-3.36312e-44
-3.36312e-44
-3.36312e-44
-3.36312e-44
-3.36312e-44
-3.36312e-44
-3.36312e-44
-3.36312e-44
-3.36312e-44
-3.36312e-44
-3.36312e-44
-3.36312e-44
-3.36312e-44
-3.36312e-44
-3.36312e-44
-3.36312e-44
-3.36312e-44
-3.36312e-44
-3.36312e-44
-3.36312e-44
-3.36312e-44
-3.36312e-44
-3.36312e-44
-3.36312e-44
-3.36312e-44
-3.36312e-44
-3.36312e-44
-3.36312e-44
-3.36312e-44
-3.36312e-44
-3.36312e-44
-3.36312e-44
-3.36312e-44
-3.36312e-44
-3.36312e-44
-3.36312e-44
-3.36312e-44
-3.36312e-44
-3.36312e-44
-3.36312e-44
-3.36312e-44
-3.36312e-44
-3.36312e-44
-3.36312e-44
-3.36312e-44
-3.36312e-44
-3.36312e-44
-3.36312e-44
-3.36312e-44
-3.36312e-44
-3.36312e-44
-3.36312e-44
-3.36312e-44
-3.36312e-44
-3.36312e-44
-3.36312e-44
-3.36312e-44
-3.36312e-44
-3.36312e-44
-3.36312e-44
-3.36312e-44
-3.36312e-44
-3.36312e-44
-3.36312e-44
-3.36312e-44
-3.36312e-44
-3.36312e-44
-3.36312e-44
-3.36312e-44
-3.36312e-44
-3.36312e-44
-3.36312e-44
-3.36312e-44
-3.36312e-44
-3.36312e-44
-3.36312e-44
-3.36312e-44
-3.36312e-44
-3.36312e-44
-3.36312e-44
-3.36312e-44
-3.36312e-44
-3.36312e-44
-3.36312e-44
-3.36312e-44
-3.36312e-44
-3.36312e-44
-3.36312e-44
-3.36312e-44
-3.36312e-44
-3.36312e-44
-3.36312e-44
-3.36312e-44
-3.36312e-44
-3.36312e-44
-3.36312e-44
-3.36312e-44
-3.36312e-44
-3.36312e-44
-3.36312e-44
-3.36312e-44
-3.36312e-44
-3.36312e-44
-3.36312e-44
-3.36312e-44
-3.36312e-44
-3.36312e-44
-3.36312e-44
-3.36312e-44
-3.36312e-44
-3.36312e-44
-3.36312e-44
-3.36312e-44
-3.36312e-44
-3.36312e-44
-3.36312e-44
-3.36312e-44
-3.36312e-44
-3.36312e-44
-3.36312e-44
-3.36312e-44
-3.36312e-44
-3.36312e-44
-3.36312e-44
-3.36312e-44
-3.36312e-44
-3.36312e-44
-3.36312e-44
-3.36312e-44
-3.36312e-44
-3.36312e-44
-3.36312e-44
-3.36312e-44
-3.36312e-44
-3.36312e-44
-3.36312e-44
-3.36312e-44
-3.36312e-44
-3.36312e-44
-3.36312e-44
-3.36312e-44
-3.36312e-44
-3.36312e-44
-3.36312e-44
-3.36312e-44
-3.36312e-44
-3.36312e-44
-3.36312e-44
-3.36312e-44
-3.36312e-44
-3.36312e-44
-3.36312e-44
-3.36312e-44
-3.36312e-44
-3.36312e-44
-3.36312e-44
-3.36312e-44
-3.36312e-44
-3.36312e-44
-3.36312e-44
-3.36312e-44
-3.36312e-44
-3.36312e-44
-3.36312e-44
-3.36312e-44
-3.36312e-44
-3.36312e-44
-3.36312e-44
-3.36312e-44
-3.36312e-44
-3.36312e-44
-3.36312e-44
-3.36312e-44
-3.36312e-44
-3.36312e-44
-3.36312e-44
-3.36312e-44
-3.36312e-44
-3.36312e-44
-3.36312e-44
-3.36312e-44
-3.36312e-44
-3.36312e-44
-3.36312e-44
-3.36312e-44
-3.36312e-44
-3.36312e-44
-3.36312e-44
-3.36312e-44
-3.36312e-44
-3.36312e-44
-3.36312e-44
-3.36312e-44
-3.36312e-44
-3.36312e-44
-3.36312e-44
-3.36312e-44
-3.36312e-44
-3.36312e-44
-3.36312e-44
-3.36312e-44
-3.36312e-44
-3.36312e-44
-3.36312e-44
-3.36312e-44
-3.36312e-44
-3.36312e-44
-3.36312e-44
-3.36312e-44
-3.36312e-44
-3.36312e-44
-3.36312e-44
-3.36312e-44
-3.36312e-44
-3.36312e-44
-3.36312e-44
-3.36312e-44
-3.36312e-44
-3.36312e-44
-3.36312e-44
-3.36312e-44
-3.36312e-44
-3.36312e-44
-3.36312e-44
-3.36312e-44
-3.36312e-44
-3.36312e-44
-3.36312e-44
-3.36312e-44
-3.36312e-44
-3.36312e-44
-3.36312e-44
-3.36312e-44
-3.36312e-44
-3.36312e-44
-3.36312e-44
-3.36312e-44
-3.36312e-44
-3.36312e-44
-3.36312e-44
-3.36312e-44
-3.36312e-44
-3.36312e-44
-3.36312e-44
-3.36312e-44
-3.36312e-44
-3.36312e-44
-3.36312e-44
-3.36312e-44
-3.36312e-44
-3.36312e-44
-3.36312e-44
-3.36312e-44
-3.36312e-44
-3.36312e-44
-3.36312e-44
-3.36312e-44
-3.36312e-44
-3.36312e-44
-3.36312e-44
-3.36312e-44
-3.36312e-44
-3.36312e-44
-3.36312e-44
-3.36312e-44
-3.36312e-44
-3.36312e-44
-3.36312e-44
-3.36312e-44
-3.36312e-44
-3.36312e-44
-3.36312e-44
-3.36312e-44
-3.36312e-44
-3.36312e-44
-3.36312e-44
-3.36312e-44
-3.36312e-44
-3.36312e-44
-3.36312e-44
-3.36312e-44
-3.36312e-44
-3.36312e-44
-3.36312e-44
-3.36312e-44
-3.36312e-44
-3.36312e-44
-3.36312e-44
-3.36312e-44
-3.36312e-44
-3.36312e-44
-3.36312e-44
-3.36312e-44
-3.36312e-44
-3.36312e-44
-3.36312e-44
-3.36312e-44
-3.36312e-44
-3.36312e-44
-3.36312e-44
-3.36312e-44
-3.36312e-44
-3.36312e-44
-3.36312e-44
-3.36312e-44
-3.36312e-44
-3.36312e-44
-3.36312e-44
-3.36312e-44
-3.36312e-44
-3.36312e-44
-3.36312e-44
-3.36312e-44
-3.36312e-44
-3.36312e-44
-3.36312e-44
-3.36312e-44
-3.36312e-44
-3.36312e-44
-3.36312e-44
-3.36312e-44
-3.36312e-44
-3.36312e-44
-3.36312e-44
-3.36312e-44
-3.36312e-44
-3.36312e-44
-3.36312e-44
-3.36312e-44
-3.36312e-44
-3.36312e-44
-3.36312e-44
-3.36312e-44
-3.36312e-44
-3.36312e-44
-3.36312e-44
-3.36312e-44
-3.36312e-44
-3.36312e-44
-3.36312e-44
-3.36312e-44
-3.36312e-44
-3.36312e-44
-3.36312e-44
-3.36312e-44
-3.36312e-44
-3.36312e-44
-3.36312e-44
-3.36312e-44
-3.36312e-44
-3.36312e-44
-3.36312e-44
-3.36312e-44
-3.36312e-44
-3.36312e-44
-3.36312e-44
-3.36312e-44
-3.36312e-44
-3.36312e-44
-3.36312e-44
-3.36312e-44
-3.36312e-44
-3.36312e-44
-3.36312e-44
-3.36312e-44
-3.36312e-44
-3.36312e-44
-3.36312e-44
-3.36312e-44
-3.36312e-44
-3.36312e-44
-3.36312e-44
-3.36312e-44
-3.36312e-44
-3.36312e-44
-3.36312e-44
-3.36312e-44
-3.36312e-44
-3.36312e-44
-3.36312e-44
-3.36312e-44
-3.36312e-44
-3.36312e-44
-3.36312e-44
-3.36312e-44
-3.36312e-44
-3.36312e-44
-3.36312e-44
-3.36312e-44
-3.36312e-44
-3.36312e-44
-3.36312e-44
-3.36312e-44
-3.36312e-44
-3.36312e-44
-3.36312e-44
-3.36312e-44
-3.36312e-44
-3.36312e-44
-3.36312e-44
-3.36312e-44
-3.36312e-44
-3.36312e-44
-3.36312e-44
-3.36312e-44
-3.36312e-44
-3.36312e-44
-3.36312e-44
-3.36312e-44
-3.36312e-44
-3.36312e-44
-3.36312e-44
-3.36312e-44
-3.36312e-44
-3.36312e-44
-3.36312e-44
-3.36312e-44
-3.36312e-44
-3.36312e-44
-3.36312e-44
-3.36312e-44
-3.36312e-44
-3.36312e-44
-3.36312e-44
-3.36312e-44
-3.36312e-44
-3.36312e-44
-3.36312e-44
-3.36312e-44
-3.36312e-44
-3.36312e-44
-3.36312e-44
-3.36312e-44
-3.36312e-44
-3.36312e-44
-3.36312e-44
-3.36312e-44
-3.36312e-44
-3.36312e-44
-3.36312e-44
-3.36312e-44
-3.36312e-44
-3.36312e-44
-3.36312e-44
-3.36312e-44
-3.36312e-44
-3.36312e-44
-3.36312e-44
-3.36312e-44
-3.36312e-44
-3.36312e-44
-3.36312e-44
-3.36312e-44
-3.36312e-44
-3.36312e-44
-3.36312e-44
-3.36312e-44
-3.36312e-44
-3.36312e-44
-3.36312e-44
-3.36312e-44
-3.36312e-44
-3.36312e-44
-3.36312e-44
-3.36312e-44
-3.36312e-44
-3.36312e-44
-3.36312e-44
-3.36312e-44
-3.36312e-44
-3.36312e-44
-3.36312e-44
-3.36312e-44
-3.36312e-44
-3.36312e-44
-3.36312e-44
-3.36312e-44
-3.36312e-44
-3.36312e-44
-3.36312e-44
-3.36312e-44
-3.36312e-44
-3.36312e-44
-3.36312e-44
-3.36312e-44
-3.36312e-44
-3.36312e-44
-3.36312e-44
-3.36312e-44
-3.36312e-44
-3.36312e-44
-3.36312e-44
-3.36312e-44
-3.36312e-44
-3.36312e-44
-3.36312e-44
-3.36312e-44
-3.36312e-44
-3.36312e-44
-3.36312e-44
-3.36312e-44
-3.36312e-44
-3.36312e-44
-3.36312e-44
-3.36312e-44
-3.36312e-44
-3.36312e-44
-3.36312e-44
-3.36312e-44
-3.36312e-44
-3.36312e-44
-3.36312e-44
-3.36312e-44
-3.36312e-44
-3.36312e-44
-3.36312e-44
-3.36312e-44
-3.36312e-44
-3.36312e-44
-3.36312e-44
-3.36312e-44
-3.36312e-44
-3.36312e-44
-3.36312e-44
-3.36312e-44
-3.36312e-44
-3.36312e-44
-3.36312e-44
-3.36312e-44
-3.36312e-44
-3.36312e-44
-3.36312e-44
-3.36312e-44
-3.36312e-44
-3.36312e-44
-3.36312e-44
-3.36312e-44
-3.36312e-44
-3.36312e-44
-3.36312e-44
-3.36312e-44
-3.36312e-44
-3.36312e-44
-3.36312e-44
-3.36312e-44
-3.36312e-44
-3.36312e-44
-3.36312e-44
-3.36312e-44
-3.36312e-44
-3.36312e-44
-3.36312e-44
-3.36312e-44
-3.36312e-44
-3.36312e-44
-3.36312e-44
-3.36312e-44
-3.36312e-44
-3.36312e-44
-3.36312e-44
-3.36312e-44
-3.36312e-44
-3.36312e-44
-3.36312e-44
-3.36312e-44
-3.36312e-44
-3.36312e-44
-3.36312e-44
-3.36312e-44
-3.36312e-44
-3.36312e-44
-3.36312e-44
-3.36312e-44
-3.36312e-44
-3.36312e-44
-3.36312e-44
-3.36312e-44
-3.36312e-44
-3.36312e-44
-3.36312e-44
-3.36312e-44
-3.36312e-44
-3.36312e-44
-3.36312e-44
-3.36312e-44
-3.36312e-44
-3.36312e-44
-3.36312e-44
-3.36312e-44
-3.36312e-44
-3.36312e-44
-3.36312e-44
-3.36312e-44
-3.36312e-44
-3.36312e-44
-3.36312e-44
-3.36312e-44
-3.36312e-44
-3.36312e-44
-3.36312e-44
-3.36312e-44
-3.36312e-44
-3.36312e-44
-3.36312e-44
-3.36312e-44
-3.36312e-44
-3.36312e-44
-3.36312e-44
-3.36312e-44
-3.36312e-44
-3.36312e-44
-3.36312e-44
-3.36312e-44
-3.36312e-44
-3.36312e-44
-3.36312e-44
-3.36312e-44
-3.36312e-44
-3.36312e-44
-3.36312e-44
-3.36312e-44
-3.36312e-44
-3.36312e-44
-3.36312e-44
-3.36312e-44
-3.36312e-44
-3.36312e-44
-3.36312e-44
-3.36312e-44
-3.36312e-44
-3.36312e-44
-3.36312e-44
-3.36312e-44
-3.36312e-44
-3.36312e-44
-3.36312e-44
-3.36312e-44
-3.36312e-44
-3.36312e-44
-3.36312e-44
-3.36312e-44
-3.36312e-44
-3.36312e-44
-3.36312e-44
-3.36312e-44
-3.36312e-44
-3.36312e-44
-3.36312e-44
-3.36312e-44
-3.36312e-44
-3.36312e-44
-3.36312e-44
-3.36312e-44
-3.36312e-44
-3.36312e-44
-3.36312e-44
-3.36312e-44
-3.36312e-44
-3.36312e-44
-3.36312e-44
-3.36312e-44
-3.36312e-44
-3.36312e-44
-3.36312e-44
-3.36312e-44
-3.36312e-44
-3.36312e-44
-3.36312e-44
-3.36312e-44
-3.36312e-44
-3.36312e-44
-3.36312e-44
-3.36312e-44
-3.36312e-44
-3.36312e-44
-3.36312e-44
-3.36312e-44
-3.36312e-44
-3.36312e-44
-3.36312e-44
-3.36312e-44
-3.36312e-44
-3.36312e-44
-3.36312e-44
-3.36312e-44
-3.36312e-44
-3.36312e-44
-3.36312e-44
-3.36312e-44
-3.36312e-44
-3.36312e-44
-3.36312e-44
-3.36312e-44
-3.36312e-44
-3.36312e-44
-3.36312e-44
-3.36312e-44
-3.36312e-44
-3.36312e-44
-3.36312e-44
-3.36312e-44
-3.36312e-44
-3.36312e-44
-3.36312e-44
-3.36312e-44
-3.36312e-44
-3.36312e-44
-3.36312e-44
-3.36312e-44
-3.36312e-44
-3.36312e-44
-3.36312e-44
-3.36312e-44
-3.36312e-44
-3.36312e-44
-3.36312e-44
-3.36312e-44
-3.36312e-44
-3.36312e-44
-3.36312e-44
-3.36312e-44
-3.36312e-44
-3.36312e-44
-3.36312e-44
-3.36312e-44
-3.36312e-44
-3.36312e-44
-3.36312e-44
-3.36312e-44
-3.36312e-44
-3.36312e-44
-3.36312e-44
-3.36312e-44
-3.36312e-44
-3.36312e-44
-3.36312e-44
-3.36312e-44
-3.36312e-44
-3.36312e-44
-3.36312e-44
-3.36312e-44
-3.36312e-44
-3.36312e-44
-3.36312e-44
-3.36312e-44
-3.36312e-44
-3.36312e-44
-3.36312e-44
-3.36312e-44
-3.36312e-44
-3.36312e-44
-3.36312e-44
-3.36312e-44
-3.36312e-44
-3.36312e-44
-3.36312e-44
-3.36312e-44
-3.36312e-44
-3.36312e-44
-3.36312e-44
-3.36312e-44
-3.36312e-44
-3.36312e-44
-3.36312e-44
-3.36312e-44
-3.36312e-44
-3.36312e-44
-3.36312e-44
-3.36312e-44
-3.36312e-44
-3.36312e-44
-3.36312e-44
-3.36312e-44
-3.36312e-44
-3.36312e-44
-3.36312e-44
-3.36312e-44
-3.36312e-44
-3.36312e-44
-3.36312e-44
-3.36312e-44
-3.36312e-44
-3.36312e-44
-3.36312e-44
-3.36312e-44
-3.36312e-44
-3.36312e-44
-3.36312e-44
-3.36312e-44
-3.36312e-44
-3.36312e-44
-3.36312e-44
-3.36312e-44
-3.36312e-44
-3.36312e-44
-3.36312e-44
-3.36312e-44
-3.36312e-44
-3.36312e-44
-3.36312e-44
-3.36312e-44
-3.36312e-44
-3.36312e-44
-3.36312e-44
-3.36312e-44
-3.36312e-44
-3.36312e-44
-3.36312e-44
-3.36312e-44
-3.36312e-44
-3.36312e-44
-3.36312e-44
-3.36312e-44
-3.36312e-44
-3.36312e-44
-3.36312e-44
-3.36312e-44
-3.36312e-44
-3.36312e-44
-3.36312e-44
-3.36312e-44
-3.36312e-44
-3.36312e-44
-3.36312e-44
-3.36312e-44
-3.36312e-44
-3.36312e-44
-3.36312e-44
-3.36312e-44
-3.36312e-44
-3.36312e-44
-3.36312e-44
-3.36312e-44
-3.36312e-44
-3.36312e-44
-3.36312e-44
-3.36312e-44
-3.36312e-44
-3.36312e-44
-3.36312e-44
-3.36312e-44
-3.36312e-44
-3.36312e-44
-3.36312e-44
-3.36312e-44
-3.36312e-44
-3.36312e-44
-3.36312e-44
-3.36312e-44
-3.36312e-44
-3.36312e-44
-3.36312e-44
-3.36312e-44
-3.36312e-44
-3.36312e-44
-3.36312e-44
-3.36312e-44
-3.36312e-44
-3.36312e-44
-3.36312e-44
-3.36312e-44
-3.36312e-44
-3.36312e-44
-3.36312e-44
-3.36312e-44
-3.36312e-44
-3.36312e-44
-3.36312e-44
-3.36312e-44
-3.36312e-44
-3.36312e-44
-3.36312e-44
-3.36312e-44
-3.36312e-44
-3.36312e-44
-3.36312e-44
-3.36312e-44
-3.36312e-44
-3.36312e-44
-3.36312e-44
-3.36312e-44
-3.36312e-44
-3.36312e-44
-3.36312e-44
-3.36312e-44
-3.36312e-44
-3.36312e-44
-3.36312e-44
-3.36312e-44
-3.36312e-44
-3.36312e-44
-3.36312e-44
-3.36312e-44
-3.36312e-44
-3.36312e-44
-3.36312e-44
-3.36312e-44
-3.36312e-44
-3.36312e-44
-3.36312e-44
-3.36312e-44
-3.36312e-44
-3.36312e-44
-3.36312e-44
-3.36312e-44
-3.36312e-44
-3.36312e-44
-3.36312e-44
-3.36312e-44
-3.36312e-44
-3.36312e-44
-3.36312e-44
-3.36312e-44
-3.36312e-44
-3.36312e-44
-3.36312e-44
-3.36312e-44
-3.36312e-44
-3.36312e-44
-3.36312e-44
-3.36312e-44
-3.36312e-44
-3.36312e-44
-3.36312e-44
-3.36312e-44
-3.36312e-44
-3.36312e-44
-3.36312e-44
-3.36312e-44
-3.36312e-44
-3.36312e-44
-3.36312e-44
-3.36312e-44
-3.36312e-44
-3.36312e-44
-3.36312e-44
-3.36312e-44
-3.36312e-44
-3.36312e-44
-3.36312e-44
-3.36312e-44
-3.36312e-44
-3.36312e-44
-3.36312e-44
-3.36312e-44
-3.36312e-44
-3.36312e-44
-3.36312e-44
-3.36312e-44
-3.36312e-44
-3.36312e-44
-3.36312e-44
-3.36312e-44
-3.36312e-44
-3.36312e-44
-3.36312e-44
-3.36312e-44
-3.36312e-44
-3.36312e-44
-3.36312e-44
-3.36312e-44
-3.36312e-44
-3.36312e-44
-3.36312e-44
-3.36312e-44
-3.36312e-44
-3.36312e-44
-3.36312e-44
-3.36312e-44
-3.36312e-44
-3.36312e-44
-3.36312e-44
-3.36312e-44
-3.36312e-44
-3.36312e-44
-3.36312e-44
-3.36312e-44
-3.36312e-44
-3.36312e-44
-3.36312e-44
-3.36312e-44
-3.36312e-44
-3.36312e-44
-3.36312e-44
-3.36312e-44
-3.36312e-44
-3.36312e-44
-3.36312e-44
-3.36312e-44
-3.36312e-44
-3.36312e-44
-3.36312e-44
-3.36312e-44
-3.36312e-44
-3.36312e-44
-3.36312e-44
-3.36312e-44
-3.36312e-44
-3.36312e-44
-3.36312e-44
-3.36312e-44
-3.36312e-44
-3.36312e-44
-3.36312e-44
-3.36312e-44
-3.36312e-44
-3.36312e-44
-3.36312e-44
-3.36312e-44
-3.36312e-44
-3.36312e-44
-3.36312e-44
-3.36312e-44
-3.36312e-44
-3.36312e-44
-3.36312e-44
-3.36312e-44
-3.36312e-44
-3.36312e-44
-3.36312e-44
-3.36312e-44
-3.36312e-44
-3.36312e-44
-3.36312e-44
-3.36312e-44
-3.36312e-44
-3.36312e-44
-3.36312e-44
-3.36312e-44
-3.36312e-44
-3.36312e-44
-3.36312e-44
-3.36312e-44
-3.36312e-44
-3.36312e-44
-3.36312e-44
-3.36312e-44
-3.36312e-44
-3.36312e-44
-3.36312e-44
-3.36312e-44
-3.36312e-44
-3.36312e-44
-3.36312e-44
-3.36312e-44
-3.36312e-44
-3.36312e-44
-3.36312e-44
-3.36312e-44
-3.36312e-44
-3.36312e-44
-3.36312e-44
-3.36312e-44
-3.36312e-44
-3.36312e-44
-3.36312e-44
-3.36312e-44
-3.36312e-44
-3.36312e-44
-3.36312e-44
-3.36312e-44
-3.36312e-44
-3.36312e-44
-3.36312e-44
-3.36312e-44
-3.36312e-44
-3.36312e-44
-3.36312e-44
-3.36312e-44
-3.36312e-44
-3.36312e-44
-3.36312e-44
-3.36312e-44
-3.36312e-44
-3.36312e-44
-3.36312e-44
-3.36312e-44
-3.36312e-44
-3.36312e-44
-3.36312e-44
-3.36312e-44
-3.36312e-44
-3.36312e-44
-3.36312e-44
-3.36312e-44
-3.36312e-44
-3.36312e-44
-3.36312e-44
-3.36312e-44
-3.36312e-44
-3.36312e-44
-3.36312e-44
-3.36312e-44
-3.36312e-44
-3.36312e-44
-3.36312e-44
-3.36312e-44
-3.36312e-44
-3.36312e-44
-3.36312e-44
-3.36312e-44
-3.36312e-44
-3.36312e-44
-3.36312e-44
-3.36312e-44
-3.36312e-44
-3.36312e-44
-3.36312e-44
-3.36312e-44
-3.36312e-44
-3.36312e-44
-3.36312e-44
-3.36312e-44
-3.36312e-44
-3.36312e-44
-3.36312e-44
-3.36312e-44
-3.36312e-44
-3.36312e-44
-3.36312e-44
-3.36312e-44
-3.36312e-44
-3.36312e-44
-3.36312e-44
-3.36312e-44
-3.36312e-44
-3.36312e-44
-3.36312e-44
-3.36312e-44
-3.36312e-44
-3.36312e-44
-3.36312e-44
-3.36312e-44
-3.36312e-44
-3.36312e-44
-3.36312e-44
-3.36312e-44
-3.36312e-44
-3.36312e-44
-3.36312e-44
-3.36312e-44
-3.36312e-44
-3.36312e-44
-3.36312e-44
-3.36312e-44
-3.36312e-44
-3.36312e-44
-3.36312e-44
-3.36312e-44
-3.36312e-44
-3.36312e-44
-3.36312e-44
-3.36312e-44
-3.36312e-44
-3.36312e-44
-3.36312e-44
-3.36312e-44
-3.36312e-44
-3.36312e-44
-3.36312e-44
-3.36312e-44
-3.36312e-44
-3.36312e-44
-3.36312e-44
-3.36312e-44
-3.36312e-44
-3.36312e-44
-3.36312e-44
-3.36312e-44
-3.36312e-44
-3.36312e-44
-3.36312e-44
-3.36312e-44
-3.36312e-44
-3.36312e-44
-3.36312e-44
-3.36312e-44
-3.36312e-44
-3.36312e-44
-3.36312e-44
-3.36312e-44
-3.36312e-44
-3.36312e-44
-3.36312e-44
-3.36312e-44
-3.36312e-44
-3.36312e-44
-3.36312e-44
-3.36312e-44
-3.36312e-44
-3.36312e-44
-3.36312e-44
-3.36312e-44
-3.36312e-44
-3.36312e-44
-3.36312e-44
-3.36312e-44
-3.36312e-44
-3.36312e-44
-3.36312e-44
-3.36312e-44
-3.36312e-44
-3.36312e-44
-3.36312e-44
-3.36312e-44
-3.36312e-44
-3.36312e-44
-3.36312e-44
-3.36312e-44
-3.36312e-44
-3.36312e-44
-3.36312e-44
-3.36312e-44
-3.36312e-44
-3.36312e-44
-3.36312e-44
-3.36312e-44
-3.36312e-44
-3.36312e-44
-3.36312e-44
-3.36312e-44
-3.36312e-44
-3.36312e-44
-3.36312e-44
-3.36312e-44
-3.36312e-44
-3.36312e-44
-3.36312e-44
-3.36312e-44
-3.36312e-44
-3.36312e-44
-3.36312e-44
-3.36312e-44
-3.36312e-44
-3.36312e-44
-3.36312e-44
-3.36312e-44
-3.36312e-44
-3.36312e-44
-3.36312e-44
-3.36312e-44
-3.36312e-44
-3.36312e-44
-3.36312e-44
-3.36312e-44
-3.36312e-44
-3.36312e-44
-3.36312e-44
-3.36312e-44
-3.36312e-44
-3.36312e-44
-3.36312e-44
-3.36312e-44
-3.36312e-44
-3.36312e-44
-3.36312e-44
-3.36312e-44
-3.36312e-44
-3.36312e-44
-3.36312e-44
-3.36312e-44
-3.36312e-44
-3.36312e-44
-3.36312e-44
-3.36312e-44
-3.36312e-44
-3.36312e-44
-3.36312e-44
-3.36312e-44
-3.36312e-44
-3.36312e-44
-3.36312e-44
-3.36312e-44
-3.36312e-44
-3.36312e-44
-3.36312e-44
-3.36312e-44
-3.36312e-44
-3.36312e-44
-3.36312e-44
-3.36312e-44
-3.36312e-44
-3.36312e-44
-3.36312e-44
-3.36312e-44
-3.36312e-44
-3.36312e-44
-3.36312e-44
-3.36312e-44
-3.36312e-44
-3.36312e-44
-3.36312e-44
-3.36312e-44
-3.36312e-44
-3.36312e-44
-3.36312e-44
-3.36312e-44
-3.36312e-44
-3.36312e-44
-3.36312e-44
-3.36312e-44
-3.36312e-44
-3.36312e-44
-3.36312e-44
-3.36312e-44
-3.36312e-44
-3.36312e-44
-3.36312e-44
-3.36312e-44
-3.36312e-44
-3.36312e-44
-3.36312e-44
-3.36312e-44
-3.36312e-44
-3.36312e-44
-3.36312e-44
-3.36312e-44
-3.36312e-44
-3.36312e-44
-3.36312e-44
-3.36312e-44
-3.36312e-44
-3.36312e-44
-3.36312e-44
-3.36312e-44
-3.36312e-44
-3.36312e-44
-3.36312e-44
-3.36312e-44
-3.36312e-44
-3.36312e-44
-3.36312e-44
-3.36312e-44
-3.36312e-44
-3.36312e-44
-3.36312e-44
-3.36312e-44
-3.36312e-44
-3.36312e-44
-3.36312e-44
-3.36312e-44
-3.36312e-44
-3.36312e-44
-3.36312e-44
-3.36312e-44
-3.36312e-44
-3.36312e-44
-3.36312e-44
-3.36312e-44
-3.36312e-44
-3.36312e-44
-3.36312e-44
-3.36312e-44
-3.36312e-44
-3.36312e-44
-3.36312e-44
-3.36312e-44
-3.36312e-44
-3.36312e-44
-3.36312e-44
-3.36312e-44
-3.36312e-44
-3.36312e-44
-3.36312e-44
-3.36312e-44
-3.36312e-44
-3.36312e-44
-3.36312e-44
-3.36312e-44
-3.36312e-44
-3.36312e-44
-3.36312e-44
-3.36312e-44
-3.36312e-44
-3.36312e-44
-3.36312e-44
-3.36312e-44
-3.36312e-44
-3.36312e-44
-3.36312e-44
-3.36312e-44
-3.36312e-44
-3.36312e-44
-3.36312e-44
-3.36312e-44
-3.36312e-44
-3.36312e-44
-3.36312e-44
-3.36312e-44
-3.36312e-44
-3.36312e-44
-3.36312e-44
-3.36312e-44
-3.36312e-44
-3.36312e-44
-3.36312e-44
-3.36312e-44
-3.36312e-44
-3.36312e-44
-3.36312e-44
-3.36312e-44
-3.36312e-44
-3.36312e-44
-3.36312e-44
-3.36312e-44
-3.36312e-44
-3.36312e-44
-3.36312e-44
-3.36312e-44
-3.36312e-44
-3.36312e-44
-3.36312e-44
-3.36312e-44
-3.36312e-44
-3.36312e-44
-3.36312e-44
-3.36312e-44
-3.36312e-44
-3.36312e-44
-3.36312e-44
-3.36312e-44
-3.36312e-44
-3.36312e-44
-3.36312e-44
-3.36312e-44
-3.36312e-44
-3.36312e-44
-3.36312e-44
-3.36312e-44
-3.36312e-44
-3.36312e-44
-3.36312e-44
-3.36312e-44
-3.36312e-44
-3.36312e-44
-3.36312e-44
-3.36312e-44
-3.36312e-44
-3.36312e-44
-3.36312e-44
-3.36312e-44
-3.36312e-44
-3.36312e-44
-3.36312e-44
-3.36312e-44
-3.36312e-44
-3.36312e-44
-3.36312e-44
-3.36312e-44
-3.36312e-44
-3.36312e-44
-3.36312e-44
-3.36312e-44
-3.36312e-44
-3.36312e-44
-3.36312e-44
-3.36312e-44
-3.36312e-44
-3.36312e-44
-3.36312e-44
-3.36312e-44
-3.36312e-44
-3.36312e-44
-3.36312e-44
-3.36312e-44
-3.36312e-44
-3.36312e-44
-3.36312e-44
-3.36312e-44
-3.36312e-44
-3.36312e-44
-3.36312e-44
-3.36312e-44
-3.36312e-44
-3.36312e-44
-3.36312e-44
-3.36312e-44
-3.36312e-44
-3.36312e-44
-3.36312e-44
-3.36312e-44
-3.36312e-44
-3.36312e-44
-3.36312e-44
-3.36312e-44
-3.36312e-44
-3.36312e-44
-3.36312e-44
-3.36312e-44
-3.36312e-44
-3.36312e-44
-3.36312e-44
-3.36312e-44
-3.36312e-44
-3.36312e-44
-3.36312e-44
-3.36312e-44
-3.36312e-44
-3.36312e-44
-3.36312e-44
-3.36312e-44
-3.36312e-44
-3.36312e-44
-3.36312e-44
-3.36312e-44
-3.36312e-44
-3.36312e-44
-3.36312e-44
-3.36312e-44
-3.36312e-44
-3.36312e-44
-3.36312e-44
-3.36312e-44
-3.36312e-44
-3.36312e-44
-3.36312e-44
-3.36312e-44
-3.36312e-44
-3.36312e-44
-3.36312e-44
-3.36312e-44
-3.36312e-44
-3.36312e-44
-3.36312e-44
-3.36312e-44
-3.36312e-44
-3.36312e-44
-3.36312e-44
-3.36312e-44
-3.36312e-44
-3.36312e-44
-3.36312e-44
-3.36312e-44
-3.36312e-44
-3.36312e-44
-3.36312e-44
-3.36312e-44
-3.36312e-44
-3.36312e-44
-3.36312e-44
-3.36312e-44
-3.36312e-44
-3.36312e-44
-3.36312e-44
-3.36312e-44
-3.36312e-44
-3.36312e-44
-3.36312e-44
-3.36312e-44
-3.36312e-44
-3.36312e-44
-3.36312e-44
-3.36312e-44
-3.36312e-44
-3.36312e-44
-3.36312e-44
-3.36312e-44
-3.36312e-44
-3.36312e-44
-3.36312e-44
-3.36312e-44
-3.36312e-44
-3.36312e-44
-3.36312e-44
-3.36312e-44
-3.36312e-44
-3.36312e-44
-3.36312e-44
-3.36312e-44
-3.36312e-44
-3.36312e-44
-3.36312e-44
-3.36312e-44
-3.36312e-44
-3.36312e-44
-3.36312e-44
-3.36312e-44
-3.36312e-44
-3.36312e-44
-3.36312e-44
-3.36312e-44
-3.36312e-44
-3.36312e-44
-3.36312e-44
-3.36312e-44
-3.36312e-44
-3.36312e-44
-3.36312e-44
-3.36312e-44
-3.36312e-44
-3.36312e-44
-3.36312e-44
-3.36312e-44
-3.36312e-44
-3.36312e-44
-3.36312e-44
-3.36312e-44
-3.36312e-44
-3.36312e-44
-3.36312e-44
-3.36312e-44
-3.36312e-44
-3.36312e-44
-3.36312e-44
-3.36312e-44
-3.36312e-44
-3.36312e-44
-3.36312e-44
-3.36312e-44
-3.36312e-44
-3.36312e-44
-3.36312e-44
-3.36312e-44
-3.36312e-44
-3.36312e-44
-3.36312e-44
-3.36312e-44
-3.36312e-44
-3.36312e-44
-3.36312e-44
-3.36312e-44
-3.36312e-44
-3.36312e-44
-3.36312e-44
-3.36312e-44
-3.36312e-44
-3.36312e-44
-3.36312e-44
-3.36312e-44
-3.36312e-44
-3.36312e-44
-3.36312e-44
-3.36312e-44
-3.36312e-44
-3.36312e-44
-3.36312e-44
-3.36312e-44
-3.36312e-44
-3.36312e-44
-3.36312e-44
-3.36312e-44
-3.36312e-44
-3.36312e-44
-3.36312e-44
-3.36312e-44
-3.36312e-44
-3.36312e-44
-3.36312e-44
-3.36312e-44
-3.36312e-44
-3.36312e-44
-3.36312e-44
-3.36312e-44
-3.36312e-44
-3.36312e-44
-3.36312e-44
-3.36312e-44
-3.36312e-44
-3.36312e-44
-3.36312e-44
-3.36312e-44
-3.36312e-44
-3.36312e-44
-3.36312e-44
-3.36312e-44
-3.36312e-44
-3.36312e-44
-3.36312e-44
-3.36312e-44
-3.36312e-44
-3.36312e-44
-3.36312e-44
-3.36312e-44
-3.36312e-44
-3.36312e-44
-3.36312e-44
-3.36312e-44
-3.36312e-44
-3.36312e-44
-3.36312e-44
-3.36312e-44
-3.36312e-44
-3.36312e-44
-3.36312e-44
-3.36312e-44
-3.36312e-44
-3.36312e-44
-3.36312e-44
-3.36312e-44
-3.36312e-44
-3.36312e-44
-3.36312e-44
-3.36312e-44
-3.36312e-44
-3.36312e-44
-3.36312e-44
-3.36312e-44
-3.36312e-44
-3.36312e-44
-3.36312e-44
-3.36312e-44
-3.36312e-44
-3.36312e-44
-3.36312e-44
-3.36312e-44
-3.36312e-44
-3.36312e-44
-3.36312e-44
-3.36312e-44
-3.36312e-44
-3.36312e-44
-3.36312e-44
-3.36312e-44
-3.36312e-44
-3.36312e-44
-3.36312e-44
-3.36312e-44
-3.36312e-44
-3.36312e-44
-3.36312e-44
-3.36312e-44
-3.36312e-44
-3.36312e-44
-3.36312e-44
-3.36312e-44
-3.36312e-44
-3.36312e-44
-3.36312e-44
-3.36312e-44
-3.36312e-44
-3.36312e-44
-3.36312e-44
-3.36312e-44
-3.36312e-44
-3.36312e-44
-3.36312e-44
-3.36312e-44
-3.36312e-44
-3.36312e-44
-3.36312e-44
-3.36312e-44
-3.36312e-44
-3.36312e-44
-3.36312e-44
-3.36312e-44
-3.36312e-44
-3.36312e-44
-3.36312e-44
-3.36312e-44
-3.36312e-44
-3.36312e-44
-3.36312e-44
-3.36312e-44
-3.36312e-44
-3.36312e-44
-3.36312e-44
-3.36312e-44
-3.36312e-44
-3.36312e-44
-3.36312e-44
-3.36312e-44
-3.36312e-44
-3.36312e-44
-3.36312e-44
-3.36312e-44
-3.36312e-44
-3.36312e-44
-3.36312e-44
-3.36312e-44
-3.36312e-44
-3.36312e-44
-3.36312e-44
-3.36312e-44
-3.36312e-44
-3.36312e-44
-3.36312e-44
-3.36312e-44
-3.36312e-44
-3.36312e-44
-3.36312e-44
-3.36312e-44
-3.36312e-44
-3.36312e-44
-3.36312e-44
-3.36312e-44
-3.36312e-44
-3.36312e-44
-3.36312e-44
-3.36312e-44
-3.36312e-44
-3.36312e-44
-3.36312e-44
-3.36312e-44
-3.36312e-44
-3.36312e-44
-3.36312e-44
-3.36312e-44
-3.36312e-44
-3.36312e-44
-3.36312e-44
-3.36312e-44
-3.36312e-44
-3.36312e-44
-3.36312e-44
-3.36312e-44
-3.36312e-44
-3.36312e-44
-3.36312e-44
-3.36312e-44
-3.36312e-44
-3.36312e-44
-3.36312e-44
-3.36312e-44
-3.36312e-44
-3.36312e-44
-3.36312e-44
-3.36312e-44
-3.36312e-44
-3.36312e-44
-3.36312e-44
-3.36312e-44
-3.36312e-44
-3.36312e-44
-3.36312e-44
-3.36312e-44
-3.36312e-44
-3.36312e-44
-3.36312e-44
-3.36312e-44
-3.36312e-44
-3.36312e-44
-3.36312e-44
-3.36312e-44
-3.36312e-44
-3.36312e-44
-3.36312e-44
-3.36312e-44
-3.36312e-44
-3.36312e-44
-3.36312e-44
-3.36312e-44
-3.36312e-44
-3.36312e-44
-3.36312e-44
-3.36312e-44
-3.36312e-44
-3.36312e-44
-3.36312e-44
-3.36312e-44
-3.36312e-44
-3.36312e-44
-3.36312e-44
-3.36312e-44
-3.36312e-44
-3.36312e-44
-3.36312e-44
-3.36312e-44
-3.36312e-44
-3.36312e-44
-3.36312e-44
-3.36312e-44
-3.36312e-44
-3.36312e-44
-3.36312e-44
-3.36312e-44
-3.36312e-44
-3.36312e-44
-3.36312e-44
-3.36312e-44
-3.36312e-44
-3.36312e-44
-3.36312e-44
-3.36312e-44
-3.36312e-44
-3.36312e-44
-3.36312e-44
-3.36312e-44
-3.36312e-44
-3.36312e-44
-3.36312e-44
-3.36312e-44
-3.36312e-44
-3.36312e-44
-3.36312e-44
-3.36312e-44
-3.36312e-44
-3.36312e-44
-3.36312e-44
-3.36312e-44
-3.36312e-44
-3.36312e-44
-3.36312e-44
-3.36312e-44
-3.36312e-44
-3.36312e-44
-3.36312e-44
-3.36312e-44
-3.36312e-44
-3.36312e-44
-3.36312e-44
-3.36312e-44
-3.36312e-44
-3.36312e-44
-3.36312e-44
-3.36312e-44
-3.36312e-44
-3.36312e-44
-3.36312e-44
-3.36312e-44
-3.36312e-44
-3.36312e-44
-3.36312e-44
-3.36312e-44
-3.36312e-44
-3.36312e-44
-3.36312e-44
-3.36312e-44
-3.36312e-44
-3.36312e-44
-3.36312e-44
-3.36312e-44
-3.36312e-44
-3.36312e-44
-3.36312e-44
-3.36312e-44
-3.36312e-44
-3.36312e-44
-3.36312e-44
-3.36312e-44
-3.36312e-44
-3.36312e-44
-3.36312e-44
-3.36312e-44
-3.36312e-44
-3.36312e-44
-3.36312e-44
-3.36312e-44
-3.36312e-44
-3.36312e-44
-3.36312e-44
-3.36312e-44
-3.36312e-44
-3.36312e-44
-3.36312e-44
-3.36312e-44
-3.36312e-44
-3.36312e-44
-3.36312e-44
-3.36312e-44
-3.36312e-44
-3.36312e-44
-3.36312e-44
-3.36312e-44
-3.36312e-44
-3.36312e-44
-3.36312e-44
-3.36312e-44
-3.36312e-44
-3.36312e-44
-3.36312e-44
-3.36312e-44
-3.36312e-44
-3.36312e-44
-3.36312e-44
-3.36312e-44
-3.36312e-44
-3.36312e-44
-3.36312e-44
-3.36312e-44
-3.36312e-44
-3.36312e-44
-3.36312e-44
-3.36312e-44
-3.36312e-44
-3.36312e-44
-3.36312e-44
-3.36312e-44
-3.36312e-44
-3.36312e-44
-3.36312e-44
-3.36312e-44
-3.36312e-44
-3.36312e-44
-3.36312e-44
-3.36312e-44
-3.36312e-44
-3.36312e-44
-3.36312e-44
-3.36312e-44
-3.36312e-44
-3.36312e-44
-3.36312e-44
-3.36312e-44
-3.36312e-44
-3.36312e-44
-3.36312e-44
-3.36312e-44
-3.36312e-44
-3.36312e-44
-3.36312e-44
-3.36312e-44
-3.36312e-44
-3.36312e-44
-3.36312e-44
-3.36312e-44
-3.36312e-44
-3.36312e-44
-3.36312e-44
-3.36312e-44
-3.36312e-44
-3.36312e-44
-3.36312e-44
-3.36312e-44
-3.36312e-44
-3.36312e-44
-3.36312e-44
-3.36312e-44
-3.36312e-44
-3.36312e-44
-3.36312e-44
-3.36312e-44
-3.36312e-44
-3.36312e-44
-3.36312e-44
-3.36312e-44
-3.36312e-44
-3.36312e-44
-3.36312e-44
-3.36312e-44
-3.36312e-44
-3.36312e-44
-3.36312e-44
-3.36312e-44
-3.36312e-44
-3.36312e-44
-3.36312e-44
-3.36312e-44
-3.36312e-44
-3.36312e-44
-3.36312e-44
-3.36312e-44
-3.36312e-44
-3.36312e-44
-3.36312e-44
-3.36312e-44
-3.36312e-44
-3.36312e-44
-3.36312e-44
-3.36312e-44
-3.36312e-44
-3.36312e-44
-3.36312e-44
-3.36312e-44
-3.36312e-44
-3.36312e-44
-3.36312e-44
-3.36312e-44
-3.36312e-44
-3.36312e-44
-3.36312e-44
-3.36312e-44
-3.36312e-44
-3.36312e-44
-3.36312e-44
-3.36312e-44
-3.36312e-44
-3.36312e-44
-3.36312e-44
-3.36312e-44
-3.36312e-44
-3.36312e-44
-3.36312e-44
-3.36312e-44
-3.36312e-44
-3.36312e-44
-3.36312e-44
-3.36312e-44
-3.36312e-44
-3.36312e-44
-3.36312e-44
-3.36312e-44
-3.36312e-44
-3.36312e-44
-3.36312e-44
-3.36312e-44
-3.36312e-44
-3.36312e-44
-3.36312e-44
-3.36312e-44
-3.36312e-44
-3.36312e-44
-3.36312e-44
-3.36312e-44
-3.36312e-44
-3.36312e-44
-3.36312e-44
-3.36312e-44
-3.36312e-44
-3.36312e-44
-3.36312e-44
-3.36312e-44
-3.36312e-44
-3.36312e-44
-3.36312e-44
-3.36312e-44
-3.36312e-44
-3.36312e-44
-3.36312e-44
-3.36312e-44
-3.36312e-44
-3.36312e-44
-3.36312e-44
-3.36312e-44
-3.36312e-44
-3.36312e-44
-3.36312e-44
-3.36312e-44
-3.36312e-44
-3.36312e-44
-3.36312e-44
-3.36312e-44
-3.36312e-44
-3.36312e-44
-3.36312e-44
-3.36312e-44
-3.36312e-44
-3.36312e-44
-3.36312e-44
-3.36312e-44
-3.36312e-44
-3.36312e-44
-3.36312e-44
-3.36312e-44
-3.36312e-44
-3.36312e-44
-3.36312e-44
-3.36312e-44
-3.36312e-44
-3.36312e-44
-3.36312e-44
-3.36312e-44
-3.36312e-44
-3.36312e-44
-3.36312e-44
-3.36312e-44
-3.36312e-44
-3.36312e-44
-3.36312e-44
-3.36312e-44
-3.36312e-44
-3.36312e-44
-3.36312e-44
-3.36312e-44
-3.36312e-44
-3.36312e-44
-3.36312e-44
-3.36312e-44
-3.36312e-44
-3.36312e-44
-3.36312e-44
-3.36312e-44
-3.36312e-44
-3.36312e-44
-3.36312e-44
-3.36312e-44
-3.36312e-44
-3.36312e-44
-3.36312e-44
-3.36312e-44
-3.36312e-44
-3.36312e-44
-3.36312e-44
-3.36312e-44
-3.36312e-44
-3.36312e-44
-3.36312e-44
-3.36312e-44
-3.36312e-44
-3.36312e-44
-3.36312e-44
-3.36312e-44
-3.36312e-44
-3.36312e-44
-3.36312e-44
-3.36312e-44
-3.36312e-44
-3.36312e-44
-3.36312e-44
-3.36312e-44
-3.36312e-44
-3.36312e-44
-3.36312e-44
-3.36312e-44
-3.36312e-44
-3.36312e-44
-3.36312e-44
-3.36312e-44
-3.36312e-44
-3.36312e-44
-3.36312e-44
-3.36312e-44
-3.36312e-44
-3.36312e-44
-3.36312e-44
-3.36312e-44
-3.36312e-44
-3.36312e-44
-3.36312e-44
-3.36312e-44
-3.36312e-44
-3.36312e-44
-3.36312e-44
-3.36312e-44
-3.36312e-44
-3.36312e-44
-3.36312e-44
-3.36312e-44
-3.36312e-44
-3.36312e-44
-3.36312e-44
-3.36312e-44
-3.36312e-44
-3.36312e-44
-3.36312e-44
-3.36312e-44
-3.36312e-44
-3.36312e-44
-3.36312e-44
-3.36312e-44
-3.36312e-44
-3.36312e-44
-3.36312e-44
-3.36312e-44
-3.36312e-44
-3.36312e-44
-3.36312e-44
-3.36312e-44
-3.36312e-44
-3.36312e-44
-3.36312e-44
-3.36312e-44
-3.36312e-44
-3.36312e-44
-3.36312e-44
-3.36312e-44
-3.36312e-44
-3.36312e-44
-3.36312e-44
-3.36312e-44
-3.36312e-44
-3.36312e-44
-3.36312e-44
-3.36312e-44
-3.36312e-44
-3.36312e-44
-3.36312e-44
-3.36312e-44
-3.36312e-44
-3.36312e-44
-3.36312e-44
-3.36312e-44
-3.36312e-44
-3.36312e-44
-3.36312e-44
-3.36312e-44
-3.36312e-44
-3.36312e-44
-3.36312e-44
-3.36312e-44
-3.36312e-44
-3.36312e-44
-3.36312e-44
-3.36312e-44
-3.36312e-44
-3.36312e-44
-3.36312e-44
-3.36312e-44
-3.36312e-44
-3.36312e-44
-3.36312e-44
-3.36312e-44
-3.36312e-44
-3.36312e-44
-3.36312e-44
-3.36312e-44
-3.36312e-44
-3.36312e-44
-3.36312e-44
-3.36312e-44
-3.36312e-44
-3.36312e-44
-3.36312e-44
-3.36312e-44
-3.36312e-44
-3.36312e-44
-3.36312e-44
-3.36312e-44
-3.36312e-44
-3.36312e-44
-3.36312e-44
-3.36312e-44
-3.36312e-44
-3.36312e-44
-3.36312e-44
-3.36312e-44
-3.36312e-44
-3.36312e-44
-3.36312e-44
-3.36312e-44
-3.36312e-44
-3.36312e-44
-3.36312e-44
-3.36312e-44
-3.36312e-44
-3.36312e-44
-3.36312e-44
-3.36312e-44
-3.36312e-44
-3.36312e-44
-3.36312e-44
-3.36312e-44
-3.36312e-44
-3.36312e-44
-3.36312e-44
-3.36312e-44
-3.36312e-44
-3.36312e-44
-3.36312e-44
-3.36312e-44
-3.36312e-44
-3.36312e-44
-3.36312e-44
-3.36312e-44
-3.36312e-44
-3.36312e-44
-3.36312e-44
-3.36312e-44
-3.36312e-44
-3.36312e-44
-3.36312e-44
-3.36312e-44
-3.36312e-44
-3.36312e-44
-3.36312e-44
-3.36312e-44
-3.36312e-44
-3.36312e-44
-3.36312e-44
-3.36312e-44
-3.36312e-44
-3.36312e-44
-3.36312e-44
-3.36312e-44
-3.36312e-44
-3.36312e-44
-3.36312e-44
-3.36312e-44
-3.36312e-44
-3.36312e-44
-3.36312e-44
-3.36312e-44
-3.36312e-44
-3.36312e-44
-3.36312e-44
-3.36312e-44
-3.36312e-44
-3.36312e-44
-3.36312e-44
-3.36312e-44
-3.36312e-44
-3.36312e-44
-3.36312e-44
-3.36312e-44
-3.36312e-44
-3.36312e-44
-3.36312e-44
-3.36312e-44
-3.36312e-44
-3.36312e-44
-3.36312e-44
-3.36312e-44
-3.36312e-44
-3.36312e-44
-3.36312e-44
-3.36312e-44
-3.36312e-44
-3.36312e-44
-3.36312e-44
-3.36312e-44
-3.36312e-44
-3.36312e-44
-3.36312e-44
-3.36312e-44
-3.36312e-44
-3.36312e-44
-3.36312e-44
-3.36312e-44
-3.36312e-44
-3.36312e-44
-3.36312e-44
-3.36312e-44
-3.36312e-44
-3.36312e-44
-3.36312e-44
-3.36312e-44
-3.36312e-44
-3.36312e-44
-3.36312e-44
-3.36312e-44
-3.36312e-44
-3.36312e-44
-3.36312e-44
-3.36312e-44
-3.36312e-44
-3.36312e-44
-3.36312e-44
-3.36312e-44
-3.36312e-44
-3.36312e-44
-3.36312e-44
-3.36312e-44
-3.36312e-44
-3.36312e-44
-3.36312e-44
-3.36312e-44
-3.36312e-44
-3.36312e-44
-3.36312e-44
-3.36312e-44
-3.36312e-44
-3.36312e-44
-3.36312e-44
-3.36312e-44
-3.36312e-44
-3.36312e-44
-3.36312e-44
-3.36312e-44
-3.36312e-44
-3.36312e-44
-3.36312e-44
-3.36312e-44
-3.36312e-44
-3.36312e-44
-3.36312e-44
-3.36312e-44
-3.36312e-44
-3.36312e-44
-3.36312e-44
-3.36312e-44
-3.36312e-44
-3.36312e-44
-3.36312e-44
-3.36312e-44
-3.36312e-44
-3.36312e-44
-3.36312e-44
-3.36312e-44
-3.36312e-44
-3.36312e-44
-3.36312e-44
-3.36312e-44
-3.36312e-44
-3.36312e-44
-3.36312e-44
-3.36312e-44
-3.36312e-44
-3.36312e-44
-3.36312e-44
-3.36312e-44
-3.36312e-44
-3.36312e-44
-3.36312e-44
-3.36312e-44
-3.36312e-44
-3.36312e-44
-3.36312e-44
-3.36312e-44
-3.36312e-44
-3.36312e-44
-3.36312e-44
-3.36312e-44
-3.36312e-44
-3.36312e-44
-3.36312e-44
-3.36312e-44
-3.36312e-44
-3.36312e-44
-3.36312e-44
-3.36312e-44
-3.36312e-44
-3.36312e-44
-3.36312e-44
-3.36312e-44
-3.36312e-44
-3.36312e-44
-3.36312e-44
-3.36312e-44
-3.36312e-44
-3.36312e-44
-3.36312e-44
-3.36312e-44
-3.36312e-44
-3.36312e-44
-3.36312e-44
-3.36312e-44
-3.36312e-44
-3.36312e-44
-3.36312e-44
-3.36312e-44
-3.36312e-44
-3.36312e-44
-3.36312e-44
-3.36312e-44
-3.36312e-44
-3.36312e-44
-3.36312e-44
-3.36312e-44
-3.36312e-44
-3.36312e-44
-3.36312e-44
-3.36312e-44
-3.36312e-44
-3.36312e-44
-3.36312e-44
-3.36312e-44
-3.36312e-44
-3.36312e-44
-3.36312e-44
-3.36312e-44
-3.36312e-44
-3.36312e-44
-3.36312e-44
-3.36312e-44
-3.36312e-44
-3.36312e-44
-3.36312e-44
-3.36312e-44
-3.36312e-44
-3.36312e-44
-3.36312e-44
-3.36312e-44
-3.36312e-44
-3.36312e-44
-3.36312e-44
-3.36312e-44
-3.36312e-44
-3.36312e-44
-3.36312e-44
-3.36312e-44
-3.36312e-44
-3.36312e-44
-3.36312e-44
-3.36312e-44
-3.36312e-44
-3.36312e-44
-3.36312e-44
-3.36312e-44
-3.36312e-44
-3.36312e-44
-3.36312e-44
-3.36312e-44
-3.36312e-44
-3.36312e-44
-3.36312e-44
-3.36312e-44
-3.36312e-44
-3.36312e-44
-3.36312e-44
-3.36312e-44
-3.36312e-44
-3.36312e-44
-3.36312e-44
-3.36312e-44
-3.36312e-44
-3.36312e-44
-3.36312e-44
-3.36312e-44
-3.36312e-44
-3.36312e-44
-3.36312e-44
-3.36312e-44
-3.36312e-44
-3.36312e-44
-3.36312e-44
-3.36312e-44
-3.36312e-44
-3.36312e-44
-3.36312e-44
-3.36312e-44
-3.36312e-44
-3.36312e-44
-3.36312e-44
-3.36312e-44
-3.36312e-44
-3.36312e-44
-3.36312e-44
-3.36312e-44
-3.36312e-44
-3.36312e-44
-3.36312e-44
-3.36312e-44
-3.36312e-44
-3.36312e-44
-3.36312e-44
-3.36312e-44
-3.36312e-44
-3.36312e-44
-3.36312e-44
-3.36312e-44
-3.36312e-44
-3.36312e-44
-3.36312e-44
-3.36312e-44
-3.36312e-44
-3.36312e-44
-3.36312e-44
-3.36312e-44
-3.36312e-44
-3.36312e-44
-3.36312e-44
-3.36312e-44
-3.36312e-44
-3.36312e-44
-3.36312e-44
-3.36312e-44
-3.36312e-44
-3.36312e-44
-3.36312e-44
-3.36312e-44
-3.36312e-44
-3.36312e-44
-3.36312e-44
-3.36312e-44
-3.36312e-44
-3.36312e-44
-3.36312e-44
-3.36312e-44
-3.36312e-44
-3.36312e-44
-3.36312e-44
-3.36312e-44
-3.36312e-44
-3.36312e-44
-3.36312e-44
-3.36312e-44
-3.36312e-44
-3.36312e-44
-3.36312e-44
-3.36312e-44
-3.36312e-44
-3.36312e-44
-3.36312e-44
-3.36312e-44
-3.36312e-44
-3.36312e-44
-3.36312e-44
-3.36312e-44
-3.36312e-44
-3.36312e-44
-3.36312e-44
-3.36312e-44
-3.36312e-44
-3.36312e-44
-3.36312e-44
-3.36312e-44
-3.36312e-44
-3.36312e-44
-3.36312e-44
-3.36312e-44
-3.36312e-44
-3.36312e-44
-3.36312e-44
-3.36312e-44
-3.36312e-44
-3.36312e-44
-3.36312e-44
-3.36312e-44
-3.36312e-44
-3.36312e-44
-3.36312e-44
-3.36312e-44
-3.36312e-44
-3.36312e-44
-3.36312e-44
-3.36312e-44
-3.36312e-44
-3.36312e-44
-3.36312e-44
-3.36312e-44
-3.36312e-44
-3.36312e-44
-3.36312e-44
-3.36312e-44
-3.36312e-44
-3.36312e-44
-3.36312e-44
-3.36312e-44
-3.36312e-44
-3.36312e-44
-3.36312e-44
-3.36312e-44
-3.36312e-44
-3.36312e-44
-3.36312e-44
-3.36312e-44
-3.36312e-44
-3.36312e-44
-3.36312e-44
-3.36312e-44
-3.36312e-44
-3.36312e-44
-3.36312e-44
-3.36312e-44
-3.36312e-44
-3.36312e-44
-3.36312e-44
-3.36312e-44
-3.36312e-44
-3.36312e-44
-3.36312e-44
-3.36312e-44
-3.36312e-44
-3.36312e-44
-3.36312e-44
-3.36312e-44
-3.36312e-44
-3.36312e-44
-3.36312e-44
-3.36312e-44
-3.36312e-44
-3.36312e-44
-3.36312e-44
-3.36312e-44
-3.36312e-44
-3.36312e-44
-3.36312e-44
-3.36312e-44
-3.36312e-44
-3.36312e-44
-3.36312e-44
-3.36312e-44
-3.36312e-44
-3.36312e-44
-3.36312e-44
-3.36312e-44
-3.36312e-44
-3.36312e-44
-3.36312e-44
-3.36312e-44
-3.36312e-44
-3.36312e-44
-3.36312e-44
-3.36312e-44
-3.36312e-44
-3.36312e-44
-3.36312e-44
-3.36312e-44
-3.36312e-44
-3.36312e-44
-3.36312e-44
-3.36312e-44
-3.36312e-44
-3.36312e-44
-3.36312e-44
-3.36312e-44
-3.36312e-44
-3.36312e-44
-3.36312e-44
-3.36312e-44
-3.36312e-44
-3.36312e-44
-3.36312e-44
-3.36312e-44
-3.36312e-44
-3.36312e-44
-3.36312e-44
-3.36312e-44
-3.36312e-44
-3.36312e-44
-3.36312e-44
-3.36312e-44
-3.36312e-44
-3.36312e-44
-3.36312e-44
-3.36312e-44
-3.36312e-44
-3.36312e-44
-3.36312e-44
-3.36312e-44
-3.36312e-44
-3.36312e-44
-3.36312e-44
-3.36312e-44
-3.36312e-44
-3.36312e-44
-3.36312e-44
-3.36312e-44
-3.36312e-44
-3.36312e-44
-3.36312e-44
-3.36312e-44
-3.36312e-44
-3.36312e-44
-3.36312e-44
-3.36312e-44
-3.36312e-44
-3.36312e-44
-3.36312e-44
-3.36312e-44
-3.36312e-44
-3.36312e-44
-3.36312e-44
-3.36312e-44
-3.36312e-44
-3.36312e-44
-3.36312e-44
-3.36312e-44
-3.36312e-44
-3.36312e-44
-3.36312e-44
-3.36312e-44
-3.36312e-44
-3.36312e-44
-3.36312e-44
-3.36312e-44
-3.36312e-44
-3.36312e-44
-3.36312e-44
-3.36312e-44
-3.36312e-44
-3.36312e-44
-3.36312e-44
-3.36312e-44
-3.36312e-44
-3.36312e-44
-3.36312e-44
-3.36312e-44
-3.36312e-44
-3.36312e-44
-3.36312e-44
-3.36312e-44
-3.36312e-44
-3.36312e-44
-3.36312e-44
-3.36312e-44
-3.36312e-44
-3.36312e-44
-3.36312e-44
-3.36312e-44
-3.36312e-44
-3.36312e-44
-3.36312e-44
-3.36312e-44
-3.36312e-44
-3.36312e-44
-3.36312e-44
-3.36312e-44
-3.36312e-44
-3.36312e-44
-3.36312e-44
-3.36312e-44
-3.36312e-44
-3.36312e-44
-3.36312e-44
-3.36312e-44
-3.36312e-44
-3.36312e-44
-3.36312e-44
-3.36312e-44
-3.36312e-44
-3.36312e-44
-3.36312e-44
-3.36312e-44
-3.36312e-44
-3.36312e-44
-3.36312e-44
-3.36312e-44
-3.36312e-44
-3.36312e-44
-3.36312e-44
-3.36312e-44
-3.36312e-44
-3.36312e-44
-3.36312e-44
-3.36312e-44
-3.36312e-44
-3.36312e-44
-3.36312e-44
-3.36312e-44
-3.36312e-44
-3.36312e-44
-3.36312e-44
-3.36312e-44
-3.36312e-44
-3.36312e-44
-3.36312e-44
-3.36312e-44
-3.36312e-44
-3.36312e-44
-3.36312e-44
-3.36312e-44
-3.36312e-44
-3.36312e-44
-3.36312e-44
-3.36312e-44
-3.36312e-44
-3.36312e-44
-3.36312e-44
-3.36312e-44
-3.36312e-44
-3.36312e-44
-3.36312e-44
-3.36312e-44
-3.36312e-44
-3.36312e-44
-3.36312e-44
-3.36312e-44
-3.36312e-44
-3.36312e-44
-3.36312e-44
-3.36312e-44
-3.36312e-44
-3.36312e-44
-3.36312e-44
-3.36312e-44
-3.36312e-44
-3.36312e-44
-3.36312e-44
-3.36312e-44
-3.36312e-44
-3.36312e-44
-3.36312e-44
-3.36312e-44
-3.36312e-44
-3.36312e-44
-3.36312e-44
-3.36312e-44
-3.36312e-44
-3.36312e-44
-3.36312e-44
-3.36312e-44
-3.36312e-44
-3.36312e-44
-3.36312e-44
-3.36312e-44
-3.36312e-44
-3.36312e-44
-3.36312e-44
-3.36312e-44
-3.36312e-44
-3.36312e-44
-3.36312e-44
-3.36312e-44
-3.36312e-44
-3.36312e-44
-3.36312e-44
-3.36312e-44
-3.36312e-44
-3.36312e-44
-3.36312e-44
-3.36312e-44
-3.36312e-44
-3.36312e-44
-3.36312e-44
-3.36312e-44
-3.36312e-44
-3.36312e-44
-3.36312e-44
-3.36312e-44
-3.36312e-44
-3.36312e-44
-3.36312e-44
-3.36312e-44
-3.36312e-44
-3.36312e-44
-3.36312e-44
-3.36312e-44
-3.36312e-44
-3.36312e-44
-3.36312e-44
-3.36312e-44
-3.36312e-44
-3.36312e-44
-3.36312e-44
-3.36312e-44
-3.36312e-44
-3.36312e-44
-3.36312e-44
-3.36312e-44
-3.36312e-44
-3.36312e-44
-3.36312e-44
-3.36312e-44
-3.36312e-44
-3.36312e-44
-3.36312e-44
-3.36312e-44
-3.36312e-44
-3.36312e-44
-3.36312e-44
-3.36312e-44
-3.36312e-44
-3.36312e-44
-3.36312e-44
-3.36312e-44
-3.36312e-44
-3.36312e-44
-3.36312e-44
-3.36312e-44
-3.36312e-44
-3.36312e-44
-3.36312e-44
-3.36312e-44
-3.36312e-44
-3.36312e-44
-3.36312e-44
-3.36312e-44
-3.36312e-44
-3.36312e-44
-3.36312e-44
-3.36312e-44
-3.36312e-44
-3.36312e-44
-3.36312e-44
-3.36312e-44
-3.36312e-44
-3.36312e-44
-3.36312e-44
-3.36312e-44
-3.36312e-44
-3.36312e-44
-3.36312e-44
-3.36312e-44
-3.36312e-44
-3.36312e-44
-3.36312e-44
-3.36312e-44
-3.36312e-44
-3.36312e-44
-3.36312e-44
-3.36312e-44
-3.36312e-44
-3.36312e-44
-3.36312e-44
-3.36312e-44
-3.36312e-44
-3.36312e-44
-3.36312e-44
-3.36312e-44
-3.36312e-44
-3.36312e-44
-3.36312e-44
-3.36312e-44
-3.36312e-44
-3.36312e-44
-3.36312e-44
-3.36312e-44
-3.36312e-44
-3.36312e-44
-3.36312e-44
-3.36312e-44
-3.36312e-44
-3.36312e-44
-3.36312e-44
-3.36312e-44
-3.36312e-44
-3.36312e-44
-3.36312e-44
-3.36312e-44
-3.36312e-44
-3.36312e-44
-3.36312e-44
-3.36312e-44
-3.36312e-44
-3.36312e-44
-3.36312e-44
-3.36312e-44
-3.36312e-44
-3.36312e-44
-3.36312e-44
-3.36312e-44
-3.36312e-44
-3.36312e-44
-3.36312e-44
-3.36312e-44
-3.36312e-44
-3.36312e-44
-3.36312e-44
-3.36312e-44
-3.36312e-44
-3.36312e-44
-3.36312e-44
-3.36312e-44
-3.36312e-44
-3.36312e-44
-3.36312e-44
-3.36312e-44
-3.36312e-44
-3.36312e-44
-3.36312e-44
-3.36312e-44
-3.36312e-44
-3.36312e-44
-3.36312e-44
-3.36312e-44
-3.36312e-44
-3.36312e-44
-3.36312e-44
-3.36312e-44
-3.36312e-44
-3.36312e-44
-3.36312e-44
-3.36312e-44
-3.36312e-44
-3.36312e-44
-3.36312e-44
-3.36312e-44
-3.36312e-44
-3.36312e-44
-3.36312e-44
-3.36312e-44
-3.36312e-44
-3.36312e-44
-3.36312e-44
-3.36312e-44
-3.36312e-44
-3.36312e-44
-3.36312e-44
-3.36312e-44
-3.36312e-44
-3.36312e-44
-3.36312e-44
-3.36312e-44
-3.36312e-44
-3.36312e-44
-3.36312e-44
-3.36312e-44
-3.36312e-44
-3.36312e-44
-3.36312e-44
-3.36312e-44
-3.36312e-44
-3.36312e-44
-3.36312e-44
-3.36312e-44
-3.36312e-44
-3.36312e-44
-3.36312e-44
-3.36312e-44
-3.36312e-44
-3.36312e-44
-3.36312e-44
-3.36312e-44
-3.36312e-44
-3.36312e-44
-3.36312e-44
-3.36312e-44
-3.36312e-44
-3.36312e-44
-3.36312e-44
-3.36312e-44
-3.36312e-44
-3.36312e-44
-3.36312e-44
-3.36312e-44
-3.36312e-44
-3.36312e-44
-3.36312e-44
-3.36312e-44
-3.36312e-44
-3.36312e-44
-3.36312e-44
-3.36312e-44
-3.36312e-44
-3.36312e-44
-3.36312e-44
-3.36312e-44
-3.36312e-44
-3.36312e-44
-3.36312e-44
-3.36312e-44
-3.36312e-44
-3.36312e-44
-3.36312e-44
-3.36312e-44
-3.36312e-44
-3.36312e-44
-3.36312e-44
-3.36312e-44
-3.36312e-44
-3.36312e-44
-3.36312e-44
-3.36312e-44
-3.36312e-44
-3.36312e-44
-3.36312e-44
-3.36312e-44
-3.36312e-44
-3.36312e-44
-3.36312e-44
-3.36312e-44
-3.36312e-44
-3.36312e-44
-3.36312e-44
-3.36312e-44
-3.36312e-44
-3.36312e-44
-3.36312e-44
-3.36312e-44
-3.36312e-44
-3.36312e-44
-3.36312e-44
-3.36312e-44
-3.36312e-44
-3.36312e-44
-3.36312e-44
-3.36312e-44
-3.36312e-44
-3.36312e-44
-3.36312e-44
-3.36312e-44
-3.36312e-44
-3.36312e-44
-3.36312e-44
-3.36312e-44
-3.36312e-44
-3.36312e-44
-3.36312e-44
-3.36312e-44
-3.36312e-44
-3.36312e-44
-3.36312e-44
-3.36312e-44
-3.36312e-44
-3.36312e-44
-3.36312e-44
-3.36312e-44
-3.36312e-44
-3.36312e-44
-3.36312e-44
-3.36312e-44
-3.36312e-44
-3.36312e-44
-3.36312e-44
-3.36312e-44
-3.36312e-44
-3.36312e-44
-3.36312e-44
-3.36312e-44
-3.36312e-44
-3.36312e-44
-3.36312e-44
-3.36312e-44
-3.36312e-44
-3.36312e-44
-3.36312e-44
-3.36312e-44
-3.36312e-44
-3.36312e-44
-3.36312e-44
-3.36312e-44
-3.36312e-44
-3.36312e-44
-3.36312e-44
-3.36312e-44
-3.36312e-44
-3.36312e-44
-3.36312e-44
-3.36312e-44
-3.36312e-44
-3.36312e-44
-3.36312e-44
-3.36312e-44
-3.36312e-44
-3.36312e-44
-3.36312e-44
-3.36312e-44
-3.36312e-44
-3.36312e-44
-3.36312e-44
-3.36312e-44
-3.36312e-44
-3.36312e-44
-3.36312e-44
-3.36312e-44
-3.36312e-44
-3.36312e-44
-3.36312e-44
-3.36312e-44
-3.36312e-44
-3.36312e-44
-3.36312e-44
-3.36312e-44
-3.36312e-44
-3.36312e-44
-3.36312e-44
-3.36312e-44
-3.36312e-44
-3.36312e-44
-3.36312e-44
-3.36312e-44
-3.36312e-44
-3.36312e-44
-3.36312e-44
-3.36312e-44
-3.36312e-44
-3.36312e-44
-3.36312e-44
-3.36312e-44
-3.36312e-44
-3.36312e-44
-3.36312e-44
-3.36312e-44
-3.36312e-44
-3.36312e-44
-3.36312e-44
-3.36312e-44
-3.36312e-44
-3.36312e-44
-3.36312e-44
-3.36312e-44
-3.36312e-44
-3.36312e-44
-3.36312e-44
-3.36312e-44
-3.36312e-44
-3.36312e-44
-3.36312e-44
-3.36312e-44
-3.36312e-44
-3.36312e-44
-3.36312e-44
-3.36312e-44
-3.36312e-44
-3.36312e-44
-3.36312e-44
-3.36312e-44
-3.36312e-44
-3.36312e-44
-3.36312e-44
-3.36312e-44
-3.36312e-44
-3.36312e-44
-3.36312e-44
-3.36312e-44
-3.36312e-44
-3.36312e-44
-3.36312e-44
-3.36312e-44
-3.36312e-44
-3.36312e-44
-3.36312e-44
-3.36312e-44
-3.36312e-44
-3.36312e-44
-3.36312e-44
-3.36312e-44
-3.36312e-44
-3.36312e-44
-3.36312e-44
-3.36312e-44
-3.36312e-44
-3.36312e-44
-3.36312e-44
-3.36312e-44
-3.36312e-44
-3.36312e-44
-3.36312e-44
-3.36312e-44
-3.36312e-44
-3.36312e-44
-3.36312e-44
-3.36312e-44
-3.36312e-44
-3.36312e-44
-3.36312e-44
-3.36312e-44
-3.36312e-44
-3.36312e-44
-3.36312e-44
-3.36312e-44
-3.36312e-44
-3.36312e-44
-3.36312e-44
-3.36312e-44
-3.36312e-44
-3.36312e-44
-3.36312e-44
-3.36312e-44
-3.36312e-44
-3.36312e-44
-3.36312e-44
-3.36312e-44
-3.36312e-44
-3.36312e-44
-3.36312e-44
-3.36312e-44
-3.36312e-44
-3.36312e-44
-3.36312e-44
-3.36312e-44
-3.36312e-44
-3.36312e-44
-3.36312e-44
-3.36312e-44
-3.36312e-44
-3.36312e-44
-3.36312e-44
-3.36312e-44
-3.36312e-44
-3.36312e-44
-3.36312e-44
-3.36312e-44
-3.36312e-44
-3.36312e-44
-3.36312e-44
-3.36312e-44
-3.36312e-44
-3.36312e-44
-3.36312e-44
-3.36312e-44
-3.36312e-44
-3.36312e-44
-3.36312e-44
-3.36312e-44
-3.36312e-44
-3.36312e-44
-3.36312e-44
-3.36312e-44
-3.36312e-44
-3.36312e-44
-3.36312e-44
-3.36312e-44
-3.36312e-44
-3.36312e-44
-3.36312e-44
-3.36312e-44
-3.36312e-44
-3.36312e-44
-3.36312e-44
-3.36312e-44
-3.36312e-44
-3.36312e-44
-3.36312e-44
-3.36312e-44
-3.36312e-44
-3.36312e-44
-3.36312e-44
-3.36312e-44
-3.36312e-44
-3.36312e-44
-3.36312e-44
-3.36312e-44
-3.36312e-44
-3.36312e-44
-3.36312e-44
-3.36312e-44
-3.36312e-44
-3.36312e-44
-3.36312e-44
-3.36312e-44
-3.36312e-44
-3.36312e-44
-3.36312e-44
-3.36312e-44
-3.36312e-44
-3.36312e-44
-3.36312e-44
-3.36312e-44
-3.36312e-44
-3.36312e-44
-3.36312e-44
-3.36312e-44
-3.36312e-44
-3.36312e-44
-3.36312e-44
-3.36312e-44
-3.36312e-44
-3.36312e-44
-3.36312e-44
-3.36312e-44
-3.36312e-44
-3.36312e-44
-3.36312e-44
-3.36312e-44
-3.36312e-44
-3.36312e-44
-3.36312e-44
-3.36312e-44
-3.36312e-44
-3.36312e-44
-3.36312e-44
-3.36312e-44
-3.36312e-44
-3.36312e-44
-3.36312e-44
-3.36312e-44
-3.36312e-44
-3.36312e-44
-3.36312e-44
-3.36312e-44
-3.36312e-44
-3.36312e-44
-3.36312e-44
-3.36312e-44
-3.36312e-44
-3.36312e-44
-3.36312e-44
-3.36312e-44
-3.36312e-44
-3.36312e-44
-3.36312e-44
-3.36312e-44
-3.36312e-44
-3.36312e-44
-3.36312e-44
-3.36312e-44
-3.36312e-44
-3.36312e-44
-3.36312e-44
-3.36312e-44
-3.36312e-44
-3.36312e-44
-3.36312e-44
-3.36312e-44
-3.36312e-44
-3.36312e-44
-3.36312e-44
-3.36312e-44
-3.36312e-44
-3.36312e-44
-3.36312e-44
-3.36312e-44
-3.36312e-44
-3.36312e-44
-3.36312e-44
-3.36312e-44
-3.36312e-44
-3.36312e-44
-3.36312e-44
-3.36312e-44
-3.36312e-44
-3.36312e-44
-3.36312e-44
-3.36312e-44
-3.36312e-44
-3.36312e-44
-3.36312e-44
-3.36312e-44
-3.36312e-44
-3.36312e-44
-3.36312e-44
-3.36312e-44
-3.36312e-44
-3.36312e-44
-3.36312e-44
-3.36312e-44
-3.36312e-44
-3.36312e-44
-3.36312e-44
-3.36312e-44
-3.36312e-44
-3.36312e-44
-3.36312e-44
-3.36312e-44
-3.36312e-44
-3.36312e-44
-3.36312e-44
-3.36312e-44
-3.36312e-44
-3.36312e-44
-3.36312e-44
-3.36312e-44
-3.36312e-44
-3.36312e-44
-3.36312e-44
-3.36312e-44
-3.36312e-44
-3.36312e-44
-3.36312e-44
-3.36312e-44
-3.36312e-44
-3.36312e-44
-3.36312e-44
-3.36312e-44
-3.36312e-44
-3.36312e-44
-3.36312e-44
-3.36312e-44
-3.36312e-44
-3.36312e-44
-3.36312e-44
-3.36312e-44
-3.36312e-44
-3.36312e-44
-3.36312e-44
-3.36312e-44
-3.36312e-44
-3.36312e-44
-3.36312e-44
-3.36312e-44
-3.36312e-44
-3.36312e-44
-3.36312e-44
-3.36312e-44
-3.36312e-44
-3.36312e-44
-3.36312e-44
-3.36312e-44
-3.36312e-44
-3.36312e-44
-3.36312e-44
-3.36312e-44
-3.36312e-44
-3.36312e-44
-3.36312e-44
-3.36312e-44
-3.36312e-44
-3.36312e-44
-3.36312e-44
-3.36312e-44
-3.36312e-44
-3.36312e-44
-3.36312e-44
-3.36312e-44
-3.36312e-44
-3.36312e-44
-3.36312e-44
-3.36312e-44
-3.36312e-44
-3.36312e-44
-3.36312e-44
-3.36312e-44
-3.36312e-44
-3.36312e-44
-3.36312e-44
-3.36312e-44
-3.36312e-44
-3.36312e-44
-3.36312e-44
-3.36312e-44
-3.36312e-44
-3.36312e-44
-3.36312e-44
-3.36312e-44
-3.36312e-44
-3.36312e-44
-3.36312e-44
-3.36312e-44
-3.36312e-44
-3.36312e-44
-3.36312e-44
-3.36312e-44
-3.36312e-44
-3.36312e-44
-3.36312e-44
-3.36312e-44
-3.36312e-44
-3.36312e-44
-3.36312e-44
-3.36312e-44
-3.36312e-44
-3.36312e-44
-3.36312e-44
-3.36312e-44
-3.36312e-44
-3.36312e-44
-3.36312e-44
-3.36312e-44
-3.36312e-44
-3.36312e-44
-3.36312e-44
-3.36312e-44
-3.36312e-44
-3.36312e-44
-3.36312e-44
-3.36312e-44
-3.36312e-44
-3.36312e-44
-3.36312e-44
-3.36312e-44
-3.36312e-44
-3.36312e-44
-3.36312e-44
-3.36312e-44
-3.36312e-44
-3.36312e-44
-3.36312e-44
-3.36312e-44
-3.36312e-44
-3.36312e-44
-3.36312e-44
-3.36312e-44
-3.36312e-44
-3.36312e-44
-3.36312e-44
-3.36312e-44
-3.36312e-44
-3.36312e-44
-3.36312e-44
-3.36312e-44
-3.36312e-44
-3.36312e-44
-3.36312e-44
-3.36312e-44
-3.36312e-44
-3.36312e-44
-3.36312e-44
-3.36312e-44
-3.36312e-44
-3.36312e-44
-3.36312e-44
-3.36312e-44
-3.36312e-44
-3.36312e-44
-3.36312e-44
-3.36312e-44
-3.36312e-44
-3.36312e-44
-3.36312e-44
-3.36312e-44
-3.36312e-44
-3.36312e-44
-3.36312e-44
-3.36312e-44
-3.36312e-44
-3.36312e-44
-3.36312e-44
-3.36312e-44
-3.36312e-44
-3.36312e-44
-3.36312e-44
-3.36312e-44
-3.36312e-44
-3.36312e-44
-3.36312e-44
-3.36312e-44
-3.36312e-44
-3.36312e-44
-3.36312e-44
-3.36312e-44
-3.36312e-44
-3.36312e-44
-3.36312e-44
-3.36312e-44
-3.36312e-44
-3.36312e-44
-3.36312e-44
-3.36312e-44
-3.36312e-44
-3.36312e-44
-3.36312e-44
-3.36312e-44
-3.36312e-44
-3.36312e-44
-3.36312e-44
-3.36312e-44
-3.36312e-44
-3.36312e-44
-3.36312e-44
-3.36312e-44
-3.36312e-44
-3.36312e-44
-3.36312e-44
-3.36312e-44
-3.36312e-44
-3.36312e-44
-3.36312e-44
-3.36312e-44
-3.36312e-44
-3.36312e-44
-3.36312e-44
-3.36312e-44
-3.36312e-44
-3.36312e-44
-3.36312e-44
-3.36312e-44
-3.36312e-44
-3.36312e-44
-3.36312e-44
-3.36312e-44
-3.36312e-44
-3.36312e-44
-3.36312e-44
-3.36312e-44
-3.36312e-44
-3.36312e-44
-3.36312e-44
-3.36312e-44
-3.36312e-44
-3.36312e-44
-3.36312e-44
-3.36312e-44
-3.36312e-44
-3.36312e-44
-3.36312e-44
-3.36312e-44
-3.36312e-44
-3.36312e-44
-3.36312e-44
-3.36312e-44
-3.36312e-44
-3.36312e-44
-3.36312e-44
-3.36312e-44
-3.36312e-44
-3.36312e-44
-3.36312e-44
-3.36312e-44
-3.36312e-44
-3.36312e-44
-3.36312e-44
-3.36312e-44
-3.36312e-44
-3.36312e-44
-3.36312e-44
-3.36312e-44
-3.36312e-44
-3.36312e-44
-3.36312e-44
-3.36312e-44
-3.36312e-44
-3.36312e-44
-3.36312e-44
-3.36312e-44
-3.36312e-44
-3.36312e-44
-3.36312e-44
-3.36312e-44
-3.36312e-44
-3.36312e-44
-3.36312e-44
-3.36312e-44
-3.36312e-44
-3.36312e-44
-3.36312e-44
-3.36312e-44
-3.36312e-44
-3.36312e-44
-3.36312e-44
-3.36312e-44
-3.36312e-44
-3.36312e-44
-3.36312e-44
-3.36312e-44
-3.36312e-44
-3.36312e-44
-3.36312e-44
-3.36312e-44
-3.36312e-44
-3.36312e-44
-3.36312e-44
-3.36312e-44
-3.36312e-44
-3.36312e-44
-3.36312e-44
-3.36312e-44
-3.36312e-44
-3.36312e-44
-3.36312e-44
-3.36312e-44
-3.36312e-44
-3.36312e-44
-3.36312e-44
-3.36312e-44
-3.36312e-44
-3.36312e-44
-3.36312e-44
-3.36312e-44
-3.36312e-44
-3.36312e-44
-3.36312e-44
-3.36312e-44
-3.36312e-44
-3.36312e-44
-3.36312e-44
-3.36312e-44
-3.36312e-44
-3.36312e-44
-3.36312e-44
-3.36312e-44
-3.36312e-44
-3.36312e-44
-3.36312e-44
-3.36312e-44
-3.36312e-44
-3.36312e-44
-3.36312e-44
-3.36312e-44
-3.36312e-44
-3.36312e-44
-3.36312e-44
-3.36312e-44
-3.36312e-44
-3.36312e-44
-3.36312e-44
-3.36312e-44
-3.36312e-44
-3.36312e-44
-3.36312e-44
-3.36312e-44
-3.36312e-44
-3.36312e-44
-3.36312e-44
-3.36312e-44
-3.36312e-44
-3.36312e-44
-3.36312e-44
-3.36312e-44
-3.36312e-44
-3.36312e-44
-3.36312e-44
-3.36312e-44
-3.36312e-44
-3.36312e-44
-3.36312e-44
-3.36312e-44
-3.36312e-44
-3.36312e-44
-3.36312e-44
-3.36312e-44
-3.36312e-44
-3.36312e-44
-3.36312e-44
-3.36312e-44
-3.36312e-44
-3.36312e-44
-3.36312e-44
-3.36312e-44
-3.36312e-44
-3.36312e-44
-3.36312e-44
-3.36312e-44
-3.36312e-44
-3.36312e-44
-3.36312e-44
-3.36312e-44
-3.36312e-44
-3.36312e-44
-3.36312e-44
-3.36312e-44
-3.36312e-44
-3.36312e-44
-3.36312e-44
-3.36312e-44
-3.36312e-44
-3.36312e-44
-3.36312e-44
-3.36312e-44
-3.36312e-44
-3.36312e-44
-3.36312e-44
-3.36312e-44
-3.36312e-44
-3.36312e-44
-3.36312e-44
-3.36312e-44
-3.36312e-44
-3.36312e-44
-3.36312e-44
-3.36312e-44
-3.36312e-44
-3.36312e-44
-3.36312e-44
-3.36312e-44
-3.36312e-44
-3.36312e-44
-3.36312e-44
-3.36312e-44
-3.36312e-44
-3.36312e-44
-3.36312e-44
-3.36312e-44
-3.36312e-44
-3.36312e-44
-3.36312e-44
-3.36312e-44
-3.36312e-44
-3.36312e-44
-3.36312e-44
-3.36312e-44
-3.36312e-44
-3.36312e-44
-3.36312e-44
-3.36312e-44
-3.36312e-44
-3.36312e-44
-3.36312e-44
-3.36312e-44
-3.36312e-44
-3.36312e-44
-3.36312e-44
-3.36312e-44
-3.36312e-44
-3.36312e-44
-3.36312e-44
-3.36312e-44
-3.36312e-44
-3.36312e-44
-3.36312e-44
-3.36312e-44
-3.36312e-44
-3.36312e-44
-3.36312e-44
-3.36312e-44
-3.36312e-44
-3.36312e-44
-3.36312e-44
-3.36312e-44
-3.36312e-44
-3.36312e-44
-3.36312e-44
-3.36312e-44
-3.36312e-44
-3.36312e-44
-3.36312e-44
-3.36312e-44
-3.36312e-44
-3.36312e-44
-3.36312e-44
-3.36312e-44
-3.36312e-44
-3.36312e-44
-3.36312e-44
-3.36312e-44
-3.36312e-44
-3.36312e-44
-3.36312e-44
-3.36312e-44
-3.36312e-44
-3.36312e-44
-3.36312e-44
-3.36312e-44
-3.36312e-44
-3.36312e-44
-3.36312e-44
-3.36312e-44
-3.36312e-44
-3.36312e-44
-3.36312e-44
-3.36312e-44
-3.36312e-44
-3.36312e-44
-3.36312e-44
-3.36312e-44
-3.36312e-44
-3.36312e-44
-3.36312e-44
-3.36312e-44
-3.36312e-44
-3.36312e-44
-3.36312e-44
-3.36312e-44
-3.36312e-44
-3.36312e-44
-3.36312e-44
-3.36312e-44
-3.36312e-44
-3.36312e-44
-3.36312e-44
-3.36312e-44
-3.36312e-44
-3.36312e-44
-3.36312e-44
-3.36312e-44
-3.36312e-44
-3.36312e-44
-3.36312e-44
-3.36312e-44
-3.36312e-44
-3.36312e-44
-3.36312e-44
-3.36312e-44
-3.36312e-44
-3.36312e-44
-3.36312e-44
-3.36312e-44
-3.36312e-44
-3.36312e-44
-3.36312e-44
-3.36312e-44
-3.36312e-44
-3.36312e-44
-3.36312e-44
-3.36312e-44
-3.36312e-44
-3.36312e-44
-3.36312e-44
-3.36312e-44
-3.36312e-44
-3.36312e-44
-3.36312e-44
-3.36312e-44
-3.36312e-44
-3.36312e-44
-3.36312e-44
-3.36312e-44
-3.36312e-44
-3.36312e-44
-3.36312e-44
-3.36312e-44
-3.36312e-44
-3.36312e-44
-3.36312e-44
-3.36312e-44
-3.36312e-44
-3.36312e-44
-3.36312e-44
-3.36312e-44
-3.36312e-44
-3.36312e-44
-3.36312e-44
-3.36312e-44
-3.36312e-44
-3.36312e-44
-3.36312e-44
-3.36312e-44
-3.36312e-44
-3.36312e-44
-3.36312e-44
-3.36312e-44
-3.36312e-44
-3.36312e-44
-3.36312e-44
-3.36312e-44
-3.36312e-44
-3.36312e-44
-3.36312e-44
-3.36312e-44
-3.36312e-44
-3.36312e-44
-3.36312e-44
-3.36312e-44
-3.36312e-44
-3.36312e-44
-3.36312e-44
-3.36312e-44
-3.36312e-44
-3.36312e-44
-3.36312e-44
-3.36312e-44
-3.36312e-44
-3.36312e-44
-3.36312e-44
-3.36312e-44
-3.36312e-44
-3.36312e-44
-3.36312e-44
-3.36312e-44
-3.36312e-44
-3.36312e-44
-3.36312e-44
-3.36312e-44
-3.36312e-44
-3.36312e-44
-3.36312e-44
-3.36312e-44
-3.36312e-44
-3.36312e-44
-3.36312e-44
-3.36312e-44
-3.36312e-44
-3.36312e-44
-3.36312e-44
-3.36312e-44
-3.36312e-44
-3.36312e-44
-3.36312e-44
-3.36312e-44
-3.36312e-44
-3.36312e-44
-3.36312e-44
-3.36312e-44
-3.36312e-44
-3.36312e-44
-3.36312e-44
-3.36312e-44
-3.36312e-44
-3.36312e-44
-3.36312e-44
-3.36312e-44
-3.36312e-44
-3.36312e-44
-3.36312e-44
-3.36312e-44
-3.36312e-44
-3.36312e-44
-3.36312e-44
-3.36312e-44
-3.36312e-44
-3.36312e-44
-3.36312e-44
-3.36312e-44
-3.36312e-44
-3.36312e-44
-3.36312e-44
-3.36312e-44
-3.36312e-44
-3.36312e-44
-3.36312e-44
-3.36312e-44
-3.36312e-44
-3.36312e-44
-3.36312e-44
-3.36312e-44
-3.36312e-44
-3.36312e-44
-3.36312e-44
-3.36312e-44
-3.36312e-44
-3.36312e-44
-3.36312e-44
-3.36312e-44
-3.36312e-44
-3.36312e-44
-3.36312e-44
-3.36312e-44
-3.36312e-44
-3.36312e-44
-3.36312e-44
-3.36312e-44
-3.36312e-44
-3.36312e-44
-3.36312e-44
-3.36312e-44
-3.36312e-44
-3.36312e-44
-3.36312e-44
-3.36312e-44
-3.36312e-44
-3.36312e-44
-3.36312e-44
-3.36312e-44
-3.36312e-44
-3.36312e-44
-3.36312e-44
-3.36312e-44
-3.36312e-44
-3.36312e-44
-3.36312e-44
-3.36312e-44
-3.36312e-44
-3.36312e-44
-3.36312e-44
-3.36312e-44
-3.36312e-44
-3.36312e-44
-3.36312e-44
-3.36312e-44
-3.36312e-44
-3.36312e-44
-3.36312e-44
-3.36312e-44
-3.36312e-44
-3.36312e-44
-3.36312e-44
-3.36312e-44
-3.36312e-44
-3.36312e-44
-3.36312e-44
-3.36312e-44
-3.36312e-44
-3.36312e-44
-3.36312e-44
-3.36312e-44
-3.36312e-44
-3.36312e-44
-3.36312e-44
-3.36312e-44
-3.36312e-44
-3.36312e-44
-3.36312e-44
-3.36312e-44
-3.36312e-44
-3.36312e-44
-3.36312e-44
-3.36312e-44
-3.36312e-44
-3.36312e-44
-3.36312e-44
-3.36312e-44
-3.36312e-44
-3.36312e-44
-3.36312e-44
-3.36312e-44
-3.36312e-44
-3.36312e-44
-3.36312e-44
-3.36312e-44
-3.36312e-44
-3.36312e-44
-3.36312e-44
-3.36312e-44
-3.36312e-44
-3.36312e-44
-3.36312e-44
-3.36312e-44
-3.36312e-44
-3.36312e-44
-3.36312e-44
-3.36312e-44
-3.36312e-44
-3.36312e-44
-3.36312e-44
-3.36312e-44
-3.36312e-44
-3.36312e-44
-3.36312e-44
-3.36312e-44
-3.36312e-44
-3.36312e-44
-3.36312e-44
-3.36312e-44
-3.36312e-44
-3.36312e-44
-3.36312e-44
-3.36312e-44
-3.36312e-44
-3.36312e-44
-3.36312e-44
-3.36312e-44
-3.36312e-44
-3.36312e-44
-3.36312e-44
-3.36312e-44
-3.36312e-44
-3.36312e-44
-3.36312e-44
-3.36312e-44
-3.36312e-44
-3.36312e-44
-3.36312e-44
-3.36312e-44
-3.36312e-44
-3.36312e-44
-3.36312e-44
-3.36312e-44
-3.36312e-44
-3.36312e-44
-3.36312e-44
-3.36312e-44
-3.36312e-44
-3.36312e-44
-3.36312e-44
-3.36312e-44
-3.36312e-44
-3.36312e-44
-3.36312e-44
-3.36312e-44
-3.36312e-44
-3.36312e-44
-3.36312e-44
-3.36312e-44
-3.36312e-44
-3.36312e-44
-3.36312e-44
-3.36312e-44
-3.36312e-44
-3.36312e-44
-3.36312e-44
-3.36312e-44
-3.36312e-44
-3.36312e-44
-3.36312e-44
-3.36312e-44
-3.36312e-44
-3.36312e-44
-3.36312e-44
-3.36312e-44
-3.36312e-44
-3.36312e-44
-3.36312e-44
-3.36312e-44
-3.36312e-44
-3.36312e-44
-3.36312e-44
-3.36312e-44
-3.36312e-44
-3.36312e-44
-3.36312e-44
-3.36312e-44
-3.36312e-44
-3.36312e-44
-3.36312e-44
-3.36312e-44
-3.36312e-44
-3.36312e-44
-3.36312e-44
-3.36312e-44
-3.36312e-44
-3.36312e-44
-3.36312e-44
-3.36312e-44
-3.36312e-44
-3.36312e-44
-3.36312e-44
-3.36312e-44
-3.36312e-44
-3.36312e-44
-3.36312e-44
-3.36312e-44
-3.36312e-44
-3.36312e-44
-3.36312e-44
-3.36312e-44
-3.36312e-44
-3.36312e-44
-3.36312e-44
-3.36312e-44
-3.36312e-44
-3.36312e-44
-3.36312e-44
-3.36312e-44
-3.36312e-44
-3.36312e-44
-3.36312e-44
-3.36312e-44
-3.36312e-44
-3.36312e-44
-3.36312e-44
-3.36312e-44
-3.36312e-44
-3.36312e-44
-3.36312e-44
-3.36312e-44
-3.36312e-44
-3.36312e-44
-3.36312e-44
-3.36312e-44
-3.36312e-44
-3.36312e-44
-3.36312e-44
-3.36312e-44
-3.36312e-44
-3.36312e-44
-3.36312e-44
-3.36312e-44
-3.36312e-44
-3.36312e-44
-3.36312e-44
-3.36312e-44
-3.36312e-44
-3.36312e-44
-3.36312e-44
-3.36312e-44
-3.36312e-44
-3.36312e-44
-3.36312e-44
-3.36312e-44
-3.36312e-44
-3.36312e-44
-3.36312e-44
-3.36312e-44
-3.36312e-44
-3.36312e-44
-3.36312e-44
-3.36312e-44
-3.36312e-44
-3.36312e-44
-3.36312e-44
-3.36312e-44
-3.36312e-44
-3.36312e-44
-3.36312e-44
-3.36312e-44
-3.36312e-44
-3.36312e-44
-3.36312e-44
-3.36312e-44
-3.36312e-44
-3.36312e-44
-3.36312e-44
-3.36312e-44
-3.36312e-44
-3.36312e-44
-3.36312e-44
-3.36312e-44
-3.36312e-44
-3.36312e-44
-3.36312e-44
-3.36312e-44
-3.36312e-44
-3.36312e-44
-3.36312e-44
-3.36312e-44
-3.36312e-44
-3.36312e-44
-3.36312e-44
-3.36312e-44
-3.36312e-44
-3.36312e-44
-3.36312e-44
-3.36312e-44
-3.36312e-44
-3.36312e-44
-3.36312e-44
-3.36312e-44
-3.36312e-44
-3.36312e-44
-3.36312e-44
-3.36312e-44
-3.36312e-44
-3.36312e-44
-3.36312e-44
-3.36312e-44
-3.36312e-44
-3.36312e-44
-3.36312e-44
-3.36312e-44
-3.36312e-44
-3.36312e-44
-3.36312e-44
-3.36312e-44
-3.36312e-44
-3.36312e-44
-3.36312e-44
-3.36312e-44
-3.36312e-44
-3.36312e-44
-3.36312e-44
-3.36312e-44
-3.36312e-44
-3.36312e-44
-3.36312e-44
-3.36312e-44
-3.36312e-44
-3.36312e-44
-3.36312e-44
-3.36312e-44
-3.36312e-44
-3.36312e-44
-3.36312e-44
-3.36312e-44
-3.36312e-44
-3.36312e-44
-3.36312e-44
-3.36312e-44
-3.36312e-44
-3.36312e-44
-3.36312e-44
-3.36312e-44
-3.36312e-44
-3.36312e-44
-3.36312e-44
-3.36312e-44
-3.36312e-44
-3.36312e-44
-3.36312e-44
-3.36312e-44
-3.36312e-44
-3.36312e-44
-3.36312e-44
-3.36312e-44
-3.36312e-44
-3.36312e-44
-3.36312e-44
-3.36312e-44
-3.36312e-44
-3.36312e-44
-3.36312e-44
-3.36312e-44
-3.36312e-44
-3.36312e-44
-3.36312e-44
-3.36312e-44
-3.36312e-44
-3.36312e-44
-3.36312e-44
-3.36312e-44
-3.36312e-44
-3.36312e-44
-3.36312e-44
-3.36312e-44
-3.36312e-44
-3.36312e-44
-3.36312e-44
-3.36312e-44
-3.36312e-44
-3.36312e-44
-3.36312e-44
-3.36312e-44
-3.36312e-44
-3.36312e-44
-3.36312e-44
-3.36312e-44
-3.36312e-44
-3.36312e-44
-3.36312e-44
-3.36312e-44
-3.36312e-44
-3.36312e-44
-3.36312e-44
-3.36312e-44
-3.36312e-44
-3.36312e-44
-3.36312e-44
-3.36312e-44
-3.36312e-44
-3.36312e-44
-3.36312e-44
-3.36312e-44
-3.36312e-44
-3.36312e-44
-3.36312e-44
-3.36312e-44
-3.36312e-44
-3.36312e-44
-3.36312e-44
-3.36312e-44
-3.36312e-44
-3.36312e-44
-3.36312e-44
-3.36312e-44
-3.36312e-44
-3.36312e-44
-3.36312e-44
-3.36312e-44
-3.36312e-44
-3.36312e-44
-3.36312e-44
-3.36312e-44
-3.36312e-44
-3.36312e-44
-3.36312e-44
-3.36312e-44
-3.36312e-44
-3.36312e-44
-3.36312e-44
-3.36312e-44
-3.36312e-44
-3.36312e-44
-3.36312e-44
-3.36312e-44
-3.36312e-44
-3.36312e-44
-3.36312e-44
-3.36312e-44
-3.36312e-44
-3.36312e-44
-3.36312e-44
-3.36312e-44
-3.36312e-44
-3.36312e-44
-3.36312e-44
-3.36312e-44
-3.36312e-44
-3.36312e-44
-3.36312e-44
-3.36312e-44
-3.36312e-44
-3.36312e-44
-3.36312e-44
-3.36312e-44
-3.36312e-44
-3.36312e-44
-3.36312e-44
-3.36312e-44
-3.36312e-44
-3.36312e-44
-3.36312e-44
-3.36312e-44
-3.36312e-44
-3.36312e-44
-3.36312e-44
-3.36312e-44
-3.36312e-44
-3.36312e-44
-3.36312e-44
-3.36312e-44
-3.36312e-44
-3.36312e-44
-3.36312e-44
-3.36312e-44
-3.36312e-44
-3.36312e-44
-3.36312e-44
-3.36312e-44
-3.36312e-44
-3.36312e-44
-3.36312e-44
-3.36312e-44
-3.36312e-44
-3.36312e-44
-3.36312e-44
-3.36312e-44
-3.36312e-44
-3.36312e-44
-3.36312e-44
-3.36312e-44
-3.36312e-44
-3.36312e-44
-3.36312e-44
-3.36312e-44
-3.36312e-44
-3.36312e-44
-3.36312e-44
-3.36312e-44
-3.36312e-44
-3.36312e-44
-3.36312e-44
-3.36312e-44
-3.36312e-44
-3.36312e-44
-3.36312e-44
-3.36312e-44
-3.36312e-44
-3.36312e-44
-3.36312e-44
-3.36312e-44
-3.36312e-44
-3.36312e-44
-3.36312e-44
-3.36312e-44
-3.36312e-44
-3.36312e-44
-3.36312e-44
-3.36312e-44
-3.36312e-44
-3.36312e-44
-3.36312e-44
-3.36312e-44
-3.36312e-44
-3.36312e-44
-3.36312e-44
-3.36312e-44
-3.36312e-44
-3.36312e-44
-3.36312e-44
-3.36312e-44
-3.36312e-44
-3.36312e-44
-3.36312e-44
-3.36312e-44
-3.36312e-44
-3.36312e-44
-3.36312e-44
-3.36312e-44
-3.36312e-44
-3.36312e-44
-3.36312e-44
-3.36312e-44
-3.36312e-44
-3.36312e-44
-3.36312e-44
-3.36312e-44
-3.36312e-44
-3.36312e-44
-3.36312e-44
-3.36312e-44
-3.36312e-44
-3.36312e-44
-3.36312e-44
-3.36312e-44
-3.36312e-44
-3.36312e-44
-3.36312e-44
-3.36312e-44
-3.36312e-44
-3.36312e-44
-3.36312e-44
-3.36312e-44
-3.36312e-44
-3.36312e-44
-3.36312e-44
-3.36312e-44
-3.36312e-44
-3.36312e-44
-3.36312e-44
-3.36312e-44
-3.36312e-44
-3.36312e-44
-3.36312e-44
-3.36312e-44
-3.36312e-44
-3.36312e-44
-3.36312e-44
-3.36312e-44
-3.36312e-44
-3.36312e-44
-3.36312e-44
-3.36312e-44
-3.36312e-44
-3.36312e-44
-3.36312e-44
-3.36312e-44
-3.36312e-44
-3.36312e-44
-3.36312e-44
-3.36312e-44
-3.36312e-44
-3.36312e-44
-3.36312e-44
-3.36312e-44
-3.36312e-44
-3.36312e-44
-3.36312e-44
-3.36312e-44
-3.36312e-44
-3.36312e-44
-3.36312e-44
-3.36312e-44
-3.36312e-44
-3.36312e-44
-3.36312e-44
-3.36312e-44
-3.36312e-44
-3.36312e-44
-3.36312e-44
-3.36312e-44
-3.36312e-44
-3.36312e-44
-3.36312e-44
-3.36312e-44
-3.36312e-44
-3.36312e-44
-3.36312e-44
-3.36312e-44
-3.36312e-44
-3.36312e-44
-3.36312e-44
-3.36312e-44
-3.36312e-44
-3.36312e-44
-3.36312e-44
-3.36312e-44
-3.36312e-44
-3.36312e-44
-3.36312e-44
-3.36312e-44
-3.36312e-44
-3.36312e-44
-3.36312e-44
-3.36312e-44
-3.36312e-44
-3.36312e-44
-3.36312e-44
-3.36312e-44
-3.36312e-44
-3.36312e-44
-3.36312e-44
-3.36312e-44
-3.36312e-44
-3.36312e-44
-3.36312e-44
-3.36312e-44
-3.36312e-44
-3.36312e-44
-3.36312e-44
-3.36312e-44
-3.36312e-44
-3.36312e-44
-3.36312e-44
-3.36312e-44
-3.36312e-44
-3.36312e-44
-3.36312e-44
-3.36312e-44
-3.36312e-44
-3.36312e-44
-3.36312e-44
-3.36312e-44
-3.36312e-44
-3.36312e-44
-3.36312e-44
-3.36312e-44
-3.36312e-44
-3.36312e-44
-3.36312e-44
-3.36312e-44
-3.36312e-44
-3.36312e-44
-3.36312e-44
-3.36312e-44
-3.36312e-44
-3.36312e-44
-3.36312e-44
-3.36312e-44
-3.36312e-44
-3.36312e-44
-3.36312e-44
-3.36312e-44
-3.36312e-44
-3.36312e-44
-3.36312e-44
-3.36312e-44
-3.36312e-44
-3.36312e-44
-3.36312e-44
-3.36312e-44
-3.36312e-44
-3.36312e-44
-3.36312e-44
-3.36312e-44
-3.36312e-44
-3.36312e-44
-3.36312e-44
-3.36312e-44
-3.36312e-44
-3.36312e-44
-3.36312e-44
-3.36312e-44
-3.36312e-44
-3.36312e-44
-3.36312e-44
-3.36312e-44
-3.36312e-44
-3.36312e-44
-3.36312e-44
-3.36312e-44
-3.36312e-44
-3.36312e-44
-3.36312e-44
-3.36312e-44
-3.36312e-44
-3.36312e-44
-3.36312e-44
-3.36312e-44
-3.36312e-44
-3.36312e-44
-3.36312e-44
-3.36312e-44
-3.36312e-44
-3.36312e-44
-3.36312e-44
-3.36312e-44
-3.36312e-44
-3.36312e-44
-3.36312e-44
-3.36312e-44
-3.36312e-44
-3.36312e-44
-3.36312e-44
-3.36312e-44
-3.36312e-44
-3.36312e-44
-3.36312e-44
-3.36312e-44
-3.36312e-44
-3.36312e-44
-3.36312e-44
-3.36312e-44
-3.36312e-44
-3.36312e-44
-3.36312e-44
-3.36312e-44
-3.36312e-44
-3.36312e-44
-3.36312e-44
-3.36312e-44
-3.36312e-44
-3.36312e-44
-3.36312e-44
-3.36312e-44
-3.36312e-44
-3.36312e-44
-3.36312e-44
-3.36312e-44
-3.36312e-44
-3.36312e-44
-3.36312e-44
-3.36312e-44
-3.36312e-44
-3.36312e-44
-3.36312e-44
-3.36312e-44
-3.36312e-44
-3.36312e-44
-3.36312e-44
-3.36312e-44
-3.36312e-44
-3.36312e-44
-3.36312e-44
-3.36312e-44
-3.36312e-44
-3.36312e-44
-3.36312e-44
-3.36312e-44
-3.36312e-44
-3.36312e-44
-3.36312e-44
-3.36312e-44
-3.36312e-44
-3.36312e-44
-3.36312e-44
-3.36312e-44
-3.36312e-44
-3.36312e-44
-3.36312e-44
-3.36312e-44
-3.36312e-44
-3.36312e-44
-3.36312e-44
-3.36312e-44
-3.36312e-44
-3.36312e-44
-3.36312e-44
-3.36312e-44
-3.36312e-44
-3.36312e-44
-3.36312e-44
-3.36312e-44
-3.36312e-44
-3.36312e-44
-3.36312e-44
-3.36312e-44
-3.36312e-44
-3.36312e-44
-3.36312e-44
-3.36312e-44
-3.36312e-44
-3.36312e-44
-3.36312e-44
-3.36312e-44
-3.36312e-44
-3.36312e-44
-3.36312e-44
-3.36312e-44
-3.36312e-44
-3.36312e-44
-3.36312e-44
-3.36312e-44
-3.36312e-44
-3.36312e-44
-3.36312e-44
-3.36312e-44
-3.36312e-44
-3.36312e-44
-3.36312e-44
-3.36312e-44
-3.36312e-44
-3.36312e-44
-3.36312e-44
-3.36312e-44
-3.36312e-44
-3.36312e-44
-3.36312e-44
-3.36312e-44
-3.36312e-44
-3.36312e-44
-3.36312e-44
-3.36312e-44
-3.36312e-44
-3.36312e-44
-3.36312e-44
-3.36312e-44
-3.36312e-44
-3.36312e-44
-3.36312e-44
-3.36312e-44
-3.36312e-44
-3.36312e-44
-3.36312e-44
-3.36312e-44
-3.36312e-44
-3.36312e-44
-3.36312e-44
-3.36312e-44
-3.36312e-44
-3.36312e-44
-3.36312e-44
-3.36312e-44
-3.36312e-44
-3.36312e-44
-3.36312e-44
-3.36312e-44
-3.36312e-44
-3.36312e-44
-3.36312e-44
-3.36312e-44
-3.36312e-44
-3.36312e-44
-3.36312e-44
-3.36312e-44
-3.36312e-44
-3.36312e-44
-3.36312e-44
-3.36312e-44
-3.36312e-44
-3.36312e-44
-3.36312e-44
-3.36312e-44
-3.36312e-44
-3.36312e-44
-3.36312e-44
-3.36312e-44
-3.36312e-44
-3.36312e-44
-3.36312e-44
-3.36312e-44
-3.36312e-44
-3.36312e-44
-3.36312e-44
-3.36312e-44
-3.36312e-44
-3.36312e-44
-3.36312e-44
-3.36312e-44
-3.36312e-44
-3.36312e-44
-3.36312e-44
-3.36312e-44
-3.36312e-44
-3.36312e-44
-3.36312e-44
-3.36312e-44
-3.36312e-44
-3.36312e-44
-3.36312e-44
-3.36312e-44
-3.36312e-44
-3.36312e-44
-3.36312e-44
-3.36312e-44
-3.36312e-44
-3.36312e-44
-3.36312e-44
-3.36312e-44
-3.36312e-44
-3.36312e-44
-3.36312e-44
-3.36312e-44
-3.36312e-44
-3.36312e-44
-3.36312e-44
-3.36312e-44
-3.36312e-44
-3.36312e-44
-3.36312e-44
-3.36312e-44
-3.36312e-44
-3.36312e-44
-3.36312e-44
-3.36312e-44
-3.36312e-44
-3.36312e-44
-3.36312e-44
-3.36312e-44
-3.36312e-44
-3.36312e-44
-3.36312e-44
-3.36312e-44
-3.36312e-44
-3.36312e-44
-3.36312e-44
-3.36312e-44
-3.36312e-44
-3.36312e-44
-3.36312e-44
-3.36312e-44
-3.36312e-44
-3.36312e-44
-3.36312e-44
-3.36312e-44
-3.36312e-44
-3.36312e-44
-3.36312e-44
-3.36312e-44
-3.36312e-44
-3.36312e-44
-3.36312e-44
-3.36312e-44
-3.36312e-44
-3.36312e-44
-3.36312e-44
-3.36312e-44
-3.36312e-44
-3.36312e-44
-3.36312e-44
-3.36312e-44
-3.36312e-44
-3.36312e-44
-3.36312e-44
-3.36312e-44
-3.36312e-44
-3.36312e-44
-3.36312e-44
-3.36312e-44
-3.36312e-44
-3.36312e-44
-3.36312e-44
-3.36312e-44
-3.36312e-44
-3.36312e-44
-3.36312e-44
-3.36312e-44
-3.36312e-44
-3.36312e-44
-3.36312e-44
-3.36312e-44
-3.36312e-44
-3.36312e-44
-3.36312e-44
-3.36312e-44
-3.36312e-44
-3.36312e-44
-3.36312e-44
-3.36312e-44
-3.36312e-44
-3.36312e-44
-3.36312e-44
-3.36312e-44
-3.36312e-44
-3.36312e-44
-3.36312e-44
-3.36312e-44
-3.36312e-44
-3.36312e-44
-3.36312e-44
-3.36312e-44
-3.36312e-44
-3.36312e-44
-3.36312e-44
-3.36312e-44
-3.36312e-44
-3.36312e-44
-3.36312e-44
-3.36312e-44
-3.36312e-44
-3.36312e-44
-3.36312e-44
-3.36312e-44
-3.36312e-44
-3.36312e-44
-3.36312e-44
-3.36312e-44
-3.36312e-44
-3.36312e-44
-3.36312e-44
-3.36312e-44
-3.36312e-44
-3.36312e-44
-3.36312e-44
-3.36312e-44
-3.36312e-44
-3.36312e-44
-3.36312e-44
-3.36312e-44
-3.36312e-44
-3.36312e-44
-3.36312e-44
-3.36312e-44
-3.36312e-44
-3.36312e-44
-3.36312e-44
-3.36312e-44
-3.36312e-44
-3.36312e-44
-3.36312e-44
-3.36312e-44
-3.36312e-44
-3.36312e-44
-3.36312e-44
-3.36312e-44
-3.36312e-44
-3.36312e-44
-3.36312e-44
-3.36312e-44
-3.36312e-44
-3.36312e-44
-3.36312e-44
-3.36312e-44
-3.36312e-44
-3.36312e-44
-3.36312e-44
-3.36312e-44
-3.36312e-44
-3.36312e-44
-3.36312e-44
-3.36312e-44
-3.36312e-44
-3.36312e-44
-3.36312e-44
-3.36312e-44
-3.36312e-44
-3.36312e-44
-3.36312e-44
-3.36312e-44
-3.36312e-44
-3.36312e-44
-3.36312e-44
-3.36312e-44
-3.36312e-44
-3.36312e-44
-3.36312e-44
-3.36312e-44
-3.36312e-44
-3.36312e-44
-3.36312e-44
-3.36312e-44
-3.36312e-44
-3.36312e-44
-3.36312e-44
-3.36312e-44
-3.36312e-44
-3.36312e-44
-3.36312e-44
-3.36312e-44
-3.36312e-44
-3.36312e-44
-3.36312e-44
-3.36312e-44
-3.36312e-44
-3.36312e-44
-3.36312e-44
-3.36312e-44
-3.36312e-44
-3.36312e-44
-3.36312e-44
-3.36312e-44
-3.36312e-44
-3.36312e-44
-3.36312e-44
-3.36312e-44
-3.36312e-44
-3.36312e-44
-3.36312e-44
-3.36312e-44
-3.36312e-44
-3.36312e-44
-3.36312e-44
-3.36312e-44
-3.36312e-44
-3.36312e-44
-3.36312e-44
-3.36312e-44
-3.36312e-44
-3.36312e-44
-3.36312e-44
-3.36312e-44
-3.36312e-44
-3.36312e-44
-3.36312e-44
-3.36312e-44
-3.36312e-44
-3.36312e-44
-3.36312e-44
-3.36312e-44
-3.36312e-44
-3.36312e-44
-3.36312e-44
-3.36312e-44
-3.36312e-44
-3.36312e-44
-3.36312e-44
-3.36312e-44
-3.36312e-44
-3.36312e-44
-3.36312e-44
-3.36312e-44
-3.36312e-44
-3.36312e-44
-3.36312e-44
-3.36312e-44
-3.36312e-44
-3.36312e-44
-3.36312e-44
-3.36312e-44
-3.36312e-44
-3.36312e-44
-3.36312e-44
-3.36312e-44
-3.36312e-44
-3.36312e-44
-3.36312e-44
-3.36312e-44
-3.36312e-44
-3.36312e-44
-3.36312e-44
-3.36312e-44
-3.36312e-44
-3.36312e-44
-3.36312e-44
-3.36312e-44
-3.36312e-44
-3.36312e-44
-3.36312e-44
-3.36312e-44
-3.36312e-44
-3.36312e-44
-3.36312e-44
-3.36312e-44
-3.36312e-44
-3.36312e-44
-3.36312e-44
-3.36312e-44
-3.36312e-44
-3.36312e-44
-3.36312e-44
-3.36312e-44
-3.36312e-44
-3.36312e-44
-3.36312e-44
-3.36312e-44
-3.36312e-44
-3.36312e-44
-3.36312e-44
-3.36312e-44
-3.36312e-44
-3.36312e-44
-3.36312e-44
-3.36312e-44
-3.36312e-44
-3.36312e-44
-3.36312e-44
-3.36312e-44
-3.36312e-44
-3.36312e-44
-3.36312e-44
-3.36312e-44
-3.36312e-44
-3.36312e-44
-3.36312e-44
-3.36312e-44
-3.36312e-44
-3.36312e-44
-3.36312e-44
-3.36312e-44
-3.36312e-44
-3.36312e-44
-3.36312e-44
-3.36312e-44
-3.36312e-44
-3.36312e-44
-3.36312e-44
-3.36312e-44
-3.36312e-44
-3.36312e-44
-3.36312e-44
-3.36312e-44
-3.36312e-44
-3.36312e-44
-3.36312e-44
-3.36312e-44
-3.36312e-44
-3.36312e-44
-3.36312e-44
-3.36312e-44
-3.36312e-44
-3.36312e-44
-3.36312e-44
-3.36312e-44
-3.36312e-44
-3.36312e-44
-3.36312e-44
-3.36312e-44
-3.36312e-44
-3.36312e-44
-3.36312e-44
-3.36312e-44
-3.36312e-44
-3.36312e-44
-3.36312e-44
-3.36312e-44
-3.36312e-44
-3.36312e-44
-3.36312e-44
-3.36312e-44
-3.36312e-44
-3.36312e-44
-3.36312e-44
-3.36312e-44
-3.36312e-44
-3.36312e-44
-3.36312e-44
-3.36312e-44
-3.36312e-44
-3.36312e-44
-3.36312e-44
-3.36312e-44
-3.36312e-44
-3.36312e-44
-3.36312e-44
-3.36312e-44
-3.36312e-44
-3.36312e-44
-3.36312e-44
-3.36312e-44
-3.36312e-44
-3.36312e-44
-3.36312e-44
-3.36312e-44
-3.36312e-44
-3.36312e-44
-3.36312e-44
-3.36312e-44
-3.36312e-44
-3.36312e-44
-3.36312e-44
-3.36312e-44
-3.36312e-44
-3.36312e-44
-3.36312e-44
-3.36312e-44
-3.36312e-44
-3.36312e-44
-3.36312e-44
-3.36312e-44
-3.36312e-44
-3.36312e-44
-3.36312e-44
-3.36312e-44
-3.36312e-44
-3.36312e-44
-3.36312e-44
-3.36312e-44
-3.36312e-44
-3.36312e-44
-3.36312e-44
-3.36312e-44
-3.36312e-44
-3.36312e-44
-3.36312e-44
-3.36312e-44
-3.36312e-44
-3.36312e-44
-3.36312e-44
-3.36312e-44
-3.36312e-44
-3.36312e-44
-3.36312e-44
-3.36312e-44
-3.36312e-44
-3.36312e-44
-3.36312e-44
-3.36312e-44
-3.36312e-44
-3.36312e-44
-3.36312e-44
-3.36312e-44
-3.36312e-44
-3.36312e-44
-3.36312e-44
-3.36312e-44
-3.36312e-44
-3.36312e-44
-3.36312e-44
-3.36312e-44
-3.36312e-44
-3.36312e-44
-3.36312e-44
-3.36312e-44
-3.36312e-44
-3.36312e-44
-3.36312e-44
-3.36312e-44
-3.36312e-44
-3.36312e-44
-3.36312e-44
-3.36312e-44
-3.36312e-44
-3.36312e-44
-3.36312e-44
-3.36312e-44
-3.36312e-44
-3.36312e-44
-3.36312e-44
-3.36312e-44
-3.36312e-44
-3.36312e-44
-3.36312e-44
-3.36312e-44
-3.36312e-44
-3.36312e-44
-3.36312e-44
-3.36312e-44
-3.36312e-44
-3.36312e-44
-3.36312e-44
-3.36312e-44
-3.36312e-44
-3.36312e-44
-3.36312e-44
-3.36312e-44
-3.36312e-44
-3.36312e-44
-3.36312e-44
-3.36312e-44
-3.36312e-44
-3.36312e-44
-3.36312e-44
-3.36312e-44
-3.36312e-44
-3.36312e-44
-3.36312e-44
-3.36312e-44
-3.36312e-44
-3.36312e-44
-3.36312e-44
-3.36312e-44
-3.36312e-44
-3.36312e-44
-3.36312e-44
-3.36312e-44
-3.36312e-44
-3.36312e-44
-3.36312e-44
-3.36312e-44
-3.36312e-44
-3.36312e-44
-3.36312e-44
-3.36312e-44
-3.36312e-44
-3.36312e-44
-3.36312e-44
-3.36312e-44
-3.36312e-44
-3.36312e-44
-3.36312e-44
-3.36312e-44
-3.36312e-44
-3.36312e-44
-3.36312e-44
-3.36312e-44
-3.36312e-44
-3.36312e-44
-3.36312e-44
-3.36312e-44
-3.36312e-44
-3.36312e-44
-3.36312e-44
-3.36312e-44
-3.36312e-44
-3.36312e-44
-3.36312e-44
-3.36312e-44
-3.36312e-44
-3.36312e-44
-3.36312e-44
-3.36312e-44
-3.36312e-44
-3.36312e-44
-3.36312e-44
-3.36312e-44
-3.36312e-44
-3.36312e-44
-3.36312e-44
-3.36312e-44
-3.36312e-44
-3.36312e-44
-3.36312e-44
-3.36312e-44
-3.36312e-44
-3.36312e-44
-3.36312e-44
-3.36312e-44
-3.36312e-44
-3.36312e-44
-3.36312e-44
-3.36312e-44
-3.36312e-44
-3.36312e-44
-3.36312e-44
-3.36312e-44
-3.36312e-44
-3.36312e-44
-3.36312e-44
-3.36312e-44
-3.36312e-44
-3.36312e-44
-3.36312e-44
-3.36312e-44
-3.36312e-44
-3.36312e-44
-3.36312e-44
-3.36312e-44
-3.36312e-44
-3.36312e-44
-3.36312e-44
-3.36312e-44
-3.36312e-44
-3.36312e-44
-3.36312e-44
-3.36312e-44
-3.36312e-44
-3.36312e-44
-3.36312e-44
-3.36312e-44
-3.36312e-44
-3.36312e-44
-3.36312e-44
-3.36312e-44
-3.36312e-44
-3.36312e-44
-3.36312e-44
-3.36312e-44
-3.36312e-44
-3.36312e-44
-3.36312e-44
-3.36312e-44
-3.36312e-44
-3.36312e-44
-3.36312e-44
-3.36312e-44
-3.36312e-44
-3.36312e-44
-3.36312e-44
-3.36312e-44
-3.36312e-44
-3.36312e-44
-3.36312e-44
-3.36312e-44
-3.36312e-44
-3.36312e-44
-3.36312e-44
-3.36312e-44
-3.36312e-44
-3.36312e-44
-3.36312e-44
-3.36312e-44
-3.36312e-44
-3.36312e-44
-3.36312e-44
-3.36312e-44
-3.36312e-44
-3.36312e-44
-3.36312e-44
-3.36312e-44
-3.36312e-44
-3.36312e-44
-3.36312e-44
-3.36312e-44
-3.36312e-44
-3.36312e-44
-3.36312e-44
-3.36312e-44
-3.36312e-44
-3.36312e-44
-3.36312e-44
-3.36312e-44
-3.36312e-44
-3.36312e-44
-3.36312e-44
-3.36312e-44
-3.36312e-44
-3.36312e-44
-3.36312e-44
-3.36312e-44
-3.36312e-44
-3.36312e-44
-3.36312e-44
-3.36312e-44
-3.36312e-44
-3.36312e-44
-3.36312e-44
-3.36312e-44
-3.36312e-44
-3.36312e-44
-3.36312e-44
-3.36312e-44
-3.36312e-44
-3.36312e-44
-3.36312e-44
-3.36312e-44
-3.36312e-44
-3.36312e-44
-3.36312e-44
-3.36312e-44
-3.36312e-44
-3.36312e-44
-3.36312e-44
-3.36312e-44
-3.36312e-44
-3.36312e-44
-3.36312e-44
-3.36312e-44
-3.36312e-44
-3.36312e-44
-3.36312e-44
-3.36312e-44
-3.36312e-44
-3.36312e-44
-3.36312e-44
-3.36312e-44
-3.36312e-44
-3.36312e-44
-3.36312e-44
-3.36312e-44
-3.36312e-44
-3.36312e-44
-3.36312e-44
-3.36312e-44
-3.36312e-44
-3.36312e-44
-3.36312e-44
-3.36312e-44
-3.36312e-44
-3.36312e-44
-3.36312e-44
-3.36312e-44
-3.36312e-44
-3.36312e-44
-3.36312e-44
-3.36312e-44
-3.36312e-44
-3.36312e-44
-3.36312e-44
-3.36312e-44
-3.36312e-44
-3.36312e-44
-3.36312e-44
-3.36312e-44
-3.36312e-44
-3.36312e-44
-3.36312e-44
-3.36312e-44
-3.36312e-44
-3.36312e-44
-3.36312e-44
-3.36312e-44
-3.36312e-44
-3.36312e-44
-3.36312e-44
-3.36312e-44
-3.36312e-44
-3.36312e-44
-3.36312e-44
-3.36312e-44
-3.36312e-44
-3.36312e-44
-3.36312e-44
-3.36312e-44
-3.36312e-44
-3.36312e-44
-3.36312e-44
-3.36312e-44
-3.36312e-44
-3.36312e-44
-3.36312e-44
-3.36312e-44
-3.36312e-44
-3.36312e-44
-3.36312e-44
-3.36312e-44
-3.36312e-44
-3.36312e-44
-3.36312e-44
-3.36312e-44
-3.36312e-44
-3.36312e-44
-3.36312e-44
-3.36312e-44
-3.36312e-44
-3.36312e-44
-3.36312e-44
-3.36312e-44
-3.36312e-44
-3.36312e-44
-3.36312e-44
-3.36312e-44
-3.36312e-44
-3.36312e-44
-3.36312e-44
-3.36312e-44
-3.36312e-44
-3.36312e-44
-3.36312e-44
-3.36312e-44
-3.36312e-44
-3.36312e-44
-3.36312e-44
-3.36312e-44
-3.36312e-44
-3.36312e-44
-3.36312e-44
-3.36312e-44
-3.36312e-44
-3.36312e-44
-3.36312e-44
-3.36312e-44
-3.36312e-44
-3.36312e-44
-3.36312e-44
-3.36312e-44
-3.36312e-44
-3.36312e-44
-3.36312e-44
-3.36312e-44
-3.36312e-44
-3.36312e-44
-3.36312e-44
-3.36312e-44
-3.36312e-44
-3.36312e-44
-3.36312e-44
-3.36312e-44
-3.36312e-44
-3.36312e-44
-3.36312e-44
-3.36312e-44
-3.36312e-44
-3.36312e-44
-3.36312e-44
-3.36312e-44
-3.36312e-44
-3.36312e-44
-3.36312e-44
-3.36312e-44
-3.36312e-44
-3.36312e-44
-3.36312e-44
-3.36312e-44
-3.36312e-44
-3.36312e-44
-3.36312e-44
-3.36312e-44
-3.36312e-44
-3.36312e-44
-3.36312e-44
-3.36312e-44
-3.36312e-44
-3.36312e-44
-3.36312e-44
-3.36312e-44
-3.36312e-44
-3.36312e-44
-3.36312e-44
-3.36312e-44
-3.36312e-44
-3.36312e-44
-3.36312e-44
-3.36312e-44
-3.36312e-44
-3.36312e-44
-3.36312e-44
-3.36312e-44
-3.36312e-44
-3.36312e-44
-3.36312e-44
-3.36312e-44
-3.36312e-44
-3.36312e-44
-3.36312e-44
-3.36312e-44
-3.36312e-44
-3.36312e-44
-3.36312e-44
-3.36312e-44
-3.36312e-44
-3.36312e-44
-3.36312e-44
-3.36312e-44
-3.36312e-44
-3.36312e-44
-3.36312e-44
-3.36312e-44
-3.36312e-44
-3.36312e-44
-3.36312e-44
-3.36312e-44
-3.36312e-44
-3.36312e-44
-3.36312e-44
-3.36312e-44
-3.36312e-44
-3.36312e-44
-3.36312e-44
-3.36312e-44
-3.36312e-44
-3.36312e-44
-3.36312e-44
-3.36312e-44
-3.36312e-44
-3.36312e-44
-3.36312e-44
-3.36312e-44
-3.36312e-44
-3.36312e-44
-3.36312e-44
-3.36312e-44
-3.36312e-44
-3.36312e-44
-3.36312e-44
-3.36312e-44
-3.36312e-44
-3.36312e-44
-3.36312e-44
-3.36312e-44
-3.36312e-44
-3.36312e-44
-3.36312e-44
-3.36312e-44
-3.36312e-44
-3.36312e-44
-3.36312e-44
-3.36312e-44
-3.36312e-44
-3.36312e-44
-3.36312e-44
-3.36312e-44
-3.36312e-44
-3.36312e-44
-3.36312e-44
-3.36312e-44
-3.36312e-44
-3.36312e-44
-3.36312e-44
-3.36312e-44
-3.36312e-44
-3.36312e-44
-3.36312e-44
-3.36312e-44
-3.36312e-44
-3.36312e-44
-3.36312e-44
-3.36312e-44
-3.36312e-44
-3.36312e-44
-3.36312e-44
-3.36312e-44
-3.36312e-44
-3.36312e-44
-3.36312e-44
-3.36312e-44
-3.36312e-44
-3.36312e-44
-3.36312e-44
-3.36312e-44
-3.36312e-44
-3.36312e-44
-3.36312e-44
-3.36312e-44
-3.36312e-44
-3.36312e-44
-3.36312e-44
-3.36312e-44
-3.36312e-44
-3.36312e-44
-3.36312e-44
-3.36312e-44
-3.36312e-44
-3.36312e-44
-3.36312e-44
-3.36312e-44
-3.36312e-44
-3.36312e-44
-3.36312e-44
-3.36312e-44
-3.36312e-44
-3.36312e-44
-3.36312e-44
-3.36312e-44
-3.36312e-44
-3.36312e-44
-3.36312e-44
-3.36312e-44
-3.36312e-44
-3.36312e-44
-3.36312e-44
-3.36312e-44
-3.36312e-44
-3.36312e-44
-3.36312e-44
-3.36312e-44
-3.36312e-44
-3.36312e-44
-3.36312e-44
-3.36312e-44
-3.36312e-44
-3.36312e-44
-3.36312e-44
-3.36312e-44
-3.36312e-44
-3.36312e-44
-3.36312e-44
-3.36312e-44
-3.36312e-44
-3.36312e-44
-3.36312e-44
-3.36312e-44
-3.36312e-44
-3.36312e-44
-3.36312e-44
-3.36312e-44
-3.36312e-44
-3.36312e-44
-3.36312e-44
-3.36312e-44
-3.36312e-44
-3.36312e-44
-3.36312e-44
-3.36312e-44
-3.36312e-44
-3.36312e-44
-3.36312e-44
-3.36312e-44
-3.36312e-44
-3.36312e-44
-3.36312e-44
-3.36312e-44
-3.36312e-44
-3.36312e-44
-3.36312e-44
-3.36312e-44
-3.36312e-44
-3.36312e-44
-3.36312e-44
-3.36312e-44
-3.36312e-44
-3.36312e-44
-3.36312e-44
-3.36312e-44
-3.36312e-44
-3.36312e-44
-3.36312e-44
-3.36312e-44
-3.36312e-44
-3.36312e-44
-3.36312e-44
-3.36312e-44
-3.36312e-44
-3.36312e-44
-3.36312e-44
-3.36312e-44
-3.36312e-44
-3.36312e-44
-3.36312e-44
-3.36312e-44
-3.36312e-44
-3.36312e-44
-3.36312e-44
-3.36312e-44
-3.36312e-44
-3.36312e-44
-3.36312e-44
-3.36312e-44
-3.36312e-44
-3.36312e-44
-3.36312e-44
-3.36312e-44
-3.36312e-44
-3.36312e-44
-3.36312e-44
-3.36312e-44
-3.36312e-44
-3.36312e-44
-3.36312e-44
-3.36312e-44
-3.36312e-44
-3.36312e-44
-3.36312e-44
-3.36312e-44
-3.36312e-44
-3.36312e-44
-3.36312e-44
-3.36312e-44
-3.36312e-44
-3.36312e-44
-3.36312e-44
-3.36312e-44
-3.36312e-44
-3.36312e-44
-3.36312e-44
-3.36312e-44
-3.36312e-44
-3.36312e-44
-3.36312e-44
-3.36312e-44
-3.36312e-44
-3.36312e-44
-3.36312e-44
-3.36312e-44
-3.36312e-44
-3.36312e-44
-3.36312e-44
-3.36312e-44
-3.36312e-44
-3.36312e-44
-3.36312e-44
-3.36312e-44
-3.36312e-44
-3.36312e-44
-3.36312e-44
-3.36312e-44
-3.36312e-44
-3.36312e-44
-3.36312e-44
-3.36312e-44
-3.36312e-44
-3.36312e-44
-3.36312e-44
-3.36312e-44
-3.36312e-44
-3.36312e-44
-3.36312e-44
-3.36312e-44
-3.36312e-44
-3.36312e-44
-3.36312e-44
-3.36312e-44
-3.36312e-44
-3.36312e-44
-3.36312e-44
-3.36312e-44
-3.36312e-44
-3.36312e-44
-3.36312e-44
-3.36312e-44
-3.36312e-44
-3.36312e-44
-3.36312e-44
-3.36312e-44
-3.36312e-44
-3.36312e-44
-3.36312e-44
-3.36312e-44
-3.36312e-44
-3.36312e-44
-3.36312e-44
-3.36312e-44
-3.36312e-44
-3.36312e-44
-3.36312e-44
-3.36312e-44
-3.36312e-44
-3.36312e-44
-3.36312e-44
-3.36312e-44
-3.36312e-44
-3.36312e-44
-3.36312e-44
-3.36312e-44
-3.36312e-44
-3.36312e-44
-3.36312e-44
-3.36312e-44
-3.36312e-44
-3.36312e-44
-3.36312e-44
-3.36312e-44
-3.36312e-44
-3.36312e-44
-3.36312e-44
-3.36312e-44
-3.36312e-44
-3.36312e-44
-3.36312e-44
-3.36312e-44
-3.36312e-44
-3.36312e-44
-3.36312e-44
-3.36312e-44
-3.36312e-44
-3.36312e-44
-3.36312e-44
-3.36312e-44
-3.36312e-44
-3.36312e-44
-3.36312e-44
-3.36312e-44
-3.36312e-44
-3.36312e-44
-3.36312e-44
-3.36312e-44
-3.36312e-44
-3.36312e-44
-3.36312e-44
-3.36312e-44
-3.36312e-44
-3.36312e-44
-3.36312e-44
-3.36312e-44
-3.36312e-44
-3.36312e-44
-3.36312e-44
-3.36312e-44
-3.36312e-44
-3.36312e-44
-3.36312e-44
-3.36312e-44
-3.36312e-44
-3.36312e-44
-3.36312e-44
-3.36312e-44
-3.36312e-44
-3.36312e-44
-3.36312e-44
-3.36312e-44
-3.36312e-44
-3.36312e-44
-3.36312e-44
-3.36312e-44
-3.36312e-44
-3.36312e-44
-3.36312e-44
-3.36312e-44
-3.36312e-44
-3.36312e-44
-3.36312e-44
-3.36312e-44
-3.36312e-44
-3.36312e-44
-3.36312e-44
-3.36312e-44
-3.36312e-44
-3.36312e-44
-3.36312e-44
-3.36312e-44
-3.36312e-44
-3.36312e-44
-3.36312e-44
-3.36312e-44
-3.36312e-44
-3.36312e-44
-3.36312e-44
-3.36312e-44
-3.36312e-44
-3.36312e-44
-3.36312e-44
-3.36312e-44
-3.36312e-44
-3.36312e-44
-3.36312e-44
-3.36312e-44
-3.36312e-44
-3.36312e-44
-3.36312e-44
-3.36312e-44
-3.36312e-44
-3.36312e-44
-3.36312e-44
-3.36312e-44
-3.36312e-44
-3.36312e-44
-3.36312e-44
-3.36312e-44
-3.36312e-44
-3.36312e-44
-3.36312e-44
-3.36312e-44
-3.36312e-44
-3.36312e-44
-3.36312e-44
-3.36312e-44
-3.36312e-44
-3.36312e-44
-3.36312e-44
-3.36312e-44
-3.36312e-44
-3.36312e-44
-3.36312e-44
-3.36312e-44
-3.36312e-44
-3.36312e-44
-3.36312e-44
-3.36312e-44
-3.36312e-44
-3.36312e-44
-3.36312e-44
-3.36312e-44
-3.36312e-44
-3.36312e-44
-3.36312e-44
-3.36312e-44
-3.36312e-44
-3.36312e-44
-3.36312e-44
-3.36312e-44
-3.36312e-44
-3.36312e-44
-3.36312e-44
-3.36312e-44
-3.36312e-44
-3.36312e-44
-3.36312e-44
-3.36312e-44
-3.36312e-44
-3.36312e-44
-3.36312e-44
-3.36312e-44
-3.36312e-44
-3.36312e-44
-3.36312e-44
-3.36312e-44
-3.36312e-44
-3.36312e-44
-3.36312e-44
-3.36312e-44
-3.36312e-44
-3.36312e-44
-3.36312e-44
-3.36312e-44
-3.36312e-44
-3.36312e-44
-3.36312e-44
-3.36312e-44
-3.36312e-44
-3.36312e-44
-3.36312e-44
-3.36312e-44
-3.36312e-44
-3.36312e-44
-3.36312e-44
-3.36312e-44
-3.36312e-44
-3.36312e-44
-3.36312e-44
-3.36312e-44
-3.36312e-44
-3.36312e-44
-3.36312e-44
-3.36312e-44
-3.36312e-44
-3.36312e-44
-3.36312e-44
-3.36312e-44
-3.36312e-44
-3.36312e-44
-3.36312e-44
-3.36312e-44
-3.36312e-44
-3.36312e-44
-3.36312e-44
-3.36312e-44
-3.36312e-44
-3.36312e-44
-3.36312e-44
-3.36312e-44
-3.36312e-44
-3.36312e-44
-3.36312e-44
-3.36312e-44
-3.36312e-44
-3.36312e-44
-3.36312e-44
-3.36312e-44
-3.36312e-44
-3.36312e-44
-3.36312e-44
-3.36312e-44
-3.36312e-44
-3.36312e-44
-3.36312e-44
-3.36312e-44
-3.36312e-44
-3.36312e-44
-3.36312e-44
-3.36312e-44
-3.36312e-44
-3.36312e-44
-3.36312e-44
-3.36312e-44
-3.36312e-44
-3.36312e-44
-3.36312e-44
-3.36312e-44
-3.36312e-44
-3.36312e-44
-3.36312e-44
-3.36312e-44
-3.36312e-44
-3.36312e-44
-3.36312e-44
-3.36312e-44
-3.36312e-44
-3.36312e-44
-3.36312e-44
-3.36312e-44
-3.36312e-44
-3.36312e-44
-3.36312e-44
-3.36312e-44
-3.36312e-44
-3.36312e-44
-3.36312e-44
-3.36312e-44
-3.36312e-44
-3.36312e-44
-3.36312e-44
-3.36312e-44
-3.36312e-44
-3.36312e-44
-3.36312e-44
-3.36312e-44
-3.36312e-44
-3.36312e-44
-3.36312e-44
-3.36312e-44
-3.36312e-44
-3.36312e-44
-3.36312e-44
-3.36312e-44
-3.36312e-44
-3.36312e-44
-3.36312e-44
-3.36312e-44
-3.36312e-44
-3.36312e-44
-3.36312e-44
-3.36312e-44
-3.36312e-44
-3.36312e-44
-3.36312e-44
-3.36312e-44
-3.36312e-44
-3.36312e-44
-3.36312e-44
-3.36312e-44
-3.36312e-44
-3.36312e-44
-3.36312e-44
-3.36312e-44
-3.36312e-44
-3.36312e-44
-3.36312e-44
-3.36312e-44
-3.36312e-44
-3.36312e-44
-3.36312e-44
-3.36312e-44
-3.36312e-44
-3.36312e-44
-3.36312e-44
-3.36312e-44
-3.36312e-44
-3.36312e-44
-3.36312e-44
-3.36312e-44
-3.36312e-44
-3.36312e-44
-3.36312e-44
-3.36312e-44
-3.36312e-44
-3.36312e-44
-3.36312e-44
-3.36312e-44
-3.36312e-44
-3.36312e-44
-3.36312e-44
-3.36312e-44
-3.36312e-44
-3.36312e-44
-3.36312e-44
-3.36312e-44
-3.36312e-44
-3.36312e-44
-3.36312e-44
-3.36312e-44
-3.36312e-44
-3.36312e-44
-3.36312e-44
-3.36312e-44
-3.36312e-44
-3.36312e-44
-3.36312e-44
-3.36312e-44
-3.36312e-44
-3.36312e-44
-3.36312e-44
-3.36312e-44
-3.36312e-44
-3.36312e-44
-3.36312e-44
-3.36312e-44
-3.36312e-44
-3.36312e-44
-3.36312e-44
-3.36312e-44
-3.36312e-44
-3.36312e-44
-3.36312e-44
-3.36312e-44
-3.36312e-44
-3.36312e-44
-3.36312e-44
-3.36312e-44
-3.36312e-44
-3.36312e-44
-3.36312e-44
-3.36312e-44
-3.36312e-44
-3.36312e-44
-3.36312e-44
-3.36312e-44
-3.36312e-44
-3.36312e-44
-3.36312e-44
-3.36312e-44
-3.36312e-44
-3.36312e-44
-3.36312e-44
-3.36312e-44
-3.36312e-44
-3.36312e-44
-3.36312e-44
-3.36312e-44
-3.36312e-44
-3.36312e-44
-3.36312e-44
-3.36312e-44
-3.36312e-44
-3.36312e-44
-3.36312e-44
-3.36312e-44
-3.36312e-44
-3.36312e-44
-3.36312e-44
-3.36312e-44
-3.36312e-44
-3.36312e-44
-3.36312e-44
-3.36312e-44
-3.36312e-44
-3.36312e-44
-3.36312e-44
-3.36312e-44
-3.36312e-44
-3.36312e-44
-3.36312e-44
-3.36312e-44
-3.36312e-44
-3.36312e-44
-3.36312e-44
-3.36312e-44
-3.36312e-44
-3.36312e-44
-3.36312e-44
-3.36312e-44
-3.36312e-44
-3.36312e-44
-3.36312e-44
-3.36312e-44
-3.36312e-44
-3.36312e-44
-3.36312e-44
-3.36312e-44
-3.36312e-44
-3.36312e-44
-3.36312e-44
-3.36312e-44
-3.36312e-44
-3.36312e-44
-3.36312e-44
-3.36312e-44
-3.36312e-44
-3.36312e-44
-3.36312e-44
-3.36312e-44
-3.36312e-44
-3.36312e-44
-3.36312e-44
-3.36312e-44
-3.36312e-44
-3.36312e-44
-3.36312e-44
-3.36312e-44
-3.36312e-44
-3.36312e-44
-3.36312e-44
-3.36312e-44
-3.36312e-44
-3.36312e-44
-3.36312e-44
-3.36312e-44
-3.36312e-44
-3.36312e-44
-3.36312e-44
-3.36312e-44
-3.36312e-44
-3.36312e-44
-3.36312e-44
-3.36312e-44
-3.36312e-44
-3.36312e-44
-3.36312e-44
-3.36312e-44
-3.36312e-44
-3.36312e-44
-3.36312e-44
-3.36312e-44
-3.36312e-44
-3.36312e-44
-3.36312e-44
-3.36312e-44
-3.36312e-44
-3.36312e-44
-3.36312e-44
-3.36312e-44
-3.36312e-44
-3.36312e-44
-3.36312e-44
-3.36312e-44
-3.36312e-44
-3.36312e-44
-3.36312e-44
-3.36312e-44
-3.36312e-44
-3.36312e-44
-3.36312e-44
-3.36312e-44
-3.36312e-44
-3.36312e-44
-3.36312e-44
-3.36312e-44
-3.36312e-44
-3.36312e-44
-3.36312e-44
-3.36312e-44
-3.36312e-44
-3.36312e-44
-3.36312e-44
-3.36312e-44
-3.36312e-44
-3.36312e-44
-3.36312e-44
-3.36312e-44
-3.36312e-44
-3.36312e-44
-3.36312e-44
-3.36312e-44
-3.36312e-44
-3.36312e-44
-3.36312e-44
-3.36312e-44
-3.36312e-44
-3.36312e-44
-3.36312e-44
-3.36312e-44
-3.36312e-44
-3.36312e-44
-3.36312e-44
-3.36312e-44
-3.36312e-44
-3.36312e-44
-3.36312e-44
-3.36312e-44
-3.36312e-44
-3.36312e-44
-3.36312e-44
-3.36312e-44
-3.36312e-44
-3.36312e-44
-3.36312e-44
-3.36312e-44
-3.36312e-44
-3.36312e-44
-3.36312e-44
-3.36312e-44
-3.36312e-44
-3.36312e-44
-3.36312e-44
-3.36312e-44
-3.36312e-44
-3.36312e-44
-3.36312e-44
-3.36312e-44
-3.36312e-44
-3.36312e-44
-3.36312e-44
-3.36312e-44
-3.36312e-44
-3.36312e-44
-3.36312e-44
-3.36312e-44
-3.36312e-44
-3.36312e-44
-3.36312e-44
-3.36312e-44
-3.36312e-44
-3.36312e-44
-3.36312e-44
-3.36312e-44
-3.36312e-44
-3.36312e-44
-3.36312e-44
-3.36312e-44
-3.36312e-44
-3.36312e-44
-3.36312e-44
-3.36312e-44
-3.36312e-44
-3.36312e-44
-3.36312e-44
-3.36312e-44
-3.36312e-44
-3.36312e-44
-3.36312e-44
-3.36312e-44
-3.36312e-44
-3.36312e-44
-3.36312e-44
-3.36312e-44
-3.36312e-44
-3.36312e-44
-3.36312e-44
-3.36312e-44
-3.36312e-44
-3.36312e-44
-3.36312e-44
-3.36312e-44
-3.36312e-44
-3.36312e-44
-3.36312e-44
-3.36312e-44
-3.36312e-44
-3.36312e-44
-3.36312e-44
-3.36312e-44
-3.36312e-44
-3.36312e-44
-3.36312e-44
-3.36312e-44
-3.36312e-44
-3.36312e-44
-3.36312e-44
-3.36312e-44
-3.36312e-44
-3.36312e-44
-3.36312e-44
-3.36312e-44
-3.36312e-44
-3.36312e-44
-3.36312e-44
-3.36312e-44
-3.36312e-44
-3.36312e-44
-3.36312e-44
-3.36312e-44
-3.36312e-44
-3.36312e-44
-3.36312e-44
-3.36312e-44
-3.36312e-44
-3.36312e-44
-3.36312e-44
-3.36312e-44
-3.36312e-44
-3.36312e-44
-3.36312e-44
-3.36312e-44
-3.36312e-44
-3.36312e-44
-3.36312e-44
-3.36312e-44
-3.36312e-44
-3.36312e-44
-3.36312e-44
-3.36312e-44
-3.36312e-44
-3.36312e-44
-3.36312e-44
-3.36312e-44
-3.36312e-44
-3.36312e-44
-3.36312e-44
-3.36312e-44
-3.36312e-44
-3.36312e-44
-3.36312e-44
-3.36312e-44
-3.36312e-44
-3.36312e-44
-3.36312e-44
-3.36312e-44
-3.36312e-44
-3.36312e-44
-3.36312e-44
-3.36312e-44
-3.36312e-44
-3.36312e-44
-3.36312e-44
-3.36312e-44
-3.36312e-44
-3.36312e-44
-3.36312e-44
-3.36312e-44
-3.36312e-44
-3.36312e-44
-3.36312e-44
-3.36312e-44
-3.36312e-44
-3.36312e-44
-3.36312e-44
-3.36312e-44
-3.36312e-44
-3.36312e-44
-3.36312e-44
-3.36312e-44
-3.36312e-44
-3.36312e-44
-3.36312e-44
-3.36312e-44
-3.36312e-44
-3.36312e-44
-3.36312e-44
-3.36312e-44
-3.36312e-44
-3.36312e-44
-3.36312e-44
-3.36312e-44
-3.36312e-44
-3.36312e-44
-3.36312e-44
-3.36312e-44
-3.36312e-44
-3.36312e-44
-3.36312e-44
-3.36312e-44
-3.36312e-44
-3.36312e-44
-3.36312e-44
-3.36312e-44
-3.36312e-44
-3.36312e-44
-3.36312e-44
-3.36312e-44
-3.36312e-44
-3.36312e-44
-3.36312e-44
-3.36312e-44
-3.36312e-44
-3.36312e-44
-3.36312e-44
-3.36312e-44
-3.36312e-44
-3.36312e-44
-3.36312e-44
-3.36312e-44
-3.36312e-44
-3.36312e-44
-3.36312e-44
-3.36312e-44
-3.36312e-44
-3.36312e-44
-3.36312e-44
-3.36312e-44
-3.36312e-44
-3.36312e-44
-3.36312e-44
-3.36312e-44
-3.36312e-44
-3.36312e-44
-3.36312e-44
-3.36312e-44
-3.36312e-44
-3.36312e-44
-3.36312e-44
-3.36312e-44
-3.36312e-44
-3.36312e-44
-3.36312e-44
-3.36312e-44
-3.36312e-44
-3.36312e-44
-3.36312e-44
-3.36312e-44
-3.36312e-44
-3.36312e-44
-3.36312e-44
-3.36312e-44
-3.36312e-44
-3.36312e-44
-3.36312e-44
-3.36312e-44
-3.36312e-44
-3.36312e-44
-3.36312e-44
-3.36312e-44
-3.36312e-44
-3.36312e-44
-3.36312e-44
-3.36312e-44
-3.36312e-44
-3.36312e-44
-3.36312e-44
-3.36312e-44
-3.36312e-44
-3.36312e-44
-3.36312e-44
-3.36312e-44
-3.36312e-44
-3.36312e-44
-3.36312e-44
-3.36312e-44
-3.36312e-44
-3.36312e-44
-3.36312e-44
-3.36312e-44
-3.36312e-44
-3.36312e-44
-3.36312e-44
-3.36312e-44
-3.36312e-44
-3.36312e-44
-3.36312e-44
-3.36312e-44
-3.36312e-44
-3.36312e-44
-3.36312e-44
-3.36312e-44
-3.36312e-44
-3.36312e-44
-3.36312e-44
-3.36312e-44
-3.36312e-44
-3.36312e-44
-3.36312e-44
-3.36312e-44
-3.36312e-44
-3.36312e-44
-3.36312e-44
-3.36312e-44
-3.36312e-44
-3.36312e-44
-3.36312e-44
-3.36312e-44
-3.36312e-44
-3.36312e-44
-3.36312e-44
-3.36312e-44
-3.36312e-44
-3.36312e-44
-3.36312e-44
-3.36312e-44
-3.36312e-44
-3.36312e-44
-3.36312e-44
-3.36312e-44
-3.36312e-44
-3.36312e-44
-3.36312e-44
-3.36312e-44
-3.36312e-44
-3.36312e-44
-3.36312e-44
-3.36312e-44
-3.36312e-44
-3.36312e-44
-3.36312e-44
-3.36312e-44
-3.36312e-44
-3.36312e-44
-3.36312e-44
-3.36312e-44
-3.36312e-44
-3.36312e-44
-3.36312e-44
-3.36312e-44
-3.36312e-44
-3.36312e-44
-3.36312e-44
-3.36312e-44
-3.36312e-44
-3.36312e-44
-3.36312e-44
-3.36312e-44
-3.36312e-44
-3.36312e-44
-3.36312e-44
-3.36312e-44
-3.36312e-44
-3.36312e-44
-3.36312e-44
-3.36312e-44
-3.36312e-44
-3.36312e-44
-3.36312e-44
-3.36312e-44
-3.36312e-44
-3.36312e-44
-3.36312e-44
-3.36312e-44
-3.36312e-44
-3.36312e-44
-3.36312e-44
-3.36312e-44
-3.36312e-44
-3.36312e-44
-3.36312e-44
-3.36312e-44
-3.36312e-44
-3.36312e-44
-3.36312e-44
-3.36312e-44
-3.36312e-44
-3.36312e-44
-3.36312e-44
-3.36312e-44
-3.36312e-44
-3.36312e-44
-3.36312e-44
-3.36312e-44
-3.36312e-44
-3.36312e-44
-3.36312e-44
-3.36312e-44
-3.36312e-44
-3.36312e-44
-3.36312e-44
-3.36312e-44
-3.36312e-44
-3.36312e-44
-3.36312e-44
-3.36312e-44
-3.36312e-44
-3.36312e-44
-3.36312e-44
-3.36312e-44
-3.36312e-44
-3.36312e-44
-3.36312e-44
-3.36312e-44
-3.36312e-44
-3.36312e-44
-3.36312e-44
-3.36312e-44
-3.36312e-44
-3.36312e-44
-3.36312e-44
-3.36312e-44
-3.36312e-44
-3.36312e-44
-3.36312e-44
-3.36312e-44
-3.36312e-44
-3.36312e-44
-3.36312e-44
-3.36312e-44
-3.36312e-44
-3.36312e-44
-3.36312e-44
-3.36312e-44
-3.36312e-44
-3.36312e-44
-3.36312e-44
-3.36312e-44
-3.36312e-44
-3.36312e-44
-3.36312e-44
-3.36312e-44
-3.36312e-44
-3.36312e-44
-3.36312e-44
-3.36312e-44
-3.36312e-44
-3.36312e-44
-3.36312e-44
-3.36312e-44
-3.36312e-44
-3.36312e-44
-3.36312e-44
-3.36312e-44
-3.36312e-44
-3.36312e-44
-3.36312e-44
-3.36312e-44
-3.36312e-44
-3.36312e-44
-3.36312e-44
-3.36312e-44
-3.36312e-44
-3.36312e-44
-3.36312e-44
-3.36312e-44
-3.36312e-44
-3.36312e-44
-3.36312e-44
-3.36312e-44
-3.36312e-44
-3.36312e-44
-3.36312e-44
-3.36312e-44
-3.36312e-44
-3.36312e-44
-3.36312e-44
-3.36312e-44
-3.36312e-44
-3.36312e-44
-3.36312e-44
-3.36312e-44
-3.36312e-44
-3.36312e-44
-3.36312e-44
-3.36312e-44
-3.36312e-44
-3.36312e-44
-3.36312e-44
-3.36312e-44
-3.36312e-44
-3.36312e-44
-3.36312e-44
-3.36312e-44
-3.36312e-44
-3.36312e-44
-3.36312e-44
-3.36312e-44
-3.36312e-44
-3.36312e-44
-3.36312e-44
-3.36312e-44
-3.36312e-44
-3.36312e-44
-3.36312e-44
-3.36312e-44
-3.36312e-44
-3.36312e-44
-3.36312e-44
-3.36312e-44
-3.36312e-44
-3.36312e-44
-3.36312e-44
-3.36312e-44
-3.36312e-44
-3.36312e-44
-3.36312e-44
-3.36312e-44
-3.36312e-44
-3.36312e-44
-3.36312e-44
-3.36312e-44
-3.36312e-44
-3.36312e-44
-3.36312e-44
-3.36312e-44
-3.36312e-44
-3.36312e-44
-3.36312e-44
-3.36312e-44
-3.36312e-44
-3.36312e-44
-3.36312e-44
-3.36312e-44
-3.36312e-44
-3.36312e-44
-3.36312e-44
-3.36312e-44
-3.36312e-44
-3.36312e-44
-3.36312e-44
-3.36312e-44
-3.36312e-44
-3.36312e-44
-3.36312e-44
-3.36312e-44
-3.36312e-44
-3.36312e-44
-3.36312e-44
-3.36312e-44
-3.36312e-44
-3.36312e-44
-3.36312e-44
-3.36312e-44
-3.36312e-44
-3.36312e-44
-3.36312e-44
-3.36312e-44
-3.36312e-44
-3.36312e-44
-3.36312e-44
-3.36312e-44
-3.36312e-44
-3.36312e-44
-3.36312e-44
-3.36312e-44
-3.36312e-44
-3.36312e-44
-3.36312e-44
-3.36312e-44
-3.36312e-44
-3.36312e-44
-3.36312e-44
-3.36312e-44
-3.36312e-44
-3.36312e-44
-3.36312e-44
-3.36312e-44
-3.36312e-44
-3.36312e-44
-3.36312e-44
-3.36312e-44
-3.36312e-44
-3.36312e-44
-3.36312e-44
-3.36312e-44
-3.36312e-44
-3.36312e-44
-3.36312e-44
-3.36312e-44
-3.36312e-44
-3.36312e-44
-3.36312e-44
-3.36312e-44
-3.36312e-44
-3.36312e-44
-3.36312e-44
-3.36312e-44
-3.36312e-44
-3.36312e-44
-3.36312e-44
-3.36312e-44
-3.36312e-44
-3.36312e-44
-3.36312e-44
-3.36312e-44
-3.36312e-44
-3.36312e-44
-3.36312e-44
-3.36312e-44
-3.36312e-44
-3.36312e-44
-3.36312e-44
-3.36312e-44
-3.36312e-44
-3.36312e-44
-3.36312e-44
-3.36312e-44
-3.36312e-44
-3.36312e-44
-3.36312e-44
-3.36312e-44
-3.36312e-44
-3.36312e-44
-3.36312e-44
-3.36312e-44
-3.36312e-44
-3.36312e-44
-3.36312e-44
-3.36312e-44
-3.36312e-44
-3.36312e-44
-3.36312e-44
-3.36312e-44
-3.36312e-44
-3.36312e-44
-3.36312e-44
-3.36312e-44
-3.36312e-44
-3.36312e-44
-3.36312e-44
-3.36312e-44
-3.36312e-44
-3.36312e-44
-3.36312e-44
-3.36312e-44
-3.36312e-44
-3.36312e-44
-3.36312e-44
-3.36312e-44
-3.36312e-44
-3.36312e-44
-3.36312e-44
-3.36312e-44
-3.36312e-44
-3.36312e-44
-3.36312e-44
-3.36312e-44
-3.36312e-44
-3.36312e-44
-3.36312e-44
-3.36312e-44
-3.36312e-44
-3.36312e-44
-3.36312e-44
-3.36312e-44
-3.36312e-44
-3.36312e-44
-3.36312e-44
-3.36312e-44
-3.36312e-44
-3.36312e-44
-3.36312e-44
-3.36312e-44
-3.36312e-44
-3.36312e-44
-3.36312e-44
-3.36312e-44
-3.36312e-44
-3.36312e-44
-3.36312e-44
-3.36312e-44
-3.36312e-44
-3.36312e-44
-3.36312e-44
-3.36312e-44
-3.36312e-44
-3.36312e-44
-3.36312e-44
-3.36312e-44
-3.36312e-44
-3.36312e-44
-3.36312e-44
-3.36312e-44
-3.36312e-44
-3.36312e-44
-3.36312e-44
-3.36312e-44
-3.36312e-44
-3.36312e-44
-3.36312e-44
-3.36312e-44
-3.36312e-44
-3.36312e-44
-3.36312e-44
-3.36312e-44
-3.36312e-44
-3.36312e-44
-3.36312e-44
-3.36312e-44
-3.36312e-44
-3.36312e-44
-3.36312e-44
-3.36312e-44
-3.36312e-44
-3.36312e-44
-3.36312e-44
-3.36312e-44
-3.36312e-44
-3.36312e-44
-3.36312e-44
-3.36312e-44
-3.36312e-44
-3.36312e-44
-3.36312e-44
-3.36312e-44
-3.36312e-44
-3.36312e-44
-3.36312e-44
-3.36312e-44
-3.36312e-44
-3.36312e-44
-3.36312e-44
-3.36312e-44
-3.36312e-44
-3.36312e-44
-3.36312e-44
-3.36312e-44
-3.36312e-44
-3.36312e-44
-3.36312e-44
-3.36312e-44
-3.36312e-44
-3.36312e-44
-3.36312e-44
-3.36312e-44
-3.36312e-44
-3.36312e-44
-3.36312e-44
-3.36312e-44
-3.36312e-44
-3.36312e-44
-3.36312e-44
-3.36312e-44
-3.36312e-44
-3.36312e-44
-3.36312e-44
-3.36312e-44
-3.36312e-44
-3.36312e-44
-3.36312e-44
-3.36312e-44
-3.36312e-44
-3.36312e-44
-3.36312e-44
-3.36312e-44
-3.36312e-44
-3.36312e-44
-3.36312e-44
-3.36312e-44
-3.36312e-44
-3.36312e-44
-3.36312e-44
-3.36312e-44
-3.36312e-44
-3.36312e-44
-3.36312e-44
-3.36312e-44
-3.36312e-44
-3.36312e-44
-3.36312e-44
-3.36312e-44
-3.36312e-44
-3.36312e-44
-3.36312e-44
-3.36312e-44
-3.36312e-44
-3.36312e-44
-3.36312e-44
-3.36312e-44
-3.36312e-44
-3.36312e-44
-3.36312e-44
-3.36312e-44
-3.36312e-44
-3.36312e-44
-3.36312e-44
-3.36312e-44
-3.36312e-44
-3.36312e-44
-3.36312e-44
-3.36312e-44
-3.36312e-44
-3.36312e-44
-3.36312e-44
-3.36312e-44
-3.36312e-44
-3.36312e-44
-3.36312e-44
-3.36312e-44
-3.36312e-44
-3.36312e-44
-3.36312e-44
-3.36312e-44
-3.36312e-44
-3.36312e-44
-3.36312e-44
-3.36312e-44
-3.36312e-44
-3.36312e-44
-3.36312e-44
-3.36312e-44
-3.36312e-44
-3.36312e-44
-3.36312e-44
-3.36312e-44
-3.36312e-44
-3.36312e-44
-3.36312e-44
-3.36312e-44
-3.36312e-44
-3.36312e-44
-3.36312e-44
-3.36312e-44
-3.36312e-44
-3.36312e-44
-3.36312e-44
-3.36312e-44
-3.36312e-44
-3.36312e-44
-3.36312e-44
-3.36312e-44
-3.36312e-44
-3.36312e-44
-3.36312e-44
-3.36312e-44
-3.36312e-44
-3.36312e-44
-3.36312e-44
-3.36312e-44
-3.36312e-44
-3.36312e-44
-3.36312e-44
-3.36312e-44
-3.36312e-44
-3.36312e-44
-3.36312e-44
-3.36312e-44
-3.36312e-44
-3.36312e-44
-3.36312e-44
-3.36312e-44
-3.36312e-44
-3.36312e-44
-3.36312e-44
-3.36312e-44
-3.36312e-44
-3.36312e-44
-3.36312e-44
-3.36312e-44
-3.36312e-44
-3.36312e-44
-3.36312e-44
-3.36312e-44
-3.36312e-44
-3.36312e-44
-3.36312e-44
-3.36312e-44
-3.36312e-44
-3.36312e-44
-3.36312e-44
-3.36312e-44
-3.36312e-44
-3.36312e-44
-3.36312e-44
-3.36312e-44
-3.36312e-44
-3.36312e-44
-3.36312e-44
-3.36312e-44
-3.36312e-44
-3.36312e-44
-3.36312e-44
-3.36312e-44
-3.36312e-44
-3.36312e-44
-3.36312e-44
-3.36312e-44
-3.36312e-44
-3.36312e-44
-3.36312e-44
-3.36312e-44
-3.36312e-44
-3.36312e-44
-3.36312e-44
-3.36312e-44
-3.36312e-44
-3.36312e-44
-3.36312e-44
-3.36312e-44
-3.36312e-44
-3.36312e-44
-3.36312e-44
-3.36312e-44
-3.36312e-44
-3.36312e-44
-3.36312e-44
-3.36312e-44
-3.36312e-44
-3.36312e-44
-3.36312e-44
-3.36312e-44
-3.36312e-44
-3.36312e-44
-3.36312e-44
-3.36312e-44
-3.36312e-44
-3.36312e-44
-3.36312e-44
-3.36312e-44
-3.36312e-44
-3.36312e-44
-3.36312e-44
-3.36312e-44
-3.36312e-44
-3.36312e-44
-3.36312e-44
-3.36312e-44
-3.36312e-44
-3.36312e-44
-3.36312e-44
-3.36312e-44
-3.36312e-44
-3.36312e-44
-3.36312e-44
-3.36312e-44
-3.36312e-44
-3.36312e-44
-3.36312e-44
-3.36312e-44
-3.36312e-44
-3.36312e-44
-3.36312e-44
-3.36312e-44
-3.36312e-44
-3.36312e-44
-3.36312e-44
-3.36312e-44
-3.36312e-44
-3.36312e-44
-3.36312e-44
-3.36312e-44
-3.36312e-44
-3.36312e-44
-3.36312e-44
-3.36312e-44
-3.36312e-44
-3.36312e-44
-3.36312e-44
-3.36312e-44
-3.36312e-44
-3.36312e-44
-3.36312e-44
-3.36312e-44
-3.36312e-44
-3.36312e-44
-3.36312e-44
-3.36312e-44
-3.36312e-44
-3.36312e-44
-3.36312e-44
-3.36312e-44
-3.36312e-44
-3.36312e-44
-3.36312e-44
-3.36312e-44
-3.36312e-44
-3.36312e-44
-3.36312e-44
-3.36312e-44
-3.36312e-44
-3.36312e-44
-3.36312e-44
-3.36312e-44
-3.36312e-44
-3.36312e-44
-3.36312e-44
-3.36312e-44
-3.36312e-44
-3.36312e-44
-3.36312e-44
-3.36312e-44
-3.36312e-44
-3.36312e-44
-3.36312e-44
-3.36312e-44
-3.36312e-44
-3.36312e-44
-3.36312e-44
-3.36312e-44
-3.36312e-44
-3.36312e-44
-3.36312e-44
-3.36312e-44
-3.36312e-44
-3.36312e-44
-3.36312e-44
-3.36312e-44
-3.36312e-44
-3.36312e-44
-3.36312e-44
-3.36312e-44
-3.36312e-44
-3.36312e-44
-3.36312e-44
-3.36312e-44
-3.36312e-44
-3.36312e-44
-3.36312e-44
-3.36312e-44
-3.36312e-44
-3.36312e-44
-3.36312e-44
-3.36312e-44
-3.36312e-44
-3.36312e-44
-3.36312e-44
-3.36312e-44
-3.36312e-44
-3.36312e-44
-3.36312e-44
-3.36312e-44
-3.36312e-44
-3.36312e-44
-3.36312e-44
-3.36312e-44
-3.36312e-44
-3.36312e-44
-3.36312e-44
-3.36312e-44
-3.36312e-44
-3.36312e-44
-3.36312e-44
-3.36312e-44
-3.36312e-44
-3.36312e-44
-3.36312e-44
-3.36312e-44
-3.36312e-44
-3.36312e-44
-3.36312e-44
-3.36312e-44
-3.36312e-44
-3.36312e-44
-3.36312e-44
-3.36312e-44
-3.36312e-44
-3.36312e-44
-3.36312e-44
-3.36312e-44
-3.36312e-44
-3.36312e-44
-3.36312e-44
-3.36312e-44
-3.36312e-44
-3.36312e-44
-3.36312e-44
-3.36312e-44
-3.36312e-44
-3.36312e-44
-3.36312e-44
-3.36312e-44
-3.36312e-44
-3.36312e-44
-3.36312e-44
-3.36312e-44
-3.36312e-44
-3.36312e-44
-3.36312e-44
-3.36312e-44
-3.36312e-44
-3.36312e-44
-3.36312e-44
-3.36312e-44
-3.36312e-44
-3.36312e-44
-3.36312e-44
-3.36312e-44
-3.36312e-44
-3.36312e-44
-3.36312e-44
-3.36312e-44
-3.36312e-44
-3.36312e-44
-3.36312e-44
-3.36312e-44
-3.36312e-44
-3.36312e-44
-3.36312e-44
-3.36312e-44
-3.36312e-44
-3.36312e-44
-3.36312e-44
-3.36312e-44
-3.36312e-44
-3.36312e-44
-3.36312e-44
-3.36312e-44
-3.36312e-44
-3.36312e-44
-3.36312e-44
-3.36312e-44
-3.36312e-44
-3.36312e-44
-3.36312e-44
-3.36312e-44
-3.36312e-44
-3.36312e-44
-3.36312e-44
-3.36312e-44
-3.36312e-44
-3.36312e-44
-3.36312e-44
-3.36312e-44
-3.36312e-44
-3.36312e-44
-3.36312e-44
-3.36312e-44
-3.36312e-44
-3.36312e-44
-3.36312e-44
-3.36312e-44
-3.36312e-44
-3.36312e-44
-3.36312e-44
-3.36312e-44
-3.36312e-44
-3.36312e-44
-3.36312e-44
-3.36312e-44
-3.36312e-44
-3.36312e-44
-3.36312e-44
-3.36312e-44
-3.36312e-44
-3.36312e-44
-3.36312e-44
-3.36312e-44
-3.36312e-44
-3.36312e-44
-3.36312e-44
-3.36312e-44
-3.36312e-44
-3.36312e-44
-3.36312e-44
-3.36312e-44
-3.36312e-44
-3.36312e-44
-3.36312e-44
-3.36312e-44
-3.36312e-44
-3.36312e-44
-3.36312e-44
-3.36312e-44
-3.36312e-44
-3.36312e-44
-3.36312e-44
-3.36312e-44
-3.36312e-44
-3.36312e-44
-3.36312e-44
-3.36312e-44
-3.36312e-44
-3.36312e-44
-3.36312e-44
-3.36312e-44
-3.36312e-44
-3.36312e-44
-3.36312e-44
-3.36312e-44
-3.36312e-44
-3.36312e-44
-3.36312e-44
-3.36312e-44
-3.36312e-44
-3.36312e-44
-3.36312e-44
-3.36312e-44
-3.36312e-44
-3.36312e-44
-3.36312e-44
-3.36312e-44
-3.36312e-44
-3.36312e-44
-3.36312e-44
-3.36312e-44
-3.36312e-44
-3.36312e-44
-3.36312e-44
-3.36312e-44
-3.36312e-44
-3.36312e-44
-3.36312e-44
-3.36312e-44
-3.36312e-44
-3.36312e-44
-3.36312e-44
-3.36312e-44
-3.36312e-44
-3.36312e-44
-3.36312e-44
-3.36312e-44
-3.36312e-44
-3.36312e-44
-3.36312e-44
-3.36312e-44
-3.36312e-44
-3.36312e-44
-3.36312e-44
-3.36312e-44
-3.36312e-44
-3.36312e-44
-3.36312e-44
-3.36312e-44
-3.36312e-44
-3.36312e-44
-3.36312e-44
-3.36312e-44
-3.36312e-44
-3.36312e-44
-3.36312e-44
-3.36312e-44
-3.36312e-44
-3.36312e-44
-3.36312e-44
-3.36312e-44
-3.36312e-44
-3.36312e-44
-3.36312e-44
-3.36312e-44
-3.36312e-44
-3.36312e-44
-3.36312e-44
-3.36312e-44
-3.36312e-44
-3.36312e-44
-3.36312e-44
-3.36312e-44
-3.36312e-44
-3.36312e-44
-3.36312e-44
-3.36312e-44
-3.36312e-44
-3.36312e-44
-3.36312e-44
-3.36312e-44
-3.36312e-44
-3.36312e-44
-3.36312e-44
-3.36312e-44
-3.36312e-44
-3.36312e-44
-3.36312e-44
-3.36312e-44
-3.36312e-44
-3.36312e-44
-3.36312e-44
-3.36312e-44
-3.36312e-44
-3.36312e-44
-3.36312e-44
-3.36312e-44
-3.36312e-44
-3.36312e-44
-3.36312e-44
-3.36312e-44
-3.36312e-44
-3.36312e-44
-3.36312e-44
-3.36312e-44
-3.36312e-44
-3.36312e-44
-3.36312e-44
-3.36312e-44
-3.36312e-44
-3.36312e-44
-3.36312e-44
-3.36312e-44
-3.36312e-44
-3.36312e-44
-3.36312e-44
-3.36312e-44
-3.36312e-44
-3.36312e-44
-3.36312e-44
-3.36312e-44
-3.36312e-44
-3.36312e-44
-3.36312e-44
-3.36312e-44
-3.36312e-44
-3.36312e-44
-3.36312e-44
-3.36312e-44
-3.36312e-44
-3.36312e-44
-3.36312e-44
-3.36312e-44
-3.36312e-44
-3.36312e-44
-3.36312e-44
-3.36312e-44
-3.36312e-44
-3.36312e-44
-3.36312e-44
-3.36312e-44
-3.36312e-44
-3.36312e-44
-3.36312e-44
-3.36312e-44
-3.36312e-44
-3.36312e-44
-3.36312e-44
-3.36312e-44
-3.36312e-44
-3.36312e-44
-3.36312e-44
-3.36312e-44
-3.36312e-44
-3.36312e-44
-3.36312e-44
-3.36312e-44
-3.36312e-44
-3.36312e-44
-3.36312e-44
-3.36312e-44
-3.36312e-44
-3.36312e-44
-3.36312e-44
-3.36312e-44
-3.36312e-44
-3.36312e-44
-3.36312e-44
-3.36312e-44
-3.36312e-44
-3.36312e-44
-3.36312e-44
-3.36312e-44
-3.36312e-44
-3.36312e-44
-3.36312e-44
-3.36312e-44
-3.36312e-44
-3.36312e-44
-3.36312e-44
-3.36312e-44
-3.36312e-44
-3.36312e-44
-3.36312e-44
-3.36312e-44
-3.36312e-44
-3.36312e-44
-3.36312e-44
-3.36312e-44
-3.36312e-44
-3.36312e-44
-3.36312e-44
-3.36312e-44
-3.36312e-44
-3.36312e-44
-3.36312e-44
-3.36312e-44
-3.36312e-44
-3.36312e-44
-3.36312e-44
-3.36312e-44
-3.36312e-44
-3.36312e-44
-3.36312e-44
-3.36312e-44
-3.36312e-44
-3.36312e-44
-3.36312e-44
-3.36312e-44
-3.36312e-44
-3.36312e-44
-3.36312e-44
-3.36312e-44
-3.36312e-44
-3.36312e-44
-3.36312e-44
-3.36312e-44
-3.36312e-44
-3.36312e-44
-3.36312e-44
-3.36312e-44
-3.36312e-44
-3.36312e-44
-3.36312e-44
-3.36312e-44
-3.36312e-44
-3.36312e-44
-3.36312e-44
-3.36312e-44
-3.36312e-44
-3.36312e-44
-3.36312e-44
-3.36312e-44
-3.36312e-44
-3.36312e-44
-3.36312e-44
-3.36312e-44
-3.36312e-44
-3.36312e-44
-3.36312e-44
-3.36312e-44
-3.36312e-44
-3.36312e-44
-3.36312e-44
-3.36312e-44
-3.36312e-44
-3.36312e-44
-3.36312e-44
-3.36312e-44
-3.36312e-44
-3.36312e-44
-3.36312e-44
-3.36312e-44
-3.36312e-44
-3.36312e-44
-3.36312e-44
-3.36312e-44
-3.36312e-44
-3.36312e-44
-3.36312e-44
-3.36312e-44
-3.36312e-44
-3.36312e-44
-3.36312e-44
-3.36312e-44
-3.36312e-44
-3.36312e-44
-3.36312e-44
-3.36312e-44
-3.36312e-44
-3.36312e-44
-3.36312e-44
-3.36312e-44
-3.36312e-44
-3.36312e-44
-3.36312e-44
-3.36312e-44
-3.36312e-44
-3.36312e-44
-3.36312e-44
-3.36312e-44
-3.36312e-44
-3.36312e-44
-3.36312e-44
-3.36312e-44
-3.36312e-44
-3.36312e-44
-3.36312e-44
-3.36312e-44
-3.36312e-44
-3.36312e-44
-3.36312e-44
-3.36312e-44
-3.36312e-44
-3.36312e-44
-3.36312e-44
-3.36312e-44
-3.36312e-44
-3.36312e-44
-3.36312e-44
-3.36312e-44
-3.36312e-44
-3.36312e-44
-3.36312e-44
-3.36312e-44
-3.36312e-44
-3.36312e-44
-3.36312e-44
-3.36312e-44
-3.36312e-44
-3.36312e-44
-3.36312e-44
-3.36312e-44
-3.36312e-44
-3.36312e-44
-3.36312e-44
-3.36312e-44
-3.36312e-44
-3.36312e-44
-3.36312e-44
-3.36312e-44
-3.36312e-44
-3.36312e-44
-3.36312e-44
-3.36312e-44
-3.36312e-44
-3.36312e-44
-3.36312e-44
-3.36312e-44
-3.36312e-44
-3.36312e-44
-3.36312e-44
-3.36312e-44
-3.36312e-44
-3.36312e-44
-3.36312e-44
-3.36312e-44
-3.36312e-44
-3.36312e-44
-3.36312e-44
-3.36312e-44
-3.36312e-44
-3.36312e-44
-3.36312e-44
-3.36312e-44
-3.36312e-44
-3.36312e-44
-3.36312e-44
-3.36312e-44
-3.36312e-44
-3.36312e-44
-3.36312e-44
-3.36312e-44
-3.36312e-44
-3.36312e-44
-3.36312e-44
-3.36312e-44
-3.36312e-44
-3.36312e-44
-3.36312e-44
-3.36312e-44
-3.36312e-44
-3.36312e-44
-3.36312e-44
-3.36312e-44
-3.36312e-44
-3.36312e-44
-3.36312e-44
-3.36312e-44
-3.36312e-44
-3.36312e-44
-3.36312e-44
-3.36312e-44
-3.36312e-44
-3.36312e-44
-3.36312e-44
-3.36312e-44
-3.36312e-44
-3.36312e-44
-3.36312e-44
-3.36312e-44
-3.36312e-44
-3.36312e-44
-3.36312e-44
-3.36312e-44
-3.36312e-44
-3.36312e-44
-3.36312e-44
-3.36312e-44
-3.36312e-44
-3.36312e-44
-3.36312e-44
-3.36312e-44
-3.36312e-44
-3.36312e-44
-3.36312e-44
-3.36312e-44
-3.36312e-44
-3.36312e-44
-3.36312e-44
-3.36312e-44
-3.36312e-44
-3.36312e-44
-3.36312e-44
-3.36312e-44
-3.36312e-44
-3.36312e-44
-3.36312e-44
-3.36312e-44
-3.36312e-44
-3.36312e-44
-3.36312e-44
-3.36312e-44
-3.36312e-44
-3.36312e-44
-3.36312e-44
-3.36312e-44
-3.36312e-44
-3.36312e-44
-3.36312e-44
-3.36312e-44
-3.36312e-44
-3.36312e-44
-3.36312e-44
-3.36312e-44
-3.36312e-44
-3.36312e-44
-3.36312e-44
-3.36312e-44
-3.36312e-44
-3.36312e-44
-3.36312e-44
-3.36312e-44
-3.36312e-44
-3.36312e-44
-3.36312e-44
-3.36312e-44
-3.36312e-44
-3.36312e-44
-3.36312e-44
-3.36312e-44
-3.36312e-44
-3.36312e-44
-3.36312e-44
-3.36312e-44
-3.36312e-44
-3.36312e-44
-3.36312e-44
-3.36312e-44
-3.36312e-44
-3.36312e-44
-3.36312e-44
-3.36312e-44
-3.36312e-44
-3.36312e-44
-3.36312e-44
-3.36312e-44
-3.36312e-44
-3.36312e-44
-3.36312e-44
-3.36312e-44
-3.36312e-44
-3.36312e-44
-3.36312e-44
-3.36312e-44
-3.36312e-44
-3.36312e-44
-3.36312e-44
-3.36312e-44
-3.36312e-44
-3.36312e-44
-3.36312e-44
-3.36312e-44
-3.36312e-44
-3.36312e-44
-3.36312e-44
-3.36312e-44
-3.36312e-44
-3.36312e-44
-3.36312e-44
-3.36312e-44
-3.36312e-44
-3.36312e-44
-3.36312e-44
-3.36312e-44
-3.36312e-44
-3.36312e-44
-3.36312e-44
-3.36312e-44
-3.36312e-44
-3.36312e-44
-3.36312e-44
-3.36312e-44
-3.36312e-44
-3.36312e-44
-3.36312e-44
-3.36312e-44
-3.36312e-44
-3.36312e-44
-3.36312e-44
-3.36312e-44
-3.36312e-44
-3.36312e-44
-3.36312e-44
-3.36312e-44
-3.36312e-44
-3.36312e-44
-3.36312e-44
-3.36312e-44
-3.36312e-44
-3.36312e-44
-3.36312e-44
-3.36312e-44
-3.36312e-44
-3.36312e-44
-3.36312e-44
-3.36312e-44
-3.36312e-44
-3.36312e-44
-3.36312e-44
-3.36312e-44
-3.36312e-44
-3.36312e-44
-3.36312e-44
-3.36312e-44
-3.36312e-44
-3.36312e-44
-3.36312e-44
-3.36312e-44
-3.36312e-44
-3.36312e-44
-3.36312e-44
-3.36312e-44
-3.36312e-44
-3.36312e-44
-3.36312e-44
-3.36312e-44
-3.36312e-44
-3.36312e-44
-3.36312e-44
-3.36312e-44
-3.36312e-44
-3.36312e-44
-3.36312e-44
-3.36312e-44
-3.36312e-44
-3.36312e-44
-3.36312e-44
-3.36312e-44
-3.36312e-44
-3.36312e-44
-3.36312e-44
-3.36312e-44
-3.36312e-44
-3.36312e-44
-3.36312e-44
-3.36312e-44
-3.36312e-44
-3.36312e-44
-3.36312e-44
-3.36312e-44
-3.36312e-44
-3.36312e-44
-3.36312e-44
-3.36312e-44
-3.36312e-44
-3.36312e-44
-3.36312e-44
-3.36312e-44
-3.36312e-44
-3.36312e-44
-3.36312e-44
-3.36312e-44
-3.36312e-44
-3.36312e-44
-3.36312e-44
-3.36312e-44
-3.36312e-44
-3.36312e-44
-3.36312e-44
-3.36312e-44
-3.36312e-44
-3.36312e-44
-3.36312e-44
-3.36312e-44
-3.36312e-44
-3.36312e-44
-3.36312e-44
-3.36312e-44
-3.36312e-44
-3.36312e-44
-3.36312e-44
-3.36312e-44
-3.36312e-44
-3.36312e-44
-3.36312e-44
-3.36312e-44
-3.36312e-44
-3.36312e-44
-3.36312e-44
-3.36312e-44
-3.36312e-44
-3.36312e-44
-3.36312e-44
-3.36312e-44
-3.36312e-44
-3.36312e-44
-3.36312e-44
-3.36312e-44
-3.36312e-44
-3.36312e-44
-3.36312e-44
-3.36312e-44
-3.36312e-44
-3.36312e-44
-3.36312e-44
-3.36312e-44
-3.36312e-44
-3.36312e-44
-3.36312e-44
-3.36312e-44
-3.36312e-44
-3.36312e-44
-3.36312e-44
-3.36312e-44
-3.36312e-44
-3.36312e-44
-3.36312e-44
-3.36312e-44
-3.36312e-44
-3.36312e-44
-3.36312e-44
-3.36312e-44
-3.36312e-44
-3.36312e-44
-3.36312e-44
-3.36312e-44
-3.36312e-44
-3.36312e-44
-3.36312e-44
-3.36312e-44
-3.36312e-44
-3.36312e-44
-3.36312e-44
-3.36312e-44
-3.36312e-44
-3.36312e-44
-3.36312e-44
-3.36312e-44
-3.36312e-44
-3.36312e-44
-3.36312e-44
-3.36312e-44
-3.36312e-44
-3.36312e-44
-3.36312e-44
-3.36312e-44
-3.36312e-44
-3.36312e-44
-3.36312e-44
-3.36312e-44
-3.36312e-44
-3.36312e-44
-3.36312e-44
-3.36312e-44
-3.36312e-44
-3.36312e-44
-3.36312e-44
-3.36312e-44
-3.36312e-44
-3.36312e-44
-3.36312e-44
-3.36312e-44
-3.36312e-44
-3.36312e-44
-3.36312e-44
-3.36312e-44
-3.36312e-44
-3.36312e-44
-3.36312e-44
-3.36312e-44
-3.36312e-44
-3.36312e-44
-3.36312e-44
-3.36312e-44
-3.36312e-44
-3.36312e-44
-3.36312e-44
-3.36312e-44
-3.36312e-44
-3.36312e-44
-3.36312e-44
-3.36312e-44
-3.36312e-44
-3.36312e-44
-3.36312e-44
-3.36312e-44
-3.36312e-44
-3.36312e-44
-3.36312e-44
-3.36312e-44
-3.36312e-44
-3.36312e-44
-3.36312e-44
-3.36312e-44
-3.36312e-44
-3.36312e-44
-3.36312e-44
-3.36312e-44
-3.36312e-44
-3.36312e-44
-3.36312e-44
-3.36312e-44
-3.36312e-44
-3.36312e-44
-3.36312e-44
-3.36312e-44
-3.36312e-44
-3.36312e-44
-3.36312e-44
-3.36312e-44
-3.36312e-44
-3.36312e-44
-3.36312e-44
-3.36312e-44
-3.36312e-44
-3.36312e-44
-3.36312e-44
-3.36312e-44
-3.36312e-44
-3.36312e-44
-3.36312e-44
-3.36312e-44
-3.36312e-44
-3.36312e-44
-3.36312e-44
-3.36312e-44
-3.36312e-44
-3.36312e-44
-3.36312e-44
-3.36312e-44
-3.36312e-44
-3.36312e-44
-3.36312e-44
-3.36312e-44
-3.36312e-44
-3.36312e-44
-3.36312e-44
-3.36312e-44
-3.36312e-44
-3.36312e-44
-3.36312e-44
-3.36312e-44
-3.36312e-44
-3.36312e-44
-3.36312e-44
-3.36312e-44
-3.36312e-44
-3.36312e-44
-3.36312e-44
-3.36312e-44
-3.36312e-44
-3.36312e-44
-3.36312e-44
-3.36312e-44
-3.36312e-44
-3.36312e-44
-3.36312e-44
-3.36312e-44
-3.36312e-44
-3.36312e-44
-3.36312e-44
-3.36312e-44
-3.36312e-44
-3.36312e-44
-3.36312e-44
-3.36312e-44
-3.36312e-44
-3.36312e-44
-3.36312e-44
-3.36312e-44
-3.36312e-44
-3.36312e-44
-3.36312e-44
-3.36312e-44
-3.36312e-44
-3.36312e-44
-3.36312e-44
-3.36312e-44
-3.36312e-44
-3.36312e-44
-3.36312e-44
-3.36312e-44
-3.36312e-44
-3.36312e-44
-3.36312e-44
-3.36312e-44
-3.36312e-44
-3.36312e-44
-3.36312e-44
-3.36312e-44
-3.36312e-44
-3.36312e-44
-3.36312e-44
-3.36312e-44
-3.36312e-44
-3.36312e-44
-3.36312e-44
-3.36312e-44
-3.36312e-44
-3.36312e-44
-3.36312e-44
-3.36312e-44
-3.36312e-44
-3.36312e-44
-3.36312e-44
-3.36312e-44
-3.36312e-44
-3.36312e-44
-3.36312e-44
-3.36312e-44
-3.36312e-44
-3.36312e-44
-3.36312e-44
-3.36312e-44
-3.36312e-44
-3.36312e-44
-3.36312e-44
-3.36312e-44
-3.36312e-44
-3.36312e-44
-3.36312e-44
-3.36312e-44
-3.36312e-44
-3.36312e-44
-3.36312e-44
-3.36312e-44
-3.36312e-44
-3.36312e-44
-3.36312e-44
-3.36312e-44
-3.36312e-44
-3.36312e-44
-3.36312e-44
-3.36312e-44
-3.36312e-44
-3.36312e-44
-3.36312e-44
-3.36312e-44
-3.36312e-44
-3.36312e-44
-3.36312e-44
-3.36312e-44
-3.36312e-44
-3.36312e-44
-3.36312e-44
-3.36312e-44
-3.36312e-44
-3.36312e-44
-3.36312e-44
-3.36312e-44
-3.36312e-44
-3.36312e-44
-3.36312e-44
-3.36312e-44
-3.36312e-44
-3.36312e-44
-3.36312e-44
-3.36312e-44
-3.36312e-44
-3.36312e-44
-3.36312e-44
-3.36312e-44
-3.36312e-44
-3.36312e-44
-3.36312e-44
-3.36312e-44
-3.36312e-44
-3.36312e-44
-3.36312e-44
-3.36312e-44
-3.36312e-44
-3.36312e-44
-3.36312e-44
-3.36312e-44
-3.36312e-44
-3.36312e-44
-3.36312e-44
-3.36312e-44
-3.36312e-44
-3.36312e-44
-3.36312e-44
-3.36312e-44
-3.36312e-44
-3.36312e-44
-3.36312e-44
-3.36312e-44
-3.36312e-44
-3.36312e-44
-3.36312e-44
-3.36312e-44
-3.36312e-44
-3.36312e-44
-3.36312e-44
-3.36312e-44
-3.36312e-44
-3.36312e-44
-3.36312e-44
-3.36312e-44
-3.36312e-44
-3.36312e-44
-3.36312e-44
-3.36312e-44
-3.36312e-44
-3.36312e-44
-3.36312e-44
-3.36312e-44
-3.36312e-44
-3.36312e-44
-3.36312e-44
-3.36312e-44
-3.36312e-44
-3.36312e-44
-3.36312e-44
-3.36312e-44
-3.36312e-44
-3.36312e-44
-3.36312e-44
-3.36312e-44
-3.36312e-44
-3.36312e-44
-3.36312e-44
-3.36312e-44
-3.36312e-44
-3.36312e-44
-3.36312e-44
-3.36312e-44
-3.36312e-44
-3.36312e-44
-3.36312e-44
-3.36312e-44
-3.36312e-44
-3.36312e-44
-3.36312e-44
-3.36312e-44
-3.36312e-44
-3.36312e-44
-3.36312e-44
-3.36312e-44
-3.36312e-44
-3.36312e-44
-3.36312e-44
-3.36312e-44
-3.36312e-44
-3.36312e-44
-3.36312e-44
-3.36312e-44
-3.36312e-44
-3.36312e-44
-3.36312e-44
-3.36312e-44
-3.36312e-44
-3.36312e-44
-3.36312e-44
-3.36312e-44
-3.36312e-44
-3.36312e-44
-3.36312e-44
-3.36312e-44
-3.36312e-44
-3.36312e-44
-3.36312e-44
-3.36312e-44
-3.36312e-44
-3.36312e-44
-3.36312e-44
-3.36312e-44
-3.36312e-44
-3.36312e-44
-3.36312e-44
-3.36312e-44
-3.36312e-44
-3.36312e-44
-3.36312e-44
-3.36312e-44
-3.36312e-44
-3.36312e-44
-3.36312e-44
-3.36312e-44
-3.36312e-44
-3.36312e-44
-3.36312e-44
-3.36312e-44
-3.36312e-44
-3.36312e-44
-3.36312e-44
-3.36312e-44
-3.36312e-44
-3.36312e-44
-3.36312e-44
-3.36312e-44
-3.36312e-44
-3.36312e-44
-3.36312e-44
-3.36312e-44
-3.36312e-44
-3.36312e-44
-3.36312e-44
-3.36312e-44
-3.36312e-44
-3.36312e-44
-3.36312e-44
-3.36312e-44
-3.36312e-44
-3.36312e-44
-3.36312e-44
-3.36312e-44
-3.36312e-44
-3.36312e-44
-3.36312e-44
-3.36312e-44
-3.36312e-44
-3.36312e-44
-3.36312e-44
-3.36312e-44
-3.36312e-44
-3.36312e-44
-3.36312e-44
-3.36312e-44
-3.36312e-44
-3.36312e-44
-3.36312e-44
-3.36312e-44
-3.36312e-44
-3.36312e-44
-3.36312e-44
-3.36312e-44
-3.36312e-44
-3.36312e-44
-3.36312e-44
-3.36312e-44
-3.36312e-44
-3.36312e-44
-3.36312e-44
-3.36312e-44
-3.36312e-44
-3.36312e-44
-3.36312e-44
-3.36312e-44
-3.36312e-44
-3.36312e-44
-3.36312e-44
-3.36312e-44
-3.36312e-44
-3.36312e-44
-3.36312e-44
-3.36312e-44
-3.36312e-44
-3.36312e-44
-3.36312e-44
-3.36312e-44
-3.36312e-44
-3.36312e-44
-3.36312e-44
-3.36312e-44
-3.36312e-44
-3.36312e-44
-3.36312e-44
-3.36312e-44
-3.36312e-44
-3.36312e-44
-3.36312e-44
-3.36312e-44
-3.36312e-44
-3.36312e-44
-3.36312e-44
-3.36312e-44
-3.36312e-44
-3.36312e-44
-3.36312e-44
-3.36312e-44
-3.36312e-44
-3.36312e-44
-3.36312e-44
-3.36312e-44
-3.36312e-44
-3.36312e-44
-3.36312e-44
-3.36312e-44
-3.36312e-44
-3.36312e-44
-3.36312e-44
-3.36312e-44
-3.36312e-44
-3.36312e-44
-3.36312e-44
-3.36312e-44
-3.36312e-44
-3.36312e-44
-3.36312e-44
-3.36312e-44
-3.36312e-44
-3.36312e-44
-3.36312e-44
-3.36312e-44
-3.36312e-44
-3.36312e-44
-3.36312e-44
-3.36312e-44
-3.36312e-44
-3.36312e-44
-3.36312e-44
-3.36312e-44
-3.36312e-44
-3.36312e-44
-3.36312e-44
-3.36312e-44
-3.36312e-44
-3.36312e-44
-3.36312e-44
-3.36312e-44
-3.36312e-44
-3.36312e-44
-3.36312e-44
-3.36312e-44
-3.36312e-44
-3.36312e-44
-3.36312e-44
-3.36312e-44
-3.36312e-44
-3.36312e-44
-3.36312e-44
-3.36312e-44
-3.36312e-44
-3.36312e-44
-3.36312e-44
-3.36312e-44
-3.36312e-44
-3.36312e-44
-3.36312e-44
-3.36312e-44
-3.36312e-44
-3.36312e-44
-3.36312e-44
-3.36312e-44
-3.36312e-44
-3.36312e-44
-3.36312e-44
-3.36312e-44
-3.36312e-44
-3.36312e-44
-3.36312e-44
-3.36312e-44
-3.36312e-44
-3.36312e-44
-3.36312e-44
-3.36312e-44
-3.36312e-44
-3.36312e-44
-3.36312e-44
-3.36312e-44
-3.36312e-44
-3.36312e-44
-3.36312e-44
-3.36312e-44
-3.36312e-44
-3.36312e-44
-3.36312e-44
-3.36312e-44
-3.36312e-44
-3.36312e-44
-3.36312e-44
-3.36312e-44
-3.36312e-44
-3.36312e-44
-3.36312e-44
-3.36312e-44
-3.36312e-44
-3.36312e-44
-3.36312e-44
-3.36312e-44
-3.36312e-44
-3.36312e-44
-3.36312e-44
-3.36312e-44
-3.36312e-44
-3.36312e-44
-3.36312e-44
-3.36312e-44
-3.36312e-44
-3.36312e-44
-3.36312e-44
-3.36312e-44
-3.36312e-44
-3.36312e-44
-3.36312e-44
-3.36312e-44
-3.36312e-44
-3.36312e-44
-3.36312e-44
-3.36312e-44
-3.36312e-44
-3.36312e-44
-3.36312e-44
-3.36312e-44
-3.36312e-44
-3.36312e-44
-3.36312e-44
-3.36312e-44
-3.36312e-44
-3.36312e-44
-3.36312e-44
-3.36312e-44
-3.36312e-44
-3.36312e-44
-3.36312e-44
-3.36312e-44
-3.36312e-44
-3.36312e-44
-3.36312e-44
-3.36312e-44
-3.36312e-44
-3.36312e-44
-3.36312e-44
-3.36312e-44
-3.36312e-44
-3.36312e-44
-3.36312e-44
-3.36312e-44
-3.36312e-44
-3.36312e-44
-3.36312e-44
-3.36312e-44
-3.36312e-44
-3.36312e-44
-3.36312e-44
-3.36312e-44
-3.36312e-44
-3.36312e-44
-3.36312e-44
-3.36312e-44
-3.36312e-44
-3.36312e-44
-3.36312e-44
-3.36312e-44
-3.36312e-44
-3.36312e-44
-3.36312e-44
-3.36312e-44
-3.36312e-44
-3.36312e-44
-3.36312e-44
-3.36312e-44
-3.36312e-44
-3.36312e-44
-3.36312e-44
-3.36312e-44
-3.36312e-44
-3.36312e-44
-3.36312e-44
-3.36312e-44
-3.36312e-44
-3.36312e-44
-3.36312e-44
-3.36312e-44
-3.36312e-44
-3.36312e-44
-3.36312e-44
-3.36312e-44
-3.36312e-44
-3.36312e-44
-3.36312e-44
-3.36312e-44
-3.36312e-44
-3.36312e-44
-3.36312e-44
-3.36312e-44
-3.36312e-44
-3.36312e-44
-3.36312e-44
-3.36312e-44
-3.36312e-44
-3.36312e-44
-3.36312e-44
-3.36312e-44
-3.36312e-44
-3.36312e-44
-3.36312e-44
-3.36312e-44
-3.36312e-44
-3.36312e-44
-3.36312e-44
-3.36312e-44
-3.36312e-44
-3.36312e-44
-3.36312e-44
-3.36312e-44
-3.36312e-44
-3.36312e-44
-3.36312e-44
-3.36312e-44
-3.36312e-44
-3.36312e-44
-3.36312e-44
-3.36312e-44
-3.36312e-44
-3.36312e-44
-3.36312e-44
-3.36312e-44
-3.36312e-44
-3.36312e-44
-3.36312e-44
-3.36312e-44
-3.36312e-44
-3.36312e-44
-3.36312e-44
-3.36312e-44
-3.36312e-44
-3.36312e-44
-3.36312e-44
-3.36312e-44
-3.36312e-44
-3.36312e-44
-3.36312e-44
-3.36312e-44
-3.36312e-44
-3.36312e-44
-3.36312e-44
-3.36312e-44
-3.36312e-44
-3.36312e-44
-3.36312e-44
-3.36312e-44
-3.36312e-44
-3.36312e-44
-3.36312e-44
-3.36312e-44
-3.36312e-44
-3.36312e-44
-3.36312e-44
-3.36312e-44
-3.36312e-44
-3.36312e-44
-3.36312e-44
-3.36312e-44
-3.36312e-44
-3.36312e-44
-3.36312e-44
-3.36312e-44
-3.36312e-44
-3.36312e-44
-3.36312e-44
-3.36312e-44
-3.36312e-44
-3.36312e-44
-3.36312e-44
-3.36312e-44
-3.36312e-44
-3.36312e-44
-3.36312e-44
-3.36312e-44
-3.36312e-44
-3.36312e-44
-3.36312e-44
-3.36312e-44
-3.36312e-44
-3.36312e-44
-3.36312e-44
-3.36312e-44
-3.36312e-44
-3.36312e-44
-3.36312e-44
-3.36312e-44
-3.36312e-44
-3.36312e-44
-3.36312e-44
-3.36312e-44
-3.36312e-44
-3.36312e-44
-3.36312e-44
-3.36312e-44
-3.36312e-44
-3.36312e-44
-3.36312e-44
-3.36312e-44
-3.36312e-44
-3.36312e-44
-3.36312e-44
-3.36312e-44
-3.36312e-44
-3.36312e-44
-3.36312e-44
-3.36312e-44
-3.36312e-44
-3.36312e-44
-3.36312e-44
-3.36312e-44
-3.36312e-44
-3.36312e-44
-3.36312e-44
-3.36312e-44
-3.36312e-44
-3.36312e-44
-3.36312e-44
-3.36312e-44
-3.36312e-44
-3.36312e-44
-3.36312e-44
-3.36312e-44
-3.36312e-44
-3.36312e-44
-3.36312e-44
-3.36312e-44
-3.36312e-44
-3.36312e-44
-3.36312e-44
-3.36312e-44
-3.36312e-44
-3.36312e-44
-3.36312e-44
-3.36312e-44
-3.36312e-44
-3.36312e-44
-3.36312e-44
-3.36312e-44
-3.36312e-44
-3.36312e-44
-3.36312e-44
-3.36312e-44
-3.36312e-44
-3.36312e-44
-3.36312e-44
-3.36312e-44
-3.36312e-44
-3.36312e-44
-3.36312e-44
-3.36312e-44
-3.36312e-44
-3.36312e-44
-3.36312e-44
-3.36312e-44
-3.36312e-44
-3.36312e-44
-3.36312e-44
-3.36312e-44
-3.36312e-44
-3.36312e-44
-3.36312e-44
-3.36312e-44
-3.36312e-44
-3.36312e-44
-3.36312e-44
-3.36312e-44
-3.36312e-44
-3.36312e-44
-3.36312e-44
-3.36312e-44
-3.36312e-44
-3.36312e-44
-3.36312e-44
-3.36312e-44
-3.36312e-44
-3.36312e-44
-3.36312e-44
-3.36312e-44
-3.36312e-44
-3.36312e-44
-3.36312e-44
-3.36312e-44
-3.36312e-44
-3.36312e-44
-3.36312e-44
-3.36312e-44
-3.36312e-44
-3.36312e-44
-3.36312e-44
-3.36312e-44
-3.36312e-44
-3.36312e-44
-3.36312e-44
-3.36312e-44
-3.36312e-44
-3.36312e-44
-3.36312e-44
-3.36312e-44
-3.36312e-44
-3.36312e-44
-3.36312e-44
-3.36312e-44
-3.36312e-44
-3.36312e-44
-3.36312e-44
-3.36312e-44
-3.36312e-44
-3.36312e-44
-3.36312e-44
-3.36312e-44
-3.36312e-44
-3.36312e-44
-3.36312e-44
-3.36312e-44
-3.36312e-44
-3.36312e-44
-3.36312e-44
-3.36312e-44
-3.36312e-44
-3.36312e-44
-3.36312e-44
-3.36312e-44
-3.36312e-44
-3.36312e-44
-3.36312e-44
-3.36312e-44
-3.36312e-44
-3.36312e-44
-3.36312e-44
-3.36312e-44
-3.36312e-44
-3.36312e-44
-3.36312e-44
-3.36312e-44
-3.36312e-44
-3.36312e-44
-3.36312e-44
-3.36312e-44
-3.36312e-44
-3.36312e-44
-3.36312e-44
-3.36312e-44
-3.36312e-44
-3.36312e-44
-3.36312e-44
-3.36312e-44
-3.36312e-44
-3.36312e-44
-3.36312e-44
-3.36312e-44
-3.36312e-44
-3.36312e-44
-3.36312e-44
-3.36312e-44
-3.36312e-44
-3.36312e-44
-3.36312e-44
-3.36312e-44
-3.36312e-44
-3.36312e-44
-3.36312e-44
-3.36312e-44
-3.36312e-44
-3.36312e-44
-3.36312e-44
-3.36312e-44
-3.36312e-44
-3.36312e-44
-3.36312e-44
-3.36312e-44
-3.36312e-44
-3.36312e-44
-3.36312e-44
-3.36312e-44
-3.36312e-44
-3.36312e-44
-3.36312e-44
-3.36312e-44
-3.36312e-44
-3.36312e-44
-3.36312e-44
-3.36312e-44
-3.36312e-44
-3.36312e-44
-3.36312e-44
-3.36312e-44
-3.36312e-44
-3.36312e-44
-3.36312e-44
-3.36312e-44
-3.36312e-44
-3.36312e-44
-3.36312e-44
-3.36312e-44
-3.36312e-44
-3.36312e-44
-3.36312e-44
-3.36312e-44
-3.36312e-44
-3.36312e-44
-3.36312e-44
-3.36312e-44
-3.36312e-44
-3.36312e-44
-3.36312e-44
-3.36312e-44
-3.36312e-44
-3.36312e-44
-3.36312e-44
-3.36312e-44
-3.36312e-44
-3.36312e-44
-3.36312e-44
-3.36312e-44
-3.36312e-44
-3.36312e-44
-3.36312e-44
-3.36312e-44
-3.36312e-44
-3.36312e-44
-3.36312e-44
-3.36312e-44
-3.36312e-44
-3.36312e-44
-3.36312e-44
-3.36312e-44
-3.36312e-44
-3.36312e-44
-3.36312e-44
-3.36312e-44
-3.36312e-44
-3.36312e-44
-3.36312e-44
-3.36312e-44
-3.36312e-44
-3.36312e-44
-3.36312e-44
-3.36312e-44
-3.36312e-44
-3.36312e-44
-3.36312e-44
-3.36312e-44
-3.36312e-44
-3.36312e-44
-3.36312e-44
-3.36312e-44
-3.36312e-44
-3.36312e-44
-3.36312e-44
-3.36312e-44
-3.36312e-44
-3.36312e-44
-3.36312e-44
-3.36312e-44
-3.36312e-44
-3.36312e-44
-3.36312e-44
-3.36312e-44
-3.36312e-44
-3.36312e-44
-3.36312e-44
-3.36312e-44
-3.36312e-44
-3.36312e-44
-3.36312e-44
-3.36312e-44
-3.36312e-44
-3.36312e-44
-3.36312e-44
-3.36312e-44
-3.36312e-44
-3.36312e-44
-3.36312e-44
-3.36312e-44
-3.36312e-44
-3.36312e-44
-3.36312e-44
-3.36312e-44
-3.36312e-44
-3.36312e-44
-3.36312e-44
-3.36312e-44
-3.36312e-44
-3.36312e-44
-3.36312e-44
-3.36312e-44
-3.36312e-44
-3.36312e-44
-3.36312e-44
-3.36312e-44
-3.36312e-44
-3.36312e-44
-3.36312e-44
-3.36312e-44
-3.36312e-44
-3.36312e-44
-3.36312e-44
-3.36312e-44
-3.36312e-44
-3.36312e-44
-3.36312e-44
-3.36312e-44
-3.36312e-44
-3.36312e-44
-3.36312e-44
-3.36312e-44
-3.36312e-44
-3.36312e-44
-3.36312e-44
-3.36312e-44
-3.36312e-44
-3.36312e-44
-3.36312e-44
-3.36312e-44
-3.36312e-44
-3.36312e-44
-3.36312e-44
-3.36312e-44
-3.36312e-44
-3.36312e-44
-3.36312e-44
-3.36312e-44
-3.36312e-44
-3.36312e-44
-3.36312e-44
-3.36312e-44
-3.36312e-44
-3.36312e-44
-3.36312e-44
-3.36312e-44
-3.36312e-44
-3.36312e-44
-3.36312e-44
-3.36312e-44
-3.36312e-44
-3.36312e-44
-3.36312e-44
-3.36312e-44
-3.36312e-44
-3.36312e-44
-3.36312e-44
-3.36312e-44
-3.36312e-44
-3.36312e-44
-3.36312e-44
-3.36312e-44
-3.36312e-44
-3.36312e-44
-3.36312e-44
-3.36312e-44
-3.36312e-44
-3.36312e-44
-3.36312e-44
-3.36312e-44
-3.36312e-44
-3.36312e-44
-3.36312e-44
-3.36312e-44
-3.36312e-44
-3.36312e-44
-3.36312e-44
-3.36312e-44
-3.36312e-44
-3.36312e-44
-3.36312e-44
-3.36312e-44
-3.36312e-44
-3.36312e-44
-3.36312e-44
-3.36312e-44
-3.36312e-44
-3.36312e-44
-3.36312e-44
-3.36312e-44
-3.36312e-44
-3.36312e-44
-3.36312e-44
-3.36312e-44
-3.36312e-44
-3.36312e-44
-3.36312e-44
-3.36312e-44
-3.36312e-44
-3.36312e-44
-3.36312e-44
-3.36312e-44
-3.36312e-44
-3.36312e-44
-3.36312e-44
-3.36312e-44
-3.36312e-44
-3.36312e-44
-3.36312e-44
-3.36312e-44
-3.36312e-44
-3.36312e-44
-3.36312e-44
-3.36312e-44
-3.36312e-44
-3.36312e-44
-3.36312e-44
-3.36312e-44
-3.36312e-44
-3.36312e-44
-3.36312e-44
-3.36312e-44
-3.36312e-44
-3.36312e-44
-3.36312e-44
-3.36312e-44
-3.36312e-44
-3.36312e-44
-3.36312e-44
-3.36312e-44
-3.36312e-44
-3.36312e-44
-3.36312e-44
-3.36312e-44
-3.36312e-44
-3.36312e-44
-3.36312e-44
-3.36312e-44
-3.36312e-44
-3.36312e-44
-3.36312e-44
-3.36312e-44
-3.36312e-44
-3.36312e-44
-3.36312e-44
-3.36312e-44
-3.36312e-44
-3.36312e-44
-3.36312e-44
-3.36312e-44
-3.36312e-44
-3.36312e-44
-3.36312e-44
-3.36312e-44
-3.36312e-44
-3.36312e-44
-3.36312e-44
-3.36312e-44
-3.36312e-44
-3.36312e-44
-3.36312e-44
-3.36312e-44
-3.36312e-44
-3.36312e-44
-3.36312e-44
-3.36312e-44
-3.36312e-44
-3.36312e-44
-3.36312e-44
-3.36312e-44
-3.36312e-44
-3.36312e-44
-3.36312e-44
-3.36312e-44
-3.36312e-44
-3.36312e-44
-3.36312e-44
-3.36312e-44
-3.36312e-44
-3.36312e-44
-3.36312e-44
-3.36312e-44
-3.36312e-44
-3.36312e-44
-3.36312e-44
-3.36312e-44
-3.36312e-44
-3.36312e-44
-3.36312e-44
-3.36312e-44
-3.36312e-44
-3.36312e-44
-3.36312e-44
-3.36312e-44
-3.36312e-44
-3.36312e-44
-3.36312e-44
-3.36312e-44
-3.36312e-44
-3.36312e-44
-3.36312e-44
-3.36312e-44
-3.36312e-44
-3.36312e-44
-3.36312e-44
-3.36312e-44
-3.36312e-44
-3.36312e-44
-3.36312e-44
-3.36312e-44
-3.36312e-44
-3.36312e-44
-3.36312e-44
-3.36312e-44
-3.36312e-44
-3.36312e-44
-3.36312e-44
-3.36312e-44
-3.36312e-44
-3.36312e-44
-3.36312e-44
-3.36312e-44
-3.36312e-44
-3.36312e-44
-3.36312e-44
-3.36312e-44
-3.36312e-44
-3.36312e-44
-3.36312e-44
-3.36312e-44
-3.36312e-44
-3.36312e-44
-3.36312e-44
-3.36312e-44
-3.36312e-44
-3.36312e-44
-3.36312e-44
-3.36312e-44
-3.36312e-44
-3.36312e-44
-3.36312e-44
-3.36312e-44
-3.36312e-44
-3.36312e-44
-3.36312e-44
-3.36312e-44
-3.36312e-44
-3.36312e-44
-3.36312e-44
-3.36312e-44
-3.36312e-44
-3.36312e-44
-3.36312e-44
-3.36312e-44
-3.36312e-44
-3.36312e-44
-3.36312e-44
-3.36312e-44
-3.36312e-44
-3.36312e-44
-3.36312e-44
-3.36312e-44
-3.36312e-44
-3.36312e-44
-3.36312e-44
-3.36312e-44
-3.36312e-44
-3.36312e-44
-3.36312e-44
-3.36312e-44
-3.36312e-44
-3.36312e-44
-3.36312e-44
-3.36312e-44
-3.36312e-44
-3.36312e-44
-3.36312e-44
-3.36312e-44
-3.36312e-44
-3.36312e-44
-3.36312e-44
-3.36312e-44
-3.36312e-44
-3.36312e-44
-3.36312e-44
-3.36312e-44
-3.36312e-44
-3.36312e-44
-3.36312e-44
-3.36312e-44
-3.36312e-44
-3.36312e-44
-3.36312e-44
-3.36312e-44
-3.36312e-44
-3.36312e-44
-3.36312e-44
-3.36312e-44
-3.36312e-44
-3.36312e-44
-3.36312e-44
-3.36312e-44
-3.36312e-44
-3.36312e-44
-3.36312e-44
-3.36312e-44
-3.36312e-44
-3.36312e-44
-3.36312e-44
-3.36312e-44
-3.36312e-44
-3.36312e-44
-3.36312e-44
-3.36312e-44
-3.36312e-44
-3.36312e-44
-3.36312e-44
-3.36312e-44
-3.36312e-44
-3.36312e-44
-3.36312e-44
-3.36312e-44
-3.36312e-44
-3.36312e-44
-3.36312e-44
-3.36312e-44
-3.36312e-44
-3.36312e-44
-3.36312e-44
-3.36312e-44
-3.36312e-44
-3.36312e-44
-3.36312e-44
-3.36312e-44
-3.36312e-44
-3.36312e-44
-3.36312e-44
-3.36312e-44
-3.36312e-44
-3.36312e-44
-3.36312e-44
-3.36312e-44
-3.36312e-44
-3.36312e-44
-3.36312e-44
-3.36312e-44
-3.36312e-44
-3.36312e-44
-3.36312e-44
-3.36312e-44
-3.36312e-44
-3.36312e-44
-3.36312e-44
-3.36312e-44
-3.36312e-44
-3.36312e-44
-3.36312e-44
-3.36312e-44
-3.36312e-44
-3.36312e-44
-3.36312e-44
-3.36312e-44
-3.36312e-44
-3.36312e-44
-3.36312e-44
-3.36312e-44
-3.36312e-44
-3.36312e-44
-3.36312e-44
-3.36312e-44
-3.36312e-44
-3.36312e-44
-3.36312e-44
-3.36312e-44
-3.36312e-44
-3.36312e-44
-3.36312e-44
-3.36312e-44
-3.36312e-44
-3.36312e-44
-3.36312e-44
-3.36312e-44
-3.36312e-44
-3.36312e-44
-3.36312e-44
-3.36312e-44
-3.36312e-44
-3.36312e-44
-3.36312e-44
-3.36312e-44
-3.36312e-44
-3.36312e-44
-3.36312e-44
-3.36312e-44
-3.36312e-44
-3.36312e-44
-3.36312e-44
-3.36312e-44
-3.36312e-44
-3.36312e-44
-3.36312e-44
-3.36312e-44
-3.36312e-44
-3.36312e-44
-3.36312e-44
-3.36312e-44
-3.36312e-44
-3.36312e-44
-3.36312e-44
-3.36312e-44
-3.36312e-44
-3.36312e-44
-3.36312e-44
-3.36312e-44
-3.36312e-44
-3.36312e-44
-3.36312e-44
-3.36312e-44
-3.36312e-44
-3.36312e-44
-3.36312e-44
-3.36312e-44
-3.36312e-44
-3.36312e-44
-3.36312e-44
-3.36312e-44
-3.36312e-44
-3.36312e-44
-3.36312e-44
-3.36312e-44
-3.36312e-44
-3.36312e-44
-3.36312e-44
-3.36312e-44
-3.36312e-44
-3.36312e-44
-3.36312e-44
-3.36312e-44
-3.36312e-44
-3.36312e-44
-3.36312e-44
-3.36312e-44
-3.36312e-44
-3.36312e-44
-3.36312e-44
-3.36312e-44
-3.36312e-44
-3.36312e-44
-3.36312e-44
-3.36312e-44
-3.36312e-44
-3.36312e-44
-3.36312e-44
-3.36312e-44
-3.36312e-44
-3.36312e-44
-3.36312e-44
-3.36312e-44
-3.36312e-44
-3.36312e-44
-3.36312e-44
-3.36312e-44
-3.36312e-44
-3.36312e-44
-3.36312e-44
-3.36312e-44
-3.36312e-44
-3.36312e-44
-3.36312e-44
-3.36312e-44
-3.36312e-44
-3.36312e-44
-3.36312e-44
-3.36312e-44
-3.36312e-44
-3.36312e-44
-3.36312e-44
-3.36312e-44
-3.36312e-44
-3.36312e-44
-3.36312e-44
-3.36312e-44
-3.36312e-44
-3.36312e-44
-3.36312e-44
-3.36312e-44
-3.36312e-44
-3.36312e-44
-3.36312e-44
-3.36312e-44
-3.36312e-44
-3.36312e-44
-3.36312e-44
-3.36312e-44
-3.36312e-44
-3.36312e-44
-3.36312e-44
-3.36312e-44
-3.36312e-44
-3.36312e-44
-3.36312e-44
-3.36312e-44
-3.36312e-44
-3.36312e-44
-3.36312e-44
-3.36312e-44
-3.36312e-44
-3.36312e-44
-3.36312e-44
-3.36312e-44
-3.36312e-44
-3.36312e-44
-3.36312e-44
-3.36312e-44
-3.36312e-44
-3.36312e-44
-3.36312e-44
-3.36312e-44
-3.36312e-44
-3.36312e-44
-3.36312e-44
-3.36312e-44
-3.36312e-44
-3.36312e-44
-3.36312e-44
-3.36312e-44
-3.36312e-44
-3.36312e-44
-3.36312e-44
-3.36312e-44
-3.36312e-44
-3.36312e-44
-3.36312e-44
-3.36312e-44
-3.36312e-44
-3.36312e-44
-3.36312e-44
-3.36312e-44
-3.36312e-44
-3.36312e-44
-3.36312e-44
-3.36312e-44
-3.36312e-44
-3.36312e-44
-3.36312e-44
-3.36312e-44
-3.36312e-44
-3.36312e-44
-3.36312e-44
-3.36312e-44
-3.36312e-44
-3.36312e-44
-3.36312e-44
-3.36312e-44
-3.36312e-44
-3.36312e-44
-3.36312e-44
-3.36312e-44
-3.36312e-44
-3.36312e-44
-3.36312e-44
-3.36312e-44
-3.36312e-44
-3.36312e-44
-3.36312e-44
-3.36312e-44
-3.36312e-44
-3.36312e-44
-3.36312e-44
-3.36312e-44
-3.36312e-44
-3.36312e-44
-3.36312e-44
-3.36312e-44
-3.36312e-44
-3.36312e-44
-3.36312e-44
-3.36312e-44
-3.36312e-44
-3.36312e-44
-3.36312e-44
-3.36312e-44
-3.36312e-44
-3.36312e-44
-3.36312e-44
-3.36312e-44
-3.36312e-44
-3.36312e-44
-3.36312e-44
-3.36312e-44
-3.36312e-44
-3.36312e-44
-3.36312e-44
-3.36312e-44
-3.36312e-44
-3.36312e-44
-3.36312e-44
-3.36312e-44
-3.36312e-44
-3.36312e-44
-3.36312e-44
-3.36312e-44
-3.36312e-44
-3.36312e-44
-3.36312e-44
-3.36312e-44
-3.36312e-44
-3.36312e-44
-3.36312e-44
-3.36312e-44
-3.36312e-44
-3.36312e-44
-3.36312e-44
-3.36312e-44
-3.36312e-44
-3.36312e-44
-3.36312e-44
-3.36312e-44
-3.36312e-44
-3.36312e-44
-3.36312e-44
-3.36312e-44
-3.36312e-44
-3.36312e-44
-3.36312e-44
-3.36312e-44
-3.36312e-44
-3.36312e-44
-3.36312e-44
-3.36312e-44
-3.36312e-44
-3.36312e-44
-3.36312e-44
-3.36312e-44
-3.36312e-44
-3.36312e-44
-3.36312e-44
-3.36312e-44
-3.36312e-44
-3.36312e-44
-3.36312e-44
-3.36312e-44
-3.36312e-44
-3.36312e-44
-3.36312e-44
-3.36312e-44
-3.36312e-44
-3.36312e-44
-3.36312e-44
-3.36312e-44
-3.36312e-44
-3.36312e-44
-3.36312e-44
-3.36312e-44
-3.36312e-44
-3.36312e-44
-3.36312e-44
-3.36312e-44
-3.36312e-44
-3.36312e-44
-3.36312e-44
-3.36312e-44
-3.36312e-44
-3.36312e-44
-3.36312e-44
-3.36312e-44
-3.36312e-44
-3.36312e-44
-3.36312e-44
-3.36312e-44
-3.36312e-44
-3.36312e-44
-3.36312e-44
-3.36312e-44
-3.36312e-44
-3.36312e-44
-3.36312e-44
-3.36312e-44
-3.36312e-44
-3.36312e-44
-3.36312e-44
-3.36312e-44
-3.36312e-44
-3.36312e-44
-3.36312e-44
-3.36312e-44
-3.36312e-44
-3.36312e-44
-3.36312e-44
-3.36312e-44
-3.36312e-44
-3.36312e-44
-3.36312e-44
-3.36312e-44
-3.36312e-44
-3.36312e-44
-3.36312e-44
-3.36312e-44
-3.36312e-44
-3.36312e-44
-3.36312e-44
-3.36312e-44
-3.36312e-44
-3.36312e-44
-3.36312e-44
-3.36312e-44
-3.36312e-44
-3.36312e-44
-3.36312e-44
-3.36312e-44
-3.36312e-44
-3.36312e-44
-3.36312e-44
-3.36312e-44
-3.36312e-44
-3.36312e-44
-3.36312e-44
-3.36312e-44
-3.36312e-44
-3.36312e-44
-3.36312e-44
-3.36312e-44
-3.36312e-44
-3.36312e-44
-3.36312e-44
-3.36312e-44
-3.36312e-44
-3.36312e-44
-3.36312e-44
-3.36312e-44
-3.36312e-44
-3.36312e-44
-3.36312e-44
-3.36312e-44
-3.36312e-44
-3.36312e-44
-3.36312e-44
-3.36312e-44
-3.36312e-44
-3.36312e-44
-3.36312e-44
-3.36312e-44
-3.36312e-44
-3.36312e-44
-3.36312e-44
-3.36312e-44
-3.36312e-44
-3.36312e-44
-3.36312e-44
-3.36312e-44
-3.36312e-44
-3.36312e-44
-3.36312e-44
-3.36312e-44
-3.36312e-44
-3.36312e-44
-3.36312e-44
-3.36312e-44
-3.36312e-44
-3.36312e-44
-3.36312e-44
-3.36312e-44
-3.36312e-44
-3.36312e-44
-3.36312e-44
-3.36312e-44
-3.36312e-44
-3.36312e-44
-3.36312e-44
-3.36312e-44
-3.36312e-44
-3.36312e-44
-3.36312e-44
-3.36312e-44
-3.36312e-44
-3.36312e-44
-3.36312e-44
-3.36312e-44
-3.36312e-44
-3.36312e-44
-3.36312e-44
-3.36312e-44
-3.36312e-44
-3.36312e-44
-3.36312e-44
-3.36312e-44
-3.36312e-44
-3.36312e-44
-3.36312e-44
-3.36312e-44
-3.36312e-44
-3.36312e-44
-3.36312e-44
-3.36312e-44
-3.36312e-44
-3.36312e-44
-3.36312e-44
-3.36312e-44
-3.36312e-44
-3.36312e-44
-3.36312e-44
-3.36312e-44
-3.36312e-44
-3.36312e-44
-3.36312e-44
-3.36312e-44
-3.36312e-44
-3.36312e-44
-3.36312e-44
-3.36312e-44
-3.36312e-44
-3.36312e-44
-3.36312e-44
-3.36312e-44
-3.36312e-44
-3.36312e-44
-3.36312e-44
-3.36312e-44
-3.36312e-44
-3.36312e-44
-3.36312e-44
-3.36312e-44
-3.36312e-44
-3.36312e-44
-3.36312e-44
-3.36312e-44
-3.36312e-44
-3.36312e-44
-3.36312e-44
-3.36312e-44
-3.36312e-44
-3.36312e-44
-3.36312e-44
-3.36312e-44
-3.36312e-44
-3.36312e-44
-3.36312e-44
-3.36312e-44
-3.36312e-44
-3.36312e-44
-3.36312e-44
-3.36312e-44
-3.36312e-44
-3.36312e-44
-3.36312e-44
-3.36312e-44
-3.36312e-44
-3.36312e-44
-3.36312e-44
-3.36312e-44
-3.36312e-44
-3.36312e-44
-3.36312e-44
-3.36312e-44
-3.36312e-44
-3.36312e-44
-3.36312e-44
-3.36312e-44
-3.36312e-44
-3.36312e-44
-3.36312e-44
-3.36312e-44
-3.36312e-44
-3.36312e-44
-3.36312e-44
-3.36312e-44
-3.36312e-44
-3.36312e-44
-3.36312e-44
-3.36312e-44
-3.36312e-44
-3.36312e-44
-3.36312e-44
-3.36312e-44
-3.36312e-44
-3.36312e-44
-3.36312e-44
-3.36312e-44
-3.36312e-44
-3.36312e-44
-3.36312e-44
-3.36312e-44
-3.36312e-44
-3.36312e-44
-3.36312e-44
-3.36312e-44
-3.36312e-44
-3.36312e-44
-3.36312e-44
-3.36312e-44
-3.36312e-44
-3.36312e-44
-3.36312e-44
-3.36312e-44
-3.36312e-44
-3.36312e-44
-3.36312e-44
-3.36312e-44
-3.36312e-44
-3.36312e-44
-3.36312e-44
-3.36312e-44
-3.36312e-44
-3.36312e-44
-3.36312e-44
-3.36312e-44
-3.36312e-44
-3.36312e-44
-3.36312e-44
-3.36312e-44
-3.36312e-44
-3.36312e-44
-3.36312e-44
-3.36312e-44
-3.36312e-44
-3.36312e-44
-3.36312e-44
-3.36312e-44
-3.36312e-44
-3.36312e-44
-3.36312e-44
-3.36312e-44
-3.36312e-44
-3.36312e-44
-3.36312e-44
-3.36312e-44
-3.36312e-44
-3.36312e-44
-3.36312e-44
-3.36312e-44
-3.36312e-44
-3.36312e-44
-3.36312e-44
-3.36312e-44
-3.36312e-44
-3.36312e-44
-3.36312e-44
-3.36312e-44
-3.36312e-44
-3.36312e-44
-3.36312e-44
-3.36312e-44
-3.36312e-44
-3.36312e-44
-3.36312e-44
-3.36312e-44
-3.36312e-44
-3.36312e-44
-3.36312e-44
-3.36312e-44
-3.36312e-44
-3.36312e-44
-3.36312e-44
-3.36312e-44
-3.36312e-44
-3.36312e-44
-3.36312e-44
-3.36312e-44
-3.36312e-44
-3.36312e-44
-3.36312e-44
-3.36312e-44
-3.36312e-44
-3.36312e-44
-3.36312e-44
-3.36312e-44
-3.36312e-44
-3.36312e-44
-3.36312e-44
-3.36312e-44
-3.36312e-44
-3.36312e-44
-3.36312e-44
-3.36312e-44
-3.36312e-44
-3.36312e-44
-3.36312e-44
-3.36312e-44
-3.36312e-44
-3.36312e-44
-3.36312e-44
-3.36312e-44
-3.36312e-44
-3.36312e-44
-3.36312e-44
-3.36312e-44
-3.36312e-44
-3.36312e-44
-3.36312e-44
-3.36312e-44
-3.36312e-44
-3.36312e-44
-3.36312e-44
-3.36312e-44
-3.36312e-44
-3.36312e-44
-3.36312e-44
-3.36312e-44
-3.36312e-44
-3.36312e-44
-3.36312e-44
-3.36312e-44
-3.36312e-44
-3.36312e-44
-3.36312e-44
-3.36312e-44
-3.36312e-44
-3.36312e-44
-3.36312e-44
-3.36312e-44
-3.36312e-44
-3.36312e-44
-3.36312e-44
-3.36312e-44
-3.36312e-44
-3.36312e-44
-3.36312e-44
-3.36312e-44
-3.36312e-44
-3.36312e-44
-3.36312e-44
-3.36312e-44
-3.36312e-44
-3.36312e-44
-3.36312e-44
-3.36312e-44
-3.36312e-44
-3.36312e-44
-3.36312e-44
-3.36312e-44
-3.36312e-44
-3.36312e-44
-3.36312e-44
-3.36312e-44
-3.36312e-44
-3.36312e-44
-3.36312e-44
-3.36312e-44
-3.36312e-44
-3.36312e-44
-3.36312e-44
-3.36312e-44
-3.36312e-44
-3.36312e-44
-3.36312e-44
-3.36312e-44
-3.36312e-44
-3.36312e-44
-3.36312e-44
-3.36312e-44
-3.36312e-44
-3.36312e-44
-3.36312e-44
-3.36312e-44
-3.36312e-44
-3.36312e-44
-3.36312e-44
-3.36312e-44
-3.36312e-44
-3.36312e-44
-3.36312e-44
-3.36312e-44
-3.36312e-44
-3.36312e-44
-3.36312e-44
-3.36312e-44
-3.36312e-44
-3.36312e-44
-3.36312e-44
-3.36312e-44
-3.36312e-44
-3.36312e-44
-3.36312e-44
-3.36312e-44
-3.36312e-44
-3.36312e-44
-3.36312e-44
-3.36312e-44
-3.36312e-44
-3.36312e-44
-3.36312e-44
-3.36312e-44
-3.36312e-44
-3.36312e-44
-3.36312e-44
-3.36312e-44
-3.36312e-44
-3.36312e-44
-3.36312e-44
-3.36312e-44
-3.36312e-44
-3.36312e-44
-3.36312e-44
-3.36312e-44
-3.36312e-44
-3.36312e-44
-3.36312e-44
-3.36312e-44
-3.36312e-44
-3.36312e-44
-3.36312e-44
-3.36312e-44
-3.36312e-44
-3.36312e-44
-3.36312e-44
-3.36312e-44
-3.36312e-44
-3.36312e-44
-3.36312e-44
-3.36312e-44
-3.36312e-44
-3.36312e-44
-3.36312e-44
-3.36312e-44
-3.36312e-44
-3.36312e-44
-3.36312e-44
-3.36312e-44
-3.36312e-44
-3.36312e-44
-3.36312e-44
-3.36312e-44
-3.36312e-44
-3.36312e-44
-3.36312e-44
-3.36312e-44
-3.36312e-44
-3.36312e-44
-3.36312e-44
-3.36312e-44
-3.36312e-44
-3.36312e-44
-3.36312e-44
-3.36312e-44
-3.36312e-44
-3.36312e-44
-3.36312e-44
-3.36312e-44
-3.36312e-44
-3.36312e-44
-3.36312e-44
-3.36312e-44
-3.36312e-44
-3.36312e-44
-3.36312e-44
-3.36312e-44
-3.36312e-44
-3.36312e-44
-3.36312e-44
-3.36312e-44
-3.36312e-44
-3.36312e-44
-3.36312e-44
-3.36312e-44
-3.36312e-44
-3.36312e-44
-3.36312e-44
-3.36312e-44
-3.36312e-44
-3.36312e-44
-3.36312e-44
-3.36312e-44
-3.36312e-44
-3.36312e-44
-3.36312e-44
-3.36312e-44
-3.36312e-44
-3.36312e-44
-3.36312e-44
-3.36312e-44
-3.36312e-44
-3.36312e-44
-3.36312e-44
-3.36312e-44
-3.36312e-44
-3.36312e-44
-3.36312e-44
-3.36312e-44
-3.36312e-44
-3.36312e-44
-3.36312e-44
-3.36312e-44
-3.36312e-44
-3.36312e-44
-3.36312e-44
-3.36312e-44
-3.36312e-44
-3.36312e-44
-3.36312e-44
-3.36312e-44
-3.36312e-44
-3.36312e-44
-3.36312e-44
-3.36312e-44
-3.36312e-44
-3.36312e-44
-3.36312e-44
-3.36312e-44
-3.36312e-44
-3.36312e-44
-3.36312e-44
-3.36312e-44
-3.36312e-44
-3.36312e-44
-3.36312e-44
-3.36312e-44
-3.36312e-44
-3.36312e-44
-3.36312e-44
-3.36312e-44
-3.36312e-44
-3.36312e-44
-3.36312e-44
-3.36312e-44
-3.36312e-44
-3.36312e-44
-3.36312e-44
-3.36312e-44
-3.36312e-44
-3.36312e-44
-3.36312e-44
-3.36312e-44
-3.36312e-44
-3.36312e-44
-3.36312e-44
-3.36312e-44
-3.36312e-44
-3.36312e-44
-3.36312e-44
-3.36312e-44
-3.36312e-44
-3.36312e-44
-3.36312e-44
-3.36312e-44
-3.36312e-44
-3.36312e-44
-3.36312e-44
-3.36312e-44
-3.36312e-44
-3.36312e-44
-3.36312e-44
-3.36312e-44
-3.36312e-44
-3.36312e-44
-3.36312e-44
-3.36312e-44
-3.36312e-44
-3.36312e-44
-3.36312e-44
-3.36312e-44
-3.36312e-44
-3.36312e-44
-3.36312e-44
-3.36312e-44
-3.36312e-44
-3.36312e-44
-3.36312e-44
-3.36312e-44
-3.36312e-44
-3.36312e-44
-3.36312e-44
-3.36312e-44
-3.36312e-44
-3.36312e-44
-3.36312e-44
-3.36312e-44
-3.36312e-44
-3.36312e-44
-3.36312e-44
-3.36312e-44
-3.36312e-44
-3.36312e-44
-3.36312e-44
-3.36312e-44
-3.36312e-44
-3.36312e-44
-3.36312e-44
-3.36312e-44
-3.36312e-44
-3.36312e-44
-3.36312e-44
-3.36312e-44
-3.36312e-44
-3.36312e-44
-3.36312e-44
-3.36312e-44
-3.36312e-44
-3.36312e-44
-3.36312e-44
-3.36312e-44
-3.36312e-44
-3.36312e-44
-3.36312e-44
-3.36312e-44
-3.36312e-44
-3.36312e-44
-3.36312e-44
-3.36312e-44
-3.36312e-44
-3.36312e-44
-3.36312e-44
-3.36312e-44
-3.36312e-44
-3.36312e-44
-3.36312e-44
-3.36312e-44
-3.36312e-44
-3.36312e-44
-3.36312e-44
-3.36312e-44
-3.36312e-44
-3.36312e-44
-3.36312e-44
-3.36312e-44
-3.36312e-44
-3.36312e-44
-3.36312e-44
-3.36312e-44
-3.36312e-44
-3.36312e-44
-3.36312e-44
-3.36312e-44
-3.36312e-44
-3.36312e-44
-3.36312e-44
-3.36312e-44
-3.36312e-44
-3.36312e-44
-3.36312e-44
-3.36312e-44
-3.36312e-44
-3.36312e-44
-3.36312e-44
-3.36312e-44
-3.36312e-44
-3.36312e-44
-3.36312e-44
-3.36312e-44
-3.36312e-44
-3.36312e-44
-3.36312e-44
-3.36312e-44
-3.36312e-44
-3.36312e-44
-3.36312e-44
-3.36312e-44
-3.36312e-44
-3.36312e-44
-3.36312e-44
-3.36312e-44
-3.36312e-44
-3.36312e-44
-3.36312e-44
-3.36312e-44
-3.36312e-44
-3.36312e-44
-3.36312e-44
-3.36312e-44
-3.36312e-44
-3.36312e-44
-3.36312e-44
-3.36312e-44
-3.36312e-44
-3.36312e-44
-3.36312e-44
-3.36312e-44
-3.36312e-44
-3.36312e-44
-3.36312e-44
-3.36312e-44
-3.36312e-44
-3.36312e-44
-3.36312e-44
-3.36312e-44
-3.36312e-44
-3.36312e-44
-3.36312e-44
-3.36312e-44
-3.36312e-44
-3.36312e-44
-3.36312e-44
-3.36312e-44
-3.36312e-44
-3.36312e-44
-3.36312e-44
-3.36312e-44
-3.36312e-44
-3.36312e-44
-3.36312e-44
-3.36312e-44
-3.36312e-44
-3.36312e-44
-3.36312e-44
-3.36312e-44
-3.36312e-44
-3.36312e-44
-3.36312e-44
-3.36312e-44
-3.36312e-44
-3.36312e-44
-3.36312e-44
-3.36312e-44
-3.36312e-44
-3.36312e-44
-3.36312e-44
-3.36312e-44
-3.36312e-44
-3.36312e-44
-3.36312e-44
-3.36312e-44
-3.36312e-44
-3.36312e-44
-3.36312e-44
-3.36312e-44
-3.36312e-44
-3.36312e-44
-3.36312e-44
-3.36312e-44
-3.36312e-44
-3.36312e-44
-3.36312e-44
-3.36312e-44
-3.36312e-44
-3.36312e-44
-3.36312e-44
-3.36312e-44
-3.36312e-44
-3.36312e-44
-3.36312e-44
-3.36312e-44
-3.36312e-44
-3.36312e-44
-3.36312e-44
-3.36312e-44
-3.36312e-44
-3.36312e-44
-3.36312e-44
-3.36312e-44
-3.36312e-44
-3.36312e-44
-3.36312e-44
-3.36312e-44
-3.36312e-44
-3.36312e-44
-3.36312e-44
-3.36312e-44
-3.36312e-44
-3.36312e-44
-3.36312e-44
-3.36312e-44
-3.36312e-44
-3.36312e-44
-3.36312e-44
-3.36312e-44
-3.36312e-44
-3.36312e-44
-3.36312e-44
-3.36312e-44
-3.36312e-44
-3.36312e-44
-3.36312e-44
-3.36312e-44
-3.36312e-44
-3.36312e-44
-3.36312e-44
-3.36312e-44
-3.36312e-44
-3.36312e-44
-3.36312e-44
-3.36312e-44
-3.36312e-44
-3.36312e-44
-3.36312e-44
-3.36312e-44
-3.36312e-44
-3.36312e-44
-3.36312e-44
-3.36312e-44
-3.36312e-44
-3.36312e-44
-3.36312e-44
-3.36312e-44
-3.36312e-44
-3.36312e-44
-3.36312e-44
-3.36312e-44
-3.36312e-44
-3.36312e-44
-3.36312e-44
-3.36312e-44
-3.36312e-44
-3.36312e-44
-3.36312e-44
-3.36312e-44
-3.36312e-44
-3.36312e-44
-3.36312e-44
-3.36312e-44
-3.36312e-44
-3.36312e-44
-3.36312e-44
-3.36312e-44
-3.36312e-44
-3.36312e-44
-3.36312e-44
-3.36312e-44
-3.36312e-44
-3.36312e-44
-3.36312e-44
-3.36312e-44
-3.36312e-44
-3.36312e-44
-3.36312e-44
-3.36312e-44
-3.36312e-44
-3.36312e-44
-3.36312e-44
-3.36312e-44
-3.36312e-44
-3.36312e-44
-3.36312e-44
-3.36312e-44
-3.36312e-44
-3.36312e-44
-3.36312e-44
-3.36312e-44
-3.36312e-44
-3.36312e-44
-3.36312e-44
-3.36312e-44
-3.36312e-44
-3.36312e-44
-3.36312e-44
-3.36312e-44
-3.36312e-44
-3.36312e-44
-3.36312e-44
-3.36312e-44
-3.36312e-44
-3.36312e-44
-3.36312e-44
-3.36312e-44
-3.36312e-44
-3.36312e-44
-3.36312e-44
-3.36312e-44
-3.36312e-44
-3.36312e-44
-3.36312e-44
-3.36312e-44
-3.36312e-44
-3.36312e-44
-3.36312e-44
-3.36312e-44
-3.36312e-44
-3.36312e-44
-3.36312e-44
-3.36312e-44
-3.36312e-44
-3.36312e-44
-3.36312e-44
-3.36312e-44
-3.36312e-44
-3.36312e-44
-3.36312e-44
-3.36312e-44
-3.36312e-44
-3.36312e-44
-3.36312e-44
-3.36312e-44
-3.36312e-44
-3.36312e-44
-3.36312e-44
-3.36312e-44
-3.36312e-44
-3.36312e-44
-3.36312e-44
-3.36312e-44
-3.36312e-44
-3.36312e-44
-3.36312e-44
-3.36312e-44
-3.36312e-44
-3.36312e-44
-3.36312e-44
-3.36312e-44
-3.36312e-44
-3.36312e-44
-3.36312e-44
-3.36312e-44
-3.36312e-44
-3.36312e-44
-3.36312e-44
-3.36312e-44
-3.36312e-44
-3.36312e-44
-3.36312e-44
-3.36312e-44
-3.36312e-44
-3.36312e-44
-3.36312e-44
-3.36312e-44
-3.36312e-44
-3.36312e-44
-3.36312e-44
-3.36312e-44
-3.36312e-44
-3.36312e-44
-3.36312e-44
-3.36312e-44
-3.36312e-44
-3.36312e-44
-3.36312e-44
-3.36312e-44
-3.36312e-44
-3.36312e-44
-3.36312e-44
-3.36312e-44
-3.36312e-44
-3.36312e-44
-3.36312e-44
-3.36312e-44
-3.36312e-44
-3.36312e-44
-3.36312e-44
-3.36312e-44
-3.36312e-44
-3.36312e-44
-3.36312e-44
-3.36312e-44
-3.36312e-44
-3.36312e-44
-3.36312e-44
-3.36312e-44
-3.36312e-44
-3.36312e-44
-3.36312e-44
-3.36312e-44
-3.36312e-44
-3.36312e-44
-3.36312e-44
-3.36312e-44
-3.36312e-44
-3.36312e-44
-3.36312e-44
-3.36312e-44
-3.36312e-44
-3.36312e-44
-3.36312e-44
-3.36312e-44
-3.36312e-44
-3.36312e-44
-3.36312e-44
-3.36312e-44
-3.36312e-44
-3.36312e-44
-3.36312e-44
-3.36312e-44
-3.36312e-44
-3.36312e-44
-3.36312e-44
-3.36312e-44
-3.36312e-44
-3.36312e-44
-3.36312e-44
-3.36312e-44
-3.36312e-44
-3.36312e-44
-3.36312e-44
-3.36312e-44
-3.36312e-44
-3.36312e-44
-3.36312e-44
-3.36312e-44
-3.36312e-44
-3.36312e-44
-3.36312e-44
-3.36312e-44
-3.36312e-44
-3.36312e-44
-3.36312e-44
-3.36312e-44
-3.36312e-44
-3.36312e-44
-3.36312e-44
-3.36312e-44
-3.36312e-44
-3.36312e-44
-3.36312e-44
-3.36312e-44
-3.36312e-44
-3.36312e-44
-3.36312e-44
-3.36312e-44
-3.36312e-44
-3.36312e-44
-3.36312e-44
-3.36312e-44
-3.36312e-44
-3.36312e-44
-3.36312e-44
-3.36312e-44
-3.36312e-44
-3.36312e-44
-3.36312e-44
-3.36312e-44
-3.36312e-44
-3.36312e-44
-3.36312e-44
-3.36312e-44
-3.36312e-44
-3.36312e-44
-3.36312e-44
-3.36312e-44
-3.36312e-44
-3.36312e-44
-3.36312e-44
-3.36312e-44
-3.36312e-44
-3.36312e-44
-3.36312e-44
-3.36312e-44
-3.36312e-44
-3.36312e-44
-3.36312e-44
-3.36312e-44
-3.36312e-44
-3.36312e-44
-3.36312e-44
-3.36312e-44
-3.36312e-44
-3.36312e-44
-3.36312e-44
-3.36312e-44
-3.36312e-44
-3.36312e-44
-3.36312e-44
-3.36312e-44
-3.36312e-44
-3.36312e-44
-3.36312e-44
-3.36312e-44
-3.36312e-44
-3.36312e-44
-3.36312e-44
-3.36312e-44
-3.36312e-44
-3.36312e-44
-3.36312e-44
-3.36312e-44
-3.36312e-44
-3.36312e-44
-3.36312e-44
-3.36312e-44
-3.36312e-44
-3.36312e-44
-3.36312e-44
-3.36312e-44
-3.36312e-44
-3.36312e-44
-3.36312e-44
-3.36312e-44
-3.36312e-44
-3.36312e-44
-3.36312e-44
-3.36312e-44
-3.36312e-44
-3.36312e-44
-3.36312e-44
-3.36312e-44
-3.36312e-44
-3.36312e-44
-3.36312e-44
-3.36312e-44
-3.36312e-44
-3.36312e-44
-3.36312e-44
-3.36312e-44
-3.36312e-44
-3.36312e-44
-3.36312e-44
-3.36312e-44
-3.36312e-44
-3.36312e-44
-3.36312e-44
-3.36312e-44
-3.36312e-44
-3.36312e-44
-3.36312e-44
-3.36312e-44
-3.36312e-44
-3.36312e-44
-3.36312e-44
-3.36312e-44
-3.36312e-44
-3.36312e-44
-3.36312e-44
-3.36312e-44
-3.36312e-44
-3.36312e-44
-3.36312e-44
-3.36312e-44
-3.36312e-44
-3.36312e-44
-3.36312e-44
-3.36312e-44
-3.36312e-44
-3.36312e-44
-3.36312e-44
-3.36312e-44
-3.36312e-44
-3.36312e-44
-3.36312e-44
-3.36312e-44
-3.36312e-44
-3.36312e-44
-3.36312e-44
-3.36312e-44
-3.36312e-44
-3.36312e-44
-3.36312e-44
-3.36312e-44
-3.36312e-44
-3.36312e-44
-3.36312e-44
-3.36312e-44
-3.36312e-44
-3.36312e-44
-3.36312e-44
-3.36312e-44
-3.36312e-44
-3.36312e-44
-3.36312e-44
-3.36312e-44
-3.36312e-44
-3.36312e-44
-3.36312e-44
-3.36312e-44
-3.36312e-44
-3.36312e-44
-3.36312e-44
-3.36312e-44
-3.36312e-44
-3.36312e-44
-3.36312e-44
-3.36312e-44
-3.36312e-44
-3.36312e-44
-3.36312e-44
-3.36312e-44
-3.36312e-44
-3.36312e-44
-3.36312e-44
-3.36312e-44
-3.36312e-44
-3.36312e-44
-3.36312e-44
-3.36312e-44
-3.36312e-44
-3.36312e-44
-3.36312e-44
-3.36312e-44
-3.36312e-44
-3.36312e-44
-3.36312e-44
-3.36312e-44
-3.36312e-44
-3.36312e-44
-3.36312e-44
-3.36312e-44
-3.36312e-44
-3.36312e-44
-3.36312e-44
-3.36312e-44
-3.36312e-44
-3.36312e-44
-3.36312e-44
-3.36312e-44
-3.36312e-44
-3.36312e-44
-3.36312e-44
-3.36312e-44
-3.36312e-44
-3.36312e-44
-3.36312e-44
-3.36312e-44
-3.36312e-44
-3.36312e-44
-3.36312e-44
-3.36312e-44
-3.36312e-44
-3.36312e-44
-3.36312e-44
-3.36312e-44
-3.36312e-44
-3.36312e-44
-3.36312e-44
-3.36312e-44
-3.36312e-44
-3.36312e-44
-3.36312e-44
-3.36312e-44
-3.36312e-44
-3.36312e-44
-3.36312e-44
-3.36312e-44
-3.36312e-44
-3.36312e-44
-3.36312e-44
-3.36312e-44
-3.36312e-44
-3.36312e-44
-3.36312e-44
-3.36312e-44
-3.36312e-44
-3.36312e-44
-3.36312e-44
-3.36312e-44
-3.36312e-44
-3.36312e-44
-3.36312e-44
-3.36312e-44
-3.36312e-44
-3.36312e-44
-3.36312e-44
-3.36312e-44
-3.36312e-44
-3.36312e-44
-3.36312e-44
-3.36312e-44
-3.36312e-44
-3.36312e-44
-3.36312e-44
-3.36312e-44
-3.36312e-44
-3.36312e-44
-3.36312e-44
-3.36312e-44
-3.36312e-44
-3.36312e-44
-3.36312e-44
-3.36312e-44
-3.36312e-44
-3.36312e-44
-3.36312e-44
-3.36312e-44
-3.36312e-44
-3.36312e-44
-3.36312e-44
-3.36312e-44
-3.36312e-44
-3.36312e-44
-3.36312e-44
-3.36312e-44
-3.36312e-44
-3.36312e-44
-3.36312e-44
-3.36312e-44
-3.36312e-44
-3.36312e-44
-3.36312e-44
-3.36312e-44
-3.36312e-44
-3.36312e-44
-3.36312e-44
-3.36312e-44
-3.36312e-44
-3.36312e-44
-3.36312e-44
-3.36312e-44
-3.36312e-44
-3.36312e-44
-3.36312e-44
-3.36312e-44
-3.36312e-44
-3.36312e-44
-3.36312e-44
-3.36312e-44
-3.36312e-44
-3.36312e-44
-3.36312e-44
-3.36312e-44
-3.36312e-44
-3.36312e-44
-3.36312e-44
-3.36312e-44
-3.36312e-44
-3.36312e-44
-3.36312e-44
-3.36312e-44
-3.36312e-44
-3.36312e-44
-3.36312e-44
-3.36312e-44
-3.36312e-44
-3.36312e-44
-3.36312e-44
-3.36312e-44
-3.36312e-44
-3.36312e-44
-3.36312e-44
-3.36312e-44
-3.36312e-44
-3.36312e-44
-3.36312e-44
-3.36312e-44
-3.36312e-44
-3.36312e-44
-3.36312e-44
-3.36312e-44
-3.36312e-44
-3.36312e-44
-3.36312e-44
-3.36312e-44
-3.36312e-44
-3.36312e-44
-3.36312e-44
-3.36312e-44
-3.36312e-44
-3.36312e-44
-3.36312e-44
-3.36312e-44
-3.36312e-44
-3.36312e-44
-3.36312e-44
-3.36312e-44
-3.36312e-44
-3.36312e-44
-3.36312e-44
-3.36312e-44
-3.36312e-44
-3.36312e-44
-3.36312e-44
-3.36312e-44
-3.36312e-44
-3.36312e-44
-3.36312e-44
-3.36312e-44
-3.36312e-44
-3.36312e-44
-3.36312e-44
-3.36312e-44
-3.36312e-44
-3.36312e-44
-3.36312e-44
-3.36312e-44
-3.36312e-44
-3.36312e-44
-3.36312e-44
-3.36312e-44
-3.36312e-44
-3.36312e-44
-3.36312e-44
-3.36312e-44
-3.36312e-44
-3.36312e-44
-3.36312e-44
-3.36312e-44
-3.36312e-44
-3.36312e-44
-3.36312e-44
-3.36312e-44
-3.36312e-44
-3.36312e-44
-3.36312e-44
-3.36312e-44
-3.36312e-44
-3.36312e-44
-3.36312e-44
-3.36312e-44
-3.36312e-44
-3.36312e-44
-3.36312e-44
-3.36312e-44
-3.36312e-44
-3.36312e-44
-3.36312e-44
-3.36312e-44
-3.36312e-44
-3.36312e-44
-3.36312e-44
-3.36312e-44
-3.36312e-44
-3.36312e-44
-3.36312e-44
-3.36312e-44
-3.36312e-44
-3.36312e-44
-3.36312e-44
-3.36312e-44
-3.36312e-44
-3.36312e-44
-3.36312e-44
-3.36312e-44
-3.36312e-44
-3.36312e-44
-3.36312e-44
-3.36312e-44
-3.36312e-44
-3.36312e-44
-3.36312e-44
-3.36312e-44
-3.36312e-44
-3.36312e-44
-3.36312e-44
-3.36312e-44
-3.36312e-44
-3.36312e-44
-3.36312e-44
-3.36312e-44
-3.36312e-44
-3.36312e-44
-3.36312e-44
-3.36312e-44
-3.36312e-44
-3.36312e-44
-3.36312e-44
-3.36312e-44
-3.36312e-44
-3.36312e-44
-3.36312e-44
-3.36312e-44
-3.36312e-44
-3.36312e-44
-3.36312e-44
-3.36312e-44
-3.36312e-44
-3.36312e-44
-3.36312e-44
-3.36312e-44
-3.36312e-44
-3.36312e-44
-3.36312e-44
-3.36312e-44
-3.36312e-44
-3.36312e-44
-3.36312e-44
-3.36312e-44
-3.36312e-44
-3.36312e-44
-3.36312e-44
-3.36312e-44
-3.36312e-44
-3.36312e-44
-3.36312e-44
-3.36312e-44
-3.36312e-44
-3.36312e-44
-3.36312e-44
-3.36312e-44
-3.36312e-44
-3.36312e-44
-3.36312e-44
-3.36312e-44
-3.36312e-44
-3.36312e-44
-3.36312e-44
-3.36312e-44
-3.36312e-44
-3.36312e-44
-3.36312e-44
-3.36312e-44
-3.36312e-44
-3.36312e-44
-3.36312e-44
-3.36312e-44
-3.36312e-44
-3.36312e-44
-3.36312e-44
-3.36312e-44
-3.36312e-44
-3.36312e-44
-3.36312e-44
-3.36312e-44
-3.36312e-44
-3.36312e-44
-3.36312e-44
-3.36312e-44
-3.36312e-44
-3.36312e-44
-3.36312e-44
-3.36312e-44
-3.36312e-44
-3.36312e-44
-3.36312e-44
-3.36312e-44
-3.36312e-44
-3.36312e-44
-3.36312e-44
-3.36312e-44
-3.36312e-44
-3.36312e-44
-3.36312e-44
-3.36312e-44
-3.36312e-44
-3.36312e-44
-3.36312e-44
-3.36312e-44
-3.36312e-44
-3.36312e-44
-3.36312e-44
-3.36312e-44
-3.36312e-44
-3.36312e-44
-3.36312e-44
-3.36312e-44
-3.36312e-44
-3.36312e-44
-3.36312e-44
-3.36312e-44
-3.36312e-44
-3.36312e-44
-3.36312e-44
-3.36312e-44
-3.36312e-44
-3.36312e-44
-3.36312e-44
-3.36312e-44
-3.36312e-44
-3.36312e-44
-3.36312e-44
-3.36312e-44
-3.36312e-44
-3.36312e-44
-3.36312e-44
-3.36312e-44
-3.36312e-44
-3.36312e-44
-3.36312e-44
-3.36312e-44
-3.36312e-44
-3.36312e-44
-3.36312e-44
-3.36312e-44
-3.36312e-44
-3.36312e-44
-3.36312e-44
-3.36312e-44
-3.36312e-44
-3.36312e-44
-3.36312e-44
-3.36312e-44
-3.36312e-44
-3.36312e-44
-3.36312e-44
-3.36312e-44
-3.36312e-44
-3.36312e-44
-3.36312e-44
-3.36312e-44
-3.36312e-44
-3.36312e-44
-3.36312e-44
-3.36312e-44
-3.36312e-44
-3.36312e-44
-3.36312e-44
-3.36312e-44
-3.36312e-44
-3.36312e-44
-3.36312e-44
-3.36312e-44
-3.36312e-44
-3.36312e-44
-3.36312e-44
-3.36312e-44
-3.36312e-44
-3.36312e-44
-3.36312e-44
-3.36312e-44
-3.36312e-44
-3.36312e-44
-3.36312e-44
-3.36312e-44
-3.36312e-44
-3.36312e-44
-3.36312e-44
-3.36312e-44
-3.36312e-44
-3.36312e-44
-3.36312e-44
-3.36312e-44
-3.36312e-44
-3.36312e-44
-3.36312e-44
-3.36312e-44
-3.36312e-44
-3.36312e-44
-3.36312e-44
-3.36312e-44
-3.36312e-44
-3.36312e-44
-3.36312e-44
-3.36312e-44
-3.36312e-44
-3.36312e-44
-3.36312e-44
-3.36312e-44
-3.36312e-44
-3.36312e-44
-3.36312e-44
-3.36312e-44
-3.36312e-44
-3.36312e-44
-3.36312e-44
-3.36312e-44
-3.36312e-44
-3.36312e-44
-3.36312e-44
-3.36312e-44
-3.36312e-44
-3.36312e-44
-3.36312e-44
-3.36312e-44
-3.36312e-44
-3.36312e-44
-3.36312e-44
-3.36312e-44
-3.36312e-44
-3.36312e-44
-3.36312e-44
-3.36312e-44
-3.36312e-44
-3.36312e-44
-3.36312e-44
-3.36312e-44
-3.36312e-44
-3.36312e-44
-3.36312e-44
-3.36312e-44
-3.36312e-44
-3.36312e-44
-3.36312e-44
-3.36312e-44
-3.36312e-44
-3.36312e-44
-3.36312e-44
-3.36312e-44
-3.36312e-44
-3.36312e-44
-3.36312e-44
-3.36312e-44
-3.36312e-44
-3.36312e-44
-3.36312e-44
-3.36312e-44
-3.36312e-44
-3.36312e-44
-3.36312e-44
-3.36312e-44
-3.36312e-44
-3.36312e-44
-3.36312e-44
-3.36312e-44
-3.36312e-44
-3.36312e-44
-3.36312e-44
-3.36312e-44
-3.36312e-44
-3.36312e-44
-3.36312e-44
-3.36312e-44
-3.36312e-44
-3.36312e-44
-3.36312e-44
-3.36312e-44
-3.36312e-44
-3.36312e-44
-3.36312e-44
-3.36312e-44
-3.36312e-44
-3.36312e-44
-3.36312e-44
-3.36312e-44
-3.36312e-44
-3.36312e-44
-3.36312e-44
-3.36312e-44
-3.36312e-44
-3.36312e-44
-3.36312e-44
-3.36312e-44
-3.36312e-44
-3.36312e-44
-3.36312e-44
-3.36312e-44
-3.36312e-44
-3.36312e-44
-3.36312e-44
-3.36312e-44
-3.36312e-44
-3.36312e-44
-3.36312e-44
-3.36312e-44
-3.36312e-44
-3.36312e-44
-3.36312e-44
-3.36312e-44
-3.36312e-44
-3.36312e-44
-3.36312e-44
-3.36312e-44
-3.36312e-44
-3.36312e-44
-3.36312e-44
-3.36312e-44
-3.36312e-44
-3.36312e-44
-3.36312e-44
-3.36312e-44
-3.36312e-44
-3.36312e-44
-3.36312e-44
-3.36312e-44
-3.36312e-44
-3.36312e-44
-3.36312e-44
-3.36312e-44
-3.36312e-44
-3.36312e-44
-3.36312e-44
-3.36312e-44
-3.36312e-44
-3.36312e-44
-3.36312e-44
-3.36312e-44
-3.36312e-44
-3.36312e-44
-3.36312e-44
-3.36312e-44
-3.36312e-44
-3.36312e-44
-3.36312e-44
-3.36312e-44
-3.36312e-44
-3.36312e-44
-3.36312e-44
-3.36312e-44
-3.36312e-44
-3.36312e-44
-3.36312e-44
-3.36312e-44
-3.36312e-44
-3.36312e-44
-3.36312e-44
-3.36312e-44
-3.36312e-44
-3.36312e-44
-3.36312e-44
-3.36312e-44
-3.36312e-44
-3.36312e-44
-3.36312e-44
-3.36312e-44
-3.36312e-44
-3.36312e-44
-3.36312e-44
-3.36312e-44
-3.36312e-44
-3.36312e-44
-3.36312e-44
-3.36312e-44
-3.36312e-44
-3.36312e-44
-3.36312e-44
-3.36312e-44
-3.36312e-44
-3.36312e-44
-3.36312e-44
-3.36312e-44
-3.36312e-44
-3.36312e-44
-3.36312e-44
-3.36312e-44
-3.36312e-44
-3.36312e-44
-3.36312e-44
-3.36312e-44
-3.36312e-44
-3.36312e-44
-3.36312e-44
-3.36312e-44
-3.36312e-44
-3.36312e-44
-3.36312e-44
-3.36312e-44
-3.36312e-44
-3.36312e-44
-3.36312e-44
-3.36312e-44
-3.36312e-44
-3.36312e-44
-3.36312e-44
-3.36312e-44
-3.36312e-44
-3.36312e-44
-3.36312e-44
-3.36312e-44
-3.36312e-44
-3.36312e-44
-3.36312e-44
-3.36312e-44
-3.36312e-44
-3.36312e-44
-3.36312e-44
-3.36312e-44
-3.36312e-44
-3.36312e-44
-3.36312e-44
-3.36312e-44
-3.36312e-44
-3.36312e-44
-3.36312e-44
-3.36312e-44
-3.36312e-44
-3.36312e-44
-3.36312e-44
-3.36312e-44
-3.36312e-44
-3.36312e-44
-3.36312e-44
-3.36312e-44
-3.36312e-44
-3.36312e-44
-3.36312e-44
-3.36312e-44
-3.36312e-44
-3.36312e-44
-3.36312e-44
-3.36312e-44
-3.36312e-44
-3.36312e-44
-3.36312e-44
-3.36312e-44
-3.36312e-44
-3.36312e-44
-3.36312e-44
-3.36312e-44
-3.36312e-44
-3.36312e-44
-3.36312e-44
-3.36312e-44
-3.36312e-44
-3.36312e-44
-3.36312e-44
-3.36312e-44
-3.36312e-44
-3.36312e-44
-3.36312e-44
-3.36312e-44
-3.36312e-44
-3.36312e-44
-3.36312e-44
-3.36312e-44
-3.36312e-44
-3.36312e-44
-3.36312e-44
-3.36312e-44
-3.36312e-44
-3.36312e-44
-3.36312e-44
-3.36312e-44
-3.36312e-44
-3.36312e-44
-3.36312e-44
-3.36312e-44
-3.36312e-44
-3.36312e-44
-3.36312e-44
-3.36312e-44
-3.36312e-44
-3.36312e-44
-3.36312e-44
-3.36312e-44
-3.36312e-44
-3.36312e-44
-3.36312e-44
-3.36312e-44
-3.36312e-44
-3.36312e-44
-3.36312e-44
-3.36312e-44
-3.36312e-44
-3.36312e-44
-3.36312e-44
-3.36312e-44
-3.36312e-44
-3.36312e-44
-3.36312e-44
-3.36312e-44
-3.36312e-44
-3.36312e-44
-3.36312e-44
-3.36312e-44
-3.36312e-44
-3.36312e-44
-3.36312e-44
-3.36312e-44
-3.36312e-44
-3.36312e-44
-3.36312e-44
-3.36312e-44
-3.36312e-44
-3.36312e-44
-3.36312e-44
-3.36312e-44
-3.36312e-44
-3.36312e-44
-3.36312e-44
-3.36312e-44
-3.36312e-44
-3.36312e-44
-3.36312e-44
-3.36312e-44
-3.36312e-44
-3.36312e-44
-3.36312e-44
-3.36312e-44
-3.36312e-44
-3.36312e-44
-3.36312e-44
-3.36312e-44
-3.36312e-44
-3.36312e-44
-3.36312e-44
-3.36312e-44
-3.36312e-44
-3.36312e-44
-3.36312e-44
-3.36312e-44
-3.36312e-44
-3.36312e-44
-3.36312e-44
-3.36312e-44
-3.36312e-44
-3.36312e-44
-3.36312e-44
-3.36312e-44
-3.36312e-44
-3.36312e-44
-3.36312e-44
-3.36312e-44
-3.36312e-44
-3.36312e-44
-3.36312e-44
-3.36312e-44
-3.36312e-44
-3.36312e-44
-3.36312e-44
-3.36312e-44
-3.36312e-44
-3.36312e-44
-3.36312e-44
-3.36312e-44
-3.36312e-44
-3.36312e-44
-3.36312e-44
-3.36312e-44
-3.36312e-44
-3.36312e-44
-3.36312e-44
-3.36312e-44
-3.36312e-44
-3.36312e-44
-3.36312e-44
-3.36312e-44
-3.36312e-44
-3.36312e-44
-3.36312e-44
-3.36312e-44
-3.36312e-44
-3.36312e-44
-3.36312e-44
-3.36312e-44
-3.36312e-44
-3.36312e-44
-3.36312e-44
-3.36312e-44
-3.36312e-44
-3.36312e-44
-3.36312e-44
-3.36312e-44
-3.36312e-44
-3.36312e-44
-3.36312e-44
-3.36312e-44
-3.36312e-44
-3.36312e-44
-3.36312e-44
-3.36312e-44
-3.36312e-44
-3.36312e-44
-3.36312e-44
-3.36312e-44
-3.36312e-44
-3.36312e-44
-3.36312e-44
-3.36312e-44
-3.36312e-44
-3.36312e-44
-3.36312e-44
-3.36312e-44
-3.36312e-44
-3.36312e-44
-3.36312e-44
-3.36312e-44
-3.36312e-44
-3.36312e-44
-3.36312e-44
-3.36312e-44
-3.36312e-44
-3.36312e-44
-3.36312e-44
-3.36312e-44
-3.36312e-44
-3.36312e-44
-3.36312e-44
-3.36312e-44
-3.36312e-44
-3.36312e-44
-3.36312e-44
-3.36312e-44
-3.36312e-44
-3.36312e-44
-3.36312e-44
-3.36312e-44
-3.36312e-44
-3.36312e-44
-3.36312e-44
-3.36312e-44
-3.36312e-44
-3.36312e-44
-3.36312e-44
-3.36312e-44
-3.36312e-44
-3.36312e-44
-3.36312e-44
-3.36312e-44
-3.36312e-44
-3.36312e-44
-3.36312e-44
-3.36312e-44
-3.36312e-44
-3.36312e-44
-3.36312e-44
-3.36312e-44
-3.36312e-44
-3.36312e-44
-3.36312e-44
-3.36312e-44
-3.36312e-44
-3.36312e-44
-3.36312e-44
-3.36312e-44
-3.36312e-44
-3.36312e-44
-3.36312e-44
-3.36312e-44
-3.36312e-44
-3.36312e-44
-3.36312e-44
-3.36312e-44
-3.36312e-44
-3.36312e-44
-3.36312e-44
-3.36312e-44
-3.36312e-44
-3.36312e-44
-3.36312e-44
-3.36312e-44
-3.36312e-44
-3.36312e-44
-3.36312e-44
-3.36312e-44
-3.36312e-44
-3.36312e-44
-3.36312e-44
-3.36312e-44
-3.36312e-44
-3.36312e-44
-3.36312e-44
-3.36312e-44
-3.36312e-44
-3.36312e-44
-3.36312e-44
-3.36312e-44
-3.36312e-44
-3.36312e-44
-3.36312e-44
-3.36312e-44
-3.36312e-44
-3.36312e-44
-3.36312e-44
-3.36312e-44
-3.36312e-44
-3.36312e-44
-3.36312e-44
-3.36312e-44
-3.36312e-44
-3.36312e-44
-3.36312e-44
-3.36312e-44
-3.36312e-44
-3.36312e-44
-3.36312e-44
-3.36312e-44
-3.36312e-44
-3.36312e-44
-3.36312e-44
-3.36312e-44
-3.36312e-44
-3.36312e-44
-3.36312e-44
-3.36312e-44
-3.36312e-44
-3.36312e-44
-3.36312e-44
-3.36312e-44
-3.36312e-44
-3.36312e-44
-3.36312e-44
-3.36312e-44
-3.36312e-44
-3.36312e-44
-3.36312e-44
-3.36312e-44
-3.36312e-44
-3.36312e-44
-3.36312e-44
-3.36312e-44
-3.36312e-44
-3.36312e-44
-3.36312e-44
-3.36312e-44
-3.36312e-44
-3.36312e-44
-3.36312e-44
-3.36312e-44
-3.36312e-44
-3.36312e-44
-3.36312e-44
-3.36312e-44
-3.36312e-44
-3.36312e-44
-3.36312e-44
-3.36312e-44
-3.36312e-44
-3.36312e-44
-3.36312e-44
-3.36312e-44
-3.36312e-44
-3.36312e-44
-3.36312e-44
-3.36312e-44
-3.36312e-44
-3.36312e-44
-3.36312e-44
-3.36312e-44
-3.36312e-44
-3.36312e-44
-3.36312e-44
-3.36312e-44
-3.36312e-44
-3.36312e-44
-3.36312e-44
-3.36312e-44
-3.36312e-44
-3.36312e-44
-3.36312e-44
-3.36312e-44
-3.36312e-44
-3.36312e-44
-3.36312e-44
-3.36312e-44
-3.36312e-44
-3.36312e-44
-3.36312e-44
-3.36312e-44
-3.36312e-44
-3.36312e-44
-3.36312e-44
-3.36312e-44
-3.36312e-44
-3.36312e-44
-3.36312e-44
-3.36312e-44
-3.36312e-44
-3.36312e-44
-3.36312e-44
-3.36312e-44
-3.36312e-44
-3.36312e-44
-3.36312e-44
-3.36312e-44
-3.36312e-44
-3.36312e-44
-3.36312e-44
-3.36312e-44
-3.36312e-44
-3.36312e-44
-3.36312e-44
-3.36312e-44
-3.36312e-44
-3.36312e-44
-3.36312e-44
-3.36312e-44
-3.36312e-44
-3.36312e-44
-3.36312e-44
-3.36312e-44
-3.36312e-44
-3.36312e-44
-3.36312e-44
-3.36312e-44
-3.36312e-44
-3.36312e-44
-3.36312e-44
-3.36312e-44
-3.36312e-44
-3.36312e-44
-3.36312e-44
-3.36312e-44
-3.36312e-44
-3.36312e-44
-3.36312e-44
-3.36312e-44
-3.36312e-44
-3.36312e-44
-3.36312e-44
-3.36312e-44
-3.36312e-44
-3.36312e-44
-3.36312e-44
-3.36312e-44
-3.36312e-44
-3.36312e-44
-3.36312e-44
-3.36312e-44
-3.36312e-44
-3.36312e-44
-3.36312e-44
-3.36312e-44
-3.36312e-44
-3.36312e-44
-3.36312e-44
-3.36312e-44
-3.36312e-44
-3.36312e-44
-3.36312e-44
-3.36312e-44
-3.36312e-44
-3.36312e-44
-3.36312e-44
-3.36312e-44
-3.36312e-44
-3.36312e-44
-3.36312e-44
-3.36312e-44
-3.36312e-44
-3.36312e-44
-3.36312e-44
-3.36312e-44
-3.36312e-44
-3.36312e-44
-3.36312e-44
-3.36312e-44
-3.36312e-44
-3.36312e-44
-3.36312e-44
-3.36312e-44
-3.36312e-44
-3.36312e-44
-3.36312e-44
-3.36312e-44
-3.36312e-44
-3.36312e-44
-3.36312e-44
-3.36312e-44
-3.36312e-44
-3.36312e-44
-3.36312e-44
-3.36312e-44
-3.36312e-44
-3.36312e-44
-3.36312e-44
-3.36312e-44
-3.36312e-44
-3.36312e-44
-3.36312e-44
-3.36312e-44
-3.36312e-44
-3.36312e-44
-3.36312e-44
-3.36312e-44
-3.36312e-44
-3.36312e-44
-3.36312e-44
-3.36312e-44
-3.36312e-44
-3.36312e-44
-3.36312e-44
-3.36312e-44
-3.36312e-44
-3.36312e-44
-3.36312e-44
-3.36312e-44
-3.36312e-44
-3.36312e-44
-3.36312e-44
-3.36312e-44
-3.36312e-44
-3.36312e-44
-3.36312e-44
-3.36312e-44
-3.36312e-44
-3.36312e-44
-3.36312e-44
-3.36312e-44
-3.36312e-44
-3.36312e-44
-3.36312e-44
-3.36312e-44
-3.36312e-44
-3.36312e-44
-3.36312e-44
-3.36312e-44
-3.36312e-44
-3.36312e-44
-3.36312e-44
-3.36312e-44
-3.36312e-44
-3.36312e-44
-3.36312e-44
-3.36312e-44
-3.36312e-44
-3.36312e-44
-3.36312e-44
-3.36312e-44
-3.36312e-44
-3.36312e-44
-3.36312e-44
-3.36312e-44
-3.36312e-44
-3.36312e-44
-3.36312e-44
-3.36312e-44
-3.36312e-44
-3.36312e-44
-3.36312e-44
-3.36312e-44
-3.36312e-44
-3.36312e-44
-3.36312e-44
-3.36312e-44
-3.36312e-44
-3.36312e-44
-3.36312e-44
-3.36312e-44
-3.36312e-44
-3.36312e-44
-3.36312e-44
-3.36312e-44
-3.36312e-44
-3.36312e-44
-3.36312e-44
-3.36312e-44
-3.36312e-44
-3.36312e-44
-3.36312e-44
-3.36312e-44
-3.36312e-44
-3.36312e-44
-3.36312e-44
-3.36312e-44
-3.36312e-44
-3.36312e-44
-3.36312e-44
-3.36312e-44
-3.36312e-44
-3.36312e-44
-3.36312e-44
-3.36312e-44
-3.36312e-44
-3.36312e-44
-3.36312e-44
-3.36312e-44
-3.36312e-44
-3.36312e-44
-3.36312e-44
-3.36312e-44
-3.36312e-44
-3.36312e-44
-3.36312e-44
-3.36312e-44
-3.36312e-44
-3.36312e-44
-3.36312e-44
-3.36312e-44
-3.36312e-44
-3.36312e-44
-3.36312e-44
-3.36312e-44
-3.36312e-44
-3.36312e-44
-3.36312e-44
-3.36312e-44
-3.36312e-44
-3.36312e-44
-3.36312e-44
-3.36312e-44
-3.36312e-44
-3.36312e-44
-3.36312e-44
-3.36312e-44
-3.36312e-44
-3.36312e-44
-3.36312e-44
-3.36312e-44
-3.36312e-44
-3.36312e-44
-3.36312e-44
-3.36312e-44
-3.36312e-44
-3.36312e-44
-3.36312e-44
-3.36312e-44
-3.36312e-44
-3.36312e-44
-3.36312e-44
-3.36312e-44
-3.36312e-44
-3.36312e-44
-3.36312e-44
-3.36312e-44
-3.36312e-44
-3.36312e-44
-3.36312e-44
-3.36312e-44
-3.36312e-44
-3.36312e-44
-3.36312e-44
-3.36312e-44
-3.36312e-44
-3.36312e-44
-3.36312e-44
-3.36312e-44
-3.36312e-44
-3.36312e-44
-3.36312e-44
-3.36312e-44
-3.36312e-44
-3.36312e-44
-3.36312e-44
-3.36312e-44
-3.36312e-44
-3.36312e-44
-3.36312e-44
-3.36312e-44
-3.36312e-44
-3.36312e-44
-3.36312e-44
-3.36312e-44
-3.36312e-44
-3.36312e-44
-3.36312e-44
-3.36312e-44
-3.36312e-44
-3.36312e-44
-3.36312e-44
-3.36312e-44
-3.36312e-44
-3.36312e-44
-3.36312e-44
-3.36312e-44
-3.36312e-44
-3.36312e-44
-3.36312e-44
-3.36312e-44
-3.36312e-44
-3.36312e-44
-3.36312e-44
-3.36312e-44
-3.36312e-44
-3.36312e-44
-3.36312e-44
-3.36312e-44
-3.36312e-44
-3.36312e-44
-3.36312e-44
-3.36312e-44
-3.36312e-44
-3.36312e-44
-3.36312e-44
-3.36312e-44
-3.36312e-44
-3.36312e-44
-3.36312e-44
-3.36312e-44
-3.36312e-44
-3.36312e-44
-3.36312e-44
-3.36312e-44
-3.36312e-44
-3.36312e-44
-3.36312e-44
-3.36312e-44
-3.36312e-44
-3.36312e-44
-3.36312e-44
-3.36312e-44
-3.36312e-44
-3.36312e-44
-3.36312e-44
-3.36312e-44
-3.36312e-44
-3.36312e-44
-3.36312e-44
-3.36312e-44
-3.36312e-44
-3.36312e-44
-3.36312e-44
-3.36312e-44
-3.36312e-44
-3.36312e-44
-3.36312e-44
-3.36312e-44
-3.36312e-44
-3.36312e-44
-3.36312e-44
-3.36312e-44
-3.36312e-44
-3.36312e-44
-3.36312e-44
-3.36312e-44
-3.36312e-44
-3.36312e-44
-3.36312e-44
-3.36312e-44
-3.36312e-44
-3.36312e-44
-3.36312e-44
-3.36312e-44
-3.36312e-44
-3.36312e-44
-3.36312e-44
-3.36312e-44
-3.36312e-44
-3.36312e-44
-3.36312e-44
-3.36312e-44
-3.36312e-44
-3.36312e-44
-3.36312e-44
-3.36312e-44
-3.36312e-44
-3.36312e-44
-3.36312e-44
-3.36312e-44
-3.36312e-44
-3.36312e-44
-3.36312e-44
-3.36312e-44
-3.36312e-44
-3.36312e-44
-3.36312e-44
-3.36312e-44
-3.36312e-44
-3.36312e-44
-3.36312e-44
-3.36312e-44
-3.36312e-44
-3.36312e-44
-3.36312e-44
-3.36312e-44
-3.36312e-44
-3.36312e-44
-3.36312e-44
-3.36312e-44
-3.36312e-44
-3.36312e-44
-3.36312e-44
-3.36312e-44
-3.36312e-44
-3.36312e-44
-3.36312e-44
-3.36312e-44
-3.36312e-44
-3.36312e-44
-3.36312e-44
-3.36312e-44
-3.36312e-44
-3.36312e-44
-3.36312e-44
-3.36312e-44
-3.36312e-44
-3.36312e-44
-3.36312e-44
-3.36312e-44
-3.36312e-44
-3.36312e-44
-3.36312e-44
-3.36312e-44
-3.36312e-44
-3.36312e-44
-3.36312e-44
-3.36312e-44
-3.36312e-44
-3.36312e-44
-3.36312e-44
-3.36312e-44
-3.36312e-44
-3.36312e-44
-3.36312e-44
-3.36312e-44
-3.36312e-44
-3.36312e-44
-3.36312e-44
-3.36312e-44
-3.36312e-44
-3.36312e-44
-3.36312e-44
-3.36312e-44
-3.36312e-44
-3.36312e-44
-3.36312e-44
-3.36312e-44
-3.36312e-44
-3.36312e-44
-3.36312e-44
-3.36312e-44
-3.36312e-44
-3.36312e-44
-3.36312e-44
-3.36312e-44
-3.36312e-44
-3.36312e-44
-3.36312e-44
-3.36312e-44
-3.36312e-44
-3.36312e-44
-3.36312e-44
-3.36312e-44
-3.36312e-44
-3.36312e-44
-3.36312e-44
-3.36312e-44
-3.36312e-44
-3.36312e-44
-3.36312e-44
-3.36312e-44
-3.36312e-44
-3.36312e-44
-3.36312e-44
-3.36312e-44
-3.36312e-44
-3.36312e-44
-3.36312e-44
-3.36312e-44
-3.36312e-44
-3.36312e-44
-3.36312e-44
-3.36312e-44
-3.36312e-44
-3.36312e-44
-3.36312e-44
-3.36312e-44
-3.36312e-44
-3.36312e-44
-3.36312e-44
-3.36312e-44
-3.36312e-44
-3.36312e-44
-3.36312e-44
-3.36312e-44
-3.36312e-44
-3.36312e-44
-3.36312e-44
-3.36312e-44
-3.36312e-44
-3.36312e-44
-3.36312e-44
-3.36312e-44
-3.36312e-44
-3.36312e-44
-3.36312e-44
-3.36312e-44
-3.36312e-44
-3.36312e-44
-3.36312e-44
-3.36312e-44
-3.36312e-44
-3.36312e-44
-3.36312e-44
-3.36312e-44
-3.36312e-44
-3.36312e-44
-3.36312e-44
-3.36312e-44
-3.36312e-44
-3.36312e-44
-3.36312e-44
-3.36312e-44
-3.36312e-44
-3.36312e-44
-3.36312e-44
-3.36312e-44
-3.36312e-44
-3.36312e-44
-3.36312e-44
-3.36312e-44
-3.36312e-44
-3.36312e-44
-3.36312e-44
-3.36312e-44
-3.36312e-44
-3.36312e-44
-3.36312e-44
-3.36312e-44
-3.36312e-44
-3.36312e-44
-3.36312e-44
-3.36312e-44
-3.36312e-44
-3.36312e-44
-3.36312e-44
-3.36312e-44
-3.36312e-44
-3.36312e-44
-3.36312e-44
-3.36312e-44
-3.36312e-44
-3.36312e-44
-3.36312e-44
-3.36312e-44
-3.36312e-44
-3.36312e-44
-3.36312e-44
-3.36312e-44
-3.36312e-44
-3.36312e-44
-3.36312e-44
-3.36312e-44
-3.36312e-44
-3.36312e-44
-3.36312e-44
-3.36312e-44
-3.36312e-44
-3.36312e-44
-3.36312e-44
-3.36312e-44
-3.36312e-44
-3.36312e-44
-3.36312e-44
-3.36312e-44
-3.36312e-44
-3.36312e-44
-3.36312e-44
-3.36312e-44
-3.36312e-44
-3.36312e-44
-3.36312e-44
-3.36312e-44
-3.36312e-44
-3.36312e-44
-3.36312e-44
-3.36312e-44
-3.36312e-44
-3.36312e-44
-3.36312e-44
-3.36312e-44
-3.36312e-44
-3.36312e-44
-3.36312e-44
-3.36312e-44
-3.36312e-44
-3.36312e-44
-3.36312e-44
-3.36312e-44
-3.36312e-44
-3.36312e-44
-3.36312e-44
-3.36312e-44
-3.36312e-44
-3.36312e-44
-3.36312e-44
-3.36312e-44
-3.36312e-44
-3.36312e-44
-3.36312e-44
-3.36312e-44
-3.36312e-44
-3.36312e-44
-3.36312e-44
-3.36312e-44
-3.36312e-44
-3.36312e-44
-3.36312e-44
-3.36312e-44
-3.36312e-44
-3.36312e-44
-3.36312e-44
-3.36312e-44
-3.36312e-44
-3.36312e-44
-3.36312e-44
-3.36312e-44
-3.36312e-44
-3.36312e-44
-3.36312e-44
-3.36312e-44
-3.36312e-44
-3.36312e-44
-3.36312e-44
-3.36312e-44
-3.36312e-44
-3.36312e-44
-3.36312e-44
-3.36312e-44
-3.36312e-44
-3.36312e-44
-3.36312e-44
-3.36312e-44
-3.36312e-44
-3.36312e-44
-3.36312e-44
-3.36312e-44
-3.36312e-44
-3.36312e-44
-3.36312e-44
-3.36312e-44
-3.36312e-44
-3.36312e-44
-3.36312e-44
-3.36312e-44
-3.36312e-44
-3.36312e-44
-3.36312e-44
-3.36312e-44
-3.36312e-44
-3.36312e-44
-3.36312e-44
-3.36312e-44
-3.36312e-44
-3.36312e-44
-3.36312e-44
-3.36312e-44
-3.36312e-44
-3.36312e-44
-3.36312e-44
-3.36312e-44
-3.36312e-44
-3.36312e-44
-3.36312e-44
-3.36312e-44
-3.36312e-44
-3.36312e-44
-3.36312e-44
-3.36312e-44
-3.36312e-44
-3.36312e-44
-3.36312e-44
-3.36312e-44
-3.36312e-44
-3.36312e-44
-3.36312e-44
-3.36312e-44
-3.36312e-44
-3.36312e-44
-3.36312e-44
-3.36312e-44
-3.36312e-44
-3.36312e-44
-3.36312e-44
-3.36312e-44
-3.36312e-44
-3.36312e-44
-3.36312e-44
-3.36312e-44
-3.36312e-44
-3.36312e-44
-3.36312e-44
-3.36312e-44
-3.36312e-44
-3.36312e-44
-3.36312e-44
-3.36312e-44
-3.36312e-44
-3.36312e-44
-3.36312e-44
-3.36312e-44
-3.36312e-44
-3.36312e-44
-3.36312e-44
-3.36312e-44
-3.36312e-44
-3.36312e-44
-3.36312e-44
-3.36312e-44
-3.36312e-44
-3.36312e-44
-3.36312e-44
-3.36312e-44
-3.36312e-44
-3.36312e-44
-3.36312e-44
-3.36312e-44
-3.36312e-44
-3.36312e-44
-3.36312e-44
-3.36312e-44
-3.36312e-44
-3.36312e-44
-3.36312e-44
-3.36312e-44
-3.36312e-44
-3.36312e-44
-3.36312e-44
-3.36312e-44
-3.36312e-44
-3.36312e-44
-3.36312e-44
-3.36312e-44
-3.36312e-44
-3.36312e-44
-3.36312e-44
-3.36312e-44
-3.36312e-44
-3.36312e-44
-3.36312e-44
-3.36312e-44
-3.36312e-44
-3.36312e-44
-3.36312e-44
-3.36312e-44
-3.36312e-44
-3.36312e-44
-3.36312e-44
-3.36312e-44
-3.36312e-44
-3.36312e-44
-3.36312e-44
-3.36312e-44
-3.36312e-44
-3.36312e-44
-3.36312e-44
-3.36312e-44
-3.36312e-44
-3.36312e-44
-3.36312e-44
-3.36312e-44
-3.36312e-44
-3.36312e-44
-3.36312e-44
-3.36312e-44
-3.36312e-44
-3.36312e-44
-3.36312e-44
-3.36312e-44
-3.36312e-44
-3.36312e-44
-3.36312e-44
-3.36312e-44
-3.36312e-44
-3.36312e-44
-3.36312e-44
-3.36312e-44
-3.36312e-44
-3.36312e-44
-3.36312e-44
-3.36312e-44
-3.36312e-44
-3.36312e-44
-3.36312e-44
-3.36312e-44
-3.36312e-44
-3.36312e-44
-3.36312e-44
-3.36312e-44
-3.36312e-44
-3.36312e-44
-3.36312e-44
-3.36312e-44
-3.36312e-44
-3.36312e-44
-3.36312e-44
-3.36312e-44
-3.36312e-44
-3.36312e-44
-3.36312e-44
-3.36312e-44
-3.36312e-44
-3.36312e-44
-3.36312e-44
-3.36312e-44
-3.36312e-44
-3.36312e-44
-3.36312e-44
-3.36312e-44
-3.36312e-44
-3.36312e-44
-3.36312e-44
-3.36312e-44
-3.36312e-44
-3.36312e-44
-3.36312e-44
-3.36312e-44
-3.36312e-44
-3.36312e-44
-3.36312e-44
-3.36312e-44
-3.36312e-44
-3.36312e-44
-3.36312e-44
-3.36312e-44
-3.36312e-44
-3.36312e-44
-3.36312e-44
-3.36312e-44
-3.36312e-44
-3.36312e-44
-3.36312e-44
-3.36312e-44
-3.36312e-44
-3.36312e-44
-3.36312e-44
-3.36312e-44
-3.36312e-44
-3.36312e-44
-3.36312e-44
-3.36312e-44
-3.36312e-44
-3.36312e-44
-3.36312e-44
-3.36312e-44
-3.36312e-44
-3.36312e-44
-3.36312e-44
-3.36312e-44
-3.36312e-44
-3.36312e-44
-3.36312e-44
-3.36312e-44
-3.36312e-44
-3.36312e-44
-3.36312e-44
-3.36312e-44
-3.36312e-44
-3.36312e-44
-3.36312e-44
-3.36312e-44
-3.36312e-44
-3.36312e-44
-3.36312e-44
-3.36312e-44
-3.36312e-44
-3.36312e-44
-3.36312e-44
-3.36312e-44
-3.36312e-44
-3.36312e-44
-3.36312e-44
-3.36312e-44
-3.36312e-44
-3.36312e-44
-3.36312e-44
-3.36312e-44
-3.36312e-44
-3.36312e-44
-3.36312e-44
-3.36312e-44
-3.36312e-44
-3.36312e-44
-3.36312e-44
-3.36312e-44
-3.36312e-44
-3.36312e-44
-3.36312e-44
-3.36312e-44
-3.36312e-44
-3.36312e-44
-3.36312e-44
-3.36312e-44
-3.36312e-44
-3.36312e-44
-3.36312e-44
-3.36312e-44
-3.36312e-44
-3.36312e-44
-3.36312e-44
-3.36312e-44
-3.36312e-44
-3.36312e-44
-3.36312e-44
-3.36312e-44
-3.36312e-44
-3.36312e-44
-3.36312e-44
-3.36312e-44
-3.36312e-44
-3.36312e-44
-3.36312e-44
-3.36312e-44
-3.36312e-44
-3.36312e-44
-3.36312e-44
-3.36312e-44
-3.36312e-44
-3.36312e-44
-3.36312e-44
-3.36312e-44
-3.36312e-44
-3.36312e-44
-3.36312e-44
-3.36312e-44
-3.36312e-44
-3.36312e-44
-3.36312e-44
-3.36312e-44
-3.36312e-44
-3.36312e-44
-3.36312e-44
-3.36312e-44
-3.36312e-44
-3.36312e-44
-3.36312e-44
-3.36312e-44
-3.36312e-44
-3.36312e-44
-3.36312e-44
-3.36312e-44
-3.36312e-44
-3.36312e-44
-3.36312e-44
-3.36312e-44
-3.36312e-44
-3.36312e-44
-3.36312e-44
-3.36312e-44
-3.36312e-44
-3.36312e-44
-3.36312e-44
-3.36312e-44
-3.36312e-44
-3.36312e-44
-3.36312e-44
-3.36312e-44
-3.36312e-44
-3.36312e-44
-3.36312e-44
-3.36312e-44
-3.36312e-44
-3.36312e-44
-3.36312e-44
-3.36312e-44
-3.36312e-44
-3.36312e-44
-3.36312e-44
-3.36312e-44
-3.36312e-44
-3.36312e-44
-3.36312e-44
-3.36312e-44
-3.36312e-44
-3.36312e-44
-3.36312e-44
-3.36312e-44
-3.36312e-44
-3.36312e-44
-3.36312e-44
-3.36312e-44
-3.36312e-44
-3.36312e-44
-3.36312e-44
-3.36312e-44
-3.36312e-44
-3.36312e-44
-3.36312e-44
-3.36312e-44
-3.36312e-44
-3.36312e-44
-3.36312e-44
-3.36312e-44
-3.36312e-44
-3.36312e-44
-3.36312e-44
-3.36312e-44
-3.36312e-44
-3.36312e-44
-3.36312e-44
-3.36312e-44
-3.36312e-44
-3.36312e-44
-3.36312e-44
-3.36312e-44
-3.36312e-44
-3.36312e-44
-3.36312e-44
-3.36312e-44
-3.36312e-44
-3.36312e-44
-3.36312e-44
-3.36312e-44
-3.36312e-44
-3.36312e-44
-3.36312e-44
-3.36312e-44
-3.36312e-44
-3.36312e-44
-3.36312e-44
-3.36312e-44
-3.36312e-44
-3.36312e-44
-3.36312e-44
-3.36312e-44
-3.36312e-44
-3.36312e-44
-3.36312e-44
-3.36312e-44
-3.36312e-44
-3.36312e-44
-3.36312e-44
-3.36312e-44
-3.36312e-44
-3.36312e-44
-3.36312e-44
-3.36312e-44
-3.36312e-44
-3.36312e-44
-3.36312e-44
-3.36312e-44
-3.36312e-44
-3.36312e-44
-3.36312e-44
-3.36312e-44
-3.36312e-44
-3.36312e-44
-3.36312e-44
-3.36312e-44
-3.36312e-44
-3.36312e-44
-3.36312e-44
-3.36312e-44
-3.36312e-44
-3.36312e-44
-3.36312e-44
-3.36312e-44
-3.36312e-44
-3.36312e-44
-3.36312e-44
-3.36312e-44
-3.36312e-44
-3.36312e-44
-3.36312e-44
-3.36312e-44
-3.36312e-44
-3.36312e-44
-3.36312e-44
-3.36312e-44
-3.36312e-44
-3.36312e-44
-3.36312e-44
-3.36312e-44
-3.36312e-44
-3.36312e-44
-3.36312e-44
-3.36312e-44
-3.36312e-44
-3.36312e-44
-3.36312e-44
-3.36312e-44
-3.36312e-44
-3.36312e-44
-3.36312e-44
-3.36312e-44
-3.36312e-44
-3.36312e-44
-3.36312e-44
-3.36312e-44
-3.36312e-44
-3.36312e-44
-3.36312e-44
-3.36312e-44
-3.36312e-44
-3.36312e-44
-3.36312e-44
-3.36312e-44
-3.36312e-44
-3.36312e-44
-3.36312e-44
-3.36312e-44
-3.36312e-44
-3.36312e-44
-3.36312e-44
-3.36312e-44
-3.36312e-44
-3.36312e-44
-3.36312e-44
-3.36312e-44
-3.36312e-44
-3.36312e-44
-3.36312e-44
-3.36312e-44
-3.36312e-44
-3.36312e-44
-3.36312e-44
-3.36312e-44
-3.36312e-44
-3.36312e-44
-3.36312e-44
-3.36312e-44
-3.36312e-44
-3.36312e-44
-3.36312e-44
-3.36312e-44
-3.36312e-44
-3.36312e-44
-3.36312e-44
-3.36312e-44
-3.36312e-44
-3.36312e-44
-3.36312e-44
-3.36312e-44
-3.36312e-44
-3.36312e-44
-3.36312e-44
-3.36312e-44
-3.36312e-44
-3.36312e-44
-3.36312e-44
-3.36312e-44
-3.36312e-44
-3.36312e-44
-3.36312e-44
-3.36312e-44
-3.36312e-44
-3.36312e-44
-3.36312e-44
-3.36312e-44
-3.36312e-44
-3.36312e-44
-3.36312e-44
-3.36312e-44
-3.36312e-44
-3.36312e-44
-3.36312e-44
-3.36312e-44
-3.36312e-44
-3.36312e-44
-3.36312e-44
-3.36312e-44
-3.36312e-44
-3.36312e-44
-3.36312e-44
-3.36312e-44
-3.36312e-44
-3.36312e-44
-3.36312e-44
-3.36312e-44
-3.36312e-44
-3.36312e-44
-3.36312e-44
-3.36312e-44
-3.36312e-44
-3.36312e-44
-3.36312e-44
-3.36312e-44
-3.36312e-44
-3.36312e-44
-3.36312e-44
-3.36312e-44
-3.36312e-44
-3.36312e-44
-3.36312e-44
-3.36312e-44
-3.36312e-44
-3.36312e-44
-3.36312e-44
-3.36312e-44
-3.36312e-44
-3.36312e-44
-3.36312e-44
-3.36312e-44
-3.36312e-44
-3.36312e-44
-3.36312e-44
-3.36312e-44
-3.36312e-44
-3.36312e-44
-3.36312e-44
-3.36312e-44
-3.36312e-44
-3.36312e-44
-3.36312e-44
-3.36312e-44
-3.36312e-44
-3.36312e-44
-3.36312e-44
-3.36312e-44
-3.36312e-44
-3.36312e-44
-3.36312e-44
-3.36312e-44
-3.36312e-44
-3.36312e-44
-3.36312e-44
-3.36312e-44
-3.36312e-44
-3.36312e-44
-3.36312e-44
-3.36312e-44
-3.36312e-44
-3.36312e-44
-3.36312e-44
-3.36312e-44
-3.36312e-44
-3.36312e-44
-3.36312e-44
-3.36312e-44
-3.36312e-44
-3.36312e-44
-3.36312e-44
-3.36312e-44
-3.36312e-44
-3.36312e-44
-3.36312e-44
-3.36312e-44
-3.36312e-44
-3.36312e-44
-3.36312e-44
-3.36312e-44
-3.36312e-44
-3.36312e-44
-3.36312e-44
-3.36312e-44
-3.36312e-44
-3.36312e-44
-3.36312e-44
-3.36312e-44
-3.36312e-44
-3.36312e-44
-3.36312e-44
-3.36312e-44
-3.36312e-44
-3.36312e-44
-3.36312e-44
-3.36312e-44
-3.36312e-44
-3.36312e-44
-3.36312e-44
-3.36312e-44
-3.36312e-44
-3.36312e-44
-3.36312e-44
-3.36312e-44
-3.36312e-44
-3.36312e-44
-3.36312e-44
-3.36312e-44
-3.36312e-44
-3.36312e-44
-3.36312e-44
-3.36312e-44
-3.36312e-44
-3.36312e-44
-3.36312e-44
-3.36312e-44
-3.36312e-44
-3.36312e-44
-3.36312e-44
-3.36312e-44
-3.36312e-44
-3.36312e-44
-3.36312e-44
-3.36312e-44
-3.36312e-44
-3.36312e-44
-3.36312e-44
-3.36312e-44
-3.36312e-44
-3.36312e-44
-3.36312e-44
-3.36312e-44
-3.36312e-44
-3.36312e-44
-3.36312e-44
-3.36312e-44
-3.36312e-44
-3.36312e-44
-3.36312e-44
-3.36312e-44
-3.36312e-44
-3.36312e-44
-3.36312e-44
-3.36312e-44
-3.36312e-44
-3.36312e-44
-3.36312e-44
-3.36312e-44
-3.36312e-44
-3.36312e-44
-3.36312e-44
-3.36312e-44
-3.36312e-44
-3.36312e-44
-3.36312e-44
-3.36312e-44
-3.36312e-44
-3.36312e-44
-3.36312e-44
-3.36312e-44
-3.36312e-44
-3.36312e-44
-3.36312e-44
-3.36312e-44
-3.36312e-44
-3.36312e-44
-3.36312e-44
-3.36312e-44
-3.36312e-44
-3.36312e-44
-3.36312e-44
-3.36312e-44
-3.36312e-44
-3.36312e-44
-3.36312e-44
-3.36312e-44
-3.36312e-44
-3.36312e-44
-3.36312e-44
-3.36312e-44
-3.36312e-44
-3.36312e-44
-3.36312e-44
-3.36312e-44
-3.36312e-44
-3.36312e-44
-3.36312e-44
-3.36312e-44
-3.36312e-44
-3.36312e-44
-3.36312e-44
-3.36312e-44
-3.36312e-44
-3.36312e-44
-3.36312e-44
-3.36312e-44
-3.36312e-44
-3.36312e-44
-3.36312e-44
-3.36312e-44
-3.36312e-44
-3.36312e-44
-3.36312e-44
-3.36312e-44
-3.36312e-44
-3.36312e-44
-3.36312e-44
-3.36312e-44
-3.36312e-44
-3.36312e-44
-3.36312e-44
-3.36312e-44
-3.36312e-44
-3.36312e-44
-3.36312e-44
-3.36312e-44
-3.36312e-44
-3.36312e-44
-3.36312e-44
-3.36312e-44
-3.36312e-44
-3.36312e-44
-3.36312e-44
-3.36312e-44
-3.36312e-44
-3.36312e-44
-3.36312e-44
-3.36312e-44
-3.36312e-44
-3.36312e-44
-3.36312e-44
-3.36312e-44
-3.36312e-44
-3.36312e-44
-3.36312e-44
-3.36312e-44
-3.36312e-44
-3.36312e-44
-3.36312e-44
-3.36312e-44
-3.36312e-44
-3.36312e-44
-3.36312e-44
-3.36312e-44
-3.36312e-44
-3.36312e-44
-3.36312e-44
-3.36312e-44
-3.36312e-44
-3.36312e-44
-3.36312e-44
-3.36312e-44
-3.36312e-44
-3.36312e-44
-3.36312e-44
-3.36312e-44
-3.36312e-44
-3.36312e-44
-3.36312e-44
-3.36312e-44
-3.36312e-44
-3.36312e-44
-3.36312e-44
-3.36312e-44
-3.36312e-44
-3.36312e-44
-3.36312e-44
-3.36312e-44
-3.36312e-44
-3.36312e-44
-3.36312e-44
-3.36312e-44
-3.36312e-44
-3.36312e-44
-3.36312e-44
-3.36312e-44
-3.36312e-44
-3.36312e-44
-3.36312e-44
-3.36312e-44
-3.36312e-44
-3.36312e-44
-3.36312e-44
-3.36312e-44
-3.36312e-44
-3.36312e-44
-3.36312e-44
-3.36312e-44
-3.36312e-44
-3.36312e-44
-3.36312e-44
-3.36312e-44
-3.36312e-44
-3.36312e-44
-3.36312e-44
-3.36312e-44
-3.36312e-44
-3.36312e-44
-3.36312e-44
-3.36312e-44
-3.36312e-44
-3.36312e-44
-3.36312e-44
-3.36312e-44
-3.36312e-44
-3.36312e-44
-3.36312e-44
-3.36312e-44
-3.36312e-44
-3.36312e-44
-3.36312e-44
-3.36312e-44
-3.36312e-44
-3.36312e-44
-3.36312e-44
-3.36312e-44
-3.36312e-44
-3.36312e-44
-3.36312e-44
-3.36312e-44
-3.36312e-44
-3.36312e-44
-3.36312e-44
-3.36312e-44
-3.36312e-44
-3.36312e-44
-3.36312e-44
-3.36312e-44
-3.36312e-44
-3.36312e-44
-3.36312e-44
-3.36312e-44
-3.36312e-44
-3.36312e-44
-3.36312e-44
-3.36312e-44
-3.36312e-44
-3.36312e-44
-3.36312e-44
-3.36312e-44
-3.36312e-44
-3.36312e-44
-3.36312e-44
-3.36312e-44
-3.36312e-44
-3.36312e-44
-3.36312e-44
-3.36312e-44
-3.36312e-44
-3.36312e-44
-3.36312e-44
-3.36312e-44
-3.36312e-44
-3.36312e-44
-3.36312e-44
-3.36312e-44
-3.36312e-44
-3.36312e-44
-3.36312e-44
-3.36312e-44
-3.36312e-44
-3.36312e-44
-3.36312e-44
-3.36312e-44
-3.36312e-44
-3.36312e-44
-3.36312e-44
-3.36312e-44
-3.36312e-44
-3.36312e-44
-3.36312e-44
-3.36312e-44
-3.36312e-44
-3.36312e-44
-3.36312e-44
-3.36312e-44
-3.36312e-44
-3.36312e-44
-3.36312e-44
-3.36312e-44
-3.36312e-44
-3.36312e-44
-3.36312e-44
-3.36312e-44
-3.36312e-44
-3.36312e-44
-3.36312e-44
-3.36312e-44
-3.36312e-44
-3.36312e-44
-3.36312e-44
-3.36312e-44
-3.36312e-44
-3.36312e-44
-3.36312e-44
-3.36312e-44
-3.36312e-44
-3.36312e-44
-3.36312e-44
-3.36312e-44
-3.36312e-44
-3.36312e-44
-3.36312e-44
-3.36312e-44
-3.36312e-44
-3.36312e-44
-3.36312e-44
-3.36312e-44
-3.36312e-44
-3.36312e-44
-3.36312e-44
-3.36312e-44
-3.36312e-44
-3.36312e-44
-3.36312e-44
-3.36312e-44
-3.36312e-44
-3.36312e-44
-3.36312e-44
-3.36312e-44
-3.36312e-44
-3.36312e-44
-3.36312e-44
-3.36312e-44
-3.36312e-44
-3.36312e-44
-3.36312e-44
-3.36312e-44
-3.36312e-44
-3.36312e-44
-3.36312e-44
-3.36312e-44
-3.36312e-44
-3.36312e-44
-3.36312e-44
-3.36312e-44
-3.36312e-44
-3.36312e-44
-3.36312e-44
-3.36312e-44
-3.36312e-44
-3.36312e-44
-3.36312e-44
-3.36312e-44
-3.36312e-44
-3.36312e-44
-3.36312e-44
-3.36312e-44
-3.36312e-44
-3.36312e-44
-3.36312e-44
-3.36312e-44
-3.36312e-44
-3.36312e-44
-3.36312e-44
-3.36312e-44
-3.36312e-44
-3.36312e-44
-3.36312e-44
-3.36312e-44
-3.36312e-44
-3.36312e-44
-3.36312e-44
-3.36312e-44
-3.36312e-44
-3.36312e-44
-3.36312e-44
-3.36312e-44
-3.36312e-44
-3.36312e-44
-3.36312e-44
-3.36312e-44
-3.36312e-44
-3.36312e-44
-3.36312e-44
-3.36312e-44
-3.36312e-44
-3.36312e-44
-3.36312e-44
-3.36312e-44
-3.36312e-44
-3.36312e-44
-3.36312e-44
-3.36312e-44
-3.36312e-44
-3.36312e-44
-3.36312e-44
-3.36312e-44
-3.36312e-44
-3.36312e-44
-3.36312e-44
-3.36312e-44
-3.36312e-44
-3.36312e-44
-3.36312e-44
-3.36312e-44
-3.36312e-44
-3.36312e-44
-3.36312e-44
-3.36312e-44
-3.36312e-44
-3.36312e-44
-3.36312e-44
-3.36312e-44
-3.36312e-44
-3.36312e-44
-3.36312e-44
-3.36312e-44
-3.36312e-44
-3.36312e-44
-3.36312e-44
-3.36312e-44
-3.36312e-44
-3.36312e-44
-3.36312e-44
-3.36312e-44
-3.36312e-44
-3.36312e-44
-3.36312e-44
-3.36312e-44
-3.36312e-44
-3.36312e-44
-3.36312e-44
-3.36312e-44
-3.36312e-44
-3.36312e-44
-3.36312e-44
-3.36312e-44
-3.36312e-44
-3.36312e-44
-3.36312e-44
-3.36312e-44
-3.36312e-44
-3.36312e-44
-3.36312e-44
-3.36312e-44
-3.36312e-44
-3.36312e-44
-3.36312e-44
-3.36312e-44
-3.36312e-44
-3.36312e-44
-3.36312e-44
-3.36312e-44
-3.36312e-44
-3.36312e-44
-3.36312e-44
-3.36312e-44
-3.36312e-44
-3.36312e-44
-3.36312e-44
-3.36312e-44
-3.36312e-44
-3.36312e-44
-3.36312e-44
-3.36312e-44
-3.36312e-44
-3.36312e-44
-3.36312e-44
-3.36312e-44
-3.36312e-44
-3.36312e-44
-3.36312e-44
-3.36312e-44
-3.36312e-44
-3.36312e-44
-3.36312e-44
-3.36312e-44
-3.36312e-44
-3.36312e-44
-3.36312e-44
-3.36312e-44
-3.36312e-44
-3.36312e-44
-3.36312e-44
-3.36312e-44
-3.36312e-44
-3.36312e-44
-3.36312e-44
-3.36312e-44
-3.36312e-44
-3.36312e-44
-3.36312e-44
-3.36312e-44
-3.36312e-44
-3.36312e-44
-3.36312e-44
-3.36312e-44
-3.36312e-44
-3.36312e-44
-3.36312e-44
-3.36312e-44
-3.36312e-44
-3.36312e-44
-3.36312e-44
-3.36312e-44
-3.36312e-44
-3.36312e-44
-3.36312e-44
-3.36312e-44
-3.36312e-44
-3.36312e-44
-3.36312e-44
-3.36312e-44
-3.36312e-44
-3.36312e-44
-3.36312e-44
-3.36312e-44
-3.36312e-44
-3.36312e-44
-3.36312e-44
-3.36312e-44
-3.36312e-44
-3.36312e-44
-3.36312e-44
-3.36312e-44
-3.36312e-44
-3.36312e-44
-3.36312e-44
-3.36312e-44
-3.36312e-44
-3.36312e-44
-3.36312e-44
-3.36312e-44
-3.36312e-44
-3.36312e-44
-3.36312e-44
-3.36312e-44
-3.36312e-44
-3.36312e-44
-3.36312e-44
-3.36312e-44
-3.36312e-44
-3.36312e-44
-3.36312e-44
-3.36312e-44
-3.36312e-44
-3.36312e-44
-3.36312e-44
-3.36312e-44
-3.36312e-44
-3.36312e-44
-3.36312e-44
-3.36312e-44
-3.36312e-44
-3.36312e-44
-3.36312e-44
-3.36312e-44
-3.36312e-44
-3.36312e-44
-3.36312e-44
-3.36312e-44
-3.36312e-44
-3.36312e-44
-3.36312e-44
-3.36312e-44
-3.36312e-44
-3.36312e-44
-3.36312e-44
-3.36312e-44
-3.36312e-44
-3.36312e-44
-3.36312e-44
-3.36312e-44
-3.36312e-44
-3.36312e-44
-3.36312e-44
-3.36312e-44
-3.36312e-44
-3.36312e-44
-3.36312e-44
-3.36312e-44
-3.36312e-44
-3.36312e-44
-3.36312e-44
-3.36312e-44
-3.36312e-44
-3.36312e-44
-3.36312e-44
-3.36312e-44
-3.36312e-44
-3.36312e-44
-3.36312e-44
-3.36312e-44
-3.36312e-44
-3.36312e-44
-3.36312e-44
-3.36312e-44
-3.36312e-44
-3.36312e-44
-3.36312e-44
-3.36312e-44
-3.36312e-44
-3.36312e-44
-3.36312e-44
-3.36312e-44
-3.36312e-44
-3.36312e-44
-3.36312e-44
-3.36312e-44
-3.36312e-44
-3.36312e-44
-3.36312e-44
-3.36312e-44
-3.36312e-44
-3.36312e-44
-3.36312e-44
-3.36312e-44
-3.36312e-44
-3.36312e-44
-3.36312e-44
-3.36312e-44
-3.36312e-44
-3.36312e-44
-3.36312e-44
-3.36312e-44
-3.36312e-44
-3.36312e-44
-3.36312e-44
-3.36312e-44
-3.36312e-44
-3.36312e-44
-3.36312e-44
-3.36312e-44
-3.36312e-44
-3.36312e-44
-3.36312e-44
-3.36312e-44
-3.36312e-44
-3.36312e-44
-3.36312e-44
-3.36312e-44
-3.36312e-44
-3.36312e-44
-3.36312e-44
-3.36312e-44
-3.36312e-44
-3.36312e-44
-3.36312e-44
-3.36312e-44
-3.36312e-44
-3.36312e-44
-3.36312e-44
-3.36312e-44
-3.36312e-44
-3.36312e-44
-3.36312e-44
-3.36312e-44
-3.36312e-44
-3.36312e-44
-3.36312e-44
-3.36312e-44
-3.36312e-44
-3.36312e-44
-3.36312e-44
-3.36312e-44
-3.36312e-44
-3.36312e-44
-3.36312e-44
-3.36312e-44
-3.36312e-44
-3.36312e-44
-3.36312e-44
-3.36312e-44
-3.36312e-44
-3.36312e-44
-3.36312e-44
-3.36312e-44
-3.36312e-44
-3.36312e-44
-3.36312e-44
-3.36312e-44
-3.36312e-44
-3.36312e-44
-3.36312e-44
-3.36312e-44
-3.36312e-44
-3.36312e-44
-3.36312e-44
-3.36312e-44
-3.36312e-44
-3.36312e-44
-3.36312e-44
-3.36312e-44
-3.36312e-44
-3.36312e-44
-3.36312e-44
-3.36312e-44
-3.36312e-44
-3.36312e-44
-3.36312e-44
-3.36312e-44
-3.36312e-44
-3.36312e-44
-3.36312e-44
-3.36312e-44
-3.36312e-44
-3.36312e-44
-3.36312e-44
-3.36312e-44
-3.36312e-44
-3.36312e-44
-3.36312e-44
-3.36312e-44
-3.36312e-44
-3.36312e-44
-3.36312e-44
-3.36312e-44
-3.36312e-44
-3.36312e-44
-3.36312e-44
-3.36312e-44
-3.36312e-44
-3.36312e-44
-3.36312e-44
-3.36312e-44
-3.36312e-44
-3.36312e-44
-3.36312e-44
-3.36312e-44
-3.36312e-44
-3.36312e-44
-3.36312e-44
-3.36312e-44
-3.36312e-44
-3.36312e-44
-3.36312e-44
-3.36312e-44
-3.36312e-44
-3.36312e-44
-3.36312e-44
-3.36312e-44
-3.36312e-44
-3.36312e-44
-3.36312e-44
-3.36312e-44
-3.36312e-44
-3.36312e-44
-3.36312e-44
-3.36312e-44
-3.36312e-44
-3.36312e-44
-3.36312e-44
-3.36312e-44
-3.36312e-44
-3.36312e-44
-3.36312e-44
-3.36312e-44
-3.36312e-44
-3.36312e-44
-3.36312e-44
-3.36312e-44
-3.36312e-44
-3.36312e-44
-3.36312e-44
-3.36312e-44
-3.36312e-44
-3.36312e-44
-3.36312e-44
-3.36312e-44
-3.36312e-44
-3.36312e-44
-3.36312e-44
-3.36312e-44
-3.36312e-44
-3.36312e-44
-3.36312e-44
-3.36312e-44
-3.36312e-44
-3.36312e-44
-3.36312e-44
-3.36312e-44
-3.36312e-44
-3.36312e-44
-3.36312e-44
-3.36312e-44
-3.36312e-44
-3.36312e-44
-3.36312e-44
-3.36312e-44
-3.36312e-44
-3.36312e-44
-3.36312e-44
-3.36312e-44
-3.36312e-44
-3.36312e-44
-3.36312e-44
-3.36312e-44
-3.36312e-44
-3.36312e-44
-3.36312e-44
-3.36312e-44
-3.36312e-44
-3.36312e-44
-3.36312e-44
-3.36312e-44
-3.36312e-44
-3.36312e-44
-3.36312e-44
-3.36312e-44
-3.36312e-44
-3.36312e-44
-3.36312e-44
-3.36312e-44
-3.36312e-44
-3.36312e-44
-3.36312e-44
-3.36312e-44
-3.36312e-44
-3.36312e-44
-3.36312e-44
-3.36312e-44
-3.36312e-44
-3.36312e-44
-3.36312e-44
-3.36312e-44
-3.36312e-44
-3.36312e-44
-3.36312e-44
-3.36312e-44
-3.36312e-44
-3.36312e-44
-3.36312e-44
-3.36312e-44
-3.36312e-44
-3.36312e-44
-3.36312e-44
-3.36312e-44
-3.36312e-44
-3.36312e-44
-3.36312e-44
-3.36312e-44
-3.36312e-44
-3.36312e-44
-3.36312e-44
-3.36312e-44
-3.36312e-44
-3.36312e-44
-3.36312e-44
-3.36312e-44
-3.36312e-44
-3.36312e-44
-3.36312e-44
-3.36312e-44
-3.36312e-44
-3.36312e-44
-3.36312e-44
-3.36312e-44
-3.36312e-44
-3.36312e-44
-3.36312e-44
-3.36312e-44
-3.36312e-44
-3.36312e-44
-3.36312e-44
-3.36312e-44
-3.36312e-44
-3.36312e-44
-3.36312e-44
-3.36312e-44
-3.36312e-44
-3.36312e-44
-3.36312e-44
-3.36312e-44
-3.36312e-44
-3.36312e-44
-3.36312e-44
-3.36312e-44
-3.36312e-44
-3.36312e-44
-3.36312e-44
-3.36312e-44
-3.36312e-44
-3.36312e-44
-3.36312e-44
-3.36312e-44
-3.36312e-44
-3.36312e-44
-3.36312e-44
-3.36312e-44
-3.36312e-44
-3.36312e-44
-3.36312e-44
-3.36312e-44
-3.36312e-44
-3.36312e-44
-3.36312e-44
-3.36312e-44
-3.36312e-44
-3.36312e-44
-3.36312e-44
-3.36312e-44
-3.36312e-44
-3.36312e-44
-3.36312e-44
-3.36312e-44
-3.36312e-44
-3.36312e-44
-3.36312e-44
-3.36312e-44
-3.36312e-44
-3.36312e-44
-3.36312e-44
-3.36312e-44
-3.36312e-44
-3.36312e-44
-3.36312e-44
-3.36312e-44
-3.36312e-44
-3.36312e-44
-3.36312e-44
-3.36312e-44
-3.36312e-44
-3.36312e-44
-3.36312e-44
-3.36312e-44
-3.36312e-44
-3.36312e-44
-3.36312e-44
-3.36312e-44
-3.36312e-44
-3.36312e-44
-3.36312e-44
-3.36312e-44
-3.36312e-44
-3.36312e-44
-3.36312e-44
-3.36312e-44
-3.36312e-44
-3.36312e-44
-3.36312e-44
-3.36312e-44
-3.36312e-44
-3.36312e-44
-3.36312e-44
-3.36312e-44
-3.36312e-44
-3.36312e-44
-3.36312e-44
-3.36312e-44
-3.36312e-44
-3.36312e-44
-3.36312e-44
-3.36312e-44
-3.36312e-44
-3.36312e-44
-3.36312e-44
-3.36312e-44
-3.36312e-44
-3.36312e-44
-3.36312e-44
-3.36312e-44
-3.36312e-44
-3.36312e-44
-3.36312e-44
-3.36312e-44
-3.36312e-44
-3.36312e-44
-3.36312e-44
-3.36312e-44
-3.36312e-44
-3.36312e-44
-3.36312e-44
-3.36312e-44
-3.36312e-44
-3.36312e-44
-3.36312e-44
-3.36312e-44
-3.36312e-44
-3.36312e-44
-3.36312e-44
-3.36312e-44
-3.36312e-44
-3.36312e-44
-3.36312e-44
-3.36312e-44
-3.36312e-44
-3.36312e-44
-3.36312e-44
-3.36312e-44
-3.36312e-44
-3.36312e-44
-3.36312e-44
-3.36312e-44
-3.36312e-44
-3.36312e-44
-3.36312e-44
-3.36312e-44
-3.36312e-44
-3.36312e-44
-3.36312e-44
-3.36312e-44
-3.36312e-44
-3.36312e-44
-3.36312e-44
-3.36312e-44
-3.36312e-44
-3.36312e-44
-3.36312e-44
-3.36312e-44
-3.36312e-44
-3.36312e-44
-3.36312e-44
-3.36312e-44
-3.36312e-44
-3.36312e-44
-3.36312e-44
-3.36312e-44
-3.36312e-44
-3.36312e-44
-3.36312e-44
-3.36312e-44
-3.36312e-44
-3.36312e-44
-3.36312e-44
-3.36312e-44
-3.36312e-44
-3.36312e-44
-3.36312e-44
-3.36312e-44
-3.36312e-44
-3.36312e-44
-3.36312e-44
-3.36312e-44
-3.36312e-44
-3.36312e-44
-3.36312e-44
-3.36312e-44
-3.36312e-44
-3.36312e-44
-3.36312e-44
-3.36312e-44
-3.36312e-44
-3.36312e-44
-3.36312e-44
-3.36312e-44
-3.36312e-44
-3.36312e-44
-3.36312e-44
-3.36312e-44
-3.36312e-44
-3.36312e-44
-3.36312e-44
-3.36312e-44
-3.36312e-44
-3.36312e-44
-3.36312e-44
-3.36312e-44
-3.36312e-44
-3.36312e-44
-3.36312e-44
-3.36312e-44
-3.36312e-44
-3.36312e-44
-3.36312e-44
-3.36312e-44
-3.36312e-44
-3.36312e-44
-3.36312e-44
-3.36312e-44
-3.36312e-44
-3.36312e-44
-3.36312e-44
-3.36312e-44
-3.36312e-44
-3.36312e-44
-3.36312e-44
-3.36312e-44
-3.36312e-44
-3.36312e-44
-3.36312e-44
-3.36312e-44
-3.36312e-44
-3.36312e-44
-3.36312e-44
-3.36312e-44
-3.36312e-44
-3.36312e-44
-3.36312e-44
-3.36312e-44
-3.36312e-44
-3.36312e-44
-3.36312e-44
-3.36312e-44
-3.36312e-44
-3.36312e-44
-3.36312e-44
-3.36312e-44
-3.36312e-44
-3.36312e-44
-3.36312e-44
-3.36312e-44
-3.36312e-44
-3.36312e-44
-3.36312e-44
-3.36312e-44
-3.36312e-44
-3.36312e-44
-3.36312e-44
-3.36312e-44
-3.36312e-44
-3.36312e-44
-3.36312e-44
-3.36312e-44
-3.36312e-44
-3.36312e-44
-3.36312e-44
-3.36312e-44
-3.36312e-44
-3.36312e-44
-3.36312e-44
-3.36312e-44
-3.36312e-44
-3.36312e-44
-3.36312e-44
-3.36312e-44
-3.36312e-44
-3.36312e-44
-3.36312e-44
-3.36312e-44
-3.36312e-44
-3.36312e-44
-3.36312e-44
-3.36312e-44
-3.36312e-44
-3.36312e-44
-3.36312e-44
-3.36312e-44
-3.36312e-44
-3.36312e-44
-3.36312e-44
-3.36312e-44
-3.36312e-44
-3.36312e-44
-3.36312e-44
-3.36312e-44
-3.36312e-44
-3.36312e-44
-3.36312e-44
-3.36312e-44
-3.36312e-44
-3.36312e-44
-3.36312e-44
-3.36312e-44
-3.36312e-44
-3.36312e-44
-3.36312e-44
-3.36312e-44
-3.36312e-44
-3.36312e-44
-3.36312e-44
-3.36312e-44
-3.36312e-44
-3.36312e-44
-3.36312e-44
-3.36312e-44
-3.36312e-44
-3.36312e-44
-3.36312e-44
-3.36312e-44
-3.36312e-44
-3.36312e-44
-3.36312e-44
-3.36312e-44
-3.36312e-44
-3.36312e-44
-3.36312e-44
-3.36312e-44
-3.36312e-44
-3.36312e-44
-3.36312e-44
-3.36312e-44
-3.36312e-44
-3.36312e-44
-3.36312e-44
-3.36312e-44
-3.36312e-44
-3.36312e-44
-3.36312e-44
-3.36312e-44
-3.36312e-44
-3.36312e-44
-3.36312e-44
-3.36312e-44
-3.36312e-44
-3.36312e-44
-3.36312e-44
-3.36312e-44
-3.36312e-44
-3.36312e-44
-3.36312e-44
-3.36312e-44
-3.36312e-44
-3.36312e-44
-3.36312e-44
-3.36312e-44
-3.36312e-44
-3.36312e-44
-3.36312e-44
-3.36312e-44
-3.36312e-44
-3.36312e-44
-3.36312e-44
-3.36312e-44
-3.36312e-44
-3.36312e-44
-3.36312e-44
-3.36312e-44
-3.36312e-44
-3.36312e-44
-3.36312e-44
-3.36312e-44
-3.36312e-44
-3.36312e-44
-3.36312e-44
-3.36312e-44
-3.36312e-44
-3.36312e-44
-3.36312e-44
-3.36312e-44
-3.36312e-44
-3.36312e-44
-3.36312e-44
-3.36312e-44
-3.36312e-44
-3.36312e-44
-3.36312e-44
-3.36312e-44
-3.36312e-44
-3.36312e-44
-3.36312e-44
-3.36312e-44
-3.36312e-44
-3.36312e-44
-3.36312e-44
-3.36312e-44
-3.36312e-44
-3.36312e-44
-3.36312e-44
-3.36312e-44
-3.36312e-44
-3.36312e-44
-3.36312e-44
-3.36312e-44
-3.36312e-44
-3.36312e-44
-3.36312e-44
-3.36312e-44
-3.36312e-44
-3.36312e-44
-3.36312e-44
-3.36312e-44
-3.36312e-44
-3.36312e-44
-3.36312e-44
-3.36312e-44
-3.36312e-44
-3.36312e-44
-3.36312e-44
-3.36312e-44
-3.36312e-44
-3.36312e-44
-3.36312e-44
-3.36312e-44
-3.36312e-44
-3.36312e-44
-3.36312e-44
-3.36312e-44
-3.36312e-44
-3.36312e-44
-3.36312e-44
-3.36312e-44
-3.36312e-44
-3.36312e-44
-3.36312e-44
-3.36312e-44
-3.36312e-44
-3.36312e-44
-3.36312e-44
-3.36312e-44
-3.36312e-44
-3.36312e-44
-3.36312e-44
-3.36312e-44
-3.36312e-44
-3.36312e-44
-3.36312e-44
-3.36312e-44
-3.36312e-44
-3.36312e-44
-3.36312e-44
-3.36312e-44
-3.36312e-44
-3.36312e-44
-3.36312e-44
-3.36312e-44
-3.36312e-44
-3.36312e-44
-3.36312e-44
-3.36312e-44
-3.36312e-44
-3.36312e-44
-3.36312e-44
-3.36312e-44
-3.36312e-44
-3.36312e-44
-3.36312e-44
-3.36312e-44
-3.36312e-44
-3.36312e-44
-3.36312e-44
-3.36312e-44
-3.36312e-44
-3.36312e-44
-3.36312e-44
-3.36312e-44
-3.36312e-44
-3.36312e-44
-3.36312e-44
-3.36312e-44
-3.36312e-44
-3.36312e-44
-3.36312e-44
-3.36312e-44
-3.36312e-44
-3.36312e-44
-3.36312e-44
-3.36312e-44
-3.36312e-44
-3.36312e-44
-3.36312e-44
-3.36312e-44
-3.36312e-44
-3.36312e-44
-3.36312e-44
-3.36312e-44
-3.36312e-44
-3.36312e-44
-3.36312e-44
-3.36312e-44
-3.36312e-44
-3.36312e-44
-3.36312e-44
-3.36312e-44
-3.36312e-44
-3.36312e-44
-3.36312e-44
-3.36312e-44
-3.36312e-44
-3.36312e-44
-3.36312e-44
-3.36312e-44
-3.36312e-44
-3.36312e-44
-3.36312e-44
-3.36312e-44
-3.36312e-44
-3.36312e-44
-3.36312e-44
-3.36312e-44
-3.36312e-44
-3.36312e-44
-3.36312e-44
-3.36312e-44
-3.36312e-44
-3.36312e-44
-3.36312e-44
-3.36312e-44
-3.36312e-44
-3.36312e-44
-3.36312e-44
-3.36312e-44
-3.36312e-44
-3.36312e-44
-3.36312e-44
-3.36312e-44
-3.36312e-44
-3.36312e-44
-3.36312e-44
-3.36312e-44
-3.36312e-44
-3.36312e-44
-3.36312e-44
-3.36312e-44
-3.36312e-44
-3.36312e-44
-3.36312e-44
-3.36312e-44
-3.36312e-44
-3.36312e-44
-3.36312e-44
-3.36312e-44
-3.36312e-44
-3.36312e-44
-3.36312e-44
-3.36312e-44
-3.36312e-44
-3.36312e-44
-3.36312e-44
-3.36312e-44
-3.36312e-44
-3.36312e-44
-3.36312e-44
-3.36312e-44
-3.36312e-44
-3.36312e-44
-3.36312e-44
-3.36312e-44
-3.36312e-44
-3.36312e-44
-3.36312e-44
-3.36312e-44
-3.36312e-44
-3.36312e-44
-3.36312e-44
-3.36312e-44
-3.36312e-44
-3.36312e-44
-3.36312e-44
-3.36312e-44
-3.36312e-44
-3.36312e-44
-3.36312e-44
-3.36312e-44
-3.36312e-44
-3.36312e-44
-3.36312e-44
-3.36312e-44
-3.36312e-44
-3.36312e-44
-3.36312e-44
-3.36312e-44
-3.36312e-44
-3.36312e-44
-3.36312e-44
-3.36312e-44
-3.36312e-44
-3.36312e-44
-3.36312e-44
-3.36312e-44
-3.36312e-44
-3.36312e-44
-3.36312e-44
-3.36312e-44
-3.36312e-44
-3.36312e-44
-3.36312e-44
-3.36312e-44
-3.36312e-44
-3.36312e-44
-3.36312e-44
-3.36312e-44
-3.36312e-44
-3.36312e-44
-3.36312e-44
-3.36312e-44
-3.36312e-44
-3.36312e-44
-3.36312e-44
-3.36312e-44
-3.36312e-44
-3.36312e-44
-3.36312e-44
-3.36312e-44
-3.36312e-44
-3.36312e-44
-3.36312e-44
-3.36312e-44
-3.36312e-44
-3.36312e-44
-3.36312e-44
-3.36312e-44
-3.36312e-44
-3.36312e-44
-3.36312e-44
-3.36312e-44
-3.36312e-44
-3.36312e-44
-3.36312e-44
-3.36312e-44
-3.36312e-44
-3.36312e-44
-3.36312e-44
-3.36312e-44
-3.36312e-44
-3.36312e-44
-3.36312e-44
-3.36312e-44
-3.36312e-44
-3.36312e-44
-3.36312e-44
-3.36312e-44
-3.36312e-44
-3.36312e-44
-3.36312e-44
-3.36312e-44
-3.36312e-44
-3.36312e-44
-3.36312e-44
-3.36312e-44
-3.36312e-44
-3.36312e-44
-3.36312e-44
-3.36312e-44
-3.36312e-44
-3.36312e-44
-3.36312e-44
-3.36312e-44
-3.36312e-44
-3.36312e-44
-3.36312e-44
-3.36312e-44
-3.36312e-44
-3.36312e-44
-3.36312e-44
-3.36312e-44
-3.36312e-44
-3.36312e-44
-3.36312e-44
-3.36312e-44
-3.36312e-44
-3.36312e-44
-3.36312e-44
-3.36312e-44
-3.36312e-44
-3.36312e-44
-3.36312e-44
-3.36312e-44
-3.36312e-44
-3.36312e-44
-3.36312e-44
-3.36312e-44
-3.36312e-44
-3.36312e-44
-3.36312e-44
-3.36312e-44
-3.36312e-44
-3.36312e-44
-3.36312e-44
-3.36312e-44
-3.36312e-44
-3.36312e-44
-3.36312e-44
-3.36312e-44
-3.36312e-44
-3.36312e-44
-3.36312e-44
-3.36312e-44
-3.36312e-44
-3.36312e-44
-3.36312e-44
-3.36312e-44
-3.36312e-44
-3.36312e-44
-3.36312e-44
-3.36312e-44
-3.36312e-44
-3.36312e-44
-3.36312e-44
-3.36312e-44
-3.36312e-44
-3.36312e-44
-3.36312e-44
-3.36312e-44
-3.36312e-44
-3.36312e-44
-3.36312e-44
-3.36312e-44
-3.36312e-44
-3.36312e-44
-3.36312e-44
-3.36312e-44
-3.36312e-44
-3.36312e-44
-3.36312e-44
-3.36312e-44
-3.36312e-44
-3.36312e-44
-3.36312e-44
-3.36312e-44
-3.36312e-44
-3.36312e-44
-3.36312e-44
-3.36312e-44
-3.36312e-44
-3.36312e-44
-3.36312e-44
-3.36312e-44
-3.36312e-44
-3.36312e-44
-3.36312e-44
-3.36312e-44
-3.36312e-44
-3.36312e-44
-3.36312e-44
-3.36312e-44
-3.36312e-44
-3.36312e-44
-3.36312e-44
-3.36312e-44
-3.36312e-44
-3.36312e-44
-3.36312e-44
-3.36312e-44
-3.36312e-44
-3.36312e-44
-3.36312e-44
-3.36312e-44
-3.36312e-44
-3.36312e-44
-3.36312e-44
-3.36312e-44
-3.36312e-44
-3.36312e-44
-3.36312e-44
-3.36312e-44
-3.36312e-44
-3.36312e-44
-3.36312e-44
-3.36312e-44
-3.36312e-44
-3.36312e-44
-3.36312e-44
-3.36312e-44
-3.36312e-44
-3.36312e-44
-3.36312e-44
-3.36312e-44
-3.36312e-44
-3.36312e-44
-3.36312e-44
-3.36312e-44
-3.36312e-44
-3.36312e-44
-3.36312e-44
-3.36312e-44
-3.36312e-44
-3.36312e-44
-3.36312e-44
-3.36312e-44
-3.36312e-44
-3.36312e-44
-3.36312e-44
-3.36312e-44
-3.36312e-44
-3.36312e-44
-3.36312e-44
-3.36312e-44
-3.36312e-44
-3.36312e-44
-3.36312e-44
-3.36312e-44
-3.36312e-44
-3.36312e-44
-3.36312e-44
-3.36312e-44
-3.36312e-44
-3.36312e-44
-3.36312e-44
-3.36312e-44
-3.36312e-44
-3.36312e-44
-3.36312e-44
-3.36312e-44
-3.36312e-44
-3.36312e-44
-3.36312e-44
-3.36312e-44
-3.36312e-44
-3.36312e-44
-3.36312e-44
-3.36312e-44
-3.36312e-44
-3.36312e-44
-3.36312e-44
-3.36312e-44
-3.36312e-44
-3.36312e-44
-3.36312e-44
-3.36312e-44
-3.36312e-44
-3.36312e-44
-3.36312e-44
-3.36312e-44
-3.36312e-44
-3.36312e-44
-3.36312e-44
-3.36312e-44
-3.36312e-44
-3.36312e-44
-3.36312e-44
-3.36312e-44
-3.36312e-44
-3.36312e-44
-3.36312e-44
-3.36312e-44
-3.36312e-44
-3.36312e-44
-3.36312e-44
-3.36312e-44
-3.36312e-44
-3.36312e-44
-3.36312e-44
-3.36312e-44
-3.36312e-44
-3.36312e-44
-3.36312e-44
-3.36312e-44
-3.36312e-44
-3.36312e-44
-3.36312e-44
-3.36312e-44
-3.36312e-44
-3.36312e-44
-3.36312e-44
-3.36312e-44
-3.36312e-44
-3.36312e-44
-3.36312e-44
-3.36312e-44
-3.36312e-44
-3.36312e-44
-3.36312e-44
-3.36312e-44
-3.36312e-44
-3.36312e-44
-3.36312e-44
-3.36312e-44
-3.36312e-44
-3.36312e-44
-3.36312e-44
-3.36312e-44
-3.36312e-44
-3.36312e-44
-3.36312e-44
-3.36312e-44
-3.36312e-44
-3.36312e-44
-3.36312e-44
-3.36312e-44
-3.36312e-44
-3.36312e-44
-3.36312e-44
-3.36312e-44
-3.36312e-44
-3.36312e-44
-3.36312e-44
-3.36312e-44
-3.36312e-44
-3.36312e-44
-3.36312e-44
-3.36312e-44
-3.36312e-44
-3.36312e-44
-3.36312e-44
-3.36312e-44
-3.36312e-44
-3.36312e-44
-3.36312e-44
-3.36312e-44
-3.36312e-44
-3.36312e-44
-3.36312e-44
-3.36312e-44
-3.36312e-44
-3.36312e-44
-3.36312e-44
-3.36312e-44
-3.36312e-44
-3.36312e-44
-3.36312e-44
-3.36312e-44
-3.36312e-44
-3.36312e-44
-3.36312e-44
-3.36312e-44
-3.36312e-44
-3.36312e-44
-3.36312e-44
-3.36312e-44
-3.36312e-44
-3.36312e-44
-3.36312e-44
-3.36312e-44
-3.36312e-44
-3.36312e-44
-3.36312e-44
-3.36312e-44
-3.36312e-44
-3.36312e-44
-3.36312e-44
-3.36312e-44
-3.36312e-44
-3.36312e-44
-3.36312e-44
-3.36312e-44
-3.36312e-44
-3.36312e-44
-3.36312e-44
-3.36312e-44
-3.36312e-44
-3.36312e-44
-3.36312e-44
-3.36312e-44
-3.36312e-44
-3.36312e-44
-3.36312e-44
-3.36312e-44
-3.36312e-44
-3.36312e-44
-3.36312e-44
-3.36312e-44
-3.36312e-44
-3.36312e-44
-3.36312e-44
-3.36312e-44
-3.36312e-44
-3.36312e-44
-3.36312e-44
-3.36312e-44
-3.36312e-44
-3.36312e-44
-3.36312e-44
-3.36312e-44
-3.36312e-44
-3.36312e-44
-3.36312e-44
-3.36312e-44
-3.36312e-44
-3.36312e-44
-3.36312e-44
-3.36312e-44
-3.36312e-44
-3.36312e-44
-3.36312e-44
-3.36312e-44
-3.36312e-44
-3.36312e-44
-3.36312e-44
-3.36312e-44
-3.36312e-44
-3.36312e-44
-3.36312e-44
-3.36312e-44
-3.36312e-44
-3.36312e-44
-3.36312e-44
-3.36312e-44
-3.36312e-44
-3.36312e-44
-3.36312e-44
-3.36312e-44
-3.36312e-44
-3.36312e-44
-3.36312e-44
-3.36312e-44
-3.36312e-44
-3.36312e-44
-3.36312e-44
-3.36312e-44
-3.36312e-44
-3.36312e-44
-3.36312e-44
-3.36312e-44
-3.36312e-44
-3.36312e-44
-3.36312e-44
-3.36312e-44
-3.36312e-44
-3.36312e-44
-3.36312e-44
-3.36312e-44
-3.36312e-44
-3.36312e-44
-3.36312e-44
-3.36312e-44
-3.36312e-44
-3.36312e-44
-3.36312e-44
-3.36312e-44
-3.36312e-44
-3.36312e-44
-3.36312e-44
-3.36312e-44
-3.36312e-44
-3.36312e-44
-3.36312e-44
-3.36312e-44
-3.36312e-44
-3.36312e-44
-3.36312e-44
-3.36312e-44
-3.36312e-44
-3.36312e-44
-3.36312e-44
-3.36312e-44
-3.36312e-44
-3.36312e-44
-3.36312e-44
-3.36312e-44
-3.36312e-44
-3.36312e-44
-3.36312e-44
-3.36312e-44
-3.36312e-44
-3.36312e-44
-3.36312e-44
-3.36312e-44
-3.36312e-44
-3.36312e-44
-3.36312e-44
-3.36312e-44
-3.36312e-44
-3.36312e-44
-3.36312e-44
-3.36312e-44
-3.36312e-44
-3.36312e-44
-3.36312e-44
-3.36312e-44
-3.36312e-44
-3.36312e-44
-3.36312e-44
-3.36312e-44
-3.36312e-44
-3.36312e-44
-3.36312e-44
-3.36312e-44
-3.36312e-44
-3.36312e-44
-3.36312e-44
-3.36312e-44
-3.36312e-44
-3.36312e-44
-3.36312e-44
-3.36312e-44
-3.36312e-44
-3.36312e-44
-3.36312e-44
-3.36312e-44
-3.36312e-44
-3.36312e-44
-3.36312e-44
-3.36312e-44
-3.36312e-44
-3.36312e-44
-3.36312e-44
-3.36312e-44
-3.36312e-44
-3.36312e-44
-3.36312e-44
-3.36312e-44
-3.36312e-44
-3.36312e-44
-3.36312e-44
-3.36312e-44
-3.36312e-44
-3.36312e-44
-3.36312e-44
-3.36312e-44
-3.36312e-44
-3.36312e-44
-3.36312e-44
-3.36312e-44
-3.36312e-44
-3.36312e-44
-3.36312e-44
-3.36312e-44
-3.36312e-44
-3.36312e-44
-3.36312e-44
-3.36312e-44
-3.36312e-44
-3.36312e-44
-3.36312e-44
-3.36312e-44
-3.36312e-44
-3.36312e-44
-3.36312e-44
-3.36312e-44
-3.36312e-44
-3.36312e-44
-3.36312e-44
-3.36312e-44
-3.36312e-44
-3.36312e-44
-3.36312e-44
-3.36312e-44
-3.36312e-44
-3.36312e-44
-3.36312e-44
-3.36312e-44
-3.36312e-44
-3.36312e-44
-3.36312e-44
-3.36312e-44
-3.36312e-44
-3.36312e-44
-3.36312e-44
-3.36312e-44
-3.36312e-44
-3.36312e-44
-3.36312e-44
-3.36312e-44
-3.36312e-44
-3.36312e-44
-3.36312e-44
-3.36312e-44
-3.36312e-44
-3.36312e-44
-3.36312e-44
-3.36312e-44
-3.36312e-44
-3.36312e-44
-3.36312e-44
-3.36312e-44
-3.36312e-44
-3.36312e-44
-3.36312e-44
-3.36312e-44
-3.36312e-44
-3.36312e-44
-3.36312e-44
-3.36312e-44
-3.36312e-44
-3.36312e-44
-3.36312e-44
-3.36312e-44
-3.36312e-44
-3.36312e-44
-3.36312e-44
-3.36312e-44
-3.36312e-44
-3.36312e-44
-3.36312e-44
-3.36312e-44
-3.36312e-44
-3.36312e-44
-3.36312e-44
-3.36312e-44
-3.36312e-44
-3.36312e-44
-3.36312e-44
-3.36312e-44
-3.36312e-44
-3.36312e-44
-3.36312e-44
-3.36312e-44
-3.36312e-44
-3.36312e-44
-3.36312e-44
-3.36312e-44
-3.36312e-44
-3.36312e-44
-3.36312e-44
-3.36312e-44
-3.36312e-44
-3.36312e-44
-3.36312e-44
-3.36312e-44
-3.36312e-44
-3.36312e-44
-3.36312e-44
-3.36312e-44
-3.36312e-44
-3.36312e-44
-3.36312e-44
-3.36312e-44
-3.36312e-44
-3.36312e-44
-3.36312e-44
-3.36312e-44
-3.36312e-44
-3.36312e-44
-3.36312e-44
-3.36312e-44
-3.36312e-44
-3.36312e-44
-3.36312e-44
-3.36312e-44
-3.36312e-44
-3.36312e-44
-3.36312e-44
-3.36312e-44
-3.36312e-44
-3.36312e-44
-3.36312e-44
-3.36312e-44
-3.36312e-44
-3.36312e-44
-3.36312e-44
-3.36312e-44
-3.36312e-44
-3.36312e-44
-3.36312e-44
-3.36312e-44
-3.36312e-44
-3.36312e-44
-3.36312e-44
-3.36312e-44
-3.36312e-44
-3.36312e-44
-3.36312e-44
-3.36312e-44
-3.36312e-44
-3.36312e-44
-3.36312e-44
-3.36312e-44
-3.36312e-44
-3.36312e-44
-3.36312e-44
-3.36312e-44
-3.36312e-44
-3.36312e-44
-3.36312e-44
-3.36312e-44
-3.36312e-44
-3.36312e-44
-3.36312e-44
-3.36312e-44
-3.36312e-44
-3.36312e-44
-3.36312e-44
-3.36312e-44
-3.36312e-44
-3.36312e-44
-3.36312e-44
-3.36312e-44
-3.36312e-44
-3.36312e-44
-3.36312e-44
-3.36312e-44
-3.36312e-44
-3.36312e-44
-3.36312e-44
-3.36312e-44
-3.36312e-44
-3.36312e-44
-3.36312e-44
-3.36312e-44
-3.36312e-44
-3.36312e-44
-3.36312e-44
-3.36312e-44
-3.36312e-44
-3.36312e-44
-3.36312e-44
-3.36312e-44
-3.36312e-44
-3.36312e-44
-3.36312e-44
-3.36312e-44
-3.36312e-44
-3.36312e-44
-3.36312e-44
-3.36312e-44
-3.36312e-44
-3.36312e-44
-3.36312e-44
-3.36312e-44
-3.36312e-44
-3.36312e-44
-3.36312e-44
-3.36312e-44
-3.36312e-44
-3.36312e-44
-3.36312e-44
-3.36312e-44
-3.36312e-44
-3.36312e-44
-3.36312e-44
-3.36312e-44
-3.36312e-44
-3.36312e-44
-3.36312e-44
-3.36312e-44
-3.36312e-44
-3.36312e-44
-3.36312e-44
-3.36312e-44
-3.36312e-44
-3.36312e-44
-3.36312e-44
-3.36312e-44
-3.36312e-44
-3.36312e-44
-3.36312e-44
-3.36312e-44
-3.36312e-44
-3.36312e-44
-3.36312e-44
-3.36312e-44
-3.36312e-44
-3.36312e-44
-3.36312e-44
-3.36312e-44
-3.36312e-44
-3.36312e-44
-3.36312e-44
-3.36312e-44
-3.36312e-44
-3.36312e-44
-3.36312e-44
-3.36312e-44
-3.36312e-44
-3.36312e-44
-3.36312e-44
-3.36312e-44
-3.36312e-44
-3.36312e-44
-3.36312e-44
-3.36312e-44
-3.36312e-44
-3.36312e-44
-3.36312e-44
-3.36312e-44
-3.36312e-44
-3.36312e-44
-3.36312e-44
-3.36312e-44
-3.36312e-44
-3.36312e-44
-3.36312e-44
-3.36312e-44
-3.36312e-44
-3.36312e-44
-3.36312e-44
-3.36312e-44
-3.36312e-44
-3.36312e-44
-3.36312e-44
-3.36312e-44
-3.36312e-44
-3.36312e-44
-3.36312e-44
-3.36312e-44
-3.36312e-44
-3.36312e-44
-3.36312e-44
-3.36312e-44
-3.36312e-44
-3.36312e-44
-3.36312e-44
-3.36312e-44
-3.36312e-44
-3.36312e-44
-3.36312e-44
-3.36312e-44
-3.36312e-44
-3.36312e-44
-3.36312e-44
-3.36312e-44
-3.36312e-44
-3.36312e-44
-3.36312e-44
-3.36312e-44
-3.36312e-44
-3.36312e-44
-3.36312e-44
-3.36312e-44
-3.36312e-44
-3.36312e-44
-3.36312e-44
-3.36312e-44
-3.36312e-44
-3.36312e-44
-3.36312e-44
-3.36312e-44
-3.36312e-44
-3.36312e-44
-3.36312e-44
-3.36312e-44
-3.36312e-44
-3.36312e-44
-3.36312e-44
-3.36312e-44
-3.36312e-44
-3.36312e-44
-3.36312e-44
-3.36312e-44
-3.36312e-44
-3.36312e-44
-3.36312e-44
-3.36312e-44
-3.36312e-44
-3.36312e-44
-3.36312e-44
-3.36312e-44
-3.36312e-44
-3.36312e-44
-3.36312e-44
-3.36312e-44
-3.36312e-44
-3.36312e-44
-3.36312e-44
-3.36312e-44
-3.36312e-44
-3.36312e-44
-3.36312e-44
-3.36312e-44
-3.36312e-44
-3.36312e-44
-3.36312e-44
-3.36312e-44
-3.36312e-44
-3.36312e-44
-3.36312e-44
-3.36312e-44
-3.36312e-44
-3.36312e-44
-3.36312e-44
-3.36312e-44
-3.36312e-44
-3.36312e-44
-3.36312e-44
-3.36312e-44
-3.36312e-44
-3.36312e-44
-3.36312e-44
-3.36312e-44
-3.36312e-44
-3.36312e-44
-3.36312e-44
-3.36312e-44
-3.36312e-44
-3.36312e-44
-3.36312e-44
-3.36312e-44
-3.36312e-44
-3.36312e-44
-3.36312e-44
-3.36312e-44
-3.36312e-44
-3.36312e-44
-3.36312e-44
-3.36312e-44
-3.36312e-44
-3.36312e-44
-3.36312e-44
-3.36312e-44
-3.36312e-44
-3.36312e-44
-3.36312e-44
-3.36312e-44
-3.36312e-44
-3.36312e-44
-3.36312e-44
-3.36312e-44
-3.36312e-44
-3.36312e-44
-3.36312e-44
-3.36312e-44
-3.36312e-44
-3.36312e-44
-3.36312e-44
-3.36312e-44
-3.36312e-44
-3.36312e-44
-3.36312e-44
-3.36312e-44
-3.36312e-44
-3.36312e-44
-3.36312e-44
-3.36312e-44
-3.36312e-44
-3.36312e-44
-3.36312e-44
-3.36312e-44
-3.36312e-44
-3.36312e-44
-3.36312e-44
-3.36312e-44
-3.36312e-44
-3.36312e-44
-3.36312e-44
-3.36312e-44
-3.36312e-44
-3.36312e-44
-3.36312e-44
-3.36312e-44
-3.36312e-44
-3.36312e-44
-3.36312e-44
-3.36312e-44
-3.36312e-44
-3.36312e-44
-3.36312e-44
-3.36312e-44
-3.36312e-44
-3.36312e-44
-3.36312e-44
-3.36312e-44
-3.36312e-44
-3.36312e-44
-3.36312e-44
-3.36312e-44
-3.36312e-44
-3.36312e-44
-3.36312e-44
-3.36312e-44
-3.36312e-44
-3.36312e-44
-3.36312e-44
-3.36312e-44
-3.36312e-44
-3.36312e-44
-3.36312e-44
-3.36312e-44
-3.36312e-44
-3.36312e-44
-3.36312e-44
-3.36312e-44
-3.36312e-44
-3.36312e-44
-3.36312e-44
-3.36312e-44
-3.36312e-44
-3.36312e-44
-3.36312e-44
-3.36312e-44
-3.36312e-44
-3.36312e-44
-3.36312e-44
-3.36312e-44
-3.36312e-44
-3.36312e-44
-3.36312e-44
-3.36312e-44
-3.36312e-44
-3.36312e-44
-3.36312e-44
-3.36312e-44
-3.36312e-44
-3.36312e-44
-3.36312e-44
-3.36312e-44
-3.36312e-44
-3.36312e-44
-3.36312e-44
-3.36312e-44
-3.36312e-44
-3.36312e-44
-3.36312e-44
-3.36312e-44
-3.36312e-44
-3.36312e-44
-3.36312e-44
-3.36312e-44
-3.36312e-44
-3.36312e-44
-3.36312e-44
-3.36312e-44
-3.36312e-44
-3.36312e-44
-3.36312e-44
-3.36312e-44
-3.36312e-44
-3.36312e-44
-3.36312e-44
-3.36312e-44
-3.36312e-44
-3.36312e-44
-3.36312e-44
-3.36312e-44
-3.36312e-44
-3.36312e-44
-3.36312e-44
-3.36312e-44
-3.36312e-44
-3.36312e-44
-3.36312e-44
-3.36312e-44
-3.36312e-44
-3.36312e-44
-3.36312e-44
-3.36312e-44
-3.36312e-44
-3.36312e-44
-3.36312e-44
-3.36312e-44
-3.36312e-44
-3.36312e-44
-3.36312e-44
-3.36312e-44
-3.36312e-44
-3.36312e-44
-3.36312e-44
-3.36312e-44
-3.36312e-44
-3.36312e-44
-3.36312e-44
-3.36312e-44
-3.36312e-44
-3.36312e-44
-3.36312e-44
-3.36312e-44
-3.36312e-44
-3.36312e-44
-3.36312e-44
-3.36312e-44
-3.36312e-44
-3.36312e-44
-3.36312e-44
-3.36312e-44
-3.36312e-44
-3.36312e-44
-3.36312e-44
-3.36312e-44
-3.36312e-44
-3.36312e-44
-3.36312e-44
-3.36312e-44
-3.36312e-44
-3.36312e-44
-3.36312e-44
-3.36312e-44
-3.36312e-44
-3.36312e-44
-3.36312e-44
-3.36312e-44
-3.36312e-44
-3.36312e-44
-3.36312e-44
-3.36312e-44
-3.36312e-44
-3.36312e-44
-3.36312e-44
-3.36312e-44
-3.36312e-44
-3.36312e-44
-3.36312e-44
-3.36312e-44
-3.36312e-44
-3.36312e-44
-3.36312e-44
-3.36312e-44
-3.36312e-44
-3.36312e-44
-3.36312e-44
-3.36312e-44
-3.36312e-44
-3.36312e-44
-3.36312e-44
-3.36312e-44
-3.36312e-44
-3.36312e-44
-3.36312e-44
-3.36312e-44
-3.36312e-44
-3.36312e-44
-3.36312e-44
-3.36312e-44
-3.36312e-44
-3.36312e-44
-3.36312e-44
-3.36312e-44
-3.36312e-44
-3.36312e-44
-3.36312e-44
-3.36312e-44
-3.36312e-44
-3.36312e-44
-3.36312e-44
-3.36312e-44
-3.36312e-44
-3.36312e-44
-3.36312e-44
-3.36312e-44
-3.36312e-44
-3.36312e-44
-3.36312e-44
-3.36312e-44
-3.36312e-44
-3.36312e-44
-3.36312e-44
-3.36312e-44
-3.36312e-44
-3.36312e-44
-3.36312e-44
-3.36312e-44
-3.36312e-44
-3.36312e-44
-3.36312e-44
-3.36312e-44
-3.36312e-44
-3.36312e-44
-3.36312e-44
-3.36312e-44
-3.36312e-44
-3.36312e-44
-3.36312e-44
-3.36312e-44
-3.36312e-44
-3.36312e-44
-3.36312e-44
-3.36312e-44
-3.36312e-44
-3.36312e-44
-3.36312e-44
-3.36312e-44
-3.36312e-44
-3.36312e-44
-3.36312e-44
-3.36312e-44
-3.36312e-44
-3.36312e-44
-3.36312e-44
-3.36312e-44
-3.36312e-44
-3.36312e-44
-3.36312e-44
-3.36312e-44
-3.36312e-44
-3.36312e-44
-3.36312e-44
-3.36312e-44
-3.36312e-44
-3.36312e-44
-3.36312e-44
-3.36312e-44
-3.36312e-44
-3.36312e-44
-3.36312e-44
-3.36312e-44
-3.36312e-44
-3.36312e-44
-3.36312e-44
-3.36312e-44
-3.36312e-44
-3.36312e-44
-3.36312e-44
-3.36312e-44
-3.36312e-44
-3.36312e-44
-3.36312e-44
-3.36312e-44
-3.36312e-44
-3.36312e-44
-3.36312e-44
-3.36312e-44
-3.36312e-44
-3.36312e-44
-3.36312e-44
-3.36312e-44
-3.36312e-44
-3.36312e-44
-3.36312e-44
-3.36312e-44
-3.36312e-44
-3.36312e-44
-3.36312e-44
-3.36312e-44
-3.36312e-44
-3.36312e-44
-3.36312e-44
-3.36312e-44
-3.36312e-44
-3.36312e-44
-3.36312e-44
-3.36312e-44
-3.36312e-44
-3.36312e-44
-3.36312e-44
-3.36312e-44
-3.36312e-44
-3.36312e-44
-3.36312e-44
-3.36312e-44
-3.36312e-44
-3.36312e-44
-3.36312e-44
-3.36312e-44
-3.36312e-44
-3.36312e-44
-3.36312e-44
-3.36312e-44
-3.36312e-44
-3.36312e-44
-3.36312e-44
-3.36312e-44
-3.36312e-44
-3.36312e-44
-3.36312e-44
-3.36312e-44
-3.36312e-44
-3.36312e-44
-3.36312e-44
-3.36312e-44
-3.36312e-44
-3.36312e-44
-3.36312e-44
-3.36312e-44
-3.36312e-44
-3.36312e-44
-3.36312e-44
-3.36312e-44
-3.36312e-44
-3.36312e-44
-3.36312e-44
-3.36312e-44
-3.36312e-44
-3.36312e-44
-3.36312e-44
-3.36312e-44
-3.36312e-44
-3.36312e-44
-3.36312e-44
-3.36312e-44
-3.36312e-44
-3.36312e-44
-3.36312e-44
-3.36312e-44
-3.36312e-44
-3.36312e-44
-3.36312e-44
-3.36312e-44
-3.36312e-44
-3.36312e-44
-3.36312e-44
-3.36312e-44
-3.36312e-44
-3.36312e-44
-3.36312e-44
-3.36312e-44
-3.36312e-44
-3.36312e-44
-3.36312e-44
-3.36312e-44
-3.36312e-44
-3.36312e-44
-3.36312e-44
-3.36312e-44
-3.36312e-44
-3.36312e-44
-3.36312e-44
-3.36312e-44
-3.36312e-44
-3.36312e-44
-3.36312e-44
-3.36312e-44
-3.36312e-44
-3.36312e-44
-3.36312e-44
-3.36312e-44
-3.36312e-44
-3.36312e-44
-3.36312e-44
-3.36312e-44
-3.36312e-44
-3.36312e-44
-3.36312e-44
-3.36312e-44
-3.36312e-44
-3.36312e-44
-3.36312e-44
-3.36312e-44
-3.36312e-44
-3.36312e-44
-3.36312e-44
-3.36312e-44
-3.36312e-44
-3.36312e-44
-3.36312e-44
-3.36312e-44
-3.36312e-44
-3.36312e-44
-3.36312e-44
-3.36312e-44
-3.36312e-44
-3.36312e-44
-3.36312e-44
-3.36312e-44
-3.36312e-44
-3.36312e-44
-3.36312e-44
-3.36312e-44
-3.36312e-44
-3.36312e-44
-3.36312e-44
-3.36312e-44
-3.36312e-44
-3.36312e-44
-3.36312e-44
-3.36312e-44
-3.36312e-44
-3.36312e-44
-3.36312e-44
-3.36312e-44
-3.36312e-44
-3.36312e-44
-3.36312e-44
-3.36312e-44
-3.36312e-44
-3.36312e-44
-3.36312e-44
-3.36312e-44
-3.36312e-44
-3.36312e-44
-3.36312e-44
-3.36312e-44
-3.36312e-44
-3.36312e-44
-3.36312e-44
-3.36312e-44
-3.36312e-44
-3.36312e-44
-3.36312e-44
-3.36312e-44
-3.36312e-44
-3.36312e-44
-3.36312e-44
-3.36312e-44
-3.36312e-44
-3.36312e-44
-3.36312e-44
-3.36312e-44
-3.36312e-44
-3.36312e-44
-3.36312e-44
-3.36312e-44
-3.36312e-44
-3.36312e-44
-3.36312e-44
-3.36312e-44
-3.36312e-44
-3.36312e-44
-3.36312e-44
-3.36312e-44
-3.36312e-44
-3.36312e-44
-3.36312e-44
-3.36312e-44
-3.36312e-44
-3.36312e-44
-3.36312e-44
-3.36312e-44
-3.36312e-44
-3.36312e-44
-3.36312e-44
-3.36312e-44
-3.36312e-44
-3.36312e-44
-3.36312e-44
-3.36312e-44
-3.36312e-44
-3.36312e-44
-3.36312e-44
-3.36312e-44
-3.36312e-44
-3.36312e-44
-3.36312e-44
-3.36312e-44
-3.36312e-44
-3.36312e-44
-3.36312e-44
-3.36312e-44
-3.36312e-44
-3.36312e-44
-3.36312e-44
-3.36312e-44
-3.36312e-44
-3.36312e-44
-3.36312e-44
-3.36312e-44
-3.36312e-44
-3.36312e-44
-3.36312e-44
-3.36312e-44
-3.36312e-44
-3.36312e-44
-3.36312e-44
-3.36312e-44
-3.36312e-44
-3.36312e-44
-3.36312e-44
-3.36312e-44
-3.36312e-44
-3.36312e-44
-3.36312e-44
-3.36312e-44
-3.36312e-44
-3.36312e-44
-3.36312e-44
-3.36312e-44
-3.36312e-44
-3.36312e-44
-3.36312e-44
-3.36312e-44
-3.36312e-44
-3.36312e-44
-3.36312e-44
-3.36312e-44
-3.36312e-44
-3.36312e-44
-3.36312e-44
-3.36312e-44
-3.36312e-44
-3.36312e-44
-3.36312e-44
-3.36312e-44
-3.36312e-44
-3.36312e-44
-3.36312e-44
-3.36312e-44
-3.36312e-44
-3.36312e-44
-3.36312e-44
-3.36312e-44
-3.36312e-44
-3.36312e-44
-3.36312e-44
-3.36312e-44
-3.36312e-44
-3.36312e-44
-3.36312e-44
-3.36312e-44
-3.36312e-44
-3.36312e-44
-3.36312e-44
-3.36312e-44
-3.36312e-44
-3.36312e-44
-3.36312e-44
-3.36312e-44
-3.36312e-44
-3.36312e-44
-3.36312e-44
-3.36312e-44
-3.36312e-44
-3.36312e-44
-3.36312e-44
-3.36312e-44
-3.36312e-44
-3.36312e-44
-3.36312e-44
-3.36312e-44
-3.36312e-44
-3.36312e-44
-3.36312e-44
-3.36312e-44
-3.36312e-44
-3.36312e-44
-3.36312e-44
-3.36312e-44
-3.36312e-44
-3.36312e-44
-3.36312e-44
-3.36312e-44
-3.36312e-44
-3.36312e-44
-3.36312e-44
-3.36312e-44
-3.36312e-44
-3.36312e-44
-3.36312e-44
-3.36312e-44
-3.36312e-44
-3.36312e-44
-3.36312e-44
-3.36312e-44
-3.36312e-44
-3.36312e-44
-3.36312e-44
-3.36312e-44
-3.36312e-44
-3.36312e-44
-3.36312e-44
-3.36312e-44
-3.36312e-44
-3.36312e-44
-3.36312e-44
-3.36312e-44
-3.36312e-44
-3.36312e-44
-3.36312e-44
-3.36312e-44
-3.36312e-44
-3.36312e-44
-3.36312e-44
-3.36312e-44
-3.36312e-44
-3.36312e-44
-3.36312e-44
-3.36312e-44
-3.36312e-44
-3.36312e-44
-3.36312e-44
-3.36312e-44
-3.36312e-44
-3.36312e-44
-3.36312e-44
-3.36312e-44
-3.36312e-44
-3.36312e-44
-3.36312e-44
-3.36312e-44
-3.36312e-44
-3.36312e-44
-3.36312e-44
-3.36312e-44
-3.36312e-44
-3.36312e-44
-3.36312e-44
-3.36312e-44
-3.36312e-44
-3.36312e-44
-3.36312e-44
-3.36312e-44
-3.36312e-44
-3.36312e-44
-3.36312e-44
-3.36312e-44
-3.36312e-44
-3.36312e-44
-3.36312e-44
-3.36312e-44
-3.36312e-44
-3.36312e-44
-3.36312e-44
-3.36312e-44
-3.36312e-44
-3.36312e-44
-3.36312e-44
-3.36312e-44
-3.36312e-44
-3.36312e-44
-3.36312e-44
-3.36312e-44
-3.36312e-44
-3.36312e-44
-3.36312e-44
-3.36312e-44
-3.36312e-44
-3.36312e-44
-3.36312e-44
-3.36312e-44
-3.36312e-44
-3.36312e-44
-3.36312e-44
-3.36312e-44
-3.36312e-44
-3.36312e-44
-3.36312e-44
-3.36312e-44
-3.36312e-44
-3.36312e-44
-3.36312e-44
-3.36312e-44
-3.36312e-44
-3.36312e-44
-3.36312e-44
-3.36312e-44
-3.36312e-44
-3.36312e-44
-3.36312e-44
-3.36312e-44
-3.36312e-44
-3.36312e-44
-3.36312e-44
-3.36312e-44
-3.36312e-44
-3.36312e-44
-3.36312e-44
-3.36312e-44
-3.36312e-44
-3.36312e-44
-3.36312e-44
-3.36312e-44
-3.36312e-44
-3.36312e-44
-3.36312e-44
-3.36312e-44
-3.36312e-44
-3.36312e-44
-3.36312e-44
-3.36312e-44
-3.36312e-44
-3.36312e-44
-3.36312e-44
-3.36312e-44
-3.36312e-44
-3.36312e-44
-3.36312e-44
-3.36312e-44
-3.36312e-44
-3.36312e-44
-3.36312e-44
-3.36312e-44
-3.36312e-44
-3.36312e-44
-3.36312e-44
-3.36312e-44
-3.36312e-44
-3.36312e-44
-3.36312e-44
-3.36312e-44
-3.36312e-44
-3.36312e-44
-3.36312e-44
-3.36312e-44
-3.36312e-44
-3.36312e-44
-3.36312e-44
-3.36312e-44
-3.36312e-44
-3.36312e-44
-3.36312e-44
-3.36312e-44
-3.36312e-44
-3.36312e-44
-3.36312e-44
-3.36312e-44
-3.36312e-44
-3.36312e-44
-3.36312e-44
-3.36312e-44
-3.36312e-44
-3.36312e-44
-3.36312e-44
-3.36312e-44
-3.36312e-44
-3.36312e-44
-3.36312e-44
-3.36312e-44
-3.36312e-44
-3.36312e-44
-3.36312e-44
-3.36312e-44
-3.36312e-44
-3.36312e-44
-3.36312e-44
-3.36312e-44
-3.36312e-44
-3.36312e-44
-3.36312e-44
-3.36312e-44
-3.36312e-44
-3.36312e-44
-3.36312e-44
-3.36312e-44
-3.36312e-44
-3.36312e-44
-3.36312e-44
-3.36312e-44
-3.36312e-44
-3.36312e-44
-3.36312e-44
-3.36312e-44
-3.36312e-44
-3.36312e-44
-3.36312e-44
-3.36312e-44
-3.36312e-44
-3.36312e-44
-3.36312e-44
-3.36312e-44
-3.36312e-44
-3.36312e-44
-3.36312e-44
-3.36312e-44
-3.36312e-44
-3.36312e-44
-3.36312e-44
-3.36312e-44
-3.36312e-44
-3.36312e-44
-3.36312e-44
-3.36312e-44
-3.36312e-44
-3.36312e-44
-3.36312e-44
-3.36312e-44
-3.36312e-44
-3.36312e-44
-3.36312e-44
-3.36312e-44
-3.36312e-44
-3.36312e-44
-3.36312e-44
-3.36312e-44
-3.36312e-44
-3.36312e-44
-3.36312e-44
-3.36312e-44
-3.36312e-44
-3.36312e-44
-3.36312e-44
-3.36312e-44
-3.36312e-44
-3.36312e-44
-3.36312e-44
-3.36312e-44
-3.36312e-44
-3.36312e-44
-3.36312e-44
-3.36312e-44
-3.36312e-44
-3.36312e-44
-3.36312e-44
-3.36312e-44
-3.36312e-44
-3.36312e-44
-3.36312e-44
-3.36312e-44
-3.36312e-44
-3.36312e-44
-3.36312e-44
-3.36312e-44
-3.36312e-44
-3.36312e-44
-3.36312e-44
-3.36312e-44
-3.36312e-44
-3.36312e-44
-3.36312e-44
-3.36312e-44
-3.36312e-44
-3.36312e-44
-3.36312e-44
-3.36312e-44
-3.36312e-44
-3.36312e-44
-3.36312e-44
-3.36312e-44
-3.36312e-44
-3.36312e-44
-3.36312e-44
-3.36312e-44
-3.36312e-44
-3.36312e-44
-3.36312e-44
-3.36312e-44
-3.36312e-44
-3.36312e-44
-3.36312e-44
-3.36312e-44
-3.36312e-44
-3.36312e-44
-3.36312e-44
-3.36312e-44
-3.36312e-44
-3.36312e-44
-3.36312e-44
-3.36312e-44
-3.36312e-44
-3.36312e-44
-3.36312e-44
-3.36312e-44
-3.36312e-44
-3.36312e-44
-3.36312e-44
-3.36312e-44
-3.36312e-44
-3.36312e-44
-3.36312e-44
-3.36312e-44
-3.36312e-44
-3.36312e-44
-3.36312e-44
-3.36312e-44
-3.36312e-44
-3.36312e-44
-3.36312e-44
-3.36312e-44
-3.36312e-44
-3.36312e-44
-3.36312e-44
-3.36312e-44
-3.36312e-44
-3.36312e-44
-3.36312e-44
-3.36312e-44
-3.36312e-44
-3.36312e-44
-3.36312e-44
-3.36312e-44
-3.36312e-44
-3.36312e-44
-3.36312e-44
-3.36312e-44
-3.36312e-44
-3.36312e-44
-3.36312e-44
-3.36312e-44
-3.36312e-44
-3.36312e-44
-3.36312e-44
-3.36312e-44
-3.36312e-44
-3.36312e-44
-3.36312e-44
-3.36312e-44
-3.36312e-44
-3.36312e-44
-3.36312e-44
-3.36312e-44
-3.36312e-44
-3.36312e-44
-3.36312e-44
-3.36312e-44
-3.36312e-44
-3.36312e-44
-3.36312e-44
-3.36312e-44
-3.36312e-44
-3.36312e-44
-3.36312e-44
-3.36312e-44
-3.36312e-44
-3.36312e-44
-3.36312e-44
-3.36312e-44
-3.36312e-44
-3.36312e-44
-3.36312e-44
-3.36312e-44
-3.36312e-44
-3.36312e-44
-3.36312e-44
-3.36312e-44
-3.36312e-44
-3.36312e-44
-3.36312e-44
-3.36312e-44
-3.36312e-44
-3.36312e-44
-3.36312e-44
-3.36312e-44
-3.36312e-44
-3.36312e-44
-3.36312e-44
-3.36312e-44
-3.36312e-44
-3.36312e-44
-3.36312e-44
-3.36312e-44
-3.36312e-44
-3.36312e-44
-3.36312e-44
-3.36312e-44
-3.36312e-44
-3.36312e-44
-3.36312e-44
-3.36312e-44
-3.36312e-44
-3.36312e-44
-3.36312e-44
-3.36312e-44
-3.36312e-44
-3.36312e-44
-3.36312e-44
-3.36312e-44
-3.36312e-44
-3.36312e-44
-3.36312e-44
-3.36312e-44
-3.36312e-44
-3.36312e-44
-3.36312e-44
-3.36312e-44
-3.36312e-44
-3.36312e-44
-3.36312e-44
-3.36312e-44
-3.36312e-44
-3.36312e-44
-3.36312e-44
-3.36312e-44
-3.36312e-44
-3.36312e-44
-3.36312e-44
-3.36312e-44
-3.36312e-44
-3.36312e-44
-3.36312e-44
-3.36312e-44
-3.36312e-44
-3.36312e-44
-3.36312e-44
-3.36312e-44
-3.36312e-44
-3.36312e-44
-3.36312e-44
-3.36312e-44
-3.36312e-44
-3.36312e-44
-3.36312e-44
-3.36312e-44
-3.36312e-44
-3.36312e-44
-3.36312e-44
-3.36312e-44
-3.36312e-44
-3.36312e-44
-3.36312e-44
-3.36312e-44
-3.36312e-44
-3.36312e-44
-3.36312e-44
-3.36312e-44
-3.36312e-44
-3.36312e-44
-3.36312e-44
-3.36312e-44
-3.36312e-44
-3.36312e-44
-3.36312e-44
-3.36312e-44
-3.36312e-44
-3.36312e-44
-3.36312e-44
-3.36312e-44
-3.36312e-44
-3.36312e-44
-3.36312e-44
-3.36312e-44
-3.36312e-44
-3.36312e-44
-3.36312e-44
-3.36312e-44
-3.36312e-44
-3.36312e-44
-3.36312e-44
-3.36312e-44
-3.36312e-44
-3.36312e-44
-3.36312e-44
-3.36312e-44
-3.36312e-44
-3.36312e-44
-3.36312e-44
-3.36312e-44
-3.36312e-44
-3.36312e-44
-3.36312e-44
-3.36312e-44
-3.36312e-44
-3.36312e-44
-3.36312e-44
-3.36312e-44
-3.36312e-44
-3.36312e-44
-3.36312e-44
-3.36312e-44
-3.36312e-44
-3.36312e-44
-3.36312e-44
-3.36312e-44
-3.36312e-44
-3.36312e-44
-3.36312e-44
-3.36312e-44
-3.36312e-44
-3.36312e-44
-3.36312e-44
-3.36312e-44
-3.36312e-44
-3.36312e-44
-3.36312e-44
-3.36312e-44
-3.36312e-44
-3.36312e-44
-3.36312e-44
-3.36312e-44
-3.36312e-44
-3.36312e-44
-3.36312e-44
-3.36312e-44
-3.36312e-44
-3.36312e-44
-3.36312e-44
-3.36312e-44
-3.36312e-44
-3.36312e-44
-3.36312e-44
-3.36312e-44
-3.36312e-44
-3.36312e-44
-3.36312e-44
-3.36312e-44
-3.36312e-44
-3.36312e-44
-3.36312e-44
-3.36312e-44
-3.36312e-44
-3.36312e-44
-3.36312e-44
-3.36312e-44
-3.36312e-44
-3.36312e-44
-3.36312e-44
-3.36312e-44
-3.36312e-44
-3.36312e-44
-3.36312e-44
-3.36312e-44
-3.36312e-44
-3.36312e-44
-3.36312e-44
-3.36312e-44
-3.36312e-44
-3.36312e-44
-3.36312e-44
-3.36312e-44
-3.36312e-44
-3.36312e-44
-3.36312e-44
-3.36312e-44
-3.36312e-44
-3.36312e-44
-3.36312e-44
-3.36312e-44
-3.36312e-44
-3.36312e-44
-3.36312e-44
-3.36312e-44
-3.36312e-44
-3.36312e-44
-3.36312e-44
-3.36312e-44
-3.36312e-44
-3.36312e-44
-3.36312e-44
-3.36312e-44
-3.36312e-44
-3.36312e-44
-3.36312e-44
-3.36312e-44
-3.36312e-44
-3.36312e-44
-3.36312e-44
-3.36312e-44
-3.36312e-44
-3.36312e-44
-3.36312e-44
-3.36312e-44
-3.36312e-44
-3.36312e-44
-3.36312e-44
-3.36312e-44
-3.36312e-44
-3.36312e-44
-3.36312e-44
-3.36312e-44
-3.36312e-44
-3.36312e-44
-3.36312e-44
-3.36312e-44
-3.36312e-44
-3.36312e-44
-3.36312e-44
-3.36312e-44
-3.36312e-44
-3.36312e-44
-3.36312e-44
-3.36312e-44
-3.36312e-44
-3.36312e-44
-3.36312e-44
-3.36312e-44
-3.36312e-44
-3.36312e-44
-3.36312e-44
-3.36312e-44
-3.36312e-44
-3.36312e-44
-3.36312e-44
-3.36312e-44
-3.36312e-44
-3.36312e-44
-3.36312e-44
-3.36312e-44
-3.36312e-44
-3.36312e-44
-3.36312e-44
-3.36312e-44
-3.36312e-44
-3.36312e-44
-3.36312e-44
-3.36312e-44
-3.36312e-44
-3.36312e-44
-3.36312e-44
-3.36312e-44
-3.36312e-44
-3.36312e-44
-3.36312e-44
-3.36312e-44
-3.36312e-44
-3.36312e-44
-3.36312e-44
-3.36312e-44
-3.36312e-44
-3.36312e-44
-3.36312e-44
-3.36312e-44
-3.36312e-44
-3.36312e-44
-3.36312e-44
-3.36312e-44
-3.36312e-44
-3.36312e-44
-3.36312e-44
-3.36312e-44
-3.36312e-44
-3.36312e-44
-3.36312e-44
-3.36312e-44
-3.36312e-44
-3.36312e-44
-3.36312e-44
-3.36312e-44
-3.36312e-44
-3.36312e-44
-3.36312e-44
-3.36312e-44
-3.36312e-44
-3.36312e-44
-3.36312e-44
-3.36312e-44
-3.36312e-44
-3.36312e-44
-3.36312e-44
-3.36312e-44
-3.36312e-44
-3.36312e-44
-3.36312e-44
-3.36312e-44
-3.36312e-44
-3.36312e-44
-3.36312e-44
-3.36312e-44
-3.36312e-44
-3.36312e-44
-3.36312e-44
-3.36312e-44
-3.36312e-44
-3.36312e-44
-3.36312e-44
-3.36312e-44
-3.36312e-44
-3.36312e-44
-3.36312e-44
-3.36312e-44
-3.36312e-44
-3.36312e-44
-3.36312e-44
-3.36312e-44
-3.36312e-44
-3.36312e-44
-3.36312e-44
-3.36312e-44
-3.36312e-44
-3.36312e-44
-3.36312e-44
-3.36312e-44
-3.36312e-44
-3.36312e-44
-3.36312e-44
-3.36312e-44
-3.36312e-44
-3.36312e-44
-3.36312e-44
-3.36312e-44
-3.36312e-44
-3.36312e-44
-3.36312e-44
-3.36312e-44
-3.36312e-44
-3.36312e-44
-3.36312e-44
-3.36312e-44
-3.36312e-44
-3.36312e-44
-3.36312e-44
-3.36312e-44
-3.36312e-44
-3.36312e-44
-3.36312e-44
-3.36312e-44
-3.36312e-44
-3.36312e-44
-3.36312e-44
-3.36312e-44
-3.36312e-44
-3.36312e-44
-3.36312e-44
-3.36312e-44
-3.36312e-44
-3.36312e-44
-3.36312e-44
-3.36312e-44
-3.36312e-44
-3.36312e-44
-3.36312e-44
-3.36312e-44
-3.36312e-44
-3.36312e-44
-3.36312e-44
-3.36312e-44
-3.36312e-44
-3.36312e-44
-3.36312e-44
-3.36312e-44
-3.36312e-44
-3.36312e-44
-3.36312e-44
-3.36312e-44
-3.36312e-44
-3.36312e-44
-3.36312e-44
-3.36312e-44
-3.36312e-44
-3.36312e-44
-3.36312e-44
-3.36312e-44
-3.36312e-44
-3.36312e-44
-3.36312e-44
-3.36312e-44
-3.36312e-44
-3.36312e-44
-3.36312e-44
-3.36312e-44
-3.36312e-44
-3.36312e-44
-3.36312e-44
-3.36312e-44
-3.36312e-44
-3.36312e-44
-3.36312e-44
-3.36312e-44
-3.36312e-44
-3.36312e-44
-3.36312e-44
-3.36312e-44
-3.36312e-44
-3.36312e-44
-3.36312e-44
-3.36312e-44
-3.36312e-44
-3.36312e-44
-3.36312e-44
-3.36312e-44
-3.36312e-44
-3.36312e-44
-3.36312e-44
-3.36312e-44
-3.36312e-44
-3.36312e-44
-3.36312e-44
-3.36312e-44
-3.36312e-44
-3.36312e-44
-3.36312e-44
-3.36312e-44
-3.36312e-44
-3.36312e-44
-3.36312e-44
-3.36312e-44
-3.36312e-44
-3.36312e-44
-3.36312e-44
-3.36312e-44
-3.36312e-44
-3.36312e-44
-3.36312e-44
-3.36312e-44
-3.36312e-44
-3.36312e-44
-3.36312e-44
-3.36312e-44
-3.36312e-44
-3.36312e-44
-3.36312e-44
-3.36312e-44
-3.36312e-44
-3.36312e-44
-3.36312e-44
-3.36312e-44
-3.36312e-44
-3.36312e-44
-3.36312e-44
-3.36312e-44
-3.36312e-44
-3.36312e-44
-3.36312e-44
-3.36312e-44
-3.36312e-44
-3.36312e-44
-3.36312e-44
-3.36312e-44
-3.36312e-44
-3.36312e-44
-3.36312e-44
-3.36312e-44
-3.36312e-44
-3.36312e-44
-3.36312e-44
-3.36312e-44
-3.36312e-44
-3.36312e-44
-3.36312e-44
-3.36312e-44
-3.36312e-44
-3.36312e-44
-3.36312e-44
-3.36312e-44
-3.36312e-44
-3.36312e-44
-3.36312e-44
-3.36312e-44
-3.36312e-44
-3.36312e-44
-3.36312e-44
-3.36312e-44
-3.36312e-44
-3.36312e-44
-3.36312e-44
-3.36312e-44
-3.36312e-44
-3.36312e-44
-3.36312e-44
-3.36312e-44
-3.36312e-44
-3.36312e-44
-3.36312e-44
-3.36312e-44
-3.36312e-44
-3.36312e-44
-3.36312e-44
-3.36312e-44
-3.36312e-44
-3.36312e-44
-3.36312e-44
-3.36312e-44
-3.36312e-44
-3.36312e-44
-3.36312e-44
-3.36312e-44
-3.36312e-44
-3.36312e-44
-3.36312e-44
-3.36312e-44
-3.36312e-44
-3.36312e-44
-3.36312e-44
-3.36312e-44
-3.36312e-44
-3.36312e-44
-3.36312e-44
-3.36312e-44
-3.36312e-44
-3.36312e-44
-3.36312e-44
-3.36312e-44
-3.36312e-44
-3.36312e-44
-3.36312e-44
-3.36312e-44
-3.36312e-44
-3.36312e-44
-3.36312e-44
-3.36312e-44
-3.36312e-44
-3.36312e-44
-3.36312e-44
-3.36312e-44
-3.36312e-44
-3.36312e-44
-3.36312e-44
-3.36312e-44
-3.36312e-44
-3.36312e-44
-3.36312e-44
-3.36312e-44
-3.36312e-44
-3.36312e-44
-3.36312e-44
-3.36312e-44
-3.36312e-44
-3.36312e-44
-3.36312e-44
-3.36312e-44
-3.36312e-44
-3.36312e-44
-3.36312e-44
-3.36312e-44
-3.36312e-44
-3.36312e-44
-3.36312e-44
-3.36312e-44
-3.36312e-44
-3.36312e-44
-3.36312e-44
-3.36312e-44
-3.36312e-44
-3.36312e-44
-3.36312e-44
-3.36312e-44
-3.36312e-44
-3.36312e-44
-3.36312e-44
-3.36312e-44
-3.36312e-44
-3.36312e-44
-3.36312e-44
-3.36312e-44
-3.36312e-44
-3.36312e-44
-3.36312e-44
-3.36312e-44
-3.36312e-44
-3.36312e-44
-3.36312e-44
-3.36312e-44
-3.36312e-44
-3.36312e-44
-3.36312e-44
-3.36312e-44
-3.36312e-44
-3.36312e-44
-3.36312e-44
-3.36312e-44
-3.36312e-44
-3.36312e-44
-3.36312e-44
-3.36312e-44
-3.36312e-44
-3.36312e-44
-3.36312e-44
-3.36312e-44
-3.36312e-44
-3.36312e-44
-3.36312e-44
-3.36312e-44
-3.36312e-44
-3.36312e-44
-3.36312e-44
-3.36312e-44
-3.36312e-44
-3.36312e-44
-3.36312e-44
-3.36312e-44
-3.36312e-44
-3.36312e-44
-3.36312e-44
-3.36312e-44
-3.36312e-44
-3.36312e-44
-3.36312e-44
-3.36312e-44
-3.36312e-44
-3.36312e-44
-3.36312e-44
-3.36312e-44
-3.36312e-44
-3.36312e-44
-3.36312e-44
-3.36312e-44
-3.36312e-44
-3.36312e-44
-3.36312e-44
-3.36312e-44
-3.36312e-44
-3.36312e-44
-3.36312e-44
-3.36312e-44
-3.36312e-44
-3.36312e-44
-3.36312e-44
-3.36312e-44
-3.36312e-44
-3.36312e-44
-3.36312e-44
-3.36312e-44
-3.36312e-44
-3.36312e-44
-3.36312e-44
-3.36312e-44
-3.36312e-44
-3.36312e-44
-3.36312e-44
-3.36312e-44
-3.36312e-44
-3.36312e-44
-3.36312e-44
-3.36312e-44
-3.36312e-44
-3.36312e-44
-3.36312e-44
-3.36312e-44
-3.36312e-44
-3.36312e-44
-3.36312e-44
-3.36312e-44
-3.36312e-44
-3.36312e-44
-3.36312e-44
-3.36312e-44
-3.36312e-44
-3.36312e-44
-3.36312e-44
-3.36312e-44
-3.36312e-44
-3.36312e-44
-3.36312e-44
-3.36312e-44
-3.36312e-44
-3.36312e-44
-3.36312e-44
-3.36312e-44
-3.36312e-44
-3.36312e-44
-3.36312e-44
-3.36312e-44
-3.36312e-44
-3.36312e-44
-3.36312e-44
-3.36312e-44
-3.36312e-44
-3.36312e-44
-3.36312e-44
-3.36312e-44
-3.36312e-44
-3.36312e-44
-3.36312e-44
-3.36312e-44
-3.36312e-44
-3.36312e-44
-3.36312e-44
-3.36312e-44
-3.36312e-44
-3.36312e-44
-3.36312e-44
-3.36312e-44
-3.36312e-44
-3.36312e-44
-3.36312e-44
-3.36312e-44
-3.36312e-44
-3.36312e-44
-3.36312e-44
-3.36312e-44
-3.36312e-44
-3.36312e-44
-3.36312e-44
-3.36312e-44
-3.36312e-44
-3.36312e-44
-3.36312e-44
-3.36312e-44
-3.36312e-44
-3.36312e-44
-3.36312e-44
-3.36312e-44
-3.36312e-44
-3.36312e-44
-3.36312e-44
-3.36312e-44
-3.36312e-44
-3.36312e-44
-3.36312e-44
-3.36312e-44
-3.36312e-44
-3.36312e-44
-3.36312e-44
-3.36312e-44
-3.36312e-44
-3.36312e-44
-3.36312e-44
-3.36312e-44
-3.36312e-44
-3.36312e-44
-3.36312e-44
-3.36312e-44
-3.36312e-44
-3.36312e-44
-3.36312e-44
-3.36312e-44
-3.36312e-44
-3.36312e-44
-3.36312e-44
-3.36312e-44
-3.36312e-44
-3.36312e-44
-3.36312e-44
-3.36312e-44
-3.36312e-44
-3.36312e-44
-3.36312e-44
-3.36312e-44
-3.36312e-44
-3.36312e-44
-3.36312e-44
-3.36312e-44
-3.36312e-44
-3.36312e-44
-3.36312e-44
-3.36312e-44
-3.36312e-44
-3.36312e-44
-3.36312e-44
-3.36312e-44
-3.36312e-44
-3.36312e-44
-3.36312e-44
-3.36312e-44
-3.36312e-44
-3.36312e-44
-3.36312e-44
-3.36312e-44
-3.36312e-44
-3.36312e-44
-3.36312e-44
-3.36312e-44
-3.36312e-44
-3.36312e-44
-3.36312e-44
-3.36312e-44
-3.36312e-44
-3.36312e-44
-3.36312e-44
-3.36312e-44
-3.36312e-44
-3.36312e-44
-3.36312e-44
-3.36312e-44
-3.36312e-44
-3.36312e-44
-3.36312e-44
-3.36312e-44
-3.36312e-44
-3.36312e-44
-3.36312e-44
-3.36312e-44
-3.36312e-44
-3.36312e-44
-3.36312e-44
-3.36312e-44
-3.36312e-44
-3.36312e-44
-3.36312e-44
-3.36312e-44
-3.36312e-44
-3.36312e-44
-3.36312e-44
-3.36312e-44
-3.36312e-44
-3.36312e-44
-3.36312e-44
-3.36312e-44
-3.36312e-44
-3.36312e-44
-3.36312e-44
-3.36312e-44
-3.36312e-44
-3.36312e-44
-3.36312e-44
-3.36312e-44
-3.36312e-44
-3.36312e-44
-3.36312e-44
-3.36312e-44
-3.36312e-44
-3.36312e-44
-3.36312e-44
-3.36312e-44
-3.36312e-44
-3.36312e-44
-3.36312e-44
-3.36312e-44
-3.36312e-44
-3.36312e-44
-3.36312e-44
-3.36312e-44
-3.36312e-44
-3.36312e-44
-3.36312e-44
-3.36312e-44
-3.36312e-44
-3.36312e-44
-3.36312e-44
-3.36312e-44
-3.36312e-44
-3.36312e-44
-3.36312e-44
-3.36312e-44
-3.36312e-44
-3.36312e-44
-3.36312e-44
-3.36312e-44
-3.36312e-44
-3.36312e-44
-3.36312e-44
-3.36312e-44
-3.36312e-44
-3.36312e-44
-3.36312e-44
-3.36312e-44
-3.36312e-44
-3.36312e-44
-3.36312e-44
-3.36312e-44
-3.36312e-44
-3.36312e-44
-3.36312e-44
-3.36312e-44
-3.36312e-44
-3.36312e-44
-3.36312e-44
-3.36312e-44
-3.36312e-44
-3.36312e-44
-3.36312e-44
-3.36312e-44
-3.36312e-44
-3.36312e-44
-3.36312e-44
-3.36312e-44
-3.36312e-44
-3.36312e-44
-3.36312e-44
-3.36312e-44
-3.36312e-44
-3.36312e-44
-3.36312e-44
-3.36312e-44
-3.36312e-44
-3.36312e-44
-3.36312e-44
-3.36312e-44
-3.36312e-44
-3.36312e-44
-3.36312e-44
-3.36312e-44
-3.36312e-44
-3.36312e-44
-3.36312e-44
-3.36312e-44
-3.36312e-44
-3.36312e-44
-3.36312e-44
-3.36312e-44
-3.36312e-44
-3.36312e-44
-3.36312e-44
-3.36312e-44
-3.36312e-44
-3.36312e-44
-3.36312e-44
-3.36312e-44
-3.36312e-44
-3.36312e-44
-3.36312e-44
-3.36312e-44
-3.36312e-44
-3.36312e-44
-3.36312e-44
-3.36312e-44
-3.36312e-44
-3.36312e-44
-3.36312e-44
-3.36312e-44
-3.36312e-44
-3.36312e-44
-3.36312e-44
-3.36312e-44
-3.36312e-44
-3.36312e-44
-3.36312e-44
-3.36312e-44
-3.36312e-44
-3.36312e-44
-3.36312e-44
-3.36312e-44
-3.36312e-44
-3.36312e-44
-3.36312e-44
-3.36312e-44
-3.36312e-44
-3.36312e-44
-3.36312e-44
-3.36312e-44
-3.36312e-44
-3.36312e-44
-3.36312e-44
-3.36312e-44
-3.36312e-44
-3.36312e-44
-3.36312e-44
-3.36312e-44
-3.36312e-44
-3.36312e-44
-3.36312e-44
-3.36312e-44
-3.36312e-44
-3.36312e-44
-3.36312e-44
-3.36312e-44
-3.36312e-44
-3.36312e-44
-3.36312e-44
-3.36312e-44
-3.36312e-44
-3.36312e-44
-3.36312e-44
-3.36312e-44
-3.36312e-44
-3.36312e-44
-3.36312e-44
-3.36312e-44
-3.36312e-44
-3.36312e-44
-3.36312e-44
-3.36312e-44
-3.36312e-44
-3.36312e-44
-3.36312e-44
-3.36312e-44
-3.36312e-44
-3.36312e-44
-3.36312e-44
-3.36312e-44
-3.36312e-44
-3.36312e-44
-3.36312e-44
-3.36312e-44
-3.36312e-44
-3.36312e-44
-3.36312e-44
-3.36312e-44
-3.36312e-44
-3.36312e-44
-3.36312e-44
-3.36312e-44
-3.36312e-44
-3.36312e-44
-3.36312e-44
-3.36312e-44
-3.36312e-44
-3.36312e-44
-3.36312e-44
-3.36312e-44
-3.36312e-44
-3.36312e-44
-3.36312e-44
-3.36312e-44
-3.36312e-44
-3.36312e-44
-3.36312e-44
-3.36312e-44
-3.36312e-44
-3.36312e-44
-3.36312e-44
-3.36312e-44
-3.36312e-44
-3.36312e-44
-3.36312e-44
-3.36312e-44
-3.36312e-44
-3.36312e-44
-3.36312e-44
-3.36312e-44
-3.36312e-44
-3.36312e-44
-3.36312e-44
-3.36312e-44
-3.36312e-44
-3.36312e-44
-3.36312e-44
-3.36312e-44
-3.36312e-44
-3.36312e-44
-3.36312e-44
-3.36312e-44
-3.36312e-44
-3.36312e-44
-3.36312e-44
-3.36312e-44
-3.36312e-44
-3.36312e-44
-3.36312e-44
-3.36312e-44
-3.36312e-44
-3.36312e-44
-3.36312e-44
-3.36312e-44
-3.36312e-44
-3.36312e-44
-3.36312e-44
-3.36312e-44
-3.36312e-44
-3.36312e-44
-3.36312e-44
-3.36312e-44
-3.36312e-44
-3.36312e-44
-3.36312e-44
-3.36312e-44
-3.36312e-44
-3.36312e-44
-3.36312e-44
-3.36312e-44
-3.36312e-44
-3.36312e-44
-3.36312e-44
-3.36312e-44
-3.36312e-44
-3.36312e-44
-3.36312e-44
-3.36312e-44
-3.36312e-44
-3.36312e-44
-3.36312e-44
-3.36312e-44
-3.36312e-44
-3.36312e-44
-3.36312e-44
-3.36312e-44
-3.36312e-44
-3.36312e-44
-3.36312e-44
-3.36312e-44
-3.36312e-44
-3.36312e-44
-3.36312e-44
-3.36312e-44
-3.36312e-44
-3.36312e-44
-3.36312e-44
-3.36312e-44
-3.36312e-44
-3.36312e-44
-3.36312e-44
-3.36312e-44
-3.36312e-44
-3.36312e-44
-3.36312e-44
-3.36312e-44
-3.36312e-44
-3.36312e-44
-3.36312e-44
-3.36312e-44
-3.36312e-44
-3.36312e-44
-3.36312e-44
-3.36312e-44
-3.36312e-44
-3.36312e-44
-3.36312e-44
-3.36312e-44
-3.36312e-44
-3.36312e-44
-3.36312e-44
-3.36312e-44
-3.36312e-44
-3.36312e-44
-3.36312e-44
-3.36312e-44
-3.36312e-44
-3.36312e-44
-3.36312e-44
-3.36312e-44
-3.36312e-44
-3.36312e-44
-3.36312e-44
-3.36312e-44
-3.36312e-44
-3.36312e-44
-3.36312e-44
-3.36312e-44
-3.36312e-44
-3.36312e-44
-3.36312e-44
-3.36312e-44
-3.36312e-44
-3.36312e-44
-3.36312e-44
-3.36312e-44
-3.36312e-44
-3.36312e-44
-3.36312e-44
-3.36312e-44
-3.36312e-44
-3.36312e-44
-3.36312e-44
-3.36312e-44
-3.36312e-44
-3.36312e-44
-3.36312e-44
-3.36312e-44
-3.36312e-44
-3.36312e-44
-3.36312e-44
-3.36312e-44
-3.36312e-44
-3.36312e-44
-3.36312e-44
-3.36312e-44
-3.36312e-44
-3.36312e-44
-3.36312e-44
-3.36312e-44
-3.36312e-44
-3.36312e-44
-3.36312e-44
-3.36312e-44
-3.36312e-44
-3.36312e-44
-3.36312e-44
-3.36312e-44
-3.36312e-44
-3.36312e-44
-3.36312e-44
-3.36312e-44
-3.36312e-44
-3.36312e-44
-3.36312e-44
-3.36312e-44
-3.36312e-44
-3.36312e-44
-3.36312e-44
-3.36312e-44
-3.36312e-44
-3.36312e-44
-3.36312e-44
-3.36312e-44
-3.36312e-44
-3.36312e-44
-3.36312e-44
-3.36312e-44
-3.36312e-44
-3.36312e-44
-3.36312e-44
-3.36312e-44
-3.36312e-44
-3.36312e-44
-3.36312e-44
-3.36312e-44
-3.36312e-44
-3.36312e-44
-3.36312e-44
-3.36312e-44
-3.36312e-44
-3.36312e-44
-3.36312e-44
-3.36312e-44
-3.36312e-44
-3.36312e-44
-3.36312e-44
-3.36312e-44
-3.36312e-44
-3.36312e-44
-3.36312e-44
-3.36312e-44
-3.36312e-44
-3.36312e-44
-3.36312e-44
-3.36312e-44
-3.36312e-44
-3.36312e-44
-3.36312e-44
-3.36312e-44
-3.36312e-44
-3.36312e-44
-3.36312e-44
-3.36312e-44
-3.36312e-44
-3.36312e-44
-3.36312e-44
-3.36312e-44
-3.36312e-44
-3.36312e-44
-3.36312e-44
-3.36312e-44
-3.36312e-44
-3.36312e-44
-3.36312e-44
-3.36312e-44
-3.36312e-44
-3.36312e-44
-3.36312e-44
-3.36312e-44
-3.36312e-44
-3.36312e-44
-3.36312e-44
-3.36312e-44
-3.36312e-44
-3.36312e-44
-3.36312e-44
-3.36312e-44
-3.36312e-44
-3.36312e-44
-3.36312e-44
-3.36312e-44
-3.36312e-44
-3.36312e-44
-3.36312e-44
-3.36312e-44
-3.36312e-44
-3.36312e-44
-3.36312e-44
-3.36312e-44
-3.36312e-44
-3.36312e-44
-3.36312e-44
-3.36312e-44
-3.36312e-44
-3.36312e-44
-3.36312e-44
-3.36312e-44
-3.36312e-44
-3.36312e-44
-3.36312e-44
-3.36312e-44
-3.36312e-44
-3.36312e-44
-3.36312e-44
-3.36312e-44
-3.36312e-44
-3.36312e-44
-3.36312e-44
-3.36312e-44
-3.36312e-44
-3.36312e-44
-3.36312e-44
-3.36312e-44
-3.36312e-44
-3.36312e-44
-3.36312e-44
-3.36312e-44
-3.36312e-44
-3.36312e-44
-3.36312e-44
-3.36312e-44
-3.36312e-44
-3.36312e-44
-3.36312e-44
-3.36312e-44
-3.36312e-44
-3.36312e-44
-3.36312e-44
-3.36312e-44
-3.36312e-44
-3.36312e-44
-3.36312e-44
-3.36312e-44
-3.36312e-44
-3.36312e-44
-3.36312e-44
-3.36312e-44
-3.36312e-44
-3.36312e-44
-3.36312e-44
-3.36312e-44
-3.36312e-44
-3.36312e-44
-3.36312e-44
-3.36312e-44
-3.36312e-44
-3.36312e-44
-3.36312e-44
-3.36312e-44
-3.36312e-44
-3.36312e-44
-3.36312e-44
-3.36312e-44
-3.36312e-44
-3.36312e-44
-3.36312e-44
-3.36312e-44
-3.36312e-44
-3.36312e-44
-3.36312e-44
-3.36312e-44
-3.36312e-44
-3.36312e-44
-3.36312e-44
-3.36312e-44
-3.36312e-44
-3.36312e-44
-3.36312e-44
-3.36312e-44
-3.36312e-44
-3.36312e-44
-3.36312e-44
-3.36312e-44
-3.36312e-44
-3.36312e-44
-3.36312e-44
-3.36312e-44
-3.36312e-44
-3.36312e-44
-3.36312e-44
-3.36312e-44
-3.36312e-44
-3.36312e-44
-3.36312e-44
-3.36312e-44
-3.36312e-44
-3.36312e-44
-3.36312e-44
-3.36312e-44
-3.36312e-44
-3.36312e-44
-3.36312e-44
-3.36312e-44
-3.36312e-44
-3.36312e-44
-3.36312e-44
-3.36312e-44
-3.36312e-44
-3.36312e-44
-3.36312e-44
-3.36312e-44
-3.36312e-44
-3.36312e-44
-3.36312e-44
-3.36312e-44
-3.36312e-44
-3.36312e-44
-3.36312e-44
-3.36312e-44
-3.36312e-44
-3.36312e-44
-3.36312e-44
-3.36312e-44
-3.36312e-44
-3.36312e-44
-3.36312e-44
-3.36312e-44
-3.36312e-44
-3.36312e-44
-3.36312e-44
-3.36312e-44
-3.36312e-44
-3.36312e-44
-3.36312e-44
-3.36312e-44
-3.36312e-44
-3.36312e-44
-3.36312e-44
-3.36312e-44
-3.36312e-44
-3.36312e-44
-3.36312e-44
-3.36312e-44
-3.36312e-44
-3.36312e-44
-3.36312e-44
-3.36312e-44
-3.36312e-44
-3.36312e-44
-3.36312e-44
-3.36312e-44
-3.36312e-44
-3.36312e-44
-3.36312e-44
-3.36312e-44
-3.36312e-44
-3.36312e-44
-3.36312e-44
-3.36312e-44
-3.36312e-44
-3.36312e-44
-3.36312e-44
-3.36312e-44
-3.36312e-44
-3.36312e-44
-3.36312e-44
-3.36312e-44
-3.36312e-44
-3.36312e-44
-3.36312e-44
-3.36312e-44
-3.36312e-44
-3.36312e-44
-3.36312e-44
-3.36312e-44
-3.36312e-44
-3.36312e-44
-3.36312e-44
-3.36312e-44
-3.36312e-44
-3.36312e-44
-3.36312e-44
-3.36312e-44
-3.36312e-44
-3.36312e-44
-3.36312e-44
-3.36312e-44
-3.36312e-44
-3.36312e-44
-3.36312e-44
-3.36312e-44
-3.36312e-44
-3.36312e-44
-3.36312e-44
-3.36312e-44
-3.36312e-44
-3.36312e-44
-3.36312e-44
-3.36312e-44
-3.36312e-44
-3.36312e-44
-3.36312e-44
-3.36312e-44
-3.36312e-44
-3.36312e-44
-3.36312e-44
-3.36312e-44
-3.36312e-44
-3.36312e-44
-3.36312e-44
-3.36312e-44
-3.36312e-44
-3.36312e-44
-3.36312e-44
-3.36312e-44
-3.36312e-44
-3.36312e-44
-3.36312e-44
-3.36312e-44
-3.36312e-44
-3.36312e-44
-3.36312e-44
-3.36312e-44
-3.36312e-44
-3.36312e-44
-3.36312e-44
-3.36312e-44
-3.36312e-44
-3.36312e-44
-3.36312e-44
-3.36312e-44
-3.36312e-44
-3.36312e-44
-3.36312e-44
-3.36312e-44
-3.36312e-44
-3.36312e-44
-3.36312e-44
-3.36312e-44
-3.36312e-44
-3.36312e-44
-3.36312e-44
-3.36312e-44
-3.36312e-44
-3.36312e-44
-3.36312e-44
-3.36312e-44
-3.36312e-44
-3.36312e-44
-3.36312e-44
-3.36312e-44
-3.36312e-44
-3.36312e-44
-3.36312e-44
-3.36312e-44
-3.36312e-44
-3.36312e-44
-3.36312e-44
-3.36312e-44
-3.36312e-44
-3.36312e-44
-3.36312e-44
-3.36312e-44
-3.36312e-44
-3.36312e-44
-3.36312e-44
-3.36312e-44
-3.36312e-44
-3.36312e-44
-3.36312e-44
-3.36312e-44
-3.36312e-44
-3.36312e-44
-3.36312e-44
-3.36312e-44
-3.36312e-44
-3.36312e-44
-3.36312e-44
-3.36312e-44
-3.36312e-44
-3.36312e-44
-3.36312e-44
-3.36312e-44
-3.36312e-44
-3.36312e-44
-3.36312e-44
-3.36312e-44
-3.36312e-44
-3.36312e-44
-3.36312e-44
-3.36312e-44
-3.36312e-44
-3.36312e-44
-3.36312e-44
-3.36312e-44
-3.36312e-44
-3.36312e-44
-3.36312e-44
-3.36312e-44
-3.36312e-44
-3.36312e-44
-3.36312e-44
-3.36312e-44
-3.36312e-44
-3.36312e-44
-3.36312e-44
-3.36312e-44
-3.36312e-44
-3.36312e-44
-3.36312e-44
-3.36312e-44
-3.36312e-44
-3.36312e-44
-3.36312e-44
-3.36312e-44
-3.36312e-44
-3.36312e-44
-3.36312e-44
-3.36312e-44
-3.36312e-44
-3.36312e-44
-3.36312e-44
-3.36312e-44
-3.36312e-44
-3.36312e-44
-3.36312e-44
-3.36312e-44
-3.36312e-44
-3.36312e-44
-3.36312e-44
-3.36312e-44
-3.36312e-44
-3.36312e-44
-3.36312e-44
-3.36312e-44
-3.36312e-44
-3.36312e-44
-3.36312e-44
-3.36312e-44
-3.36312e-44
-3.36312e-44
-3.36312e-44
-3.36312e-44
-3.36312e-44
-3.36312e-44
-3.36312e-44
-3.36312e-44
-3.36312e-44
-3.36312e-44
-3.36312e-44
-3.36312e-44
-3.36312e-44
-3.36312e-44
-3.36312e-44
-3.36312e-44
-3.36312e-44
-3.36312e-44
-3.36312e-44
-3.36312e-44
-3.36312e-44
-3.36312e-44
-3.36312e-44
-3.36312e-44
-3.36312e-44
-3.36312e-44
-3.36312e-44
-3.36312e-44
-3.36312e-44
-3.36312e-44
-3.36312e-44
-3.36312e-44
-3.36312e-44
-3.36312e-44
-3.36312e-44
-3.36312e-44
-3.36312e-44
-3.36312e-44
-3.36312e-44
-3.36312e-44
-3.36312e-44
-3.36312e-44
-3.36312e-44
-3.36312e-44
-3.36312e-44
-3.36312e-44
-3.36312e-44
-3.36312e-44
-3.36312e-44
-3.36312e-44
-3.36312e-44
-3.36312e-44
-3.36312e-44
-3.36312e-44
-3.36312e-44
-3.36312e-44
-3.36312e-44
-3.36312e-44
-3.36312e-44
-3.36312e-44
-3.36312e-44
-3.36312e-44
-3.36312e-44
-3.36312e-44
-3.36312e-44
-3.36312e-44
-3.36312e-44
-3.36312e-44
-3.36312e-44
-3.36312e-44
-3.36312e-44
-3.36312e-44
-3.36312e-44
-3.36312e-44
-3.36312e-44
-3.36312e-44
-3.36312e-44
-3.36312e-44
-3.36312e-44
-3.36312e-44
-3.36312e-44
-3.36312e-44
-3.36312e-44
-3.36312e-44
-3.36312e-44
-3.36312e-44
-3.36312e-44
-3.36312e-44
-3.36312e-44
-3.36312e-44
-3.36312e-44
-3.36312e-44
-3.36312e-44
-3.36312e-44
-3.36312e-44
-3.36312e-44
-3.36312e-44
-3.36312e-44
-3.36312e-44
-3.36312e-44
-3.36312e-44
-3.36312e-44
-3.36312e-44
-3.36312e-44
-3.36312e-44
-3.36312e-44
-3.36312e-44
-3.36312e-44
-3.36312e-44
-3.36312e-44
-3.36312e-44
-3.36312e-44
-3.36312e-44
-3.36312e-44
-3.36312e-44
-3.36312e-44
-3.36312e-44
-3.36312e-44
-3.36312e-44
-3.36312e-44
-3.36312e-44
-3.36312e-44
-3.36312e-44
-3.36312e-44
-3.36312e-44
-3.36312e-44
-3.36312e-44
-3.36312e-44
-3.36312e-44
-3.36312e-44
-3.36312e-44
-3.36312e-44
-3.36312e-44
-3.36312e-44
-3.36312e-44
-3.36312e-44
-3.36312e-44
-3.36312e-44
-3.36312e-44
-3.36312e-44
-3.36312e-44
-3.36312e-44
-3.36312e-44
-3.36312e-44
-3.36312e-44
-3.36312e-44
-3.36312e-44
-3.36312e-44
-3.36312e-44
-3.36312e-44
-3.36312e-44
-3.36312e-44
-3.36312e-44
-3.36312e-44
-3.36312e-44
-3.36312e-44
-3.36312e-44
-3.36312e-44
-3.36312e-44
-3.36312e-44
-3.36312e-44
-3.36312e-44
-3.36312e-44
-3.36312e-44
-3.36312e-44
-3.36312e-44
-3.36312e-44
-3.36312e-44
-3.36312e-44
-3.36312e-44
-3.36312e-44
-3.36312e-44
-3.36312e-44
-3.36312e-44
-3.36312e-44
-3.36312e-44
-3.36312e-44
-3.36312e-44
-3.36312e-44
-3.36312e-44
-3.36312e-44
-3.36312e-44
-3.36312e-44
-3.36312e-44
-3.36312e-44
-3.36312e-44
-3.36312e-44
-3.36312e-44
-3.36312e-44
-3.36312e-44
-3.36312e-44
-3.36312e-44
-3.36312e-44
-3.36312e-44
-3.36312e-44
-3.36312e-44
-3.36312e-44
-3.36312e-44
-3.36312e-44
-3.36312e-44
-3.36312e-44
-3.36312e-44
-3.36312e-44
-3.36312e-44
-3.36312e-44
-3.36312e-44
-3.36312e-44
-3.36312e-44
-3.36312e-44
-3.36312e-44
-3.36312e-44
-3.36312e-44
-3.36312e-44
-3.36312e-44
-3.36312e-44
-3.36312e-44
-3.36312e-44
-3.36312e-44
-3.36312e-44
-3.36312e-44
-3.36312e-44
-3.36312e-44
-3.36312e-44
-3.36312e-44
-3.36312e-44
-3.36312e-44
-3.36312e-44
-3.36312e-44
-3.36312e-44
-3.36312e-44
-3.36312e-44
-3.36312e-44
-3.36312e-44
-3.36312e-44
-3.36312e-44
-3.36312e-44
-3.36312e-44
-3.36312e-44
-3.36312e-44
-3.36312e-44
-3.36312e-44
-3.36312e-44
-3.36312e-44
-3.36312e-44
-3.36312e-44
-3.36312e-44
-3.36312e-44
-3.36312e-44
-3.36312e-44
-3.36312e-44
-3.36312e-44
-3.36312e-44
-3.36312e-44
-3.36312e-44
-3.36312e-44
-3.36312e-44
-3.36312e-44
-3.36312e-44
-3.36312e-44
-3.36312e-44
-3.36312e-44
-3.36312e-44
-3.36312e-44
-3.36312e-44
-3.36312e-44
-3.36312e-44
-3.36312e-44
-3.36312e-44
-3.36312e-44
-3.36312e-44
-3.36312e-44
-3.36312e-44
-3.36312e-44
-3.36312e-44
-3.36312e-44
-3.36312e-44
-3.36312e-44
-3.36312e-44
-3.36312e-44
-3.36312e-44
-3.36312e-44
-3.36312e-44
-3.36312e-44
-3.36312e-44
-3.36312e-44
-3.36312e-44
-3.36312e-44
-3.36312e-44
-3.36312e-44
-3.36312e-44
-3.36312e-44
-3.36312e-44
-3.36312e-44
-3.36312e-44
-3.36312e-44
-3.36312e-44
-3.36312e-44
-3.36312e-44
-3.36312e-44
-3.36312e-44
-3.36312e-44
-3.36312e-44
-3.36312e-44
-3.36312e-44
-3.36312e-44
-3.36312e-44
-3.36312e-44
-3.36312e-44
-3.36312e-44
-3.36312e-44
-3.36312e-44
-3.36312e-44
-3.36312e-44
-3.36312e-44
-3.36312e-44
-3.36312e-44
-3.36312e-44
-3.36312e-44
-3.36312e-44
-3.36312e-44
-3.36312e-44
-3.36312e-44
-3.36312e-44
-3.36312e-44
-3.36312e-44
-3.36312e-44
-3.36312e-44
-3.36312e-44
-3.36312e-44
-3.36312e-44
-3.36312e-44
-3.36312e-44
-3.36312e-44
-3.36312e-44
-3.36312e-44
-3.36312e-44
-3.36312e-44
-3.36312e-44
-3.36312e-44
-3.36312e-44
-3.36312e-44
-3.36312e-44
-3.36312e-44
-3.36312e-44
-3.36312e-44
-3.36312e-44
-3.36312e-44
-3.36312e-44
-3.36312e-44
-3.36312e-44
-3.36312e-44
-3.36312e-44
-3.36312e-44
-3.36312e-44
-3.36312e-44
-3.36312e-44
-3.36312e-44
-3.36312e-44
-3.36312e-44
-3.36312e-44
-3.36312e-44
-3.36312e-44
-3.36312e-44
-3.36312e-44
-3.36312e-44
-3.36312e-44
-3.36312e-44
-3.36312e-44
-3.36312e-44
-3.36312e-44
-3.36312e-44
-3.36312e-44
-3.36312e-44
-3.36312e-44
-3.36312e-44
-3.36312e-44
-3.36312e-44
-3.36312e-44
-3.36312e-44
-3.36312e-44
-3.36312e-44
-3.36312e-44
-3.36312e-44
-3.36312e-44
-3.36312e-44
-3.36312e-44
-3.36312e-44
-3.36312e-44
-3.36312e-44
-3.36312e-44
-3.36312e-44
-3.36312e-44
-3.36312e-44
-3.36312e-44
-3.36312e-44
-3.36312e-44
-3.36312e-44
-3.36312e-44
-3.36312e-44
-3.36312e-44
-3.36312e-44
-3.36312e-44
-3.36312e-44
-3.36312e-44
-3.36312e-44
-3.36312e-44
-3.36312e-44
-3.36312e-44
-3.36312e-44
-3.36312e-44
-3.36312e-44
-3.36312e-44
-3.36312e-44
-3.36312e-44
-3.36312e-44
-3.36312e-44
-3.36312e-44
-3.36312e-44
-3.36312e-44
-3.36312e-44
-3.36312e-44
-3.36312e-44
-3.36312e-44
-3.36312e-44
-3.36312e-44
-3.36312e-44
-3.36312e-44
-3.36312e-44
-3.36312e-44
-3.36312e-44
-3.36312e-44
-3.36312e-44
-3.36312e-44
-3.36312e-44
-3.36312e-44
-3.36312e-44
-3.36312e-44
-3.36312e-44
-3.36312e-44
-3.36312e-44
-3.36312e-44
-3.36312e-44
-3.36312e-44
-3.36312e-44
-3.36312e-44
-3.36312e-44
-3.36312e-44
-3.36312e-44
-3.36312e-44
-3.36312e-44
-3.36312e-44
-3.36312e-44
-3.36312e-44
-3.36312e-44
-3.36312e-44
-3.36312e-44
-3.36312e-44
-3.36312e-44
-3.36312e-44
-3.36312e-44
-3.36312e-44
-3.36312e-44
-3.36312e-44
-3.36312e-44
-3.36312e-44
-3.36312e-44
-3.36312e-44
-3.36312e-44
-3.36312e-44
-3.36312e-44
-3.36312e-44
-3.36312e-44
-3.36312e-44
-3.36312e-44
-3.36312e-44
-3.36312e-44
-3.36312e-44
-3.36312e-44
-3.36312e-44
-3.36312e-44
-3.36312e-44
-3.36312e-44
-3.36312e-44
-3.36312e-44
-3.36312e-44
-3.36312e-44
-3.36312e-44
-3.36312e-44
-3.36312e-44
-3.36312e-44
-3.36312e-44
-3.36312e-44
-3.36312e-44
-3.36312e-44
-3.36312e-44
-3.36312e-44
-3.36312e-44
-3.36312e-44
-3.36312e-44
-3.36312e-44
-3.36312e-44
-3.36312e-44
-3.36312e-44
-3.36312e-44
-3.36312e-44
-3.36312e-44
-3.36312e-44
-3.36312e-44
-3.36312e-44
-3.36312e-44
-3.36312e-44
-3.36312e-44
-3.36312e-44
-3.36312e-44
-3.36312e-44
-3.36312e-44
-3.36312e-44
-3.36312e-44
-3.36312e-44
-3.36312e-44
-3.36312e-44
-3.36312e-44
-3.36312e-44
-3.36312e-44
-3.36312e-44
-3.36312e-44
-3.36312e-44
-3.36312e-44
-3.36312e-44
-3.36312e-44
-3.36312e-44
-3.36312e-44
-3.36312e-44
-3.36312e-44
-3.36312e-44
-3.36312e-44
-3.36312e-44
-3.36312e-44
-3.36312e-44
-3.36312e-44
-3.36312e-44
-3.36312e-44
-3.36312e-44
-3.36312e-44
-3.36312e-44
-3.36312e-44
-3.36312e-44
-3.36312e-44
-3.36312e-44
-3.36312e-44
-3.36312e-44
-3.36312e-44
-3.36312e-44
-3.36312e-44
-3.36312e-44
-3.36312e-44
-3.36312e-44
-3.36312e-44
-3.36312e-44
-3.36312e-44
-3.36312e-44
-3.36312e-44
-3.36312e-44
-3.36312e-44
-3.36312e-44
-3.36312e-44
-3.36312e-44
-3.36312e-44
-3.36312e-44
-3.36312e-44
-3.36312e-44
-3.36312e-44
-3.36312e-44
-3.36312e-44
-3.36312e-44
-3.36312e-44
-3.36312e-44
-3.36312e-44
-3.36312e-44
-3.36312e-44
-3.36312e-44
-3.36312e-44
-3.36312e-44
-3.36312e-44
-3.36312e-44
-3.36312e-44
-3.36312e-44
-3.36312e-44
-3.36312e-44
-3.36312e-44
-3.36312e-44
-3.36312e-44
-3.36312e-44
-3.36312e-44
-3.36312e-44
-3.36312e-44
-3.36312e-44
-3.36312e-44
-3.36312e-44
-3.36312e-44
-3.36312e-44
-3.36312e-44
-3.36312e-44
-3.36312e-44
-3.36312e-44
-3.36312e-44
-3.36312e-44
-3.36312e-44
-3.36312e-44
-3.36312e-44
-3.36312e-44
-3.36312e-44
-3.36312e-44
-3.36312e-44
-3.36312e-44
-3.36312e-44
-3.36312e-44
-3.36312e-44
-3.36312e-44
-3.36312e-44
-3.36312e-44
-3.36312e-44
-3.36312e-44
-3.36312e-44
-3.36312e-44
-3.36312e-44
-3.36312e-44
-3.36312e-44
-3.36312e-44
-3.36312e-44
-3.36312e-44
-3.36312e-44
-3.36312e-44
-3.36312e-44
-3.36312e-44
-3.36312e-44
-3.36312e-44
-3.36312e-44
-3.36312e-44
-3.36312e-44
-3.36312e-44
-3.36312e-44
-3.36312e-44
-3.36312e-44
-3.36312e-44
-3.36312e-44
-3.36312e-44
-3.36312e-44
-3.36312e-44
-3.36312e-44
-3.36312e-44
-3.36312e-44
-3.36312e-44
-3.36312e-44
-3.36312e-44
-3.36312e-44
-3.36312e-44
-3.36312e-44
-3.36312e-44
-3.36312e-44
-3.36312e-44
-3.36312e-44
-3.36312e-44
-3.36312e-44
-3.36312e-44
-3.36312e-44
-3.36312e-44
-3.36312e-44
-3.36312e-44
-3.36312e-44
-3.36312e-44
-3.36312e-44
-3.36312e-44
-3.36312e-44
-3.36312e-44
-3.36312e-44
-3.36312e-44
-3.36312e-44
-3.36312e-44
-3.36312e-44
-3.36312e-44
-3.36312e-44
-3.36312e-44
-3.36312e-44
-3.36312e-44
-3.36312e-44
-3.36312e-44
-3.36312e-44
-3.36312e-44
-3.36312e-44
-3.36312e-44
-3.36312e-44
-3.36312e-44
-3.36312e-44
-3.36312e-44
-3.36312e-44
-3.36312e-44
-3.36312e-44
-3.36312e-44
-3.36312e-44
-3.36312e-44
-3.36312e-44
-3.36312e-44
-3.36312e-44
-3.36312e-44
-3.36312e-44
-3.36312e-44
-3.36312e-44
-3.36312e-44
-3.36312e-44
-3.36312e-44
-3.36312e-44
-3.36312e-44
-3.36312e-44
-3.36312e-44
-3.36312e-44
-3.36312e-44
-3.36312e-44
-3.36312e-44
-3.36312e-44
-3.36312e-44
-3.36312e-44
-3.36312e-44
-3.36312e-44
-3.36312e-44
-3.36312e-44
-3.36312e-44
-3.36312e-44
-3.36312e-44
-3.36312e-44
-3.36312e-44
-3.36312e-44
-3.36312e-44
-3.36312e-44
-3.36312e-44
-3.36312e-44
-3.36312e-44
-3.36312e-44
-3.36312e-44
-3.36312e-44
-3.36312e-44
-3.36312e-44
-3.36312e-44
-3.36312e-44
-3.36312e-44
-3.36312e-44
-3.36312e-44
-3.36312e-44
-3.36312e-44
-3.36312e-44
-3.36312e-44
-3.36312e-44
-3.36312e-44
-3.36312e-44
-3.36312e-44
-3.36312e-44
-3.36312e-44
-3.36312e-44
-3.36312e-44
-3.36312e-44
-3.36312e-44
-3.36312e-44
-3.36312e-44
-3.36312e-44
-3.36312e-44
-3.36312e-44
-3.36312e-44
-3.36312e-44
-3.36312e-44
-3.36312e-44
-3.36312e-44
-3.36312e-44
-3.36312e-44
-3.36312e-44
-3.36312e-44
-3.36312e-44
-3.36312e-44
-3.36312e-44
-3.36312e-44
-3.36312e-44
-3.36312e-44
-3.36312e-44
-3.36312e-44
-3.36312e-44
-3.36312e-44
-3.36312e-44
-3.36312e-44
-3.36312e-44
-3.36312e-44
-3.36312e-44
-3.36312e-44
-3.36312e-44
-3.36312e-44
-3.36312e-44
-3.36312e-44
-3.36312e-44
-3.36312e-44
-3.36312e-44
-3.36312e-44
-3.36312e-44
-3.36312e-44
-3.36312e-44
-3.36312e-44
-3.36312e-44
-3.36312e-44
-3.36312e-44
-3.36312e-44
-3.36312e-44
-3.36312e-44
-3.36312e-44
-3.36312e-44
-3.36312e-44
-3.36312e-44
-3.36312e-44
-3.36312e-44
-3.36312e-44
-3.36312e-44
-3.36312e-44
-3.36312e-44
-3.36312e-44
-3.36312e-44
-3.36312e-44
-3.36312e-44
-3.36312e-44
-3.36312e-44
-3.36312e-44
-3.36312e-44
-3.36312e-44
-3.36312e-44
-3.36312e-44
-3.36312e-44
-3.36312e-44
-3.36312e-44
-3.36312e-44
-3.36312e-44
-3.36312e-44
-3.36312e-44
-3.36312e-44
-3.36312e-44
-3.36312e-44
-3.36312e-44
-3.36312e-44
-3.36312e-44
-3.36312e-44
-3.36312e-44
-3.36312e-44
-3.36312e-44
-3.36312e-44
-3.36312e-44
-3.36312e-44
-3.36312e-44
-3.36312e-44
-3.36312e-44
-3.36312e-44
-3.36312e-44
-3.36312e-44
-3.36312e-44
-3.36312e-44
-3.36312e-44
-3.36312e-44
-3.36312e-44
-3.36312e-44
-3.36312e-44
-3.36312e-44
-3.36312e-44
-3.36312e-44
-3.36312e-44
-3.36312e-44
-3.36312e-44
-3.36312e-44
-3.36312e-44
-3.36312e-44
-3.36312e-44
-3.36312e-44
-3.36312e-44
-3.36312e-44
-3.36312e-44
-3.36312e-44
-3.36312e-44
-3.36312e-44
-3.36312e-44
-3.36312e-44
-3.36312e-44
-3.36312e-44
-3.36312e-44
-3.36312e-44
-3.36312e-44
-3.36312e-44
-3.36312e-44
-3.36312e-44
-3.36312e-44
-3.36312e-44
-3.36312e-44
-3.36312e-44
-3.36312e-44
-3.36312e-44
-3.36312e-44
-3.36312e-44
-3.36312e-44
-3.36312e-44
-3.36312e-44
-3.36312e-44
-3.36312e-44
-3.36312e-44
-3.36312e-44
-3.36312e-44
-3.36312e-44
-3.36312e-44
-3.36312e-44
-3.36312e-44
-3.36312e-44
-3.36312e-44
-3.36312e-44
-3.36312e-44
-3.36312e-44
-3.36312e-44
-3.36312e-44
-3.36312e-44
-3.36312e-44
-3.36312e-44
-3.36312e-44
-3.36312e-44
-3.36312e-44
-3.36312e-44
-3.36312e-44
-3.36312e-44
-3.36312e-44
-3.36312e-44
-3.36312e-44
-3.36312e-44
-3.36312e-44
-3.36312e-44
-3.36312e-44
-3.36312e-44
-3.36312e-44
-3.36312e-44
-3.36312e-44
-3.36312e-44
-3.36312e-44
-3.36312e-44
-3.36312e-44
-3.36312e-44
-3.36312e-44
-3.36312e-44
-3.36312e-44
-3.36312e-44
-3.36312e-44
-3.36312e-44
-3.36312e-44
-3.36312e-44
-3.36312e-44
-3.36312e-44
-3.36312e-44
-3.36312e-44
-3.36312e-44
-3.36312e-44
-3.36312e-44
-3.36312e-44
-3.36312e-44
-3.36312e-44
-3.36312e-44
-3.36312e-44
-3.36312e-44
-3.36312e-44
-3.36312e-44
-3.36312e-44
-3.36312e-44
-3.36312e-44
-3.36312e-44
-3.36312e-44
-3.36312e-44
-3.36312e-44
-3.36312e-44
-3.36312e-44
-3.36312e-44
-3.36312e-44
-3.36312e-44
-3.36312e-44
-3.36312e-44
-3.36312e-44
-3.36312e-44
-3.36312e-44
-3.36312e-44
-3.36312e-44
-3.36312e-44
-3.36312e-44
-3.36312e-44
-3.36312e-44
-3.36312e-44
-3.36312e-44
-3.36312e-44
-3.36312e-44
-3.36312e-44
-3.36312e-44
-3.36312e-44
-3.36312e-44
-3.36312e-44
-3.36312e-44
-3.36312e-44
-3.36312e-44
-3.36312e-44
-3.36312e-44
-3.36312e-44
-3.36312e-44
-3.36312e-44
-3.36312e-44
-3.36312e-44
-3.36312e-44
-3.36312e-44
-3.36312e-44
-3.36312e-44
-3.36312e-44
-3.36312e-44
-3.36312e-44
-3.36312e-44
-3.36312e-44
-3.36312e-44
-3.36312e-44
-3.36312e-44
-3.36312e-44
-3.36312e-44
-3.36312e-44
-3.36312e-44
-3.36312e-44
-3.36312e-44
-3.36312e-44
-3.36312e-44
-3.36312e-44
-3.36312e-44
-3.36312e-44
-3.36312e-44
-3.36312e-44
-3.36312e-44
-3.36312e-44
-3.36312e-44
-3.36312e-44
-3.36312e-44
-3.36312e-44
-3.36312e-44
-3.36312e-44
-3.36312e-44
-3.36312e-44
-3.36312e-44
-3.36312e-44
-3.36312e-44
-3.36312e-44
-3.36312e-44
-3.36312e-44
-3.36312e-44
-3.36312e-44
-3.36312e-44
-3.36312e-44
-3.36312e-44
-3.36312e-44
-3.36312e-44
-3.36312e-44
-3.36312e-44
-3.36312e-44
-3.36312e-44
-3.36312e-44
-3.36312e-44
-3.36312e-44
-3.36312e-44
-3.36312e-44
-3.36312e-44
-3.36312e-44
-3.36312e-44
-3.36312e-44
-3.36312e-44
-3.36312e-44
-3.36312e-44
-3.36312e-44
-3.36312e-44
-3.36312e-44
-3.36312e-44
-3.36312e-44
-3.36312e-44
-3.36312e-44
-3.36312e-44
-3.36312e-44
-3.36312e-44
-3.36312e-44
-3.36312e-44
-3.36312e-44
-3.36312e-44
-3.36312e-44
-3.36312e-44
-3.36312e-44
-3.36312e-44
-3.36312e-44
-3.36312e-44
-3.36312e-44
-3.36312e-44
-3.36312e-44
-3.36312e-44
-3.36312e-44
-3.36312e-44
-3.36312e-44
-3.36312e-44
-3.36312e-44
-3.36312e-44
-3.36312e-44
-3.36312e-44
-3.36312e-44
-3.36312e-44
-3.36312e-44
-3.36312e-44
-3.36312e-44
-3.36312e-44
-3.36312e-44
-3.36312e-44
-3.36312e-44
-3.36312e-44
-3.36312e-44
-3.36312e-44
-3.36312e-44
-3.36312e-44
-3.36312e-44
-3.36312e-44
-3.36312e-44
-3.36312e-44
-3.36312e-44
-3.36312e-44
-3.36312e-44
-3.36312e-44
-3.36312e-44
-3.36312e-44
-3.36312e-44
-3.36312e-44
-3.36312e-44
-3.36312e-44
-3.36312e-44
-3.36312e-44
-3.36312e-44
-3.36312e-44
-3.36312e-44
-3.36312e-44
-3.36312e-44
-3.36312e-44
-3.36312e-44
-3.36312e-44
-3.36312e-44
-3.36312e-44
-3.36312e-44
-3.36312e-44
-3.36312e-44
-3.36312e-44
-3.36312e-44
-3.36312e-44
-3.36312e-44
-3.36312e-44
-3.36312e-44
-3.36312e-44
-3.36312e-44
-3.36312e-44
-3.36312e-44
-3.36312e-44
-3.36312e-44
-3.36312e-44
-3.36312e-44
-3.36312e-44
-3.36312e-44
-3.36312e-44
-3.36312e-44
-3.36312e-44
-3.36312e-44
-3.36312e-44
-3.36312e-44
-3.36312e-44
-3.36312e-44
-3.36312e-44
-3.36312e-44
-3.36312e-44
-3.36312e-44
-3.36312e-44
-3.36312e-44
-3.36312e-44
-3.36312e-44
-3.36312e-44
-3.36312e-44
-3.36312e-44
-3.36312e-44
-3.36312e-44
-3.36312e-44
-3.36312e-44
-3.36312e-44
-3.36312e-44
-3.36312e-44
-3.36312e-44
-3.36312e-44
-3.36312e-44
-3.36312e-44
-3.36312e-44
-3.36312e-44
-3.36312e-44
-3.36312e-44
-3.36312e-44
-3.36312e-44
-3.36312e-44
-3.36312e-44
-3.36312e-44
-3.36312e-44
-3.36312e-44
-3.36312e-44
-3.36312e-44
-3.36312e-44
-3.36312e-44
-3.36312e-44
-3.36312e-44
-3.36312e-44
-3.36312e-44
-3.36312e-44
-3.36312e-44
-3.36312e-44
-3.36312e-44
-3.36312e-44
-3.36312e-44
-3.36312e-44
-3.36312e-44
-3.36312e-44
-3.36312e-44
-3.36312e-44
-3.36312e-44
-3.36312e-44
-3.36312e-44
-3.36312e-44
-3.36312e-44
-3.36312e-44
-3.36312e-44
-3.36312e-44
-3.36312e-44
-3.36312e-44
-3.36312e-44
-3.36312e-44
-3.36312e-44
-3.36312e-44
-3.36312e-44
-3.36312e-44
-3.36312e-44
-3.36312e-44
-3.36312e-44
-3.36312e-44
-3.36312e-44
-3.36312e-44
-3.36312e-44
-3.36312e-44
-3.36312e-44
-3.36312e-44
-3.36312e-44
-3.36312e-44
-3.36312e-44
-3.36312e-44
-3.36312e-44
-3.36312e-44
-3.36312e-44
-3.36312e-44
-3.36312e-44
-3.36312e-44
-3.36312e-44
-3.36312e-44
-3.36312e-44
-3.36312e-44
-3.36312e-44
-3.36312e-44
-3.36312e-44
-3.36312e-44
-3.36312e-44
-3.36312e-44
-3.36312e-44
-3.36312e-44
-3.36312e-44
-3.36312e-44
-3.36312e-44
-3.36312e-44
-3.36312e-44
-3.36312e-44
-3.36312e-44
-3.36312e-44
-3.36312e-44
-3.36312e-44
-3.36312e-44
-3.36312e-44
-3.36312e-44
-3.36312e-44
-3.36312e-44
-3.36312e-44
-3.36312e-44
-3.36312e-44
-3.36312e-44
-3.36312e-44
-3.36312e-44
-3.36312e-44
-3.36312e-44
-3.36312e-44
-3.36312e-44
-3.36312e-44
-3.36312e-44
-3.36312e-44
-3.36312e-44
-3.36312e-44
-3.36312e-44
-3.36312e-44
-3.36312e-44
-3.36312e-44
-3.36312e-44
-3.36312e-44
-3.36312e-44
-3.36312e-44
-3.36312e-44
-3.36312e-44
-3.36312e-44
-3.36312e-44
-3.36312e-44
-3.36312e-44
-3.36312e-44
-3.36312e-44
-3.36312e-44
-3.36312e-44
-3.36312e-44
-3.36312e-44
-3.36312e-44
-3.36312e-44
-3.36312e-44
-3.36312e-44
-3.36312e-44
-3.36312e-44
-3.36312e-44
-3.36312e-44
-3.36312e-44
-3.36312e-44
-3.36312e-44
-3.36312e-44
-3.36312e-44
-3.36312e-44
-3.36312e-44
-3.36312e-44
-3.36312e-44
-3.36312e-44
-3.36312e-44
-3.36312e-44
-3.36312e-44
-3.36312e-44
-3.36312e-44
-3.36312e-44
-3.36312e-44
-3.36312e-44
-3.36312e-44
-3.36312e-44
-3.36312e-44
-3.36312e-44
-3.36312e-44
-3.36312e-44
-3.36312e-44
-3.36312e-44
-3.36312e-44
-3.36312e-44
-3.36312e-44
-3.36312e-44
-3.36312e-44
-3.36312e-44
-3.36312e-44
-3.36312e-44
-3.36312e-44
-3.36312e-44
-3.36312e-44
-3.36312e-44
-3.36312e-44
-3.36312e-44
-3.36312e-44
-3.36312e-44
-3.36312e-44
-3.36312e-44
-3.36312e-44
-3.36312e-44
-3.36312e-44
-3.36312e-44
-3.36312e-44
-3.36312e-44
-3.36312e-44
-3.36312e-44
-3.36312e-44
-3.36312e-44
-3.36312e-44
-3.36312e-44
-3.36312e-44
-3.36312e-44
-3.36312e-44
-3.36312e-44
-3.36312e-44
-3.36312e-44
-3.36312e-44
-3.36312e-44
-3.36312e-44
-3.36312e-44
-3.36312e-44
-3.36312e-44
-3.36312e-44
-3.36312e-44
-3.36312e-44
-3.36312e-44
-3.36312e-44
-3.36312e-44
-3.36312e-44
-3.36312e-44
-3.36312e-44
-3.36312e-44
-3.36312e-44
-3.36312e-44
-3.36312e-44
-3.36312e-44
-3.36312e-44
-3.36312e-44
-3.36312e-44
-3.36312e-44
-3.36312e-44
-3.36312e-44
-3.36312e-44
-3.36312e-44
-3.36312e-44
-3.36312e-44
-3.36312e-44
-3.36312e-44
-3.36312e-44
-3.36312e-44
-3.36312e-44
-3.36312e-44
-3.36312e-44
-3.36312e-44
-3.36312e-44
-3.36312e-44
-3.36312e-44
-3.36312e-44
-3.36312e-44
-3.36312e-44
-3.36312e-44
-3.36312e-44
-3.36312e-44
-3.36312e-44
-3.36312e-44
-3.36312e-44
-3.36312e-44
-3.36312e-44
-3.36312e-44
-3.36312e-44
-3.36312e-44
-3.36312e-44
-3.36312e-44
-3.36312e-44
-3.36312e-44
-3.36312e-44
-3.36312e-44
-3.36312e-44
-3.36312e-44
-3.36312e-44
-3.36312e-44
-3.36312e-44
-3.36312e-44
-3.36312e-44
-3.36312e-44
-3.36312e-44
-3.36312e-44
-3.36312e-44
-3.36312e-44
-3.36312e-44
-3.36312e-44
-3.36312e-44
-3.36312e-44
-3.36312e-44
-3.36312e-44
-3.36312e-44
-3.36312e-44
-3.36312e-44
-3.36312e-44
-3.36312e-44
-3.36312e-44
-3.36312e-44
-3.36312e-44
-3.36312e-44
-3.36312e-44
-3.36312e-44
-3.36312e-44
-3.36312e-44
-3.36312e-44
-3.36312e-44
-3.36312e-44
-3.36312e-44
-3.36312e-44
-3.36312e-44
-3.36312e-44
-3.36312e-44
-3.36312e-44
-3.36312e-44
-3.36312e-44
-3.36312e-44
-3.36312e-44
-3.36312e-44
-3.36312e-44
-3.36312e-44
-3.36312e-44
-3.36312e-44
-3.36312e-44
-3.36312e-44
-3.36312e-44
-3.36312e-44
-3.36312e-44
-3.36312e-44
-3.36312e-44
-3.36312e-44
-3.36312e-44
-3.36312e-44
-3.36312e-44
-3.36312e-44
-3.36312e-44
-3.36312e-44
-3.36312e-44
-3.36312e-44
-3.36312e-44
-3.36312e-44
-3.36312e-44
-3.36312e-44
-3.36312e-44
-3.36312e-44
-3.36312e-44
-3.36312e-44
-3.36312e-44
-3.36312e-44
-3.36312e-44
-3.36312e-44
-3.36312e-44
-3.36312e-44
-3.36312e-44
-3.36312e-44
-3.36312e-44
-3.36312e-44
-3.36312e-44
-3.36312e-44
-3.36312e-44
-3.36312e-44
-3.36312e-44
-3.36312e-44
-3.36312e-44
-3.36312e-44
-3.36312e-44
-3.36312e-44
-3.36312e-44
-3.36312e-44
-3.36312e-44
-3.36312e-44
-3.36312e-44
-3.36312e-44
-3.36312e-44
-3.36312e-44
-3.36312e-44
-3.36312e-44
-3.36312e-44
-3.36312e-44
-3.36312e-44
-3.36312e-44
-3.36312e-44
-3.36312e-44
-3.36312e-44
-3.36312e-44
-3.36312e-44
-3.36312e-44
-3.36312e-44
-3.36312e-44
-3.36312e-44
-3.36312e-44
-3.36312e-44
-3.36312e-44
-3.36312e-44
-3.36312e-44
-3.36312e-44
-3.36312e-44
-3.36312e-44
-3.36312e-44
-3.36312e-44
-3.36312e-44
-3.36312e-44
-3.36312e-44
-3.36312e-44
-3.36312e-44
-3.36312e-44
-3.36312e-44
-3.36312e-44
-3.36312e-44
-3.36312e-44
-3.36312e-44
-3.36312e-44
-3.36312e-44
-3.36312e-44
-3.36312e-44
-3.36312e-44
-3.36312e-44
-3.36312e-44
-3.36312e-44
-3.36312e-44
-3.36312e-44
-3.36312e-44
-3.36312e-44
-3.36312e-44
-3.36312e-44
-3.36312e-44
-3.36312e-44
-3.36312e-44
-3.36312e-44
-3.36312e-44
-3.36312e-44
-3.36312e-44
-3.36312e-44
-3.36312e-44
-3.36312e-44
-3.36312e-44
-3.36312e-44
-3.36312e-44
-3.36312e-44
-3.36312e-44
-3.36312e-44
-3.36312e-44
-3.36312e-44
-3.36312e-44
-3.36312e-44
-3.36312e-44
-3.36312e-44
-3.36312e-44
-3.36312e-44
-3.36312e-44
-3.36312e-44
-3.36312e-44
-3.36312e-44
-3.36312e-44
-3.36312e-44
-3.36312e-44
-3.36312e-44
-3.36312e-44
-3.36312e-44
-3.36312e-44
-3.36312e-44
-3.36312e-44
-3.36312e-44
-3.36312e-44
-3.36312e-44
-3.36312e-44
-3.36312e-44
-3.36312e-44
-3.36312e-44
-3.36312e-44
-3.36312e-44
-3.36312e-44
-3.36312e-44
-3.36312e-44
-3.36312e-44
-3.36312e-44
-3.36312e-44
-3.36312e-44
-3.36312e-44
-3.36312e-44
-3.36312e-44
-3.36312e-44
-3.36312e-44
-3.36312e-44
-3.36312e-44
-3.36312e-44
-3.36312e-44
-3.36312e-44
-3.36312e-44
-3.36312e-44
-3.36312e-44
-3.36312e-44
-3.36312e-44
-3.36312e-44
-3.36312e-44
-3.36312e-44
-3.36312e-44
-3.36312e-44
-3.36312e-44
-3.36312e-44
-3.36312e-44
-3.36312e-44
-3.36312e-44
-3.36312e-44
-3.36312e-44
-3.36312e-44
-3.36312e-44
-3.36312e-44
-3.36312e-44
-3.36312e-44
-3.36312e-44
-3.36312e-44
-3.36312e-44
-3.36312e-44
-3.36312e-44
-3.36312e-44
-3.36312e-44
-3.36312e-44
-3.36312e-44
-3.36312e-44
-3.36312e-44
-3.36312e-44
-3.36312e-44
-3.36312e-44
-3.36312e-44
-3.36312e-44
-3.36312e-44
-3.36312e-44
-3.36312e-44
-3.36312e-44
-3.36312e-44
-3.36312e-44
-3.36312e-44
-3.36312e-44
-3.36312e-44
-3.36312e-44
-3.36312e-44
-3.36312e-44
-3.36312e-44
-3.36312e-44
-3.36312e-44
-3.36312e-44
-3.36312e-44
-3.36312e-44
-3.36312e-44
-3.36312e-44
-3.36312e-44
-3.36312e-44
-3.36312e-44
-3.36312e-44
-3.36312e-44
-3.36312e-44
-3.36312e-44
-3.36312e-44
-3.36312e-44
-3.36312e-44
-3.36312e-44
-3.36312e-44
-3.36312e-44
-3.36312e-44
-3.36312e-44
-3.36312e-44
-3.36312e-44
-3.36312e-44
-3.36312e-44
-3.36312e-44
-3.36312e-44
-3.36312e-44
-3.36312e-44
-3.36312e-44
-3.36312e-44
-3.36312e-44
-3.36312e-44
-3.36312e-44
-3.36312e-44
-3.36312e-44
-3.36312e-44
-3.36312e-44
-3.36312e-44
-3.36312e-44
-3.36312e-44
-3.36312e-44
-3.36312e-44
-3.36312e-44
-3.36312e-44
-3.36312e-44
-3.36312e-44
-3.36312e-44
-3.36312e-44
-3.36312e-44
-3.36312e-44
-3.36312e-44
-3.36312e-44
-3.36312e-44
-3.36312e-44
-3.36312e-44
-3.36312e-44
-3.36312e-44
-3.36312e-44
-3.36312e-44
-3.36312e-44
-3.36312e-44
-3.36312e-44
-3.36312e-44
-3.36312e-44
-3.36312e-44
-3.36312e-44
-3.36312e-44
-3.36312e-44
-3.36312e-44
-3.36312e-44
-3.36312e-44
-3.36312e-44
-3.36312e-44
-3.36312e-44
-3.36312e-44
-3.36312e-44
-3.36312e-44
-3.36312e-44
-3.36312e-44
-3.36312e-44
-3.36312e-44
-3.36312e-44
-3.36312e-44
-3.36312e-44
-3.36312e-44
-3.36312e-44
-3.36312e-44
-3.36312e-44
-3.36312e-44
-3.36312e-44
-3.36312e-44
-3.36312e-44
-3.36312e-44
-3.36312e-44
-3.36312e-44
-3.36312e-44
-3.36312e-44
-3.36312e-44
-3.36312e-44
-3.36312e-44
-3.36312e-44
-3.36312e-44
-3.36312e-44
-3.36312e-44
-3.36312e-44
-3.36312e-44
-3.36312e-44
-3.36312e-44
-3.36312e-44
-3.36312e-44
-3.36312e-44
-3.36312e-44
-3.36312e-44
-3.36312e-44
-3.36312e-44
-3.36312e-44
-3.36312e-44
-3.36312e-44
-3.36312e-44
-3.36312e-44
-3.36312e-44
-3.36312e-44
-3.36312e-44
-3.36312e-44
-3.36312e-44
-3.36312e-44
-3.36312e-44
-3.36312e-44
-3.36312e-44
-3.36312e-44
-3.36312e-44
-3.36312e-44
-3.36312e-44
-3.36312e-44
-3.36312e-44
-3.36312e-44
-3.36312e-44
-3.36312e-44
-3.36312e-44
-3.36312e-44
-3.36312e-44
-3.36312e-44
-3.36312e-44
-3.36312e-44
-3.36312e-44
-3.36312e-44
-3.36312e-44
-3.36312e-44
-3.36312e-44
-3.36312e-44
-3.36312e-44
-3.36312e-44
-3.36312e-44
-3.36312e-44
-3.36312e-44
-3.36312e-44
-3.36312e-44
-3.36312e-44
-3.36312e-44
-3.36312e-44
-3.36312e-44
-3.36312e-44
-3.36312e-44
-3.36312e-44
-3.36312e-44
-3.36312e-44
-3.36312e-44
-3.36312e-44
-3.36312e-44
-3.36312e-44
-3.36312e-44
-3.36312e-44
-3.36312e-44
-3.36312e-44
-3.36312e-44
-3.36312e-44
-3.36312e-44
-3.36312e-44
-3.36312e-44
-3.36312e-44
-3.36312e-44
-3.36312e-44
-3.36312e-44
-3.36312e-44
-3.36312e-44
-3.36312e-44
-3.36312e-44
-3.36312e-44
-3.36312e-44
-3.36312e-44
-3.36312e-44
-3.36312e-44
-3.36312e-44
-3.36312e-44
-3.36312e-44
-3.36312e-44
-3.36312e-44
-3.36312e-44
-3.36312e-44
-3.36312e-44
-3.36312e-44
-3.36312e-44
-3.36312e-44
-3.36312e-44
-3.36312e-44
-3.36312e-44
-3.36312e-44
-3.36312e-44
-3.36312e-44
-3.36312e-44
-3.36312e-44
-3.36312e-44
-3.36312e-44
-3.36312e-44
-3.36312e-44
-3.36312e-44
-3.36312e-44
-3.36312e-44
-3.36312e-44
-3.36312e-44
-3.36312e-44
-3.36312e-44
-3.36312e-44
-3.36312e-44
-3.36312e-44
-3.36312e-44
-3.36312e-44
-3.36312e-44
-3.36312e-44
-3.36312e-44
-3.36312e-44
-3.36312e-44
-3.36312e-44
-3.36312e-44
-3.36312e-44
-3.36312e-44
-3.36312e-44
-3.36312e-44
-3.36312e-44
-3.36312e-44
-3.36312e-44
-3.36312e-44
-3.36312e-44
-3.36312e-44
-3.36312e-44
-3.36312e-44
-3.36312e-44
-3.36312e-44
-3.36312e-44
-3.36312e-44
-3.36312e-44
-3.36312e-44
-3.36312e-44
-3.36312e-44
-3.36312e-44
-3.36312e-44
-3.36312e-44
-3.36312e-44
-3.36312e-44
-3.36312e-44
-3.36312e-44
-3.36312e-44
-3.36312e-44
-3.36312e-44
-3.36312e-44
-3.36312e-44
-3.36312e-44
-3.36312e-44
-3.36312e-44
-3.36312e-44
-3.36312e-44
-3.36312e-44
-3.36312e-44
-3.36312e-44
-3.36312e-44
-3.36312e-44
-3.36312e-44
-3.36312e-44
-3.36312e-44
-3.36312e-44
-3.36312e-44
-3.36312e-44
-3.36312e-44
-3.36312e-44
-3.36312e-44
-3.36312e-44
-3.36312e-44
-3.36312e-44
-3.36312e-44
-3.36312e-44
-3.36312e-44
-3.36312e-44
-3.36312e-44
-3.36312e-44
-3.36312e-44
-3.36312e-44
-3.36312e-44
-3.36312e-44
-3.36312e-44
-3.36312e-44
-3.36312e-44
-3.36312e-44
-3.36312e-44
-3.36312e-44
-3.36312e-44
-3.36312e-44
-3.36312e-44
-3.36312e-44
-3.36312e-44
-3.36312e-44
-3.36312e-44
-3.36312e-44
-3.36312e-44
-3.36312e-44
-3.36312e-44
-3.36312e-44
-3.36312e-44
-3.36312e-44
-3.36312e-44
-3.36312e-44
-3.36312e-44
-3.36312e-44
-3.36312e-44
-3.36312e-44
-3.36312e-44
-3.36312e-44
-3.36312e-44
-3.36312e-44
-3.36312e-44
-3.36312e-44
-3.36312e-44
-3.36312e-44
-3.36312e-44
-3.36312e-44
-3.36312e-44
-3.36312e-44
-3.36312e-44
-3.36312e-44
-3.36312e-44
-3.36312e-44
-3.36312e-44
-3.36312e-44
-3.36312e-44
-3.36312e-44
-3.36312e-44
-3.36312e-44
-3.36312e-44
-3.36312e-44
-3.36312e-44
-3.36312e-44
-3.36312e-44
-3.36312e-44
-3.36312e-44
-3.36312e-44
-3.36312e-44
-3.36312e-44
-3.36312e-44
-3.36312e-44
-3.36312e-44
-3.36312e-44
-3.36312e-44
-3.36312e-44
-3.36312e-44
-3.36312e-44
-3.36312e-44
-3.36312e-44
-3.36312e-44
-3.36312e-44
-3.36312e-44
-3.36312e-44
-3.36312e-44
-3.36312e-44
-3.36312e-44
-3.36312e-44
-3.36312e-44
-3.36312e-44
-3.36312e-44
-3.36312e-44
-3.36312e-44
-3.36312e-44
-3.36312e-44
-3.36312e-44
-3.36312e-44
-3.36312e-44
-3.36312e-44
-3.36312e-44
-3.36312e-44
-3.36312e-44
-3.36312e-44
-3.36312e-44
-3.36312e-44
-3.36312e-44
-3.36312e-44
-3.36312e-44
-3.36312e-44
-3.36312e-44
-3.36312e-44
-3.36312e-44
-3.36312e-44
-3.36312e-44
-3.36312e-44
-3.36312e-44
-3.36312e-44
-3.36312e-44
-3.36312e-44
-3.36312e-44
-3.36312e-44
-3.36312e-44
-3.36312e-44
-3.36312e-44
-3.36312e-44
-3.36312e-44
-3.36312e-44
-3.36312e-44
-3.36312e-44
-3.36312e-44
-3.36312e-44
-3.36312e-44
-3.36312e-44
-3.36312e-44
-3.36312e-44
-3.36312e-44
-3.36312e-44
-3.36312e-44
-3.36312e-44
-3.36312e-44
-3.36312e-44
-3.36312e-44
-3.36312e-44
-3.36312e-44
-3.36312e-44
-3.36312e-44
-3.36312e-44
-3.36312e-44
-3.36312e-44
-3.36312e-44
-3.36312e-44
-3.36312e-44
-3.36312e-44
-3.36312e-44
-3.36312e-44
-3.36312e-44
-3.36312e-44
-3.36312e-44
-3.36312e-44
-3.36312e-44
-3.36312e-44
-3.36312e-44
-3.36312e-44
-3.36312e-44
-3.36312e-44
-3.36312e-44
-3.36312e-44
-3.36312e-44
-3.36312e-44
-3.36312e-44
-3.36312e-44
-3.36312e-44
-3.36312e-44
-3.36312e-44
-3.36312e-44
-3.36312e-44
-3.36312e-44
-3.36312e-44
-3.36312e-44
-3.36312e-44
-3.36312e-44
-3.36312e-44
-3.36312e-44
-3.36312e-44
-3.36312e-44
-3.36312e-44
-3.36312e-44
-3.36312e-44
-3.36312e-44
-3.36312e-44
-3.36312e-44
-3.36312e-44
-3.36312e-44
-3.36312e-44
-3.36312e-44
-3.36312e-44
-3.36312e-44
-3.36312e-44
-3.36312e-44
-3.36312e-44
-3.36312e-44
-3.36312e-44
-3.36312e-44
-3.36312e-44
-3.36312e-44
-3.36312e-44
-3.36312e-44
-3.36312e-44
-3.36312e-44
-3.36312e-44
-3.36312e-44
-3.36312e-44
-3.36312e-44
-3.36312e-44
-3.36312e-44
-3.36312e-44
-3.36312e-44
-3.36312e-44
-3.36312e-44
-3.36312e-44
-3.36312e-44
-3.36312e-44
-3.36312e-44
-3.36312e-44
-3.36312e-44
-3.36312e-44
-3.36312e-44
-3.36312e-44
-3.36312e-44
-3.36312e-44
-3.36312e-44
-3.36312e-44
-3.36312e-44
-3.36312e-44
-3.36312e-44
-3.36312e-44
-3.36312e-44
-3.36312e-44
-3.36312e-44
-3.36312e-44
-3.36312e-44
-3.36312e-44
-3.36312e-44
-3.36312e-44
-3.36312e-44
-3.36312e-44
-3.36312e-44
-3.36312e-44
-3.36312e-44
-3.36312e-44
-3.36312e-44
-3.36312e-44
-3.36312e-44
-3.36312e-44
-3.36312e-44
-3.36312e-44
-3.36312e-44
-3.36312e-44
-3.36312e-44
-3.36312e-44
-3.36312e-44
-3.36312e-44
-3.36312e-44
-3.36312e-44
-3.36312e-44
-3.36312e-44
-3.36312e-44
-3.36312e-44
-3.36312e-44
-3.36312e-44
-3.36312e-44
-3.36312e-44
-3.36312e-44
-3.36312e-44
-3.36312e-44
-3.36312e-44
-3.36312e-44
-3.36312e-44
-3.36312e-44
-3.36312e-44
-3.36312e-44
-3.36312e-44
-3.36312e-44
-3.36312e-44
-3.36312e-44
-3.36312e-44
-3.36312e-44
-3.36312e-44
-3.36312e-44
-3.36312e-44
-3.36312e-44
-3.36312e-44
-3.36312e-44
-3.36312e-44
-3.36312e-44
-3.36312e-44
-3.36312e-44
-3.36312e-44
-3.36312e-44
-3.36312e-44
-3.36312e-44
-3.36312e-44
-3.36312e-44
-3.36312e-44
-3.36312e-44
-3.36312e-44
-3.36312e-44
-3.36312e-44
-3.36312e-44
-3.36312e-44
-3.36312e-44
-3.36312e-44
-3.36312e-44
-3.36312e-44
-3.36312e-44
-3.36312e-44
-3.36312e-44
-3.36312e-44
-3.36312e-44
-3.36312e-44
-3.36312e-44
-3.36312e-44
-3.36312e-44
-3.36312e-44
-3.36312e-44
-3.36312e-44
-3.36312e-44
-3.36312e-44
-3.36312e-44
-3.36312e-44
-3.36312e-44
-3.36312e-44
-3.36312e-44
-3.36312e-44
-3.36312e-44
-3.36312e-44
-3.36312e-44
-3.36312e-44
-3.36312e-44
-3.36312e-44
-3.36312e-44
-3.36312e-44
-3.36312e-44
-3.36312e-44
-3.36312e-44
-3.36312e-44
-3.36312e-44
-3.36312e-44
-3.36312e-44
-3.36312e-44
-3.36312e-44
-3.36312e-44
-3.36312e-44
-3.36312e-44
-3.36312e-44
-3.36312e-44
-3.36312e-44
-3.36312e-44
-3.36312e-44
-3.36312e-44
-3.36312e-44
-3.36312e-44
-3.36312e-44
-3.36312e-44
-3.36312e-44
-3.36312e-44
-3.36312e-44
-3.36312e-44
-3.36312e-44
-3.36312e-44
-3.36312e-44
-3.36312e-44
-3.36312e-44
-3.36312e-44
-3.36312e-44
-3.36312e-44
-3.36312e-44
-3.36312e-44
-3.36312e-44
-3.36312e-44
-3.36312e-44
-3.36312e-44
-3.36312e-44
-3.36312e-44
-3.36312e-44
-3.36312e-44
-3.36312e-44
-3.36312e-44
-3.36312e-44
-3.36312e-44
-3.36312e-44
-3.36312e-44
-3.36312e-44
-3.36312e-44
-3.36312e-44
-3.36312e-44
-3.36312e-44
-3.36312e-44
-3.36312e-44
-3.36312e-44
-3.36312e-44
-3.36312e-44
-3.36312e-44
-3.36312e-44
-3.36312e-44
-3.36312e-44
-3.36312e-44
-3.36312e-44
-3.36312e-44
-3.36312e-44
-3.36312e-44
-3.36312e-44
-3.36312e-44
-3.36312e-44
-3.36312e-44
-3.36312e-44
-3.36312e-44
-3.36312e-44
-3.36312e-44
-3.36312e-44
-3.36312e-44
-3.36312e-44
-3.36312e-44
-3.36312e-44
-3.36312e-44
-3.36312e-44
-3.36312e-44
-3.36312e-44
-3.36312e-44
-3.36312e-44
-3.36312e-44
-3.36312e-44
-3.36312e-44
-3.36312e-44
-3.36312e-44
-3.36312e-44
-3.36312e-44
-3.36312e-44
-3.36312e-44
-3.36312e-44
-3.36312e-44
-3.36312e-44
-3.36312e-44
-3.36312e-44
-3.36312e-44
-3.36312e-44
-3.36312e-44
-3.36312e-44
-3.36312e-44
-3.36312e-44
-3.36312e-44
-3.36312e-44
-3.36312e-44
-3.36312e-44
-3.36312e-44
-3.36312e-44
-3.36312e-44
-3.36312e-44
-3.36312e-44
-3.36312e-44
-3.36312e-44
-3.36312e-44
-3.36312e-44
-3.36312e-44
-3.36312e-44
-3.36312e-44
-3.36312e-44
-3.36312e-44
-3.36312e-44
-3.36312e-44
-3.36312e-44
-3.36312e-44
-3.36312e-44
-3.36312e-44
-3.36312e-44
-3.36312e-44
-3.36312e-44
-3.36312e-44
-3.36312e-44
-3.36312e-44
-3.36312e-44
-3.36312e-44
-3.36312e-44
-3.36312e-44
-3.36312e-44
-3.36312e-44
-3.36312e-44
-3.36312e-44
-3.36312e-44
-3.36312e-44
-3.36312e-44
-3.36312e-44
-3.36312e-44
-3.36312e-44
-3.36312e-44
-3.36312e-44
-3.36312e-44
-3.36312e-44
-3.36312e-44
-3.36312e-44
-3.36312e-44
-3.36312e-44
-3.36312e-44
-3.36312e-44
-3.36312e-44
-3.36312e-44
-3.36312e-44
-3.36312e-44
-3.36312e-44
-3.36312e-44
-3.36312e-44
-3.36312e-44
-3.36312e-44
-3.36312e-44
-3.36312e-44
-3.36312e-44
-3.36312e-44
-3.36312e-44
-3.36312e-44
-3.36312e-44
-3.36312e-44
-3.36312e-44
-3.36312e-44
-3.36312e-44
-3.36312e-44
-3.36312e-44
-3.36312e-44
-3.36312e-44
-3.36312e-44
-3.36312e-44
-3.36312e-44
-3.36312e-44
-3.36312e-44
-3.36312e-44
-3.36312e-44
-3.36312e-44
-3.36312e-44
-3.36312e-44
-3.36312e-44
-3.36312e-44
-3.36312e-44
-3.36312e-44
-3.36312e-44
-3.36312e-44
-3.36312e-44
-3.36312e-44
-3.36312e-44
-3.36312e-44
-3.36312e-44
-3.36312e-44
-3.36312e-44
-3.36312e-44
-3.36312e-44
-3.36312e-44
-3.36312e-44
-3.36312e-44
-3.36312e-44
-3.36312e-44
-3.36312e-44
-3.36312e-44
-3.36312e-44
-3.36312e-44
-3.36312e-44
-3.36312e-44
-3.36312e-44
-3.36312e-44
-3.36312e-44
-3.36312e-44
-3.36312e-44
-3.36312e-44
-3.36312e-44
-3.36312e-44
-3.36312e-44
-3.36312e-44
-3.36312e-44
-3.36312e-44
-3.36312e-44
-3.36312e-44
-3.36312e-44
-3.36312e-44
-3.36312e-44
-3.36312e-44
-3.36312e-44
-3.36312e-44
-3.36312e-44
-3.36312e-44
-3.36312e-44
-3.36312e-44
-3.36312e-44
-3.36312e-44
-3.36312e-44
-3.36312e-44
-3.36312e-44
-3.36312e-44
-3.36312e-44
-3.36312e-44
-3.36312e-44
-3.36312e-44
-3.36312e-44
-3.36312e-44
-3.36312e-44
-3.36312e-44
-3.36312e-44
-3.36312e-44
-3.36312e-44
-3.36312e-44
-3.36312e-44
-3.36312e-44
-3.36312e-44
-3.36312e-44
-3.36312e-44
-3.36312e-44
-3.36312e-44
-3.36312e-44
-3.36312e-44
-3.36312e-44
-3.36312e-44
-3.36312e-44
-3.36312e-44
-3.36312e-44
-3.36312e-44
-3.36312e-44
-3.36312e-44
-3.36312e-44
-3.36312e-44
-3.36312e-44
-3.36312e-44
-3.36312e-44
-3.36312e-44
-3.36312e-44
-3.36312e-44
-3.36312e-44
-3.36312e-44
-3.36312e-44
-3.36312e-44
-3.36312e-44
-3.36312e-44
-3.36312e-44
-3.36312e-44
-3.36312e-44
-3.36312e-44
-3.36312e-44
-3.36312e-44
-3.36312e-44
-3.36312e-44
-3.36312e-44
-3.36312e-44
-3.36312e-44
-3.36312e-44
-3.36312e-44
-3.36312e-44
-3.36312e-44
-3.36312e-44
-3.36312e-44
-3.36312e-44
-3.36312e-44
-3.36312e-44
-3.36312e-44
-3.36312e-44
-3.36312e-44
-3.36312e-44
-3.36312e-44
-3.36312e-44
-3.36312e-44
-3.36312e-44
-3.36312e-44
-3.36312e-44
-3.36312e-44
-3.36312e-44
-3.36312e-44
-3.36312e-44
-3.36312e-44
-3.36312e-44
-3.36312e-44
-3.36312e-44
-3.36312e-44
-3.36312e-44
-3.36312e-44
-3.36312e-44
-3.36312e-44
-3.36312e-44
-3.36312e-44
-3.36312e-44
-3.36312e-44
-3.36312e-44
-3.36312e-44
-3.36312e-44
-3.36312e-44
-3.36312e-44
-3.36312e-44
-3.36312e-44
-3.36312e-44
-3.36312e-44
-3.36312e-44
-3.36312e-44
-3.36312e-44
-3.36312e-44
-3.36312e-44
-3.36312e-44
-3.36312e-44
-3.36312e-44
-3.36312e-44
-3.36312e-44
-3.36312e-44
-3.36312e-44
-3.36312e-44
-3.36312e-44
-3.36312e-44
-3.36312e-44
-3.36312e-44
-3.36312e-44
-3.36312e-44
-3.36312e-44
-3.36312e-44
-3.36312e-44
-3.36312e-44
-3.36312e-44
-3.36312e-44
-3.36312e-44
-3.36312e-44
-3.36312e-44
-3.36312e-44
-3.36312e-44
-3.36312e-44
-3.36312e-44
-3.36312e-44
-3.36312e-44
-3.36312e-44
-3.36312e-44
-3.36312e-44
-3.36312e-44
-3.36312e-44
-3.36312e-44
-3.36312e-44
-3.36312e-44
-3.36312e-44
-3.36312e-44
-3.36312e-44
-3.36312e-44
-3.36312e-44
-3.36312e-44
-3.36312e-44
-3.36312e-44
-3.36312e-44
-3.36312e-44
-3.36312e-44
-3.36312e-44
-3.36312e-44
-3.36312e-44
-3.36312e-44
-3.36312e-44
-3.36312e-44
-3.36312e-44
-3.36312e-44
-3.36312e-44
-3.36312e-44
-3.36312e-44
-3.36312e-44
-3.36312e-44
-3.36312e-44
-3.36312e-44
-3.36312e-44
-3.36312e-44
-3.36312e-44
-3.36312e-44
-3.36312e-44
-3.36312e-44
-3.36312e-44
-3.36312e-44
-3.36312e-44
-3.36312e-44
-3.36312e-44
-3.36312e-44
-3.36312e-44
-3.36312e-44
-3.36312e-44
-3.36312e-44
-3.36312e-44
-3.36312e-44
-3.36312e-44
-3.36312e-44
-3.36312e-44
-3.36312e-44
-3.36312e-44
-3.36312e-44
-3.36312e-44
-3.36312e-44
-3.36312e-44
-3.36312e-44
-3.36312e-44
-3.36312e-44
-3.36312e-44
-3.36312e-44
-3.36312e-44
-3.36312e-44
-3.36312e-44
-3.36312e-44
-3.36312e-44
-3.36312e-44
-3.36312e-44
-3.36312e-44
-3.36312e-44
-3.36312e-44
-3.36312e-44
-3.36312e-44
-3.36312e-44
-3.36312e-44
-3.36312e-44
-3.36312e-44
-3.36312e-44
-3.36312e-44
-3.36312e-44
-3.36312e-44
-3.36312e-44
-3.36312e-44
-3.36312e-44
-3.36312e-44
-3.36312e-44
-3.36312e-44
-3.36312e-44
-3.36312e-44
-3.36312e-44
-3.36312e-44
-3.36312e-44
-3.36312e-44
-3.36312e-44
-3.36312e-44
-3.36312e-44
-3.36312e-44
-3.36312e-44
-3.36312e-44
-3.36312e-44
-3.36312e-44
-3.36312e-44
-3.36312e-44
-3.36312e-44
-3.36312e-44
-3.36312e-44
-3.36312e-44
-3.36312e-44
-3.36312e-44
-3.36312e-44
-3.36312e-44
-3.36312e-44
-3.36312e-44
-3.36312e-44
-3.36312e-44
-3.36312e-44
-3.36312e-44
-3.36312e-44
-3.36312e-44
-3.36312e-44
-3.36312e-44
-3.36312e-44
-3.36312e-44
-3.36312e-44
-3.36312e-44
-3.36312e-44
-3.36312e-44
-3.36312e-44
-3.36312e-44
-3.36312e-44
-3.36312e-44
-3.36312e-44
-3.36312e-44
-3.36312e-44
-3.36312e-44
-3.36312e-44
-3.36312e-44
-3.36312e-44
-3.36312e-44
-3.36312e-44
-3.36312e-44
-3.36312e-44
-3.36312e-44
-3.36312e-44
-3.36312e-44
-3.36312e-44
-3.36312e-44
-3.36312e-44
-3.36312e-44
-3.36312e-44
-3.36312e-44
-3.36312e-44
-3.36312e-44
-3.36312e-44
-3.36312e-44
-3.36312e-44
-3.36312e-44
-3.36312e-44
-3.36312e-44
-3.36312e-44
-3.36312e-44
-3.36312e-44
-3.36312e-44
-3.36312e-44
-3.36312e-44
-3.36312e-44
-3.36312e-44
-3.36312e-44
-3.36312e-44
-3.36312e-44
-3.36312e-44
-3.36312e-44
-3.36312e-44
-3.36312e-44
-3.36312e-44
-3.36312e-44
-3.36312e-44
-3.36312e-44
-3.36312e-44
-3.36312e-44
-3.36312e-44
-3.36312e-44
-3.36312e-44
-3.36312e-44
-3.36312e-44
-3.36312e-44
-3.36312e-44
-3.36312e-44
-3.36312e-44
-3.36312e-44
-3.36312e-44
-3.36312e-44
-3.36312e-44
-3.36312e-44
-3.36312e-44
-3.36312e-44
-3.36312e-44
-3.36312e-44
-3.36312e-44
-3.36312e-44
-3.36312e-44
-3.36312e-44
-3.36312e-44
-3.36312e-44
-3.36312e-44
-3.36312e-44
-3.36312e-44
-3.36312e-44
-3.36312e-44
-3.36312e-44
-3.36312e-44
-3.36312e-44
-3.36312e-44
-3.36312e-44
-3.36312e-44
-3.36312e-44
-3.36312e-44
-3.36312e-44
-3.36312e-44
-3.36312e-44
-3.36312e-44
-3.36312e-44
-3.36312e-44
-3.36312e-44
-3.36312e-44
-3.36312e-44
-3.36312e-44
-3.36312e-44
-3.36312e-44
-3.36312e-44
-3.36312e-44
-3.36312e-44
-3.36312e-44
-3.36312e-44
-3.36312e-44
-3.36312e-44
-3.36312e-44
-3.36312e-44
-3.36312e-44
-3.36312e-44
-3.36312e-44
-3.36312e-44
-3.36312e-44
-3.36312e-44
-3.36312e-44
-3.36312e-44
-3.36312e-44
-3.36312e-44
-3.36312e-44
-3.36312e-44
-3.36312e-44
-3.36312e-44
-3.36312e-44
-3.36312e-44
-3.36312e-44
-3.36312e-44
-3.36312e-44
-3.36312e-44
-3.36312e-44
-3.36312e-44
-3.36312e-44
-3.36312e-44
-3.36312e-44
-3.36312e-44
-3.36312e-44
-3.36312e-44
-3.36312e-44
-3.36312e-44
-3.36312e-44
-3.36312e-44
-3.36312e-44
-3.36312e-44
-3.36312e-44
-3.36312e-44
-3.36312e-44
-3.36312e-44
-3.36312e-44
-3.36312e-44
-3.36312e-44
-3.36312e-44
-3.36312e-44
-3.36312e-44
-3.36312e-44
-3.36312e-44
-3.36312e-44
-3.36312e-44
-3.36312e-44
-3.36312e-44
-3.36312e-44
-3.36312e-44
-3.36312e-44
-3.36312e-44
-3.36312e-44
-3.36312e-44
-3.36312e-44
-3.36312e-44
-3.36312e-44
-3.36312e-44
-3.36312e-44
-3.36312e-44
-3.36312e-44
-3.36312e-44
-3.36312e-44
-3.36312e-44
-3.36312e-44
-3.36312e-44
-3.36312e-44
-3.36312e-44
-3.36312e-44
-3.36312e-44
-3.36312e-44
-3.36312e-44
-3.36312e-44
-3.36312e-44
-3.36312e-44
-3.36312e-44
-3.36312e-44
-3.36312e-44
-3.36312e-44
-3.36312e-44
-3.36312e-44
-3.36312e-44
-3.36312e-44
-3.36312e-44
-3.36312e-44
-3.36312e-44
-3.36312e-44
-3.36312e-44
-3.36312e-44
-3.36312e-44
-3.36312e-44
-3.36312e-44
-3.36312e-44
-3.36312e-44
-3.36312e-44
-3.36312e-44
-3.36312e-44
-3.36312e-44
-3.36312e-44
-3.36312e-44
-3.36312e-44
-3.36312e-44
-3.36312e-44
-3.36312e-44
-3.36312e-44
-3.36312e-44
-3.36312e-44
-3.36312e-44
-3.36312e-44
-3.36312e-44
-3.36312e-44
-3.36312e-44
-3.36312e-44
-3.36312e-44
-3.36312e-44
-3.36312e-44
-3.36312e-44
-3.36312e-44
-3.36312e-44
-3.36312e-44
-3.36312e-44
-3.36312e-44
-3.36312e-44
-3.36312e-44
-3.36312e-44
-3.36312e-44
-3.36312e-44
-3.36312e-44
-3.36312e-44
-3.36312e-44
-3.36312e-44
-3.36312e-44
-3.36312e-44
-3.36312e-44
-3.36312e-44
-3.36312e-44
-3.36312e-44
-3.36312e-44
-3.36312e-44
-3.36312e-44
-3.36312e-44
-3.36312e-44
-3.36312e-44
-3.36312e-44
-3.36312e-44
-3.36312e-44
-3.36312e-44
-3.36312e-44
-3.36312e-44
-3.36312e-44
-3.36312e-44
-3.36312e-44
-3.36312e-44
-3.36312e-44
-3.36312e-44
-3.36312e-44
-3.36312e-44
-3.36312e-44
-3.36312e-44
-3.36312e-44
-3.36312e-44
-3.36312e-44
-3.36312e-44
-3.36312e-44
-3.36312e-44
-3.36312e-44
-3.36312e-44
-3.36312e-44
-3.36312e-44
-3.36312e-44
-3.36312e-44
-3.36312e-44
-3.36312e-44
-3.36312e-44
-3.36312e-44
-3.36312e-44
-3.36312e-44
-3.36312e-44
-3.36312e-44
-3.36312e-44
-3.36312e-44
-3.36312e-44
-3.36312e-44
-3.36312e-44
-3.36312e-44
-3.36312e-44
-3.36312e-44
-3.36312e-44
-3.36312e-44
-3.36312e-44
-3.36312e-44
-3.36312e-44
-3.36312e-44
-3.36312e-44
-3.36312e-44
-3.36312e-44
-3.36312e-44
-3.36312e-44
-3.36312e-44
-3.36312e-44
-3.36312e-44
-3.36312e-44
-3.36312e-44
-3.36312e-44
-3.36312e-44
-3.36312e-44
-3.36312e-44
-3.36312e-44
-3.36312e-44
-3.36312e-44
-3.36312e-44
-3.36312e-44
-3.36312e-44
-3.36312e-44
-3.36312e-44
-3.36312e-44
-3.36312e-44
-3.36312e-44
-3.36312e-44
-3.36312e-44
-3.36312e-44
-3.36312e-44
-3.36312e-44
-3.36312e-44
-3.36312e-44
-3.36312e-44
-3.36312e-44
-3.36312e-44
-3.36312e-44
-3.36312e-44
-3.36312e-44
-3.36312e-44
-3.36312e-44
-3.36312e-44
-3.36312e-44
-3.36312e-44
-3.36312e-44
-3.36312e-44
-3.36312e-44
-3.36312e-44
-3.36312e-44
-3.36312e-44
-3.36312e-44
-3.36312e-44
-3.36312e-44
-3.36312e-44
-3.36312e-44
-3.36312e-44
-3.36312e-44
-3.36312e-44
-3.36312e-44
-3.36312e-44
-3.36312e-44
-3.36312e-44
-3.36312e-44
-3.36312e-44
-3.36312e-44
-3.36312e-44
-3.36312e-44
-3.36312e-44
-3.36312e-44
-3.36312e-44
-3.36312e-44
-3.36312e-44
-3.36312e-44
-3.36312e-44
-3.36312e-44
-3.36312e-44
-3.36312e-44
-3.36312e-44
-3.36312e-44
-3.36312e-44
-3.36312e-44
-3.36312e-44
-3.36312e-44
-3.36312e-44
-3.36312e-44
-3.36312e-44
-3.36312e-44
-3.36312e-44
-3.36312e-44
-3.36312e-44
-3.36312e-44
-3.36312e-44
-3.36312e-44
-3.36312e-44
-3.36312e-44
-3.36312e-44
-3.36312e-44
-3.36312e-44
-3.36312e-44
-3.36312e-44
-3.36312e-44
-3.36312e-44
-3.36312e-44
-3.36312e-44
-3.36312e-44
-3.36312e-44
-3.36312e-44
-3.36312e-44
-3.36312e-44
-3.36312e-44
-3.36312e-44
-3.36312e-44
-3.36312e-44
-3.36312e-44
-3.36312e-44
-3.36312e-44
-3.36312e-44
-3.36312e-44
-3.36312e-44
-3.36312e-44
-3.36312e-44
-3.36312e-44
-3.36312e-44
-3.36312e-44
-3.36312e-44
-3.36312e-44
-3.36312e-44
-3.36312e-44
-3.36312e-44
-3.36312e-44
-3.36312e-44
-3.36312e-44
-3.36312e-44
-3.36312e-44
-3.36312e-44
-3.36312e-44
-3.36312e-44
-3.36312e-44
-3.36312e-44
-3.36312e-44
-3.36312e-44
-3.36312e-44
-3.36312e-44
-3.36312e-44
-3.36312e-44
-3.36312e-44
-3.36312e-44
-3.36312e-44
-3.36312e-44
-3.36312e-44
-3.36312e-44
-3.36312e-44
-3.36312e-44
-3.36312e-44
-3.36312e-44
-3.36312e-44
-3.36312e-44
-3.36312e-44
-3.36312e-44
-3.36312e-44
-3.36312e-44
-3.36312e-44
-3.36312e-44
-3.36312e-44
-3.36312e-44
-3.36312e-44
-3.36312e-44
-3.36312e-44
-3.36312e-44
-3.36312e-44
-3.36312e-44
-3.36312e-44
-3.36312e-44
-3.36312e-44
-3.36312e-44
-3.36312e-44
-3.36312e-44
-3.36312e-44
-3.36312e-44
-3.36312e-44
-3.36312e-44
-3.36312e-44
-3.36312e-44
-3.36312e-44
-3.36312e-44
-3.36312e-44
-3.36312e-44
-3.36312e-44
-3.36312e-44
-3.36312e-44
-3.36312e-44
-3.36312e-44
-3.36312e-44
-3.36312e-44
-3.36312e-44
-3.36312e-44
-3.36312e-44
-3.36312e-44
-3.36312e-44
-3.36312e-44
-3.36312e-44
-3.36312e-44
-3.36312e-44
-3.36312e-44
-3.36312e-44
-3.36312e-44
-3.36312e-44
-3.36312e-44
-3.36312e-44
-3.36312e-44
-3.36312e-44
-3.36312e-44
-3.36312e-44
-3.36312e-44
-3.36312e-44
-3.36312e-44
-3.36312e-44
-3.36312e-44
-3.36312e-44
-3.36312e-44
-3.36312e-44
-3.36312e-44
-3.36312e-44
-3.36312e-44
-3.36312e-44
-3.36312e-44
-3.36312e-44
-3.36312e-44
-3.36312e-44
-3.36312e-44
-3.36312e-44
-3.36312e-44
-3.36312e-44
-3.36312e-44
-3.36312e-44
-3.36312e-44
-3.36312e-44
-3.36312e-44
-3.36312e-44
-3.36312e-44
-3.36312e-44
-3.36312e-44
-3.36312e-44
-3.36312e-44
-3.36312e-44
-3.36312e-44
-3.36312e-44
-3.36312e-44
-3.36312e-44
-3.36312e-44
-3.36312e-44
-3.36312e-44
-3.36312e-44
-3.36312e-44
-3.36312e-44
-3.36312e-44
-3.36312e-44
-3.36312e-44
-3.36312e-44
-3.36312e-44
-3.36312e-44
-3.36312e-44
-3.36312e-44
-3.36312e-44
-3.36312e-44
-3.36312e-44
-3.36312e-44
-3.36312e-44
-3.36312e-44
-3.36312e-44
-3.36312e-44
-3.36312e-44
-3.36312e-44
-3.36312e-44
-3.36312e-44
-3.36312e-44
-3.36312e-44
-3.36312e-44
-3.36312e-44
-3.36312e-44
-3.36312e-44
-3.36312e-44
-3.36312e-44
-3.36312e-44
-3.36312e-44
-3.36312e-44
-3.36312e-44
-3.36312e-44
-3.36312e-44
-3.36312e-44
-3.36312e-44
-3.36312e-44
-3.36312e-44
-3.36312e-44
-3.36312e-44
-3.36312e-44
-3.36312e-44
-3.36312e-44
-3.36312e-44
-3.36312e-44
-3.36312e-44
-3.36312e-44
-3.36312e-44
-3.36312e-44
-3.36312e-44
-3.36312e-44
-3.36312e-44
-3.36312e-44
-3.36312e-44
-3.36312e-44
-3.36312e-44
-3.36312e-44
-3.36312e-44
-3.36312e-44
-3.36312e-44
-3.36312e-44
-3.36312e-44
-3.36312e-44
-3.36312e-44
-3.36312e-44
-3.36312e-44
-3.36312e-44
-3.36312e-44
-3.36312e-44
-3.36312e-44
-3.36312e-44
-3.36312e-44
-3.36312e-44
-3.36312e-44
-3.36312e-44
-3.36312e-44
-3.36312e-44
-3.36312e-44
-3.36312e-44
-3.36312e-44
-3.36312e-44
-3.36312e-44
-3.36312e-44
-3.36312e-44
-3.36312e-44
-3.36312e-44
-3.36312e-44
-3.36312e-44
-3.36312e-44
-3.36312e-44
-3.36312e-44
-3.36312e-44
-3.36312e-44
-3.36312e-44
-3.36312e-44
-3.36312e-44
-3.36312e-44
-3.36312e-44
-3.36312e-44
-3.36312e-44
-3.36312e-44
-3.36312e-44
-3.36312e-44
-3.36312e-44
-3.36312e-44
-3.36312e-44
-3.36312e-44
-3.36312e-44
-3.36312e-44
-3.36312e-44
-3.36312e-44
-3.36312e-44
-3.36312e-44
-3.36312e-44
-3.36312e-44
-3.36312e-44
-3.36312e-44
-3.36312e-44
-3.36312e-44
-3.36312e-44
-3.36312e-44
-3.36312e-44
-3.36312e-44
-3.36312e-44
-3.36312e-44
-3.36312e-44
-3.36312e-44
-3.36312e-44
-3.36312e-44
-3.36312e-44
-3.36312e-44
-3.36312e-44
-3.36312e-44
-3.36312e-44
-3.36312e-44
-3.36312e-44
-3.36312e-44
-3.36312e-44
-3.36312e-44
-3.36312e-44
-3.36312e-44
-3.36312e-44
-3.36312e-44
-3.36312e-44
-3.36312e-44
-3.36312e-44
-3.36312e-44
-3.36312e-44
-3.36312e-44
-3.36312e-44
-3.36312e-44
-3.36312e-44
-3.36312e-44
-3.36312e-44
-3.36312e-44
-3.36312e-44
-3.36312e-44
-3.36312e-44
-3.36312e-44
-3.36312e-44
-3.36312e-44
-3.36312e-44
-3.36312e-44
-3.36312e-44
-3.36312e-44
-3.36312e-44
-3.36312e-44
-3.36312e-44
-3.36312e-44
-3.36312e-44
-3.36312e-44
-3.36312e-44
-3.36312e-44
-3.36312e-44
-3.36312e-44
-3.36312e-44
-3.36312e-44
-3.36312e-44
-3.36312e-44
-3.36312e-44
-3.36312e-44
-3.36312e-44
-3.36312e-44
-3.36312e-44
-3.36312e-44
-3.36312e-44
-3.36312e-44
-3.36312e-44
-3.36312e-44
-3.36312e-44
-3.36312e-44
-3.36312e-44
-3.36312e-44
-3.36312e-44
-3.36312e-44
-3.36312e-44
-3.36312e-44
-3.36312e-44
-3.36312e-44
-3.36312e-44
-3.36312e-44
-3.36312e-44
-3.36312e-44
-3.36312e-44
-3.36312e-44
-3.36312e-44
-3.36312e-44
-3.36312e-44
-3.36312e-44
-3.36312e-44
-3.36312e-44
-3.36312e-44
-3.36312e-44
-3.36312e-44
-3.36312e-44
-3.36312e-44
-3.36312e-44
-3.36312e-44
-3.36312e-44
-3.36312e-44
-3.36312e-44
-3.36312e-44
-3.36312e-44
-3.36312e-44
-3.36312e-44
-3.36312e-44
-3.36312e-44
-3.36312e-44
-3.36312e-44
-3.36312e-44
-3.36312e-44
-3.36312e-44
-3.36312e-44
-3.36312e-44
-3.36312e-44
-3.36312e-44
-3.36312e-44
-3.36312e-44
-3.36312e-44
-3.36312e-44
-3.36312e-44
-3.36312e-44
-3.36312e-44
-3.36312e-44
-3.36312e-44
-3.36312e-44
-3.36312e-44
-3.36312e-44
-3.36312e-44
-3.36312e-44
-3.36312e-44
-3.36312e-44
-3.36312e-44
-3.36312e-44
-3.36312e-44
-3.36312e-44
-3.36312e-44
-3.36312e-44
-3.36312e-44
-3.36312e-44
-3.36312e-44
-3.36312e-44
-3.36312e-44
-3.36312e-44
-3.36312e-44
-3.36312e-44
-3.36312e-44
-3.36312e-44
-3.36312e-44
-3.36312e-44
-3.36312e-44
-3.36312e-44
-3.36312e-44
-3.36312e-44
-3.36312e-44
-3.36312e-44
-3.36312e-44
-3.36312e-44
-3.36312e-44
-3.36312e-44
-3.36312e-44
-3.36312e-44
-3.36312e-44
-3.36312e-44
-3.36312e-44
-3.36312e-44
-3.36312e-44
-3.36312e-44
-3.36312e-44
-3.36312e-44
-3.36312e-44
-3.36312e-44
-3.36312e-44
-3.36312e-44
-3.36312e-44
-3.36312e-44
-3.36312e-44
-3.36312e-44
-3.36312e-44
-3.36312e-44
-3.36312e-44
-3.36312e-44
-3.36312e-44
-3.36312e-44
-3.36312e-44
-3.36312e-44
-3.36312e-44
-3.36312e-44
-3.36312e-44
-3.36312e-44
-3.36312e-44
-3.36312e-44
-3.36312e-44
-3.36312e-44
-3.36312e-44
-3.36312e-44
-3.36312e-44
-3.36312e-44
-3.36312e-44
-3.36312e-44
-3.36312e-44
-3.36312e-44
-3.36312e-44
-3.36312e-44
-3.36312e-44
-3.36312e-44
-3.36312e-44
-3.36312e-44
-3.36312e-44
-3.36312e-44
-3.36312e-44
-3.36312e-44
-3.36312e-44
-3.36312e-44
-3.36312e-44
-3.36312e-44
-3.36312e-44
-3.36312e-44
-3.36312e-44
-3.36312e-44
-3.36312e-44
-3.36312e-44
-3.36312e-44
-3.36312e-44
-3.36312e-44
-3.36312e-44
-3.36312e-44
-3.36312e-44
-3.36312e-44
-3.36312e-44
-3.36312e-44
-3.36312e-44
-3.36312e-44
-3.36312e-44
-3.36312e-44
-3.36312e-44
-3.36312e-44
-3.36312e-44
-3.36312e-44
-3.36312e-44
-3.36312e-44
-3.36312e-44
-3.36312e-44
-3.36312e-44
-3.36312e-44
-3.36312e-44
-3.36312e-44
-3.36312e-44
-3.36312e-44
-3.36312e-44
-3.36312e-44
-3.36312e-44
-3.36312e-44
-3.36312e-44
-3.36312e-44
-3.36312e-44
-3.36312e-44
-3.36312e-44
-3.36312e-44
-3.36312e-44
-3.36312e-44
-3.36312e-44
-3.36312e-44
-3.36312e-44
-3.36312e-44
-3.36312e-44
-3.36312e-44
-3.36312e-44
-3.36312e-44
-3.36312e-44
-3.36312e-44
-3.36312e-44
-3.36312e-44
-3.36312e-44
-3.36312e-44
-3.36312e-44
-3.36312e-44
-3.36312e-44
-3.36312e-44
-3.36312e-44
-3.36312e-44
-3.36312e-44
-3.36312e-44
-3.36312e-44
-3.36312e-44
-3.36312e-44
-3.36312e-44
-3.36312e-44
-3.36312e-44
-3.36312e-44
-3.36312e-44
-3.36312e-44
-3.36312e-44
-3.36312e-44
-3.36312e-44
-3.36312e-44
-3.36312e-44
-3.36312e-44
-3.36312e-44
-3.36312e-44
-3.36312e-44
-3.36312e-44
-3.36312e-44
-3.36312e-44
-3.36312e-44
-3.36312e-44
-3.36312e-44
-3.36312e-44
-3.36312e-44
-3.36312e-44
-3.36312e-44
-3.36312e-44
-3.36312e-44
-3.36312e-44
-3.36312e-44
-3.36312e-44
-3.36312e-44
-3.36312e-44
-3.36312e-44
-3.36312e-44
-3.36312e-44
-3.36312e-44
-3.36312e-44
-3.36312e-44
-3.36312e-44
-3.36312e-44
-3.36312e-44
-3.36312e-44
-3.36312e-44
-3.36312e-44
-3.36312e-44
-3.36312e-44
-3.36312e-44
-3.36312e-44
-3.36312e-44
-3.36312e-44
-3.36312e-44
-3.36312e-44
-3.36312e-44
-3.36312e-44
-3.36312e-44
-3.36312e-44
-3.36312e-44
-3.36312e-44
-3.36312e-44
-3.36312e-44
-3.36312e-44
-3.36312e-44
-3.36312e-44
-3.36312e-44
-3.36312e-44
-3.36312e-44
-3.36312e-44
-3.36312e-44
-3.36312e-44
-3.36312e-44
-3.36312e-44
-3.36312e-44
-3.36312e-44
-3.36312e-44
-3.36312e-44
-3.36312e-44
-3.36312e-44
-3.36312e-44
-3.36312e-44
-3.36312e-44
-3.36312e-44
-3.36312e-44
-3.36312e-44
-3.36312e-44
-3.36312e-44
-3.36312e-44
-3.36312e-44
-3.36312e-44
-3.36312e-44
-3.36312e-44
-3.36312e-44
-3.36312e-44
-3.36312e-44
-3.36312e-44
-3.36312e-44
-3.36312e-44
-3.36312e-44
-3.36312e-44
-3.36312e-44
-3.36312e-44
-3.36312e-44
-3.36312e-44
-3.36312e-44
-3.36312e-44
-3.36312e-44
-3.36312e-44
-3.36312e-44
-3.36312e-44
-3.36312e-44
-3.36312e-44
-3.36312e-44
-3.36312e-44
-3.36312e-44
-3.36312e-44
-3.36312e-44
-3.36312e-44
-3.36312e-44
-3.36312e-44
-3.36312e-44
-3.36312e-44
-3.36312e-44
-3.36312e-44
-3.36312e-44
-3.36312e-44
-3.36312e-44
-3.36312e-44
-3.36312e-44
-3.36312e-44
-3.36312e-44
-3.36312e-44
-3.36312e-44
-3.36312e-44
-3.36312e-44
-3.36312e-44
-3.36312e-44
-3.36312e-44
-3.36312e-44
-3.36312e-44
-3.36312e-44
-3.36312e-44
-3.36312e-44
-3.36312e-44
-3.36312e-44
-3.36312e-44
-3.36312e-44
-3.36312e-44
-3.36312e-44
-3.36312e-44
-3.36312e-44
-3.36312e-44
-3.36312e-44
-3.36312e-44
-3.36312e-44
-3.36312e-44
-3.36312e-44
-3.36312e-44
-3.36312e-44
-3.36312e-44
-3.36312e-44
-3.36312e-44
-3.36312e-44
-3.36312e-44
-3.36312e-44
-3.36312e-44
-3.36312e-44
-3.36312e-44
-3.36312e-44
-3.36312e-44
-3.36312e-44
-3.36312e-44
-3.36312e-44
-3.36312e-44
-3.36312e-44
-3.36312e-44
-3.36312e-44
-3.36312e-44
-3.36312e-44
-3.36312e-44
-3.36312e-44
-3.36312e-44
-3.36312e-44
-3.36312e-44
-3.36312e-44
-3.36312e-44
-3.36312e-44
-3.36312e-44
-3.36312e-44
-3.36312e-44
-3.36312e-44
-3.36312e-44
-3.36312e-44
-3.36312e-44
-3.36312e-44
-3.36312e-44
-3.36312e-44
-3.36312e-44
-3.36312e-44
-3.36312e-44
-3.36312e-44
-3.36312e-44
-3.36312e-44
-3.36312e-44
-3.36312e-44
-3.36312e-44
-3.36312e-44
-3.36312e-44
-3.36312e-44
-3.36312e-44
-3.36312e-44
-3.36312e-44
-3.36312e-44
-3.36312e-44
-3.36312e-44
-3.36312e-44
-3.36312e-44
-3.36312e-44
-3.36312e-44
-3.36312e-44
-3.36312e-44
-3.36312e-44
-3.36312e-44
-3.36312e-44
-3.36312e-44
-3.36312e-44
-3.36312e-44
-3.36312e-44
-3.36312e-44
-3.36312e-44
-3.36312e-44
-3.36312e-44
-3.36312e-44
-3.36312e-44
-3.36312e-44
-3.36312e-44
-3.36312e-44
-3.36312e-44
-3.36312e-44
-3.36312e-44
-3.36312e-44
-3.36312e-44
-3.36312e-44
-3.36312e-44
-3.36312e-44
-3.36312e-44
-3.36312e-44
-3.36312e-44
-3.36312e-44
-3.36312e-44
-3.36312e-44
-3.36312e-44
-3.36312e-44
-3.36312e-44
-3.36312e-44
-3.36312e-44
-3.36312e-44
-3.36312e-44
-3.36312e-44
-3.36312e-44
-3.36312e-44
-3.36312e-44
-3.36312e-44
-3.36312e-44
-3.36312e-44
-3.36312e-44
-3.36312e-44
-3.36312e-44
-3.36312e-44
-3.36312e-44
-3.36312e-44
-3.36312e-44
-3.36312e-44
-3.36312e-44
-3.36312e-44
-3.36312e-44
-3.36312e-44
-3.36312e-44
-3.36312e-44
-3.36312e-44
-3.36312e-44
-3.36312e-44
-3.36312e-44
-3.36312e-44
-3.36312e-44
-3.36312e-44
-3.36312e-44
-3.36312e-44
-3.36312e-44
-3.36312e-44
-3.36312e-44
-3.36312e-44
-3.36312e-44
-3.36312e-44
-3.36312e-44
-3.36312e-44
-3.36312e-44
-3.36312e-44
-3.36312e-44
-3.36312e-44
-3.36312e-44
-3.36312e-44
-3.36312e-44
-3.36312e-44
-3.36312e-44
-3.36312e-44
-3.36312e-44
-3.36312e-44
-3.36312e-44
-3.36312e-44
-3.36312e-44
-3.36312e-44
-3.36312e-44
-3.36312e-44
-3.36312e-44
-3.36312e-44
-3.36312e-44
-3.36312e-44
-3.36312e-44
-3.36312e-44
-3.36312e-44
-3.36312e-44
-3.36312e-44
-3.36312e-44
-3.36312e-44
-3.36312e-44
-3.36312e-44
-3.36312e-44
-3.36312e-44
-3.36312e-44
-3.36312e-44
-3.36312e-44
-3.36312e-44
-3.36312e-44
-3.36312e-44
-3.36312e-44
-3.36312e-44
-3.36312e-44
-3.36312e-44
-3.36312e-44
-3.36312e-44
-3.36312e-44
-3.36312e-44
-3.36312e-44
-3.36312e-44
-3.36312e-44
-3.36312e-44
-3.36312e-44
-3.36312e-44
-3.36312e-44
-3.36312e-44
-3.36312e-44
-3.36312e-44
-3.36312e-44
-3.36312e-44
-3.36312e-44
-3.36312e-44
-3.36312e-44
-3.36312e-44
-3.36312e-44
-3.36312e-44
-3.36312e-44
-3.36312e-44
-3.36312e-44
-3.36312e-44
-3.36312e-44
-3.36312e-44
-3.36312e-44
-3.36312e-44
-3.36312e-44
-3.36312e-44
-3.36312e-44
-3.36312e-44
-3.36312e-44
-3.36312e-44
-3.36312e-44
-3.36312e-44
-3.36312e-44
-3.36312e-44
-3.36312e-44
-3.36312e-44
-3.36312e-44
-3.36312e-44
-3.36312e-44
-3.36312e-44
-3.36312e-44
-3.36312e-44
-3.36312e-44
-3.36312e-44
-3.36312e-44
-3.36312e-44
-3.36312e-44
-3.36312e-44
-3.36312e-44
-3.36312e-44
-3.36312e-44
-3.36312e-44
-3.36312e-44
-3.36312e-44
-3.36312e-44
-3.36312e-44
-3.36312e-44
-3.36312e-44
-3.36312e-44
-3.36312e-44
-3.36312e-44
-3.36312e-44
-3.36312e-44
-3.36312e-44
-3.36312e-44
-3.36312e-44
-3.36312e-44
-3.36312e-44
-3.36312e-44
-3.36312e-44
-3.36312e-44
-3.36312e-44
-3.36312e-44
-3.36312e-44
-3.36312e-44
-3.36312e-44
-3.36312e-44
-3.36312e-44
-3.36312e-44
-3.36312e-44
-3.36312e-44
-3.36312e-44
-3.36312e-44
-3.36312e-44
-3.36312e-44
-3.36312e-44
-3.36312e-44
-3.36312e-44
-3.36312e-44
-3.36312e-44
-3.36312e-44
-3.36312e-44
-3.36312e-44
-3.36312e-44
-3.36312e-44
-3.36312e-44
-3.36312e-44
-3.36312e-44
-3.36312e-44
-3.36312e-44
-3.36312e-44
-3.36312e-44
-3.36312e-44
-3.36312e-44
-3.36312e-44
-3.36312e-44
-3.36312e-44
-3.36312e-44
-3.36312e-44
-3.36312e-44
-3.36312e-44
-3.36312e-44
-3.36312e-44
-3.36312e-44
-3.36312e-44
-3.36312e-44
-3.36312e-44
-3.36312e-44
-3.36312e-44
-3.36312e-44
-3.36312e-44
-3.36312e-44
-3.36312e-44
-3.36312e-44
-3.36312e-44
-3.36312e-44
-3.36312e-44
-3.36312e-44
-3.36312e-44
-3.36312e-44
-3.36312e-44
-3.36312e-44
-3.36312e-44
-3.36312e-44
-3.36312e-44
-3.36312e-44
-3.36312e-44
-3.36312e-44
-3.36312e-44
-3.36312e-44
-3.36312e-44
-3.36312e-44
-3.36312e-44
-3.36312e-44
-3.36312e-44
-3.36312e-44
-3.36312e-44
-3.36312e-44
-3.36312e-44
-3.36312e-44
-3.36312e-44
-3.36312e-44
-3.36312e-44
-3.36312e-44
-3.36312e-44
-3.36312e-44
-3.36312e-44
-3.36312e-44
-3.36312e-44
-3.36312e-44
-3.36312e-44
-3.36312e-44
-3.36312e-44
-3.36312e-44
-3.36312e-44
-3.36312e-44
-3.36312e-44
-3.36312e-44
-3.36312e-44
-3.36312e-44
-3.36312e-44
-3.36312e-44
-3.36312e-44
-3.36312e-44
-3.36312e-44
-3.36312e-44
-3.36312e-44
-3.36312e-44
-3.36312e-44
-3.36312e-44
-3.36312e-44
-3.36312e-44
-3.36312e-44
-3.36312e-44
-3.36312e-44
-3.36312e-44
-3.36312e-44
-3.36312e-44
-3.36312e-44
-3.36312e-44
-3.36312e-44
-3.36312e-44
-3.36312e-44
-3.36312e-44
-3.36312e-44
-3.36312e-44
-3.36312e-44
-3.36312e-44
-3.36312e-44
-3.36312e-44
-3.36312e-44
-3.36312e-44
-3.36312e-44
-3.36312e-44
-3.36312e-44
-3.36312e-44
-3.36312e-44
-3.36312e-44
-3.36312e-44
-3.36312e-44
-3.36312e-44
-3.36312e-44
-3.36312e-44
-3.36312e-44
-3.36312e-44
-3.36312e-44
-3.36312e-44
-3.36312e-44
-3.36312e-44
-3.36312e-44
-3.36312e-44
-3.36312e-44
-3.36312e-44
-3.36312e-44
-3.36312e-44
-3.36312e-44
-3.36312e-44
-3.36312e-44
-3.36312e-44
-3.36312e-44
-3.36312e-44
-3.36312e-44
-3.36312e-44
-3.36312e-44
-3.36312e-44
-3.36312e-44
-3.36312e-44
-3.36312e-44
-3.36312e-44
-3.36312e-44
-3.36312e-44
-3.36312e-44
-3.36312e-44
-3.36312e-44
-3.36312e-44
-3.36312e-44
-3.36312e-44
-3.36312e-44
-3.36312e-44
-3.36312e-44
-3.36312e-44
-3.36312e-44
-3.36312e-44
-3.36312e-44
-3.36312e-44
-3.36312e-44
-3.36312e-44
-3.36312e-44
-3.36312e-44
-3.36312e-44
-3.36312e-44
-3.36312e-44
-3.36312e-44
-3.36312e-44
-3.36312e-44
-3.36312e-44
-3.36312e-44
-3.36312e-44
-3.36312e-44
-3.36312e-44
-3.36312e-44
-3.36312e-44
-3.36312e-44
-3.36312e-44
-3.36312e-44
-3.36312e-44
-3.36312e-44
-3.36312e-44
-3.36312e-44
-3.36312e-44
-3.36312e-44
-3.36312e-44
-3.36312e-44
-3.36312e-44
-3.36312e-44
-3.36312e-44
-3.36312e-44
-3.36312e-44
-3.36312e-44
-3.36312e-44
-3.36312e-44
-3.36312e-44
-3.36312e-44
-3.36312e-44
-3.36312e-44
-3.36312e-44
-3.36312e-44
-3.36312e-44
-3.36312e-44
-3.36312e-44
-3.36312e-44
-3.36312e-44
-3.36312e-44
-3.36312e-44
-3.36312e-44
-3.36312e-44
-3.36312e-44
-3.36312e-44
-3.36312e-44
-3.36312e-44
-3.36312e-44
-3.36312e-44
-3.36312e-44
-3.36312e-44
-3.36312e-44
-3.36312e-44
-3.36312e-44
-3.36312e-44
-3.36312e-44
-3.36312e-44
-3.36312e-44
-3.36312e-44
-3.36312e-44
-3.36312e-44
-3.36312e-44
-3.36312e-44
-3.36312e-44
-3.36312e-44
-3.36312e-44
-3.36312e-44
-3.36312e-44
-3.36312e-44
-3.36312e-44
-3.36312e-44
-3.36312e-44
-3.36312e-44
-3.36312e-44
-3.36312e-44
-3.36312e-44
-3.36312e-44
-3.36312e-44
-3.36312e-44
-3.36312e-44
-3.36312e-44
-3.36312e-44
-3.36312e-44
-3.36312e-44
-3.36312e-44
-3.36312e-44
-3.36312e-44
-3.36312e-44
-3.36312e-44
-3.36312e-44
-3.36312e-44
-3.36312e-44
-3.36312e-44
-3.36312e-44
-3.36312e-44
-3.36312e-44
-3.36312e-44
-3.36312e-44
-3.36312e-44
-3.36312e-44
-3.36312e-44
-3.36312e-44
-3.36312e-44
-3.36312e-44
-3.36312e-44
-3.36312e-44
-3.36312e-44
-3.36312e-44
-3.36312e-44
-3.36312e-44
-3.36312e-44
-3.36312e-44
-3.36312e-44
-3.36312e-44
-3.36312e-44
-3.36312e-44
-3.36312e-44
-3.36312e-44
-3.36312e-44
-3.36312e-44
-3.36312e-44
-3.36312e-44
-3.36312e-44
-3.36312e-44
-3.36312e-44
-3.36312e-44
-3.36312e-44
-3.36312e-44
-3.36312e-44
-3.36312e-44
-3.36312e-44
-3.36312e-44
-3.36312e-44
-3.36312e-44
-3.36312e-44
-3.36312e-44
-3.36312e-44
-3.36312e-44
-3.36312e-44
-3.36312e-44
-3.36312e-44
-3.36312e-44
-3.36312e-44
-3.36312e-44
-3.36312e-44
-3.36312e-44
-3.36312e-44
-3.36312e-44
-3.36312e-44
-3.36312e-44
-3.36312e-44
-3.36312e-44
-3.36312e-44
-3.36312e-44
-3.36312e-44
-3.36312e-44
-3.36312e-44
-3.36312e-44
-3.36312e-44
-3.36312e-44
-3.36312e-44
-3.36312e-44
-3.36312e-44
-3.36312e-44
-3.36312e-44
-3.36312e-44
-3.36312e-44
-3.36312e-44
-3.36312e-44
-3.36312e-44
-3.36312e-44
-3.36312e-44
-3.36312e-44
-3.36312e-44
-3.36312e-44
-3.36312e-44
-3.36312e-44
-3.36312e-44
-3.36312e-44
-3.36312e-44
-3.36312e-44
-3.36312e-44
-3.36312e-44
-3.36312e-44
-3.36312e-44
-3.36312e-44
-3.36312e-44
-3.36312e-44
-3.36312e-44
-3.36312e-44
-3.36312e-44
-3.36312e-44
-3.36312e-44
-3.36312e-44
-3.36312e-44
-3.36312e-44
-3.36312e-44
-3.36312e-44
-3.36312e-44
-3.36312e-44
-3.36312e-44
-3.36312e-44
-3.36312e-44
-3.36312e-44
-3.36312e-44
-3.36312e-44
-3.36312e-44
-3.36312e-44
-3.36312e-44
-3.36312e-44
-3.36312e-44
-3.36312e-44
-3.36312e-44
-3.36312e-44
-3.36312e-44
-3.36312e-44
-3.36312e-44
-3.36312e-44
-3.36312e-44
-3.36312e-44
-3.36312e-44
-3.36312e-44
-3.36312e-44
-3.36312e-44
-3.36312e-44
-3.36312e-44
-3.36312e-44
-3.36312e-44
-3.36312e-44
-3.36312e-44
-3.36312e-44
-3.36312e-44
-3.36312e-44
-3.36312e-44
-3.36312e-44
-3.36312e-44
-3.36312e-44
-3.36312e-44
-3.36312e-44
-3.36312e-44
-3.36312e-44
-3.36312e-44
-3.36312e-44
-3.36312e-44
-3.36312e-44
-3.36312e-44
-3.36312e-44
-3.36312e-44
-3.36312e-44
-3.36312e-44
-3.36312e-44
-3.36312e-44
-3.36312e-44
-3.36312e-44
-3.36312e-44
-3.36312e-44
-3.36312e-44
-3.36312e-44
-3.36312e-44
-3.36312e-44
-3.36312e-44
-3.36312e-44
-3.36312e-44
-3.36312e-44
-3.36312e-44
-3.36312e-44
-3.36312e-44
-3.36312e-44
-3.36312e-44
-3.36312e-44
-3.36312e-44
-3.36312e-44
-3.36312e-44
-3.36312e-44
-3.36312e-44
-3.36312e-44
-3.36312e-44
-3.36312e-44
-3.36312e-44
-3.36312e-44
-3.36312e-44
-3.36312e-44
-3.36312e-44
-3.36312e-44
-3.36312e-44
-3.36312e-44
-3.36312e-44
-3.36312e-44
-3.36312e-44
-3.36312e-44
-3.36312e-44
-3.36312e-44
-3.36312e-44
-3.36312e-44
-3.36312e-44
-3.36312e-44
-3.36312e-44
-3.36312e-44
-3.36312e-44
-3.36312e-44
-3.36312e-44
-3.36312e-44
-3.36312e-44
-3.36312e-44
-3.36312e-44
-3.36312e-44
-3.36312e-44
-3.36312e-44
-3.36312e-44
-3.36312e-44
-3.36312e-44
-3.36312e-44
-3.36312e-44
-3.36312e-44
-3.36312e-44
-3.36312e-44
-3.36312e-44
-3.36312e-44
-3.36312e-44
-3.36312e-44
-3.36312e-44
-3.36312e-44
-3.36312e-44
-3.36312e-44
-3.36312e-44
-3.36312e-44
-3.36312e-44
-3.36312e-44
-3.36312e-44
-3.36312e-44
-3.36312e-44
-3.36312e-44
-3.36312e-44
-3.36312e-44
-3.36312e-44
-3.36312e-44
-3.36312e-44
-3.36312e-44
-3.36312e-44
-3.36312e-44
-3.36312e-44
-3.36312e-44
-3.36312e-44
-3.36312e-44
-3.36312e-44
-3.36312e-44
-3.36312e-44
-3.36312e-44
-3.36312e-44
-3.36312e-44
-3.36312e-44
-3.36312e-44
-3.36312e-44
-3.36312e-44
-3.36312e-44
-3.36312e-44
-3.36312e-44
-3.36312e-44
-3.36312e-44
-3.36312e-44
-3.36312e-44
-3.36312e-44
-3.36312e-44
-3.36312e-44
-3.36312e-44
-3.36312e-44
-3.36312e-44
-3.36312e-44
-3.36312e-44
-3.36312e-44
-3.36312e-44
-3.36312e-44
-3.36312e-44
-3.36312e-44
-3.36312e-44
-3.36312e-44
-3.36312e-44
-3.36312e-44
-3.36312e-44
-3.36312e-44
-3.36312e-44
-3.36312e-44
-3.36312e-44
-3.36312e-44
-3.36312e-44
-3.36312e-44
-3.36312e-44
-3.36312e-44
-3.36312e-44
-3.36312e-44
-3.36312e-44
-3.36312e-44
-3.36312e-44
-3.36312e-44
-3.36312e-44
-3.36312e-44
-3.36312e-44
-3.36312e-44
-3.36312e-44
-3.36312e-44
-3.36312e-44
-3.36312e-44
-3.36312e-44
-3.36312e-44
-3.36312e-44
-3.36312e-44
-3.36312e-44
-3.36312e-44
-3.36312e-44
-3.36312e-44
-3.36312e-44
-3.36312e-44
-3.36312e-44
-3.36312e-44
-3.36312e-44
-3.36312e-44
-3.36312e-44
-3.36312e-44
-3.36312e-44
-3.36312e-44
-3.36312e-44
-3.36312e-44
-3.36312e-44
-3.36312e-44
-3.36312e-44
-3.36312e-44
-3.36312e-44
-3.36312e-44
-3.36312e-44
-3.36312e-44
-3.36312e-44
-3.36312e-44
-3.36312e-44
-3.36312e-44
-3.36312e-44
-3.36312e-44
-3.36312e-44
-3.36312e-44
-3.36312e-44
-3.36312e-44
-3.36312e-44
-3.36312e-44
-3.36312e-44
-3.36312e-44
-3.36312e-44
-3.36312e-44
-3.36312e-44
-3.36312e-44
-3.36312e-44
-3.36312e-44
-3.36312e-44
-3.36312e-44
-3.36312e-44
-3.36312e-44
-3.36312e-44
-3.36312e-44
-3.36312e-44
-3.36312e-44
-3.36312e-44
-3.36312e-44
-3.36312e-44
-3.36312e-44
-3.36312e-44
-3.36312e-44
-3.36312e-44
-3.36312e-44
-3.36312e-44
-3.36312e-44
-3.36312e-44
-3.36312e-44
-3.36312e-44
-3.36312e-44
-3.36312e-44
-3.36312e-44
-3.36312e-44
-3.36312e-44
-3.36312e-44
-3.36312e-44
-3.36312e-44
-3.36312e-44
-3.36312e-44
-3.36312e-44
-3.36312e-44
-3.36312e-44
-3.36312e-44
-3.36312e-44
-3.36312e-44
-3.36312e-44
-3.36312e-44
-3.36312e-44
-3.36312e-44
-3.36312e-44
-3.36312e-44
-3.36312e-44
-3.36312e-44
-3.36312e-44
-3.36312e-44
-3.36312e-44
-3.36312e-44
-3.36312e-44
-3.36312e-44
-3.36312e-44
-3.36312e-44
-3.36312e-44
-3.36312e-44
-3.36312e-44
-3.36312e-44
-3.36312e-44
-3.36312e-44
-3.36312e-44
-3.36312e-44
-3.36312e-44
-3.36312e-44
-3.36312e-44
-3.36312e-44
-3.36312e-44
-3.36312e-44
-3.36312e-44
-3.36312e-44
-3.36312e-44
-3.36312e-44
-3.36312e-44
-3.36312e-44
-3.36312e-44
-3.36312e-44
-3.36312e-44
-3.36312e-44
-3.36312e-44
-3.36312e-44
-3.36312e-44
-3.36312e-44
-3.36312e-44
-3.36312e-44
-3.36312e-44
-3.36312e-44
-3.36312e-44
-3.36312e-44
-3.36312e-44
-3.36312e-44
-3.36312e-44
-3.36312e-44
-3.36312e-44
-3.36312e-44
-3.36312e-44
-3.36312e-44
-3.36312e-44
-3.36312e-44
-3.36312e-44
-3.36312e-44
-3.36312e-44
-3.36312e-44
-3.36312e-44
-3.36312e-44
-3.36312e-44
-3.36312e-44
-3.36312e-44
-3.36312e-44
-3.36312e-44
-3.36312e-44
-3.36312e-44
-3.36312e-44
-3.36312e-44
-3.36312e-44
-3.36312e-44
-3.36312e-44
-3.36312e-44
-3.36312e-44
-3.36312e-44
-3.36312e-44
-3.36312e-44
-3.36312e-44
-3.36312e-44
-3.36312e-44
-3.36312e-44
-3.36312e-44
-3.36312e-44
-3.36312e-44
-3.36312e-44
-3.36312e-44
-3.36312e-44
-3.36312e-44
-3.36312e-44
-3.36312e-44
-3.36312e-44
-3.36312e-44
-3.36312e-44
-3.36312e-44
-3.36312e-44
-3.36312e-44
-3.36312e-44
-3.36312e-44
-3.36312e-44
-3.36312e-44
-3.36312e-44
-3.36312e-44
-3.36312e-44
-3.36312e-44
-3.36312e-44
-3.36312e-44
-3.36312e-44
-3.36312e-44
-3.36312e-44
-3.36312e-44
-3.36312e-44
-3.36312e-44
-3.36312e-44
-3.36312e-44
-3.36312e-44
-3.36312e-44
-3.36312e-44
-3.36312e-44
-3.36312e-44
-3.36312e-44
-3.36312e-44
-3.36312e-44
-3.36312e-44
-3.36312e-44
-3.36312e-44
-3.36312e-44
-3.36312e-44
-3.36312e-44
-3.36312e-44
-3.36312e-44
-3.36312e-44
-3.36312e-44
-3.36312e-44
-3.36312e-44
-3.36312e-44
-3.36312e-44
-3.36312e-44
-3.36312e-44
-3.36312e-44
-3.36312e-44
-3.36312e-44
-3.36312e-44
-3.36312e-44
-3.36312e-44
-3.36312e-44
-3.36312e-44
-3.36312e-44
-3.36312e-44
-3.36312e-44
-3.36312e-44
-3.36312e-44
-3.36312e-44
-3.36312e-44
-3.36312e-44
-3.36312e-44
-3.36312e-44
-3.36312e-44
-3.36312e-44
-3.36312e-44
-3.36312e-44
-3.36312e-44
-3.36312e-44
-3.36312e-44
-3.36312e-44
-3.36312e-44
-3.36312e-44
-3.36312e-44
-3.36312e-44
-3.36312e-44
-3.36312e-44
-3.36312e-44
-3.36312e-44
-3.36312e-44
-3.36312e-44
-3.36312e-44
-3.36312e-44
-3.36312e-44
-3.36312e-44
-3.36312e-44
-3.36312e-44
-3.36312e-44
-3.36312e-44
-3.36312e-44
-3.36312e-44
-3.36312e-44
-3.36312e-44
-3.36312e-44
-3.36312e-44
-3.36312e-44
-3.36312e-44
-3.36312e-44
-3.36312e-44
-3.36312e-44
-3.36312e-44
-3.36312e-44
-3.36312e-44
-3.36312e-44
-3.36312e-44
-3.36312e-44
-3.36312e-44
-3.36312e-44
-3.36312e-44
-3.36312e-44
-3.36312e-44
-3.36312e-44
-3.36312e-44
-3.36312e-44
-3.36312e-44
-3.36312e-44
-3.36312e-44
-3.36312e-44
-3.36312e-44
-3.36312e-44
-3.36312e-44
-3.36312e-44
-3.36312e-44
-3.36312e-44
-3.36312e-44
-3.36312e-44
-3.36312e-44
-3.36312e-44
-3.36312e-44
-3.36312e-44
-3.36312e-44
-3.36312e-44
-3.36312e-44
-3.36312e-44
-3.36312e-44
-3.36312e-44
-3.36312e-44
-3.36312e-44
-3.36312e-44
-3.36312e-44
-3.36312e-44
-3.36312e-44
-3.36312e-44
-3.36312e-44
-3.36312e-44
-3.36312e-44
-3.36312e-44
-3.36312e-44
-3.36312e-44
-3.36312e-44
-3.36312e-44
-3.36312e-44
-3.36312e-44
-3.36312e-44
-3.36312e-44
-3.36312e-44
-3.36312e-44
-3.36312e-44
-3.36312e-44
-3.36312e-44
-3.36312e-44
-3.36312e-44
-3.36312e-44
-3.36312e-44
-3.36312e-44
-3.36312e-44
-3.36312e-44
-3.36312e-44
-3.36312e-44
-3.36312e-44
-3.36312e-44
-3.36312e-44
-3.36312e-44
-3.36312e-44
-3.36312e-44
-3.36312e-44
-3.36312e-44
-3.36312e-44
-3.36312e-44
-3.36312e-44
-3.36312e-44
-3.36312e-44
-3.36312e-44
-3.36312e-44
-3.36312e-44
-3.36312e-44
-3.36312e-44
-3.36312e-44
-3.36312e-44
-3.36312e-44
-3.36312e-44
-3.36312e-44
-3.36312e-44
-3.36312e-44
-3.36312e-44
-3.36312e-44
-3.36312e-44
-3.36312e-44
-3.36312e-44
-3.36312e-44
-3.36312e-44
-3.36312e-44
-3.36312e-44
-3.36312e-44
-3.36312e-44
-3.36312e-44
-3.36312e-44
-3.36312e-44
-3.36312e-44
-3.36312e-44
-3.36312e-44
-3.36312e-44
-3.36312e-44
-3.36312e-44
-3.36312e-44
-3.36312e-44
-3.36312e-44
-3.36312e-44
-3.36312e-44
-3.36312e-44
-3.36312e-44
-3.36312e-44
-3.36312e-44
-3.36312e-44
-3.36312e-44
-3.36312e-44
-3.36312e-44
-3.36312e-44
-3.36312e-44
-3.36312e-44
-3.36312e-44
-3.36312e-44
-3.36312e-44
-3.36312e-44
-3.36312e-44
-3.36312e-44
-3.36312e-44
-3.36312e-44
-3.36312e-44
-3.36312e-44
-3.36312e-44
-3.36312e-44
-3.36312e-44
-3.36312e-44
-3.36312e-44
-3.36312e-44
-3.36312e-44
-3.36312e-44
-3.36312e-44
-3.36312e-44
-3.36312e-44
-3.36312e-44
-3.36312e-44
-3.36312e-44
-3.36312e-44
-3.36312e-44
-3.36312e-44
-3.36312e-44
-3.36312e-44
-3.36312e-44
-3.36312e-44
-3.36312e-44
-3.36312e-44
-3.36312e-44
-3.36312e-44
-3.36312e-44
-3.36312e-44
-3.36312e-44
-3.36312e-44
-3.36312e-44
-3.36312e-44
-3.36312e-44
-3.36312e-44
-3.36312e-44
-3.36312e-44
-3.36312e-44
-3.36312e-44
-3.36312e-44
-3.36312e-44
-3.36312e-44
-3.36312e-44
-3.36312e-44
-3.36312e-44
-3.36312e-44
-3.36312e-44
-3.36312e-44
-3.36312e-44
-3.36312e-44
-3.36312e-44
-3.36312e-44
-3.36312e-44
-3.36312e-44
-3.36312e-44
-3.36312e-44
-3.36312e-44
-3.36312e-44
-3.36312e-44
-3.36312e-44
-3.36312e-44
-3.36312e-44
-3.36312e-44
-3.36312e-44
-3.36312e-44
-3.36312e-44
-3.36312e-44
-3.36312e-44
-3.36312e-44
-3.36312e-44
-3.36312e-44
-3.36312e-44
-3.36312e-44
-3.36312e-44
-3.36312e-44
-3.36312e-44
-3.36312e-44
-3.36312e-44
-3.36312e-44
-3.36312e-44
-3.36312e-44
-3.36312e-44
-3.36312e-44
-3.36312e-44
-3.36312e-44
-3.36312e-44
-3.36312e-44
-3.36312e-44
-3.36312e-44
-3.36312e-44
-3.36312e-44
-3.36312e-44
-3.36312e-44
-3.36312e-44
-3.36312e-44
-3.36312e-44
-3.36312e-44
-3.36312e-44
-3.36312e-44
-3.36312e-44
-3.36312e-44
-3.36312e-44
-3.36312e-44
-3.36312e-44
-3.36312e-44
-3.36312e-44
-3.36312e-44
-3.36312e-44
-3.36312e-44
-3.36312e-44
-3.36312e-44
-3.36312e-44
-3.36312e-44
-3.36312e-44
-3.36312e-44
-3.36312e-44
-3.36312e-44
-3.36312e-44
-3.36312e-44
-3.36312e-44
-3.36312e-44
-3.36312e-44
-3.36312e-44
-3.36312e-44
-3.36312e-44
-3.36312e-44
-3.36312e-44
-3.36312e-44
-3.36312e-44
-3.36312e-44
-3.36312e-44
-3.36312e-44
-3.36312e-44
-3.36312e-44
-3.36312e-44
-3.36312e-44
-3.36312e-44
-3.36312e-44
-3.36312e-44
-3.36312e-44
-3.36312e-44
-3.36312e-44
-3.36312e-44
-3.36312e-44
-3.36312e-44
-3.36312e-44
-3.36312e-44
-3.36312e-44
-3.36312e-44
-3.36312e-44
-3.36312e-44
-3.36312e-44
-3.36312e-44
-3.36312e-44
-3.36312e-44
-3.36312e-44
-3.36312e-44
-3.36312e-44
-3.36312e-44
-3.36312e-44
-3.36312e-44
-3.36312e-44
-3.36312e-44
-3.36312e-44
-3.36312e-44
-3.36312e-44
-3.36312e-44
-3.36312e-44
-3.36312e-44
-3.36312e-44
-3.36312e-44
-3.36312e-44
-3.36312e-44
-3.36312e-44
-3.36312e-44
-3.36312e-44
-3.36312e-44
-3.36312e-44
-3.36312e-44
-3.36312e-44
-3.36312e-44
-3.36312e-44
-3.36312e-44
-3.36312e-44
-3.36312e-44
-3.36312e-44
-3.36312e-44
-3.36312e-44
-3.36312e-44
-3.36312e-44
-3.36312e-44
-3.36312e-44
-3.36312e-44
-3.36312e-44
-3.36312e-44
-3.36312e-44
-3.36312e-44
-3.36312e-44
-3.36312e-44
-3.36312e-44
-3.36312e-44
-3.36312e-44
-3.36312e-44
-3.36312e-44
-3.36312e-44
-3.36312e-44
-3.36312e-44
-3.36312e-44
-3.36312e-44
-3.36312e-44
-3.36312e-44
-3.36312e-44
-3.36312e-44
-3.36312e-44
-3.36312e-44
-3.36312e-44
-3.36312e-44
-3.36312e-44
-3.36312e-44
-3.36312e-44
-3.36312e-44
-3.36312e-44
-3.36312e-44
-3.36312e-44
-3.36312e-44
-3.36312e-44
-3.36312e-44
-3.36312e-44
-3.36312e-44
-3.36312e-44
-3.36312e-44
-3.36312e-44
-3.36312e-44
-3.36312e-44
-3.36312e-44
-3.36312e-44
-3.36312e-44
-3.36312e-44
-3.36312e-44
-3.36312e-44
-3.36312e-44
-3.36312e-44
-3.36312e-44
-3.36312e-44
-3.36312e-44
-3.36312e-44
-3.36312e-44
-3.36312e-44
-3.36312e-44
-3.36312e-44
-3.36312e-44
-3.36312e-44
-3.36312e-44
-3.36312e-44
-3.36312e-44
-3.36312e-44
-3.36312e-44
-3.36312e-44
-3.36312e-44
-3.36312e-44
-3.36312e-44
-3.36312e-44
-3.36312e-44
-3.36312e-44
-3.36312e-44
-3.36312e-44
-3.36312e-44
-3.36312e-44
-3.36312e-44
-3.36312e-44
-3.36312e-44
-3.36312e-44
-3.36312e-44
-3.36312e-44
-3.36312e-44
-3.36312e-44
-3.36312e-44
-3.36312e-44
-3.36312e-44
-3.36312e-44
-3.36312e-44
-3.36312e-44
-3.36312e-44
-3.36312e-44
-3.36312e-44
-3.36312e-44
-3.36312e-44
-3.36312e-44
-3.36312e-44
-3.36312e-44
-3.36312e-44
-3.36312e-44
-3.36312e-44
-3.36312e-44
-3.36312e-44
-3.36312e-44
-3.36312e-44
-3.36312e-44
-3.36312e-44
-3.36312e-44
-3.36312e-44
-3.36312e-44
-3.36312e-44
-3.36312e-44
-3.36312e-44
-3.36312e-44
-3.36312e-44
-3.36312e-44
-3.36312e-44
-3.36312e-44
-3.36312e-44
-3.36312e-44
-3.36312e-44
-3.36312e-44
-3.36312e-44
-3.36312e-44
-3.36312e-44
-3.36312e-44
-3.36312e-44
-3.36312e-44
-3.36312e-44
-3.36312e-44
-3.36312e-44
-3.36312e-44
-3.36312e-44
-3.36312e-44
-3.36312e-44
-3.36312e-44
-3.36312e-44
-3.36312e-44
-3.36312e-44
-3.36312e-44
-3.36312e-44
-3.36312e-44
-3.36312e-44
-3.36312e-44
-3.36312e-44
-3.36312e-44
-3.36312e-44
-3.36312e-44
-3.36312e-44
-3.36312e-44
-3.36312e-44
-3.36312e-44
-3.36312e-44
-3.36312e-44
-3.36312e-44
-3.36312e-44
-3.36312e-44
-3.36312e-44
-3.36312e-44
-3.36312e-44
-3.36312e-44
-3.36312e-44
-3.36312e-44
-3.36312e-44
-3.36312e-44
-3.36312e-44
-3.36312e-44
-3.36312e-44
-3.36312e-44
-3.36312e-44
-3.36312e-44
-3.36312e-44
-3.36312e-44
-3.36312e-44
-3.36312e-44
-3.36312e-44
-3.36312e-44
-3.36312e-44
-3.36312e-44
-3.36312e-44
-3.36312e-44
-3.36312e-44
-3.36312e-44
-3.36312e-44
-3.36312e-44
-3.36312e-44
-3.36312e-44
-3.36312e-44
-3.36312e-44
-3.36312e-44
-3.36312e-44
-3.36312e-44
-3.36312e-44
-3.36312e-44
-3.36312e-44
-3.36312e-44
-3.36312e-44
-3.36312e-44
-3.36312e-44
-3.36312e-44
-3.36312e-44
-3.36312e-44
-3.36312e-44
-3.36312e-44
-3.36312e-44
-3.36312e-44
-3.36312e-44
-3.36312e-44
-3.36312e-44
-3.36312e-44
-3.36312e-44
-3.36312e-44
-3.36312e-44
-3.36312e-44
-3.36312e-44
-3.36312e-44
-3.36312e-44
-3.36312e-44
-3.36312e-44
-3.36312e-44
-3.36312e-44
-3.36312e-44
-3.36312e-44
-3.36312e-44
-3.36312e-44
-3.36312e-44
-3.36312e-44
-3.36312e-44
-3.36312e-44
-3.36312e-44
-3.36312e-44
-3.36312e-44
-3.36312e-44
-3.36312e-44
-3.36312e-44
-3.36312e-44
-3.36312e-44
-3.36312e-44
-3.36312e-44
-3.36312e-44
-3.36312e-44
-3.36312e-44
-3.36312e-44
-3.36312e-44
-3.36312e-44
-3.36312e-44
-3.36312e-44
-3.36312e-44
-3.36312e-44
-3.36312e-44
-3.36312e-44
-3.36312e-44
-3.36312e-44
-3.36312e-44
-3.36312e-44
-3.36312e-44
-3.36312e-44
-3.36312e-44
-3.36312e-44
-3.36312e-44
-3.36312e-44
-3.36312e-44
-3.36312e-44
-3.36312e-44
-3.36312e-44
-3.36312e-44
-3.36312e-44
-3.36312e-44
-3.36312e-44
-3.36312e-44
-3.36312e-44
-3.36312e-44
-3.36312e-44
-3.36312e-44
-3.36312e-44
-3.36312e-44
-3.36312e-44
-3.36312e-44
-3.36312e-44
-3.36312e-44
-3.36312e-44
-3.36312e-44
-3.36312e-44
-3.36312e-44
-3.36312e-44
-3.36312e-44
-3.36312e-44
-3.36312e-44
-3.36312e-44
-3.36312e-44
-3.36312e-44
-3.36312e-44
-3.36312e-44
-3.36312e-44
-3.36312e-44
-3.36312e-44
-3.36312e-44
-3.36312e-44
-3.36312e-44
-3.36312e-44
-3.36312e-44
-3.36312e-44
-3.36312e-44
-3.36312e-44
-3.36312e-44
-3.36312e-44
-3.36312e-44
-3.36312e-44
-3.36312e-44
-3.36312e-44
-3.36312e-44
-3.36312e-44
-3.36312e-44
-3.36312e-44
-3.36312e-44
-3.36312e-44
-3.36312e-44
-3.36312e-44
-3.36312e-44
-3.36312e-44
-3.36312e-44
-3.36312e-44
-3.36312e-44
-3.36312e-44
-3.36312e-44
-3.36312e-44
-3.36312e-44
-3.36312e-44
-3.36312e-44
-3.36312e-44
-3.36312e-44
-3.36312e-44
-3.36312e-44
-3.36312e-44
-3.36312e-44
-3.36312e-44
-3.36312e-44
-3.36312e-44
-3.36312e-44
-3.36312e-44
-3.36312e-44
-3.36312e-44
-3.36312e-44
-3.36312e-44
-3.36312e-44
-3.36312e-44
-3.36312e-44
-3.36312e-44
-3.36312e-44
-3.36312e-44
-3.36312e-44
-3.36312e-44
-3.36312e-44
-3.36312e-44
-3.36312e-44
-3.36312e-44
-3.36312e-44
-3.36312e-44
-3.36312e-44
-3.36312e-44
-3.36312e-44
-3.36312e-44
-3.36312e-44
-3.36312e-44
-3.36312e-44
-3.36312e-44
-3.36312e-44
-3.36312e-44
-3.36312e-44
-3.36312e-44
-3.36312e-44
-3.36312e-44
-3.36312e-44
-3.36312e-44
-3.36312e-44
-3.36312e-44
-3.36312e-44
-3.36312e-44
-3.36312e-44
-3.36312e-44
-3.36312e-44
-3.36312e-44
-3.36312e-44
-3.36312e-44
-3.36312e-44
-3.36312e-44
-3.36312e-44
-3.36312e-44
-3.36312e-44
-3.36312e-44
-3.36312e-44
-3.36312e-44
-3.36312e-44
-3.36312e-44
-3.36312e-44
-3.36312e-44
-3.36312e-44
-3.36312e-44
-3.36312e-44
-3.36312e-44
-3.36312e-44
-3.36312e-44
-3.36312e-44
-3.36312e-44
-3.36312e-44
-3.36312e-44
-3.36312e-44
-3.36312e-44
-3.36312e-44
-3.36312e-44
-3.36312e-44
-3.36312e-44
-3.36312e-44
-3.36312e-44
-3.36312e-44
-3.36312e-44
-3.36312e-44
-3.36312e-44
-3.36312e-44
-3.36312e-44
-3.36312e-44
-3.36312e-44
-3.36312e-44
-3.36312e-44
-3.36312e-44
-3.36312e-44
-3.36312e-44
-3.36312e-44
-3.36312e-44
-3.36312e-44
-3.36312e-44
-3.36312e-44
-3.36312e-44
-3.36312e-44
-3.36312e-44
-3.36312e-44
-3.36312e-44
-3.36312e-44
-3.36312e-44
-3.36312e-44
-3.36312e-44
-3.36312e-44
-3.36312e-44
-3.36312e-44
-3.36312e-44
-3.36312e-44
-3.36312e-44
-3.36312e-44
-3.36312e-44
-3.36312e-44
-3.36312e-44
-3.36312e-44
-3.36312e-44
-3.36312e-44
-3.36312e-44
-3.36312e-44
-3.36312e-44
-3.36312e-44
-3.36312e-44
-3.36312e-44
-3.36312e-44
-3.36312e-44
-3.36312e-44
-3.36312e-44
-3.36312e-44
-3.36312e-44
-3.36312e-44
-3.36312e-44
-3.36312e-44
-3.36312e-44
-3.36312e-44
-3.36312e-44
-3.36312e-44
-3.36312e-44
-3.36312e-44
-3.36312e-44
-3.36312e-44
-3.36312e-44
-3.36312e-44
-3.36312e-44
-3.36312e-44
-3.36312e-44
-3.36312e-44
-3.36312e-44
-3.36312e-44
-3.36312e-44
-3.36312e-44
-3.36312e-44
-3.36312e-44
-3.36312e-44
-3.36312e-44
-3.36312e-44
-3.36312e-44
-3.36312e-44
-3.36312e-44
-3.36312e-44
-3.36312e-44
-3.36312e-44
-3.36312e-44
-3.36312e-44
-3.36312e-44
-3.36312e-44
-3.36312e-44
-3.36312e-44
-3.36312e-44
-3.36312e-44
-3.36312e-44
-3.36312e-44
-3.36312e-44
-3.36312e-44
-3.36312e-44
-3.36312e-44
-3.36312e-44
-3.36312e-44
-3.36312e-44
-3.36312e-44
-3.36312e-44
-3.36312e-44
-3.36312e-44
-3.36312e-44
-3.36312e-44
-3.36312e-44
-3.36312e-44
-3.36312e-44
-3.36312e-44
-3.36312e-44
-3.36312e-44
-3.36312e-44
-3.36312e-44
-3.36312e-44
-3.36312e-44
-3.36312e-44
-3.36312e-44
-3.36312e-44
-3.36312e-44
-3.36312e-44
-3.36312e-44
-3.36312e-44
-3.36312e-44
-3.36312e-44
-3.36312e-44
-3.36312e-44
-3.36312e-44
-3.36312e-44
-3.36312e-44
-3.36312e-44
-3.36312e-44
-3.36312e-44
-3.36312e-44
-3.36312e-44
-3.36312e-44
-3.36312e-44
-3.36312e-44
-3.36312e-44
-3.36312e-44
-3.36312e-44
-3.36312e-44
-3.36312e-44
-3.36312e-44
-3.36312e-44
-3.36312e-44
-3.36312e-44
-3.36312e-44
-3.36312e-44
-3.36312e-44
-3.36312e-44
-3.36312e-44
-3.36312e-44
-3.36312e-44
-3.36312e-44
-3.36312e-44
-3.36312e-44
-3.36312e-44
-3.36312e-44
-3.36312e-44
-3.36312e-44
-3.36312e-44
-3.36312e-44
-3.36312e-44
-3.36312e-44
-3.36312e-44
-3.36312e-44
-3.36312e-44
-3.36312e-44
-3.36312e-44
-3.36312e-44
-3.36312e-44
-3.36312e-44
-3.36312e-44
-3.36312e-44
-3.36312e-44
-3.36312e-44
-3.36312e-44
-3.36312e-44
-3.36312e-44
-3.36312e-44
-3.36312e-44
-3.36312e-44
-3.36312e-44
-3.36312e-44
-3.36312e-44
-3.36312e-44
-3.36312e-44
-3.36312e-44
-3.36312e-44
-3.36312e-44
-3.36312e-44
-3.36312e-44
-3.36312e-44
-3.36312e-44
-3.36312e-44
-3.36312e-44
-3.36312e-44
-3.36312e-44
-3.36312e-44
-3.36312e-44
-3.36312e-44
-3.36312e-44
-3.36312e-44
-3.36312e-44
-3.36312e-44
-3.36312e-44
-3.36312e-44
-3.36312e-44
-3.36312e-44
-3.36312e-44
-3.36312e-44
-3.36312e-44
-3.36312e-44
-3.36312e-44
-3.36312e-44
-3.36312e-44
-3.36312e-44
-3.36312e-44
-3.36312e-44
-3.36312e-44
-3.36312e-44
-3.36312e-44
-3.36312e-44
-3.36312e-44
-3.36312e-44
-3.36312e-44
-3.36312e-44
-3.36312e-44
-3.36312e-44
-3.36312e-44
-3.36312e-44
-3.36312e-44
-3.36312e-44
-3.36312e-44
-3.36312e-44
-3.36312e-44
-3.36312e-44
-3.36312e-44
-3.36312e-44
-3.36312e-44
-3.36312e-44
-3.36312e-44
-3.36312e-44
-3.36312e-44
-3.36312e-44
-3.36312e-44
-3.36312e-44
-3.36312e-44
-3.36312e-44
-3.36312e-44
-3.36312e-44
-3.36312e-44
-3.36312e-44
-3.36312e-44
-3.36312e-44
-3.36312e-44
-3.36312e-44
-3.36312e-44
-3.36312e-44
-3.36312e-44
-3.36312e-44
-3.36312e-44
-3.36312e-44
-3.36312e-44
-3.36312e-44
-3.36312e-44
-3.36312e-44
-3.36312e-44
-3.36312e-44
-3.36312e-44
-3.36312e-44
-3.36312e-44
-3.36312e-44
-3.36312e-44
-3.36312e-44
-3.36312e-44
-3.36312e-44
-3.36312e-44
-3.36312e-44
-3.36312e-44
-3.36312e-44
-3.36312e-44
-3.36312e-44
-3.36312e-44
-3.36312e-44
-3.36312e-44
-3.36312e-44
-3.36312e-44
-3.36312e-44
-3.36312e-44
-3.36312e-44
-3.36312e-44
-3.36312e-44
-3.36312e-44
-3.36312e-44
-3.36312e-44
-3.36312e-44
-3.36312e-44
-3.36312e-44
-3.36312e-44
-3.36312e-44
-3.36312e-44
-3.36312e-44
-3.36312e-44
-3.36312e-44
-3.36312e-44
-3.36312e-44
-3.36312e-44
-3.36312e-44
-3.36312e-44
-3.36312e-44
-3.36312e-44
-3.36312e-44
-3.36312e-44
-3.36312e-44
-3.36312e-44
-3.36312e-44
-3.36312e-44
-3.36312e-44
-3.36312e-44
-3.36312e-44
-3.36312e-44
-3.36312e-44
-3.36312e-44
-3.36312e-44
-3.36312e-44
-3.36312e-44
-3.36312e-44
-3.36312e-44
-3.36312e-44
-3.36312e-44
-3.36312e-44
-3.36312e-44
-3.36312e-44
-3.36312e-44
-3.36312e-44
-3.36312e-44
-3.36312e-44
-3.36312e-44
-3.36312e-44
-3.36312e-44
-3.36312e-44
-3.36312e-44
-3.36312e-44
-3.36312e-44
-3.36312e-44
-3.36312e-44
-3.36312e-44
-3.36312e-44
-3.36312e-44
-3.36312e-44
-3.36312e-44
-3.36312e-44
-3.36312e-44
-3.36312e-44
-3.36312e-44
-3.36312e-44
-3.36312e-44
-3.36312e-44
-3.36312e-44
-3.36312e-44
-3.36312e-44
-3.36312e-44
-3.36312e-44
-3.36312e-44
-3.36312e-44
-3.36312e-44
-3.36312e-44
-3.36312e-44
-3.36312e-44
-3.36312e-44
-3.36312e-44
-3.36312e-44
-3.36312e-44
-3.36312e-44
-3.36312e-44
-3.36312e-44
-3.36312e-44
-3.36312e-44
-3.36312e-44
-3.36312e-44
-3.36312e-44
-3.36312e-44
-3.36312e-44
-3.36312e-44
-3.36312e-44
-3.36312e-44
-3.36312e-44
-3.36312e-44
-3.36312e-44
-3.36312e-44
-3.36312e-44
-3.36312e-44
-3.36312e-44
-3.36312e-44
-3.36312e-44
-3.36312e-44
-3.36312e-44
-3.36312e-44
-3.36312e-44
-3.36312e-44
-3.36312e-44
-3.36312e-44
-3.36312e-44
-3.36312e-44
-3.36312e-44
-3.36312e-44
-3.36312e-44
-3.36312e-44
-3.36312e-44
-3.36312e-44
-3.36312e-44
-3.36312e-44
-3.36312e-44
-3.36312e-44
-3.36312e-44
-3.36312e-44
-3.36312e-44
-3.36312e-44
-3.36312e-44
-3.36312e-44
-3.36312e-44
-3.36312e-44
-3.36312e-44
-3.36312e-44
-3.36312e-44
-3.36312e-44
-3.36312e-44
-3.36312e-44
-3.36312e-44
-3.36312e-44
-3.36312e-44
-3.36312e-44
-3.36312e-44
-3.36312e-44
-3.36312e-44
-3.36312e-44
-3.36312e-44
-3.36312e-44
-3.36312e-44
-3.36312e-44
-3.36312e-44
-3.36312e-44
-3.36312e-44
-3.36312e-44
-3.36312e-44
-3.36312e-44
-3.36312e-44
-3.36312e-44
-3.36312e-44
-3.36312e-44
-3.36312e-44
-3.36312e-44
-3.36312e-44
-3.36312e-44
-3.36312e-44
-3.36312e-44
-3.36312e-44
-3.36312e-44
-3.36312e-44
-3.36312e-44
-3.36312e-44
-3.36312e-44
-3.36312e-44
-3.36312e-44
-3.36312e-44
-3.36312e-44
-3.36312e-44
-3.36312e-44
-3.36312e-44
-3.36312e-44
-3.36312e-44
-3.36312e-44
-3.36312e-44
-3.36312e-44
-3.36312e-44
-3.36312e-44
-3.36312e-44
-3.36312e-44
-3.36312e-44
-3.36312e-44
-3.36312e-44
-3.36312e-44
-3.36312e-44
-3.36312e-44
-3.36312e-44
-3.36312e-44
-3.36312e-44
-3.36312e-44
-3.36312e-44
-3.36312e-44
-3.36312e-44
-3.36312e-44
-3.36312e-44
-3.36312e-44
-3.36312e-44
-3.36312e-44
-3.36312e-44
-3.36312e-44
-3.36312e-44
-3.36312e-44
-3.36312e-44
-3.36312e-44
-3.36312e-44
-3.36312e-44
-3.36312e-44
-3.36312e-44
-3.36312e-44
-3.36312e-44
-3.36312e-44
-3.36312e-44
-3.36312e-44
-3.36312e-44
-3.36312e-44
-3.36312e-44
-3.36312e-44
-3.36312e-44
-3.36312e-44
-3.36312e-44
-3.36312e-44
-3.36312e-44
-3.36312e-44
-3.36312e-44
-3.36312e-44
-3.36312e-44
-3.36312e-44
-3.36312e-44
-3.36312e-44
-3.36312e-44
-3.36312e-44
-3.36312e-44
-3.36312e-44
-3.36312e-44
-3.36312e-44
-3.36312e-44
-3.36312e-44
-3.36312e-44
-3.36312e-44
-3.36312e-44
-3.36312e-44
-3.36312e-44
-3.36312e-44
-3.36312e-44
-3.36312e-44
-3.36312e-44
-3.36312e-44
-3.36312e-44
-3.36312e-44
-3.36312e-44
-3.36312e-44
-3.36312e-44
-3.36312e-44
-3.36312e-44
-3.36312e-44
-3.36312e-44
-3.36312e-44
-3.36312e-44
-3.36312e-44
-3.36312e-44
-3.36312e-44
-3.36312e-44
-3.36312e-44
-3.36312e-44
-3.36312e-44
-3.36312e-44
-3.36312e-44
-3.36312e-44
-3.36312e-44
-3.36312e-44
-3.36312e-44
-3.36312e-44
-3.36312e-44
-3.36312e-44
-3.36312e-44
-3.36312e-44
-3.36312e-44
-3.36312e-44
-3.36312e-44
-3.36312e-44
-3.36312e-44
-3.36312e-44
-3.36312e-44
-3.36312e-44
-3.36312e-44
-3.36312e-44
-3.36312e-44
-3.36312e-44
-3.36312e-44
-3.36312e-44
-3.36312e-44
-3.36312e-44
-3.36312e-44
-3.36312e-44
-3.36312e-44
-3.36312e-44
-3.36312e-44
-3.36312e-44
-3.36312e-44
-3.36312e-44
-3.36312e-44
-3.36312e-44
-3.36312e-44
-3.36312e-44
-3.36312e-44
-3.36312e-44
-3.36312e-44
-3.36312e-44
-3.36312e-44
-3.36312e-44
-3.36312e-44
-3.36312e-44
-3.36312e-44
-3.36312e-44
-3.36312e-44
-3.36312e-44
-3.36312e-44
-3.36312e-44
-3.36312e-44
-3.36312e-44
-3.36312e-44
-3.36312e-44
-3.36312e-44
-3.36312e-44
-3.36312e-44
-3.36312e-44
-3.36312e-44
-3.36312e-44
-3.36312e-44
-3.36312e-44
-3.36312e-44
-3.36312e-44
-3.36312e-44
-3.36312e-44
-3.36312e-44
-3.36312e-44
-3.36312e-44
-3.36312e-44
-3.36312e-44
-3.36312e-44
-3.36312e-44
-3.36312e-44
-3.36312e-44
-3.36312e-44
-3.36312e-44
-3.36312e-44
-3.36312e-44
-3.36312e-44
-3.36312e-44
-3.36312e-44
-3.36312e-44
-3.36312e-44
-3.36312e-44
-3.36312e-44
-3.36312e-44
-3.36312e-44
-3.36312e-44
-3.36312e-44
-3.36312e-44
-3.36312e-44
-3.36312e-44
-3.36312e-44
-3.36312e-44
-3.36312e-44
-3.36312e-44
-3.36312e-44
-3.36312e-44
-3.36312e-44
-3.36312e-44
-3.36312e-44
-3.36312e-44
-3.36312e-44
-3.36312e-44
-3.36312e-44
-3.36312e-44
-3.36312e-44
-3.36312e-44
-3.36312e-44
-3.36312e-44
-3.36312e-44
-3.36312e-44
-3.36312e-44
-3.36312e-44
-3.36312e-44
-3.36312e-44
-3.36312e-44
-3.36312e-44
-3.36312e-44
-3.36312e-44
-3.36312e-44
-3.36312e-44
-3.36312e-44
-3.36312e-44
-3.36312e-44
-3.36312e-44
-3.36312e-44
-3.36312e-44
-3.36312e-44
-3.36312e-44
-3.36312e-44
-3.36312e-44
-3.36312e-44
-3.36312e-44
-3.36312e-44
-3.36312e-44
-3.36312e-44
-3.36312e-44
-3.36312e-44
-3.36312e-44
-3.36312e-44
-3.36312e-44
-3.36312e-44
-3.36312e-44
-3.36312e-44
-3.36312e-44
-3.36312e-44
-3.36312e-44
-3.36312e-44
-3.36312e-44
-3.36312e-44
-3.36312e-44
-3.36312e-44
-3.36312e-44
-3.36312e-44
-3.36312e-44
-3.36312e-44
-3.36312e-44
-3.36312e-44
-3.36312e-44
-3.36312e-44
-3.36312e-44
-3.36312e-44
-3.36312e-44
-3.36312e-44
-3.36312e-44
-3.36312e-44
-3.36312e-44
-3.36312e-44
-3.36312e-44
-3.36312e-44
-3.36312e-44
-3.36312e-44
-3.36312e-44
-3.36312e-44
-3.36312e-44
-3.36312e-44
-3.36312e-44
-3.36312e-44
-3.36312e-44
-3.36312e-44
-3.36312e-44
-3.36312e-44
-3.36312e-44
-3.36312e-44
-3.36312e-44
-3.36312e-44
-3.36312e-44
-3.36312e-44
-3.36312e-44
-3.36312e-44
-3.36312e-44
-3.36312e-44
-3.36312e-44
-3.36312e-44
-3.36312e-44
-3.36312e-44
-3.36312e-44
-3.36312e-44
-3.36312e-44
-3.36312e-44
-3.36312e-44
-3.36312e-44
-3.36312e-44
-3.36312e-44
-3.36312e-44
-3.36312e-44
-3.36312e-44
-3.36312e-44
-3.36312e-44
-3.36312e-44
-3.36312e-44
-3.36312e-44
-3.36312e-44
-3.36312e-44
-3.36312e-44
-3.36312e-44
-3.36312e-44
-3.36312e-44
-3.36312e-44
-3.36312e-44
-3.36312e-44
-3.36312e-44
-3.36312e-44
-3.36312e-44
-3.36312e-44
-3.36312e-44
-3.36312e-44
-3.36312e-44
-3.36312e-44
-3.36312e-44
-3.36312e-44
-3.36312e-44
-3.36312e-44
-3.36312e-44
-3.36312e-44
-3.36312e-44
-3.36312e-44
-3.36312e-44
-3.36312e-44
-3.36312e-44
-3.36312e-44
-3.36312e-44
-3.36312e-44
-3.36312e-44
-3.36312e-44
-3.36312e-44
-3.36312e-44
-3.36312e-44
-3.36312e-44
-3.36312e-44
-3.36312e-44
-3.36312e-44
-3.36312e-44
-3.36312e-44
-3.36312e-44
-3.36312e-44
-3.36312e-44
-3.36312e-44
-3.36312e-44
-3.36312e-44
-3.36312e-44
-3.36312e-44
-3.36312e-44
-3.36312e-44
-3.36312e-44
-3.36312e-44
-3.36312e-44
-3.36312e-44
-3.36312e-44
-3.36312e-44
-3.36312e-44
-3.36312e-44
-3.36312e-44
-3.36312e-44
-3.36312e-44
-3.36312e-44
-3.36312e-44
-3.36312e-44
-3.36312e-44
-3.36312e-44
-3.36312e-44
-3.36312e-44
-3.36312e-44
-3.36312e-44
-3.36312e-44
-3.36312e-44
-3.36312e-44
-3.36312e-44
-3.36312e-44
-3.36312e-44
-3.36312e-44
-3.36312e-44
-3.36312e-44
-3.36312e-44
-3.36312e-44
-3.36312e-44
-3.36312e-44
-3.36312e-44
-3.36312e-44
-3.36312e-44
-3.36312e-44
-3.36312e-44
-3.36312e-44
-3.36312e-44
-3.36312e-44
-3.36312e-44
-3.36312e-44
-3.36312e-44
-3.36312e-44
-3.36312e-44
-3.36312e-44
-3.36312e-44
-3.36312e-44
-3.36312e-44
-3.36312e-44
-3.36312e-44
-3.36312e-44
-3.36312e-44
-3.36312e-44
-3.36312e-44
-3.36312e-44
-3.36312e-44
-3.36312e-44
-3.36312e-44
-3.36312e-44
-3.36312e-44
-3.36312e-44
-3.36312e-44
-3.36312e-44
-3.36312e-44
-3.36312e-44
-3.36312e-44
-3.36312e-44
-3.36312e-44
-3.36312e-44
-3.36312e-44
-3.36312e-44
-3.36312e-44
-3.36312e-44
-3.36312e-44
-3.36312e-44
-3.36312e-44
-3.36312e-44
-3.36312e-44
-3.36312e-44
-3.36312e-44
-3.36312e-44
-3.36312e-44
-3.36312e-44
-3.36312e-44
-3.36312e-44
-3.36312e-44
-3.36312e-44
-3.36312e-44
-3.36312e-44
-3.36312e-44
-3.36312e-44
-3.36312e-44
-3.36312e-44
-3.36312e-44
-3.36312e-44
-3.36312e-44
-3.36312e-44
-3.36312e-44
-3.36312e-44
-3.36312e-44
-3.36312e-44
-3.36312e-44
-3.36312e-44
-3.36312e-44
-3.36312e-44
-3.36312e-44
-3.36312e-44
-3.36312e-44
-3.36312e-44
-3.36312e-44
-3.36312e-44
-3.36312e-44
-3.36312e-44
-3.36312e-44
-3.36312e-44
-3.36312e-44
-3.36312e-44
-3.36312e-44
-3.36312e-44
-3.36312e-44
-3.36312e-44
-3.36312e-44
-3.36312e-44
-3.36312e-44
-3.36312e-44
-3.36312e-44
-3.36312e-44
-3.36312e-44
-3.36312e-44
-3.36312e-44
-3.36312e-44
-3.36312e-44
-3.36312e-44
-3.36312e-44
-3.36312e-44
-3.36312e-44
-3.36312e-44
-3.36312e-44
-3.36312e-44
-3.36312e-44
-3.36312e-44
-3.36312e-44
-3.36312e-44
-3.36312e-44
-3.36312e-44
-3.36312e-44
-3.36312e-44
-3.36312e-44
-3.36312e-44
-3.36312e-44
-3.36312e-44
-3.36312e-44
-3.36312e-44
-3.36312e-44
-3.36312e-44
-3.36312e-44
-3.36312e-44
-3.36312e-44
-3.36312e-44
-3.36312e-44
-3.36312e-44
-3.36312e-44
-3.36312e-44
-3.36312e-44
-3.36312e-44
-3.36312e-44
-3.36312e-44
-3.36312e-44
-3.36312e-44
-3.36312e-44
-3.36312e-44
-3.36312e-44
-3.36312e-44
-3.36312e-44
-3.36312e-44
-3.36312e-44
-3.36312e-44
-3.36312e-44
-3.36312e-44
-3.36312e-44
-3.36312e-44
-3.36312e-44
-3.36312e-44
-3.36312e-44
-3.36312e-44
-3.36312e-44
-3.36312e-44
-3.36312e-44
-3.36312e-44
-3.36312e-44
-3.36312e-44
-3.36312e-44
-3.36312e-44
-3.36312e-44
-3.36312e-44
-3.36312e-44
-3.36312e-44
-3.36312e-44
-3.36312e-44
-3.36312e-44
-3.36312e-44
-3.36312e-44
-3.36312e-44
-3.36312e-44
-3.36312e-44
-3.36312e-44
-3.36312e-44
-3.36312e-44
-3.36312e-44
-3.36312e-44
-3.36312e-44
-3.36312e-44
-3.36312e-44
-3.36312e-44
-3.36312e-44
-3.36312e-44
-3.36312e-44
-3.36312e-44
-3.36312e-44
-3.36312e-44
-3.36312e-44
-3.36312e-44
-3.36312e-44
-3.36312e-44
-3.36312e-44
-3.36312e-44
-3.36312e-44
-3.36312e-44
-3.36312e-44
-3.36312e-44
-3.36312e-44
-3.36312e-44
-3.36312e-44
-3.36312e-44
-3.36312e-44
-3.36312e-44
-3.36312e-44
-3.36312e-44
-3.36312e-44
-3.36312e-44
-3.36312e-44
-3.36312e-44
-3.36312e-44
-3.36312e-44
-3.36312e-44
-3.36312e-44
-3.36312e-44
-3.36312e-44
-3.36312e-44
-3.36312e-44
-3.36312e-44
-3.36312e-44
-3.36312e-44
-3.36312e-44
-3.36312e-44
-3.36312e-44
-3.36312e-44
-3.36312e-44
-3.36312e-44
-3.36312e-44
-3.36312e-44
-3.36312e-44
-3.36312e-44
-3.36312e-44
-3.36312e-44
-3.36312e-44
-3.36312e-44
-3.36312e-44
-3.36312e-44
-3.36312e-44
-3.36312e-44
-3.36312e-44
-3.36312e-44
-3.36312e-44
-3.36312e-44
-3.36312e-44
-3.36312e-44
-3.36312e-44
-3.36312e-44
-3.36312e-44
-3.36312e-44
-3.36312e-44
-3.36312e-44
-3.36312e-44
-3.36312e-44
-3.36312e-44
-3.36312e-44
-3.36312e-44
-3.36312e-44
-3.36312e-44
-3.36312e-44
-3.36312e-44
-3.36312e-44
-3.36312e-44
-3.36312e-44
-3.36312e-44
-3.36312e-44
-3.36312e-44
-3.36312e-44
-3.36312e-44
-3.36312e-44
-3.36312e-44
-3.36312e-44
-3.36312e-44
-3.36312e-44
-3.36312e-44
-3.36312e-44
-3.36312e-44
-3.36312e-44
-3.36312e-44
-3.36312e-44
-3.36312e-44
-3.36312e-44
-3.36312e-44
-3.36312e-44
-3.36312e-44
-3.36312e-44
-3.36312e-44
-3.36312e-44
-3.36312e-44
-3.36312e-44
-3.36312e-44
-3.36312e-44
-3.36312e-44
-3.36312e-44
-3.36312e-44
-3.36312e-44
-3.36312e-44
-3.36312e-44
-3.36312e-44
-3.36312e-44
-3.36312e-44
-3.36312e-44
-3.36312e-44
-3.36312e-44
-3.36312e-44
-3.36312e-44
-3.36312e-44
-3.36312e-44
-3.36312e-44
-3.36312e-44
-3.36312e-44
-3.36312e-44
-3.36312e-44
-3.36312e-44
-3.36312e-44
-3.36312e-44
-3.36312e-44
-3.36312e-44
-3.36312e-44
-3.36312e-44
-3.36312e-44
-3.36312e-44
-3.36312e-44
-3.36312e-44
-3.36312e-44
-3.36312e-44
-3.36312e-44
-3.36312e-44
-3.36312e-44
-3.36312e-44
-3.36312e-44
-3.36312e-44
-3.36312e-44
-3.36312e-44
-3.36312e-44
-3.36312e-44
-3.36312e-44
-3.36312e-44
-3.36312e-44
-3.36312e-44
-3.36312e-44
-3.36312e-44
-3.36312e-44
-3.36312e-44
-3.36312e-44
-3.36312e-44
-3.36312e-44
-3.36312e-44
-3.36312e-44
-3.36312e-44
-3.36312e-44
-3.36312e-44
-3.36312e-44
-3.36312e-44
-3.36312e-44
-3.36312e-44
-3.36312e-44
-3.36312e-44
-3.36312e-44
-3.36312e-44
-3.36312e-44
-3.36312e-44
-3.36312e-44
-3.36312e-44
-3.36312e-44
-3.36312e-44
-3.36312e-44
-3.36312e-44
-3.36312e-44
-3.36312e-44
-3.36312e-44
-3.36312e-44
-3.36312e-44
-3.36312e-44
-3.36312e-44
-3.36312e-44
-3.36312e-44
-3.36312e-44
-3.36312e-44
-3.36312e-44
-3.36312e-44
-3.36312e-44
-3.36312e-44
-3.36312e-44
-3.36312e-44
-3.36312e-44
-3.36312e-44
-3.36312e-44
-3.36312e-44
-3.36312e-44
-3.36312e-44
-3.36312e-44
-3.36312e-44
-3.36312e-44
-3.36312e-44
-3.36312e-44
-3.36312e-44
-3.36312e-44
-3.36312e-44
-3.36312e-44
-3.36312e-44
-3.36312e-44
-3.36312e-44
-3.36312e-44
-3.36312e-44
-3.36312e-44
-3.36312e-44
-3.36312e-44
-3.36312e-44
-3.36312e-44
-3.36312e-44
-3.36312e-44
-3.36312e-44
-3.36312e-44
-3.36312e-44
-3.36312e-44
-3.36312e-44
-3.36312e-44
-3.36312e-44
-3.36312e-44
-3.36312e-44
-3.36312e-44
-3.36312e-44
-3.36312e-44
-3.36312e-44
-3.36312e-44
-3.36312e-44
-3.36312e-44
-3.36312e-44
-3.36312e-44
-3.36312e-44
-3.36312e-44
-3.36312e-44
-3.36312e-44
-3.36312e-44
-3.36312e-44
-3.36312e-44
-3.36312e-44
-3.36312e-44
-3.36312e-44
-3.36312e-44
-3.36312e-44
-3.36312e-44
-3.36312e-44
-3.36312e-44
-3.36312e-44
-3.36312e-44
-3.36312e-44
-3.36312e-44
-3.36312e-44
-3.36312e-44
-3.36312e-44
-3.36312e-44
-3.36312e-44
-3.36312e-44
-3.36312e-44
-3.36312e-44
-3.36312e-44
-3.36312e-44
-3.36312e-44
-3.36312e-44
-3.36312e-44
-3.36312e-44
-3.36312e-44
-3.36312e-44
-3.36312e-44
-3.36312e-44
-3.36312e-44
-3.36312e-44
-3.36312e-44
-3.36312e-44
-3.36312e-44
-3.36312e-44
-3.36312e-44
-3.36312e-44
-3.36312e-44
-3.36312e-44
-3.36312e-44
-3.36312e-44
-3.36312e-44
-3.36312e-44
-3.36312e-44
-3.36312e-44
-3.36312e-44
-3.36312e-44
-3.36312e-44
-3.36312e-44
-3.36312e-44
-3.36312e-44
-3.36312e-44
-3.36312e-44
-3.36312e-44
-3.36312e-44
-3.36312e-44
-3.36312e-44
-3.36312e-44
-3.36312e-44
-3.36312e-44
-3.36312e-44
-3.36312e-44
-3.36312e-44
-3.36312e-44
-3.36312e-44
-3.36312e-44
-3.36312e-44
-3.36312e-44
-3.36312e-44
-3.36312e-44
-3.36312e-44
-3.36312e-44
-3.36312e-44
-3.36312e-44
-3.36312e-44
-3.36312e-44
-3.36312e-44
-3.36312e-44
-3.36312e-44
-3.36312e-44
-3.36312e-44
-3.36312e-44
-3.36312e-44
-3.36312e-44
-3.36312e-44
-3.36312e-44
-3.36312e-44
-3.36312e-44
-3.36312e-44
-3.36312e-44
-3.36312e-44
-3.36312e-44
-3.36312e-44
-3.36312e-44
-3.36312e-44
-3.36312e-44
-3.36312e-44
-3.36312e-44
-3.36312e-44
-3.36312e-44
-3.36312e-44
-3.36312e-44
-3.36312e-44
-3.36312e-44
-3.36312e-44
-3.36312e-44
-3.36312e-44
-3.36312e-44
-3.36312e-44
-3.36312e-44
-3.36312e-44
-3.36312e-44
-3.36312e-44
-3.36312e-44
-3.36312e-44
-3.36312e-44
-3.36312e-44
-3.36312e-44
-3.36312e-44
-3.36312e-44
-3.36312e-44
-3.36312e-44
-3.36312e-44
-3.36312e-44
-3.36312e-44
-3.36312e-44
-3.36312e-44
-3.36312e-44
-3.36312e-44
-3.36312e-44
-3.36312e-44
-3.36312e-44
-3.36312e-44
-3.36312e-44
-3.36312e-44
-3.36312e-44
-3.36312e-44
-3.36312e-44
-3.36312e-44
-3.36312e-44
-3.36312e-44
-3.36312e-44
-3.36312e-44
-3.36312e-44
-3.36312e-44
-3.36312e-44
-3.36312e-44
-3.36312e-44
-3.36312e-44
-3.36312e-44
-3.36312e-44
-3.36312e-44
-3.36312e-44
-3.36312e-44
-3.36312e-44
-3.36312e-44
-3.36312e-44
-3.36312e-44
-3.36312e-44
-3.36312e-44
-3.36312e-44
-3.36312e-44
-3.36312e-44
-3.36312e-44
-3.36312e-44
-3.36312e-44
-3.36312e-44
-3.36312e-44
-3.36312e-44
-3.36312e-44
-3.36312e-44
-3.36312e-44
-3.36312e-44
-3.36312e-44
-3.36312e-44
-3.36312e-44
-3.36312e-44
-3.36312e-44
-3.36312e-44
-3.36312e-44
-3.36312e-44
-3.36312e-44
-3.36312e-44
-3.36312e-44
-3.36312e-44
-3.36312e-44
-3.36312e-44
-3.36312e-44
-3.36312e-44
-3.36312e-44
-3.36312e-44
-3.36312e-44
-3.36312e-44
-3.36312e-44
-3.36312e-44
-3.36312e-44
-3.36312e-44
-3.36312e-44
-3.36312e-44
-3.36312e-44
-3.36312e-44
-3.36312e-44
-3.36312e-44
-3.36312e-44
-3.36312e-44
-3.36312e-44
-3.36312e-44
-3.36312e-44
-3.36312e-44
-3.36312e-44
-3.36312e-44
-3.36312e-44
-3.36312e-44
-3.36312e-44
-3.36312e-44
-3.36312e-44
-3.36312e-44
-3.36312e-44
-3.36312e-44
-3.36312e-44
-3.36312e-44
-3.36312e-44
-3.36312e-44
-3.36312e-44
-3.36312e-44
-3.36312e-44
-3.36312e-44
-3.36312e-44
-3.36312e-44
-3.36312e-44
-3.36312e-44
-3.36312e-44
-3.36312e-44
-3.36312e-44
-3.36312e-44
-3.36312e-44
-3.36312e-44
-3.36312e-44
-3.36312e-44
-3.36312e-44
-3.36312e-44
-3.36312e-44
-3.36312e-44
-3.36312e-44
-3.36312e-44
-3.36312e-44
-3.36312e-44
-3.36312e-44
-3.36312e-44
-3.36312e-44
-3.36312e-44
-3.36312e-44
-3.36312e-44
-3.36312e-44
-3.36312e-44
-3.36312e-44
-3.36312e-44
-3.36312e-44
-3.36312e-44
-3.36312e-44
-3.36312e-44
-3.36312e-44
-3.36312e-44
-3.36312e-44
-3.36312e-44
-3.36312e-44
-3.36312e-44
-3.36312e-44
-3.36312e-44
-3.36312e-44
-3.36312e-44
-3.36312e-44
-3.36312e-44
-3.36312e-44
-3.36312e-44
-3.36312e-44
-3.36312e-44
-3.36312e-44
-3.36312e-44
-3.36312e-44
-3.36312e-44
-3.36312e-44
-3.36312e-44
-3.36312e-44
-3.36312e-44
-3.36312e-44
-3.36312e-44
-3.36312e-44
-3.36312e-44
-3.36312e-44
-3.36312e-44
-3.36312e-44
-3.36312e-44
-3.36312e-44
-3.36312e-44
-3.36312e-44
-3.36312e-44
-3.36312e-44
-3.36312e-44
-3.36312e-44
-3.36312e-44
-3.36312e-44
-3.36312e-44
-3.36312e-44
-3.36312e-44
-3.36312e-44
-3.36312e-44
-3.36312e-44
-3.36312e-44
-3.36312e-44
-3.36312e-44
-3.36312e-44
-3.36312e-44
-3.36312e-44
-3.36312e-44
-3.36312e-44
-3.36312e-44
-3.36312e-44
-3.36312e-44
-3.36312e-44
-3.36312e-44
-3.36312e-44
-3.36312e-44
-3.36312e-44
-3.36312e-44
-3.36312e-44
-3.36312e-44
-3.36312e-44
-3.36312e-44
-3.36312e-44
-3.36312e-44
-3.36312e-44
-3.36312e-44
-3.36312e-44
-3.36312e-44
-3.36312e-44
-3.36312e-44
-3.36312e-44
-3.36312e-44
-3.36312e-44
-3.36312e-44
-3.36312e-44
-3.36312e-44
-3.36312e-44
-3.36312e-44
-3.36312e-44
-3.36312e-44
-3.36312e-44
-3.36312e-44
-3.36312e-44
-3.36312e-44
-3.36312e-44
-3.36312e-44
-3.36312e-44
-3.36312e-44
-3.36312e-44
-3.36312e-44
-3.36312e-44
-3.36312e-44
-3.36312e-44
-3.36312e-44
-3.36312e-44
-3.36312e-44
-3.36312e-44
-3.36312e-44
-3.36312e-44
-3.36312e-44
-3.36312e-44
-3.36312e-44
-3.36312e-44
-3.36312e-44
-3.36312e-44
-3.36312e-44
-3.36312e-44
-3.36312e-44
-3.36312e-44
-3.36312e-44
-3.36312e-44
-3.36312e-44
-3.36312e-44
-3.36312e-44
-3.36312e-44
-3.36312e-44
-3.36312e-44
-3.36312e-44
-3.36312e-44
-3.36312e-44
-3.36312e-44
-3.36312e-44
-3.36312e-44
-3.36312e-44
-3.36312e-44
-3.36312e-44
-3.36312e-44
-3.36312e-44
-3.36312e-44
-3.36312e-44
-3.36312e-44
-3.36312e-44
-3.36312e-44
-3.36312e-44
-3.36312e-44
-3.36312e-44
-3.36312e-44
-3.36312e-44
-3.36312e-44
-3.36312e-44
-3.36312e-44
-3.36312e-44
-3.36312e-44
-3.36312e-44
-3.36312e-44
-3.36312e-44
-3.36312e-44
-3.36312e-44
-3.36312e-44
-3.36312e-44
-3.36312e-44
-3.36312e-44
-3.36312e-44
-3.36312e-44
-3.36312e-44
-3.36312e-44
-3.36312e-44
-3.36312e-44
-3.36312e-44
-3.36312e-44
-3.36312e-44
-3.36312e-44
-3.36312e-44
-3.36312e-44
-3.36312e-44
-3.36312e-44
-3.36312e-44
-3.36312e-44
-3.36312e-44
-3.36312e-44
-3.36312e-44
-3.36312e-44
-3.36312e-44
-3.36312e-44
-3.36312e-44
-3.36312e-44
-3.36312e-44
-3.36312e-44
-3.36312e-44
-3.36312e-44
-3.36312e-44
-3.36312e-44
-3.36312e-44
-3.36312e-44
-3.36312e-44
-3.36312e-44
-3.36312e-44
-3.36312e-44
-3.36312e-44
-3.36312e-44
-3.36312e-44
-3.36312e-44
-3.36312e-44
-3.36312e-44
-3.36312e-44
-3.36312e-44
-3.36312e-44
-3.36312e-44
-3.36312e-44
-3.36312e-44
-3.36312e-44
-3.36312e-44
-3.36312e-44
-3.36312e-44
-3.36312e-44
-3.36312e-44
-3.36312e-44
-3.36312e-44
-3.36312e-44
-3.36312e-44
-3.36312e-44
-3.36312e-44
-3.36312e-44
-3.36312e-44
-3.36312e-44
-3.36312e-44
-3.36312e-44
-3.36312e-44
-3.36312e-44
-3.36312e-44
-3.36312e-44
-3.36312e-44
-3.36312e-44
-3.36312e-44
-3.36312e-44
-3.36312e-44
-3.36312e-44
-3.36312e-44
-3.36312e-44
-3.36312e-44
-3.36312e-44
-3.36312e-44
-3.36312e-44
-3.36312e-44
-3.36312e-44
-3.36312e-44
-3.36312e-44
-3.36312e-44
-3.36312e-44
-3.36312e-44
-3.36312e-44
-3.36312e-44
-3.36312e-44
-3.36312e-44
-3.36312e-44
-3.36312e-44
-3.36312e-44
-3.36312e-44
-3.36312e-44
-3.36312e-44
-3.36312e-44
-3.36312e-44
-3.36312e-44
-3.36312e-44
-3.36312e-44
-3.36312e-44
-3.36312e-44
-3.36312e-44
-3.36312e-44
-3.36312e-44
-3.36312e-44
-3.36312e-44
-3.36312e-44
-3.36312e-44
-3.36312e-44
-3.36312e-44
-3.36312e-44
-3.36312e-44
-3.36312e-44
-3.36312e-44
-3.36312e-44
-3.36312e-44
-3.36312e-44
-3.36312e-44
-3.36312e-44
-3.36312e-44
-3.36312e-44
-3.36312e-44
-3.36312e-44
-3.36312e-44
-3.36312e-44
-3.36312e-44
-3.36312e-44
-3.36312e-44
-3.36312e-44
-3.36312e-44
-3.36312e-44
-3.36312e-44
-3.36312e-44
-3.36312e-44
-3.36312e-44
-3.36312e-44
-3.36312e-44
-3.36312e-44
-3.36312e-44
-3.36312e-44
-3.36312e-44
-3.36312e-44
-3.36312e-44
-3.36312e-44
-3.36312e-44
-3.36312e-44
-3.36312e-44
-3.36312e-44
-3.36312e-44
-3.36312e-44
-3.36312e-44
-3.36312e-44
-3.36312e-44
-3.36312e-44
-3.36312e-44
-3.36312e-44
-3.36312e-44
-3.36312e-44
-3.36312e-44
-3.36312e-44
-3.36312e-44
-3.36312e-44
-3.36312e-44
-3.36312e-44
-3.36312e-44
-3.36312e-44
-3.36312e-44
-3.36312e-44
-3.36312e-44
-3.36312e-44
-3.36312e-44
-3.36312e-44
-3.36312e-44
-3.36312e-44
-3.36312e-44
-3.36312e-44
-3.36312e-44
-3.36312e-44
-3.36312e-44
-3.36312e-44
-3.36312e-44
-3.36312e-44
-3.36312e-44
-3.36312e-44
-3.36312e-44
-3.36312e-44
-3.36312e-44
-3.36312e-44
-3.36312e-44
-3.36312e-44
-3.36312e-44
-3.36312e-44
-3.36312e-44
-3.36312e-44
-3.36312e-44
-3.36312e-44
-3.36312e-44
-3.36312e-44
-3.36312e-44
-3.36312e-44
-3.36312e-44
-3.36312e-44
-3.36312e-44
-3.36312e-44
-3.36312e-44
-3.36312e-44
-3.36312e-44
-3.36312e-44
-3.36312e-44
-3.36312e-44
-3.36312e-44
-3.36312e-44
-3.36312e-44
-3.36312e-44
-3.36312e-44
-3.36312e-44
-3.36312e-44
-3.36312e-44
-3.36312e-44
-3.36312e-44
-3.36312e-44
-3.36312e-44
-3.36312e-44
-3.36312e-44
-3.36312e-44
-3.36312e-44
-3.36312e-44
-3.36312e-44
-3.36312e-44
-3.36312e-44
-3.36312e-44
-3.36312e-44
-3.36312e-44
-3.36312e-44
-3.36312e-44
-3.36312e-44
-3.36312e-44
-3.36312e-44
-3.36312e-44
-3.36312e-44
-3.36312e-44
-3.36312e-44
-3.36312e-44
-3.36312e-44
-3.36312e-44
-3.36312e-44
-3.36312e-44
-3.36312e-44
-3.36312e-44
-3.36312e-44
-3.36312e-44
-3.36312e-44
-3.36312e-44
-3.36312e-44
-3.36312e-44
-3.36312e-44
-3.36312e-44
-3.36312e-44
-3.36312e-44
-3.36312e-44
-3.36312e-44
-3.36312e-44
-3.36312e-44
-3.36312e-44
-3.36312e-44
-3.36312e-44
-3.36312e-44
-3.36312e-44
-3.36312e-44
-3.36312e-44
-3.36312e-44
-3.36312e-44
-3.36312e-44
-3.36312e-44
-3.36312e-44
-3.36312e-44
-3.36312e-44
-3.36312e-44
-3.36312e-44
-3.36312e-44
-3.36312e-44
-3.36312e-44
-3.36312e-44
-3.36312e-44
-3.36312e-44
-3.36312e-44
-3.36312e-44
-3.36312e-44
-3.36312e-44
-3.36312e-44
-3.36312e-44
-3.36312e-44
-3.36312e-44
-3.36312e-44
-3.36312e-44
-3.36312e-44
-3.36312e-44
-3.36312e-44
-3.36312e-44
-3.36312e-44
-3.36312e-44
-3.36312e-44
-3.36312e-44
-3.36312e-44
-3.36312e-44
-3.36312e-44
-3.36312e-44
-3.36312e-44
-3.36312e-44
-3.36312e-44
-3.36312e-44
-3.36312e-44
-3.36312e-44
-3.36312e-44
-3.36312e-44
-3.36312e-44
-3.36312e-44
-3.36312e-44
-3.36312e-44
-3.36312e-44
-3.36312e-44
-3.36312e-44
-3.36312e-44
-3.36312e-44
-3.36312e-44
-3.36312e-44
-3.36312e-44
-3.36312e-44
-3.36312e-44
-3.36312e-44
-3.36312e-44
-3.36312e-44
-3.36312e-44
-3.36312e-44
-3.36312e-44
-3.36312e-44
-3.36312e-44
-3.36312e-44
-3.36312e-44
-3.36312e-44
-3.36312e-44
-3.36312e-44
-3.36312e-44
-3.36312e-44
-3.36312e-44
-3.36312e-44
-3.36312e-44
-3.36312e-44
-3.36312e-44
-3.36312e-44
-3.36312e-44
-3.36312e-44
-3.36312e-44
-3.36312e-44
-3.36312e-44
-3.36312e-44
-3.36312e-44
-3.36312e-44
-3.36312e-44
-3.36312e-44
-3.36312e-44
-3.36312e-44
-3.36312e-44
-3.36312e-44
-3.36312e-44
-3.36312e-44
-3.36312e-44
-3.36312e-44
-3.36312e-44
-3.36312e-44
-3.36312e-44
-3.36312e-44
-3.36312e-44
-3.36312e-44
-3.36312e-44
-3.36312e-44
-3.36312e-44
-3.36312e-44
-3.36312e-44
-3.36312e-44
-3.36312e-44
-3.36312e-44
-3.36312e-44
-3.36312e-44
-3.36312e-44
-3.36312e-44
-3.36312e-44
-3.36312e-44
-3.36312e-44
-3.36312e-44
-3.36312e-44
-3.36312e-44
-3.36312e-44
-3.36312e-44
-3.36312e-44
-3.36312e-44
-3.36312e-44
-3.36312e-44
-3.36312e-44
-3.36312e-44
-3.36312e-44
-3.36312e-44
-3.36312e-44
-3.36312e-44
-3.36312e-44
-3.36312e-44
-3.36312e-44
-3.36312e-44
-3.36312e-44
-3.36312e-44
-3.36312e-44
-3.36312e-44
-3.36312e-44
-3.36312e-44
-3.36312e-44
-3.36312e-44
-3.36312e-44
-3.36312e-44
-3.36312e-44
-3.36312e-44
-3.36312e-44
-3.36312e-44
-3.36312e-44
-3.36312e-44
-3.36312e-44
-3.36312e-44
-3.36312e-44
-3.36312e-44
-3.36312e-44
-3.36312e-44
-3.36312e-44
-3.36312e-44
-3.36312e-44
-3.36312e-44
-3.36312e-44
-3.36312e-44
-3.36312e-44
-3.36312e-44
-3.36312e-44
-3.36312e-44
-3.36312e-44
-3.36312e-44
-3.36312e-44
-3.36312e-44
-3.36312e-44
-3.36312e-44
-3.36312e-44
-3.36312e-44
-3.36312e-44
-3.36312e-44
-3.36312e-44
-3.36312e-44
-3.36312e-44
-3.36312e-44
-3.36312e-44
-3.36312e-44
-3.36312e-44
-3.36312e-44
-3.36312e-44
-3.36312e-44
-3.36312e-44
-3.36312e-44
-3.36312e-44
-3.36312e-44
-3.36312e-44
-3.36312e-44
-3.36312e-44
-3.36312e-44
-3.36312e-44
-3.36312e-44
-3.36312e-44
-3.36312e-44
-3.36312e-44
-3.36312e-44
-3.36312e-44
-3.36312e-44
-3.36312e-44
-3.36312e-44
-3.36312e-44
-3.36312e-44
-3.36312e-44
-3.36312e-44
-3.36312e-44
-3.36312e-44
-3.36312e-44
-3.36312e-44
-3.36312e-44
-3.36312e-44
-3.36312e-44
-3.36312e-44
-3.36312e-44
-3.36312e-44
-3.36312e-44
-3.36312e-44
-3.36312e-44
-3.36312e-44
-3.36312e-44
-3.36312e-44
-3.36312e-44
-3.36312e-44
-3.36312e-44
-3.36312e-44
-3.36312e-44
-3.36312e-44
-3.36312e-44
-3.36312e-44
-3.36312e-44
-3.36312e-44
-3.36312e-44
-3.36312e-44
-3.36312e-44
-3.36312e-44
-3.36312e-44
-3.36312e-44
-3.36312e-44
-3.36312e-44
-3.36312e-44
-3.36312e-44
-3.36312e-44
-3.36312e-44
-3.36312e-44
-3.36312e-44
-3.36312e-44
-3.36312e-44
-3.36312e-44
-3.36312e-44
-3.36312e-44
-3.36312e-44
-3.36312e-44
-3.36312e-44
-3.36312e-44
-3.36312e-44
-3.36312e-44
-3.36312e-44
-3.36312e-44
-3.36312e-44
-3.36312e-44
-3.36312e-44
-3.36312e-44
-3.36312e-44
-3.36312e-44
-3.36312e-44
-3.36312e-44
-3.36312e-44
-3.36312e-44
-3.36312e-44
-3.36312e-44
-3.36312e-44
-3.36312e-44
-3.36312e-44
-3.36312e-44
-3.36312e-44
-3.36312e-44
-3.36312e-44
-3.36312e-44
-3.36312e-44
-3.36312e-44
-3.36312e-44
-3.36312e-44
-3.36312e-44
-3.36312e-44
-3.36312e-44
-3.36312e-44
-3.36312e-44
-3.36312e-44
-3.36312e-44
-3.36312e-44
-3.36312e-44
-3.36312e-44
-3.36312e-44
-3.36312e-44
-3.36312e-44
-3.36312e-44
-3.36312e-44
-3.36312e-44
-3.36312e-44
-3.36312e-44
-3.36312e-44
-3.36312e-44
-3.36312e-44
-3.36312e-44
-3.36312e-44
-3.36312e-44
-3.36312e-44
-3.36312e-44
-3.36312e-44
-3.36312e-44
-3.36312e-44
-3.36312e-44
-3.36312e-44
-3.36312e-44
-3.36312e-44
-3.36312e-44
-3.36312e-44
-3.36312e-44
-3.36312e-44
-3.36312e-44
-3.36312e-44
-3.36312e-44
-3.36312e-44
-3.36312e-44
-3.36312e-44
-3.36312e-44
-3.36312e-44
-3.36312e-44
-3.36312e-44
-3.36312e-44
-3.36312e-44
-3.36312e-44
-3.36312e-44
-3.36312e-44
-3.36312e-44
-3.36312e-44
-3.36312e-44
-3.36312e-44
-3.36312e-44
-3.36312e-44
-3.36312e-44
-3.36312e-44
-3.36312e-44
-3.36312e-44
-3.36312e-44
-3.36312e-44
-3.36312e-44
-3.36312e-44
-3.36312e-44
-3.36312e-44
-3.36312e-44
-3.36312e-44
-3.36312e-44
-3.36312e-44
-3.36312e-44
-3.36312e-44
-3.36312e-44
-3.36312e-44
-3.36312e-44
-3.36312e-44
-3.36312e-44
-3.36312e-44
-3.36312e-44
-3.36312e-44
-3.36312e-44
-3.36312e-44
-3.36312e-44
-3.36312e-44
-3.36312e-44
-3.36312e-44
-3.36312e-44
-3.36312e-44
-3.36312e-44
-3.36312e-44
-3.36312e-44
-3.36312e-44
-3.36312e-44
-3.36312e-44
-3.36312e-44
-3.36312e-44
-3.36312e-44
-3.36312e-44
-3.36312e-44
-3.36312e-44
-3.36312e-44
-3.36312e-44
-3.36312e-44
-3.36312e-44
-3.36312e-44
-3.36312e-44
-3.36312e-44
-3.36312e-44
-3.36312e-44
-3.36312e-44
-3.36312e-44
-3.36312e-44
-3.36312e-44
-3.36312e-44
-3.36312e-44
-3.36312e-44
-3.36312e-44
-3.36312e-44
-3.36312e-44
-3.36312e-44
-3.36312e-44
-3.36312e-44
-3.36312e-44
-3.36312e-44
-3.36312e-44
-3.36312e-44
-3.36312e-44
-3.36312e-44
-3.36312e-44
-3.36312e-44
-3.36312e-44
-3.36312e-44
-3.36312e-44
-3.36312e-44
-3.36312e-44
-3.36312e-44
-3.36312e-44
-3.36312e-44
-3.36312e-44
-3.36312e-44
-3.36312e-44
-3.36312e-44
-3.36312e-44
-3.36312e-44
-3.36312e-44
-3.36312e-44
-3.36312e-44
-3.36312e-44
-3.36312e-44
-3.36312e-44
-3.36312e-44
-3.36312e-44
-3.36312e-44
-3.36312e-44
-3.36312e-44
-3.36312e-44
-3.36312e-44
-3.36312e-44
-3.36312e-44
-3.36312e-44
-3.36312e-44
-3.36312e-44
-3.36312e-44
-3.36312e-44
-3.36312e-44
-3.36312e-44
-3.36312e-44
-3.36312e-44
-3.36312e-44
-3.36312e-44
-3.36312e-44
-3.36312e-44
-3.36312e-44
-3.36312e-44
-3.36312e-44
-3.36312e-44
-3.36312e-44
-3.36312e-44
-3.36312e-44
-3.36312e-44
-3.36312e-44
-3.36312e-44
-3.36312e-44
-3.36312e-44
-3.36312e-44
-3.36312e-44
-3.36312e-44
-3.36312e-44
-3.36312e-44
-3.36312e-44
-3.36312e-44
-3.36312e-44
-3.36312e-44
-3.36312e-44
-3.36312e-44
-3.36312e-44
-3.36312e-44
-3.36312e-44
-3.36312e-44
-3.36312e-44
-3.36312e-44
-3.36312e-44
-3.36312e-44
-3.36312e-44
-3.36312e-44
-3.36312e-44
-3.36312e-44
-3.36312e-44
-3.36312e-44
-3.36312e-44
-3.36312e-44
-3.36312e-44
-3.36312e-44
-3.36312e-44
-3.36312e-44
-3.36312e-44
-3.36312e-44
-3.36312e-44
-3.36312e-44
-3.36312e-44
-3.36312e-44
-3.36312e-44
-3.36312e-44
-3.36312e-44
-3.36312e-44
-3.36312e-44
-3.36312e-44
-3.36312e-44
-3.36312e-44
-3.36312e-44
-3.36312e-44
-3.36312e-44
-3.36312e-44
-3.36312e-44
-3.36312e-44
-3.36312e-44
-3.36312e-44
-3.36312e-44
-3.36312e-44
-3.36312e-44
-3.36312e-44
-3.36312e-44
-3.36312e-44
-3.36312e-44
-3.36312e-44
-3.36312e-44
-3.36312e-44
-3.36312e-44
-3.36312e-44
-3.36312e-44
-3.36312e-44
-3.36312e-44
-3.36312e-44
-3.36312e-44
-3.36312e-44
-3.36312e-44
-3.36312e-44
-3.36312e-44
-3.36312e-44
-3.36312e-44
-3.36312e-44
-3.36312e-44
-3.36312e-44
-3.36312e-44
-3.36312e-44
-3.36312e-44
-3.36312e-44
-3.36312e-44
-3.36312e-44
-3.36312e-44
-3.36312e-44
-3.36312e-44
-3.36312e-44
-3.36312e-44
-3.36312e-44
-3.36312e-44
-3.36312e-44
-3.36312e-44
-3.36312e-44
-3.36312e-44
-3.36312e-44
-3.36312e-44
-3.36312e-44
-3.36312e-44
-3.36312e-44
-3.36312e-44
-3.36312e-44
-3.36312e-44
-3.36312e-44
-3.36312e-44
-3.36312e-44
-3.36312e-44
-3.36312e-44
-3.36312e-44
-3.36312e-44
-3.36312e-44
-3.36312e-44
-3.36312e-44
-3.36312e-44
-3.36312e-44
-3.36312e-44
-3.36312e-44
-3.36312e-44
-3.36312e-44
-3.36312e-44
-3.36312e-44
-3.36312e-44
-3.36312e-44
-3.36312e-44
-3.36312e-44
-3.36312e-44
-3.36312e-44
-3.36312e-44
-3.36312e-44
-3.36312e-44
-3.36312e-44
-3.36312e-44
-3.36312e-44
-3.36312e-44
-3.36312e-44
-3.36312e-44
-3.36312e-44
-3.36312e-44
-3.36312e-44
-3.36312e-44
-3.36312e-44
-3.36312e-44
-3.36312e-44
-3.36312e-44
-3.36312e-44
-3.36312e-44
-3.36312e-44
-3.36312e-44
-3.36312e-44
-3.36312e-44
-3.36312e-44
-3.36312e-44
-3.36312e-44
-3.36312e-44
-3.36312e-44
-3.36312e-44
-3.36312e-44
-3.36312e-44
-3.36312e-44
-3.36312e-44
-3.36312e-44
-3.36312e-44
-3.36312e-44
-3.36312e-44
-3.36312e-44
-3.36312e-44
-3.36312e-44
-3.36312e-44
-3.36312e-44
-3.36312e-44
-3.36312e-44
-3.36312e-44
-3.36312e-44
-3.36312e-44
-3.36312e-44
-3.36312e-44
-3.36312e-44
-3.36312e-44
-3.36312e-44
-3.36312e-44
-3.36312e-44
-3.36312e-44
-3.36312e-44
-3.36312e-44
-3.36312e-44
-3.36312e-44
-3.36312e-44
-3.36312e-44
-3.36312e-44
-3.36312e-44
-3.36312e-44
-3.36312e-44
-3.36312e-44
-3.36312e-44
-3.36312e-44
-3.36312e-44
-3.36312e-44
-3.36312e-44
-3.36312e-44
-3.36312e-44
-3.36312e-44
-3.36312e-44
-3.36312e-44
-3.36312e-44
-3.36312e-44
-3.36312e-44
-3.36312e-44
-3.36312e-44
-3.36312e-44
-3.36312e-44
-3.36312e-44
-3.36312e-44
-3.36312e-44
-3.36312e-44
-3.36312e-44
-3.36312e-44
-3.36312e-44
-3.36312e-44
-3.36312e-44
-3.36312e-44
-3.36312e-44
-3.36312e-44
-3.36312e-44
-3.36312e-44
-3.36312e-44
-3.36312e-44
-3.36312e-44
-3.36312e-44
-3.36312e-44
-3.36312e-44
-3.36312e-44
-3.36312e-44
-3.36312e-44
-3.36312e-44
-3.36312e-44
-3.36312e-44
-3.36312e-44
-3.36312e-44
-3.36312e-44
-3.36312e-44
-3.36312e-44
-3.36312e-44
-3.36312e-44
-3.36312e-44
-3.36312e-44
-3.36312e-44
-3.36312e-44
-3.36312e-44
-3.36312e-44
-3.36312e-44
-3.36312e-44
-3.36312e-44
-3.36312e-44
-3.36312e-44
-3.36312e-44
-3.36312e-44
-3.36312e-44
-3.36312e-44
-3.36312e-44
-3.36312e-44
-3.36312e-44
-3.36312e-44
-3.36312e-44
-3.36312e-44
-3.36312e-44
-3.36312e-44
-3.36312e-44
-3.36312e-44
-3.36312e-44
-3.36312e-44
-3.36312e-44
-3.36312e-44
-3.36312e-44
-3.36312e-44
-3.36312e-44
-3.36312e-44
-3.36312e-44
-3.36312e-44
-3.36312e-44
-3.36312e-44
-3.36312e-44
-3.36312e-44
-3.36312e-44
-3.36312e-44
-3.36312e-44
-3.36312e-44
-3.36312e-44
-3.36312e-44
-3.36312e-44
-3.36312e-44
-3.36312e-44
-3.36312e-44
-3.36312e-44
-3.36312e-44
-3.36312e-44
-3.36312e-44
-3.36312e-44
-3.36312e-44
-3.36312e-44
-3.36312e-44
-3.36312e-44
-3.36312e-44
-3.36312e-44
-3.36312e-44
-3.36312e-44
-3.36312e-44
-3.36312e-44
-3.36312e-44
-3.36312e-44
-3.36312e-44
-3.36312e-44
-3.36312e-44
-3.36312e-44
-3.36312e-44
-3.36312e-44
-3.36312e-44
-3.36312e-44
-3.36312e-44
-3.36312e-44
-3.36312e-44
-3.36312e-44
-3.36312e-44
-3.36312e-44
-3.36312e-44
-3.36312e-44
-3.36312e-44
-3.36312e-44
-3.36312e-44
-3.36312e-44
-3.36312e-44
-3.36312e-44
-3.36312e-44
-3.36312e-44
-3.36312e-44
-3.36312e-44
-3.36312e-44
-3.36312e-44
-3.36312e-44
-3.36312e-44
-3.36312e-44
-3.36312e-44
-3.36312e-44
-3.36312e-44
-3.36312e-44
-3.36312e-44
-3.36312e-44
-3.36312e-44
-3.36312e-44
-3.36312e-44
-3.36312e-44
-3.36312e-44
-3.36312e-44
-3.36312e-44
-3.36312e-44
-3.36312e-44
-3.36312e-44
-3.36312e-44
-3.36312e-44
-3.36312e-44
-3.36312e-44
-3.36312e-44
-3.36312e-44
-3.36312e-44
-3.36312e-44
-3.36312e-44
-3.36312e-44
-3.36312e-44
-3.36312e-44
-3.36312e-44
-3.36312e-44
-3.36312e-44
-3.36312e-44
-3.36312e-44
-3.36312e-44
-3.36312e-44
-3.36312e-44
-3.36312e-44
-3.36312e-44
-3.36312e-44
-3.36312e-44
-3.36312e-44
-3.36312e-44
-3.36312e-44
-3.36312e-44
-3.36312e-44
-3.36312e-44
-3.36312e-44
-3.36312e-44
-3.36312e-44
-3.36312e-44
-3.36312e-44
-3.36312e-44
-3.36312e-44
-3.36312e-44
-3.36312e-44
-3.36312e-44
-3.36312e-44
-3.36312e-44
-3.36312e-44
-3.36312e-44
-3.36312e-44
-3.36312e-44
-3.36312e-44
-3.36312e-44
-3.36312e-44
-3.36312e-44
-3.36312e-44
-3.36312e-44
-3.36312e-44
-3.36312e-44
-3.36312e-44
-3.36312e-44
-3.36312e-44
-3.36312e-44
-3.36312e-44
-3.36312e-44
-3.36312e-44
-3.36312e-44
-3.36312e-44
-3.36312e-44
-3.36312e-44
-3.36312e-44
-3.36312e-44
-3.36312e-44
-3.36312e-44
-3.36312e-44
-3.36312e-44
-3.36312e-44
-3.36312e-44
-3.36312e-44
-3.36312e-44
-3.36312e-44
-3.36312e-44
-3.36312e-44
-3.36312e-44
-3.36312e-44
-3.36312e-44
-3.36312e-44
-3.36312e-44
-3.36312e-44
-3.36312e-44
-3.36312e-44
-3.36312e-44
-3.36312e-44
-3.36312e-44
-3.36312e-44
-3.36312e-44
-3.36312e-44
-3.36312e-44
-3.36312e-44
-3.36312e-44
-3.36312e-44
-3.36312e-44
-3.36312e-44
-3.36312e-44
-3.36312e-44
-3.36312e-44
-3.36312e-44
-3.36312e-44
-3.36312e-44
-3.36312e-44
-3.36312e-44
-3.36312e-44
-3.36312e-44
-3.36312e-44
-3.36312e-44
-3.36312e-44
-3.36312e-44
-3.36312e-44
-3.36312e-44
-3.36312e-44
-3.36312e-44
-3.36312e-44
-3.36312e-44
-3.36312e-44
-3.36312e-44
-3.36312e-44
-3.36312e-44
-3.36312e-44
-3.36312e-44
-3.36312e-44
-3.36312e-44
-3.36312e-44
-3.36312e-44
-3.36312e-44
-3.36312e-44
-3.36312e-44
-3.36312e-44
-3.36312e-44
-3.36312e-44
-3.36312e-44
-3.36312e-44
-3.36312e-44
-3.36312e-44
-3.36312e-44
-3.36312e-44
-3.36312e-44
-3.36312e-44
-3.36312e-44
-3.36312e-44
-3.36312e-44
-3.36312e-44
-3.36312e-44
-3.36312e-44
-3.36312e-44
-3.36312e-44
-3.36312e-44
-3.36312e-44
-3.36312e-44
-3.36312e-44
-3.36312e-44
-3.36312e-44
-3.36312e-44
-3.36312e-44
-3.36312e-44
-3.36312e-44
-3.36312e-44
-3.36312e-44
-3.36312e-44
-3.36312e-44
-3.36312e-44
-3.36312e-44
-3.36312e-44
-3.36312e-44
-3.36312e-44
-3.36312e-44
-3.36312e-44
-3.36312e-44
-3.36312e-44
-3.36312e-44
-3.36312e-44
-3.36312e-44
-3.36312e-44
-3.36312e-44
-3.36312e-44
-3.36312e-44
-3.36312e-44
-3.36312e-44
-3.36312e-44
-3.36312e-44
-3.36312e-44
-3.36312e-44
-3.36312e-44
-3.36312e-44
-3.36312e-44
-3.36312e-44
-3.36312e-44
-3.36312e-44
-3.36312e-44
-3.36312e-44
-3.36312e-44
-3.36312e-44
-3.36312e-44
-3.36312e-44
-3.36312e-44
-3.36312e-44
-3.36312e-44
-3.36312e-44
-3.36312e-44
-3.36312e-44
-3.36312e-44
-3.36312e-44
-3.36312e-44
-3.36312e-44
-3.36312e-44
-3.36312e-44
-3.36312e-44
-3.36312e-44
-3.36312e-44
-3.36312e-44
-3.36312e-44
-3.36312e-44
-3.36312e-44
-3.36312e-44
-3.36312e-44
-3.36312e-44
-3.36312e-44
-3.36312e-44
-3.36312e-44
-3.36312e-44
-3.36312e-44
-3.36312e-44
-3.36312e-44
-3.36312e-44
-3.36312e-44
-3.36312e-44
-3.36312e-44
-3.36312e-44
-3.36312e-44
-3.36312e-44
-3.36312e-44
-3.36312e-44
-3.36312e-44
-3.36312e-44
-3.36312e-44
-3.36312e-44
-3.36312e-44
-3.36312e-44
-3.36312e-44
-3.36312e-44
-3.36312e-44
-3.36312e-44
-3.36312e-44
-3.36312e-44
-3.36312e-44
-3.36312e-44
-3.36312e-44
-3.36312e-44
-3.36312e-44
-3.36312e-44
-3.36312e-44
-3.36312e-44
-3.36312e-44
-3.36312e-44
-3.36312e-44
-3.36312e-44
-3.36312e-44
-3.36312e-44
-3.36312e-44
-3.36312e-44
-3.36312e-44
-3.36312e-44
-3.36312e-44
-3.36312e-44
-3.36312e-44
-3.36312e-44
-3.36312e-44
-3.36312e-44
-3.36312e-44
-3.36312e-44
-3.36312e-44
-3.36312e-44
-3.36312e-44
-3.36312e-44
-3.36312e-44
-3.36312e-44
-3.36312e-44
-3.36312e-44
-3.36312e-44
-3.36312e-44
-3.36312e-44
-3.36312e-44
-3.36312e-44
-3.36312e-44
-3.36312e-44
-3.36312e-44
-3.36312e-44
-3.36312e-44
-3.36312e-44
-3.36312e-44
-3.36312e-44
-3.36312e-44
-3.36312e-44
-3.36312e-44
-3.36312e-44
-3.36312e-44
-3.36312e-44
-3.36312e-44
-3.36312e-44
-3.36312e-44
-3.36312e-44
-3.36312e-44
-3.36312e-44
-3.36312e-44
-3.36312e-44
-3.36312e-44
-3.36312e-44
-3.36312e-44
-3.36312e-44
-3.36312e-44
-3.36312e-44
-3.36312e-44
-3.36312e-44
-3.36312e-44
-3.36312e-44
-3.36312e-44
-3.36312e-44
-3.36312e-44
-3.36312e-44
-3.36312e-44
-3.36312e-44
-3.36312e-44
-3.36312e-44
-3.36312e-44
-3.36312e-44
-3.36312e-44
-3.36312e-44
-3.36312e-44
-3.36312e-44
-3.36312e-44
-3.36312e-44
-3.36312e-44
-3.36312e-44
-3.36312e-44
-3.36312e-44
-3.36312e-44
-3.36312e-44
-3.36312e-44
-3.36312e-44
-3.36312e-44
-3.36312e-44
-3.36312e-44
-3.36312e-44
-3.36312e-44
-3.36312e-44
-3.36312e-44
-3.36312e-44
-3.36312e-44
-3.36312e-44
-3.36312e-44
-3.36312e-44
-3.36312e-44
-3.36312e-44
-3.36312e-44
-3.36312e-44
-3.36312e-44
-3.36312e-44
-3.36312e-44
-3.36312e-44
-3.36312e-44
-3.36312e-44
-3.36312e-44
-3.36312e-44
-3.36312e-44
-3.36312e-44
-3.36312e-44
-3.36312e-44
-3.36312e-44
-3.36312e-44
-3.36312e-44
-3.36312e-44
-3.36312e-44
-3.36312e-44
-3.36312e-44
-3.36312e-44
-3.36312e-44
-3.36312e-44
-3.36312e-44
-3.36312e-44
-3.36312e-44
-3.36312e-44
-3.36312e-44
-3.36312e-44
-3.36312e-44
-3.36312e-44
-3.36312e-44
-3.36312e-44
-3.36312e-44
-3.36312e-44
-3.36312e-44
-3.36312e-44
-3.36312e-44
-3.36312e-44
-3.36312e-44
-3.36312e-44
-3.36312e-44
-3.36312e-44
-3.36312e-44
-3.36312e-44
-3.36312e-44
-3.36312e-44
-3.36312e-44
-3.36312e-44
-3.36312e-44
-3.36312e-44
-3.36312e-44
-3.36312e-44
-3.36312e-44
-3.36312e-44
-3.36312e-44
-3.36312e-44
-3.36312e-44
-3.36312e-44
-3.36312e-44
-3.36312e-44
-3.36312e-44
-3.36312e-44
-3.36312e-44
-3.36312e-44
-3.36312e-44
-3.36312e-44
-3.36312e-44
-3.36312e-44
-3.36312e-44
-3.36312e-44
-3.36312e-44
-3.36312e-44
-3.36312e-44
-3.36312e-44
-3.36312e-44
-3.36312e-44
-3.36312e-44
-3.36312e-44
-3.36312e-44
-3.36312e-44
-3.36312e-44
-3.36312e-44
-3.36312e-44
-3.36312e-44
-3.36312e-44
-3.36312e-44
-3.36312e-44
-3.36312e-44
-3.36312e-44
-3.36312e-44
-3.36312e-44
-3.36312e-44
-3.36312e-44
-3.36312e-44
-3.36312e-44
-3.36312e-44
-3.36312e-44
-3.36312e-44
-3.36312e-44
-3.36312e-44
-3.36312e-44
-3.36312e-44
-3.36312e-44
-3.36312e-44
-3.36312e-44
-3.36312e-44
-3.36312e-44
-3.36312e-44
-3.36312e-44
-3.36312e-44
-3.36312e-44
-3.36312e-44
-3.36312e-44
-3.36312e-44
-3.36312e-44
-3.36312e-44
-3.36312e-44
-3.36312e-44
-3.36312e-44
-3.36312e-44
-3.36312e-44
-3.36312e-44
-3.36312e-44
-3.36312e-44
-3.36312e-44
-3.36312e-44
-3.36312e-44
-3.36312e-44
-3.36312e-44
-3.36312e-44
-3.36312e-44
-3.36312e-44
-3.36312e-44
-3.36312e-44
-3.36312e-44
-3.36312e-44
-3.36312e-44
-3.36312e-44
-3.36312e-44
-3.36312e-44
-3.36312e-44
-3.36312e-44
-3.36312e-44
-3.36312e-44
-3.36312e-44
-3.36312e-44
-3.36312e-44
-3.36312e-44
-3.36312e-44
-3.36312e-44
-3.36312e-44
-3.36312e-44
-3.36312e-44
-3.36312e-44
-3.36312e-44
-3.36312e-44
-3.36312e-44
-3.36312e-44
-3.36312e-44
-3.36312e-44
-3.36312e-44
-3.36312e-44
-3.36312e-44
-3.36312e-44
-3.36312e-44
-3.36312e-44
-3.36312e-44
-3.36312e-44
-3.36312e-44
-3.36312e-44
-3.36312e-44
-3.36312e-44
-3.36312e-44
-3.36312e-44
-3.36312e-44
-3.36312e-44
-3.36312e-44
-3.36312e-44
-3.36312e-44
-3.36312e-44
-3.36312e-44
-3.36312e-44
-3.36312e-44
-3.36312e-44
-3.36312e-44
-3.36312e-44
-3.36312e-44
-3.36312e-44
-3.36312e-44
-3.36312e-44
-3.36312e-44
-3.36312e-44
-3.36312e-44
-3.36312e-44
-3.36312e-44
-3.36312e-44
-3.36312e-44
-3.36312e-44
-3.36312e-44
-3.36312e-44
-3.36312e-44
-3.36312e-44
-3.36312e-44
-3.36312e-44
-3.36312e-44
-3.36312e-44
-3.36312e-44
-3.36312e-44
-3.36312e-44
-3.36312e-44
-3.36312e-44
-3.36312e-44
-3.36312e-44
-3.36312e-44
-3.36312e-44
-3.36312e-44
-3.36312e-44
-3.36312e-44
-3.36312e-44
-3.36312e-44
-3.36312e-44
-3.36312e-44
-3.36312e-44
-3.36312e-44
-3.36312e-44
-3.36312e-44
-3.36312e-44
-3.36312e-44
-3.36312e-44
-3.36312e-44
-3.36312e-44
-3.36312e-44
-3.36312e-44
-3.36312e-44
-3.36312e-44
-3.36312e-44
-3.36312e-44
-3.36312e-44
-3.36312e-44
-3.36312e-44
-3.36312e-44
-3.36312e-44
-3.36312e-44
-3.36312e-44
-3.36312e-44
-3.36312e-44
-3.36312e-44
-3.36312e-44
-3.36312e-44
-3.36312e-44
-3.36312e-44
-3.36312e-44
-3.36312e-44
-3.36312e-44
-3.36312e-44
-3.36312e-44
-3.36312e-44
-3.36312e-44
-3.36312e-44
-3.36312e-44
-3.36312e-44
-3.36312e-44
-3.36312e-44
-3.36312e-44
-3.36312e-44
-3.36312e-44
-3.36312e-44
-3.36312e-44
-3.36312e-44
-3.36312e-44
-3.36312e-44
-3.36312e-44
-3.36312e-44
-3.36312e-44
-3.36312e-44
-3.36312e-44
-3.36312e-44
-3.36312e-44
-3.36312e-44
-3.36312e-44
-3.36312e-44
-3.36312e-44
-3.36312e-44
-3.36312e-44
-3.36312e-44
-3.36312e-44
-3.36312e-44
-3.36312e-44
-3.36312e-44
-3.36312e-44
-3.36312e-44
-3.36312e-44
-3.36312e-44
-3.36312e-44
-3.36312e-44
-3.36312e-44
-3.36312e-44
-3.36312e-44
-3.36312e-44
-3.36312e-44
-3.36312e-44
-3.36312e-44
-3.36312e-44
-3.36312e-44
-3.36312e-44
-3.36312e-44
-3.36312e-44
-3.36312e-44
-3.36312e-44
-3.36312e-44
-3.36312e-44
-3.36312e-44
-3.36312e-44
-3.36312e-44
-3.36312e-44
-3.36312e-44
-3.36312e-44
-3.36312e-44
-3.36312e-44
-3.36312e-44
-3.36312e-44
-3.36312e-44
-3.36312e-44
-3.36312e-44
-3.36312e-44
-3.36312e-44
-3.36312e-44
-3.36312e-44
-3.36312e-44
-3.36312e-44
-3.36312e-44
-3.36312e-44
-3.36312e-44
-3.36312e-44
-3.36312e-44
-3.36312e-44
-3.36312e-44
-3.36312e-44
-3.36312e-44
-3.36312e-44
-3.36312e-44
-3.36312e-44
-3.36312e-44
-3.36312e-44
-3.36312e-44
-3.36312e-44
-3.36312e-44
-3.36312e-44
-3.36312e-44
-3.36312e-44
-3.36312e-44
-3.36312e-44
-3.36312e-44
-3.36312e-44
-3.36312e-44
-3.36312e-44
-3.36312e-44
-3.36312e-44
-3.36312e-44
-3.36312e-44
-3.36312e-44
-3.36312e-44
-3.36312e-44
-3.36312e-44
-3.36312e-44
-3.36312e-44
-3.36312e-44
-3.36312e-44
-3.36312e-44
-3.36312e-44
-3.36312e-44
-3.36312e-44
-3.36312e-44
-3.36312e-44
-3.36312e-44
-3.36312e-44
-3.36312e-44
-3.36312e-44
-3.36312e-44
-3.36312e-44
-3.36312e-44
-3.36312e-44
-3.36312e-44
-3.36312e-44
-3.36312e-44
-3.36312e-44
-3.36312e-44
-3.36312e-44
-3.36312e-44
-3.36312e-44
-3.36312e-44
-3.36312e-44
-3.36312e-44
-3.36312e-44
-3.36312e-44
-3.36312e-44
-3.36312e-44
-3.36312e-44
-3.36312e-44
-3.36312e-44
-3.36312e-44
-3.36312e-44
-3.36312e-44
-3.36312e-44
-3.36312e-44
-3.36312e-44
-3.36312e-44
-3.36312e-44
-3.36312e-44
-3.36312e-44
-3.36312e-44
-3.36312e-44
-3.36312e-44
-3.36312e-44
-3.36312e-44
-3.36312e-44
-3.36312e-44
-3.36312e-44
-3.36312e-44
-3.36312e-44
-3.36312e-44
-3.36312e-44
-3.36312e-44
-3.36312e-44
-3.36312e-44
-3.36312e-44
-3.36312e-44
-3.36312e-44
-3.36312e-44
-3.36312e-44
-3.36312e-44
-3.36312e-44
-3.36312e-44
-3.36312e-44
-3.36312e-44
-3.36312e-44
-3.36312e-44
-3.36312e-44
-3.36312e-44
-3.36312e-44
-3.36312e-44
-3.36312e-44
-3.36312e-44
-3.36312e-44
-3.36312e-44
-3.36312e-44
-3.36312e-44
-3.36312e-44
-3.36312e-44
-3.36312e-44
-3.36312e-44
-3.36312e-44
-3.36312e-44
-3.36312e-44
-3.36312e-44
-3.36312e-44
-3.36312e-44
-3.36312e-44
-3.36312e-44
-3.36312e-44
-3.36312e-44
-3.36312e-44
-3.36312e-44
-3.36312e-44
-3.36312e-44
-3.36312e-44
-3.36312e-44
-3.36312e-44
-3.36312e-44
-3.36312e-44
-3.36312e-44
-3.36312e-44
-3.36312e-44
-3.36312e-44
-3.36312e-44
-3.36312e-44
-3.36312e-44
-3.36312e-44
-3.36312e-44
-3.36312e-44
-3.36312e-44
-3.36312e-44
-3.36312e-44
-3.36312e-44
-3.36312e-44
-3.36312e-44
-3.36312e-44
-3.36312e-44
-3.36312e-44
-3.36312e-44
-3.36312e-44
-3.36312e-44
-3.36312e-44
-3.36312e-44
-3.36312e-44
-3.36312e-44
-3.36312e-44
-3.36312e-44
-3.36312e-44
-3.36312e-44
-3.36312e-44
-3.36312e-44
-3.36312e-44
-3.36312e-44
-3.36312e-44
-3.36312e-44
-3.36312e-44
-3.36312e-44
-3.36312e-44
-3.36312e-44
-3.36312e-44
-3.36312e-44
-3.36312e-44
-3.36312e-44
-3.36312e-44
-3.36312e-44
-3.36312e-44
-3.36312e-44
-3.36312e-44
-3.36312e-44
-3.36312e-44
-3.36312e-44
-3.36312e-44
-3.36312e-44
-3.36312e-44
-3.36312e-44
-3.36312e-44
-3.36312e-44
-3.36312e-44
-3.36312e-44
-3.36312e-44
-3.36312e-44
-3.36312e-44
-3.36312e-44
-3.36312e-44
-3.36312e-44
-3.36312e-44
-3.36312e-44
-3.36312e-44
-3.36312e-44
-3.36312e-44
-3.36312e-44
-3.36312e-44
-3.36312e-44
-3.36312e-44
-3.36312e-44
-3.36312e-44
-3.36312e-44
-3.36312e-44
-3.36312e-44
-3.36312e-44
-3.36312e-44
-3.36312e-44
-3.36312e-44
-3.36312e-44
-3.36312e-44
-3.36312e-44
-3.36312e-44
-3.36312e-44
-3.36312e-44
-3.36312e-44
-3.36312e-44
-3.36312e-44
-3.36312e-44
-3.36312e-44
-3.36312e-44
-3.36312e-44
-3.36312e-44
-3.36312e-44
-3.36312e-44
-3.36312e-44
-3.36312e-44
-3.36312e-44
-3.36312e-44
-3.36312e-44
-3.36312e-44
-3.36312e-44
-3.36312e-44
-3.36312e-44
-3.36312e-44
-3.36312e-44
-3.36312e-44
-3.36312e-44
-3.36312e-44
-3.36312e-44
-3.36312e-44
-3.36312e-44
-3.36312e-44
-3.36312e-44
-3.36312e-44
-3.36312e-44
-3.36312e-44
-3.36312e-44
-3.36312e-44
-3.36312e-44
-3.36312e-44
-3.36312e-44
-3.36312e-44
-3.36312e-44
-3.36312e-44
-3.36312e-44
-3.36312e-44
-3.36312e-44
-3.36312e-44
-3.36312e-44
-3.36312e-44
-3.36312e-44
-3.36312e-44
-3.36312e-44
-3.36312e-44
-3.36312e-44
-3.36312e-44
-3.36312e-44
-3.36312e-44
-3.36312e-44
-3.36312e-44
-3.36312e-44
-3.36312e-44
-3.36312e-44
-3.36312e-44
-3.36312e-44
-3.36312e-44
-3.36312e-44
-3.36312e-44
-3.36312e-44
-3.36312e-44
-3.36312e-44
-3.36312e-44
-3.36312e-44
-3.36312e-44
-3.36312e-44
-3.36312e-44
-3.36312e-44
-3.36312e-44
-3.36312e-44
-3.36312e-44
-3.36312e-44
-3.36312e-44
-3.36312e-44
-3.36312e-44
-3.36312e-44
-3.36312e-44
-3.36312e-44
-3.36312e-44
-3.36312e-44
-3.36312e-44
-3.36312e-44
-3.36312e-44
-3.36312e-44
-3.36312e-44
-3.36312e-44
-3.36312e-44
-3.36312e-44
-3.36312e-44
-3.36312e-44
-3.36312e-44
-3.36312e-44
-3.36312e-44
-3.36312e-44
-3.36312e-44
-3.36312e-44
-3.36312e-44
-3.36312e-44
-3.36312e-44
-3.36312e-44
-3.36312e-44
-3.36312e-44
-3.36312e-44
-3.36312e-44
-3.36312e-44
-3.36312e-44
-3.36312e-44
-3.36312e-44
-3.36312e-44
-3.36312e-44
-3.36312e-44
-3.36312e-44
-3.36312e-44
-3.36312e-44
-3.36312e-44
-3.36312e-44
-3.36312e-44
-3.36312e-44
-3.36312e-44
-3.36312e-44
-3.36312e-44
-3.36312e-44
-3.36312e-44
-3.36312e-44
-3.36312e-44
-3.36312e-44
-3.36312e-44
-3.36312e-44
-3.36312e-44
-3.36312e-44
-3.36312e-44
-3.36312e-44
-3.36312e-44
-3.36312e-44
-3.36312e-44
-3.36312e-44
-3.36312e-44
-3.36312e-44
-3.36312e-44
-3.36312e-44
-3.36312e-44
-3.36312e-44
-3.36312e-44
-3.36312e-44
-3.36312e-44
-3.36312e-44
-3.36312e-44
-3.36312e-44
-3.36312e-44
-3.36312e-44
-3.36312e-44
-3.36312e-44
-3.36312e-44
-3.36312e-44
-3.36312e-44
-3.36312e-44
-3.36312e-44
-3.36312e-44
-3.36312e-44
-3.36312e-44
-3.36312e-44
-3.36312e-44
-3.36312e-44
-3.36312e-44
-3.36312e-44
-3.36312e-44
-3.36312e-44
-3.36312e-44
-3.36312e-44
-3.36312e-44
-3.36312e-44
-3.36312e-44
-3.36312e-44
-3.36312e-44
-3.36312e-44
-3.36312e-44
-3.36312e-44
-3.36312e-44
-3.36312e-44
-3.36312e-44
-3.36312e-44
-3.36312e-44
-3.36312e-44
-3.36312e-44
-3.36312e-44
-3.36312e-44
-3.36312e-44
-3.36312e-44
-3.36312e-44
-3.36312e-44
-3.36312e-44
-3.36312e-44
-3.36312e-44
-3.36312e-44
-3.36312e-44
-3.36312e-44
-3.36312e-44
-3.36312e-44
-3.36312e-44
-3.36312e-44
-3.36312e-44
-3.36312e-44
-3.36312e-44
-3.36312e-44
-3.36312e-44
-3.36312e-44
-3.36312e-44
-3.36312e-44
-3.36312e-44
-3.36312e-44
-3.36312e-44
-3.36312e-44
-3.36312e-44
-3.36312e-44
-3.36312e-44
-3.36312e-44
-3.36312e-44
-3.36312e-44
-3.36312e-44
-3.36312e-44
-3.36312e-44
-3.36312e-44
-3.36312e-44
-3.36312e-44
-3.36312e-44
-3.36312e-44
-3.36312e-44
-3.36312e-44
-3.36312e-44
-3.36312e-44
-3.36312e-44
-3.36312e-44
-3.36312e-44
-3.36312e-44
-3.36312e-44
-3.36312e-44
-3.36312e-44
-3.36312e-44
-3.36312e-44
-3.36312e-44
-3.36312e-44
-3.36312e-44
-3.36312e-44
-3.36312e-44
-3.36312e-44
-3.36312e-44
-3.36312e-44
-3.36312e-44
-3.36312e-44
-3.36312e-44
-3.36312e-44
-3.36312e-44
-3.36312e-44
-3.36312e-44
-3.36312e-44
-3.36312e-44
-3.36312e-44
-3.36312e-44
-3.36312e-44
-3.36312e-44
-3.36312e-44
-3.36312e-44
-3.36312e-44
-3.36312e-44
-3.36312e-44
-3.36312e-44
-3.36312e-44
-3.36312e-44
-3.36312e-44
-3.36312e-44
-3.36312e-44
-3.36312e-44
-3.36312e-44
-3.36312e-44
-3.36312e-44
-3.36312e-44
-3.36312e-44
-3.36312e-44
-3.36312e-44
-3.36312e-44
-3.36312e-44
-3.36312e-44
-3.36312e-44
-3.36312e-44
-3.36312e-44
-3.36312e-44
-3.36312e-44
-3.36312e-44
-3.36312e-44
-3.36312e-44
-3.36312e-44
-3.36312e-44
-3.36312e-44
-3.36312e-44
-3.36312e-44
-3.36312e-44
-3.36312e-44
-3.36312e-44
-3.36312e-44
-3.36312e-44
-3.36312e-44
-3.36312e-44
-3.36312e-44
-3.36312e-44
-3.36312e-44
-3.36312e-44
-3.36312e-44
-3.36312e-44
-3.36312e-44
-3.36312e-44
-3.36312e-44
-3.36312e-44
-3.36312e-44
-3.36312e-44
-3.36312e-44
-3.36312e-44
-3.36312e-44
-3.36312e-44
-3.36312e-44
-3.36312e-44
-3.36312e-44
-3.36312e-44
-3.36312e-44
-3.36312e-44
-3.36312e-44
-3.36312e-44
-3.36312e-44
-3.36312e-44
-3.36312e-44
-3.36312e-44
-3.36312e-44
-3.36312e-44
-3.36312e-44
-3.36312e-44
-3.36312e-44
-3.36312e-44
-3.36312e-44
-3.36312e-44
-3.36312e-44
-3.36312e-44
-3.36312e-44
-3.36312e-44
-3.36312e-44
-3.36312e-44
-3.36312e-44
-3.36312e-44
-3.36312e-44
-3.36312e-44
-3.36312e-44
-3.36312e-44
-3.36312e-44
-3.36312e-44
-3.36312e-44
-3.36312e-44
-3.36312e-44
-3.36312e-44
-3.36312e-44
-3.36312e-44
-3.36312e-44
-3.36312e-44
-3.36312e-44
-3.36312e-44
-3.36312e-44
-3.36312e-44
-3.36312e-44
-3.36312e-44
-3.36312e-44
-3.36312e-44
-3.36312e-44
-3.36312e-44
-3.36312e-44
-3.36312e-44
-3.36312e-44
-3.36312e-44
-3.36312e-44
-3.36312e-44
-3.36312e-44
-3.36312e-44
-3.36312e-44
-3.36312e-44
-3.36312e-44
-3.36312e-44
-3.36312e-44
-3.36312e-44
-3.36312e-44
-3.36312e-44
-3.36312e-44
-3.36312e-44
-3.36312e-44
-3.36312e-44
-3.36312e-44
-3.36312e-44
-3.36312e-44
-3.36312e-44
-3.36312e-44
-3.36312e-44
-3.36312e-44
-3.36312e-44
-3.36312e-44
-3.36312e-44
-3.36312e-44
-3.36312e-44
-3.36312e-44
-3.36312e-44
-3.36312e-44
-3.36312e-44
-3.36312e-44
-3.36312e-44
-3.36312e-44
-3.36312e-44
-3.36312e-44
-3.36312e-44
-3.36312e-44
-3.36312e-44
-3.36312e-44
-3.36312e-44
-3.36312e-44
-3.36312e-44
-3.36312e-44
-3.36312e-44
-3.36312e-44
-3.36312e-44
-3.36312e-44
-3.36312e-44
-3.36312e-44
-3.36312e-44
-3.36312e-44
-3.36312e-44
-3.36312e-44
-3.36312e-44
-3.36312e-44
-3.36312e-44
-3.36312e-44
-3.36312e-44
-3.36312e-44
-3.36312e-44
-3.36312e-44
-3.36312e-44
-3.36312e-44
-3.36312e-44
-3.36312e-44
-3.36312e-44
-3.36312e-44
-3.36312e-44
-3.36312e-44
-3.36312e-44
-3.36312e-44
-3.36312e-44
-3.36312e-44
-3.36312e-44
-3.36312e-44
-3.36312e-44
-3.36312e-44
-3.36312e-44
-3.36312e-44
-3.36312e-44
-3.36312e-44
-3.36312e-44
-3.36312e-44
-3.36312e-44
-3.36312e-44
-3.36312e-44
-3.36312e-44
-3.36312e-44
-3.36312e-44
-3.36312e-44
-3.36312e-44
-3.36312e-44
-3.36312e-44
-3.36312e-44
-3.36312e-44
-3.36312e-44
-3.36312e-44
-3.36312e-44
-3.36312e-44
-3.36312e-44
-3.36312e-44
-3.36312e-44
-3.36312e-44
-3.36312e-44
-3.36312e-44
-3.36312e-44
-3.36312e-44
-3.36312e-44
-3.36312e-44
-3.36312e-44
-3.36312e-44
-3.36312e-44
-3.36312e-44
-3.36312e-44
-3.36312e-44
-3.36312e-44
-3.36312e-44
-3.36312e-44
-3.36312e-44
-3.36312e-44
-3.36312e-44
-3.36312e-44
-3.36312e-44
-3.36312e-44
-3.36312e-44
-3.36312e-44
-3.36312e-44
-3.36312e-44
-3.36312e-44
-3.36312e-44
-3.36312e-44
-3.36312e-44
-3.36312e-44
-3.36312e-44
-3.36312e-44
-3.36312e-44
-3.36312e-44
-3.36312e-44
-3.36312e-44
-3.36312e-44
-3.36312e-44
-3.36312e-44
-3.36312e-44
-3.36312e-44
-3.36312e-44
-3.36312e-44
-3.36312e-44
-3.36312e-44
-3.36312e-44
-3.36312e-44
-3.36312e-44
-3.36312e-44
-3.36312e-44
-3.36312e-44
-3.36312e-44
-3.36312e-44
-3.36312e-44
-3.36312e-44
-3.36312e-44
-3.36312e-44
-3.36312e-44
-3.36312e-44
-3.36312e-44
-3.36312e-44
-3.36312e-44
-3.36312e-44
-3.36312e-44
-3.36312e-44
-3.36312e-44
-3.36312e-44
-3.36312e-44
-3.36312e-44
-3.36312e-44
-3.36312e-44
-3.36312e-44
-3.36312e-44
-3.36312e-44
-3.36312e-44
-3.36312e-44
-3.36312e-44
-3.36312e-44
-3.36312e-44
-3.36312e-44
-3.36312e-44
-3.36312e-44
-3.36312e-44
-3.36312e-44
-3.36312e-44
-3.36312e-44
-3.36312e-44
-3.36312e-44
-3.36312e-44
-3.36312e-44
-3.36312e-44
-3.36312e-44
-3.36312e-44
-3.36312e-44
-3.36312e-44
-3.36312e-44
-3.36312e-44
-3.36312e-44
-3.36312e-44
-3.36312e-44
-3.36312e-44
-3.36312e-44
-3.36312e-44
-3.36312e-44
-3.36312e-44
-3.36312e-44
-3.36312e-44
-3.36312e-44
-3.36312e-44
-3.36312e-44
-3.36312e-44
-3.36312e-44
-3.36312e-44
-3.36312e-44
-3.36312e-44
-3.36312e-44
-3.36312e-44
-3.36312e-44
-3.36312e-44
-3.36312e-44
-3.36312e-44
-3.36312e-44
-3.36312e-44
-3.36312e-44
-3.36312e-44
-3.36312e-44
-3.36312e-44
-3.36312e-44
-3.36312e-44
-3.36312e-44
-3.36312e-44
-3.36312e-44
-3.36312e-44
-3.36312e-44
-3.36312e-44
-3.36312e-44
-3.36312e-44
-3.36312e-44
-3.36312e-44
-3.36312e-44
-3.36312e-44
-3.36312e-44
-3.36312e-44
-3.36312e-44
-3.36312e-44
-3.36312e-44
-3.36312e-44
-3.36312e-44
-3.36312e-44
-3.36312e-44
-3.36312e-44
-3.36312e-44
-3.36312e-44
-3.36312e-44
-3.36312e-44
-3.36312e-44
-3.36312e-44
-3.36312e-44
-3.36312e-44
-3.36312e-44
-3.36312e-44
-3.36312e-44
-3.36312e-44
-3.36312e-44
-3.36312e-44
-3.36312e-44
-3.36312e-44
-3.36312e-44
-3.36312e-44
-3.36312e-44
-3.36312e-44
-3.36312e-44
-3.36312e-44
-3.36312e-44
-3.36312e-44
-3.36312e-44
-3.36312e-44
-3.36312e-44
-3.36312e-44
-3.36312e-44
-3.36312e-44
-3.36312e-44
-3.36312e-44
-3.36312e-44
-3.36312e-44
-3.36312e-44
-3.36312e-44
-3.36312e-44
-3.36312e-44
-3.36312e-44
-3.36312e-44
-3.36312e-44
-3.36312e-44
-3.36312e-44
-3.36312e-44
-3.36312e-44
-3.36312e-44
-3.36312e-44
-3.36312e-44
-3.36312e-44
-3.36312e-44
-3.36312e-44
-3.36312e-44
-3.36312e-44
-3.36312e-44
-3.36312e-44
-3.36312e-44
-3.36312e-44
-3.36312e-44
-3.36312e-44
-3.36312e-44
-3.36312e-44
-3.36312e-44
-3.36312e-44
-3.36312e-44
-3.36312e-44
-3.36312e-44
-3.36312e-44
-3.36312e-44
-3.36312e-44
-3.36312e-44
-3.36312e-44
-3.36312e-44
-3.36312e-44
-3.36312e-44
-3.36312e-44
-3.36312e-44
-3.36312e-44
-3.36312e-44
-3.36312e-44
-3.36312e-44
-3.36312e-44
-3.36312e-44
-3.36312e-44
-3.36312e-44
-3.36312e-44
-3.36312e-44
-3.36312e-44
-3.36312e-44
-3.36312e-44
-3.36312e-44
-3.36312e-44
-3.36312e-44
-3.36312e-44
-3.36312e-44
-3.36312e-44
-3.36312e-44
-3.36312e-44
-3.36312e-44
-3.36312e-44
-3.36312e-44
-3.36312e-44
-3.36312e-44
-3.36312e-44
-3.36312e-44
-3.36312e-44
-3.36312e-44
-3.36312e-44
-3.36312e-44
-3.36312e-44
-3.36312e-44
-3.36312e-44
-3.36312e-44
-3.36312e-44
-3.36312e-44
-3.36312e-44
-3.36312e-44
-3.36312e-44
-3.36312e-44
-3.36312e-44
-3.36312e-44
-3.36312e-44
-3.36312e-44
-3.36312e-44
-3.36312e-44
-3.36312e-44
-3.36312e-44
-3.36312e-44
-3.36312e-44
-3.36312e-44
-3.36312e-44
-3.36312e-44
-3.36312e-44
-3.36312e-44
-3.36312e-44
-3.36312e-44
-3.36312e-44
-3.36312e-44
-3.36312e-44
-3.36312e-44
-3.36312e-44
-3.36312e-44
-3.36312e-44
-3.36312e-44
-3.36312e-44
-3.36312e-44
-3.36312e-44
-3.36312e-44
-3.36312e-44
-3.36312e-44
-3.36312e-44
-3.36312e-44
-3.36312e-44
-3.36312e-44
-3.36312e-44
-3.36312e-44
-3.36312e-44
-3.36312e-44
-3.36312e-44
-3.36312e-44
-3.36312e-44
-3.36312e-44
-3.36312e-44
-3.36312e-44
-3.36312e-44
-3.36312e-44
-3.36312e-44
-3.36312e-44
-3.36312e-44
-3.36312e-44
-3.36312e-44
-3.36312e-44
-3.36312e-44
-3.36312e-44
-3.36312e-44
-3.36312e-44
-3.36312e-44
-3.36312e-44
-3.36312e-44
-3.36312e-44
-3.36312e-44
-3.36312e-44
-3.36312e-44
-3.36312e-44
-3.36312e-44
-3.36312e-44
-3.36312e-44
-3.36312e-44
-3.36312e-44
-3.36312e-44
-3.36312e-44
-3.36312e-44
-3.36312e-44
-3.36312e-44
-3.36312e-44
-3.36312e-44
-3.36312e-44
-3.36312e-44
-3.36312e-44
-3.36312e-44
-3.36312e-44
-3.36312e-44
-3.36312e-44
-3.36312e-44
-3.36312e-44
-3.36312e-44
-3.36312e-44
-3.36312e-44
-3.36312e-44
-3.36312e-44
-3.36312e-44
-3.36312e-44
-3.36312e-44
-3.36312e-44
-3.36312e-44
-3.36312e-44
-3.36312e-44
-3.36312e-44
-3.36312e-44
-3.36312e-44
-3.36312e-44
-3.36312e-44
-3.36312e-44
-3.36312e-44
-3.36312e-44
-3.36312e-44
-3.36312e-44
-3.36312e-44
-3.36312e-44
-3.36312e-44
-3.36312e-44
-3.36312e-44
-3.36312e-44
-3.36312e-44
-3.36312e-44
-3.36312e-44
-3.36312e-44
-3.36312e-44
-3.36312e-44
-3.36312e-44
-3.36312e-44
-3.36312e-44
-3.36312e-44
-3.36312e-44
-3.36312e-44
-3.36312e-44
-3.36312e-44
-3.36312e-44
-3.36312e-44
-3.36312e-44
-3.36312e-44
-3.36312e-44
-3.36312e-44
-3.36312e-44
-3.36312e-44
-3.36312e-44
-3.36312e-44
-3.36312e-44
-3.36312e-44
-3.36312e-44
-3.36312e-44
-3.36312e-44
-3.36312e-44
-3.36312e-44
-3.36312e-44
-3.36312e-44
-3.36312e-44
-3.36312e-44
-3.36312e-44
-3.36312e-44
-3.36312e-44
-3.36312e-44
-3.36312e-44
-3.36312e-44
-3.36312e-44
-3.36312e-44
-3.36312e-44
-3.36312e-44
-3.36312e-44
-3.36312e-44
-3.36312e-44
-3.36312e-44
-3.36312e-44
-3.36312e-44
-3.36312e-44
-3.36312e-44
-3.36312e-44
-3.36312e-44
-3.36312e-44
-3.36312e-44
-3.36312e-44
-3.36312e-44
-3.36312e-44
-3.36312e-44
-3.36312e-44
-3.36312e-44
-3.36312e-44
-3.36312e-44
-3.36312e-44
-3.36312e-44
-3.36312e-44
-3.36312e-44
-3.36312e-44
-3.36312e-44
-3.36312e-44
-3.36312e-44
-3.36312e-44
-3.36312e-44
-3.36312e-44
-3.36312e-44
-3.36312e-44
-3.36312e-44
-3.36312e-44
-3.36312e-44
-3.36312e-44
-3.36312e-44
-3.36312e-44
-3.36312e-44
-3.36312e-44
-3.36312e-44
-3.36312e-44
-3.36312e-44
-3.36312e-44
-3.36312e-44
-3.36312e-44
-3.36312e-44
-3.36312e-44
-3.36312e-44
-3.36312e-44
-3.36312e-44
-3.36312e-44
-3.36312e-44
-3.36312e-44
-3.36312e-44
-3.36312e-44
-3.36312e-44
-3.36312e-44
-3.36312e-44
-3.36312e-44
-3.36312e-44
-3.36312e-44
-3.36312e-44
-3.36312e-44
-3.36312e-44
-3.36312e-44
-3.36312e-44
-3.36312e-44
-3.36312e-44
-3.36312e-44
-3.36312e-44
-3.36312e-44
-3.36312e-44
-3.36312e-44
-3.36312e-44
-3.36312e-44
-3.36312e-44
-3.36312e-44
-3.36312e-44
-3.36312e-44
-3.36312e-44
-3.36312e-44
-3.36312e-44
-3.36312e-44
-3.36312e-44
-3.36312e-44
-3.36312e-44
-3.36312e-44
-3.36312e-44
-3.36312e-44
-3.36312e-44
-3.36312e-44
-3.36312e-44
-3.36312e-44
-3.36312e-44
-3.36312e-44
-3.36312e-44
-3.36312e-44
-3.36312e-44
-3.36312e-44
-3.36312e-44
-3.36312e-44
-3.36312e-44
-3.36312e-44
-3.36312e-44
-3.36312e-44
-3.36312e-44
-3.36312e-44
-3.36312e-44
-3.36312e-44
-3.36312e-44
-3.36312e-44
-3.36312e-44
-3.36312e-44
-3.36312e-44
-3.36312e-44
-3.36312e-44
-3.36312e-44
-3.36312e-44
-3.36312e-44
-3.36312e-44
-3.36312e-44
-3.36312e-44
-3.36312e-44
-3.36312e-44
-3.36312e-44
-3.36312e-44
-3.36312e-44
-3.36312e-44
-3.36312e-44
-3.36312e-44
-3.36312e-44
-3.36312e-44
-3.36312e-44
-3.36312e-44
-3.36312e-44
-3.36312e-44
-3.36312e-44
-3.36312e-44
-3.36312e-44
-3.36312e-44
-3.36312e-44
-3.36312e-44
-3.36312e-44
-3.36312e-44
-3.36312e-44
-3.36312e-44
-3.36312e-44
-3.36312e-44
-3.36312e-44
-3.36312e-44
-3.36312e-44
-3.36312e-44
-3.36312e-44
-3.36312e-44
-3.36312e-44
-3.36312e-44
-3.36312e-44
-3.36312e-44
-3.36312e-44
-3.36312e-44
-3.36312e-44
-3.36312e-44
-3.36312e-44
-3.36312e-44
-3.36312e-44
-3.36312e-44
-3.36312e-44
-3.36312e-44
-3.36312e-44
-3.36312e-44
-3.36312e-44
-3.36312e-44
-3.36312e-44
-3.36312e-44
-3.36312e-44
-3.36312e-44
-3.36312e-44
-3.36312e-44
-3.36312e-44
-3.36312e-44
-3.36312e-44
-3.36312e-44
-3.36312e-44
-3.36312e-44
-3.36312e-44
-3.36312e-44
-3.36312e-44
-3.36312e-44
-3.36312e-44
-3.36312e-44
-3.36312e-44
-3.36312e-44
-3.36312e-44
-3.36312e-44
-3.36312e-44
-3.36312e-44
-3.36312e-44
-3.36312e-44
-3.36312e-44
-3.36312e-44
-3.36312e-44
-3.36312e-44
-3.36312e-44
-3.36312e-44
-3.36312e-44
-3.36312e-44
-3.36312e-44
-3.36312e-44
-3.36312e-44
-3.36312e-44
-3.36312e-44
-3.36312e-44
-3.36312e-44
-3.36312e-44
-3.36312e-44
-3.36312e-44
-3.36312e-44
-3.36312e-44
-3.36312e-44
-3.36312e-44
-3.36312e-44
-3.36312e-44
-3.36312e-44
-3.36312e-44
-3.36312e-44
-3.36312e-44
-3.36312e-44
-3.36312e-44
-3.36312e-44
-3.36312e-44
-3.36312e-44
-3.36312e-44
-3.36312e-44
-3.36312e-44
-3.36312e-44
-3.36312e-44
-3.36312e-44
-3.36312e-44
-3.36312e-44
-3.36312e-44
-3.36312e-44
-3.36312e-44
-3.36312e-44
-3.36312e-44
-3.36312e-44
-3.36312e-44
-3.36312e-44
-3.36312e-44
-3.36312e-44
-3.36312e-44
-3.36312e-44
-3.36312e-44
-3.36312e-44
-3.36312e-44
-3.36312e-44
-3.36312e-44
-3.36312e-44
-3.36312e-44
-3.36312e-44
-3.36312e-44
-3.36312e-44
-3.36312e-44
-3.36312e-44
-3.36312e-44
-3.36312e-44
-3.36312e-44
-3.36312e-44
-3.36312e-44
-3.36312e-44
-3.36312e-44
-3.36312e-44
-3.36312e-44
-3.36312e-44
-3.36312e-44
-3.36312e-44
-3.36312e-44
-3.36312e-44
-3.36312e-44
-3.36312e-44
-3.36312e-44
-3.36312e-44
-3.36312e-44
-3.36312e-44
-3.36312e-44
-3.36312e-44
-3.36312e-44
-3.36312e-44
-3.36312e-44
-3.36312e-44
-3.36312e-44
-3.36312e-44
-3.36312e-44
-3.36312e-44
-3.36312e-44
-3.36312e-44
-3.36312e-44
-3.36312e-44
-3.36312e-44
-3.36312e-44
-3.36312e-44
-3.36312e-44
-3.36312e-44
-3.36312e-44
-3.36312e-44
-3.36312e-44
-3.36312e-44
-3.36312e-44
-3.36312e-44
-3.36312e-44
-3.36312e-44
-3.36312e-44
-3.36312e-44
-3.36312e-44
-3.36312e-44
-3.36312e-44
-3.36312e-44
-3.36312e-44
-3.36312e-44
-3.36312e-44
-3.36312e-44
-3.36312e-44
-3.36312e-44
-3.36312e-44
-3.36312e-44
-3.36312e-44
-3.36312e-44
-3.36312e-44
-3.36312e-44
-3.36312e-44
-3.36312e-44
-3.36312e-44
-3.36312e-44
-3.36312e-44
-3.36312e-44
-3.36312e-44
-3.36312e-44
-3.36312e-44
-3.36312e-44
-3.36312e-44
-3.36312e-44
-3.36312e-44
-3.36312e-44
-3.36312e-44
-3.36312e-44
-3.36312e-44
-3.36312e-44
-3.36312e-44
-3.36312e-44
-3.36312e-44
-3.36312e-44
-3.36312e-44
-3.36312e-44
-3.36312e-44
-3.36312e-44
-3.36312e-44
-3.36312e-44
-3.36312e-44
-3.36312e-44
-3.36312e-44
-3.36312e-44
-3.36312e-44
-3.36312e-44
-3.36312e-44
-3.36312e-44
-3.36312e-44
-3.36312e-44
-3.36312e-44
-3.36312e-44
-3.36312e-44
-3.36312e-44
-3.36312e-44
-3.36312e-44
-3.36312e-44
-3.36312e-44
-3.36312e-44
-3.36312e-44
-3.36312e-44
-3.36312e-44
-3.36312e-44
-3.36312e-44
-3.36312e-44
-3.36312e-44
-3.36312e-44
-3.36312e-44
-3.36312e-44
-3.36312e-44
-3.36312e-44
-3.36312e-44
-3.36312e-44
-3.36312e-44
-3.36312e-44
-3.36312e-44
-3.36312e-44
-3.36312e-44
-3.36312e-44
-3.36312e-44
-3.36312e-44
-3.36312e-44
-3.36312e-44
-3.36312e-44
-3.36312e-44
-3.36312e-44
-3.36312e-44
-3.36312e-44
-3.36312e-44
-3.36312e-44
-3.36312e-44
-3.36312e-44
-3.36312e-44
-3.36312e-44
-3.36312e-44
-3.36312e-44
-3.36312e-44
-3.36312e-44
-3.36312e-44
-3.36312e-44
-3.36312e-44
-3.36312e-44
-3.36312e-44
-3.36312e-44
-3.36312e-44
-3.36312e-44
-3.36312e-44
-3.36312e-44
-3.36312e-44
-3.36312e-44
-3.36312e-44
-3.36312e-44
-3.36312e-44
-3.36312e-44
-3.36312e-44
-3.36312e-44
-3.36312e-44
-3.36312e-44
-3.36312e-44
-3.36312e-44
-3.36312e-44
-3.36312e-44
-3.36312e-44
-3.36312e-44
-3.36312e-44
-3.36312e-44
-3.36312e-44
-3.36312e-44
-3.36312e-44
-3.36312e-44
-3.36312e-44
-3.36312e-44
-3.36312e-44
-3.36312e-44
-3.36312e-44
-3.36312e-44
-3.36312e-44
-3.36312e-44
-3.36312e-44
-3.36312e-44
-3.36312e-44
-3.36312e-44
-3.36312e-44
-3.36312e-44
-3.36312e-44
-3.36312e-44
-3.36312e-44
-3.36312e-44
-3.36312e-44
-3.36312e-44
-3.36312e-44
-3.36312e-44
-3.36312e-44
-3.36312e-44
-3.36312e-44
-3.36312e-44
-3.36312e-44
-3.36312e-44
-3.36312e-44
-3.36312e-44
-3.36312e-44
-3.36312e-44
-3.36312e-44
-3.36312e-44
-3.36312e-44
-3.36312e-44
-3.36312e-44
-3.36312e-44
-3.36312e-44
-3.36312e-44
-3.36312e-44
-3.36312e-44
-3.36312e-44
-3.36312e-44
-3.36312e-44
-3.36312e-44
-3.36312e-44
-3.36312e-44
-3.36312e-44
-3.36312e-44
-3.36312e-44
-3.36312e-44
-3.36312e-44
-3.36312e-44
-3.36312e-44
-3.36312e-44
-3.36312e-44
-3.36312e-44
-3.36312e-44
-3.36312e-44
-3.36312e-44
-3.36312e-44
-3.36312e-44
-3.36312e-44
-3.36312e-44
-3.36312e-44
-3.36312e-44
-3.36312e-44
-3.36312e-44
-3.36312e-44
-3.36312e-44
-3.36312e-44
-3.36312e-44
-3.36312e-44
-3.36312e-44
-3.36312e-44
-3.36312e-44
-3.36312e-44
-3.36312e-44
-3.36312e-44
-3.36312e-44
-3.36312e-44
-3.36312e-44
-3.36312e-44
-3.36312e-44
-3.36312e-44
-3.36312e-44
-3.36312e-44
-3.36312e-44
-3.36312e-44
-3.36312e-44
-3.36312e-44
-3.36312e-44
-3.36312e-44
-3.36312e-44
-3.36312e-44
-3.36312e-44
-3.36312e-44
-3.36312e-44
-3.36312e-44
-3.36312e-44
-3.36312e-44
-3.36312e-44
-3.36312e-44
-3.36312e-44
-3.36312e-44
-3.36312e-44
-3.36312e-44
-3.36312e-44
-3.36312e-44
-3.36312e-44
-3.36312e-44
-3.36312e-44
-3.36312e-44
-3.36312e-44
-3.36312e-44
-3.36312e-44
-3.36312e-44
-3.36312e-44
-3.36312e-44
-3.36312e-44
-3.36312e-44
-3.36312e-44
-3.36312e-44
-3.36312e-44
-3.36312e-44
-3.36312e-44
-3.36312e-44
-3.36312e-44
-3.36312e-44
-3.36312e-44
-3.36312e-44
-3.36312e-44
-3.36312e-44
-3.36312e-44
-3.36312e-44
-3.36312e-44
-3.36312e-44
-3.36312e-44
-3.36312e-44
-3.36312e-44
-3.36312e-44
-3.36312e-44
-3.36312e-44
-3.36312e-44
-3.36312e-44
-3.36312e-44
-3.36312e-44
-3.36312e-44
-3.36312e-44
-3.36312e-44
-3.36312e-44
-3.36312e-44
-3.36312e-44
-3.36312e-44
-3.36312e-44
-3.36312e-44
-3.36312e-44
-3.36312e-44
-3.36312e-44
-3.36312e-44
-3.36312e-44
-3.36312e-44
-3.36312e-44
-3.36312e-44
-3.36312e-44
-3.36312e-44
-3.36312e-44
-3.36312e-44
-3.36312e-44
-3.36312e-44
-3.36312e-44
-3.36312e-44
-3.36312e-44
-3.36312e-44
-3.36312e-44
-3.36312e-44
-3.36312e-44
-3.36312e-44
-3.36312e-44
-3.36312e-44
-3.36312e-44
-3.36312e-44
-3.36312e-44
-3.36312e-44
-3.36312e-44
-3.36312e-44
-3.36312e-44
-3.36312e-44
-3.36312e-44
-3.36312e-44
-3.36312e-44
-3.36312e-44
-3.36312e-44
-3.36312e-44
-3.36312e-44
-3.36312e-44
-3.36312e-44
-3.36312e-44
-3.36312e-44
-3.36312e-44
-3.36312e-44
-3.36312e-44
-3.36312e-44
-3.36312e-44
-3.36312e-44
-3.36312e-44
-3.36312e-44
-3.36312e-44
-3.36312e-44
-3.36312e-44
-3.36312e-44
-3.36312e-44
-3.36312e-44
-3.36312e-44
-3.36312e-44
-3.36312e-44
-3.36312e-44
-3.36312e-44
-3.36312e-44
-3.36312e-44
-3.36312e-44
-3.36312e-44
-3.36312e-44
-3.36312e-44
-3.36312e-44
-3.36312e-44
-3.36312e-44
-3.36312e-44
-3.36312e-44
-3.36312e-44
-3.36312e-44
-3.36312e-44
-3.36312e-44
-3.36312e-44
-3.36312e-44
-3.36312e-44
-3.36312e-44
-3.36312e-44
-3.36312e-44
-3.36312e-44
-3.36312e-44
-3.36312e-44
-3.36312e-44
-3.36312e-44
-3.36312e-44
-3.36312e-44
-3.36312e-44
-3.36312e-44
-3.36312e-44
-3.36312e-44
-3.36312e-44
-3.36312e-44
-3.36312e-44
-3.36312e-44
-3.36312e-44
-3.36312e-44
-3.36312e-44
-3.36312e-44
-3.36312e-44
-3.36312e-44
-3.36312e-44
-3.36312e-44
-3.36312e-44
-3.36312e-44
-3.36312e-44
-3.36312e-44
-3.36312e-44
-3.36312e-44
-3.36312e-44
-3.36312e-44
-3.36312e-44
-3.36312e-44
-3.36312e-44
-3.36312e-44
-3.36312e-44
-3.36312e-44
-3.36312e-44
-3.36312e-44
-3.36312e-44
-3.36312e-44
-3.36312e-44
-3.36312e-44
-3.36312e-44
-3.36312e-44
-3.36312e-44
-3.36312e-44
-3.36312e-44
-3.36312e-44
-3.36312e-44
-3.36312e-44
-3.36312e-44
-3.36312e-44
-3.36312e-44
-3.36312e-44
-3.36312e-44
-3.36312e-44
-3.36312e-44
-3.36312e-44
-3.36312e-44
-3.36312e-44
-3.36312e-44
-3.36312e-44
-3.36312e-44
-3.36312e-44
-3.36312e-44
-3.36312e-44
-3.36312e-44
-3.36312e-44
-3.36312e-44
-3.36312e-44
-3.36312e-44
-3.36312e-44
-3.36312e-44
-3.36312e-44
-3.36312e-44
-3.36312e-44
-3.36312e-44
-3.36312e-44
-3.36312e-44
-3.36312e-44
-3.36312e-44
-3.36312e-44
-3.36312e-44
-3.36312e-44
-3.36312e-44
-3.36312e-44
-3.36312e-44
-3.36312e-44
-3.36312e-44
-3.36312e-44
-3.36312e-44
-3.36312e-44
-3.36312e-44
-3.36312e-44
-3.36312e-44
-3.36312e-44
-3.36312e-44
-3.36312e-44
-3.36312e-44
-3.36312e-44
-3.36312e-44
-3.36312e-44
-3.36312e-44
-3.36312e-44
-3.36312e-44
-3.36312e-44
-3.36312e-44
-3.36312e-44
-3.36312e-44
-3.36312e-44
-3.36312e-44
-3.36312e-44
-3.36312e-44
-3.36312e-44
-3.36312e-44
-3.36312e-44
-3.36312e-44
-3.36312e-44
-3.36312e-44
-3.36312e-44
-3.36312e-44
-3.36312e-44
-3.36312e-44
-3.36312e-44
-3.36312e-44
-3.36312e-44
-3.36312e-44
-3.36312e-44
-3.36312e-44
-3.36312e-44
-3.36312e-44
-3.36312e-44
-3.36312e-44
-3.36312e-44
-3.36312e-44
-3.36312e-44
-3.36312e-44
-3.36312e-44
-3.36312e-44
-3.36312e-44
-3.36312e-44
-3.36312e-44
-3.36312e-44
-3.36312e-44
-3.36312e-44
-3.36312e-44
-3.36312e-44
-3.36312e-44
-3.36312e-44
-3.36312e-44
-3.36312e-44
-3.36312e-44
-3.36312e-44
-3.36312e-44
-3.36312e-44
-3.36312e-44
-3.36312e-44
-3.36312e-44
-3.36312e-44
-3.36312e-44
-3.36312e-44
-3.36312e-44
-3.36312e-44
-3.36312e-44
-3.36312e-44
-3.36312e-44
-3.36312e-44
-3.36312e-44
-3.36312e-44
-3.36312e-44
-3.36312e-44
-3.36312e-44
-3.36312e-44
-3.36312e-44
-3.36312e-44
-3.36312e-44
-3.36312e-44
-3.36312e-44
-3.36312e-44
-3.36312e-44
-3.36312e-44
-3.36312e-44
-3.36312e-44
-3.36312e-44
-3.36312e-44
-3.36312e-44
-3.36312e-44
-3.36312e-44
-3.36312e-44
-3.36312e-44
-3.36312e-44
-3.36312e-44
-3.36312e-44
-3.36312e-44
-3.36312e-44
-3.36312e-44
-3.36312e-44
-3.36312e-44
-3.36312e-44
-3.36312e-44
-3.36312e-44
-3.36312e-44
-3.36312e-44
-3.36312e-44
-3.36312e-44
-3.36312e-44
-3.36312e-44
-3.36312e-44
-3.36312e-44
-3.36312e-44
-3.36312e-44
-3.36312e-44
-3.36312e-44
-3.36312e-44
-3.36312e-44
-3.36312e-44
-3.36312e-44
-3.36312e-44
-3.36312e-44
-3.36312e-44
-3.36312e-44
-3.36312e-44
-3.36312e-44
-3.36312e-44
-3.36312e-44
-3.36312e-44
-3.36312e-44
-3.36312e-44
-3.36312e-44
-3.36312e-44
-3.36312e-44
-3.36312e-44
-3.36312e-44
-3.36312e-44
-3.36312e-44
-3.36312e-44
-3.36312e-44
-3.36312e-44
-3.36312e-44
-3.36312e-44
-3.36312e-44
-3.36312e-44
-3.36312e-44
-3.36312e-44
-3.36312e-44
-3.36312e-44
-3.36312e-44
-3.36312e-44
-3.36312e-44
-3.36312e-44
-3.36312e-44
-3.36312e-44
-3.36312e-44
-3.36312e-44
-3.36312e-44
-3.36312e-44
-3.36312e-44
-3.36312e-44
-3.36312e-44
-3.36312e-44
-3.36312e-44
-3.36312e-44
-3.36312e-44
-3.36312e-44
-3.36312e-44
-3.36312e-44
-3.36312e-44
-3.36312e-44
-3.36312e-44
-3.36312e-44
-3.36312e-44
-3.36312e-44
-3.36312e-44
-3.36312e-44
-3.36312e-44
-3.36312e-44
-3.36312e-44
-3.36312e-44
-3.36312e-44
-3.36312e-44
-3.36312e-44
-3.36312e-44
-3.36312e-44
-3.36312e-44
-3.36312e-44
-3.36312e-44
-3.36312e-44
-3.36312e-44
-3.36312e-44
-3.36312e-44
-3.36312e-44
-3.36312e-44
-3.36312e-44
-3.36312e-44
-3.36312e-44
-3.36312e-44
-3.36312e-44
-3.36312e-44
-3.36312e-44
-3.36312e-44
-3.36312e-44
-3.36312e-44
-3.36312e-44
-3.36312e-44
-3.36312e-44
-3.36312e-44
-3.36312e-44
-3.36312e-44
-3.36312e-44
-3.36312e-44
-3.36312e-44
-3.36312e-44
-3.36312e-44
-3.36312e-44
-3.36312e-44
-3.36312e-44
-3.36312e-44
-3.36312e-44
-3.36312e-44
-3.36312e-44
-3.36312e-44
-3.36312e-44
-3.36312e-44
-3.36312e-44
-3.36312e-44
-3.36312e-44
-3.36312e-44
-3.36312e-44
-3.36312e-44
-3.36312e-44
-3.36312e-44
-3.36312e-44
-3.36312e-44
-3.36312e-44
-3.36312e-44
-3.36312e-44
-3.36312e-44
-3.36312e-44
-3.36312e-44
-3.36312e-44
-3.36312e-44
-3.36312e-44
-3.36312e-44
-3.36312e-44
-3.36312e-44
-3.36312e-44
-3.36312e-44
-3.36312e-44
-3.36312e-44
-3.36312e-44
-3.36312e-44
-3.36312e-44
-3.36312e-44
-3.36312e-44
-3.36312e-44
-3.36312e-44
-3.36312e-44
-3.36312e-44
-3.36312e-44
-3.36312e-44
-3.36312e-44
-3.36312e-44
-3.36312e-44
-3.36312e-44
-3.36312e-44
-3.36312e-44
-3.36312e-44
-3.36312e-44
-3.36312e-44
-3.36312e-44
-3.36312e-44
-3.36312e-44
-3.36312e-44
-3.36312e-44
-3.36312e-44
-3.36312e-44
-3.36312e-44
-3.36312e-44
-3.36312e-44
-3.36312e-44
-3.36312e-44
-3.36312e-44
-3.36312e-44
-3.36312e-44
-3.36312e-44
-3.36312e-44
-3.36312e-44
-3.36312e-44
-3.36312e-44
-3.36312e-44
-3.36312e-44
-3.36312e-44
-3.36312e-44
-3.36312e-44
-3.36312e-44
-3.36312e-44
-3.36312e-44
-3.36312e-44
-3.36312e-44
-3.36312e-44
-3.36312e-44
-3.36312e-44
-3.36312e-44
-3.36312e-44
-3.36312e-44
-3.36312e-44
-3.36312e-44
-3.36312e-44
-3.36312e-44
-3.36312e-44
-3.36312e-44
-3.36312e-44
-3.36312e-44
-3.36312e-44
-3.36312e-44
-3.36312e-44
-3.36312e-44
-3.36312e-44
-3.36312e-44
-3.36312e-44
-3.36312e-44
-3.36312e-44
-3.36312e-44
-3.36312e-44
-3.36312e-44
-3.36312e-44
-3.36312e-44
-3.36312e-44
-3.36312e-44
-3.36312e-44
-3.36312e-44
-3.36312e-44
-3.36312e-44
-3.36312e-44
-3.36312e-44
-3.36312e-44
-3.36312e-44
-3.36312e-44
-3.36312e-44
-3.36312e-44
-3.36312e-44
-3.36312e-44
-3.36312e-44
-3.36312e-44
-3.36312e-44
-3.36312e-44
-3.36312e-44
-3.36312e-44
-3.36312e-44
-3.36312e-44
-3.36312e-44
-3.36312e-44
-3.36312e-44
-3.36312e-44
-3.36312e-44
-3.36312e-44
-3.36312e-44
-3.36312e-44
-3.36312e-44
-3.36312e-44
-3.36312e-44
-3.36312e-44
-3.36312e-44
-3.36312e-44
-3.36312e-44
-3.36312e-44
-3.36312e-44
-3.36312e-44
-3.36312e-44
-3.36312e-44
-3.36312e-44
-3.36312e-44
-3.36312e-44
-3.36312e-44
-3.36312e-44
-3.36312e-44
-3.36312e-44
-3.36312e-44
-3.36312e-44
-3.36312e-44
-3.36312e-44
-3.36312e-44
-3.36312e-44
-3.36312e-44
-3.36312e-44
-3.36312e-44
-3.36312e-44
-3.36312e-44
-3.36312e-44
-3.36312e-44
-3.36312e-44
-3.36312e-44
-3.36312e-44
-3.36312e-44
-3.36312e-44
-3.36312e-44
-3.36312e-44
-3.36312e-44
-3.36312e-44
-3.36312e-44
-3.36312e-44
-3.36312e-44
-3.36312e-44
-3.36312e-44
-3.36312e-44
-3.36312e-44
-3.36312e-44
-3.36312e-44
-3.36312e-44
-3.36312e-44
-3.36312e-44
-3.36312e-44
-3.36312e-44
-3.36312e-44
-3.36312e-44
-3.36312e-44
-3.36312e-44
-3.36312e-44
-3.36312e-44
-3.36312e-44
-3.36312e-44
-3.36312e-44
-3.36312e-44
-3.36312e-44
-3.36312e-44
-3.36312e-44
-3.36312e-44
-3.36312e-44
-3.36312e-44
-3.36312e-44
-3.36312e-44
-3.36312e-44
-3.36312e-44
-3.36312e-44
-3.36312e-44
-3.36312e-44
-3.36312e-44
-3.36312e-44
-3.36312e-44
-3.36312e-44
-3.36312e-44
-3.36312e-44
-3.36312e-44
-3.36312e-44
-3.36312e-44
-3.36312e-44
-3.36312e-44
-3.36312e-44
-3.36312e-44
-3.36312e-44
-3.36312e-44
-3.36312e-44
-3.36312e-44
-3.36312e-44
-3.36312e-44
-3.36312e-44
-3.36312e-44
-3.36312e-44
-3.36312e-44
-3.36312e-44
-3.36312e-44
-3.36312e-44
-3.36312e-44
-3.36312e-44
-3.36312e-44
-3.36312e-44
-3.36312e-44
-3.36312e-44
-3.36312e-44
-3.36312e-44
-3.36312e-44
-3.36312e-44
-3.36312e-44
-3.36312e-44
-3.36312e-44
-3.36312e-44
-3.36312e-44
-3.36312e-44
-3.36312e-44
-3.36312e-44
-3.36312e-44
-3.36312e-44
-3.36312e-44
-3.36312e-44
-3.36312e-44
-3.36312e-44
-3.36312e-44
-3.36312e-44
-3.36312e-44
-3.36312e-44
-3.36312e-44
-3.36312e-44
-3.36312e-44
-3.36312e-44
-3.36312e-44
-3.36312e-44
-3.36312e-44
-3.36312e-44
-3.36312e-44
-3.36312e-44
-3.36312e-44
-3.36312e-44
-3.36312e-44
-3.36312e-44
-3.36312e-44
-3.36312e-44
-3.36312e-44
-3.36312e-44
-3.36312e-44
-3.36312e-44
-3.36312e-44
-3.36312e-44
-3.36312e-44
-3.36312e-44
-3.36312e-44
-3.36312e-44
-3.36312e-44
-3.36312e-44
-3.36312e-44
-3.36312e-44
-3.36312e-44
-3.36312e-44
-3.36312e-44
-3.36312e-44
-3.36312e-44
-3.36312e-44
-3.36312e-44
-3.36312e-44
-3.36312e-44
-3.36312e-44
-3.36312e-44
-3.36312e-44
-3.36312e-44
-3.36312e-44
-3.36312e-44
-3.36312e-44
-3.36312e-44
-3.36312e-44
-3.36312e-44
-3.36312e-44
-3.36312e-44
-3.36312e-44
-3.36312e-44
-3.36312e-44
-3.36312e-44
-3.36312e-44
-3.36312e-44
-3.36312e-44
-3.36312e-44
-3.36312e-44
-3.36312e-44
-3.36312e-44
-3.36312e-44
-3.36312e-44
-3.36312e-44
-3.36312e-44
-3.36312e-44
-3.36312e-44
-3.36312e-44
-3.36312e-44
-3.36312e-44
-3.36312e-44
-3.36312e-44
-3.36312e-44
-3.36312e-44
-3.36312e-44
-3.36312e-44
-3.36312e-44
-3.36312e-44
-3.36312e-44
-3.36312e-44
-3.36312e-44
-3.36312e-44
-3.36312e-44
-3.36312e-44
-3.36312e-44
-3.36312e-44
-3.36312e-44
-3.36312e-44
-3.36312e-44
-3.36312e-44
-3.36312e-44
-3.36312e-44
-3.36312e-44
-3.36312e-44
-3.36312e-44
-3.36312e-44
-3.36312e-44
-3.36312e-44
-3.36312e-44
-3.36312e-44
-3.36312e-44
-3.36312e-44
-3.36312e-44
-3.36312e-44
-3.36312e-44
-3.36312e-44
-3.36312e-44
-3.36312e-44
-3.36312e-44
-3.36312e-44
-3.36312e-44
-3.36312e-44
-3.36312e-44
-3.36312e-44
-3.36312e-44
-3.36312e-44
-3.36312e-44
-3.36312e-44
-3.36312e-44
-3.36312e-44
-3.36312e-44
-3.36312e-44
-3.36312e-44
-3.36312e-44
-3.36312e-44
-3.36312e-44
-3.36312e-44
-3.36312e-44
-3.36312e-44
-3.36312e-44
-3.36312e-44
-3.36312e-44
-3.36312e-44
-3.36312e-44
-3.36312e-44
-3.36312e-44
-3.36312e-44
-3.36312e-44
-3.36312e-44
-3.36312e-44
-3.36312e-44
-3.36312e-44
-3.36312e-44
-3.36312e-44
-3.36312e-44
-3.36312e-44
-3.36312e-44
-3.36312e-44
-3.36312e-44
-3.36312e-44
-3.36312e-44
-3.36312e-44
-3.36312e-44
-3.36312e-44
-3.36312e-44
-3.36312e-44
-3.36312e-44
-3.36312e-44
-3.36312e-44
-3.36312e-44
-3.36312e-44
-3.36312e-44
-3.36312e-44
-3.36312e-44
-3.36312e-44
-3.36312e-44
-3.36312e-44
-3.36312e-44
-3.36312e-44
-3.36312e-44
-3.36312e-44
-3.36312e-44
-3.36312e-44
-3.36312e-44
-3.36312e-44
-3.36312e-44
-3.36312e-44
-3.36312e-44
-3.36312e-44
-3.36312e-44
-3.36312e-44
-3.36312e-44
-3.36312e-44
-3.36312e-44
-3.36312e-44
-3.36312e-44
-3.36312e-44
-3.36312e-44
-3.36312e-44
-3.36312e-44
-3.36312e-44
-3.36312e-44
-3.36312e-44
-3.36312e-44
-3.36312e-44
-3.36312e-44
-3.36312e-44
-3.36312e-44
-3.36312e-44
-3.36312e-44
-3.36312e-44
-3.36312e-44
-3.36312e-44
-3.36312e-44
-3.36312e-44
-3.36312e-44
-3.36312e-44
-3.36312e-44
-3.36312e-44
-3.36312e-44
-3.36312e-44
-3.36312e-44
-3.36312e-44
-3.36312e-44
-3.36312e-44
-3.36312e-44
-3.36312e-44
-3.36312e-44
-3.36312e-44
-3.36312e-44
-3.36312e-44
-3.36312e-44
-3.36312e-44
-3.36312e-44
-3.36312e-44
-3.36312e-44
-3.36312e-44
-3.36312e-44
-3.36312e-44
-3.36312e-44
-3.36312e-44
-3.36312e-44
-3.36312e-44
-3.36312e-44
-3.36312e-44
-3.36312e-44
-3.36312e-44
-3.36312e-44
-3.36312e-44
-3.36312e-44
-3.36312e-44
-3.36312e-44
-3.36312e-44
-3.36312e-44
-3.36312e-44
-3.36312e-44
-3.36312e-44
-3.36312e-44
-3.36312e-44
-3.36312e-44
-3.36312e-44
-3.36312e-44
-3.36312e-44
-3.36312e-44
-3.36312e-44
-3.36312e-44
-3.36312e-44
-3.36312e-44
-3.36312e-44
-3.36312e-44
-3.36312e-44
-3.36312e-44
-3.36312e-44
-3.36312e-44
-3.36312e-44
-3.36312e-44
-3.36312e-44
-3.36312e-44
-3.36312e-44
-3.36312e-44
-3.36312e-44
-3.36312e-44
-3.36312e-44
-3.36312e-44
-3.36312e-44
-3.36312e-44
-3.36312e-44
-3.36312e-44
-3.36312e-44
-3.36312e-44
-3.36312e-44
-3.36312e-44
-3.36312e-44
-3.36312e-44
-3.36312e-44
-3.36312e-44
-3.36312e-44
-3.36312e-44
-3.36312e-44
-3.36312e-44
-3.36312e-44
-3.36312e-44
-3.36312e-44
-3.36312e-44
-3.36312e-44
-3.36312e-44
-3.36312e-44
-3.36312e-44
-3.36312e-44
-3.36312e-44
-3.36312e-44
-3.36312e-44
-3.36312e-44
-3.36312e-44
-3.36312e-44
-3.36312e-44
-3.36312e-44
-3.36312e-44
-3.36312e-44
-3.36312e-44
-3.36312e-44
-3.36312e-44
-3.36312e-44
-3.36312e-44
-3.36312e-44
-3.36312e-44
-3.36312e-44
-3.36312e-44
-3.36312e-44
-3.36312e-44
-3.36312e-44
-3.36312e-44
-3.36312e-44
-3.36312e-44
-3.36312e-44
-3.36312e-44
-3.36312e-44
-3.36312e-44
-3.36312e-44
-3.36312e-44
-3.36312e-44
-3.36312e-44
-3.36312e-44
-3.36312e-44
-3.36312e-44
-3.36312e-44
-3.36312e-44
-3.36312e-44
-3.36312e-44
-3.36312e-44
-3.36312e-44
-3.36312e-44
-3.36312e-44
-3.36312e-44
-3.36312e-44
-3.36312e-44
-3.36312e-44
-3.36312e-44
-3.36312e-44
-3.36312e-44
-3.36312e-44
-3.36312e-44
-3.36312e-44
-3.36312e-44
-3.36312e-44
-3.36312e-44
-3.36312e-44
-3.36312e-44
-3.36312e-44
-3.36312e-44
-3.36312e-44
-3.36312e-44
-3.36312e-44
-3.36312e-44
-3.36312e-44
-3.36312e-44
-3.36312e-44
-3.36312e-44
-3.36312e-44
-3.36312e-44
-3.36312e-44
-3.36312e-44
-3.36312e-44
-3.36312e-44
-3.36312e-44
-3.36312e-44
-3.36312e-44
-3.36312e-44
-3.36312e-44
-3.36312e-44
-3.36312e-44
-3.36312e-44
-3.36312e-44
-3.36312e-44
-3.36312e-44
-3.36312e-44
-3.36312e-44
-3.36312e-44
-3.36312e-44
-3.36312e-44
-3.36312e-44
-3.36312e-44
-3.36312e-44
-3.36312e-44
-3.36312e-44
-3.36312e-44
-3.36312e-44
-3.36312e-44
-3.36312e-44
-3.36312e-44
-3.36312e-44
-3.36312e-44
-3.36312e-44
-3.36312e-44
-3.36312e-44
-3.36312e-44
-3.36312e-44
-3.36312e-44
-3.36312e-44
-3.36312e-44
-3.36312e-44
-3.36312e-44
-3.36312e-44
-3.36312e-44
-3.36312e-44
-3.36312e-44
-3.36312e-44
-3.36312e-44
-3.36312e-44
-3.36312e-44
-3.36312e-44
-3.36312e-44
-3.36312e-44
-3.36312e-44
-3.36312e-44
-3.36312e-44
-3.36312e-44
-3.36312e-44
-3.36312e-44
-3.36312e-44
-3.36312e-44
-3.36312e-44
-3.36312e-44
-3.36312e-44
-3.36312e-44
-3.36312e-44
-3.36312e-44
-3.36312e-44
-3.36312e-44
-3.36312e-44
-3.36312e-44
-3.36312e-44
-3.36312e-44
-3.36312e-44
-3.36312e-44
-3.36312e-44
-3.36312e-44
-3.36312e-44
-3.36312e-44
-3.36312e-44
-3.36312e-44
-3.36312e-44
-3.36312e-44
-3.36312e-44
-3.36312e-44
-3.36312e-44
-3.36312e-44
-3.36312e-44
-3.36312e-44
-3.36312e-44
-3.36312e-44
-3.36312e-44
-3.36312e-44
-3.36312e-44
-3.36312e-44
-3.36312e-44
-3.36312e-44
-3.36312e-44
-3.36312e-44
-3.36312e-44
-3.36312e-44
-3.36312e-44
-3.36312e-44
-3.36312e-44
-3.36312e-44
-3.36312e-44
-3.36312e-44
-3.36312e-44
-3.36312e-44
-3.36312e-44
-3.36312e-44
-3.36312e-44
-3.36312e-44
-3.36312e-44
-3.36312e-44
-3.36312e-44
-3.36312e-44
-3.36312e-44
-3.36312e-44
-3.36312e-44
-3.36312e-44
-3.36312e-44
-3.36312e-44
-3.36312e-44
-3.36312e-44
-3.36312e-44
-3.36312e-44
-3.36312e-44
-3.36312e-44
-3.36312e-44
-3.36312e-44
-3.36312e-44
-3.36312e-44
-3.36312e-44
-3.36312e-44
-3.36312e-44
-3.36312e-44
-3.36312e-44
-3.36312e-44
-3.36312e-44
-3.36312e-44
-3.36312e-44
-3.36312e-44
-3.36312e-44
-3.36312e-44
-3.36312e-44
-3.36312e-44
-3.36312e-44
-3.36312e-44
-3.36312e-44
-3.36312e-44
-3.36312e-44
-3.36312e-44
-3.36312e-44
-3.36312e-44
-3.36312e-44
-3.36312e-44
-3.36312e-44
-3.36312e-44
-3.36312e-44
-3.36312e-44
-3.36312e-44
-3.36312e-44
-3.36312e-44
-3.36312e-44
-3.36312e-44
-3.36312e-44
-3.36312e-44
-3.36312e-44
-3.36312e-44
-3.36312e-44
-3.36312e-44
-3.36312e-44
-3.36312e-44
-3.36312e-44
-3.36312e-44
-3.36312e-44
-3.36312e-44
-3.36312e-44
-3.36312e-44
-3.36312e-44
-3.36312e-44
-3.36312e-44
-3.36312e-44
-3.36312e-44
-3.36312e-44
-3.36312e-44
-3.36312e-44
-3.36312e-44
-3.36312e-44
-3.36312e-44
-3.36312e-44
-3.36312e-44
-3.36312e-44
-3.36312e-44
-3.36312e-44
-3.36312e-44
-3.36312e-44
-3.36312e-44
-3.36312e-44
-3.36312e-44
-3.36312e-44
-3.36312e-44
-3.36312e-44
-3.36312e-44
-3.36312e-44
-3.36312e-44
-3.36312e-44
-3.36312e-44
-3.36312e-44
-3.36312e-44
-3.36312e-44
-3.36312e-44
-3.36312e-44
-3.36312e-44
-3.36312e-44
-3.36312e-44
-3.36312e-44
-3.36312e-44
-3.36312e-44
-3.36312e-44
-3.36312e-44
-3.36312e-44
-3.36312e-44
-3.36312e-44
-3.36312e-44
-3.36312e-44
-3.36312e-44
-3.36312e-44
-3.36312e-44
-3.36312e-44
-3.36312e-44
-3.36312e-44
-3.36312e-44
-3.36312e-44
-3.36312e-44
-3.36312e-44
-3.36312e-44
-3.36312e-44
-3.36312e-44
-3.36312e-44
-3.36312e-44
-3.36312e-44
-3.36312e-44
-3.36312e-44
-3.36312e-44
-3.36312e-44
-3.36312e-44
-3.36312e-44
-3.36312e-44
-3.36312e-44
-3.36312e-44
-3.36312e-44
-3.36312e-44
-3.36312e-44
-3.36312e-44
-3.36312e-44
-3.36312e-44
-3.36312e-44
-3.36312e-44
-3.36312e-44
-3.36312e-44
-3.36312e-44
-3.36312e-44
-3.36312e-44
-3.36312e-44
-3.36312e-44
-3.36312e-44
-3.36312e-44
-3.36312e-44
-3.36312e-44
-3.36312e-44
-3.36312e-44
-3.36312e-44
-3.36312e-44
-3.36312e-44
-3.36312e-44
-3.36312e-44
-3.36312e-44
-3.36312e-44
-3.36312e-44
-3.36312e-44
-3.36312e-44
-3.36312e-44
-3.36312e-44
-3.36312e-44
-3.36312e-44
-3.36312e-44
-3.36312e-44
-3.36312e-44
-3.36312e-44
-3.36312e-44
-3.36312e-44
-3.36312e-44
-3.36312e-44
-3.36312e-44
-3.36312e-44
-3.36312e-44
-3.36312e-44
-3.36312e-44
-3.36312e-44
-3.36312e-44
-3.36312e-44
-3.36312e-44
-3.36312e-44
-3.36312e-44
-3.36312e-44
-3.36312e-44
-3.36312e-44
-3.36312e-44
-3.36312e-44
-3.36312e-44
-3.36312e-44
-3.36312e-44
-3.36312e-44
-3.36312e-44
-3.36312e-44
-3.36312e-44
-3.36312e-44
-3.36312e-44
-3.36312e-44
-3.36312e-44
-3.36312e-44
-3.36312e-44
-3.36312e-44
-3.36312e-44
-3.36312e-44
-3.36312e-44
-3.36312e-44
-3.36312e-44
-3.36312e-44
-3.36312e-44
-3.36312e-44
-3.36312e-44
-3.36312e-44
-3.36312e-44
-3.36312e-44
-3.36312e-44
-3.36312e-44
-3.36312e-44
-3.36312e-44
-3.36312e-44
-3.36312e-44
-3.36312e-44
-3.36312e-44
-3.36312e-44
-3.36312e-44
-3.36312e-44
-3.36312e-44
-3.36312e-44
-3.36312e-44
-3.36312e-44
-3.36312e-44
-3.36312e-44
-3.36312e-44
-3.36312e-44
-3.36312e-44
-3.36312e-44
-3.36312e-44
-3.36312e-44
-3.36312e-44
-3.36312e-44
-3.36312e-44
-3.36312e-44
-3.36312e-44
-3.36312e-44
-3.36312e-44
-3.36312e-44
-3.36312e-44
-3.36312e-44
-3.36312e-44
-3.36312e-44
-3.36312e-44
-3.36312e-44
-3.36312e-44
-3.36312e-44
-3.36312e-44
-3.36312e-44
-3.36312e-44
-3.36312e-44
-3.36312e-44
-3.36312e-44
-3.36312e-44
-3.36312e-44
-3.36312e-44
-3.36312e-44
-3.36312e-44
-3.36312e-44
-3.36312e-44
-3.36312e-44
-3.36312e-44
-3.36312e-44
-3.36312e-44
-3.36312e-44
-3.36312e-44
-3.36312e-44
-3.36312e-44
-3.36312e-44
-3.36312e-44
-3.36312e-44
-3.36312e-44
-3.36312e-44
-3.36312e-44
-3.36312e-44
-3.36312e-44
-3.36312e-44
-3.36312e-44
-3.36312e-44
-3.36312e-44
-3.36312e-44
-3.36312e-44
-3.36312e-44
-3.36312e-44
-3.36312e-44
-3.36312e-44
-3.36312e-44
-3.36312e-44
-3.36312e-44
-3.36312e-44
-3.36312e-44
-3.36312e-44
-3.36312e-44
-3.36312e-44
-3.36312e-44
-3.36312e-44
-3.36312e-44
-3.36312e-44
-3.36312e-44
-3.36312e-44
-3.36312e-44
-3.36312e-44
-3.36312e-44
-3.36312e-44
-3.36312e-44
-3.36312e-44
-3.36312e-44
-3.36312e-44
-3.36312e-44
-3.36312e-44
-3.36312e-44
-3.36312e-44
-3.36312e-44
-3.36312e-44
-3.36312e-44
-3.36312e-44
-3.36312e-44
-3.36312e-44
-3.36312e-44
-3.36312e-44
-3.36312e-44
-3.36312e-44
-3.36312e-44
-3.36312e-44
-3.36312e-44
-3.36312e-44
-3.36312e-44
-3.36312e-44
-3.36312e-44
-3.36312e-44
-3.36312e-44
-3.36312e-44
-3.36312e-44
-3.36312e-44
-3.36312e-44
-3.36312e-44
-3.36312e-44
-3.36312e-44
-3.36312e-44
-3.36312e-44
-3.36312e-44
-3.36312e-44
-3.36312e-44
-3.36312e-44
-3.36312e-44
-3.36312e-44
-3.36312e-44
-3.36312e-44
-3.36312e-44
-3.36312e-44
-3.36312e-44
-3.36312e-44
-3.36312e-44
-3.36312e-44
-3.36312e-44
-3.36312e-44
-3.36312e-44
-3.36312e-44
-3.36312e-44
-3.36312e-44
-3.36312e-44
-3.36312e-44
-3.36312e-44
-3.36312e-44
-3.36312e-44
-3.36312e-44
-3.36312e-44
-3.36312e-44
-3.36312e-44
-3.36312e-44
-3.36312e-44
-3.36312e-44
-3.36312e-44
-3.36312e-44
-3.36312e-44
-3.36312e-44
-3.36312e-44
-3.36312e-44
-3.36312e-44
-3.36312e-44
-3.36312e-44
-3.36312e-44
-3.36312e-44
-3.36312e-44
-3.36312e-44
-3.36312e-44
-3.36312e-44
-3.36312e-44
-3.36312e-44
-3.36312e-44
-3.36312e-44
-3.36312e-44
-3.36312e-44
-3.36312e-44
-3.36312e-44
-3.36312e-44
-3.36312e-44
-3.36312e-44
-3.36312e-44
-3.36312e-44
-3.36312e-44
-3.36312e-44
-3.36312e-44
-3.36312e-44
-3.36312e-44
-3.36312e-44
-3.36312e-44
-3.36312e-44
-3.36312e-44
-3.36312e-44
-3.36312e-44
-3.36312e-44
-3.36312e-44
-3.36312e-44
-3.36312e-44
-3.36312e-44
-3.36312e-44
-3.36312e-44
-3.36312e-44
-3.36312e-44
-3.36312e-44
-3.36312e-44
-3.36312e-44
-3.36312e-44
-3.36312e-44
-3.36312e-44
-3.36312e-44
-3.36312e-44
-3.36312e-44
-3.36312e-44
-3.36312e-44
-3.36312e-44
-3.36312e-44
-3.36312e-44
-3.36312e-44
-3.36312e-44
-3.36312e-44
-3.36312e-44
-3.36312e-44
-3.36312e-44
-3.36312e-44
-3.36312e-44
-3.36312e-44
-3.36312e-44
-3.36312e-44
-3.36312e-44
-3.36312e-44
-3.36312e-44
-3.36312e-44
-3.36312e-44
-3.36312e-44
-3.36312e-44
-3.36312e-44
-3.36312e-44
-3.36312e-44
-3.36312e-44
-3.36312e-44
-3.36312e-44
-3.36312e-44
-3.36312e-44
-3.36312e-44
-3.36312e-44
-3.36312e-44
-3.36312e-44
-3.36312e-44
-3.36312e-44
-3.36312e-44
-3.36312e-44
-3.36312e-44
-3.36312e-44
-3.36312e-44
-3.36312e-44
-3.36312e-44
-3.36312e-44
-3.36312e-44
-3.36312e-44
-3.36312e-44
-3.36312e-44
-3.36312e-44
-3.36312e-44
-3.36312e-44
-3.36312e-44
-3.36312e-44
-3.36312e-44
-3.36312e-44
-3.36312e-44
-3.36312e-44
-3.36312e-44
-3.36312e-44
-3.36312e-44
-3.36312e-44
-3.36312e-44
-3.36312e-44
-3.36312e-44
-3.36312e-44
-3.36312e-44
-3.36312e-44
-3.36312e-44
-3.36312e-44
-3.36312e-44
-3.36312e-44
-3.36312e-44
-3.36312e-44
-3.36312e-44
-3.36312e-44
-3.36312e-44
-3.36312e-44
-3.36312e-44
-3.36312e-44
-3.36312e-44
-3.36312e-44
-3.36312e-44
-3.36312e-44
-3.36312e-44
-3.36312e-44
-3.36312e-44
-3.36312e-44
-3.36312e-44
-3.36312e-44
-3.36312e-44
-3.36312e-44
-3.36312e-44
-3.36312e-44
-3.36312e-44
-3.36312e-44
-3.36312e-44
-3.36312e-44
-3.36312e-44
-3.36312e-44
-3.36312e-44
-3.36312e-44
-3.36312e-44
-3.36312e-44
-3.36312e-44
-3.36312e-44
-3.36312e-44
-3.36312e-44
-3.36312e-44
-3.36312e-44
-3.36312e-44
-3.36312e-44
-3.36312e-44
-3.36312e-44
-3.36312e-44
-3.36312e-44
-3.36312e-44
-3.36312e-44
-3.36312e-44
-3.36312e-44
-3.36312e-44
-3.36312e-44
-3.36312e-44
-3.36312e-44
-3.36312e-44
-3.36312e-44
-3.36312e-44
-3.36312e-44
-3.36312e-44
-3.36312e-44
-3.36312e-44
-3.36312e-44
-3.36312e-44
-3.36312e-44
-3.36312e-44
-3.36312e-44
-3.36312e-44
-3.36312e-44
-3.36312e-44
-3.36312e-44
-3.36312e-44
-3.36312e-44
-3.36312e-44
-3.36312e-44
-3.36312e-44
-3.36312e-44
-3.36312e-44
-3.36312e-44
-3.36312e-44
-3.36312e-44
-3.36312e-44
-3.36312e-44
-3.36312e-44
-3.36312e-44
-3.36312e-44
-3.36312e-44
-3.36312e-44
-3.36312e-44
-3.36312e-44
-3.36312e-44
-3.36312e-44
-3.36312e-44
-3.36312e-44
-3.36312e-44
-3.36312e-44
-3.36312e-44
-3.36312e-44
-3.36312e-44
-3.36312e-44
-3.36312e-44
-3.36312e-44
-3.36312e-44
-3.36312e-44
-3.36312e-44
-3.36312e-44
-3.36312e-44
-3.36312e-44
-3.36312e-44
-3.36312e-44
-3.36312e-44
-3.36312e-44
-3.36312e-44
-3.36312e-44
-3.36312e-44
-3.36312e-44
-3.36312e-44
-3.36312e-44
-3.36312e-44
-3.36312e-44
-3.36312e-44
-3.36312e-44
-3.36312e-44
-3.36312e-44
-3.36312e-44
-3.36312e-44
-3.36312e-44
-3.36312e-44
-3.36312e-44
-3.36312e-44
-3.36312e-44
-3.36312e-44
-3.36312e-44
-3.36312e-44
-3.36312e-44
-3.36312e-44
-3.36312e-44
-3.36312e-44
-3.36312e-44
-3.36312e-44
-3.36312e-44
-3.36312e-44
-3.36312e-44
-3.36312e-44
-3.36312e-44
-3.36312e-44
-3.36312e-44
-3.36312e-44
-3.36312e-44
-3.36312e-44
-3.36312e-44
-3.36312e-44
-3.36312e-44
-3.36312e-44
-3.36312e-44
-3.36312e-44
-3.36312e-44
-3.36312e-44
-3.36312e-44
-3.36312e-44
-3.36312e-44
-3.36312e-44
-3.36312e-44
-3.36312e-44
-3.36312e-44
-3.36312e-44
-3.36312e-44
-3.36312e-44
-3.36312e-44
-3.36312e-44
-3.36312e-44
-3.36312e-44
-3.36312e-44
-3.36312e-44
-3.36312e-44
-3.36312e-44
-3.36312e-44
-3.36312e-44
-3.36312e-44
-3.36312e-44
-3.36312e-44
-3.36312e-44
-3.36312e-44
-3.36312e-44
-3.36312e-44
-3.36312e-44
-3.36312e-44
-3.36312e-44
-3.36312e-44
-3.36312e-44
-3.36312e-44
-3.36312e-44
-3.36312e-44
-3.36312e-44
-3.36312e-44
-3.36312e-44
-3.36312e-44
-3.36312e-44
-3.36312e-44
-3.36312e-44
-3.36312e-44
-3.36312e-44
-3.36312e-44
-3.36312e-44
-3.36312e-44
-3.36312e-44
-3.36312e-44
-3.36312e-44
-3.36312e-44
-3.36312e-44
-3.36312e-44
-3.36312e-44
-3.36312e-44
-3.36312e-44
-3.36312e-44
-3.36312e-44
-3.36312e-44
-3.36312e-44
-3.36312e-44
-3.36312e-44
-3.36312e-44
-3.36312e-44
-3.36312e-44
-3.36312e-44
-3.36312e-44
-3.36312e-44
-3.36312e-44
-3.36312e-44
-3.36312e-44
-3.36312e-44
-3.36312e-44
-3.36312e-44
-3.36312e-44
-3.36312e-44
-3.36312e-44
-3.36312e-44
-3.36312e-44
-3.36312e-44
-3.36312e-44
-3.36312e-44
-3.36312e-44
-3.36312e-44
-3.36312e-44
-3.36312e-44
-3.36312e-44
-3.36312e-44
-3.36312e-44
-3.36312e-44
-3.36312e-44
-3.36312e-44
-3.36312e-44
-3.36312e-44
-3.36312e-44
-3.36312e-44
-3.36312e-44
-3.36312e-44
-3.36312e-44
-3.36312e-44
-3.36312e-44
-3.36312e-44
-3.36312e-44
-3.36312e-44
-3.36312e-44
-3.36312e-44
-3.36312e-44
-3.36312e-44
-3.36312e-44
-3.36312e-44
-3.36312e-44
-3.36312e-44
-3.36312e-44
-3.36312e-44
-3.36312e-44
-3.36312e-44
-3.36312e-44
-3.36312e-44
-3.36312e-44
-3.36312e-44
-3.36312e-44
-3.36312e-44
-3.36312e-44
-3.36312e-44
-3.36312e-44
-3.36312e-44
-3.36312e-44
-3.36312e-44
-3.36312e-44
-3.36312e-44
-3.36312e-44
-3.36312e-44
-3.36312e-44
-3.36312e-44
-3.36312e-44
-3.36312e-44
-3.36312e-44
-3.36312e-44
-3.36312e-44
-3.36312e-44
-3.36312e-44
-3.36312e-44
-3.36312e-44
-3.36312e-44
-3.36312e-44
-3.36312e-44
-3.36312e-44
-3.36312e-44
-3.36312e-44
-3.36312e-44
-3.36312e-44
-3.36312e-44
-3.36312e-44
-3.36312e-44
-3.36312e-44
-3.36312e-44
-3.36312e-44
-3.36312e-44
-3.36312e-44
-3.36312e-44
-3.36312e-44
-3.36312e-44
-3.36312e-44
-3.36312e-44
-3.36312e-44
-3.36312e-44
-3.36312e-44
-3.36312e-44
-3.36312e-44
-3.36312e-44
-3.36312e-44
-3.36312e-44
-3.36312e-44
-3.36312e-44
-3.36312e-44
-3.36312e-44
-3.36312e-44
-3.36312e-44
-3.36312e-44
-3.36312e-44
-3.36312e-44
-3.36312e-44
-3.36312e-44
-3.36312e-44
-3.36312e-44
-3.36312e-44
-3.36312e-44
-3.36312e-44
-3.36312e-44
-3.36312e-44
-3.36312e-44
-3.36312e-44
-3.36312e-44
-3.36312e-44
-3.36312e-44
-3.36312e-44
-3.36312e-44
-3.36312e-44
-3.36312e-44
-3.36312e-44
-3.36312e-44
-3.36312e-44
-3.36312e-44
-3.36312e-44
-3.36312e-44
-3.36312e-44
-3.36312e-44
-3.36312e-44
-3.36312e-44
-3.36312e-44
-3.36312e-44
-3.36312e-44
-3.36312e-44
-3.36312e-44
-3.36312e-44
-3.36312e-44
-3.36312e-44
-3.36312e-44
-3.36312e-44
-3.36312e-44
-3.36312e-44
-3.36312e-44
-3.36312e-44
-3.36312e-44
-3.36312e-44
-3.36312e-44
-3.36312e-44
-3.36312e-44
-3.36312e-44
-3.36312e-44
-3.36312e-44
-3.36312e-44
-3.36312e-44
-3.36312e-44
-3.36312e-44
-3.36312e-44
-3.36312e-44
-3.36312e-44
-3.36312e-44
-3.36312e-44
-3.36312e-44
-3.36312e-44
-3.36312e-44
-3.36312e-44
-3.36312e-44
-3.36312e-44
-3.36312e-44
-3.36312e-44
-3.36312e-44
-3.36312e-44
-3.36312e-44
-3.36312e-44
-3.36312e-44
-3.36312e-44
-3.36312e-44
-3.36312e-44
-3.36312e-44
-3.36312e-44
-3.36312e-44
-3.36312e-44
-3.36312e-44
-3.36312e-44
-3.36312e-44
-3.36312e-44
-3.36312e-44
-3.36312e-44
-3.36312e-44
-3.36312e-44
-3.36312e-44
-3.36312e-44
-3.36312e-44
-3.36312e-44
-3.36312e-44
-3.36312e-44
-3.36312e-44
-3.36312e-44
-3.36312e-44
-3.36312e-44
-3.36312e-44
-3.36312e-44
-3.36312e-44
-3.36312e-44
-3.36312e-44
-3.36312e-44
-3.36312e-44
-3.36312e-44
-3.36312e-44
-3.36312e-44
-3.36312e-44
-3.36312e-44
-3.36312e-44
-3.36312e-44
-3.36312e-44
-3.36312e-44
-3.36312e-44
-3.36312e-44
-3.36312e-44
-3.36312e-44
-3.36312e-44
-3.36312e-44
-3.36312e-44
-3.36312e-44
-3.36312e-44
-3.36312e-44
-3.36312e-44
-3.36312e-44
-3.36312e-44
-3.36312e-44
-3.36312e-44
-3.36312e-44
-3.36312e-44
-3.36312e-44
-3.36312e-44
-3.36312e-44
-3.36312e-44
-3.36312e-44
-3.36312e-44
-3.36312e-44
-3.36312e-44
-3.36312e-44
-3.36312e-44
-3.36312e-44
-3.36312e-44
-3.36312e-44
-3.36312e-44
-3.36312e-44
-3.36312e-44
-3.36312e-44
-3.36312e-44
-3.36312e-44
-3.36312e-44
-3.36312e-44
-3.36312e-44
-3.36312e-44
-3.36312e-44
-3.36312e-44
-3.36312e-44
-3.36312e-44
-3.36312e-44
-3.36312e-44
-3.36312e-44
-3.36312e-44
-3.36312e-44
-3.36312e-44
-3.36312e-44
-3.36312e-44
-3.36312e-44
-3.36312e-44
-3.36312e-44
-3.36312e-44
-3.36312e-44
-3.36312e-44
-3.36312e-44
-3.36312e-44
-3.36312e-44
-3.36312e-44
-3.36312e-44
-3.36312e-44
-3.36312e-44
-3.36312e-44
-3.36312e-44
-3.36312e-44
-3.36312e-44
-3.36312e-44
-3.36312e-44
-3.36312e-44
-3.36312e-44
-3.36312e-44
-3.36312e-44
-3.36312e-44
-3.36312e-44
-3.36312e-44
-3.36312e-44
-3.36312e-44
-3.36312e-44
-3.36312e-44
-3.36312e-44
-3.36312e-44
-3.36312e-44
-3.36312e-44
-3.36312e-44
-3.36312e-44
-3.36312e-44
-3.36312e-44
-3.36312e-44
-3.36312e-44
-3.36312e-44
-3.36312e-44
-3.36312e-44
-3.36312e-44
-3.36312e-44
-3.36312e-44
-3.36312e-44
-3.36312e-44
-3.36312e-44
-3.36312e-44
-3.36312e-44
-3.36312e-44
-3.36312e-44
-3.36312e-44
-3.36312e-44
-3.36312e-44
-3.36312e-44
-3.36312e-44
-3.36312e-44
-3.36312e-44
-3.36312e-44
-3.36312e-44
-3.36312e-44
-3.36312e-44
-3.36312e-44
-3.36312e-44
-3.36312e-44
-3.36312e-44
-3.36312e-44
-3.36312e-44
-3.36312e-44
-3.36312e-44
-3.36312e-44
-3.36312e-44
-3.36312e-44
-3.36312e-44
-3.36312e-44
-3.36312e-44
-3.36312e-44
-3.36312e-44
-3.36312e-44
-3.36312e-44
-3.36312e-44
-3.36312e-44
-3.36312e-44
-3.36312e-44
-3.36312e-44
-3.36312e-44
-3.36312e-44
-3.36312e-44
-3.36312e-44
-3.36312e-44
-3.36312e-44
-3.36312e-44
-3.36312e-44
-3.36312e-44
-3.36312e-44
-3.36312e-44
-3.36312e-44
-3.36312e-44
-3.36312e-44
-3.36312e-44
-3.36312e-44
-3.36312e-44
-3.36312e-44
-3.36312e-44
-3.36312e-44
-3.36312e-44
-3.36312e-44
-3.36312e-44
-3.36312e-44
-3.36312e-44
-3.36312e-44
-3.36312e-44
-3.36312e-44
-3.36312e-44
-3.36312e-44
-3.36312e-44
-3.36312e-44
-3.36312e-44
-3.36312e-44
-3.36312e-44
-3.36312e-44
-3.36312e-44
-3.36312e-44
-3.36312e-44
-3.36312e-44
-3.36312e-44
-3.36312e-44
-3.36312e-44
-3.36312e-44
-3.36312e-44
-3.36312e-44
-3.36312e-44
-3.36312e-44
-3.36312e-44
-3.36312e-44
-3.36312e-44
-3.36312e-44
-3.36312e-44
-3.36312e-44
-3.36312e-44
-3.36312e-44
-3.36312e-44
-3.36312e-44
-3.36312e-44
-3.36312e-44
-3.36312e-44
-3.36312e-44
-3.36312e-44
-3.36312e-44
-3.36312e-44
-3.36312e-44
-3.36312e-44
-3.36312e-44
-3.36312e-44
-3.36312e-44
-3.36312e-44
-3.36312e-44
-3.36312e-44
-3.36312e-44
-3.36312e-44
-3.36312e-44
-3.36312e-44
-3.36312e-44
-3.36312e-44
-3.36312e-44
-3.36312e-44
-3.36312e-44
-3.36312e-44
-3.36312e-44
-3.36312e-44
-3.36312e-44
-3.36312e-44
-3.36312e-44
-3.36312e-44
-3.36312e-44
-3.36312e-44
-3.36312e-44
-3.36312e-44
-3.36312e-44
-3.36312e-44
-3.36312e-44
-3.36312e-44
-3.36312e-44
-3.36312e-44
-3.36312e-44
-3.36312e-44
-3.36312e-44
-3.36312e-44
-3.36312e-44
-3.36312e-44
-3.36312e-44
-3.36312e-44
-3.36312e-44
-3.36312e-44
-3.36312e-44
-3.36312e-44
-3.36312e-44
-3.36312e-44
-3.36312e-44
-3.36312e-44
-3.36312e-44
-3.36312e-44
-3.36312e-44
-3.36312e-44
-3.36312e-44
-3.36312e-44
-3.36312e-44
-3.36312e-44
-3.36312e-44
-3.36312e-44
-3.36312e-44
-3.36312e-44
-3.36312e-44
-3.36312e-44
-3.36312e-44
-3.36312e-44
-3.36312e-44
-3.36312e-44
-3.36312e-44
-3.36312e-44
-3.36312e-44
-3.36312e-44
-3.36312e-44
-3.36312e-44
-3.36312e-44
-3.36312e-44
-3.36312e-44
-3.36312e-44
-3.36312e-44
-3.36312e-44
-3.36312e-44
-3.36312e-44
-3.36312e-44
-3.36312e-44
-3.36312e-44
-3.36312e-44
-3.36312e-44
-3.36312e-44
-3.36312e-44
-3.36312e-44
-3.36312e-44
-3.36312e-44
-3.36312e-44
-3.36312e-44
-3.36312e-44
-3.36312e-44
-3.36312e-44
-3.36312e-44
-3.36312e-44
-3.36312e-44
-3.36312e-44
-3.36312e-44
-3.36312e-44
-3.36312e-44
-3.36312e-44
-3.36312e-44
-3.36312e-44
-3.36312e-44
-3.36312e-44
-3.36312e-44
-3.36312e-44
-3.36312e-44
-3.36312e-44
-3.36312e-44
-3.36312e-44
-3.36312e-44
-3.36312e-44
-3.36312e-44
-3.36312e-44
-3.36312e-44
-3.36312e-44
-3.36312e-44
-3.36312e-44
-3.36312e-44
-3.36312e-44
-3.36312e-44
-3.36312e-44
-3.36312e-44
-3.36312e-44
-3.36312e-44
-3.36312e-44
-3.36312e-44
-3.36312e-44
-3.36312e-44
-3.36312e-44
-3.36312e-44
-3.36312e-44
-3.36312e-44
-3.36312e-44
-3.36312e-44
-3.36312e-44
-3.36312e-44
-3.36312e-44
-3.36312e-44
-3.36312e-44
-3.36312e-44
-3.36312e-44
-3.36312e-44
-3.36312e-44
-3.36312e-44
-3.36312e-44
-3.36312e-44
-3.36312e-44
-3.36312e-44
-3.36312e-44
-3.36312e-44
-3.36312e-44
-3.36312e-44
-3.36312e-44
-3.36312e-44
-3.36312e-44
-3.36312e-44
-3.36312e-44
-3.36312e-44
-3.36312e-44
-3.36312e-44
-3.36312e-44
-3.36312e-44
-3.36312e-44
-3.36312e-44
-3.36312e-44
-3.36312e-44
-3.36312e-44
-3.36312e-44
-3.36312e-44
-3.36312e-44
-3.36312e-44
-3.36312e-44
-3.36312e-44
-3.36312e-44
-3.36312e-44
-3.36312e-44
-3.36312e-44
-3.36312e-44
-3.36312e-44
-3.36312e-44
-3.36312e-44
-3.36312e-44
-3.36312e-44
-3.36312e-44
-3.36312e-44
-3.36312e-44
-3.36312e-44
-3.36312e-44
-3.36312e-44
-3.36312e-44
-3.36312e-44
-3.36312e-44
-3.36312e-44
-3.36312e-44
-3.36312e-44
-3.36312e-44
-3.36312e-44
-3.36312e-44
-3.36312e-44
-3.36312e-44
-3.36312e-44
-3.36312e-44
-3.36312e-44
-3.36312e-44
-3.36312e-44
-3.36312e-44
-3.36312e-44
-3.36312e-44
-3.36312e-44
-3.36312e-44
-3.36312e-44
-3.36312e-44
-3.36312e-44
-3.36312e-44
-3.36312e-44
-3.36312e-44
-3.36312e-44
-3.36312e-44
-3.36312e-44
-3.36312e-44
-3.36312e-44
-3.36312e-44
-3.36312e-44
-3.36312e-44
-3.36312e-44
-3.36312e-44
-3.36312e-44
-3.36312e-44
-3.36312e-44
-3.36312e-44
-3.36312e-44
-3.36312e-44
-3.36312e-44
-3.36312e-44
-3.36312e-44
-3.36312e-44
-3.36312e-44
-3.36312e-44
-3.36312e-44
-3.36312e-44
-3.36312e-44
-3.36312e-44
-3.36312e-44
-3.36312e-44
-3.36312e-44
-3.36312e-44
-3.36312e-44
-3.36312e-44
-3.36312e-44
-3.36312e-44
-3.36312e-44
-3.36312e-44
-3.36312e-44
-3.36312e-44
-3.36312e-44
-3.36312e-44
-3.36312e-44
-3.36312e-44
-3.36312e-44
-3.36312e-44
-3.36312e-44
-3.36312e-44
-3.36312e-44
-3.36312e-44
-3.36312e-44
-3.36312e-44
-3.36312e-44
-3.36312e-44
-3.36312e-44
-3.36312e-44
-3.36312e-44
-3.36312e-44
-3.36312e-44
-3.36312e-44
-3.36312e-44
-3.36312e-44
-3.36312e-44
-3.36312e-44
-3.36312e-44
-3.36312e-44
-3.36312e-44
-3.36312e-44
-3.36312e-44
-3.36312e-44
-3.36312e-44
-3.36312e-44
-3.36312e-44
-3.36312e-44
-3.36312e-44
-3.36312e-44
-3.36312e-44
-3.36312e-44
-3.36312e-44
-3.36312e-44
-3.36312e-44
-3.36312e-44
-3.36312e-44
-3.36312e-44
-3.36312e-44
-3.36312e-44
-3.36312e-44
-3.36312e-44
-3.36312e-44
-3.36312e-44
-3.36312e-44
-3.36312e-44
-3.36312e-44
-3.36312e-44
-3.36312e-44
-3.36312e-44
-3.36312e-44
-3.36312e-44
-3.36312e-44
-3.36312e-44
-3.36312e-44
-3.36312e-44
-3.36312e-44
-3.36312e-44
-3.36312e-44
-3.36312e-44
-3.36312e-44
-3.36312e-44
-3.36312e-44
-3.36312e-44
-3.36312e-44
-3.36312e-44
-3.36312e-44
-3.36312e-44
-3.36312e-44
-3.36312e-44
-3.36312e-44
-3.36312e-44
-3.36312e-44
-3.36312e-44
-3.36312e-44
-3.36312e-44
-3.36312e-44
-3.36312e-44
-3.36312e-44
-3.36312e-44
-3.36312e-44
-3.36312e-44
-3.36312e-44
-3.36312e-44
-3.36312e-44
-3.36312e-44
-3.36312e-44
-3.36312e-44
-3.36312e-44
-3.36312e-44
-3.36312e-44
-3.36312e-44
-3.36312e-44
-3.36312e-44
-3.36312e-44
-3.36312e-44
-3.36312e-44
-3.36312e-44
-3.36312e-44
-3.36312e-44
-3.36312e-44
-3.36312e-44
-3.36312e-44
-3.36312e-44
-3.36312e-44
-3.36312e-44
-3.36312e-44
-3.36312e-44
-3.36312e-44
-3.36312e-44
-3.36312e-44
-3.36312e-44
-3.36312e-44
-3.36312e-44
-3.36312e-44
-3.36312e-44
-3.36312e-44
-3.36312e-44
-3.36312e-44
-3.36312e-44
-3.36312e-44
-3.36312e-44
-3.36312e-44
-3.36312e-44
-3.36312e-44
-3.36312e-44
-3.36312e-44
-3.36312e-44
-3.36312e-44
-3.36312e-44
-3.36312e-44
-3.36312e-44
-3.36312e-44
-3.36312e-44
-3.36312e-44
-3.36312e-44
-3.36312e-44
-3.36312e-44
-3.36312e-44
-3.36312e-44
-3.36312e-44
-3.36312e-44
-3.36312e-44
-3.36312e-44
-3.36312e-44
-3.36312e-44
-3.36312e-44
-3.36312e-44
-3.36312e-44
-3.36312e-44
-3.36312e-44
-3.36312e-44
-3.36312e-44
-3.36312e-44
-3.36312e-44
-3.36312e-44
-3.36312e-44
-3.36312e-44
-3.36312e-44
-3.36312e-44
-3.36312e-44
-3.36312e-44
-3.36312e-44
-3.36312e-44
-3.36312e-44
-3.36312e-44
-3.36312e-44
-3.36312e-44
-3.36312e-44
-3.36312e-44
-3.36312e-44
-3.36312e-44
-3.36312e-44
-3.36312e-44
-3.36312e-44
-3.36312e-44
-3.36312e-44
-3.36312e-44
-3.36312e-44
-3.36312e-44
-3.36312e-44
-3.36312e-44
-3.36312e-44
-3.36312e-44
-3.36312e-44
-3.36312e-44
-3.36312e-44
-3.36312e-44
-3.36312e-44
-3.36312e-44
-3.36312e-44
-3.36312e-44
-3.36312e-44
-3.36312e-44
-3.36312e-44
-3.36312e-44
-3.36312e-44
-3.36312e-44
-3.36312e-44
-3.36312e-44
-3.36312e-44
-3.36312e-44
-3.36312e-44
-3.36312e-44
-3.36312e-44
-3.36312e-44
-3.36312e-44
-3.36312e-44
-3.36312e-44
-3.36312e-44
-3.36312e-44
-3.36312e-44
-3.36312e-44
-3.36312e-44
-3.36312e-44
-3.36312e-44
-3.36312e-44
-3.36312e-44
-3.36312e-44
-3.36312e-44
-3.36312e-44
-3.36312e-44
-3.36312e-44
-3.36312e-44
-3.36312e-44
-3.36312e-44
-3.36312e-44
-3.36312e-44
-3.36312e-44
-3.36312e-44
-3.36312e-44
-3.36312e-44
-3.36312e-44
-3.36312e-44
-3.36312e-44
-3.36312e-44
-3.36312e-44
-3.36312e-44
-3.36312e-44
-3.36312e-44
-3.36312e-44
-3.36312e-44
-3.36312e-44
-3.36312e-44
-3.36312e-44
-3.36312e-44
-3.36312e-44
-3.36312e-44
-3.36312e-44
-3.36312e-44
-3.36312e-44
-3.36312e-44
-3.36312e-44
-3.36312e-44
-3.36312e-44
-3.36312e-44
-3.36312e-44
-3.36312e-44
-3.36312e-44
-3.36312e-44
-3.36312e-44
-3.36312e-44
-3.36312e-44
-3.36312e-44
-3.36312e-44
-3.36312e-44
-3.36312e-44
-3.36312e-44
-3.36312e-44
-3.36312e-44
-3.36312e-44
-3.36312e-44
-3.36312e-44
-3.36312e-44
-3.36312e-44
-3.36312e-44
-3.36312e-44
-3.36312e-44
-3.36312e-44
-3.36312e-44
-3.36312e-44
-3.36312e-44
-3.36312e-44
-3.36312e-44
-3.36312e-44
-3.36312e-44
-3.36312e-44
-3.36312e-44
-3.36312e-44
-3.36312e-44
-3.36312e-44
-3.36312e-44
-3.36312e-44
-3.36312e-44
-3.36312e-44
-3.36312e-44
-3.36312e-44
-3.36312e-44
-3.36312e-44
-3.36312e-44
-3.36312e-44
-3.36312e-44
-3.36312e-44
-3.36312e-44
-3.36312e-44
-3.36312e-44
-3.36312e-44
-3.36312e-44
-3.36312e-44
-3.36312e-44
-3.36312e-44
-3.36312e-44
-3.36312e-44
-3.36312e-44
-3.36312e-44
-3.36312e-44
-3.36312e-44
-3.36312e-44
-3.36312e-44
-3.36312e-44
-3.36312e-44
-3.36312e-44
-3.36312e-44
-3.36312e-44
-3.36312e-44
-3.36312e-44
-3.36312e-44
-3.36312e-44
-3.36312e-44
-3.36312e-44
-3.36312e-44
-3.36312e-44
-3.36312e-44
-3.36312e-44
-3.36312e-44
-3.36312e-44
-3.36312e-44
-3.36312e-44
-3.36312e-44
-3.36312e-44
-3.36312e-44
-3.36312e-44
-3.36312e-44
-3.36312e-44
-3.36312e-44
-3.36312e-44
-3.36312e-44
-3.36312e-44
-3.36312e-44
-3.36312e-44
-3.36312e-44
-3.36312e-44
-3.36312e-44
-3.36312e-44
-3.36312e-44
-3.36312e-44
-3.36312e-44
-3.36312e-44
-3.36312e-44
-3.36312e-44
-3.36312e-44
-3.36312e-44
-3.36312e-44
-3.36312e-44
-3.36312e-44
-3.36312e-44
-3.36312e-44
-3.36312e-44
-3.36312e-44
-3.36312e-44
-3.36312e-44
-3.36312e-44
-3.36312e-44
-3.36312e-44
-3.36312e-44
-3.36312e-44
-3.36312e-44
-3.36312e-44
-3.36312e-44
-3.36312e-44
-3.36312e-44
-3.36312e-44
-3.36312e-44
-3.36312e-44
-3.36312e-44
-3.36312e-44
-3.36312e-44
-3.36312e-44
-3.36312e-44
-3.36312e-44
-3.36312e-44
-3.36312e-44
-3.36312e-44
-3.36312e-44
-3.36312e-44
-3.36312e-44
-3.36312e-44
-3.36312e-44
-3.36312e-44
-3.36312e-44
-3.36312e-44
-3.36312e-44
-3.36312e-44
-3.36312e-44
-3.36312e-44
-3.36312e-44
-3.36312e-44
-3.36312e-44
-3.36312e-44
-3.36312e-44
-3.36312e-44
-3.36312e-44
-3.36312e-44
-3.36312e-44
-3.36312e-44
-3.36312e-44
-3.36312e-44
-3.36312e-44
-3.36312e-44
-3.36312e-44
-3.36312e-44
-3.36312e-44
-3.36312e-44
-3.36312e-44
-3.36312e-44
-3.36312e-44
-3.36312e-44
-3.36312e-44
-3.36312e-44
-3.36312e-44
-3.36312e-44
-3.36312e-44
-3.36312e-44
-3.36312e-44
-3.36312e-44
-3.36312e-44
-3.36312e-44
-3.36312e-44
-3.36312e-44
-3.36312e-44
-3.36312e-44
-3.36312e-44
-3.36312e-44
-3.36312e-44
-3.36312e-44
-3.36312e-44
-3.36312e-44
-3.36312e-44
-3.36312e-44
-3.36312e-44
-3.36312e-44
-3.36312e-44
-3.36312e-44
-3.36312e-44
-3.36312e-44
-3.36312e-44
-3.36312e-44
-3.36312e-44
-3.36312e-44
-3.36312e-44
-3.36312e-44
-3.36312e-44
-3.36312e-44
-3.36312e-44
-3.36312e-44
-3.36312e-44
-3.36312e-44
-3.36312e-44
-3.36312e-44
-3.36312e-44
-3.36312e-44
-3.36312e-44
-3.36312e-44
-3.36312e-44
-3.36312e-44
-3.36312e-44
-3.36312e-44
-3.36312e-44
-3.36312e-44
-3.36312e-44
-3.36312e-44
-3.36312e-44
-3.36312e-44
-3.36312e-44
-3.36312e-44
-3.36312e-44
-3.36312e-44
-3.36312e-44
-3.36312e-44
-3.36312e-44
-3.36312e-44
-3.36312e-44
-3.36312e-44
-3.36312e-44
-3.36312e-44
-3.36312e-44
-3.36312e-44
-3.36312e-44
-3.36312e-44
-3.36312e-44
-3.36312e-44
-3.36312e-44
-3.36312e-44
-3.36312e-44
-3.36312e-44
-3.36312e-44
-3.36312e-44
-3.36312e-44
-3.36312e-44
-3.36312e-44
-3.36312e-44
-3.36312e-44
-3.36312e-44
-3.36312e-44
-3.36312e-44
-3.36312e-44
-3.36312e-44
-3.36312e-44
-3.36312e-44
-3.36312e-44
-3.36312e-44
-3.36312e-44
-3.36312e-44
-3.36312e-44
-3.36312e-44
-3.36312e-44
-3.36312e-44
-3.36312e-44
-3.36312e-44
-3.36312e-44
-3.36312e-44
-3.36312e-44
-3.36312e-44
-3.36312e-44
-3.36312e-44
-3.36312e-44
-3.36312e-44
-3.36312e-44
-3.36312e-44
-3.36312e-44
-3.36312e-44
-3.36312e-44
-3.36312e-44
-3.36312e-44
-3.36312e-44
-3.36312e-44
-3.36312e-44
-3.36312e-44
-3.36312e-44
-3.36312e-44
-3.36312e-44
-3.36312e-44
-3.36312e-44
-3.36312e-44
-3.36312e-44
-3.36312e-44
-3.36312e-44
-3.36312e-44
-3.36312e-44
-3.36312e-44
-3.36312e-44
-3.36312e-44
-3.36312e-44
-3.36312e-44
-3.36312e-44
-3.36312e-44
-3.36312e-44
-3.36312e-44
-3.36312e-44
-3.36312e-44
-3.36312e-44
-3.36312e-44
-3.36312e-44
-3.36312e-44
-3.36312e-44
-3.36312e-44
-3.36312e-44
-3.36312e-44
-3.36312e-44
-3.36312e-44
-3.36312e-44
-3.36312e-44
-3.36312e-44
-3.36312e-44
-3.36312e-44
-3.36312e-44
-3.36312e-44
-3.36312e-44
-3.36312e-44
-3.36312e-44
-3.36312e-44
-3.36312e-44
-3.36312e-44
-3.36312e-44
-3.36312e-44
-3.36312e-44
-3.36312e-44
-3.36312e-44
-3.36312e-44
-3.36312e-44
-3.36312e-44
-3.36312e-44
-3.36312e-44
-3.36312e-44
-3.36312e-44
-3.36312e-44
-3.36312e-44
-3.36312e-44
-3.36312e-44
-3.36312e-44
-3.36312e-44
-3.36312e-44
-3.36312e-44
-3.36312e-44
-3.36312e-44
-3.36312e-44
-3.36312e-44
-3.36312e-44
-3.36312e-44
-3.36312e-44
-3.36312e-44
-3.36312e-44
-3.36312e-44
-3.36312e-44
-3.36312e-44
-3.36312e-44
-3.36312e-44
-3.36312e-44
-3.36312e-44
-3.36312e-44
-3.36312e-44
-3.36312e-44
-3.36312e-44
-3.36312e-44
-3.36312e-44
-3.36312e-44
-3.36312e-44
-3.36312e-44
-3.36312e-44
-3.36312e-44
-3.36312e-44
-3.36312e-44
-3.36312e-44
-3.36312e-44
-3.36312e-44
-3.36312e-44
-3.36312e-44
-3.36312e-44
-3.36312e-44
-3.36312e-44
-3.36312e-44
-3.36312e-44
-3.36312e-44
-3.36312e-44
-3.36312e-44
-3.36312e-44
-3.36312e-44
-3.36312e-44
-3.36312e-44
-3.36312e-44
-3.36312e-44
-3.36312e-44
-3.36312e-44
-3.36312e-44
-3.36312e-44
-3.36312e-44
-3.36312e-44
-3.36312e-44
-3.36312e-44
-3.36312e-44
-3.36312e-44
-3.36312e-44
-3.36312e-44
-3.36312e-44
-3.36312e-44
-3.36312e-44
-3.36312e-44
-3.36312e-44
-3.36312e-44
-3.36312e-44
-3.36312e-44
-3.36312e-44
-3.36312e-44
-3.36312e-44
-3.36312e-44
-3.36312e-44
-3.36312e-44
-3.36312e-44
-3.36312e-44
-3.36312e-44
-3.36312e-44
-3.36312e-44
-3.36312e-44
-3.36312e-44
-3.36312e-44
-3.36312e-44
-3.36312e-44
-3.36312e-44
-3.36312e-44
-3.36312e-44
-3.36312e-44
-3.36312e-44
-3.36312e-44
-3.36312e-44
-3.36312e-44
-3.36312e-44
-3.36312e-44
-3.36312e-44
-3.36312e-44
-3.36312e-44
-3.36312e-44
-3.36312e-44
-3.36312e-44
-3.36312e-44
-3.36312e-44
-3.36312e-44
-3.36312e-44
-3.36312e-44
-3.36312e-44
-3.36312e-44
-3.36312e-44
-3.36312e-44
-3.36312e-44
-3.36312e-44
-3.36312e-44
-3.36312e-44
-3.36312e-44
-3.36312e-44
-3.36312e-44
-3.36312e-44
-3.36312e-44
-3.36312e-44
-3.36312e-44
-3.36312e-44
-3.36312e-44
-3.36312e-44
-3.36312e-44
-3.36312e-44
-3.36312e-44
-3.36312e-44
-3.36312e-44
-3.36312e-44
-3.36312e-44
-3.36312e-44
-3.36312e-44
-3.36312e-44
-3.36312e-44
-3.36312e-44
-3.36312e-44
-3.36312e-44
-3.36312e-44
-3.36312e-44
-3.36312e-44
-3.36312e-44
-3.36312e-44
-3.36312e-44
-3.36312e-44
-3.36312e-44
-3.36312e-44
-3.36312e-44
-3.36312e-44
-3.36312e-44
-3.36312e-44
-3.36312e-44
-3.36312e-44
-3.36312e-44
-3.36312e-44
-3.36312e-44
-3.36312e-44
-3.36312e-44
-3.36312e-44
-3.36312e-44
-3.36312e-44
-3.36312e-44
-3.36312e-44
-3.36312e-44
-3.36312e-44
-3.36312e-44
-3.36312e-44
-3.36312e-44
-3.36312e-44
-3.36312e-44
-3.36312e-44
-3.36312e-44
-3.36312e-44
-3.36312e-44
-3.36312e-44
-3.36312e-44
-3.36312e-44
-3.36312e-44
-3.36312e-44
-3.36312e-44
-3.36312e-44
-3.36312e-44
-3.36312e-44
-3.36312e-44
-3.36312e-44
-3.36312e-44
-3.36312e-44
-3.36312e-44
-3.36312e-44
-3.36312e-44
-3.36312e-44
-3.36312e-44
-3.36312e-44
-3.36312e-44
-3.36312e-44
-3.36312e-44
-3.36312e-44
-3.36312e-44
-3.36312e-44
-3.36312e-44
-3.36312e-44
-3.36312e-44
-3.36312e-44
-3.36312e-44
-3.36312e-44
-3.36312e-44
-3.36312e-44
-3.36312e-44
-3.36312e-44
-3.36312e-44
-3.36312e-44
-3.36312e-44
-3.36312e-44
-3.36312e-44
-3.36312e-44
-3.36312e-44
-3.36312e-44
-3.36312e-44
-3.36312e-44
-3.36312e-44
-3.36312e-44
-3.36312e-44
-3.36312e-44
-3.36312e-44
-3.36312e-44
-3.36312e-44
-3.36312e-44
-3.36312e-44
-3.36312e-44
-3.36312e-44
-3.36312e-44
-3.36312e-44
-3.36312e-44
-3.36312e-44
-3.36312e-44
-3.36312e-44
-3.36312e-44
-3.36312e-44
-3.36312e-44
-3.36312e-44
-3.36312e-44
-3.36312e-44
-3.36312e-44
-3.36312e-44
-3.36312e-44
-3.36312e-44
-3.36312e-44
-3.36312e-44
-3.36312e-44
-3.36312e-44
-3.36312e-44
-3.36312e-44
-3.36312e-44
-3.36312e-44
-3.36312e-44
-3.36312e-44
-3.36312e-44
-3.36312e-44
-3.36312e-44
-3.36312e-44
-3.36312e-44
-3.36312e-44
-3.36312e-44
-3.36312e-44
-3.36312e-44
-3.36312e-44
-3.36312e-44
-3.36312e-44
-3.36312e-44
-3.36312e-44
-3.36312e-44
-3.36312e-44
-3.36312e-44
-3.36312e-44
-3.36312e-44
-3.36312e-44
-3.36312e-44
-3.36312e-44
-3.36312e-44
-3.36312e-44
-3.36312e-44
-3.36312e-44
-3.36312e-44
-3.36312e-44
-3.36312e-44
-3.36312e-44
-3.36312e-44
-3.36312e-44
-3.36312e-44
-3.36312e-44
-3.36312e-44
-3.36312e-44
-3.36312e-44
-3.36312e-44
-3.36312e-44
-3.36312e-44
-3.36312e-44
-3.36312e-44
-3.36312e-44
-3.36312e-44
-3.36312e-44
-3.36312e-44
-3.36312e-44
-3.36312e-44
-3.36312e-44
-3.36312e-44
-3.36312e-44
-3.36312e-44
-3.36312e-44
-3.36312e-44
-3.36312e-44
-3.36312e-44
-3.36312e-44
-3.36312e-44
-3.36312e-44
-3.36312e-44
-3.36312e-44
-3.36312e-44
-3.36312e-44
-3.36312e-44
-3.36312e-44
-3.36312e-44
-3.36312e-44
-3.36312e-44
-3.36312e-44
-3.36312e-44
-3.36312e-44
-3.36312e-44
-3.36312e-44
-3.36312e-44
-3.36312e-44
-3.36312e-44
-3.36312e-44
-3.36312e-44
-3.36312e-44
-3.36312e-44
-3.36312e-44
-3.36312e-44
-3.36312e-44
-3.36312e-44
-3.36312e-44
-3.36312e-44
-3.36312e-44
-3.36312e-44
-3.36312e-44
-3.36312e-44
-3.36312e-44
-3.36312e-44
-3.36312e-44
-3.36312e-44
-3.36312e-44
-3.36312e-44
-3.36312e-44
-3.36312e-44
-3.36312e-44
-3.36312e-44
-3.36312e-44
-3.36312e-44
-3.36312e-44
-3.36312e-44
-3.36312e-44
-3.36312e-44
-3.36312e-44
-3.36312e-44
-3.36312e-44
-3.36312e-44
-3.36312e-44
-3.36312e-44
-3.36312e-44
-3.36312e-44
-3.36312e-44
-3.36312e-44
-3.36312e-44
-3.36312e-44
-3.36312e-44
-3.36312e-44
-3.36312e-44
-3.36312e-44
-3.36312e-44
-3.36312e-44
-3.36312e-44
-3.36312e-44
-3.36312e-44
-3.36312e-44
-3.36312e-44
-3.36312e-44
-3.36312e-44
-3.36312e-44
-3.36312e-44
-3.36312e-44
-3.36312e-44
-3.36312e-44
-3.36312e-44
-3.36312e-44
-3.36312e-44
-3.36312e-44
-3.36312e-44
-3.36312e-44
-3.36312e-44
-3.36312e-44
-3.36312e-44
-3.36312e-44
-3.36312e-44
-3.36312e-44
-3.36312e-44
-3.36312e-44
-3.36312e-44
-3.36312e-44
-3.36312e-44
-3.36312e-44
-3.36312e-44
-3.36312e-44
-3.36312e-44
-3.36312e-44
-3.36312e-44
-3.36312e-44
-3.36312e-44
-3.36312e-44
-3.36312e-44
-3.36312e-44
-3.36312e-44
-3.36312e-44
-3.36312e-44
-3.36312e-44
-3.36312e-44
-3.36312e-44
-3.36312e-44
-3.36312e-44
-3.36312e-44
-3.36312e-44
-3.36312e-44
-3.36312e-44
-3.36312e-44
-3.36312e-44
-3.36312e-44
-3.36312e-44
-3.36312e-44
-3.36312e-44
-3.36312e-44
-3.36312e-44
-3.36312e-44
-3.36312e-44
-3.36312e-44
-3.36312e-44
-3.36312e-44
-3.36312e-44
-3.36312e-44
-3.36312e-44
-3.36312e-44
-3.36312e-44
-3.36312e-44
-3.36312e-44
-3.36312e-44
-3.36312e-44
-3.36312e-44
-3.36312e-44
-3.36312e-44
-3.36312e-44
-3.36312e-44
-3.36312e-44
-3.36312e-44
-3.36312e-44
-3.36312e-44
-3.36312e-44
-3.36312e-44
-3.36312e-44
-3.36312e-44
-3.36312e-44
-3.36312e-44
-3.36312e-44
-3.36312e-44
-3.36312e-44
-3.36312e-44
-3.36312e-44
-3.36312e-44
-3.36312e-44
-3.36312e-44
-3.36312e-44
-3.36312e-44
-3.36312e-44
-3.36312e-44
-3.36312e-44
-3.36312e-44
-3.36312e-44
-3.36312e-44
-3.36312e-44
-3.36312e-44
-3.36312e-44
-3.36312e-44
-3.36312e-44
-3.36312e-44
-3.36312e-44
-3.36312e-44
-3.36312e-44
-3.36312e-44
-3.36312e-44
-3.36312e-44
-3.36312e-44
-3.36312e-44
-3.36312e-44
-3.36312e-44
-3.36312e-44
-3.36312e-44
-3.36312e-44
-3.36312e-44
-3.36312e-44
-3.36312e-44
-3.36312e-44
-3.36312e-44
-3.36312e-44
-3.36312e-44
-3.36312e-44
-3.36312e-44
-3.36312e-44
-3.36312e-44
-3.36312e-44
-3.36312e-44
-3.36312e-44
-3.36312e-44
-3.36312e-44
-3.36312e-44
-3.36312e-44
-3.36312e-44
-3.36312e-44
-3.36312e-44
-3.36312e-44
-3.36312e-44
-3.36312e-44
-3.36312e-44
-3.36312e-44
-3.36312e-44
-3.36312e-44
-3.36312e-44
-3.36312e-44
-3.36312e-44
-3.36312e-44
-3.36312e-44
-3.36312e-44
-3.36312e-44
-3.36312e-44
-3.36312e-44
-3.36312e-44
-3.36312e-44
-3.36312e-44
-3.36312e-44
-3.36312e-44
-3.36312e-44
-3.36312e-44
-3.36312e-44
-3.36312e-44
-3.36312e-44
-3.36312e-44
-3.36312e-44
-3.36312e-44
-3.36312e-44
-3.36312e-44
-3.36312e-44
-3.36312e-44
-3.36312e-44
-3.36312e-44
-3.36312e-44
-3.36312e-44
-3.36312e-44
-3.36312e-44
-3.36312e-44
-3.36312e-44
-3.36312e-44
-3.36312e-44
-3.36312e-44
-3.36312e-44
-3.36312e-44
-3.36312e-44
-3.36312e-44
-3.36312e-44
-3.36312e-44
-3.36312e-44
-3.36312e-44
-3.36312e-44
-3.36312e-44
-3.36312e-44
-3.36312e-44
-3.36312e-44
-3.36312e-44
-3.36312e-44
-3.36312e-44
-3.36312e-44
-3.36312e-44
-3.36312e-44
-3.36312e-44
-3.36312e-44
-3.36312e-44
-3.36312e-44
-3.36312e-44
-3.36312e-44
-3.36312e-44
-3.36312e-44
-3.36312e-44
-3.36312e-44
-3.36312e-44
-3.36312e-44
-3.36312e-44
-3.36312e-44
-3.36312e-44
-3.36312e-44
-3.36312e-44
-3.36312e-44
-3.36312e-44
-3.36312e-44
-3.36312e-44
-3.36312e-44
-3.36312e-44
-3.36312e-44
-3.36312e-44
-3.36312e-44
-3.36312e-44
-3.36312e-44
-3.36312e-44
-3.36312e-44
-3.36312e-44
-3.36312e-44
-3.36312e-44
-3.36312e-44
-3.36312e-44
-3.36312e-44
-3.36312e-44
-3.36312e-44
-3.36312e-44
-3.36312e-44
-3.36312e-44
-3.36312e-44
-3.36312e-44
-3.36312e-44
-3.36312e-44
-3.36312e-44
-3.36312e-44
-3.36312e-44
-3.36312e-44
-3.36312e-44
-3.36312e-44
-3.36312e-44
-3.36312e-44
-3.36312e-44
-3.36312e-44
-3.36312e-44
-3.36312e-44
-3.36312e-44
-3.36312e-44
-3.36312e-44
-3.36312e-44
-3.36312e-44
-3.36312e-44
-3.36312e-44
-3.36312e-44
-3.36312e-44
-3.36312e-44
-3.36312e-44
-3.36312e-44
-3.36312e-44
-3.36312e-44
-3.36312e-44
-3.36312e-44
-3.36312e-44
-3.36312e-44
-3.36312e-44
-3.36312e-44
-3.36312e-44
-3.36312e-44
-3.36312e-44
-3.36312e-44
-3.36312e-44
-3.36312e-44
-3.36312e-44
-3.36312e-44
-3.36312e-44
-3.36312e-44
-3.36312e-44
-3.36312e-44
-3.36312e-44
-3.36312e-44
-3.36312e-44
-3.36312e-44
-3.36312e-44
-3.36312e-44
-3.36312e-44
-3.36312e-44
-3.36312e-44
-3.36312e-44
-3.36312e-44
-3.36312e-44
-3.36312e-44
-3.36312e-44
-3.36312e-44
-3.36312e-44
-3.36312e-44
-3.36312e-44
-3.36312e-44
-3.36312e-44
-3.36312e-44
-3.36312e-44
-3.36312e-44
-3.36312e-44
-3.36312e-44
-3.36312e-44
-3.36312e-44
-3.36312e-44
-3.36312e-44
-3.36312e-44
-3.36312e-44
-3.36312e-44
-3.36312e-44
-3.36312e-44
-3.36312e-44
-3.36312e-44
-3.36312e-44
-3.36312e-44
-3.36312e-44
-3.36312e-44
-3.36312e-44
-3.36312e-44
-3.36312e-44
-3.36312e-44
-3.36312e-44
-3.36312e-44
-3.36312e-44
-3.36312e-44
-3.36312e-44
-3.36312e-44
-3.36312e-44
-3.36312e-44
-3.36312e-44
-3.36312e-44
-3.36312e-44
-3.36312e-44
-3.36312e-44
-3.36312e-44
-3.36312e-44
-3.36312e-44
-3.36312e-44
-3.36312e-44
-3.36312e-44
-3.36312e-44
-3.36312e-44
-3.36312e-44
-3.36312e-44
-3.36312e-44
-3.36312e-44
-3.36312e-44
-3.36312e-44
-3.36312e-44
-3.36312e-44
-3.36312e-44
-3.36312e-44
-3.36312e-44
-3.36312e-44
-3.36312e-44
-3.36312e-44
-3.36312e-44
-3.36312e-44
-3.36312e-44
-3.36312e-44
-3.36312e-44
-3.36312e-44
-3.36312e-44
-3.36312e-44
-3.36312e-44
-3.36312e-44
-3.36312e-44
-3.36312e-44
-3.36312e-44
-3.36312e-44
-3.36312e-44
-3.36312e-44
-3.36312e-44
-3.36312e-44
-3.36312e-44
-3.36312e-44
-3.36312e-44
-3.36312e-44
-3.36312e-44
-3.36312e-44
-3.36312e-44
-3.36312e-44
-3.36312e-44
-3.36312e-44
-3.36312e-44
-3.36312e-44
-3.36312e-44
-3.36312e-44
-3.36312e-44
-3.36312e-44
-3.36312e-44
-3.36312e-44
-3.36312e-44
-3.36312e-44
-3.36312e-44
-3.36312e-44
-3.36312e-44
-3.36312e-44
-3.36312e-44
-3.36312e-44
-3.36312e-44
-3.36312e-44
-3.36312e-44
-3.36312e-44
-3.36312e-44
-3.36312e-44
-3.36312e-44
-3.36312e-44
-3.36312e-44
-3.36312e-44
-3.36312e-44
-3.36312e-44
-3.36312e-44
-3.36312e-44
-3.36312e-44
-3.36312e-44
-3.36312e-44
-3.36312e-44
-3.36312e-44
-3.36312e-44
-3.36312e-44
-3.36312e-44
-3.36312e-44
-3.36312e-44
-3.36312e-44
-3.36312e-44
-3.36312e-44
-3.36312e-44
-3.36312e-44
-3.36312e-44
-3.36312e-44
-3.36312e-44
-3.36312e-44
-3.36312e-44
-3.36312e-44
-3.36312e-44
-3.36312e-44
-3.36312e-44
-3.36312e-44
-3.36312e-44
-3.36312e-44
-3.36312e-44
-3.36312e-44
-3.36312e-44
-3.36312e-44
-3.36312e-44
-3.36312e-44
-3.36312e-44
-3.36312e-44
-3.36312e-44
-3.36312e-44
-3.36312e-44
-3.36312e-44
-3.36312e-44
-3.36312e-44
-3.36312e-44
-3.36312e-44
-3.36312e-44
-3.36312e-44
-3.36312e-44
-3.36312e-44
-3.36312e-44
-3.36312e-44
-3.36312e-44
-3.36312e-44
-3.36312e-44
-3.36312e-44
-3.36312e-44
-3.36312e-44
-3.36312e-44
-3.36312e-44
-3.36312e-44
-3.36312e-44
-3.36312e-44
-3.36312e-44
-3.36312e-44
-3.36312e-44
-3.36312e-44
-3.36312e-44
-3.36312e-44
-3.36312e-44
-3.36312e-44
-3.36312e-44
-3.36312e-44
-3.36312e-44
-3.36312e-44
-3.36312e-44
-3.36312e-44
-3.36312e-44
-3.36312e-44
-3.36312e-44
-3.36312e-44
-3.36312e-44
-3.36312e-44
-3.36312e-44
-3.36312e-44
-3.36312e-44
-3.36312e-44
-3.36312e-44
-3.36312e-44
-3.36312e-44
-3.36312e-44
-3.36312e-44
-3.36312e-44
-3.36312e-44
-3.36312e-44
-3.36312e-44
-3.36312e-44
-3.36312e-44
-3.36312e-44
-3.36312e-44
-3.36312e-44
-3.36312e-44
-3.36312e-44
-3.36312e-44
-3.36312e-44
-3.36312e-44
-3.36312e-44
-3.36312e-44
-3.36312e-44
-3.36312e-44
-3.36312e-44
-3.36312e-44
-3.36312e-44
-3.36312e-44
-3.36312e-44
-3.36312e-44
-3.36312e-44
-3.36312e-44
-3.36312e-44
-3.36312e-44
-3.36312e-44
-3.36312e-44
-3.36312e-44
-3.36312e-44
-3.36312e-44
-3.36312e-44
-3.36312e-44
-3.36312e-44
-3.36312e-44
-3.36312e-44
-3.36312e-44
-3.36312e-44
-3.36312e-44
-3.36312e-44
-3.36312e-44
-3.36312e-44
-3.36312e-44
-3.36312e-44
-3.36312e-44
-3.36312e-44
-3.36312e-44
-3.36312e-44
-3.36312e-44
-3.36312e-44
-3.36312e-44
-3.36312e-44
-3.36312e-44
-3.36312e-44
-3.36312e-44
-3.36312e-44
-3.36312e-44
-3.36312e-44
-3.36312e-44
-3.36312e-44
-3.36312e-44
-3.36312e-44
-3.36312e-44
-3.36312e-44
-3.36312e-44
-3.36312e-44
-3.36312e-44
-3.36312e-44
-3.36312e-44
-3.36312e-44
-3.36312e-44
-3.36312e-44
-3.36312e-44
-3.36312e-44
-3.36312e-44
-3.36312e-44
-3.36312e-44
-3.36312e-44
-3.36312e-44
-3.36312e-44
-3.36312e-44
-3.36312e-44
-3.36312e-44
-3.36312e-44
-3.36312e-44
-3.36312e-44
-3.36312e-44
-3.36312e-44
-3.36312e-44
-3.36312e-44
-3.36312e-44
-3.36312e-44
-3.36312e-44
-3.36312e-44
-3.36312e-44
-3.36312e-44
-3.36312e-44
-3.36312e-44
-3.36312e-44
-3.36312e-44
-3.36312e-44
-3.36312e-44
-3.36312e-44
-3.36312e-44
-3.36312e-44
-3.36312e-44
-3.36312e-44
-3.36312e-44
-3.36312e-44
-3.36312e-44
-3.36312e-44
-3.36312e-44
-3.36312e-44
-3.36312e-44
-3.36312e-44
-3.36312e-44
-3.36312e-44
-3.36312e-44
-3.36312e-44
-3.36312e-44
-3.36312e-44
-3.36312e-44
-3.36312e-44
-3.36312e-44
-3.36312e-44
-3.36312e-44
-3.36312e-44
-3.36312e-44
-3.36312e-44
-3.36312e-44
-3.36312e-44
-3.36312e-44
-3.36312e-44
-3.36312e-44
-3.36312e-44
-3.36312e-44
-3.36312e-44
-3.36312e-44
-3.36312e-44
-3.36312e-44
-3.36312e-44
-3.36312e-44
-3.36312e-44
-3.36312e-44
-3.36312e-44
-3.36312e-44
-3.36312e-44
-3.36312e-44
-3.36312e-44
-3.36312e-44
-3.36312e-44
-3.36312e-44
-3.36312e-44
-3.36312e-44
-3.36312e-44
-3.36312e-44
-3.36312e-44
-3.36312e-44
-3.36312e-44
-3.36312e-44
-3.36312e-44
-3.36312e-44
-3.36312e-44
-3.36312e-44
-3.36312e-44
-3.36312e-44
-3.36312e-44
-3.36312e-44
-3.36312e-44
-3.36312e-44
-3.36312e-44
-3.36312e-44
-3.36312e-44
-3.36312e-44
-3.36312e-44
-3.36312e-44
-3.36312e-44
-3.36312e-44
-3.36312e-44
-3.36312e-44
-3.36312e-44
-3.36312e-44
-3.36312e-44
-3.36312e-44
-3.36312e-44
-3.36312e-44
-3.36312e-44
-3.36312e-44
-3.36312e-44
-3.36312e-44
-3.36312e-44
-3.36312e-44
-3.36312e-44
-3.36312e-44
-3.36312e-44
-3.36312e-44
-3.36312e-44
-3.36312e-44
-3.36312e-44
-3.36312e-44
-3.36312e-44
-3.36312e-44
-3.36312e-44
-3.36312e-44
-3.36312e-44
-3.36312e-44
-3.36312e-44
-3.36312e-44
-3.36312e-44
-3.36312e-44
-3.36312e-44
-3.36312e-44
-3.36312e-44
-3.36312e-44
-3.36312e-44
-3.36312e-44
-3.36312e-44
-3.36312e-44
-3.36312e-44
-3.36312e-44
-3.36312e-44
-3.36312e-44
-3.36312e-44
-3.36312e-44
-3.36312e-44
-3.36312e-44
-3.36312e-44
-3.36312e-44
-3.36312e-44
-3.36312e-44
-3.36312e-44
-3.36312e-44
-3.36312e-44
-3.36312e-44
-3.36312e-44
-3.36312e-44
-3.36312e-44
-3.36312e-44
-3.36312e-44
-3.36312e-44
-3.36312e-44
-3.36312e-44
-3.36312e-44
-3.36312e-44
-3.36312e-44
-3.36312e-44
-3.36312e-44
-3.36312e-44
-3.36312e-44
-3.36312e-44
-3.36312e-44
-3.36312e-44
-3.36312e-44
-3.36312e-44
-3.36312e-44
-3.36312e-44
-3.36312e-44
-3.36312e-44
-3.36312e-44
-3.36312e-44
-3.36312e-44
-3.36312e-44
-3.36312e-44
-3.36312e-44
-3.36312e-44
-3.36312e-44
-3.36312e-44
-3.36312e-44
-3.36312e-44
-3.36312e-44
-3.36312e-44
-3.36312e-44
-3.36312e-44
-3.36312e-44
-3.36312e-44
-3.36312e-44
-3.36312e-44
-3.36312e-44
-3.36312e-44
-3.36312e-44
-3.36312e-44
-3.36312e-44
-3.36312e-44
-3.36312e-44
-3.36312e-44
-3.36312e-44
-3.36312e-44
-3.36312e-44
-3.36312e-44
-3.36312e-44
-3.36312e-44
-3.36312e-44
-3.36312e-44
-3.36312e-44
-3.36312e-44
-3.36312e-44
-3.36312e-44
-3.36312e-44
-3.36312e-44
-3.36312e-44
-3.36312e-44
-3.36312e-44
-3.36312e-44
-3.36312e-44
-3.36312e-44
-3.36312e-44
-3.36312e-44
-3.36312e-44
-3.36312e-44
-3.36312e-44
-3.36312e-44
-3.36312e-44
-3.36312e-44
-3.36312e-44
-3.36312e-44
-3.36312e-44
-3.36312e-44
-3.36312e-44
-3.36312e-44
-3.36312e-44
-3.36312e-44
-3.36312e-44
-3.36312e-44
-3.36312e-44
-3.36312e-44
-3.36312e-44
-3.36312e-44
-3.36312e-44
-3.36312e-44
-3.36312e-44
-3.36312e-44
-3.36312e-44
-3.36312e-44
-3.36312e-44
-3.36312e-44
-3.36312e-44
-3.36312e-44
-3.36312e-44
-3.36312e-44
-3.36312e-44
-3.36312e-44
-3.36312e-44
-3.36312e-44
-3.36312e-44
-3.36312e-44
-3.36312e-44
-3.36312e-44
-3.36312e-44
-3.36312e-44
-3.36312e-44
-3.36312e-44
-3.36312e-44
-3.36312e-44
-3.36312e-44
-3.36312e-44
-3.36312e-44
-3.36312e-44
-3.36312e-44
-3.36312e-44
-3.36312e-44
-3.36312e-44
-3.36312e-44
-3.36312e-44
-3.36312e-44
-3.36312e-44
-3.36312e-44
-3.36312e-44
-3.36312e-44
-3.36312e-44
-3.36312e-44
-3.36312e-44
-3.36312e-44
-3.36312e-44
-3.36312e-44
-3.36312e-44
-3.36312e-44
-3.36312e-44
-3.36312e-44
-3.36312e-44
-3.36312e-44
-3.36312e-44
-3.36312e-44
-3.36312e-44
-3.36312e-44
-3.36312e-44
-3.36312e-44
-3.36312e-44
-3.36312e-44
-3.36312e-44
-3.36312e-44
-3.36312e-44
-3.36312e-44
-3.36312e-44
-3.36312e-44
-3.36312e-44
-3.36312e-44
-3.36312e-44
-3.36312e-44
-3.36312e-44
-3.36312e-44
-3.36312e-44
-3.36312e-44
-3.36312e-44
-3.36312e-44
-3.36312e-44
-3.36312e-44
-3.36312e-44
-3.36312e-44
-3.36312e-44
-3.36312e-44
-3.36312e-44
-3.36312e-44
-3.36312e-44
-3.36312e-44
-3.36312e-44
-3.36312e-44
-3.36312e-44
-3.36312e-44
-3.36312e-44
-3.36312e-44
-3.36312e-44
-3.36312e-44
-3.36312e-44
-3.36312e-44
-3.36312e-44
-3.36312e-44
-3.36312e-44
-3.36312e-44
-3.36312e-44
-3.36312e-44
-3.36312e-44
-3.36312e-44
-3.36312e-44
-3.36312e-44
-3.36312e-44
-3.36312e-44
-3.36312e-44
-3.36312e-44
-3.36312e-44
-3.36312e-44
-3.36312e-44
-3.36312e-44
-3.36312e-44
-3.36312e-44
-3.36312e-44
-3.36312e-44
-3.36312e-44
-3.36312e-44
-3.36312e-44
-3.36312e-44
-3.36312e-44
-3.36312e-44
-3.36312e-44
-3.36312e-44
-3.36312e-44
-3.36312e-44
-3.36312e-44
-3.36312e-44
-3.36312e-44
-3.36312e-44
-3.36312e-44
-3.36312e-44
-3.36312e-44
-3.36312e-44
-3.36312e-44
-3.36312e-44
-3.36312e-44
-3.36312e-44
-3.36312e-44
-3.36312e-44
-3.36312e-44
-3.36312e-44
-3.36312e-44
-3.36312e-44
-3.36312e-44
-3.36312e-44
-3.36312e-44
-3.36312e-44
-3.36312e-44
-3.36312e-44
-3.36312e-44
-3.36312e-44
-3.36312e-44
-3.36312e-44
-3.36312e-44
-3.36312e-44
-3.36312e-44
-3.36312e-44
-3.36312e-44
-3.36312e-44
-3.36312e-44
-3.36312e-44
-3.36312e-44
-3.36312e-44
-3.36312e-44
-3.36312e-44
-3.36312e-44
-3.36312e-44
-3.36312e-44
-3.36312e-44
-3.36312e-44
-3.36312e-44
-3.36312e-44
-3.36312e-44
-3.36312e-44
-3.36312e-44
-3.36312e-44
-3.36312e-44
-3.36312e-44
-3.36312e-44
-3.36312e-44
-3.36312e-44
-3.36312e-44
-3.36312e-44
-3.36312e-44
-3.36312e-44
-3.36312e-44
-3.36312e-44
-3.36312e-44
-3.36312e-44
-3.36312e-44
-3.36312e-44
-3.36312e-44
-3.36312e-44
-3.36312e-44
-3.36312e-44
-3.36312e-44
-3.36312e-44
-3.36312e-44
-3.36312e-44
-3.36312e-44
-3.36312e-44
-3.36312e-44
-3.36312e-44
-3.36312e-44
-3.36312e-44
-3.36312e-44
-3.36312e-44
-3.36312e-44
-3.36312e-44
-3.36312e-44
-3.36312e-44
-3.36312e-44
-3.36312e-44
-3.36312e-44
-3.36312e-44
-3.36312e-44
-3.36312e-44
-3.36312e-44
-3.36312e-44
-3.36312e-44
-3.36312e-44
-3.36312e-44
-3.36312e-44
-3.36312e-44
-3.36312e-44
-3.36312e-44
-3.36312e-44
-3.36312e-44
-3.36312e-44
-3.36312e-44
-3.36312e-44
-3.36312e-44
-3.36312e-44
-3.36312e-44
-3.36312e-44
-3.36312e-44
-3.36312e-44
-3.36312e-44
-3.36312e-44
-3.36312e-44
-3.36312e-44
-3.36312e-44
-3.36312e-44
-3.36312e-44
-3.36312e-44
-3.36312e-44
-3.36312e-44
-3.36312e-44
-3.36312e-44
-3.36312e-44
-3.36312e-44
-3.36312e-44
-3.36312e-44
-3.36312e-44
-3.36312e-44
-3.36312e-44
-3.36312e-44
-3.36312e-44
-3.36312e-44
-3.36312e-44
-3.36312e-44
-3.36312e-44
-3.36312e-44
-3.36312e-44
-3.36312e-44
-3.36312e-44
-3.36312e-44
-3.36312e-44
-3.36312e-44
-3.36312e-44
-3.36312e-44
-3.36312e-44
-3.36312e-44
-3.36312e-44
-3.36312e-44
-3.36312e-44
-3.36312e-44
-3.36312e-44
-3.36312e-44
-3.36312e-44
-3.36312e-44
-3.36312e-44
-3.36312e-44
-3.36312e-44
-3.36312e-44
-3.36312e-44
-3.36312e-44
-3.36312e-44
-3.36312e-44
-3.36312e-44
-3.36312e-44
-3.36312e-44
-3.36312e-44
-3.36312e-44
-3.36312e-44
-3.36312e-44
-3.36312e-44
-3.36312e-44
-3.36312e-44
-3.36312e-44
-3.36312e-44
-3.36312e-44
-3.36312e-44
-3.36312e-44
-3.36312e-44
-3.36312e-44
-3.36312e-44
-3.36312e-44
-3.36312e-44
-3.36312e-44
-3.36312e-44
-3.36312e-44
-3.36312e-44
-3.36312e-44
-3.36312e-44
-3.36312e-44
-3.36312e-44
-3.36312e-44
-3.36312e-44
-3.36312e-44
-3.36312e-44
-3.36312e-44
-3.36312e-44
-3.36312e-44
-3.36312e-44
-3.36312e-44
-3.36312e-44
-3.36312e-44
-3.36312e-44
-3.36312e-44
-3.36312e-44
-3.36312e-44
-3.36312e-44
-3.36312e-44
-3.36312e-44
-3.36312e-44
-3.36312e-44
-3.36312e-44
-3.36312e-44
-3.36312e-44
-3.36312e-44
-3.36312e-44
-3.36312e-44
-3.36312e-44
-3.36312e-44
-3.36312e-44
-3.36312e-44
-3.36312e-44
-3.36312e-44
-3.36312e-44
-3.36312e-44
-3.36312e-44
-3.36312e-44
-3.36312e-44
-3.36312e-44
-3.36312e-44
-3.36312e-44
-3.36312e-44
-3.36312e-44
-3.36312e-44
-3.36312e-44
-3.36312e-44
-3.36312e-44
-3.36312e-44
-3.36312e-44
-3.36312e-44
-3.36312e-44
-3.36312e-44
-3.36312e-44
-3.36312e-44
-3.36312e-44
-3.36312e-44
-3.36312e-44
-3.36312e-44
-3.36312e-44
-3.36312e-44
-3.36312e-44
-3.36312e-44
-3.36312e-44
-3.36312e-44
-3.36312e-44
-3.36312e-44
-3.36312e-44
-3.36312e-44
-3.36312e-44
-3.36312e-44
-3.36312e-44
-3.36312e-44
-3.36312e-44
-3.36312e-44
-3.36312e-44
-3.36312e-44
-3.36312e-44
-3.36312e-44
-3.36312e-44
-3.36312e-44
-3.36312e-44
-3.36312e-44
-3.36312e-44
-3.36312e-44
-3.36312e-44
-3.36312e-44
-3.36312e-44
-3.36312e-44
-3.36312e-44
-3.36312e-44
-3.36312e-44
-3.36312e-44
-3.36312e-44
-3.36312e-44
-3.36312e-44
-3.36312e-44
-3.36312e-44
-3.36312e-44
-3.36312e-44
-3.36312e-44
-3.36312e-44
-3.36312e-44
-3.36312e-44
-3.36312e-44
-3.36312e-44
-3.36312e-44
-3.36312e-44
-3.36312e-44
-3.36312e-44
-3.36312e-44
-3.36312e-44
-3.36312e-44
-3.36312e-44
-3.36312e-44
-3.36312e-44
-3.36312e-44
-3.36312e-44
-3.36312e-44
-3.36312e-44
-3.36312e-44
-3.36312e-44
-3.36312e-44
-3.36312e-44
-3.36312e-44
-3.36312e-44
-3.36312e-44
-3.36312e-44
-3.36312e-44
-3.36312e-44
-3.36312e-44
-3.36312e-44
-3.36312e-44
-3.36312e-44
-3.36312e-44
-3.36312e-44
-3.36312e-44
-3.36312e-44
-3.36312e-44
-3.36312e-44
-3.36312e-44
-3.36312e-44
-3.36312e-44
-3.36312e-44
-3.36312e-44
-3.36312e-44
-3.36312e-44
-3.36312e-44
-3.36312e-44
-3.36312e-44
-3.36312e-44
-3.36312e-44
-3.36312e-44
-3.36312e-44
-3.36312e-44
-3.36312e-44
-3.36312e-44
-3.36312e-44
-3.36312e-44
-3.36312e-44
-3.36312e-44
-3.36312e-44
-3.36312e-44
-3.36312e-44
-3.36312e-44
-3.36312e-44
-3.36312e-44
-3.36312e-44
-3.36312e-44
-3.36312e-44
-3.36312e-44
-3.36312e-44
-3.36312e-44
-3.36312e-44
-3.36312e-44
-3.36312e-44
-3.36312e-44
-3.36312e-44
-3.36312e-44
-3.36312e-44
-3.36312e-44
-3.36312e-44
-3.36312e-44
-3.36312e-44
-3.36312e-44
-3.36312e-44
-3.36312e-44
-3.36312e-44
-3.36312e-44
-3.36312e-44
-3.36312e-44
-3.36312e-44
-3.36312e-44
-3.36312e-44
-3.36312e-44
-3.36312e-44
-3.36312e-44
-3.36312e-44
-3.36312e-44
-3.36312e-44
-3.36312e-44
-3.36312e-44
-3.36312e-44
-3.36312e-44
-3.36312e-44
-3.36312e-44
-3.36312e-44
-3.36312e-44
-3.36312e-44
-3.36312e-44
-3.36312e-44
-3.36312e-44
-3.36312e-44
-3.36312e-44
-3.36312e-44
-3.36312e-44
-3.36312e-44
-3.36312e-44
-3.36312e-44
-3.36312e-44
-3.36312e-44
-3.36312e-44
-3.36312e-44
-3.36312e-44
-3.36312e-44
-3.36312e-44
-3.36312e-44
-3.36312e-44
-3.36312e-44
-3.36312e-44
-3.36312e-44
-3.36312e-44
-3.36312e-44
-3.36312e-44
-3.36312e-44
-3.36312e-44
-3.36312e-44
-3.36312e-44
-3.36312e-44
-3.36312e-44
-3.36312e-44
-3.36312e-44
-3.36312e-44
-3.36312e-44
-3.36312e-44
-3.36312e-44
-3.36312e-44
-3.36312e-44
-3.36312e-44
-3.36312e-44
-3.36312e-44
-3.36312e-44
-3.36312e-44
-3.36312e-44
-3.36312e-44
-3.36312e-44
-3.36312e-44
-3.36312e-44
-3.36312e-44
-3.36312e-44
-3.36312e-44
-3.36312e-44
-3.36312e-44
-3.36312e-44
-3.36312e-44
-3.36312e-44
-3.36312e-44
-3.36312e-44
-3.36312e-44
-3.36312e-44
-3.36312e-44
-3.36312e-44
-3.36312e-44
-3.36312e-44
-3.36312e-44
-3.36312e-44
-3.36312e-44
-3.36312e-44
-3.36312e-44
-3.36312e-44
-3.36312e-44
-3.36312e-44
-3.36312e-44
-3.36312e-44
-3.36312e-44
-3.36312e-44
-3.36312e-44
-3.36312e-44
-3.36312e-44
-3.36312e-44
-3.36312e-44
-3.36312e-44
-3.36312e-44
-3.36312e-44
-3.36312e-44
-3.36312e-44
-3.36312e-44
-3.36312e-44
-3.36312e-44
-3.36312e-44
-3.36312e-44
-3.36312e-44
-3.36312e-44
-3.36312e-44
-3.36312e-44
-3.36312e-44
-3.36312e-44
-3.36312e-44
-3.36312e-44
-3.36312e-44
-3.36312e-44
-3.36312e-44
-3.36312e-44
-3.36312e-44
-3.36312e-44
-3.36312e-44
-3.36312e-44
-3.36312e-44
-3.36312e-44
-3.36312e-44
-3.36312e-44
-3.36312e-44
-3.36312e-44
-3.36312e-44
-3.36312e-44
-3.36312e-44
-3.36312e-44
-3.36312e-44
-3.36312e-44
-3.36312e-44
-3.36312e-44
-3.36312e-44
-3.36312e-44
-3.36312e-44
-3.36312e-44
-3.36312e-44
-3.36312e-44
-3.36312e-44
-3.36312e-44
-3.36312e-44
-3.36312e-44
-3.36312e-44
-3.36312e-44
-3.36312e-44
-3.36312e-44
-3.36312e-44
-3.36312e-44
-3.36312e-44
-3.36312e-44
-3.36312e-44
-3.36312e-44
-3.36312e-44
-3.36312e-44
-3.36312e-44
-3.36312e-44
-3.36312e-44
-3.36312e-44
-3.36312e-44
-3.36312e-44
-3.36312e-44
-3.36312e-44
-3.36312e-44
-3.36312e-44
-3.36312e-44
-3.36312e-44
-3.36312e-44
-3.36312e-44
-3.36312e-44
-3.36312e-44
-3.36312e-44
-3.36312e-44
-3.36312e-44
-3.36312e-44
-3.36312e-44
-3.36312e-44
-3.36312e-44
-3.36312e-44
-3.36312e-44
-3.36312e-44
-3.36312e-44
-3.36312e-44
-3.36312e-44
-3.36312e-44
-3.36312e-44
-3.36312e-44
-3.36312e-44
-3.36312e-44
-3.36312e-44
-3.36312e-44
-3.36312e-44
-3.36312e-44
-3.36312e-44
-3.36312e-44
-3.36312e-44
-3.36312e-44
-3.36312e-44
-3.36312e-44
-3.36312e-44
-3.36312e-44
-3.36312e-44
-3.36312e-44
-3.36312e-44
-3.36312e-44
-3.36312e-44
-3.36312e-44
-3.36312e-44
-3.36312e-44
-3.36312e-44
-3.36312e-44
-3.36312e-44
-3.36312e-44
-3.36312e-44
-3.36312e-44
-3.36312e-44
-3.36312e-44
-3.36312e-44
-3.36312e-44
-3.36312e-44
-3.36312e-44
-3.36312e-44
-3.36312e-44
-3.36312e-44
-3.36312e-44
-3.36312e-44
-3.36312e-44
-3.36312e-44
-3.36312e-44
-3.36312e-44
-3.36312e-44
-3.36312e-44
-3.36312e-44
-3.36312e-44
-3.36312e-44
-3.36312e-44
-3.36312e-44
-3.36312e-44
-3.36312e-44
-3.36312e-44
-3.36312e-44
-3.36312e-44
-3.36312e-44
-3.36312e-44
-3.36312e-44
-3.36312e-44
-3.36312e-44
-3.36312e-44
-3.36312e-44
-3.36312e-44
-3.36312e-44
-3.36312e-44
-3.36312e-44
-3.36312e-44
-3.36312e-44
-3.36312e-44
-3.36312e-44
-3.36312e-44
-3.36312e-44
-3.36312e-44
-3.36312e-44
-3.36312e-44
-3.36312e-44
-3.36312e-44
-3.36312e-44
-3.36312e-44
-3.36312e-44
-3.36312e-44
-3.36312e-44
-3.36312e-44
-3.36312e-44
-3.36312e-44
-3.36312e-44
-3.36312e-44
-3.36312e-44
-3.36312e-44
-3.36312e-44
-3.36312e-44
-3.36312e-44
-3.36312e-44
-3.36312e-44
-3.36312e-44
-3.36312e-44
-3.36312e-44
-3.36312e-44
-3.36312e-44
-3.36312e-44
-3.36312e-44
-3.36312e-44
-3.36312e-44
-3.36312e-44
-3.36312e-44
-3.36312e-44
-3.36312e-44
-3.36312e-44
-3.36312e-44
-3.36312e-44
-3.36312e-44
-3.36312e-44
-3.36312e-44
-3.36312e-44
-3.36312e-44
-3.36312e-44
-3.36312e-44
-3.36312e-44
-3.36312e-44
-3.36312e-44
-3.36312e-44
-3.36312e-44
-3.36312e-44
-3.36312e-44
-3.36312e-44
-3.36312e-44
-3.36312e-44
-3.36312e-44
-3.36312e-44
-3.36312e-44
-3.36312e-44
-3.36312e-44
-3.36312e-44
-3.36312e-44
-3.36312e-44
-3.36312e-44
-3.36312e-44
-3.36312e-44
-3.36312e-44
-3.36312e-44
-3.36312e-44
-3.36312e-44
-3.36312e-44
-3.36312e-44
-3.36312e-44
-3.36312e-44
-3.36312e-44
-3.36312e-44
-3.36312e-44
-3.36312e-44
-3.36312e-44
-3.36312e-44
-3.36312e-44
-3.36312e-44
-3.36312e-44
-3.36312e-44
-3.36312e-44
-3.36312e-44
-3.36312e-44
-3.36312e-44
-3.36312e-44
-3.36312e-44
-3.36312e-44
-3.36312e-44
-3.36312e-44
-3.36312e-44
-3.36312e-44
-3.36312e-44
-3.36312e-44
-3.36312e-44
-3.36312e-44
-3.36312e-44
-3.36312e-44
-3.36312e-44
-3.36312e-44
-3.36312e-44
-3.36312e-44
-3.36312e-44
-3.36312e-44
-3.36312e-44
-3.36312e-44
-3.36312e-44
-3.36312e-44
-3.36312e-44
-3.36312e-44
-3.36312e-44
-3.36312e-44
-3.36312e-44
-3.36312e-44
-3.36312e-44
-3.36312e-44
-3.36312e-44
-3.36312e-44
-3.36312e-44
-3.36312e-44
-3.36312e-44
-3.36312e-44
-3.36312e-44
-3.36312e-44
-3.36312e-44
-3.36312e-44
-3.36312e-44
-3.36312e-44
-3.36312e-44
-3.36312e-44
-3.36312e-44
-3.36312e-44
-3.36312e-44
-3.36312e-44
-3.36312e-44
-3.36312e-44
-3.36312e-44
-3.36312e-44
-3.36312e-44
-3.36312e-44
-3.36312e-44
-3.36312e-44
-3.36312e-44
-3.36312e-44
-3.36312e-44
-3.36312e-44
-3.36312e-44
-3.36312e-44
-3.36312e-44
-3.36312e-44
-3.36312e-44
-3.36312e-44
-3.36312e-44
-3.36312e-44
-3.36312e-44
-3.36312e-44
-3.36312e-44
-3.36312e-44
-3.36312e-44
-3.36312e-44
-3.36312e-44
-3.36312e-44
-3.36312e-44
-3.36312e-44
-3.36312e-44
-3.36312e-44
-3.36312e-44
-3.36312e-44
-3.36312e-44
-3.36312e-44
-3.36312e-44
-3.36312e-44
-3.36312e-44
-3.36312e-44
-3.36312e-44
-3.36312e-44
-3.36312e-44
-3.36312e-44
-3.36312e-44
-3.36312e-44
-3.36312e-44
-3.36312e-44
-3.36312e-44
-3.36312e-44
-3.36312e-44
-3.36312e-44
-3.36312e-44
-3.36312e-44
-3.36312e-44
-3.36312e-44
-3.36312e-44
-3.36312e-44
-3.36312e-44
-3.36312e-44
-3.36312e-44
-3.36312e-44
-3.36312e-44
-3.36312e-44
-3.36312e-44
-3.36312e-44
-3.36312e-44
-3.36312e-44
-3.36312e-44
-3.36312e-44
-3.36312e-44
-3.36312e-44
-3.36312e-44
-3.36312e-44
-3.36312e-44
-3.36312e-44
-3.36312e-44
-3.36312e-44
-3.36312e-44
-3.36312e-44
-3.36312e-44
-3.36312e-44
-3.36312e-44
-3.36312e-44
-3.36312e-44
-3.36312e-44
-3.36312e-44
-3.36312e-44
-3.36312e-44
-3.36312e-44
-3.36312e-44
-3.36312e-44
-3.36312e-44
-3.36312e-44
-3.36312e-44
-3.36312e-44
-3.36312e-44
-3.36312e-44
-3.36312e-44
-3.36312e-44
-3.36312e-44
-3.36312e-44
-3.36312e-44
-3.36312e-44
-3.36312e-44
-3.36312e-44
-3.36312e-44
-3.36312e-44
-3.36312e-44
-3.36312e-44
-3.36312e-44
-3.36312e-44
-3.36312e-44
-3.36312e-44
-3.36312e-44
-3.36312e-44
-3.36312e-44
-3.36312e-44
-3.36312e-44
-3.36312e-44
-3.36312e-44
-3.36312e-44
-3.36312e-44
-3.36312e-44
-3.36312e-44
-3.36312e-44
-3.36312e-44
-3.36312e-44
-3.36312e-44
-3.36312e-44
-3.36312e-44
-3.36312e-44
-3.36312e-44
-3.36312e-44
-3.36312e-44
-3.36312e-44
-3.36312e-44
-3.36312e-44
-3.36312e-44
-3.36312e-44
-3.36312e-44
-3.36312e-44
-3.36312e-44
-3.36312e-44
-3.36312e-44
-3.36312e-44
-3.36312e-44
-3.36312e-44
-3.36312e-44
-3.36312e-44
-3.36312e-44
-3.36312e-44
-3.36312e-44
-3.36312e-44
-3.36312e-44
-3.36312e-44
-3.36312e-44
-3.36312e-44
-3.36312e-44
-3.36312e-44
-3.36312e-44
-3.36312e-44
-3.36312e-44
-3.36312e-44
-3.36312e-44
-3.36312e-44
-3.36312e-44
-3.36312e-44
-3.36312e-44
-3.36312e-44
-3.36312e-44
-3.36312e-44
-3.36312e-44
-3.36312e-44
-3.36312e-44
-3.36312e-44
-3.36312e-44
-3.36312e-44
-3.36312e-44
-3.36312e-44
-3.36312e-44
-3.36312e-44
-3.36312e-44
-3.36312e-44
-3.36312e-44
-3.36312e-44
-3.36312e-44
-3.36312e-44
-3.36312e-44
-3.36312e-44
-3.36312e-44
-3.36312e-44
-3.36312e-44
-3.36312e-44
-3.36312e-44
-3.36312e-44
-3.36312e-44
-3.36312e-44
-3.36312e-44
-3.36312e-44
-3.36312e-44
-3.36312e-44
-3.36312e-44
-3.36312e-44
-3.36312e-44
-3.36312e-44
-3.36312e-44
-3.36312e-44
-3.36312e-44
-3.36312e-44
-3.36312e-44
-3.36312e-44
-3.36312e-44
-3.36312e-44
-3.36312e-44
-3.36312e-44
-3.36312e-44
-3.36312e-44
-3.36312e-44
-3.36312e-44
-3.36312e-44
-3.36312e-44
-3.36312e-44
-3.36312e-44
-3.36312e-44
-3.36312e-44
-3.36312e-44
-3.36312e-44
-3.36312e-44
-3.36312e-44
-3.36312e-44
-3.36312e-44
-3.36312e-44
-3.36312e-44
-3.36312e-44
-3.36312e-44
-3.36312e-44
-3.36312e-44
-3.36312e-44
-3.36312e-44
-3.36312e-44
-3.36312e-44
-3.36312e-44
-3.36312e-44
-3.36312e-44
-3.36312e-44
-3.36312e-44
-3.36312e-44
-3.36312e-44
-3.36312e-44
-3.36312e-44
-3.36312e-44
-3.36312e-44
-3.36312e-44
-3.36312e-44
-3.36312e-44
-3.36312e-44
-3.36312e-44
-3.36312e-44
-3.36312e-44
-3.36312e-44
-3.36312e-44
-3.36312e-44
-3.36312e-44
-3.36312e-44
-3.36312e-44
-3.36312e-44
-3.36312e-44
-3.36312e-44
-3.36312e-44
-3.36312e-44
-3.36312e-44
-3.36312e-44
-3.36312e-44
-3.36312e-44
-3.36312e-44
-3.36312e-44
-3.36312e-44
-3.36312e-44
-3.36312e-44
-3.36312e-44
-3.36312e-44
-3.36312e-44
-3.36312e-44
-3.36312e-44
-3.36312e-44
-3.36312e-44
-3.36312e-44
-3.36312e-44
-3.36312e-44
-3.36312e-44
-3.36312e-44
-3.36312e-44
-3.36312e-44
-3.36312e-44
-3.36312e-44
-3.36312e-44
-3.36312e-44
-3.36312e-44
-3.36312e-44
-3.36312e-44
-3.36312e-44
-3.36312e-44
-3.36312e-44
-3.36312e-44
-3.36312e-44
-3.36312e-44
-3.36312e-44
-3.36312e-44
-3.36312e-44
-3.36312e-44
-3.36312e-44
-3.36312e-44
-3.36312e-44
-3.36312e-44
-3.36312e-44
-3.36312e-44
-3.36312e-44
-3.36312e-44
-3.36312e-44
-3.36312e-44
-3.36312e-44
-3.36312e-44
-3.36312e-44
-3.36312e-44
-3.36312e-44
-3.36312e-44
-3.36312e-44
-3.36312e-44
-3.36312e-44
-3.36312e-44
-3.36312e-44
-3.36312e-44
-3.36312e-44
-3.36312e-44
-3.36312e-44
-3.36312e-44
-3.36312e-44
-3.36312e-44
-3.36312e-44
-3.36312e-44
-3.36312e-44
-3.36312e-44
-3.36312e-44
-3.36312e-44
-3.36312e-44
-3.36312e-44
-3.36312e-44
-3.36312e-44
-3.36312e-44
-3.36312e-44
-3.36312e-44
-3.36312e-44
-3.36312e-44
-3.36312e-44
-3.36312e-44
-3.36312e-44
-3.36312e-44
-3.36312e-44
-3.36312e-44
-3.36312e-44
-3.36312e-44
-3.36312e-44
-3.36312e-44
-3.36312e-44
-3.36312e-44
-3.36312e-44
-3.36312e-44
-3.36312e-44
-3.36312e-44
-3.36312e-44
-3.36312e-44
-3.36312e-44
-3.36312e-44
-3.36312e-44
-3.36312e-44
-3.36312e-44
-3.36312e-44
-3.36312e-44
-3.36312e-44
-3.36312e-44
-3.36312e-44
-3.36312e-44
-3.36312e-44
-3.36312e-44
-3.36312e-44
-3.36312e-44
-3.36312e-44
-3.36312e-44
-3.36312e-44
-3.36312e-44
-3.36312e-44
-3.36312e-44
-3.36312e-44
-3.36312e-44
-3.36312e-44
-3.36312e-44
-3.36312e-44
-3.36312e-44
-3.36312e-44
-3.36312e-44
-3.36312e-44
-3.36312e-44
-3.36312e-44
-3.36312e-44
-3.36312e-44
-3.36312e-44
-3.36312e-44
-3.36312e-44
-3.36312e-44
-3.36312e-44
-3.36312e-44
-3.36312e-44
-3.36312e-44
-3.36312e-44
-3.36312e-44
-3.36312e-44
-3.36312e-44
-3.36312e-44
-3.36312e-44
-3.36312e-44
-3.36312e-44
-3.36312e-44
-3.36312e-44
-3.36312e-44
-3.36312e-44
-3.36312e-44
-3.36312e-44
-3.36312e-44
-3.36312e-44
-3.36312e-44
-3.36312e-44
-3.36312e-44
-3.36312e-44
-3.36312e-44
-3.36312e-44
-3.36312e-44
-3.36312e-44
-3.36312e-44
-3.36312e-44
-3.36312e-44
-3.36312e-44
-3.36312e-44
-3.36312e-44
-3.36312e-44
-3.36312e-44
-3.36312e-44
-3.36312e-44
-3.36312e-44
-3.36312e-44
-3.36312e-44
-3.36312e-44
-3.36312e-44
-3.36312e-44
-3.36312e-44
-3.36312e-44
-3.36312e-44
-3.36312e-44
-3.36312e-44
-3.36312e-44
-3.36312e-44
-3.36312e-44
-3.36312e-44
-3.36312e-44
-3.36312e-44
-3.36312e-44
-3.36312e-44
-3.36312e-44
-3.36312e-44
-3.36312e-44
-3.36312e-44
-3.36312e-44
-3.36312e-44
-3.36312e-44
-3.36312e-44
-3.36312e-44
-3.36312e-44
-3.36312e-44
-3.36312e-44
-3.36312e-44
-3.36312e-44
-3.36312e-44
-3.36312e-44
-3.36312e-44
-3.36312e-44
-3.36312e-44
-3.36312e-44
-3.36312e-44
-3.36312e-44
-3.36312e-44
-3.36312e-44
-3.36312e-44
-3.36312e-44
-3.36312e-44
-3.36312e-44
-3.36312e-44
-3.36312e-44
-3.36312e-44
-3.36312e-44
-3.36312e-44
-3.36312e-44
-3.36312e-44
-3.36312e-44
-3.36312e-44
-3.36312e-44
-3.36312e-44
-3.36312e-44
-3.36312e-44
-3.36312e-44
-3.36312e-44
-3.36312e-44
-3.36312e-44
-3.36312e-44
-3.36312e-44
-3.36312e-44
-3.36312e-44
-3.36312e-44
-3.36312e-44
-3.36312e-44
-3.36312e-44
-3.36312e-44
-3.36312e-44
-3.36312e-44
-3.36312e-44
-3.36312e-44
-3.36312e-44
-3.36312e-44
-3.36312e-44
-3.36312e-44
-3.36312e-44
-3.36312e-44
-3.36312e-44
-3.36312e-44
-3.36312e-44
-3.36312e-44
-3.36312e-44
-3.36312e-44
-3.36312e-44
-3.36312e-44
-3.36312e-44
-3.36312e-44
-3.36312e-44
-3.36312e-44
-3.36312e-44
-3.36312e-44
-3.36312e-44
-3.36312e-44
-3.36312e-44
-3.36312e-44
-3.36312e-44
-3.36312e-44
-3.36312e-44
-3.36312e-44
-3.36312e-44
-3.36312e-44
-3.36312e-44
-3.36312e-44
-3.36312e-44
-3.36312e-44
-3.36312e-44
-3.36312e-44
-3.36312e-44
-3.36312e-44
-3.36312e-44
-3.36312e-44
-3.36312e-44
-3.36312e-44
-3.36312e-44
-3.36312e-44
-3.36312e-44
-3.36312e-44
-3.36312e-44
-3.36312e-44
-3.36312e-44
-3.36312e-44
-3.36312e-44
-3.36312e-44
-3.36312e-44
-3.36312e-44
-3.36312e-44
-3.36312e-44
-3.36312e-44
-3.36312e-44
-3.36312e-44
-3.36312e-44
-3.36312e-44
-3.36312e-44
-3.36312e-44
-3.36312e-44
-3.36312e-44
-3.36312e-44
-3.36312e-44
-3.36312e-44
-3.36312e-44
-3.36312e-44
-3.36312e-44
-3.36312e-44
-3.36312e-44
-3.36312e-44
-3.36312e-44
-3.36312e-44
-3.36312e-44
-3.36312e-44
-3.36312e-44
-3.36312e-44
-3.36312e-44
-3.36312e-44
-3.36312e-44
-3.36312e-44
-3.36312e-44
-3.36312e-44
-3.36312e-44
-3.36312e-44
-3.36312e-44
-3.36312e-44
-3.36312e-44
-3.36312e-44
-3.36312e-44
-3.36312e-44
-3.36312e-44
-3.36312e-44
-3.36312e-44
-3.36312e-44
-3.36312e-44
-3.36312e-44
-3.36312e-44
-3.36312e-44
-3.36312e-44
-3.36312e-44
-3.36312e-44
-3.36312e-44
-3.36312e-44
-3.36312e-44
-3.36312e-44
-3.36312e-44
-3.36312e-44
-3.36312e-44
-3.36312e-44
-3.36312e-44
-3.36312e-44
-3.36312e-44
-3.36312e-44
-3.36312e-44
-3.36312e-44
-3.36312e-44
-3.36312e-44
-3.36312e-44
-3.36312e-44
-3.36312e-44
-3.36312e-44
-3.36312e-44
-3.36312e-44
-3.36312e-44
-3.36312e-44
-3.36312e-44
-3.36312e-44
-3.36312e-44
-3.36312e-44
-3.36312e-44
-3.36312e-44
-3.36312e-44
-3.36312e-44
-3.36312e-44
-3.36312e-44
-3.36312e-44
-3.36312e-44
-3.36312e-44
-3.36312e-44
-3.36312e-44
-3.36312e-44
-3.36312e-44
-3.36312e-44
-3.36312e-44
-3.36312e-44
-3.36312e-44
-3.36312e-44
-3.36312e-44
-3.36312e-44
-3.36312e-44
-3.36312e-44
-3.36312e-44
-3.36312e-44
-3.36312e-44
-3.36312e-44
-3.36312e-44
-3.36312e-44
-3.36312e-44
-3.36312e-44
-3.36312e-44
-3.36312e-44
-3.36312e-44
-3.36312e-44
-3.36312e-44
-3.36312e-44
-3.36312e-44
-3.36312e-44
-3.36312e-44
-3.36312e-44
-3.36312e-44
-3.36312e-44
-3.36312e-44
-3.36312e-44
-3.36312e-44
-3.36312e-44
-3.36312e-44
-3.36312e-44
-3.36312e-44
-3.36312e-44
-3.36312e-44
-3.36312e-44
-3.36312e-44
-3.36312e-44
-3.36312e-44
-3.36312e-44
-3.36312e-44
-3.36312e-44
-3.36312e-44
-3.36312e-44
-3.36312e-44
-3.36312e-44
-3.36312e-44
-3.36312e-44
-3.36312e-44
-3.36312e-44
-3.36312e-44
-3.36312e-44
-3.36312e-44
-3.36312e-44
-3.36312e-44
-3.36312e-44
-3.36312e-44
-3.36312e-44
-3.36312e-44
-3.36312e-44
-3.36312e-44
-3.36312e-44
-3.36312e-44
-3.36312e-44
-3.36312e-44
-3.36312e-44
-3.36312e-44
-3.36312e-44
-3.36312e-44
-3.36312e-44
-3.36312e-44
-3.36312e-44
-3.36312e-44
-3.36312e-44
-3.36312e-44
-3.36312e-44
-3.36312e-44
-3.36312e-44
-3.36312e-44
-3.36312e-44
-3.36312e-44
-3.36312e-44
-3.36312e-44
-3.36312e-44
-3.36312e-44
-3.36312e-44
-3.36312e-44
-3.36312e-44
-3.36312e-44
-3.36312e-44
-3.36312e-44
-3.36312e-44
-3.36312e-44
-3.36312e-44
-3.36312e-44
-3.36312e-44
-3.36312e-44
-3.36312e-44
-3.36312e-44
-3.36312e-44
-3.36312e-44
-3.36312e-44
-3.36312e-44
-3.36312e-44
-3.36312e-44
-3.36312e-44
-3.36312e-44
-3.36312e-44
-3.36312e-44
-3.36312e-44
-3.36312e-44
-3.36312e-44
-3.36312e-44
-3.36312e-44
-3.36312e-44
-3.36312e-44
-3.36312e-44
-3.36312e-44
-3.36312e-44
-3.36312e-44
-3.36312e-44
-3.36312e-44
-3.36312e-44
-3.36312e-44
-3.36312e-44
-3.36312e-44
-3.36312e-44
-3.36312e-44
-3.36312e-44
-3.36312e-44
-3.36312e-44
-3.36312e-44
-3.36312e-44
-3.36312e-44
-3.36312e-44
-3.36312e-44
-3.36312e-44
-3.36312e-44
-3.36312e-44
-3.36312e-44
-3.36312e-44
-3.36312e-44
-3.36312e-44
-3.36312e-44
-3.36312e-44
-3.36312e-44
-3.36312e-44
-3.36312e-44
-3.36312e-44
-3.36312e-44
-3.36312e-44
-3.36312e-44
-3.36312e-44
-3.36312e-44
-3.36312e-44
-3.36312e-44
-3.36312e-44
-3.36312e-44
-3.36312e-44
-3.36312e-44
-3.36312e-44
-3.36312e-44
-3.36312e-44
-3.36312e-44
-3.36312e-44
-3.36312e-44
-3.36312e-44
-3.36312e-44
-3.36312e-44
-3.36312e-44
-3.36312e-44
-3.36312e-44
-3.36312e-44
-3.36312e-44
-3.36312e-44
-3.36312e-44
-3.36312e-44
-3.36312e-44
-3.36312e-44
-3.36312e-44
-3.36312e-44
-3.36312e-44
-3.36312e-44
-3.36312e-44
-3.36312e-44
-3.36312e-44
-3.36312e-44
-3.36312e-44
-3.36312e-44
-3.36312e-44
-3.36312e-44
-3.36312e-44
-3.36312e-44
-3.36312e-44
-3.36312e-44
-3.36312e-44
-3.36312e-44
-3.36312e-44
-3.36312e-44
-3.36312e-44
-3.36312e-44
-3.36312e-44
-3.36312e-44
-3.36312e-44
-3.36312e-44
-3.36312e-44
-3.36312e-44
-3.36312e-44
-3.36312e-44
-3.36312e-44
-3.36312e-44
-3.36312e-44
-3.36312e-44
-3.36312e-44
-3.36312e-44
-3.36312e-44
-3.36312e-44
-3.36312e-44
-3.36312e-44
-3.36312e-44
-3.36312e-44
-3.36312e-44
-3.36312e-44
-3.36312e-44
-3.36312e-44
-3.36312e-44
-3.36312e-44
-3.36312e-44
-3.36312e-44
-3.36312e-44
-3.36312e-44
-3.36312e-44
-3.36312e-44
-3.36312e-44
-3.36312e-44
-3.36312e-44
-3.36312e-44
-3.36312e-44
-3.36312e-44
-3.36312e-44
-3.36312e-44
-3.36312e-44
-3.36312e-44
-3.36312e-44
-3.36312e-44
-3.36312e-44
-3.36312e-44
-3.36312e-44
-3.36312e-44
-3.36312e-44
-3.36312e-44
-3.36312e-44
-3.36312e-44
-3.36312e-44
-3.36312e-44
-3.36312e-44
-3.36312e-44
-3.36312e-44
-3.36312e-44
-3.36312e-44
-3.36312e-44
-3.36312e-44
-3.36312e-44
-3.36312e-44
-3.36312e-44
-3.36312e-44
-3.36312e-44
-3.36312e-44
-3.36312e-44
-3.36312e-44
-3.36312e-44
-3.36312e-44
-3.36312e-44
-3.36312e-44
-3.36312e-44
-3.36312e-44
-3.36312e-44
-3.36312e-44
-3.36312e-44
-3.36312e-44
-3.36312e-44
-3.36312e-44
-3.36312e-44
-3.36312e-44
-3.36312e-44
-3.36312e-44
-3.36312e-44
-3.36312e-44
-3.36312e-44
-3.36312e-44
-3.36312e-44
-3.36312e-44
-3.36312e-44
-3.36312e-44
-3.36312e-44
-3.36312e-44
-3.36312e-44
-3.36312e-44
-3.36312e-44
-3.36312e-44
-3.36312e-44
-3.36312e-44
-3.36312e-44
-3.36312e-44
-3.36312e-44
-3.36312e-44
-3.36312e-44
-3.36312e-44
-3.36312e-44
-3.36312e-44
-3.36312e-44
-3.36312e-44
-3.36312e-44
-3.36312e-44
-3.36312e-44
-3.36312e-44
-3.36312e-44
-3.36312e-44
-3.36312e-44
-3.36312e-44
-3.36312e-44
-3.36312e-44
-3.36312e-44
-3.36312e-44
-3.36312e-44
-3.36312e-44
-3.36312e-44
-3.36312e-44
-3.36312e-44
-3.36312e-44
-3.36312e-44
-3.36312e-44
-3.36312e-44
-3.36312e-44
-3.36312e-44
-3.36312e-44
-3.36312e-44
-3.36312e-44
-3.36312e-44
-3.36312e-44
-3.36312e-44
-3.36312e-44
-3.36312e-44
-3.36312e-44
-3.36312e-44
-3.36312e-44
-3.36312e-44
-3.36312e-44
-3.36312e-44
-3.36312e-44
-3.36312e-44
-3.36312e-44
-3.36312e-44
-3.36312e-44
-3.36312e-44
-3.36312e-44
-3.36312e-44
-3.36312e-44
-3.36312e-44
-3.36312e-44
-3.36312e-44
-3.36312e-44
-3.36312e-44
-3.36312e-44
-3.36312e-44
-3.36312e-44
-3.36312e-44
-3.36312e-44
-3.36312e-44
-3.36312e-44
-3.36312e-44
-3.36312e-44
-3.36312e-44
-3.36312e-44
-3.36312e-44
-3.36312e-44
-3.36312e-44
-3.36312e-44
-3.36312e-44
-3.36312e-44
-3.36312e-44
-3.36312e-44
-3.36312e-44
-3.36312e-44
-3.36312e-44
-3.36312e-44
-3.36312e-44
-3.36312e-44
-3.36312e-44
-3.36312e-44
-3.36312e-44
-3.36312e-44
-3.36312e-44
-3.36312e-44
-3.36312e-44
-3.36312e-44
-3.36312e-44
-3.36312e-44
-3.36312e-44
-3.36312e-44
-3.36312e-44
-3.36312e-44
-3.36312e-44
-3.36312e-44
-3.36312e-44
-3.36312e-44
-3.36312e-44
-3.36312e-44
-3.36312e-44
-3.36312e-44
-3.36312e-44
-3.36312e-44
-3.36312e-44
-3.36312e-44
-3.36312e-44
-3.36312e-44
-3.36312e-44
-3.36312e-44
-3.36312e-44
-3.36312e-44
-3.36312e-44
-3.36312e-44
-3.36312e-44
-3.36312e-44
-3.36312e-44
-3.36312e-44
-3.36312e-44
-3.36312e-44
-3.36312e-44
-3.36312e-44
-3.36312e-44
-3.36312e-44
-3.36312e-44
-3.36312e-44
-3.36312e-44
-3.36312e-44
-3.36312e-44
-3.36312e-44
-3.36312e-44
-3.36312e-44
-3.36312e-44
-3.36312e-44
-3.36312e-44
-3.36312e-44
-3.36312e-44
-3.36312e-44
-3.36312e-44
-3.36312e-44
-3.36312e-44
-3.36312e-44
-3.36312e-44
-3.36312e-44
-3.36312e-44
-3.36312e-44
-3.36312e-44
-3.36312e-44
-3.36312e-44
-3.36312e-44
-3.36312e-44
-3.36312e-44
-3.36312e-44
-3.36312e-44
-3.36312e-44
-3.36312e-44
-3.36312e-44
-3.36312e-44
-3.36312e-44
-3.36312e-44
-3.36312e-44
-3.36312e-44
-3.36312e-44
-3.36312e-44
-3.36312e-44
-3.36312e-44
-3.36312e-44
-3.36312e-44
-3.36312e-44
-3.36312e-44
-3.36312e-44
-3.36312e-44
-3.36312e-44
-3.36312e-44
-3.36312e-44
-3.36312e-44
-3.36312e-44
-3.36312e-44
-3.36312e-44
-3.36312e-44
-3.36312e-44
-3.36312e-44
-3.36312e-44
-3.36312e-44
-3.36312e-44
-3.36312e-44
-3.36312e-44
-3.36312e-44
-3.36312e-44
-3.36312e-44
-3.36312e-44
-3.36312e-44
-3.36312e-44
-3.36312e-44
-3.36312e-44
-3.36312e-44
-3.36312e-44
-3.36312e-44
-3.36312e-44
-3.36312e-44
-3.36312e-44
-3.36312e-44
-3.36312e-44
-3.36312e-44
-3.36312e-44
-3.36312e-44
-3.36312e-44
-3.36312e-44
-3.36312e-44
-3.36312e-44
-3.36312e-44
-3.36312e-44
-3.36312e-44
-3.36312e-44
-3.36312e-44
-3.36312e-44
-3.36312e-44
-3.36312e-44
-3.36312e-44
-3.36312e-44
-3.36312e-44
-3.36312e-44
-3.36312e-44
-3.36312e-44
-3.36312e-44
-3.36312e-44
-3.36312e-44
-3.36312e-44
-3.36312e-44
-3.36312e-44
-3.36312e-44
-3.36312e-44
-3.36312e-44
-3.36312e-44
-3.36312e-44
-3.36312e-44
-3.36312e-44
-3.36312e-44
-3.36312e-44
-3.36312e-44
-3.36312e-44
-3.36312e-44
-3.36312e-44
-3.36312e-44
-3.36312e-44
-3.36312e-44
-3.36312e-44
-3.36312e-44
-3.36312e-44
-3.36312e-44
-3.36312e-44
-3.36312e-44
-3.36312e-44
-3.36312e-44
-3.36312e-44
-3.36312e-44
-3.36312e-44
-3.36312e-44
-3.36312e-44
-3.36312e-44
-3.36312e-44
-3.36312e-44
-3.36312e-44
-3.36312e-44
-3.36312e-44
-3.36312e-44
-3.36312e-44
-3.36312e-44
-3.36312e-44
-3.36312e-44
-3.36312e-44
-3.36312e-44
-3.36312e-44
-3.36312e-44
-3.36312e-44
-3.36312e-44
-3.36312e-44
-3.36312e-44
-3.36312e-44
-3.36312e-44
-3.36312e-44
-3.36312e-44
-3.36312e-44
-3.36312e-44
-3.36312e-44
-3.36312e-44
-3.36312e-44
-3.36312e-44
-3.36312e-44
-3.36312e-44
-3.36312e-44
-3.36312e-44
-3.36312e-44
-3.36312e-44
-3.36312e-44
-3.36312e-44
-3.36312e-44
-3.36312e-44
-3.36312e-44
-3.36312e-44
-3.36312e-44
-3.36312e-44
-3.36312e-44
-3.36312e-44
-3.36312e-44
-3.36312e-44
-3.36312e-44
-3.36312e-44
-3.36312e-44
-3.36312e-44
-3.36312e-44
-3.36312e-44
-3.36312e-44
-3.36312e-44
-3.36312e-44
-3.36312e-44
-3.36312e-44
-3.36312e-44
-3.36312e-44
-3.36312e-44
-3.36312e-44
-3.36312e-44
-3.36312e-44
-3.36312e-44
-3.36312e-44
-3.36312e-44
-3.36312e-44
-3.36312e-44
-3.36312e-44
-3.36312e-44
-3.36312e-44
-3.36312e-44
-3.36312e-44
-3.36312e-44
-3.36312e-44
-3.36312e-44
-3.36312e-44
-3.36312e-44
-3.36312e-44
-3.36312e-44
-3.36312e-44
-3.36312e-44
-3.36312e-44
-3.36312e-44
-3.36312e-44
-3.36312e-44
-3.36312e-44
-3.36312e-44
-3.36312e-44
-3.36312e-44
-3.36312e-44
-3.36312e-44
-3.36312e-44
-3.36312e-44
-3.36312e-44
-3.36312e-44
-3.36312e-44
-3.36312e-44
-3.36312e-44
-3.36312e-44
-3.36312e-44
-3.36312e-44
-3.36312e-44
-3.36312e-44
-3.36312e-44
-3.36312e-44
-3.36312e-44
-3.36312e-44
-3.36312e-44
-3.36312e-44
-3.36312e-44
-3.36312e-44
-3.36312e-44
-3.36312e-44
-3.36312e-44
-3.36312e-44
-3.36312e-44
-3.36312e-44
-3.36312e-44
-3.36312e-44
-3.36312e-44
-3.36312e-44
-3.36312e-44
-3.36312e-44
-3.36312e-44
-3.36312e-44
-3.36312e-44
-3.36312e-44
-3.36312e-44
-3.36312e-44
-3.36312e-44
-3.36312e-44
-3.36312e-44
-3.36312e-44
-3.36312e-44
-3.36312e-44
-3.36312e-44
-3.36312e-44
-3.36312e-44
-3.36312e-44
-3.36312e-44
-3.36312e-44
-3.36312e-44
-3.36312e-44
-3.36312e-44
-3.36312e-44
-3.36312e-44
-3.36312e-44
-3.36312e-44
-3.36312e-44
-3.36312e-44
-3.36312e-44
-3.36312e-44
-3.36312e-44
-3.36312e-44
-3.36312e-44
-3.36312e-44
-3.36312e-44
-3.36312e-44
-3.36312e-44
-3.36312e-44
-3.36312e-44
-3.36312e-44
-3.36312e-44
-3.36312e-44
-3.36312e-44
-3.36312e-44
-3.36312e-44
-3.36312e-44
-3.36312e-44
-3.36312e-44
-3.36312e-44
-3.36312e-44
-3.36312e-44
-3.36312e-44
-3.36312e-44
-3.36312e-44
-3.36312e-44
-3.36312e-44
-3.36312e-44
-3.36312e-44
-3.36312e-44
-3.36312e-44
-3.36312e-44
-3.36312e-44
-3.36312e-44
-3.36312e-44
-3.36312e-44
-3.36312e-44
-3.36312e-44
-3.36312e-44
-3.36312e-44
-3.36312e-44
-3.36312e-44
-3.36312e-44
-3.36312e-44
-3.36312e-44
-3.36312e-44
-3.36312e-44
-3.36312e-44
-3.36312e-44
-3.36312e-44
-3.36312e-44
-3.36312e-44
-3.36312e-44
-3.36312e-44
-3.36312e-44
-3.36312e-44
-3.36312e-44
-3.36312e-44
-3.36312e-44
-3.36312e-44
-3.36312e-44
-3.36312e-44
-3.36312e-44
-3.36312e-44
-3.36312e-44
-3.36312e-44
-3.36312e-44
-3.36312e-44
-3.36312e-44
-3.36312e-44
-3.36312e-44
-3.36312e-44
-3.36312e-44
-3.36312e-44
-3.36312e-44
-3.36312e-44
-3.36312e-44
-3.36312e-44
-3.36312e-44
-3.36312e-44
-3.36312e-44
-3.36312e-44
-3.36312e-44
-3.36312e-44
-3.36312e-44
-3.36312e-44
-3.36312e-44
-3.36312e-44
-3.36312e-44
-3.36312e-44
-3.36312e-44
-3.36312e-44
-3.36312e-44
-3.36312e-44
-3.36312e-44
-3.36312e-44
-3.36312e-44
-3.36312e-44
-3.36312e-44
-3.36312e-44
-3.36312e-44
-3.36312e-44
-3.36312e-44
-3.36312e-44
-3.36312e-44
-3.36312e-44
-3.36312e-44
-3.36312e-44
-3.36312e-44
-3.36312e-44
-3.36312e-44
-3.36312e-44
-3.36312e-44
-3.36312e-44
-3.36312e-44
-3.36312e-44
-3.36312e-44
-3.36312e-44
-3.36312e-44
-3.36312e-44
-3.36312e-44
-3.36312e-44
-3.36312e-44
-3.36312e-44
-3.36312e-44
-3.36312e-44
-3.36312e-44
-3.36312e-44
-3.36312e-44
-3.36312e-44
-3.36312e-44
-3.36312e-44
-3.36312e-44
-3.36312e-44
-3.36312e-44
-3.36312e-44
-3.36312e-44
-3.36312e-44
-3.36312e-44
-3.36312e-44
-3.36312e-44
-3.36312e-44
-3.36312e-44
-3.36312e-44
-3.36312e-44
-3.36312e-44
-3.36312e-44
-3.36312e-44
-3.36312e-44
-3.36312e-44
-3.36312e-44
-3.36312e-44
-3.36312e-44
-3.36312e-44
-3.36312e-44
-3.36312e-44
-3.36312e-44
-3.36312e-44
-3.36312e-44
-3.36312e-44
-3.36312e-44
-3.36312e-44
-3.36312e-44
-3.36312e-44
-3.36312e-44
-3.36312e-44
-3.36312e-44
-3.36312e-44
-3.36312e-44
-3.36312e-44
-3.36312e-44
-3.36312e-44
-3.36312e-44
-3.36312e-44
-3.36312e-44
-3.36312e-44
-3.36312e-44
-3.36312e-44
-3.36312e-44
-3.36312e-44
-3.36312e-44
-3.36312e-44
-3.36312e-44
-3.36312e-44
-3.36312e-44
-3.36312e-44
-3.36312e-44
-3.36312e-44
-3.36312e-44
-3.36312e-44
-3.36312e-44
-3.36312e-44
-3.36312e-44
-3.36312e-44
-3.36312e-44
-3.36312e-44
-3.36312e-44
-3.36312e-44
-3.36312e-44
-3.36312e-44
-3.36312e-44
-3.36312e-44
-3.36312e-44
-3.36312e-44
-3.36312e-44
-3.36312e-44
-3.36312e-44
-3.36312e-44
-3.36312e-44
-3.36312e-44
-3.36312e-44
-3.36312e-44
-3.36312e-44
-3.36312e-44
-3.36312e-44
-3.36312e-44
-3.36312e-44
-3.36312e-44
-3.36312e-44
-3.36312e-44
-3.36312e-44
-3.36312e-44
-3.36312e-44
-3.36312e-44
-3.36312e-44
-3.36312e-44
-3.36312e-44
-3.36312e-44
-3.36312e-44
-3.36312e-44
-3.36312e-44
-3.36312e-44
-3.36312e-44
-3.36312e-44
-3.36312e-44
-3.36312e-44
-3.36312e-44
-3.36312e-44
-3.36312e-44
-3.36312e-44
-3.36312e-44
-3.36312e-44
-3.36312e-44
-3.36312e-44
-3.36312e-44
-3.36312e-44
-3.36312e-44
-3.36312e-44
-3.36312e-44
-3.36312e-44
-3.36312e-44
-3.36312e-44
-3.36312e-44
-3.36312e-44
-3.36312e-44
-3.36312e-44
-3.36312e-44
-3.36312e-44
-3.36312e-44
-3.36312e-44
-3.36312e-44
-3.36312e-44
-3.36312e-44
-3.36312e-44
-3.36312e-44
-3.36312e-44
-3.36312e-44
-3.36312e-44
-3.36312e-44
-3.36312e-44
-3.36312e-44
-3.36312e-44
-3.36312e-44
-3.36312e-44
-3.36312e-44
-3.36312e-44
-3.36312e-44
-3.36312e-44
-3.36312e-44
-3.36312e-44
-3.36312e-44
-3.36312e-44
-3.36312e-44
-3.36312e-44
-3.36312e-44
-3.36312e-44
-3.36312e-44
-3.36312e-44
-3.36312e-44
-3.36312e-44
-3.36312e-44
-3.36312e-44
-3.36312e-44
-3.36312e-44
-3.36312e-44
-3.36312e-44
-3.36312e-44
-3.36312e-44
-3.36312e-44
-3.36312e-44
-3.36312e-44
-3.36312e-44
-3.36312e-44
-3.36312e-44
-3.36312e-44
-3.36312e-44
-3.36312e-44
-3.36312e-44
-3.36312e-44
-3.36312e-44
-3.36312e-44
-3.36312e-44
-3.36312e-44
-3.36312e-44
-3.36312e-44
-3.36312e-44
-3.36312e-44
-3.36312e-44
-3.36312e-44
-3.36312e-44
-3.36312e-44
-3.36312e-44
-3.36312e-44
-3.36312e-44
-3.36312e-44
-3.36312e-44
-3.36312e-44
-3.36312e-44
-3.36312e-44
-3.36312e-44
-3.36312e-44
-3.36312e-44
-3.36312e-44
-3.36312e-44
-3.36312e-44
-3.36312e-44
-3.36312e-44
-3.36312e-44
-3.36312e-44
-3.36312e-44
-3.36312e-44
-3.36312e-44
-3.36312e-44
-3.36312e-44
-3.36312e-44
-3.36312e-44
-3.36312e-44
-3.36312e-44
-3.36312e-44
-3.36312e-44
-3.36312e-44
-3.36312e-44
-3.36312e-44
-3.36312e-44
-3.36312e-44
-3.36312e-44
-3.36312e-44
-3.36312e-44
-3.36312e-44
-3.36312e-44
-3.36312e-44
-3.36312e-44
-3.36312e-44
-3.36312e-44
-3.36312e-44
-3.36312e-44
-3.36312e-44
-3.36312e-44
-3.36312e-44
-3.36312e-44
-3.36312e-44
-3.36312e-44
-3.36312e-44
-3.36312e-44
-3.36312e-44
-3.36312e-44
-3.36312e-44
-3.36312e-44
-3.36312e-44
-3.36312e-44
-3.36312e-44
-3.36312e-44
-3.36312e-44
-3.36312e-44
-3.36312e-44
-3.36312e-44
-3.36312e-44
-3.36312e-44
-3.36312e-44
-3.36312e-44
-3.36312e-44
-3.36312e-44
-3.36312e-44
-3.36312e-44
-3.36312e-44
-3.36312e-44
-3.36312e-44
-3.36312e-44
-3.36312e-44
-3.36312e-44
-3.36312e-44
-3.36312e-44
-3.36312e-44
-3.36312e-44
-3.36312e-44
-3.36312e-44
-3.36312e-44
-3.36312e-44
-3.36312e-44
-3.36312e-44
-3.36312e-44
-3.36312e-44
-3.36312e-44
-3.36312e-44
-3.36312e-44
-3.36312e-44
-3.36312e-44
-3.36312e-44
-3.36312e-44
-3.36312e-44
-3.36312e-44
-3.36312e-44
-3.36312e-44
-3.36312e-44
-3.36312e-44
-3.36312e-44
-3.36312e-44
-3.36312e-44
-3.36312e-44
-3.36312e-44
-3.36312e-44
-3.36312e-44
-3.36312e-44
-3.36312e-44
-3.36312e-44
-3.36312e-44
-3.36312e-44
-3.36312e-44
-3.36312e-44
-3.36312e-44
-3.36312e-44
-3.36312e-44
-3.36312e-44
-3.36312e-44
-3.36312e-44
-3.36312e-44
-3.36312e-44
-3.36312e-44
-3.36312e-44
-3.36312e-44
-3.36312e-44
-3.36312e-44
-3.36312e-44
-3.36312e-44
-3.36312e-44
-3.36312e-44
-3.36312e-44
-3.36312e-44
-3.36312e-44
-3.36312e-44
-3.36312e-44
-3.36312e-44
-3.36312e-44
-3.36312e-44
-3.36312e-44
-3.36312e-44
-3.36312e-44
-3.36312e-44
-3.36312e-44
-3.36312e-44
-3.36312e-44
-3.36312e-44
-3.36312e-44
-3.36312e-44
-3.36312e-44
-3.36312e-44
-3.36312e-44
-3.36312e-44
-3.36312e-44
-3.36312e-44
-3.36312e-44
-3.36312e-44
-3.36312e-44
-3.36312e-44
