1.00229
0.00461316
0.00468171
0.00474894
0.00481486
0.00487947
0.00494279
0.00500482
0.00506557
0.00512504
0.00518324
0.00524018
0.00529587
0.0053503
0.00540349
0.00545544
0.00550617
0.00555567
0.00560396
0.00565105
0.00569694
0.00574164
0.00578516
0.0058275
0.00586867
0.00590868
0.00594755
0.00598527
0.00602185
0.00605731
0.00609164
0.00612487
0.00615699
0.00618802
0.00621796
0.00624682
0.00627462
0.00630135
0.00632702
0.00635165
0.00637525
0.00639781
0.00641936
0.0064399
0.00645943
0.00647798
0.00649553
0.00651211
0.00652772
0.00654238
0.00655608
0.00656884
0.00658067
0.00659157
0.00660156
0.00661064
0.00661883
0.00662613
0.00663255
0.00663809
0.00664278
0.00664661
0.0066496
0.00665175
0.00665308
0.00665358
0.00665328
0.00665218
0.00665029
0.00664762
0.00664417
0.00663996
0.00663499
0.00662928
0.00662283
0.00661565
0.00660775
0.00659914
0.00658983
0.00657982
0.00656913
0.00655777
0.00654573
0.00653304
0.0065197
0.00650572
0.0064911
0.00647586
0.00646001
0.00644355
0.0064265
0.00640886
0.00639063
0.00637184
0.00635248
0.00633257
0.00631211
0.00629111
0.00626959
0.00624754
0.00622497
0.00620191
0.00617835
0.0061543
0.00612977
0.00610477
0.00607931
0.0060534
0.00602703
0.00600023
0.00597299
0.00594534
0.00591727
0.00588879
0.00585991
0.00583064
0.00580099
0.00577097
0.00574058
0.00570983
0.00567872
0.00564727
0.00561548
0.00558337
0.00555093
0.00551818
0.00548511
0.00545175
0.0054181
0.00538415
0.00534993
0.00531544
0.00528069
0.00524567
0.00521041
0.0051749
0.00513916
0.00510319
0.005067
0.0050306
0.00499399
0.00495717
0.00492016
0.00488296
0.00484558
0.00480803
0.0047703
0.00473241
0.00469437
0.00465618
0.00461785
0.00457937
0.00454077
0.00450204
0.0044632
0.00442423
0.00438516
0.00434599
0.00430672
0.00426737
0.00422793
0.00418842
0.00414883
0.00410917
0.00406946
0.00402968
0.00398986
0.00394999
0.00391007
0.00387013
0.00383015
0.00379015
0.00375013
0.00371009
0.00367005
0.00363
0.00358995
0.00354991
0.00350988
0.00346986
0.00342986
0.00338989
0.00334994
0.00331003
0.00327016
0.00323033
0.00319055
0.00315081
0.00311113
0.00307151
0.00303196
0.00299247
0.00295305
0.00291371
0.00287445
0.00283527
0.00279618
0.00275718
0.00271827
0.00267946
0.00264075
0.00260215
0.00256365
0.00252527
0.002487
0.00244885
0.00241082
0.00237292
0.00233515
0.00229751
0.00226
0.00222263
0.00218541
0.00214833
0.00211139
0.0020746
0.00203797
0.00200149
0.00196517
0.00192901
0.00189301
0.00185718
0.00182151
0.00178602
0.0017507
0.00171556
0.0016806
0.00164581
0.00161121
0.00157679
0.00154256
0.00150852
0.00147467
0.00144101
0.00140755
0.00137428
0.00134122
0.00130835
0.00127568
0.00124322
0.00121096
0.00117892
0.00114708
0.00111545
0.00108403
0.00105282
0.00102183
0.000991057
0.000960499
0.000930161
0.000900042
0.000870145
0.00084047
0.00081102
0.000781793
0.000752794
0.00072402
0.000695475
0.000667158
0.000639071
0.000611215
0.000583589
0.000556196
0.000529037
0.00050211
0.000475419
0.000448962
0.000422741
0.000396757
0.000371008
0.000345497
0.000320225
0.00029519
0.000270394
0.000245837
0.000221519
0.000197441
0.000173602
0.000150004
0.000126646
0.000103529
8.06525e-05
5.80168e-05
3.5622e-05
1.34683e-05
-8.44441e-06
-3.01161e-05
-5.15468e-05
-7.27365e-05
-9.36854e-05
-0.000114394
-0.000134861
-0.000155088
-0.000175075
-0.000194822
-0.000214329
-0.000233596
-0.000252624
-0.000271414
-0.000289964
-0.000308277
-0.000326352
-0.000344189
-0.000361789
-0.000379154
-0.000396282
-0.000413174
-0.000429832
-0.000446255
-0.000462444
-0.000478401
-0.000494125
-0.000509617
-0.000524878
-0.000539909
-0.00055471
-0.000569281
-0.000583625
-0.00059774
-0.00061163
-0.000625293
-0.000638731
-0.000651945
-0.000664935
-0.000677703
-0.00069025
-0.000702576
-0.000714682
-0.000726569
-0.000738239
-0.000749691
-0.000760928
-0.000771949
-0.000782757
-0.000793352
-0.000803735
-0.000813907
-0.000823869
-0.000833623
-0.000843169
-0.000852509
-0.000861643
-0.000870573
-0.000879301
-0.000887826
-0.000896151
-0.000904276
-0.000912204
-0.000919934
-0.000927469
-0.000934809
-0.000941956
-0.000948911
-0.000955675
-0.00096225
-0.000968637
-0.000974836
-0.000980851
-0.000986681
-0.000992328
-0.000997794
-0.00100308
-0.00100818
-0.00101311
-0.00101786
-0.00102244
-0.00102685
-0.00103108
-0.00103514
-0.00103903
-0.00104276
-0.00104632
-0.00104971
-0.00105294
-0.001056
-0.00105891
-0.00106165
-0.00106424
-0.00106667
-0.00106895
-0.00107107
-0.00107303
-0.00107485
-0.00107652
-0.00107804
-0.00107941
-0.00108064
-0.00108172
-0.00108266
-0.00108346
-0.00108412
-0.00108465
-0.00108503
-0.00108528
-0.0010854
-0.00108538
-0.00108524
-0.00108496
-0.00108455
-0.00108402
-0.00108337
-0.00108259
-0.00108169
-0.00108066
-0.00107952
-0.00107826
-0.00107689
-0.0010754
-0.00107379
-0.00107208
-0.00107025
-0.00106831
-0.00106627
-0.00106412
-0.00106186
-0.00105951
-0.00105705
-0.00105449
-0.00105183
-0.00104907
-0.00104622
-0.00104327
-0.00104023
-0.00103709
-0.00103387
-0.00103055
-0.00102715
-0.00102366
-0.00102009
-0.00101643
-0.00101269
-0.00100887
-0.00100496
-0.00100098
-0.000996923
-0.000992789
-0.00098858
-0.000984298
-0.000979943
-0.000975519
-0.000971025
-0.000966463
-0.000961834
-0.00095714
-0.000952382
-0.000947562
-0.000942679
-0.000937737
-0.000932735
-0.000927676
-0.00092256
-0.000917389
-0.000912164
-0.000906885
-0.000901556
-0.000896176
-0.000890747
-0.00088527
-0.000879746
-0.000874176
-0.000868561
-0.000862903
-0.000857202
-0.00085146
-0.000845678
-0.000839859
-0.000834001
-0.000828107
-0.000822177
-0.000816213
-0.000810216
-0.000804187
-0.000798126
-0.000792036
-0.000785917
-0.00077977
-0.000773596
-0.000767397
-0.000761173
-0.000754925
-0.000748655
-0.000742363
-0.00073605
-0.000729717
-0.000723366
-0.000716997
-0.000710611
-0.000704209
-0.000697793
-0.000691362
-0.000684919
-0.000678463
-0.000671996
-0.000665519
-0.000659033
-0.000652538
-0.000646035
-0.000639526
-0.000633011
-0.00062649
-0.000619965
-0.000613437
-0.000606907
-0.000600375
-0.000593842
-0.000587309
-0.000580777
-0.000574246
-0.000567718
-0.000561192
-0.00055467
-0.000548153
-0.000541641
-0.000535135
-0.000528636
-0.000522144
-0.000515659
-0.000509184
-0.000502718
-0.000496262
-0.000489817
-0.000483384
-0.000476963
-0.000470554
-0.000464159
-0.000457779
-0.000451413
-0.000445062
-0.000438727
-0.000432409
-0.000426108
-0.000419824
-0.000413558
-0.000407311
-0.000401084
-0.000394876
-0.000388688
-0.000382522
-0.000376377
-0.000370253
-0.000364152
-0.000358074
-0.00035202
-0.000345989
-0.000339982
-0.000334001
-0.000328044
-0.000322113
-0.000316208
-0.000310329
-0.000304478
-0.000298654
-0.000292858
-0.00028709
-0.00028135
-0.000275639
-0.000269958
-0.000264306
-0.000258684
-0.000253092
-0.000247531
-0.000242002
-0.000236503
-0.000231037
-0.000225602
-0.0002202
-0.00021483
-0.000209493
-0.000204189
-0.000198919
-0.000193682
-0.00018848
-0.000183311
-0.000178178
-0.000173079
-0.000168014
-0.000162985
-0.000157992
-0.000153034
-0.000148112
-0.000143226
-0.000138376
-0.000133563
-0.000128786
-0.000124046
-0.000119343
-0.000114677
-0.000110048
-0.000105457
-0.000100903
-9.63865e-05
-9.19082e-05
-8.74677e-05
-8.30654e-05
-7.87012e-05
-7.43754e-05
-7.00879e-05
-6.5839e-05
-6.16286e-05
-5.74569e-05
-5.3324e-05
-4.92299e-05
-4.51746e-05
-4.11583e-05
-3.7181e-05
-3.32428e-05
-2.93438e-05
-2.54838e-05
-2.16631e-05
-1.78817e-05
-1.41395e-05
-1.04365e-05
-6.77291e-06
-3.14861e-06
4.36386e-07
3.98206e-06
7.48842e-06
1.09555e-05
1.43832e-05
1.77717e-05
2.11209e-05
2.44309e-05
2.77017e-05
3.09333e-05
3.41258e-05
3.72792e-05
4.03936e-05
4.3469e-05
4.65054e-05
4.9503e-05
5.24618e-05
5.53819e-05
5.82632e-05
6.1106e-05
6.39103e-05
6.66761e-05
6.94036e-05
7.20928e-05
7.47439e-05
7.73569e-05
7.99319e-05
8.24691e-05
8.49685e-05
8.74303e-05
8.98545e-05
9.22414e-05
9.4591e-05
9.69035e-05
9.91789e-05
0.000101417
0.000103619
0.000105784
0.000107913
0.000110005
0.000112061
0.000114081
0.000116065
0.000118014
0.000119926
0.000121804
0.000123646
0.000125453
0.000127225
0.000128962
0.000130665
0.000132333
0.000133967
0.000135567
0.000137133
0.000138666
0.000140165
0.00014163
0.000143063
0.000144462
0.000145829
0.000147163
0.000148465
0.000149734
0.000150971
0.000152177
0.000153351
0.000154494
0.000155605
0.000156686
0.000157736
0.000158755
0.000159744
0.000160703
0.000161632
0.000162532
0.000163402
0.000164242
0.000165054
0.000165837
0.000166591
0.000167317
0.000168014
0.000168684
0.000169326
0.000169941
0.000170528
0.000171088
0.000171622
0.000172129
0.000172609
0.000173064
0.000173493
0.000173896
0.000174273
0.000174626
0.000174954
0.000175256
0.000175535
0.000175789
0.000176019
0.000176226
0.000176408
0.000176568
0.000176705
0.000176818
0.000176909
0.000176978
0.000177025
0.00017705
0.000177053
0.000177034
0.000176995
0.000176935
0.000176854
0.000176752
0.00017663
0.000176489
0.000176327
0.000176146
0.000175946
0.000175727
0.000175489
0.000175232
0.000174957
0.000174664
0.000174353
0.000174024
0.000173678
0.000173315
0.000172935
0.000172538
0.000172125
0.000171695
0.00017125
0.000170788
0.000170311
0.000169819
0.000169312
0.000168789
0.000168252
0.000167701
0.000167135
0.000166556
0.000165962
0.000165356
0.000164735
0.000164102
0.000163456
0.000162797
0.000162126
0.000161442
0.000160747
0.000160039
0.00015932
0.00015859
0.000157849
0.000157096
0.000156333
0.00015556
0.000154776
0.000153982
0.000153178
0.000152365
0.000151542
0.00015071
0.000149868
0.000149018
0.000148159
0.000147292
0.000146416
0.000145533
0.000144641
0.000143742
0.000142835
0.000141921
0.000141
0.000140072
0.000139137
0.000138195
0.000137248
0.000136293
0.000135333
0.000134367
0.000133396
0.000132419
0.000131437
0.000130449
0.000129457
0.00012846
0.000127458
0.000126452
0.000125442
0.000124427
0.000123409
0.000122387
0.000121362
0.000120333
0.000119301
0.000118266
0.000117227
0.000116187
0.000115143
0.000114097
0.000113048
0.000111998
0.000110945
0.000109891
0.000108834
0.000107777
0.000106718
0.000105657
0.000104595
0.000103533
0.000102469
0.000101405
0.00010034
9.92752e-05
9.82097e-05
9.7144e-05
9.60782e-05
9.50125e-05
9.3947e-05
9.28818e-05
9.1817e-05
9.07529e-05
8.96894e-05
8.86268e-05
8.75652e-05
8.65046e-05
8.54452e-05
8.43871e-05
8.33304e-05
8.22752e-05
8.12216e-05
8.01698e-05
7.91199e-05
7.80719e-05
7.70259e-05
7.59822e-05
7.49406e-05
7.39015e-05
7.28648e-05
7.18306e-05
7.07991e-05
6.97704e-05
6.87445e-05
6.77215e-05
6.67017e-05
6.56849e-05
6.46714e-05
6.36612e-05
6.26543e-05
6.16509e-05
6.06511e-05
5.96549e-05
5.86624e-05
5.76737e-05
5.66889e-05
5.57081e-05
5.47313e-05
5.37586e-05
5.279e-05
5.18257e-05
5.08657e-05
4.99101e-05
4.89589e-05
4.80121e-05
4.707e-05
4.61325e-05
4.51997e-05
4.42717e-05
4.33485e-05
4.24302e-05
4.15168e-05
4.06084e-05
3.9705e-05
3.88068e-05
3.79137e-05
3.70258e-05
3.61431e-05
3.52658e-05
3.43939e-05
3.35273e-05
3.26662e-05
3.18105e-05
3.09604e-05
3.01158e-05
2.92769e-05
2.84436e-05
2.7616e-05
2.67941e-05
2.59781e-05
2.51678e-05
2.43633e-05
2.35647e-05
2.2772e-05
2.19853e-05
2.12045e-05
2.04297e-05
1.96609e-05
1.88982e-05
1.81415e-05
1.7391e-05
1.66465e-05
1.59082e-05
1.51761e-05
1.44502e-05
1.37304e-05
1.30169e-05
1.23097e-05
1.16087e-05
1.09139e-05
1.02255e-05
9.5433e-06
8.86747e-06
8.19798e-06
7.53482e-06
6.87802e-06
6.22758e-06
5.58352e-06
4.94583e-06
4.31453e-06
3.68963e-06
3.07112e-06
2.45901e-06
1.85332e-06
1.25403e-06
6.61161e-07
7.47032e-08
-5.05339e-07
-1.07897e-06
-1.64618e-06
-2.20698e-06
-2.76137e-06
-3.30935e-06
-3.85093e-06
-4.38611e-06
-4.9149e-06
-5.4373e-06
-5.95333e-06
-6.46298e-06
-6.96627e-06
-7.4632e-06
-7.95379e-06
-8.43804e-06
-8.91597e-06
-9.38759e-06
-9.85291e-06
-1.03119e-05
-1.07647e-05
-1.12112e-05
-1.16514e-05
-1.20855e-05
-1.25133e-05
-1.29349e-05
-1.33503e-05
-1.37596e-05
-1.41627e-05
-1.45597e-05
-1.49506e-05
-1.53354e-05
-1.57142e-05
-1.60869e-05
-1.64535e-05
-1.68142e-05
-1.71689e-05
-1.75176e-05
-1.78604e-05
-1.81973e-05
-1.85283e-05
-1.88534e-05
-1.91727e-05
-1.94862e-05
-1.97939e-05
-2.00959e-05
-2.03921e-05
-2.06826e-05
-2.09675e-05
-2.12466e-05
-2.15202e-05
-2.17882e-05
-2.20506e-05
-2.23074e-05
-2.25588e-05
-2.28046e-05
-2.3045e-05
-2.328e-05
-2.35096e-05
-2.37339e-05
-2.39528e-05
-2.41665e-05
-2.43749e-05
-2.45781e-05
-2.47761e-05
-2.49689e-05
-2.51566e-05
-2.53392e-05
-2.55168e-05
-2.56893e-05
-2.58569e-05
-2.60195e-05
-2.61771e-05
-2.63299e-05
-2.64778e-05
-2.66209e-05
-2.67593e-05
-2.68929e-05
-2.70217e-05
-2.7146e-05
-2.72656e-05
-2.73805e-05
-2.7491e-05
-2.75968e-05
-2.76982e-05
-2.77952e-05
-2.78877e-05
-2.79758e-05
-2.80596e-05
-2.81391e-05
-2.82143e-05
-2.82853e-05
-2.83521e-05
-2.84148e-05
-2.84733e-05
-2.85278e-05
-2.85782e-05
-2.86247e-05
-2.86671e-05
-2.87056e-05
-2.87403e-05
-2.87711e-05
-2.8798e-05
-2.88213e-05
-2.88407e-05
-2.88565e-05
-2.88686e-05
-2.88771e-05
-2.88821e-05
-2.88835e-05
-2.88814e-05
-2.88758e-05
-2.88668e-05
-2.88544e-05
-2.88387e-05
-2.88196e-05
-2.87973e-05
-2.87718e-05
-2.87431e-05
-2.87112e-05
-2.86762e-05
-2.86381e-05
-2.8597e-05
-2.85529e-05
-2.85058e-05
-2.84558e-05
-2.84029e-05
-2.83471e-05
-2.82886e-05
-2.82272e-05
-2.81632e-05
-2.80965e-05
-2.80271e-05
-2.7955e-05
-2.78804e-05
-2.78032e-05
-2.77235e-05
-2.76413e-05
-2.75567e-05
-2.74697e-05
-2.73803e-05
-2.72886e-05
-2.71946e-05
-2.70984e-05
-2.69999e-05
-2.68993e-05
-2.67965e-05
-2.66916e-05
-2.65847e-05
-2.64757e-05
-2.63647e-05
-2.62517e-05
-2.61368e-05
-2.602e-05
-2.59014e-05
-2.57809e-05
-2.56587e-05
-2.55346e-05
-2.54089e-05
-2.52815e-05
-2.51524e-05
-2.50216e-05
-2.48893e-05
-2.47555e-05
-2.46201e-05
-2.44832e-05
-2.43449e-05
-2.42052e-05
-2.4064e-05
-2.39215e-05
-2.37777e-05
-2.36326e-05
-2.34862e-05
-2.33386e-05
-2.31898e-05
-2.30398e-05
-2.28887e-05
-2.27365e-05
-2.25832e-05
-2.24289e-05
-2.22735e-05
-2.21172e-05
-2.19599e-05
-2.18016e-05
-2.16425e-05
-2.14825e-05
-2.13217e-05
-2.116e-05
-2.09976e-05
-2.08344e-05
-2.06705e-05
-2.05059e-05
-2.03406e-05
-2.01747e-05
-2.00082e-05
-1.9841e-05
-1.96733e-05
-1.95051e-05
-1.93363e-05
-1.91671e-05
-1.89974e-05
-1.88272e-05
-1.86567e-05
-1.84857e-05
-1.83145e-05
-1.81428e-05
-1.79709e-05
-1.77987e-05
-1.76262e-05
-1.74535e-05
-1.72805e-05
-1.71074e-05
-1.69341e-05
-1.67606e-05
-1.6587e-05
-1.64133e-05
-1.62396e-05
-1.60658e-05
-1.58919e-05
-1.57181e-05
-1.55442e-05
-1.53704e-05
-1.51966e-05
-1.50229e-05
-1.48493e-05
-1.46758e-05
-1.45024e-05
-1.43291e-05
-1.41561e-05
-1.39832e-05
-1.38105e-05
-1.3638e-05
-1.34658e-05
-1.32938e-05
-1.31221e-05
-1.29507e-05
-1.27797e-05
-1.26089e-05
-1.24385e-05
-1.22685e-05
-1.20988e-05
-1.19296e-05
-1.17608e-05
-1.15924e-05
-1.14244e-05
-1.12569e-05
-1.10899e-05
-1.09234e-05
-1.07573e-05
-1.05918e-05
-1.04269e-05
-1.02625e-05
-1.00986e-05
-9.93534e-06
-9.77264e-06
-9.61056e-06
-9.44909e-06
-9.28825e-06
-9.12806e-06
-8.96851e-06
-8.80964e-06
-8.65144e-06
-8.49393e-06
-8.33712e-06
-8.18102e-06
-8.02565e-06
-7.87102e-06
-7.71712e-06
-7.56398e-06
-7.41161e-06
-7.26001e-06
-7.1092e-06
-6.95918e-06
-6.80996e-06
-6.66156e-06
-6.51398e-06
-6.36722e-06
-6.22131e-06
-6.07625e-06
-5.93204e-06
-5.7887e-06
-5.64623e-06
-5.50464e-06
-5.36393e-06
-5.22412e-06
-5.08522e-06
-4.94721e-06
-4.81012e-06
-4.67395e-06
-4.53871e-06
-4.4044e-06
-4.27103e-06
-4.13861e-06
-4.00713e-06
-3.87662e-06
-3.74706e-06
-3.61848e-06
-3.49086e-06
-3.36423e-06
-3.23857e-06
-3.1139e-06
-2.99022e-06
-2.86753e-06
-2.74584e-06
-2.62515e-06
-2.50547e-06
-2.3868e-06
-2.26913e-06
-2.15248e-06
-2.03685e-06
-1.92224e-06
-1.80866e-06
-1.69609e-06
-1.58456e-06
-1.47406e-06
-1.36458e-06
-1.25614e-06
-1.14874e-06
-1.04237e-06
-9.37045e-07
-8.32757e-07
-7.2951e-07
-6.27306e-07
-5.26145e-07
-4.26027e-07
-3.26955e-07
-2.28928e-07
-1.31947e-07
-3.60116e-08
5.88776e-08
1.52721e-07
2.45518e-07
3.3727e-07
4.27977e-07
5.17638e-07
6.06255e-07
6.93829e-07
7.80359e-07
8.65848e-07
9.50297e-07
1.03371e-06
1.11608e-06
1.19741e-06
1.27771e-06
1.35697e-06
1.43521e-06
1.51241e-06
1.58858e-06
1.66373e-06
1.73786e-06
1.81096e-06
1.88304e-06
1.95411e-06
2.02417e-06
2.09321e-06
2.16124e-06
2.22826e-06
2.29429e-06
2.35931e-06
2.42334e-06
2.48637e-06
2.54841e-06
2.60947e-06
2.66954e-06
2.72863e-06
2.78674e-06
2.84388e-06
2.90006e-06
2.95527e-06
3.00951e-06
3.0628e-06
3.11514e-06
3.16652e-06
3.21697e-06
3.26647e-06
3.31503e-06
3.36266e-06
3.40936e-06
3.45514e-06
3.5e-06
3.54395e-06
3.58699e-06
3.62912e-06
3.67035e-06
3.71069e-06
3.75014e-06
3.7887e-06
3.82639e-06
3.86319e-06
3.89913e-06
3.93421e-06
3.96842e-06
4.00179e-06
4.0343e-06
4.06597e-06
4.0968e-06
4.1268e-06
4.15598e-06
4.18433e-06
4.21186e-06
4.23859e-06
4.26451e-06
4.28963e-06
4.31396e-06
4.33751e-06
4.36027e-06
4.38225e-06
4.40346e-06
4.42391e-06
4.4436e-06
4.46254e-06
4.48073e-06
4.49818e-06
4.5149e-06
4.53088e-06
4.54615e-06
4.56071e-06
4.57455e-06
4.58769e-06
4.60013e-06
4.61188e-06
4.62295e-06
4.63333e-06
4.64305e-06
4.65209e-06
4.66048e-06
4.66821e-06
4.6753e-06
4.68174e-06
4.68754e-06
4.69272e-06
4.69727e-06
4.7012e-06
4.70453e-06
4.70726e-06
4.70938e-06
4.71092e-06
4.71186e-06
4.71223e-06
4.71203e-06
4.71126e-06
4.70993e-06
4.70805e-06
4.70562e-06
4.70265e-06
4.69914e-06
4.69511e-06
4.69055e-06
4.68547e-06
4.67989e-06
4.67379e-06
4.6672e-06
4.66012e-06
4.65256e-06
4.64451e-06
4.636e-06
4.62702e-06
4.61758e-06
4.60768e-06
4.59734e-06
4.58656e-06
4.57534e-06
4.56369e-06
4.55162e-06
4.53913e-06
4.52624e-06
4.51294e-06
4.49924e-06
4.48515e-06
4.47067e-06
4.45581e-06
4.44058e-06
4.42497e-06
4.40901e-06
4.39268e-06
4.37601e-06
4.35898e-06
4.34162e-06
4.32393e-06
4.3059e-06
4.28755e-06
4.26889e-06
4.24992e-06
4.23064e-06
4.21106e-06
4.19119e-06
4.17103e-06
4.15059e-06
4.12987e-06
4.10888e-06
4.08762e-06
4.0661e-06
4.04433e-06
4.0223e-06
4.00003e-06
3.97752e-06
3.95478e-06
3.93181e-06
3.90861e-06
3.8852e-06
3.86157e-06
3.83774e-06
3.81371e-06
3.78948e-06
3.76506e-06
3.74045e-06
3.71566e-06
3.69069e-06
3.66555e-06
3.64024e-06
3.61477e-06
3.58914e-06
3.56337e-06
3.53744e-06
3.51137e-06
3.48516e-06
3.45882e-06
3.43235e-06
3.40575e-06
3.37904e-06
3.35221e-06
3.32527e-06
3.29822e-06
3.27107e-06
3.24382e-06
3.21648e-06
3.18905e-06
3.16153e-06
3.13393e-06
3.10626e-06
3.07852e-06
3.0507e-06
3.02283e-06
2.9949e-06
2.96691e-06
2.93886e-06
2.91078e-06
2.88264e-06
2.85447e-06
2.82627e-06
2.79803e-06
2.76976e-06
2.74147e-06
2.71316e-06
2.68483e-06
2.65648e-06
2.62813e-06
2.59978e-06
2.57141e-06
2.54305e-06
2.5147e-06
2.48635e-06
2.45801e-06
2.42969e-06
2.40138e-06
2.37309e-06
2.34483e-06
2.3166e-06
2.28839e-06
2.26021e-06
2.23208e-06
2.20398e-06
2.17592e-06
2.14791e-06
2.11994e-06
2.09203e-06
2.06416e-06
2.03636e-06
2.00861e-06
1.98092e-06
1.9533e-06
1.92574e-06
1.89825e-06
1.87083e-06
1.84349e-06
1.81622e-06
1.78904e-06
1.76193e-06
1.73491e-06
1.70798e-06
1.68113e-06
1.65438e-06
1.62772e-06
1.60115e-06
1.57469e-06
1.54832e-06
1.52205e-06
1.49589e-06
1.46984e-06
1.44389e-06
1.41805e-06
1.39233e-06
1.36672e-06
1.34122e-06
1.31584e-06
1.29059e-06
1.26545e-06
1.24044e-06
1.21555e-06
1.19078e-06
1.16614e-06
1.14163e-06
1.11726e-06
1.09301e-06
1.0689e-06
1.04492e-06
1.02108e-06
9.97379e-07
9.73815e-07
9.50391e-07
9.27109e-07
9.0397e-07
8.80975e-07
8.58126e-07
8.35423e-07
8.12868e-07
7.90461e-07
7.68205e-07
7.46099e-07
7.24146e-07
7.02346e-07
6.80699e-07
6.59208e-07
6.37873e-07
6.16694e-07
5.95673e-07
5.7481e-07
5.54106e-07
5.33562e-07
5.13179e-07
4.92957e-07
4.72898e-07
4.53001e-07
4.33267e-07
4.13698e-07
3.94293e-07
3.75053e-07
3.55978e-07
3.3707e-07
3.18328e-07
2.99753e-07
2.81345e-07
2.63105e-07
2.45033e-07
2.27129e-07
2.09395e-07
1.91828e-07
1.74432e-07
1.57204e-07
1.40147e-07
1.23259e-07
1.06541e-07
8.99939e-08
7.36169e-08
5.74104e-08
4.13744e-08
2.55091e-08
9.81444e-09
-5.70944e-09
-2.10626e-08
-3.6245e-08
-5.12567e-08
-6.60978e-08
-8.07683e-08
-9.52684e-08
-1.09598e-07
-1.23758e-07
-1.37747e-07
-1.51567e-07
-1.65217e-07
-1.78697e-07
-1.92008e-07
-2.05151e-07
-2.18124e-07
-2.30929e-07
-2.43566e-07
-2.56035e-07
-2.68337e-07
-2.80471e-07
-2.92439e-07
-3.0424e-07
-3.15875e-07
-3.27344e-07
-3.38649e-07
-3.49789e-07
-3.60764e-07
-3.71576e-07
-3.82225e-07
-3.9271e-07
-4.03034e-07
-4.13195e-07
-4.23195e-07
-4.33035e-07
-4.42715e-07
-4.52235e-07
-4.61597e-07
-4.708e-07
-4.79846e-07
-4.88735e-07
-4.97467e-07
-5.06044e-07
-5.14465e-07
-5.22732e-07
-5.30846e-07
-5.38806e-07
-5.46614e-07
-5.54271e-07
-5.61778e-07
-5.69134e-07
-5.76341e-07
-5.834e-07
-5.90311e-07
-5.97076e-07
-6.03694e-07
-6.10167e-07
-6.16495e-07
-6.2268e-07
-6.28722e-07
-6.34621e-07
-6.40379e-07
-6.45997e-07
-6.51476e-07
-6.56815e-07
-6.62017e-07
-6.67081e-07
-6.7201e-07
-6.76803e-07
-6.81463e-07
-6.85989e-07
-6.90383e-07
-6.94645e-07
-6.98777e-07
-7.0278e-07
-7.06653e-07
-7.10398e-07
-7.14017e-07
-7.1751e-07
-7.20878e-07
-7.24122e-07
-7.27244e-07
-7.30243e-07
-7.33122e-07
-7.35881e-07
-7.38521e-07
-7.41043e-07
-7.43449e-07
-7.45738e-07
-7.47911e-07
-7.49971e-07
-7.51917e-07
-7.53752e-07
-7.55475e-07
-7.57088e-07
-7.58592e-07
-7.59987e-07
-7.61276e-07
-7.62459e-07
-7.63538e-07
-7.64512e-07
-7.65383e-07
-7.66152e-07
-7.6682e-07
-7.67388e-07
-7.67858e-07
-7.68229e-07
-7.68503e-07
-7.68681e-07
-7.68764e-07
-7.68754e-07
-7.68651e-07
-7.68456e-07
-7.68171e-07
-7.67795e-07
-7.67332e-07
-7.66781e-07
-7.66143e-07
-7.6542e-07
-7.64613e-07
-7.63723e-07
-7.6275e-07
-7.61696e-07
-7.60561e-07
-7.59347e-07
-7.58055e-07
-7.56685e-07
-7.55239e-07
-7.53718e-07
-7.52123e-07
-7.50454e-07
-7.48713e-07
-7.46901e-07
-7.45019e-07
-7.43067e-07
-7.41047e-07
-7.38959e-07
-7.36805e-07
-7.34585e-07
-7.32301e-07
-7.29954e-07
-7.27544e-07
-7.25073e-07
-7.22542e-07
-7.19951e-07
-7.17302e-07
-7.14595e-07
-7.11831e-07
-7.09012e-07
-7.06138e-07
-7.0321e-07
-7.0023e-07
-6.97198e-07
-6.94115e-07
-6.90982e-07
-6.878e-07
-6.84569e-07
-6.81292e-07
-6.77967e-07
-6.74598e-07
-6.71184e-07
-6.67727e-07
-6.64226e-07
-6.60684e-07
-6.57101e-07
-6.53478e-07
-6.49815e-07
-6.46115e-07
-6.42377e-07
-6.38603e-07
-6.34792e-07
-6.30947e-07
-6.27068e-07
-6.23155e-07
-6.19211e-07
-6.15234e-07
-6.11228e-07
-6.07191e-07
-6.03125e-07
-5.9903e-07
-5.94908e-07
-5.9076e-07
-5.86586e-07
-5.82386e-07
-5.78162e-07
-5.73915e-07
-5.69645e-07
-5.65353e-07
-5.61039e-07
-5.56706e-07
-5.52352e-07
-5.4798e-07
-5.43589e-07
-5.39181e-07
-5.34756e-07
-5.30315e-07
-5.25858e-07
-5.21387e-07
-5.16902e-07
-5.12403e-07
-5.07892e-07
-5.03369e-07
-4.98834e-07
-4.94289e-07
-4.89735e-07
-4.85171e-07
-4.80599e-07
-4.76019e-07
-4.71432e-07
-4.66837e-07
-4.62237e-07
-4.57632e-07
-4.53022e-07
-4.48408e-07
-4.4379e-07
-4.39169e-07
-4.34546e-07
-4.29921e-07
-4.25295e-07
-4.20669e-07
-4.16042e-07
-4.11415e-07
-4.0679e-07
-4.02166e-07
-3.97545e-07
-3.92925e-07
-3.88309e-07
-3.83697e-07
-3.79088e-07
-3.74485e-07
-3.69887e-07
-3.65295e-07
-3.60708e-07
-3.56129e-07
-3.51556e-07
-3.46992e-07
-3.42435e-07
-3.37887e-07
-3.33348e-07
-3.28818e-07
-3.24299e-07
-3.19789e-07
-3.15291e-07
-3.10803e-07
-3.06327e-07
-3.01864e-07
-2.97412e-07
-2.92974e-07
-2.88549e-07
-2.84137e-07
-2.79739e-07
-2.75356e-07
-2.70987e-07
-2.66634e-07
-2.62296e-07
-2.57974e-07
-2.53668e-07
-2.49379e-07
-2.45107e-07
-2.40852e-07
-2.36614e-07
-2.32395e-07
-2.28193e-07
-2.24011e-07
-2.19847e-07
-2.15702e-07
-2.11576e-07
-2.0747e-07
-2.03384e-07
-1.99318e-07
-1.95273e-07
-1.91248e-07
-1.87244e-07
-1.83262e-07
-1.79301e-07
-1.75362e-07
-1.71445e-07
-1.6755e-07
-1.63677e-07
-1.59827e-07
-1.56e-07
-1.52197e-07
-1.48416e-07
-1.44659e-07
-1.40925e-07
-1.37216e-07
-1.3353e-07
-1.29869e-07
-1.26232e-07
-1.2262e-07
-1.19032e-07
-1.1547e-07
-1.11932e-07
-1.0842e-07
-1.04933e-07
-1.01472e-07
-9.80359e-08
-9.4626e-08
-9.12421e-08
-8.78842e-08
-8.45525e-08
-8.12471e-08
-7.79682e-08
-7.47158e-08
-7.149e-08
-6.8291e-08
-6.51187e-08
-6.19733e-08
-5.88549e-08
-5.57636e-08
-5.26994e-08
-4.96624e-08
-4.66527e-08
-4.36704e-08
-4.07154e-08
-3.77879e-08
-3.48879e-08
-3.20154e-08
-2.91706e-08
-2.63533e-08
-2.35638e-08
-2.0802e-08
-1.80679e-08
-1.53615e-08
-1.2683e-08
-1.00323e-08
-7.40937e-09
-4.8143e-09
-2.24708e-09
2.92291e-10
2.80381e-09
5.28748e-09
7.74331e-09
1.01713e-08
1.25715e-08
1.49438e-08
1.72884e-08
1.96052e-08
2.18943e-08
2.41556e-08
2.63893e-08
2.85953e-08
3.07737e-08
3.29245e-08
3.50478e-08
3.71436e-08
3.9212e-08
4.1253e-08
4.32667e-08
4.52531e-08
4.72123e-08
4.91443e-08
5.10492e-08
5.29271e-08
5.4778e-08
5.66021e-08
5.83994e-08
6.01699e-08
6.19138e-08
6.36311e-08
6.53219e-08
6.69864e-08
6.86245e-08
7.02364e-08
7.18222e-08
7.33819e-08
7.49156e-08
7.64236e-08
7.79058e-08
7.93623e-08
8.07933e-08
8.2199e-08
8.35792e-08
8.49343e-08
8.62644e-08
8.75694e-08
8.88496e-08
9.0105e-08
9.13358e-08
9.2542e-08
9.37239e-08
9.48814e-08
9.60148e-08
9.71242e-08
9.82098e-08
9.92716e-08
1.0031e-07
1.01324e-07
1.02316e-07
1.03284e-07
1.04229e-07
1.05151e-07
1.06051e-07
1.06927e-07
1.07782e-07
1.08614e-07
1.09423e-07
1.10211e-07
1.10977e-07
1.11721e-07
1.12443e-07
1.13144e-07
1.13823e-07
1.14481e-07
1.15119e-07
1.15735e-07
1.16331e-07
1.16906e-07
1.1746e-07
1.17994e-07
1.18509e-07
1.19003e-07
1.19478e-07
1.19933e-07
1.20368e-07
1.20784e-07
1.21181e-07
1.21559e-07
1.21919e-07
1.22259e-07
1.22581e-07
1.22885e-07
1.23171e-07
1.23439e-07
1.23689e-07
1.23921e-07
1.24135e-07
1.24333e-07
1.24513e-07
1.24676e-07
1.24823e-07
1.24952e-07
1.25065e-07
1.25162e-07
1.25243e-07
1.25308e-07
1.25357e-07
1.2539e-07
1.25407e-07
1.2541e-07
1.25397e-07
1.25369e-07
1.25326e-07
1.25269e-07
1.25197e-07
1.25111e-07
1.2501e-07
1.24896e-07
1.24768e-07
1.24626e-07
1.24471e-07
1.24302e-07
1.2412e-07
1.23925e-07
1.23718e-07
1.23498e-07
1.23265e-07
1.2302e-07
1.22763e-07
1.22494e-07
1.22213e-07
1.2192e-07
1.21616e-07
1.213e-07
1.20973e-07
1.20636e-07
1.20287e-07
1.19928e-07
1.19558e-07
1.19177e-07
1.18787e-07
1.18386e-07
1.17976e-07
1.17555e-07
1.17126e-07
1.16686e-07
1.16238e-07
1.1578e-07
1.15313e-07
1.14838e-07
1.14354e-07
1.13861e-07
1.1336e-07
1.12851e-07
1.12334e-07
1.11809e-07
1.11276e-07
1.10735e-07
1.10187e-07
1.09632e-07
1.0907e-07
1.085e-07
1.07924e-07
1.07341e-07
1.06752e-07
1.06156e-07
1.05554e-07
1.04945e-07
1.04331e-07
1.03711e-07
1.03085e-07
1.02453e-07
1.01816e-07
1.01174e-07
1.00527e-07
9.98743e-08
9.9217e-08
9.85548e-08
9.78881e-08
9.72168e-08
9.65412e-08
9.58613e-08
9.51773e-08
9.44894e-08
9.37975e-08
9.31019e-08
9.24026e-08
9.16999e-08
9.09938e-08
9.02844e-08
8.9572e-08
8.88565e-08
8.81381e-08
8.74171e-08
8.66933e-08
8.5967e-08
8.52382e-08
8.45071e-08
8.37738e-08
8.30384e-08
8.2301e-08
8.15618e-08
8.08209e-08
8.00783e-08
7.93343e-08
7.85888e-08
7.7842e-08
7.7094e-08
7.63449e-08
7.55948e-08
7.48437e-08
7.40919e-08
7.33393e-08
7.25861e-08
7.18324e-08
7.10784e-08
7.0324e-08
6.95693e-08
6.88146e-08
6.80598e-08
6.73051e-08
6.65505e-08
6.57961e-08
6.50421e-08
6.42884e-08
6.35353e-08
6.27827e-08
6.20309e-08
6.12798e-08
6.05295e-08
5.97801e-08
5.90317e-08
5.82844e-08
5.75382e-08
5.67933e-08
5.60496e-08
5.53074e-08
5.45665e-08
5.38272e-08
5.30895e-08
5.23535e-08
5.16192e-08
5.08868e-08
5.01562e-08
4.94276e-08
4.8701e-08
4.79764e-08
4.7254e-08
4.65338e-08
4.58159e-08
4.51002e-08
4.4387e-08
4.36762e-08
4.29679e-08
4.22622e-08
4.1559e-08
4.08586e-08
4.01609e-08
3.94661e-08
3.8774e-08
3.80849e-08
3.73987e-08
3.67155e-08
3.60354e-08
3.53584e-08
3.46845e-08
3.40138e-08
3.33463e-08
3.26822e-08
3.20213e-08
3.13638e-08
3.07097e-08
3.00591e-08
2.9412e-08
2.87685e-08
2.81285e-08
2.74921e-08
2.68594e-08
2.62304e-08
2.5605e-08
2.49835e-08
2.43658e-08
2.37518e-08
2.31418e-08
2.25356e-08
2.19333e-08
2.1335e-08
2.07407e-08
2.01504e-08
1.95641e-08
1.89819e-08
1.84038e-08
1.78297e-08
1.72599e-08
1.66942e-08
1.61326e-08
1.55753e-08
1.50222e-08
1.44733e-08
1.39288e-08
1.33885e-08
1.28525e-08
1.23208e-08
1.17934e-08
1.12705e-08
1.07518e-08
1.02376e-08
9.72773e-09
9.22229e-09
8.72127e-09
8.22469e-09
7.73256e-09
7.24488e-09
6.76168e-09
6.28295e-09
5.80871e-09
5.33896e-09
4.87372e-09
4.41299e-09
3.95677e-09
3.50508e-09
3.05791e-09
2.61527e-09
2.17716e-09
1.74359e-09
1.31456e-09
8.90078e-10
4.70135e-10
5.47359e-11
-3.56119e-10
-7.62429e-10
-1.1642e-09
-1.56142e-09
-1.95411e-09
-2.34226e-09
-2.72587e-09
-3.10495e-09
-3.4795e-09
-3.84953e-09
-4.21504e-09
-4.57604e-09
-4.93253e-09
-5.28452e-09
-5.63202e-09
-5.97503e-09
-6.31356e-09
-6.64762e-09
-6.97722e-09
-7.30236e-09
-7.62306e-09
-7.93933e-09
-8.25118e-09
-8.55863e-09
-8.86167e-09
-9.16033e-09
-9.45462e-09
-9.74453e-09
-1.00301e-08
-1.03113e-08
-1.05882e-08
-1.08608e-08
-1.11291e-08
-1.13931e-08
-1.16528e-08
-1.19083e-08
-1.21596e-08
-1.24066e-08
-1.26495e-08
-1.28881e-08
-1.31226e-08
-1.3353e-08
-1.35792e-08
-1.38012e-08
-1.40192e-08
-1.42331e-08
-1.4443e-08
-1.46488e-08
-1.48505e-08
-1.50483e-08
-1.52421e-08
-1.54319e-08
-1.56178e-08
-1.57998e-08
-1.59779e-08
-1.61521e-08
-1.63224e-08
-1.64889e-08
-1.66516e-08
-1.68105e-08
-1.69656e-08
-1.7117e-08
-1.72647e-08
-1.74086e-08
-1.75489e-08
-1.76855e-08
-1.78185e-08
-1.79479e-08
-1.80737e-08
-1.81959e-08
-1.83146e-08
-1.84298e-08
-1.85415e-08
-1.86497e-08
-1.87546e-08
-1.8856e-08
-1.8954e-08
-1.90486e-08
-1.914e-08
-1.9228e-08
-1.93127e-08
-1.93942e-08
-1.94724e-08
-1.95475e-08
-1.96193e-08
-1.9688e-08
-1.97536e-08
-1.98161e-08
-1.98755e-08
-1.99318e-08
-1.99851e-08
-2.00354e-08
-2.00828e-08
-2.01272e-08
-2.01686e-08
-2.02072e-08
-2.0243e-08
-2.02759e-08
-2.0306e-08
-2.03333e-08
-2.03578e-08
-2.03797e-08
-2.03988e-08
-2.04152e-08
-2.0429e-08
-2.04402e-08
-2.04488e-08
-2.04549e-08
-2.04584e-08
-2.04593e-08
-2.04579e-08
-2.04539e-08
-2.04476e-08
-2.04388e-08
-2.04277e-08
-2.04142e-08
-2.03984e-08
-2.03803e-08
-2.03599e-08
-2.03373e-08
-2.03126e-08
-2.02856e-08
-2.02564e-08
-2.02252e-08
-2.01919e-08
-2.01564e-08
-2.0119e-08
-2.00795e-08
-2.0038e-08
-1.99946e-08
-1.99492e-08
-1.99019e-08
-1.98527e-08
-1.98017e-08
-1.97488e-08
-1.96942e-08
-1.96377e-08
-1.95795e-08
-1.95196e-08
-1.94579e-08
-1.93946e-08
-1.93297e-08
-1.92631e-08
-1.91949e-08
-1.91252e-08
-1.90539e-08
-1.89811e-08
-1.89068e-08
-1.8831e-08
-1.87539e-08
-1.86752e-08
-1.85952e-08
-1.85139e-08
-1.84312e-08
-1.83471e-08
-1.82618e-08
-1.81752e-08
-1.80874e-08
-1.79983e-08
-1.7908e-08
-1.78166e-08
-1.7724e-08
-1.76302e-08
-1.75354e-08
-1.74395e-08
-1.73426e-08
-1.72446e-08
-1.71456e-08
-1.70456e-08
-1.69447e-08
-1.68428e-08
-1.674e-08
-1.66364e-08
-1.65318e-08
-1.64264e-08
-1.63202e-08
-1.62131e-08
-1.61053e-08
-1.59967e-08
-1.58874e-08
-1.57773e-08
-1.56666e-08
-1.55551e-08
-1.5443e-08
-1.53303e-08
-1.5217e-08
-1.5103e-08
-1.49885e-08
-1.48734e-08
-1.47578e-08
-1.46417e-08
-1.4525e-08
-1.44079e-08
-1.42904e-08
-1.41724e-08
-1.4054e-08
-1.39352e-08
-1.3816e-08
-1.36965e-08
-1.35766e-08
-1.34564e-08
-1.33359e-08
-1.32151e-08
-1.3094e-08
-1.29727e-08
-1.28511e-08
-1.27293e-08
-1.26073e-08
-1.24852e-08
-1.23628e-08
-1.22404e-08
-1.21177e-08
-1.1995e-08
-1.18721e-08
-1.17492e-08
-1.16262e-08
-1.15031e-08
-1.138e-08
-1.12569e-08
-1.11337e-08
-1.10106e-08
-1.08875e-08
-1.07644e-08
-1.06414e-08
-1.05184e-08
-1.03955e-08
-1.02727e-08
-1.01501e-08
-1.00275e-08
-9.90504e-09
-9.78274e-09
-9.6606e-09
-9.53862e-09
-9.41684e-09
-9.29524e-09
-9.17386e-09
-9.05271e-09
-8.93178e-09
-8.8111e-09
-8.69068e-09
-8.57053e-09
-8.45067e-09
-8.3311e-09
-8.21183e-09
-8.09288e-09
-7.97426e-09
-7.85598e-09
-7.73804e-09
-7.62046e-09
-7.50324e-09
-7.38641e-09
-7.26996e-09
-7.15391e-09
-7.03828e-09
-6.92305e-09
-6.80826e-09
-6.69389e-09
-6.57998e-09
-6.46651e-09
-6.35351e-09
-6.24099e-09
-6.12894e-09
-6.01738e-09
-5.90631e-09
-5.79574e-09
-5.68569e-09
-5.57616e-09
-5.46715e-09
-5.35868e-09
-5.25075e-09
-5.14337e-09
-5.03654e-09
-4.93028e-09
-4.82458e-09
-4.71946e-09
-4.61492e-09
-4.51096e-09
-4.40761e-09
-4.30485e-09
-4.2027e-09
-4.10116e-09
-4.00024e-09
-3.89994e-09
-3.80027e-09
-3.70124e-09
-3.60284e-09
-3.50508e-09
-3.40798e-09
-3.31152e-09
-3.21572e-09
-3.12059e-09
-3.02611e-09
-2.93231e-09
-2.83919e-09
-2.74673e-09
-2.65497e-09
-2.56388e-09
-2.47349e-09
-2.38378e-09
-2.29477e-09
-2.20646e-09
-2.11885e-09
-2.03194e-09
-1.94574e-09
-1.86024e-09
-1.77546e-09
-1.69139e-09
-1.60804e-09
-1.52541e-09
-1.4435e-09
-1.36232e-09
-1.28185e-09
-1.20212e-09
-1.12311e-09
-1.04483e-09
-9.67286e-10
-8.90473e-10
-8.14393e-10
-7.39049e-10
-6.64441e-10
-5.9057e-10
-5.17437e-10
-4.45042e-10
-3.73387e-10
-3.02471e-10
-2.32296e-10
-1.62861e-10
-9.41668e-11
-2.62138e-11
4.09982e-11
1.07469e-10
1.73199e-10
2.38188e-10
3.02437e-10
3.65946e-10
4.28715e-10
4.90744e-10
5.52035e-10
6.12588e-10
6.72404e-10
7.31483e-10
7.89827e-10
8.47436e-10
9.04313e-10
9.60457e-10
1.01587e-09
1.07055e-09
1.12451e-09
1.17774e-09
1.23024e-09
1.28202e-09
1.33308e-09
1.38342e-09
1.43304e-09
1.48194e-09
1.53013e-09
1.57761e-09
1.62438e-09
1.67044e-09
1.71579e-09
1.76044e-09
1.80438e-09
1.84763e-09
1.89018e-09
1.93204e-09
1.9732e-09
2.01368e-09
2.05347e-09
2.09258e-09
2.131e-09
2.16875e-09
2.20582e-09
2.24222e-09
2.27795e-09
2.31301e-09
2.34741e-09
2.38115e-09
2.41424e-09
2.44667e-09
2.47845e-09
2.50958e-09
2.54007e-09
2.56992e-09
2.59913e-09
2.6277e-09
2.65565e-09
2.68297e-09
2.70966e-09
2.73574e-09
2.7612e-09
2.78605e-09
2.81029e-09
2.83393e-09
2.85697e-09
2.87941e-09
2.90125e-09
2.92251e-09
2.94318e-09
2.96327e-09
2.98278e-09
3.00171e-09
3.02008e-09
3.03788e-09
3.05512e-09
3.0718e-09
3.08793e-09
3.10351e-09
3.11854e-09
3.13303e-09
3.14699e-09
3.16041e-09
3.1733e-09
3.18567e-09
3.19752e-09
3.20885e-09
3.21968e-09
3.22999e-09
3.23981e-09
3.24912e-09
3.25794e-09
3.26627e-09
3.27412e-09
3.28148e-09
3.28837e-09
3.29478e-09
3.30073e-09
3.30621e-09
3.31124e-09
3.31581e-09
3.31993e-09
3.3236e-09
3.32683e-09
3.32963e-09
3.33199e-09
3.33392e-09
3.33543e-09
3.33653e-09
3.3372e-09
3.33747e-09
3.33733e-09
3.33679e-09
3.33585e-09
3.33452e-09
3.3328e-09
3.3307e-09
3.32822e-09
3.32537e-09
3.32215e-09
3.31856e-09
3.31461e-09
3.31031e-09
3.30565e-09
3.30064e-09
3.29529e-09
3.2896e-09
3.28358e-09
3.27722e-09
3.27054e-09
3.26354e-09
3.25622e-09
3.24859e-09
3.24065e-09
3.23241e-09
3.22387e-09
3.21503e-09
3.20589e-09
3.19647e-09
3.18677e-09
3.17679e-09
3.16654e-09
3.15601e-09
3.14522e-09
3.13417e-09
3.12286e-09
3.1113e-09
3.09949e-09
3.08744e-09
3.07514e-09
3.06261e-09
3.04984e-09
3.03685e-09
3.02363e-09
3.01019e-09
2.99654e-09
2.98267e-09
2.96859e-09
2.95431e-09
2.93983e-09
2.92515e-09
2.91028e-09
2.89523e-09
2.87998e-09
2.86456e-09
2.84896e-09
2.83319e-09
2.81725e-09
2.80115e-09
2.78488e-09
2.76846e-09
2.75188e-09
2.73515e-09
2.71828e-09
2.70126e-09
2.6841e-09
2.6668e-09
2.64937e-09
2.63182e-09
2.61413e-09
2.59633e-09
2.57841e-09
2.56037e-09
2.54222e-09
2.52396e-09
2.5056e-09
2.48714e-09
2.46858e-09
2.44992e-09
2.43118e-09
2.41234e-09
2.39342e-09
2.37442e-09
2.35534e-09
2.33619e-09
2.31696e-09
2.29767e-09
2.27831e-09
2.25888e-09
2.2394e-09
2.21986e-09
2.20027e-09
2.18063e-09
2.16094e-09
2.1412e-09
2.12142e-09
2.1016e-09
2.08175e-09
2.06186e-09
2.04194e-09
2.02199e-09
2.00201e-09
1.98201e-09
1.96199e-09
1.94196e-09
1.92191e-09
1.90185e-09
1.88177e-09
1.8617e-09
1.84161e-09
1.82153e-09
1.80144e-09
1.78136e-09
1.76128e-09
1.74121e-09
1.72115e-09
1.7011e-09
1.68107e-09
1.66105e-09
1.64105e-09
1.62107e-09
1.60112e-09
1.58119e-09
1.56128e-09
1.54141e-09
1.52157e-09
1.50176e-09
1.48199e-09
1.46225e-09
1.44255e-09
1.4229e-09
1.40329e-09
1.38372e-09
1.3642e-09
1.34473e-09
1.32531e-09
1.30595e-09
1.28664e-09
1.26738e-09
1.24818e-09
1.22905e-09
1.20997e-09
1.19096e-09
1.17201e-09
1.15312e-09
1.13431e-09
1.11556e-09
1.09689e-09
1.07829e-09
1.05976e-09
1.0413e-09
1.02292e-09
1.00462e-09
9.86403e-10
9.68263e-10
9.50204e-10
9.32228e-10
9.14337e-10
8.96532e-10
8.78813e-10
8.61183e-10
8.43642e-10
8.26191e-10
8.08832e-10
7.91565e-10
7.74391e-10
7.57312e-10
7.40329e-10
7.23442e-10
7.06653e-10
6.89962e-10
6.73371e-10
6.56881e-10
6.40491e-10
6.24204e-10
6.08019e-10
5.91939e-10
5.75963e-10
5.60093e-10
5.44329e-10
5.28673e-10
5.13124e-10
4.97684e-10
4.82352e-10
4.67131e-10
4.5202e-10
4.37019e-10
4.22131e-10
4.07354e-10
3.9269e-10
3.78139e-10
3.63702e-10
3.4938e-10
3.35172e-10
3.21079e-10
3.07102e-10
2.93241e-10
2.79497e-10
2.6587e-10
2.52359e-10
2.38967e-10
2.25692e-10
2.12535e-10
1.99497e-10
1.86578e-10
1.73778e-10
1.61097e-10
1.48536e-10
1.36095e-10
1.23773e-10
1.11571e-10
9.94898e-11
8.75287e-11
7.5688e-11
6.39679e-11
5.23685e-11
4.08897e-11
2.95317e-11
1.82946e-11
7.17832e-12
-3.81708e-12
-1.46916e-11
-2.54453e-11
-3.60781e-11
-4.65901e-11
-5.69814e-11
-6.72521e-11
-7.74021e-11
-8.74316e-11
-9.73407e-11
-1.0713e-10
-1.16798e-10
-1.26347e-10
-1.35776e-10
-1.45085e-10
-1.54275e-10
-1.63346e-10
-1.72297e-10
-1.8113e-10
-1.89844e-10
-1.9844e-10
-2.06917e-10
-2.15277e-10
-2.23519e-10
-2.31645e-10
-2.39653e-10
-2.47544e-10
-2.5532e-10
-2.62979e-10
-2.70522e-10
-2.77951e-10
-2.85264e-10
-2.92463e-10
-2.99548e-10
-3.06519e-10
-3.13376e-10
-3.20121e-10
-3.26753e-10
-3.33273e-10
-3.39682e-10
-3.45979e-10
-3.52166e-10
-3.58243e-10
-3.6421e-10
-3.70067e-10
-3.75815e-10
-3.81455e-10
-3.86988e-10
-3.92412e-10
-3.97731e-10
-4.02943e-10
-4.08049e-10
-4.1305e-10
-4.17946e-10
-4.22738e-10
-4.27427e-10
-4.32013e-10
-4.36496e-10
-4.40877e-10
-4.45158e-10
-4.49337e-10
-4.53417e-10
-4.57397e-10
-4.61279e-10
-4.65062e-10
-4.68748e-10
-4.72337e-10
-4.7583e-10
-4.79226e-10
-4.82528e-10
-4.85735e-10
-4.88849e-10
-4.91869e-10
-4.94797e-10
-4.97633e-10
-5.00378e-10
-5.03032e-10
-5.05596e-10
-5.08071e-10
-5.10458e-10
-5.12757e-10
-5.14969e-10
-5.17095e-10
-5.19135e-10
-5.2109e-10
-5.2296e-10
-5.24747e-10
-5.26451e-10
-5.28073e-10
-5.29614e-10
-5.31074e-10
-5.32454e-10
-5.33754e-10
-5.34976e-10
-5.3612e-10
-5.37187e-10
-5.38176e-10
-5.3909e-10
-5.39929e-10
-5.40693e-10
-5.41384e-10
-5.42001e-10
-5.42547e-10
-5.43021e-10
-5.43425e-10
-5.43758e-10
-5.44022e-10
-5.44218e-10
-5.44346e-10
-5.44407e-10
-5.44402e-10
-5.44331e-10
-5.44194e-10
-5.43994e-10
-5.4373e-10
-5.43403e-10
-5.43015e-10
-5.42565e-10
-5.42054e-10
-5.41483e-10
-5.40854e-10
-5.40166e-10
-5.3942e-10
-5.38617e-10
-5.37757e-10
-5.36842e-10
-5.35872e-10
-5.34849e-10
-5.33772e-10
-5.32642e-10
-5.31461e-10
-5.30229e-10
-5.28946e-10
-5.27614e-10
-5.26232e-10
-5.24803e-10
-5.23325e-10
-5.21801e-10
-5.20231e-10
-5.18614e-10
-5.16953e-10
-5.15248e-10
-5.13499e-10
-5.11707e-10
-5.09873e-10
-5.07998e-10
-5.06082e-10
-5.04125e-10
-5.02129e-10
-5.00095e-10
-4.98022e-10
-4.95912e-10
-4.93766e-10
-4.91583e-10
-4.89365e-10
-4.87112e-10
-4.84825e-10
-4.82504e-10
-4.80151e-10
-4.77765e-10
-4.75348e-10
-4.729e-10
-4.70421e-10
-4.67913e-10
-4.65376e-10
-4.6281e-10
-4.60217e-10
-4.57596e-10
-4.54949e-10
-4.52276e-10
-4.49578e-10
-4.46855e-10
-4.44108e-10
-4.41337e-10
-4.38544e-10
-4.35728e-10
-4.32891e-10
-4.30032e-10
-4.27153e-10
-4.24254e-10
-4.21336e-10
-4.18399e-10
-4.15443e-10
-4.1247e-10
-4.09479e-10
-4.06472e-10
-4.03449e-10
-4.0041e-10
-3.97356e-10
-3.94288e-10
-3.91206e-10
-3.88111e-10
-3.85002e-10
-3.81882e-10
-3.78749e-10
-3.75605e-10
-3.7245e-10
-3.69284e-10
-3.66109e-10
-3.62924e-10
-3.59731e-10
-3.56528e-10
-3.53318e-10
-3.501e-10
-3.46876e-10
-3.43645e-10
-3.40407e-10
-3.37164e-10
-3.33915e-10
-3.30662e-10
-3.27405e-10
-3.24143e-10
-3.20878e-10
-3.1761e-10
-3.1434e-10
-3.11067e-10
-3.07793e-10
-3.04518e-10
-3.01242e-10
-2.97965e-10
-2.94688e-10
-2.91412e-10
-2.88136e-10
-2.84862e-10
-2.81589e-10
-2.78317e-10
-2.75048e-10
-2.71782e-10
-2.68518e-10
-2.65258e-10
-2.62002e-10
-2.58749e-10
-2.55501e-10
-2.52258e-10
-2.4902e-10
-2.45787e-10
-2.4256e-10
-2.39339e-10
-2.36124e-10
-2.32917e-10
-2.29716e-10
-2.26522e-10
-2.23336e-10
-2.20158e-10
-2.16989e-10
-2.13827e-10
-2.10675e-10
-2.07532e-10
-2.04398e-10
-2.01274e-10
-1.98159e-10
-1.95055e-10
-1.91961e-10
-1.88878e-10
-1.85806e-10
-1.82746e-10
-1.79696e-10
-1.76658e-10
-1.73633e-10
-1.70619e-10
-1.67618e-10
-1.64629e-10
-1.61653e-10
-1.5869e-10
-1.5574e-10
-1.52804e-10
-1.49882e-10
-1.46974e-10
-1.4408e-10
-1.412e-10
-1.38334e-10
-1.35484e-10
-1.32648e-10
-1.29827e-10
-1.27022e-10
-1.24232e-10
-1.21457e-10
-1.18699e-10
-1.15956e-10
-1.13229e-10
-1.10519e-10
-1.07825e-10
-1.05147e-10
-1.02486e-10
-9.98418e-11
-9.72146e-11
-9.46044e-11
-9.20113e-11
-8.94356e-11
-8.68772e-11
-8.43364e-11
-8.18133e-11
-7.93079e-11
-7.68204e-11
-7.43509e-11
-7.18994e-11
-6.94662e-11
-6.70512e-11
-6.46545e-11
-6.22764e-11
-5.99168e-11
-5.75759e-11
-5.52536e-11
-5.29501e-11
-5.06655e-11
-4.83998e-11
-4.6153e-11
-4.39253e-11
-4.17167e-11
-3.95272e-11
-3.7357e-11
-3.5206e-11
-3.30743e-11
-3.0962e-11
-2.88691e-11
-2.67957e-11
-2.47417e-11
-2.27072e-11
-2.06923e-11
-1.86969e-11
-1.67211e-11
-1.4765e-11
-1.28285e-11
-1.09117e-11
-9.01451e-12
-7.13706e-12
-5.27932e-12
-3.4413e-12
-1.62299e-12
1.75601e-13
1.95447e-12
3.71362e-12
5.45306e-12
7.17279e-12
8.87282e-12
1.05532e-11
1.22138e-11
1.38548e-11
1.54762e-11
1.70779e-11
1.86601e-11
2.02227e-11
2.17657e-11
2.32892e-11
2.47932e-11
2.62778e-11
2.77429e-11
2.91886e-11
3.06149e-11
3.2022e-11
3.34098e-11
3.47783e-11
3.61277e-11
3.74579e-11
3.8769e-11
4.00611e-11
4.13342e-11
4.25884e-11
4.38237e-11
4.50402e-11
4.62379e-11
4.74169e-11
4.85773e-11
4.97191e-11
5.08424e-11
5.19472e-11
5.30337e-11
5.41019e-11
5.51519e-11
5.61837e-11
5.71974e-11
5.81931e-11
5.91709e-11
6.01309e-11
6.10731e-11
6.19975e-11
6.29044e-11
6.37937e-11
6.46656e-11
6.55201e-11
6.63573e-11
6.71775e-11
6.79805e-11
6.87665e-11
6.95356e-11
7.02879e-11
7.10234e-11
7.17423e-11
7.24447e-11
7.31306e-11
7.38001e-11
7.44535e-11
7.50907e-11
7.57118e-11
7.6317e-11
7.69064e-11
7.74801e-11
7.8038e-11
7.85805e-11
7.91076e-11
7.96193e-11
8.01158e-11
8.05972e-11
8.10635e-11
8.1515e-11
8.19518e-11
8.23738e-11
8.27813e-11
8.31743e-11
8.3553e-11
8.39175e-11
8.42678e-11
8.46041e-11
8.49265e-11
8.52351e-11
8.553e-11
8.58114e-11
8.60792e-11
8.63338e-11
8.65752e-11
8.68035e-11
8.70188e-11
8.72212e-11
8.74109e-11
8.7588e-11
8.77525e-11
8.79047e-11
8.80445e-11
8.81722e-11
8.82879e-11
8.83917e-11
8.84837e-11
8.8564e-11
8.86328e-11
8.86901e-11
8.87361e-11
8.87709e-11
8.87945e-11
8.88072e-11
8.8809e-11
8.88001e-11
8.87805e-11
8.87505e-11
8.871e-11
8.86593e-11
8.85985e-11
8.85276e-11
8.84469e-11
8.83563e-11
8.8256e-11
8.81462e-11
8.80269e-11
8.78983e-11
8.77605e-11
8.76136e-11
8.74577e-11
8.7293e-11
8.71195e-11
8.69374e-11
8.67469e-11
8.65479e-11
8.63408e-11
8.61254e-11
8.59021e-11
8.56709e-11
8.54318e-11
8.5185e-11
8.49307e-11
8.46689e-11
8.43997e-11
8.41232e-11
8.38397e-11
8.35491e-11
8.32517e-11
8.29475e-11
8.26366e-11
8.23192e-11
8.19953e-11
8.16651e-11
8.13286e-11
8.0986e-11
8.06373e-11
8.02827e-11
7.99223e-11
7.95562e-11
7.91846e-11
7.88075e-11
7.8425e-11
7.80372e-11
7.76443e-11
7.72463e-11
7.68433e-11
7.64355e-11
7.60229e-11
7.56056e-11
7.51838e-11
7.47575e-11
7.43269e-11
7.3892e-11
7.3453e-11
7.30099e-11
7.25629e-11
7.2112e-11
7.16573e-11
7.1199e-11
7.07371e-11
7.02717e-11
6.98029e-11
6.93309e-11
6.88556e-11
6.83773e-11
6.78959e-11
6.74116e-11
6.69244e-11
6.64345e-11
6.5942e-11
6.54468e-11
6.49492e-11
6.44492e-11
6.39469e-11
6.34424e-11
6.29357e-11
6.2427e-11
6.19163e-11
6.14037e-11
6.08893e-11
6.03732e-11
5.98555e-11
5.93362e-11
5.88154e-11
5.82932e-11
5.77697e-11
5.7245e-11
5.67191e-11
5.61921e-11
5.56641e-11
5.51352e-11
5.46054e-11
5.40748e-11
5.35434e-11
5.30115e-11
5.24789e-11
5.19459e-11
5.14124e-11
5.08785e-11
5.03444e-11
4.98101e-11
4.92756e-11
4.8741e-11
4.82065e-11
4.76719e-11
4.71375e-11
4.66032e-11
4.60692e-11
4.55355e-11
4.50021e-11
4.44691e-11
4.39366e-11
4.34046e-11
4.28732e-11
4.23424e-11
4.18123e-11
4.1283e-11
4.07545e-11
4.02269e-11
3.97002e-11
3.91745e-11
3.86498e-11
3.81262e-11
3.76037e-11
3.70824e-11
3.65624e-11
3.60436e-11
3.55261e-11
3.50101e-11
3.44954e-11
3.39822e-11
3.34706e-11
3.29605e-11
3.2452e-11
3.19451e-11
3.14399e-11
3.09365e-11
3.04349e-11
2.99351e-11
2.94371e-11
2.89411e-11
2.8447e-11
2.79549e-11
2.74648e-11
2.69767e-11
2.64907e-11
2.60069e-11
2.55252e-11
2.50458e-11
2.45685e-11
2.40936e-11
2.36209e-11
2.31505e-11
2.26826e-11
2.2217e-11
2.17538e-11
2.12931e-11
2.08348e-11
2.03791e-11
1.99259e-11
1.94752e-11
1.90272e-11
1.85817e-11
1.81389e-11
1.76987e-11
1.72612e-11
1.68265e-11
1.63944e-11
1.59651e-11
1.55386e-11
1.51149e-11
1.4694e-11
1.4276e-11
1.38607e-11
1.34484e-11
1.3039e-11
1.26325e-11
1.22289e-11
1.18282e-11
1.14305e-11
1.10358e-11
1.06441e-11
1.02554e-11
9.8697e-12
9.48704e-12
9.10742e-12
8.73086e-12
8.35737e-12
7.98696e-12
7.61964e-12
7.25543e-12
6.89433e-12
6.53635e-12
6.18151e-12
5.82981e-12
5.48125e-12
5.13585e-12
4.79361e-12
4.45454e-12
4.11865e-12
3.78594e-12
3.45641e-12
3.13008e-12
2.80695e-12
2.48701e-12
2.17028e-12
1.85676e-12
1.54644e-12
1.23933e-12
9.35437e-13
6.34759e-13
3.37297e-13
4.30517e-14
-2.47976e-13
-5.35786e-13
-8.2038e-13
-1.10176e-12
-1.37992e-12
-1.65487e-12
-1.92661e-12
-2.19514e-12
-2.46047e-12
-2.72259e-12
-2.98151e-12
-3.23724e-12
-3.48977e-12
-3.73912e-12
-3.98529e-12
-4.22828e-12
-4.46809e-12
-4.70474e-12
-4.93823e-12
-5.16856e-12
-5.39575e-12
-5.6198e-12
-5.84071e-12
-6.0585e-12
-6.27317e-12
-6.48474e-12
-6.6932e-12
-6.89857e-12
-7.10086e-12
-7.30008e-12
-7.49624e-12
-7.68934e-12
-7.87941e-12
-8.06643e-12
-8.25044e-12
-8.43143e-12
-8.60943e-12
-8.78443e-12
-8.95645e-12
-9.12551e-12
-9.29162e-12
-9.45478e-12
-9.61502e-12
-9.77235e-12
-9.92676e-12
-1.00783e-11
-1.02269e-11
-1.03727e-11
-1.05156e-11
-1.06557e-11
-1.0793e-11
-1.09275e-11
-1.10592e-11
-1.11881e-11
-1.13142e-11
-1.14376e-11
-1.15583e-11
-1.16762e-11
-1.17915e-11
-1.1904e-11
-1.20139e-11
-1.21211e-11
-1.22257e-11
-1.23277e-11
-1.24271e-11
-1.25238e-11
-1.2618e-11
-1.27097e-11
-1.27988e-11
-1.28854e-11
-1.29695e-11
-1.30511e-11
-1.31302e-11
-1.32069e-11
-1.32811e-11
-1.3353e-11
-1.34224e-11
-1.34895e-11
-1.35542e-11
-1.36165e-11
-1.36765e-11
-1.37342e-11
-1.37897e-11
-1.38428e-11
-1.38937e-11
-1.39424e-11
-1.39888e-11
-1.40331e-11
-1.40752e-11
-1.41151e-11
-1.41529e-11
-1.41885e-11
-1.42221e-11
-1.42536e-11
-1.4283e-11
-1.43103e-11
-1.43356e-11
-1.4359e-11
-1.43803e-11
-1.43997e-11
-1.44171e-11
-1.44326e-11
-1.44461e-11
-1.44578e-11
-1.44676e-11
-1.44756e-11
-1.44817e-11
-1.4486e-11
-1.44885e-11
-1.44892e-11
-1.44882e-11
-1.44854e-11
-1.44809e-11
-1.44748e-11
-1.44669e-11
-1.44574e-11
-1.44462e-11
-1.44334e-11
-1.44191e-11
-1.44031e-11
-1.43856e-11
-1.43665e-11
-1.43459e-11
-1.43238e-11
-1.43002e-11
-1.42752e-11
-1.42487e-11
-1.42207e-11
-1.41914e-11
-1.41606e-11
-1.41285e-11
-1.40951e-11
-1.40603e-11
-1.40241e-11
-1.39867e-11
-1.3948e-11
-1.39081e-11
-1.38669e-11
-1.38245e-11
-1.37809e-11
-1.37361e-11
-1.36901e-11
-1.3643e-11
-1.35947e-11
-1.35453e-11
-1.34949e-11
-1.34433e-11
-1.33907e-11
-1.33371e-11
-1.32825e-11
-1.32268e-11
-1.31701e-11
-1.31125e-11
-1.3054e-11
-1.29945e-11
-1.2934e-11
-1.28727e-11
-1.28105e-11
-1.27474e-11
-1.26835e-11
-1.26188e-11
-1.25532e-11
-1.24869e-11
-1.24197e-11
-1.23518e-11
-1.22832e-11
-1.22138e-11
-1.21437e-11
-1.20729e-11
-1.20015e-11
-1.19293e-11
-1.18565e-11
-1.17831e-11
-1.1709e-11
-1.16344e-11
-1.15592e-11
-1.14834e-11
-1.1407e-11
-1.13301e-11
-1.12527e-11
-1.11747e-11
-1.10963e-11
-1.10174e-11
-1.0938e-11
-1.08582e-11
-1.07779e-11
-1.06972e-11
-1.06161e-11
-1.05347e-11
-1.04528e-11
-1.03706e-11
-1.0288e-11
-1.02051e-11
-1.01219e-11
-1.00383e-11
-9.95447e-12
-9.87034e-12
-9.78594e-12
-9.70129e-12
-9.61639e-12
-9.53126e-12
-9.44592e-12
-9.36037e-12
-9.27463e-12
-9.18871e-12
-9.10262e-12
-9.01638e-12
-8.92999e-12
-8.84346e-12
-8.75682e-12
-8.67006e-12
-8.58321e-12
-8.49627e-12
-8.40926e-12
-8.32218e-12
-8.23505e-12
-8.14789e-12
-8.0607e-12
-7.97349e-12
-7.88628e-12
-7.79907e-12
-7.71187e-12
-7.6247e-12
-7.53756e-12
-7.45047e-12
-7.36344e-12
-7.27647e-12
-7.18957e-12
-7.10276e-12
-7.01604e-12
-6.92943e-12
-6.84293e-12
-6.75655e-12
-6.67031e-12
-6.5842e-12
-6.49824e-12
-6.41244e-12
-6.3268e-12
-6.24133e-12
-6.15605e-12
-6.07096e-12
-5.98607e-12
-5.90139e-12
-5.81692e-12
-5.73267e-12
-5.64865e-12
-5.56488e-12
-5.48135e-12
-5.39807e-12
-5.31506e-12
-5.23231e-12
-5.14984e-12
-5.06765e-12
-4.98575e-12
-4.90414e-12
-4.82283e-12
-4.74183e-12
-4.66115e-12
-4.58078e-12
-4.50075e-12
-4.42105e-12
-4.34168e-12
-4.26266e-12
-4.18399e-12
-4.10568e-12
-4.02773e-12
-3.95015e-12
-3.87294e-12
-3.79611e-12
-3.71966e-12
-3.64361e-12
-3.56794e-12
-3.49267e-12
-3.41781e-12
-3.34335e-12
-3.26931e-12
-3.19568e-12
-3.12247e-12
-3.04969e-12
-2.97733e-12
-2.90541e-12
-2.83393e-12
-2.76288e-12
-2.69228e-12
-2.62214e-12
-2.55244e-12
-2.48319e-12
-2.41441e-12
-2.34609e-12
-2.27823e-12
-2.21084e-12
-2.14392e-12
-2.07748e-12
-2.01151e-12
-1.94602e-12
-1.88102e-12
-1.8165e-12
-1.75247e-12
-1.68892e-12
-1.62587e-12
-1.56332e-12
-1.50126e-12
-1.4397e-12
-1.37864e-12
-1.31808e-12
-1.25802e-12
-1.19848e-12
-1.13944e-12
-1.08091e-12
-1.02289e-12
-9.65378e-13
-9.08383e-13
-8.51904e-13
-7.9594e-13
-7.40493e-13
-6.85565e-13
-6.31156e-13
-5.77266e-13
-5.23897e-13
-4.7105e-13
-4.18725e-13
-3.66923e-13
-3.15644e-13
-2.6489e-13
-2.14659e-13
-1.64953e-13
-1.15771e-13
-6.71142e-14
-1.89823e-14
2.86246e-14
7.57066e-14
1.22264e-13
1.68296e-13
2.13804e-13
2.58787e-13
3.03247e-13
3.47183e-13
3.90595e-13
4.33485e-13
4.75853e-13
5.17699e-13
5.59024e-13
5.99829e-13
6.40115e-13
6.79882e-13
7.19132e-13
7.57865e-13
7.96082e-13
8.33785e-13
8.70974e-13
9.0765e-13
9.43815e-13
9.7947e-13
1.01462e-12
1.04926e-12
1.08339e-12
1.11702e-12
1.15014e-12
1.18276e-12
1.21489e-12
1.24651e-12
1.27764e-12
1.30827e-12
1.33841e-12
1.36806e-12
1.39722e-12
1.42589e-12
1.45407e-12
1.48177e-12
1.50899e-12
1.53573e-12
1.56199e-12
1.58777e-12
1.61308e-12
1.63792e-12
1.66228e-12
1.68618e-12
1.70962e-12
1.73259e-12
1.7551e-12
1.77715e-12
1.79875e-12
1.81989e-12
1.84058e-12
1.86082e-12
1.88062e-12
1.89997e-12
1.91888e-12
1.93735e-12
1.95539e-12
1.97299e-12
1.99016e-12
2.0069e-12
2.02322e-12
2.03912e-12
2.05459e-12
2.06965e-12
2.08429e-12
2.09852e-12
2.11234e-12
2.12576e-12
2.13877e-12
2.15138e-12
2.16359e-12
2.17541e-12
2.18684e-12
2.19788e-12
2.20853e-12
2.2188e-12
2.22868e-12
2.23819e-12
2.24733e-12
2.2561e-12
2.2645e-12
2.27253e-12
2.2802e-12
2.28751e-12
2.29447e-12
2.30107e-12
2.30732e-12
2.31323e-12
2.31879e-12
2.32401e-12
2.32889e-12
2.33344e-12
2.33766e-12
2.34155e-12
2.34511e-12
2.34836e-12
2.35128e-12
2.35388e-12
2.35618e-12
2.35816e-12
2.35984e-12
2.36122e-12
2.36229e-12
2.36307e-12
2.36356e-12
2.36375e-12
2.36366e-12
2.36328e-12
2.36262e-12
2.36168e-12
2.36047e-12
2.35898e-12
2.35723e-12
2.35521e-12
2.35293e-12
2.35039e-12
2.3476e-12
2.34455e-12
2.34126e-12
2.33772e-12
2.33393e-12
2.32991e-12
2.32565e-12
2.32115e-12
2.31642e-12
2.31146e-12
2.30628e-12
2.30088e-12
2.29526e-12
2.28942e-12
2.28337e-12
2.27711e-12
2.27064e-12
2.26398e-12
2.25711e-12
2.25004e-12
2.24278e-12
2.23533e-12
2.22769e-12
2.21987e-12
2.21186e-12
2.20367e-12
2.1953e-12
2.18676e-12
2.17805e-12
2.16918e-12
2.16013e-12
2.15093e-12
2.14157e-12
2.13205e-12
2.12238e-12
2.11256e-12
2.10259e-12
2.09247e-12
2.08222e-12
2.07183e-12
2.0613e-12
2.05063e-12
2.03984e-12
2.02892e-12
2.01787e-12
2.0067e-12
1.99541e-12
1.98401e-12
1.97249e-12
1.96085e-12
1.94911e-12
1.93726e-12
1.9253e-12
1.91325e-12
1.9011e-12
1.88885e-12
1.8765e-12
1.86407e-12
1.85154e-12
1.83893e-12
1.82624e-12
1.81347e-12
1.80061e-12
1.78769e-12
1.77468e-12
1.76161e-12
1.74846e-12
1.73525e-12
1.72198e-12
1.70864e-12
1.69524e-12
1.68178e-12
1.66827e-12
1.6547e-12
1.64108e-12
1.62742e-12
1.6137e-12
1.59995e-12
1.58615e-12
1.5723e-12
1.55843e-12
1.54451e-12
1.53056e-12
1.51658e-12
1.50257e-12
1.48853e-12
1.47446e-12
1.46038e-12
1.44626e-12
1.43213e-12
1.41799e-12
1.40382e-12
1.38964e-12
1.37545e-12
1.36125e-12
1.34704e-12
1.33283e-12
1.3186e-12
1.30438e-12
1.29015e-12
1.27593e-12
1.2617e-12
1.24748e-12
1.23326e-12
1.21905e-12
1.20485e-12
1.19066e-12
1.17648e-12
1.16232e-12
1.14816e-12
1.13403e-12
1.11991e-12
1.10581e-12
1.09174e-12
1.07768e-12
1.06365e-12
1.04964e-12
1.03566e-12
1.02171e-12
1.00779e-12
9.93897e-13
9.80038e-13
9.66212e-13
9.52421e-13
9.38666e-13
9.24949e-13
9.1127e-13
8.97631e-13
8.84033e-13
8.70477e-13
8.56965e-13
8.43498e-13
8.30076e-13
8.16701e-13
8.03374e-13
7.90096e-13
7.76869e-13
7.63693e-13
7.50569e-13
7.37499e-13
7.24483e-13
7.11521e-13
6.98616e-13
6.85767e-13
6.72977e-13
6.60246e-13
6.47574e-13
6.34964e-13
6.22415e-13
6.09928e-13
5.97504e-13
5.85144e-13
5.72849e-13
5.60619e-13
5.48456e-13
5.3636e-13
5.24332e-13
5.12371e-13
5.0048e-13
4.88658e-13
4.76907e-13
4.65227e-13
4.53619e-13
4.42084e-13
4.30621e-13
4.19232e-13
4.07917e-13
3.96677e-13
3.85513e-13
3.74423e-13
3.63411e-13
3.52475e-13
3.41616e-13
3.30835e-13
3.20132e-13
3.09507e-13
2.98962e-13
2.88496e-13
2.7811e-13
2.67804e-13
2.57579e-13
2.47435e-13
2.37371e-13
2.2739e-13
2.1749e-13
2.07672e-13
1.97937e-13
1.88285e-13
1.78716e-13
1.69229e-13
1.59827e-13
1.50508e-13
1.41273e-13
1.32122e-13
1.23055e-13
1.14073e-13
1.05175e-13
9.63625e-14
8.76345e-14
7.89915e-14
7.04337e-14
6.19611e-14
5.35738e-14
4.52719e-14
3.70555e-14
2.89245e-14
2.08792e-14
1.29194e-14
5.04531e-15
-2.74318e-15
-1.0446e-14
-1.80632e-14
-2.55948e-14
-3.30409e-14
-4.04013e-14
-4.76763e-14
-5.48659e-14
-6.197e-14
-6.89889e-14
-7.59226e-14
-8.27712e-14
-8.95347e-14
-9.62134e-14
-1.02807e-13
-1.09317e-13
-1.15741e-13
-1.22082e-13
-1.28338e-13
-1.3451e-13
-1.40599e-13
-1.46603e-13
-1.52524e-13
-1.58362e-13
-1.64117e-13
-1.69789e-13
-1.75379e-13
-1.80886e-13
-1.86311e-13
-1.91654e-13
-1.96915e-13
-2.02095e-13
-2.07194e-13
-2.12212e-13
-2.1715e-13
-2.22007e-13
-2.26784e-13
-2.31482e-13
-2.361e-13
-2.40639e-13
-2.451e-13
-2.49482e-13
-2.53786e-13
-2.58012e-13
-2.62161e-13
-2.66233e-13
-2.70228e-13
-2.74146e-13
-2.77989e-13
-2.81756e-13
-2.85448e-13
-2.89065e-13
-2.92607e-13
-2.96075e-13
-2.9947e-13
-3.02791e-13
-3.06039e-13
-3.09215e-13
-3.12318e-13
-3.1535e-13
-3.18311e-13
-3.21201e-13
-3.2402e-13
-3.26769e-13
-3.29449e-13
-3.3206e-13
-3.34602e-13
-3.37075e-13
-3.39481e-13
-3.4182e-13
-3.44091e-13
-3.46297e-13
-3.48436e-13
-3.5051e-13
-3.52518e-13
-3.54462e-13
-3.56342e-13
-3.58158e-13
-3.59912e-13
-3.61602e-13
-3.6323e-13
-3.64797e-13
-3.66302e-13
-3.67747e-13
-3.69131e-13
-3.70456e-13
-3.71721e-13
-3.72928e-13
-3.74077e-13
-3.75168e-13
-3.76201e-13
-3.77178e-13
-3.78099e-13
-3.78963e-13
-3.79773e-13
-3.80528e-13
-3.81229e-13
-3.81876e-13
-3.82471e-13
-3.83012e-13
-3.83502e-13
-3.8394e-13
-3.84326e-13
-3.84662e-13
-3.84948e-13
-3.85184e-13
-3.85372e-13
-3.8551e-13
-3.85601e-13
-3.85644e-13
-3.8564e-13
-3.85589e-13
-3.85493e-13
-3.85351e-13
-3.85164e-13
-3.84932e-13
-3.84657e-13
-3.84338e-13
-3.83976e-13
-3.83572e-13
-3.83126e-13
-3.82639e-13
-3.82112e-13
-3.81543e-13
-3.80936e-13
-3.80288e-13
-3.79602e-13
-3.78878e-13
-3.78116e-13
-3.77317e-13
-3.7648e-13
-3.75608e-13
-3.74699e-13
-3.73755e-13
-3.72776e-13
-3.71763e-13
-3.70716e-13
-3.69636e-13
-3.68523e-13
-3.67378e-13
-3.66201e-13
-3.64993e-13
-3.63754e-13
-3.62484e-13
-3.61185e-13
-3.59856e-13
-3.58498e-13
-3.57113e-13
-3.55699e-13
-3.54258e-13
-3.5279e-13
-3.51295e-13
-3.49775e-13
-3.48228e-13
-3.46657e-13
-3.45061e-13
-3.43441e-13
-3.41797e-13
-3.4013e-13
-3.3844e-13
-3.36728e-13
-3.34994e-13
-3.33238e-13
-3.31462e-13
-3.29664e-13
-3.27847e-13
-3.2601e-13
-3.24154e-13
-3.2228e-13
-3.20386e-13
-3.18475e-13
-3.16547e-13
-3.14601e-13
-3.12639e-13
-3.1066e-13
-3.08666e-13
-3.06655e-13
-3.0463e-13
-3.02591e-13
-3.00537e-13
-2.98469e-13
-2.96389e-13
-2.94295e-13
-2.92189e-13
-2.9007e-13
-2.8794e-13
-2.85798e-13
-2.83646e-13
-2.81482e-13
-2.79309e-13
-2.77125e-13
-2.74932e-13
-2.7273e-13
-2.70519e-13
-2.68299e-13
-2.66071e-13
-2.63836e-13
-2.61593e-13
-2.59343e-13
-2.57087e-13
-2.54824e-13
-2.52556e-13
-2.50281e-13
-2.48002e-13
-2.45718e-13
-2.43429e-13
-2.41135e-13
-2.38838e-13
-2.36537e-13
-2.34233e-13
-2.31925e-13
-2.29615e-13
-2.27302e-13
-2.24988e-13
-2.22671e-13
-2.20353e-13
-2.18034e-13
-2.15714e-13
-2.13393e-13
-2.11072e-13
-2.08751e-13
-2.0643e-13
-2.04109e-13
-2.0179e-13
-1.99471e-13
-1.97154e-13
-1.94839e-13
-1.92525e-13
-1.90214e-13
-1.87904e-13
-1.85598e-13
-1.83294e-13
-1.80993e-13
-1.78696e-13
-1.76402e-13
-1.74112e-13
-1.71826e-13
-1.69544e-13
-1.67267e-13
-1.64995e-13
-1.62727e-13
-1.60465e-13
-1.58208e-13
-1.55957e-13
-1.53712e-13
-1.51472e-13
-1.49239e-13
-1.47013e-13
-1.44793e-13
-1.4258e-13
-1.40374e-13
-1.38175e-13
-1.35984e-13
-1.338e-13
-1.31623e-13
-1.29455e-13
-1.27295e-13
-1.25144e-13
-1.23001e-13
-1.20866e-13
-1.18741e-13
-1.16624e-13
-1.14516e-13
-1.12418e-13
-1.10329e-13
-1.08249e-13
-1.0618e-13
-1.0412e-13
-1.0207e-13
-1.0003e-13
-9.80009e-14
-9.59819e-14
-9.39734e-14
-9.19756e-14
-8.99885e-14
-8.80124e-14
-8.60472e-14
-8.40932e-14
-8.21504e-14
-8.02189e-14
-7.8299e-14
-7.63907e-14
-7.4494e-14
-7.26091e-14
-7.07362e-14
-6.88751e-14
-6.70262e-14
-6.51894e-14
-6.33648e-14
-6.15525e-14
-5.97527e-14
-5.79655e-14
-5.61908e-14
-5.44288e-14
-5.26795e-14
-5.0943e-14
-4.92193e-14
-4.75087e-14
-4.5811e-14
-4.41263e-14
-4.24549e-14
-4.07966e-14
-3.91515e-14
-3.75197e-14
-3.59012e-14
-3.42962e-14
-3.27045e-14
-3.11264e-14
-2.95618e-14
-2.80107e-14
-2.64732e-14
-2.49494e-14
-2.34393e-14
-2.19428e-14
-2.04601e-14
-1.89911e-14
-1.7536e-14
-1.60946e-14
-1.46671e-14
-1.32534e-14
-1.18537e-14
-1.04678e-14
-9.09582e-15
-7.73777e-15
-6.39366e-15
-5.0635e-15
-3.74729e-15
-2.44504e-15
-1.15676e-15
1.17554e-16
1.37789e-15
2.62426e-15
3.85667e-15
5.0751e-15
6.27958e-15
7.47011e-15
8.6467e-15
9.80935e-15
1.09581e-14
1.20929e-14
1.32138e-14
1.43209e-14
1.54141e-14
1.64934e-14
1.7559e-14
1.86107e-14
1.96487e-14
2.06729e-14
2.16834e-14
2.26803e-14
2.36634e-14
2.4633e-14
2.55889e-14
2.65313e-14
2.74602e-14
2.83755e-14
2.92774e-14
3.01659e-14
3.1041e-14
3.19028e-14
3.27513e-14
3.35866e-14
3.44086e-14
3.52175e-14
3.60133e-14
3.6796e-14
3.75657e-14
3.83224e-14
3.90663e-14
3.97972e-14
4.05153e-14
4.12207e-14
4.19134e-14
4.25934e-14
4.32609e-14
4.39158e-14
4.45582e-14
4.51882e-14
4.58059e-14
4.64112e-14
4.70044e-14
4.75853e-14
4.81542e-14
4.8711e-14
4.92558e-14
4.97888e-14
5.03098e-14
5.08191e-14
5.13167e-14
5.18026e-14
5.22769e-14
5.27397e-14
5.31911e-14
5.36312e-14
5.40599e-14
5.44774e-14
5.48838e-14
5.52791e-14
5.56634e-14
5.60367e-14
5.63992e-14
5.67509e-14
5.70918e-14
5.74222e-14
5.7742e-14
5.80514e-14
5.83503e-14
5.8639e-14
5.89175e-14
5.91857e-14
5.94439e-14
5.96921e-14
5.99304e-14
6.01588e-14
6.03775e-14
6.05865e-14
6.07859e-14
6.09758e-14
6.11562e-14
6.13273e-14
6.14891e-14
6.16417e-14
6.17853e-14
6.19198e-14
6.20453e-14
6.2162e-14
6.22699e-14
6.23691e-14
6.24596e-14
6.25417e-14
6.26153e-14
6.26805e-14
6.27375e-14
6.27863e-14
6.28269e-14
6.28595e-14
6.28841e-14
6.29009e-14
6.29099e-14
6.29113e-14
6.2905e-14
6.28912e-14
6.28699e-14
6.28413e-14
6.28054e-14
6.27622e-14
6.2712e-14
6.26547e-14
6.25905e-14
6.25194e-14
6.24415e-14
6.2357e-14
6.22659e-14
6.21682e-14
6.20642e-14
6.19538e-14
6.18371e-14
6.17143e-14
6.15854e-14
6.14504e-14
6.13096e-14
6.11628e-14
6.10103e-14
6.08521e-14
6.06883e-14
6.05189e-14
6.03441e-14
6.0164e-14
5.99785e-14
5.97878e-14
5.9592e-14
5.93912e-14
5.91853e-14
5.89745e-14
5.8759e-14
5.85387e-14
5.83138e-14
5.80843e-14
5.78503e-14
5.7612e-14
5.73692e-14
5.71223e-14
5.68711e-14
5.66158e-14
5.63565e-14
5.60933e-14
5.58261e-14
5.55551e-14
5.52804e-14
5.5002e-14
5.472e-14
5.44346e-14
5.41456e-14
5.38533e-14
5.35577e-14
5.32588e-14
5.29568e-14
5.26517e-14
5.23436e-14
5.20325e-14
5.17185e-14
5.14018e-14
5.10824e-14
5.07602e-14
5.04355e-14
5.01083e-14
4.97786e-14
4.94465e-14
4.9112e-14
4.87754e-14
4.84365e-14
4.80954e-14
4.77523e-14
4.74072e-14
4.70601e-14
4.67111e-14
4.63604e-14
4.60079e-14
4.56537e-14
4.52979e-14
4.49405e-14
4.45815e-14
4.42211e-14
4.38594e-14
4.34963e-14
4.31319e-14
4.27663e-14
4.23996e-14
4.20318e-14
4.16629e-14
4.12931e-14
4.09223e-14
4.05506e-14
4.01781e-14
3.98048e-14
3.94308e-14
3.90562e-14
3.8681e-14
3.83052e-14
3.79289e-14
3.75521e-14
3.71749e-14
3.67974e-14
3.64196e-14
3.60415e-14
3.56632e-14
3.52848e-14
3.49062e-14
3.45275e-14
3.41489e-14
3.37702e-14
3.33916e-14
3.30132e-14
3.26349e-14
3.22568e-14
3.18789e-14
3.15013e-14
3.11241e-14
3.07472e-14
3.03708e-14
2.99948e-14
2.96193e-14
2.92443e-14
2.88699e-14
2.84961e-14
2.8123e-14
2.77506e-14
2.73789e-14
2.7008e-14
2.66378e-14
2.62685e-14
2.59001e-14
2.55325e-14
2.5166e-14
2.48004e-14
2.44358e-14
2.40723e-14
2.37098e-14
2.33485e-14
2.29883e-14
2.26293e-14
2.22715e-14
2.19149e-14
2.15596e-14
2.12055e-14
2.08528e-14
2.05014e-14
2.01514e-14
1.98029e-14
1.94557e-14
1.911e-14
1.87658e-14
1.84231e-14
1.80819e-14
1.77423e-14
1.74043e-14
1.70678e-14
1.6733e-14
1.63998e-14
1.60683e-14
1.57385e-14
1.54104e-14
1.5084e-14
1.47594e-14
1.44366e-14
1.41155e-14
1.37963e-14
1.34789e-14
1.31633e-14
1.28496e-14
1.25378e-14
1.22279e-14
1.19199e-14
1.16139e-14
1.13098e-14
1.10076e-14
1.07075e-14
1.04093e-14
1.01132e-14
9.81903e-15
9.52694e-15
9.2369e-15
8.94893e-15
8.66303e-15
8.37922e-15
8.0975e-15
7.81788e-15
7.54039e-15
7.26503e-15
6.99181e-15
6.72073e-15
6.45182e-15
6.18507e-15
5.9205e-15
5.65811e-15
5.39791e-15
5.13991e-15
4.88412e-15
4.63054e-15
4.37918e-15
4.13004e-15
3.88314e-15
3.63847e-15
3.39604e-15
3.15586e-15
2.91793e-15
2.68225e-15
2.44883e-15
2.21767e-15
1.98878e-15
1.76215e-15
1.53779e-15
1.31571e-15
1.09589e-15
8.78352e-16
6.63089e-16
4.50103e-16
2.39396e-16
3.09673e-17
-1.75182e-16
-3.79052e-16
-5.80643e-16
-7.79955e-16
-9.7699e-16
-1.17175e-15
-1.36423e-15
-1.55444e-15
-1.74238e-15
-1.92805e-15
-2.11145e-15
-2.29259e-15
-2.47146e-15
-2.64808e-15
-2.82244e-15
-2.99456e-15
-3.16442e-15
-3.33205e-15
-3.49744e-15
-3.66059e-15
-3.82151e-15
-3.98021e-15
-4.13669e-15
-4.29096e-15
-4.44302e-15
-4.59288e-15
-4.74054e-15
-4.88601e-15
-5.0293e-15
-5.17041e-15
-5.30936e-15
-5.44614e-15
-5.58077e-15
-5.71325e-15
-5.84359e-15
-5.97179e-15
-6.09787e-15
-6.22183e-15
-6.34368e-15
-6.46344e-15
-6.5811e-15
-6.69668e-15
-6.81018e-15
-6.92162e-15
-7.031e-15
-7.13833e-15
-7.24363e-15
-7.3469e-15
-7.44816e-15
-7.5474e-15
-7.64465e-15
-7.73991e-15
-7.8332e-15
-7.92452e-15
-8.01388e-15
-8.10129e-15
-8.18677e-15
-8.27032e-15
-8.35196e-15
-8.43169e-15
-8.50953e-15
-8.5855e-15
-8.65959e-15
-8.73183e-15
-8.80223e-15
-8.87079e-15
-8.93753e-15
-9.00247e-15
-9.06561e-15
-9.12696e-15
-9.18654e-15
-9.24436e-15
-9.30043e-15
-9.35476e-15
-9.40736e-15
-9.45826e-15
-9.50745e-15
-9.55496e-15
-9.60079e-15
-9.64497e-15
-9.6875e-15
-9.7284e-15
-9.76767e-15
-9.80533e-15
-9.84139e-15
-9.87587e-15
-9.90878e-15
-9.94013e-15
-9.96994e-15
-9.99822e-15
-1.0025e-14
-1.00502e-14
-1.0074e-14
-1.00963e-14
-1.01171e-14
-1.01365e-14
-1.01545e-14
-1.0171e-14
-1.01861e-14
-1.01998e-14
-1.02122e-14
-1.02231e-14
-1.02327e-14
-1.0241e-14
-1.0248e-14
-1.02536e-14
-1.02579e-14
-1.0261e-14
-1.02628e-14
-1.02633e-14
-1.02626e-14
-1.02606e-14
-1.02574e-14
-1.02531e-14
-1.02475e-14
-1.02407e-14
-1.02328e-14
-1.02238e-14
-1.02136e-14
-1.02023e-14
-1.01899e-14
-1.01764e-14
-1.01618e-14
-1.01462e-14
-1.01294e-14
-1.01117e-14
-1.00929e-14
-1.00731e-14
-1.00523e-14
-1.00305e-14
-1.00078e-14
-9.98408e-15
-9.95943e-15
-9.93385e-15
-9.90735e-15
-9.87995e-15
-9.85165e-15
-9.82248e-15
-9.79243e-15
-9.76153e-15
-9.7298e-15
-9.69723e-15
-9.66386e-15
-9.62969e-15
-9.59473e-15
-9.559e-15
-9.5225e-15
-9.48525e-15
-9.44727e-15
-9.40856e-15
-9.36914e-15
-9.32902e-15
-9.28822e-15
-9.24674e-15
-9.2046e-15
-9.1618e-15
-9.11837e-15
-9.07431e-15
-9.02964e-15
-8.98436e-15
-8.9385e-15
-8.89206e-15
-8.84506e-15
-8.7975e-15
-8.7494e-15
-8.70077e-15
-8.65163e-15
-8.60198e-15
-8.55184e-15
-8.50122e-15
-8.45013e-15
-8.39857e-15
-8.34657e-15
-8.29412e-15
-8.24125e-15
-8.18797e-15
-8.13427e-15
-8.08019e-15
-8.02572e-15
-7.97088e-15
-7.91568e-15
-7.86013e-15
-7.80424e-15
-7.74802e-15
-7.69148e-15
-7.63463e-15
-7.57748e-15
-7.52005e-15
-7.46233e-15
-7.40435e-15
-7.34611e-15
-7.28763e-15
-7.2289e-15
-7.16995e-15
-7.11077e-15
-7.05138e-15
-6.99179e-15
-6.93202e-15
-6.87206e-15
-6.81193e-15
-6.75164e-15
-6.69119e-15
-6.63059e-15
-6.56986e-15
-6.509e-15
-6.44802e-15
-6.38693e-15
-6.32574e-15
-6.26446e-15
-6.20309e-15
-6.14165e-15
-6.08013e-15
-6.01856e-15
-5.95693e-15
-5.89526e-15
-5.83356e-15
-5.77182e-15
-5.71007e-15
-5.6483e-15
-5.58653e-15
-5.52476e-15
-5.46301e-15
-5.40126e-15
-5.33955e-15
-5.27786e-15
-5.21622e-15
-5.15462e-15
-5.09307e-15
-5.03159e-15
-4.97017e-15
-4.90882e-15
-4.84755e-15
-4.78636e-15
-4.72527e-15
-4.66427e-15
-4.60338e-15
-4.5426e-15
-4.48194e-15
-4.4214e-15
-4.361e-15
-4.30073e-15
-4.2406e-15
-4.18061e-15
-4.12078e-15
-4.06111e-15
-4.0016e-15
-3.94225e-15
-3.88308e-15
-3.82409e-15
-3.76529e-15
-3.70667e-15
-3.64825e-15
-3.59003e-15
-3.53201e-15
-3.4742e-15
-3.41661e-15
-3.35923e-15
-3.30208e-15
-3.24516e-15
-3.18847e-15
-3.13202e-15
-3.0758e-15
-3.01983e-15
-2.96411e-15
-2.90864e-15
-2.85343e-15
-2.79847e-15
-2.74379e-15
-2.68937e-15
-2.63522e-15
-2.58134e-15
-2.52775e-15
-2.47444e-15
-2.42141e-15
-2.36867e-15
-2.31622e-15
-2.26406e-15
-2.21221e-15
-2.16065e-15
-2.1094e-15
-2.05845e-15
-2.00782e-15
-1.95749e-15
-1.90748e-15
-1.85779e-15
-1.80842e-15
-1.75937e-15
-1.71064e-15
-1.66224e-15
-1.61417e-15
-1.56644e-15
-1.51903e-15
-1.47196e-15
-1.42524e-15
-1.37885e-15
-1.3328e-15
-1.28709e-15
-1.24173e-15
-1.19672e-15
-1.15206e-15
-1.10774e-15
-1.06378e-15
-1.02017e-15
-9.76918e-16
-9.3402e-16
-8.9148e-16
-8.49298e-16
-8.07477e-16
-7.66016e-16
-7.24917e-16
-6.84181e-16
-6.43809e-16
-6.03801e-16
-5.64159e-16
-5.24883e-16
-4.85974e-16
-4.47432e-16
-4.09259e-16
-3.71454e-16
-3.34018e-16
-2.96952e-16
-2.60257e-16
-2.23932e-16
-1.87978e-16
-1.52395e-16
-1.17183e-16
-8.23432e-17
-4.7875e-17
-1.37786e-17
1.99459e-17
5.32986e-17
8.62794e-17
1.18888e-16
1.51126e-16
1.82992e-16
2.14487e-16
2.45611e-16
2.76364e-16
3.06747e-16
3.36761e-16
3.66405e-16
3.9568e-16
4.24587e-16
4.53126e-16
4.81298e-16
5.09104e-16
5.36543e-16
5.63617e-16
5.90326e-16
6.16672e-16
6.42655e-16
6.68275e-16
6.93534e-16
7.18433e-16
7.42972e-16
7.67152e-16
7.90975e-16
8.14442e-16
8.37553e-16
8.6031e-16
8.82714e-16
9.04766e-16
9.26467e-16
9.47818e-16
9.68822e-16
9.89479e-16
1.00979e-15
1.02976e-15
1.04938e-15
1.06867e-15
1.08761e-15
1.10621e-15
1.12448e-15
1.14241e-15
1.16e-15
1.17727e-15
1.1942e-15
1.2108e-15
1.22708e-15
1.24302e-15
1.25865e-15
1.27395e-15
1.28893e-15
1.30359e-15
1.31793e-15
1.33195e-15
1.34566e-15
1.35906e-15
1.37215e-15
1.38493e-15
1.3974e-15
1.40957e-15
1.42143e-15
1.43299e-15
1.44426e-15
1.45522e-15
1.46589e-15
1.47626e-15
1.48635e-15
1.49614e-15
1.50565e-15
1.51487e-15
1.5238e-15
1.53246e-15
1.54083e-15
1.54893e-15
1.55675e-15
1.5643e-15
1.57158e-15
1.57858e-15
1.58532e-15
1.5918e-15
1.59801e-15
1.60396e-15
1.60965e-15
1.61508e-15
1.62026e-15
1.62519e-15
1.62987e-15
1.6343e-15
1.63848e-15
1.64242e-15
1.64612e-15
1.64958e-15
1.6528e-15
1.65579e-15
1.65854e-15
1.66107e-15
1.66337e-15
1.66544e-15
1.66728e-15
1.66891e-15
1.67032e-15
1.67151e-15
1.67248e-15
1.67324e-15
1.67379e-15
1.67414e-15
1.67427e-15
1.67421e-15
1.67394e-15
1.67347e-15
1.67281e-15
1.67195e-15
1.6709e-15
1.66966e-15
1.66824e-15
1.66662e-15
1.66483e-15
1.66285e-15
1.66069e-15
1.65835e-15
1.65584e-15
1.65316e-15
1.65031e-15
1.64729e-15
1.6441e-15
1.64075e-15
1.63724e-15
1.63357e-15
1.62974e-15
1.62576e-15
1.62163e-15
1.61734e-15
1.61291e-15
1.60833e-15
1.60361e-15
1.59874e-15
1.59374e-15
1.58859e-15
1.58331e-15
1.5779e-15
1.57236e-15
1.56669e-15
1.56089e-15
1.55497e-15
1.54892e-15
1.54275e-15
1.53646e-15
1.53006e-15
1.52354e-15
1.51691e-15
1.51017e-15
1.50333e-15
1.49637e-15
1.48931e-15
1.48215e-15
1.47489e-15
1.46753e-15
1.46007e-15
1.45252e-15
1.44488e-15
1.43714e-15
1.42932e-15
1.42141e-15
1.41342e-15
1.40534e-15
1.39718e-15
1.38894e-15
1.38063e-15
1.37224e-15
1.36377e-15
1.35523e-15
1.34663e-15
1.33795e-15
1.32921e-15
1.32041e-15
1.31154e-15
1.30261e-15
1.29362e-15
1.28457e-15
1.27546e-15
1.26631e-15
1.2571e-15
1.24784e-15
1.23853e-15
1.22917e-15
1.21976e-15
1.21032e-15
1.20083e-15
1.19129e-15
1.18172e-15
1.17211e-15
1.16247e-15
1.15279e-15
1.14307e-15
1.13333e-15
1.12355e-15
1.11375e-15
1.10392e-15
1.09407e-15
1.08419e-15
1.07429e-15
1.06436e-15
1.05442e-15
1.04446e-15
1.03448e-15
1.02449e-15
1.01448e-15
1.00446e-15
9.9443e-16
9.84388e-16
9.74338e-16
9.6428e-16
9.54216e-16
9.44147e-16
9.34074e-16
9.23998e-16
9.13922e-16
9.03845e-16
8.93769e-16
8.83696e-16
8.73627e-16
8.63562e-16
8.53504e-16
8.43453e-16
8.3341e-16
8.23376e-16
8.13353e-16
8.03341e-16
7.93343e-16
7.83357e-16
7.73387e-16
7.63432e-16
7.53495e-16
7.43575e-16
7.33675e-16
7.23794e-16
7.13935e-16
7.04097e-16
6.94282e-16
6.84491e-16
6.74724e-16
6.64984e-16
6.55269e-16
6.45583e-16
6.35924e-16
6.26294e-16
6.16694e-16
6.07126e-16
5.97588e-16
5.88083e-16
5.7861e-16
5.69172e-16
5.59768e-16
5.504e-16
5.41068e-16
5.31772e-16
5.22515e-16
5.13295e-16
5.04115e-16
4.94975e-16
4.85874e-16
4.76815e-16
4.67798e-16
4.58822e-16
4.4989e-16
4.41002e-16
4.32157e-16
4.23357e-16
4.14603e-16
4.05895e-16
3.97232e-16
3.88617e-16
3.8005e-16
3.7153e-16
3.63059e-16
3.54636e-16
3.46263e-16
3.3794e-16
3.29667e-16
3.21445e-16
3.13275e-16
3.05156e-16
2.97089e-16
2.89074e-16
2.81112e-16
2.73204e-16
2.65349e-16
2.57547e-16
2.49801e-16
2.42109e-16
2.34472e-16
2.2689e-16
2.19364e-16
2.11894e-16
2.0448e-16
1.97122e-16
1.89822e-16
1.82578e-16
1.75391e-16
1.68262e-16
1.61191e-16
1.54178e-16
1.47223e-16
1.40326e-16
1.33488e-16
1.26708e-16
1.19988e-16
1.13327e-16
1.06725e-16
1.00182e-16
9.36995e-17
8.72763e-17
8.0913e-17
7.46096e-17
6.83662e-17
6.2183e-17
5.60601e-17
4.99975e-17
4.39953e-17
3.80535e-17
3.21722e-17
2.63514e-17
2.05912e-17
1.48917e-17
9.25277e-18
3.67449e-18
-1.84312e-18
-7.30006e-18
-1.26963e-17
-1.8032e-17
-2.3307e-17
-2.85214e-17
-3.36753e-17
-3.87686e-17
-4.38014e-17
-4.87738e-17
-5.36859e-17
-5.85376e-17
-6.33291e-17
-6.80605e-17
-7.27317e-17
-7.73431e-17
-8.18946e-17
-8.63864e-17
-9.08185e-17
-9.51911e-17
-9.95043e-17
-1.03758e-16
-1.07953e-16
-1.12089e-16
-1.16166e-16
-1.20184e-16
-1.24143e-16
-1.28045e-16
-1.31888e-16
-1.35673e-16
-1.394e-16
-1.4307e-16
-1.46682e-16
-1.50236e-16
-1.53734e-16
-1.57175e-16
-1.60559e-16
-1.63887e-16
-1.67158e-16
-1.70374e-16
-1.73533e-16
-1.76637e-16
-1.79686e-16
-1.8268e-16
-1.85619e-16
-1.88503e-16
-1.91333e-16
-1.94109e-16
-1.96831e-16
-1.99499e-16
-2.02114e-16
-2.04676e-16
-2.07186e-16
-2.09642e-16
-2.12047e-16
-2.144e-16
-2.16701e-16
-2.18951e-16
-2.21149e-16
-2.23297e-16
-2.25395e-16
-2.27442e-16
-2.2944e-16
-2.31387e-16
-2.33286e-16
-2.35136e-16
-2.36936e-16
-2.38689e-16
-2.40393e-16
-2.4205e-16
-2.4366e-16
-2.45222e-16
-2.46738e-16
-2.48207e-16
-2.4963e-16
-2.51008e-16
-2.5234e-16
-2.53628e-16
-2.5487e-16
-2.56068e-16
-2.57222e-16
-2.58332e-16
-2.59399e-16
-2.60423e-16
-2.61404e-16
-2.62344e-16
-2.63241e-16
-2.64097e-16
-2.64911e-16
-2.65685e-16
-2.66418e-16
-2.67111e-16
-2.67764e-16
-2.68378e-16
-2.68953e-16
-2.69489e-16
-2.69986e-16
-2.70445e-16
-2.70867e-16
-2.71251e-16
-2.71599e-16
-2.7191e-16
-2.72184e-16
-2.72423e-16
-2.72627e-16
-2.72795e-16
-2.72929e-16
-2.73028e-16
-2.73093e-16
-2.73124e-16
-2.73123e-16
-2.73088e-16
-2.73021e-16
-2.72922e-16
-2.72791e-16
-2.72628e-16
-2.72434e-16
-2.7221e-16
-2.71955e-16
-2.7167e-16
-2.71355e-16
-2.71011e-16
-2.70638e-16
-2.70236e-16
-2.69806e-16
-2.69349e-16
-2.68864e-16
-2.68351e-16
-2.67812e-16
-2.67247e-16
-2.66655e-16
-2.66038e-16
-2.65396e-16
-2.64728e-16
-2.64036e-16
-2.63319e-16
-2.62579e-16
-2.61814e-16
-2.61027e-16
-2.60216e-16
-2.59383e-16
-2.58528e-16
-2.5765e-16
-2.56752e-16
-2.55832e-16
-2.54891e-16
-2.53931e-16
-2.5295e-16
-2.51949e-16
-2.50929e-16
-2.49889e-16
-2.48831e-16
-2.47754e-16
-2.46659e-16
-2.45547e-16
-2.44416e-16
-2.43269e-16
-2.42105e-16
-2.40924e-16
-2.39728e-16
-2.38515e-16
-2.37287e-16
-2.36044e-16
-2.34785e-16
-2.33512e-16
-2.32225e-16
-2.30924e-16
-2.2961e-16
-2.28282e-16
-2.26941e-16
-2.25588e-16
-2.24222e-16
-2.22844e-16
-2.21454e-16
-2.20053e-16
-2.1864e-16
-2.17217e-16
-2.15782e-16
-2.14338e-16
-2.12884e-16
-2.11419e-16
-2.09946e-16
-2.08463e-16
-2.06971e-16
-2.0547e-16
-2.03962e-16
-2.02445e-16
-2.0092e-16
-1.99388e-16
-1.97849e-16
-1.96302e-16
-1.94749e-16
-1.93189e-16
-1.91623e-16
-1.90052e-16
-1.88474e-16
-1.86891e-16
-1.85303e-16
-1.83709e-16
-1.82111e-16
-1.80509e-16
-1.78902e-16
-1.77291e-16
-1.75677e-16
-1.74059e-16
-1.72438e-16
-1.70813e-16
-1.69186e-16
-1.67557e-16
-1.65925e-16
-1.64291e-16
-1.62655e-16
-1.61017e-16
-1.59378e-16
-1.57738e-16
-1.56096e-16
-1.54454e-16
-1.52811e-16
-1.51167e-16
-1.49524e-16
-1.4788e-16
-1.46236e-16
-1.44593e-16
-1.4295e-16
-1.41308e-16
-1.39667e-16
-1.38027e-16
-1.36388e-16
-1.34751e-16
-1.33115e-16
-1.31482e-16
-1.2985e-16
-1.2822e-16
-1.26593e-16
-1.24968e-16
-1.23346e-16
-1.21727e-16
-1.20111e-16
-1.18498e-16
-1.16889e-16
-1.15283e-16
-1.13681e-16
-1.12082e-16
-1.10488e-16
-1.08898e-16
-1.07312e-16
-1.0573e-16
-1.04153e-16
-1.02581e-16
-1.01013e-16
-9.9451e-17
-9.78936e-17
-9.63415e-17
-9.47947e-17
-9.32534e-17
-9.17177e-17
-9.01877e-17
-8.86636e-17
-8.71455e-17
-8.56335e-17
-8.41278e-17
-8.26284e-17
-8.11354e-17
-7.9649e-17
-7.81693e-17
-7.66963e-17
-7.52302e-17
-7.3771e-17
-7.23189e-17
-7.0874e-17
-6.94363e-17
-6.80061e-17
-6.65832e-17
-6.5168e-17
-6.37603e-17
-6.23604e-17
-6.09683e-17
-5.9584e-17
-5.82078e-17
-5.68396e-17
-5.54795e-17
-5.41275e-17
-5.27839e-17
-5.14486e-17
-5.01217e-17
-4.88033e-17
-4.74935e-17
-4.61922e-17
-4.48997e-17
-4.36159e-17
-4.23408e-17
-4.10747e-17
-3.98174e-17
-3.85691e-17
-3.73299e-17
-3.60997e-17
-3.48786e-17
-3.36668e-17
-3.24641e-17
-3.12708e-17
-3.00867e-17
-2.89119e-17
-2.77465e-17
-2.65906e-17
-2.54441e-17
-2.43071e-17
-2.31796e-17
-2.20616e-17
-2.09533e-17
-1.98545e-17
-1.87654e-17
-1.7686e-17
-1.66162e-17
-1.55562e-17
-1.45058e-17
-1.34653e-17
-1.24345e-17
-1.14135e-17
-1.04023e-17
-9.4009e-18
-8.40936e-18
-7.42767e-18
-6.45583e-18
-5.49386e-18
-4.54176e-18
-3.59955e-18
-2.66722e-18
-1.74479e-18
-8.32257e-19
7.03811e-20
9.6312e-19
1.84596e-18
2.7189e-18
3.58196e-18
4.43512e-18
5.2784e-18
6.1118e-18
6.93534e-18
7.74901e-18
8.55284e-18
9.34682e-18
1.0131e-17
1.09053e-17
1.16699e-17
1.24246e-17
1.31696e-17
1.39049e-17
1.46304e-17
1.53462e-17
1.60523e-17
1.67487e-17
1.74355e-17
1.81126e-17
1.87802e-17
1.94382e-17
2.00866e-17
2.07255e-17
2.13549e-17
2.19748e-17
2.25853e-17
2.31864e-17
2.37781e-17
2.43604e-17
2.49335e-17
2.54972e-17
2.60517e-17
2.6597e-17
2.71331e-17
2.76601e-17
2.8178e-17
2.86867e-17
2.91865e-17
2.96772e-17
3.0159e-17
3.06319e-17
3.10959e-17
3.15511e-17
3.19974e-17
3.2435e-17
3.28639e-17
3.32842e-17
3.36958e-17
3.40988e-17
3.44933e-17
3.48794e-17
3.5257e-17
3.56262e-17
3.5987e-17
3.63396e-17
3.66839e-17
3.70201e-17
3.73481e-17
3.7668e-17
3.79799e-17
3.82837e-17
3.85797e-17
3.88677e-17
3.91479e-17
3.94203e-17
3.96849e-17
3.99419e-17
4.01912e-17
4.0433e-17
4.06672e-17
4.0894e-17
4.11133e-17
4.13252e-17
4.15299e-17
4.17273e-17
4.19174e-17
4.21005e-17
4.22765e-17
4.24454e-17
4.26073e-17
4.27624e-17
4.29105e-17
4.30519e-17
4.31866e-17
4.33145e-17
4.34358e-17
4.35505e-17
4.36587e-17
4.37604e-17
4.38558e-17
4.39448e-17
4.40275e-17
4.4104e-17
4.41744e-17
4.42387e-17
4.42969e-17
4.43491e-17
4.43954e-17
4.44359e-17
4.44705e-17
4.44994e-17
4.45226e-17
4.45402e-17
4.45522e-17
4.45587e-17
4.45597e-17
4.45554e-17
4.45457e-17
4.45307e-17
4.45105e-17
4.44851e-17
4.44546e-17
4.44191e-17
4.43787e-17
4.43333e-17
4.42831e-17
4.42281e-17
4.41683e-17
4.41039e-17
4.40349e-17
4.39613e-17
4.38832e-17
4.38007e-17
4.37138e-17
4.36226e-17
4.35271e-17
4.34274e-17
4.33235e-17
4.32156e-17
4.31036e-17
4.29876e-17
4.28677e-17
4.2744e-17
4.26164e-17
4.24851e-17
4.23502e-17
4.22115e-17
4.20694e-17
4.19236e-17
4.17745e-17
4.16218e-17
4.14659e-17
4.13067e-17
4.11442e-17
4.09785e-17
4.08098e-17
4.06379e-17
4.0463e-17
4.02851e-17
4.01044e-17
3.99207e-17
3.97343e-17
3.9545e-17
3.93531e-17
3.91586e-17
3.89614e-17
3.87617e-17
3.85595e-17
3.83549e-17
3.81479e-17
3.79385e-17
3.77269e-17
3.7513e-17
3.72969e-17
3.70787e-17
3.68584e-17
3.66361e-17
3.64118e-17
3.61855e-17
3.59574e-17
3.57274e-17
3.54957e-17
3.52622e-17
3.5027e-17
3.47902e-17
3.45517e-17
3.43117e-17
3.40702e-17
3.38272e-17
3.35828e-17
3.3337e-17
3.30899e-17
3.28415e-17
3.25918e-17
3.2341e-17
3.2089e-17
3.18358e-17
3.15816e-17
3.13264e-17
3.10702e-17
3.08131e-17
3.05551e-17
3.02962e-17
3.00365e-17
2.9776e-17
2.95147e-17
2.92528e-17
2.89902e-17
2.8727e-17
2.84632e-17
2.81988e-17
2.7934e-17
2.76686e-17
2.74028e-17
2.71367e-17
2.68701e-17
2.66033e-17
2.63361e-17
2.60687e-17
2.58011e-17
2.55333e-17
2.52654e-17
2.49973e-17
2.47291e-17
2.44609e-17
2.41927e-17
2.39245e-17
2.36564e-17
2.33883e-17
2.31204e-17
2.28526e-17
2.2585e-17
2.23176e-17
2.20504e-17
2.17835e-17
2.15169e-17
2.12506e-17
2.09846e-17
2.07191e-17
2.0454e-17
2.01893e-17
1.99251e-17
1.96613e-17
1.93981e-17
1.91355e-17
1.88733e-17
1.86118e-17
1.83509e-17
1.80907e-17
1.78311e-17
1.75722e-17
1.7314e-17
1.70565e-17
1.67998e-17
1.65439e-17
1.62888e-17
1.60345e-17
1.5781e-17
1.55285e-17
1.52768e-17
1.5026e-17
1.47762e-17
1.45273e-17
1.42794e-17
1.40325e-17
1.37866e-17
1.35417e-17
1.32979e-17
1.30551e-17
1.28135e-17
1.25729e-17
1.23334e-17
1.20951e-17
1.1858e-17
1.16219e-17
1.13871e-17
1.11535e-17
1.09211e-17
1.06899e-17
1.04599e-17
1.02312e-17
1.00038e-17
9.77766e-18
9.55281e-18
9.32928e-18
9.10706e-18
8.88619e-18
8.66665e-18
8.44847e-18
8.23166e-18
8.01624e-18
7.8022e-18
7.58957e-18
7.37835e-18
7.16856e-18
6.9602e-18
6.75329e-18
6.54782e-18
6.34382e-18
6.14128e-18
5.94023e-18
5.74065e-18
5.54258e-18
5.346e-18
5.15093e-18
4.95737e-18
4.76534e-18
4.57483e-18
4.38586e-18
4.19843e-18
4.01255e-18
3.82822e-18
3.64545e-18
3.46423e-18
3.28459e-18
3.10652e-18
2.93002e-18
2.7551e-18
2.58176e-18
2.41001e-18
2.23986e-18
2.07129e-18
1.90432e-18
1.73896e-18
1.57519e-18
1.41303e-18
1.25248e-18
1.09353e-18
9.36199e-19
7.80477e-19
6.26366e-19
4.73869e-19
3.22985e-19
1.73716e-19
2.60608e-20
-1.1998e-19
-2.64406e-19
-4.07218e-19
-5.48416e-19
-6.88002e-19
-8.25976e-19
-9.62338e-19
-1.09709e-18
-1.23024e-18
-1.36177e-18
-1.4917e-18
-1.62003e-18
-1.74676e-18
-1.87189e-18
-1.99543e-18
-2.11736e-18
-2.23771e-18
-2.35647e-18
-2.47364e-18
-2.58924e-18
-2.70325e-18
-2.81569e-18
-2.92656e-18
-3.03586e-18
-3.1436e-18
-3.24978e-18
-3.3544e-18
-3.45748e-18
-3.559e-18
-3.65899e-18
-3.75744e-18
-3.85436e-18
-3.94975e-18
-4.04362e-18
-4.13597e-18
-4.22681e-18
-4.31615e-18
-4.40399e-18
-4.49033e-18
-4.57519e-18
-4.65857e-18
-4.74047e-18
-4.8209e-18
-4.89987e-18
-4.97739e-18
-5.05345e-18
-5.12808e-18
-5.20126e-18
-5.27302e-18
-5.34336e-18
-5.41228e-18
-5.47979e-18
-5.5459e-18
-5.61062e-18
-5.67395e-18
-5.73591e-18
-5.79649e-18
-5.85571e-18
-5.91357e-18
-5.97009e-18
-6.02526e-18
-6.0791e-18
-6.13162e-18
-6.18283e-18
-6.23273e-18
-6.28133e-18
-6.32863e-18
-6.37466e-18
-6.41941e-18
-6.4629e-18
-6.50513e-18
-6.54611e-18
-6.58586e-18
-6.62437e-18
-6.66166e-18
-6.69774e-18
-6.73262e-18
-6.76631e-18
-6.7988e-18
-6.83012e-18
-6.86028e-18
-6.88927e-18
-6.91712e-18
-6.94383e-18
-6.96941e-18
-6.99387e-18
-7.01721e-18
-7.03945e-18
-7.0606e-18
-7.08065e-18
-7.09964e-18
-7.11755e-18
-7.13441e-18
-7.15023e-18
-7.165e-18
-7.17876e-18
-7.19149e-18
-7.20322e-18
-7.21396e-18
-7.22371e-18
-7.23247e-18
-7.24027e-18
-7.2471e-18
-7.25299e-18
-7.25793e-18
-7.26195e-18
-7.26505e-18
-7.26724e-18
-7.26852e-18
-7.26892e-18
-7.26843e-18
-7.26707e-18
-7.26485e-18
-7.26178e-18
-7.25786e-18
-7.25311e-18
-7.24754e-18
-7.24115e-18
-7.23396e-18
-7.22597e-18
-7.21721e-18
-7.20767e-18
-7.19736e-18
-7.1863e-18
-7.17449e-18
-7.16194e-18
-7.14867e-18
-7.13469e-18
-7.11999e-18
-7.1046e-18
-7.08852e-18
-7.07176e-18
-7.05433e-18
-7.03624e-18
-7.0175e-18
-6.99812e-18
-6.97811e-18
-6.95747e-18
-6.93621e-18
-6.91436e-18
-6.8919e-18
-6.86886e-18
-6.84524e-18
-6.82106e-18
-6.79631e-18
-6.77102e-18
-6.74519e-18
-6.71882e-18
-6.69193e-18
-6.66453e-18
-6.63663e-18
-6.60823e-18
-6.57935e-18
-6.54999e-18
-6.52016e-18
-6.48987e-18
-6.45913e-18
-6.42794e-18
-6.39632e-18
-6.36428e-18
-6.33182e-18
-6.29895e-18
-6.26567e-18
-6.23201e-18
-6.19797e-18
-6.16354e-18
-6.12876e-18
-6.09361e-18
-6.05812e-18
-6.02228e-18
-5.98611e-18
-5.94961e-18
-5.9128e-18
-5.87567e-18
-5.83824e-18
-5.80052e-18
-5.76251e-18
-5.72422e-18
-5.68565e-18
-5.64682e-18
-5.60774e-18
-5.5684e-18
-5.52882e-18
-5.48901e-18
-5.44898e-18
-5.40872e-18
-5.36826e-18
-5.32759e-18
-5.28671e-18
-5.24565e-18
-5.20441e-18
-5.16298e-18
-5.12139e-18
-5.07963e-18
-5.03772e-18
-4.99566e-18
-4.95346e-18
-4.91112e-18
-4.86865e-18
-4.82606e-18
-4.78335e-18
-4.74053e-18
-4.6976e-18
-4.65459e-18
-4.61148e-18
-4.56829e-18
-4.52502e-18
-4.48168e-18
-4.43828e-18
-4.39481e-18
-4.35128e-18
-4.30771e-18
-4.2641e-18
-4.22045e-18
-4.17677e-18
-4.13307e-18
-4.08934e-18
-4.04561e-18
-4.00186e-18
-3.95811e-18
-3.91437e-18
-3.87062e-18
-3.82689e-18
-3.78318e-18
-3.73948e-18
-3.69582e-18
-3.65219e-18
-3.6086e-18
-3.56504e-18
-3.52154e-18
-3.47808e-18
-3.43468e-18
-3.39134e-18
-3.34807e-18
-3.30486e-18
-3.26173e-18
-3.21869e-18
-3.17572e-18
-3.13284e-18
-3.09005e-18
-3.04736e-18
-3.00477e-18
-2.96228e-18
-2.91991e-18
-2.87764e-18
-2.83549e-18
-2.79345e-18
-2.75155e-18
-2.70976e-18
-2.66811e-18
-2.62659e-18
-2.58521e-18
-2.54397e-18
-2.50288e-18
-2.46193e-18
-2.42114e-18
-2.3805e-18
-2.34001e-18
-2.29969e-18
-2.25953e-18
-2.21953e-18
-2.17971e-18
-2.14006e-18
-2.10059e-18
-2.0613e-18
-2.02218e-18
-1.98326e-18
-1.94452e-18
-1.90597e-18
-1.86761e-18
-1.82944e-18
-1.79147e-18
-1.75371e-18
-1.71614e-18
-1.67878e-18
-1.64162e-18
-1.60468e-18
-1.56794e-18
-1.53142e-18
-1.49511e-18
-1.45902e-18
-1.42315e-18
-1.3875e-18
-1.35208e-18
-1.31687e-18
-1.2819e-18
-1.24715e-18
-1.21263e-18
-1.17835e-18
-1.14429e-18
-1.11048e-18
-1.0769e-18
-1.04355e-18
-1.01045e-18
-9.77586e-19
-9.44965e-19
-9.12586e-19
-8.80453e-19
-8.48566e-19
-8.16925e-19
-7.85533e-19
-7.54389e-19
-7.23496e-19
-6.92853e-19
-6.62463e-19
-6.32326e-19
-6.02443e-19
-5.72814e-19
-5.43441e-19
-5.14325e-19
-4.85465e-19
-4.56863e-19
-4.28519e-19
-4.00434e-19
-3.72608e-19
-3.45042e-19
-3.17735e-19
-2.9069e-19
-2.63906e-19
-2.37383e-19
-2.11122e-19
-1.85123e-19
-1.59387e-19
-1.33913e-19
-1.08703e-19
-8.37549e-20
-5.90702e-20
-3.46489e-20
-1.0491e-20
1.34036e-20
3.70348e-20
6.04027e-20
8.35072e-20
1.06349e-19
1.28927e-19
1.51243e-19
1.73295e-19
1.95086e-19
2.16614e-19
2.3788e-19
2.58885e-19
2.79628e-19
3.0011e-19
3.20332e-19
3.40293e-19
3.59995e-19
3.79438e-19
3.98621e-19
4.17547e-19
4.36214e-19
4.54625e-19
4.72779e-19
4.90677e-19
5.0832e-19
5.25708e-19
5.42843e-19
5.59725e-19
5.76354e-19
5.92731e-19
6.08857e-19
6.24734e-19
6.4036e-19
6.55739e-19
6.7087e-19
6.85754e-19
7.00392e-19
7.14785e-19
7.28935e-19
7.42841e-19
7.56506e-19
7.6993e-19
7.83114e-19
7.96059e-19
8.08766e-19
8.21236e-19
8.33471e-19
8.45471e-19
8.57237e-19
8.68772e-19
8.80076e-19
8.91149e-19
9.01994e-19
9.12611e-19
9.23001e-19
9.33166e-19
9.43107e-19
9.52825e-19
9.62322e-19
9.71598e-19
9.80656e-19
9.89496e-19
9.9812e-19
1.00653e-18
1.01472e-18
1.02271e-18
1.03048e-18
1.03804e-18
1.0454e-18
1.05254e-18
1.05949e-18
1.06622e-18
1.07276e-18
1.07909e-18
1.08523e-18
1.09117e-18
1.09691e-18
1.10245e-18
1.1078e-18
1.11296e-18
1.11793e-18
1.12271e-18
1.1273e-18
1.13171e-18
1.13593e-18
1.13997e-18
1.14382e-18
1.1475e-18
1.15099e-18
1.15431e-18
1.15746e-18
1.16042e-18
1.16322e-18
1.16584e-18
1.1683e-18
1.17059e-18
1.17271e-18
1.17466e-18
1.17645e-18
1.17808e-18
1.17956e-18
1.18087e-18
1.18202e-18
1.18302e-18
1.18387e-18
1.18456e-18
1.18511e-18
1.1855e-18
1.18575e-18
1.18585e-18
1.18581e-18
1.18562e-18
1.1853e-18
1.18483e-18
1.18422e-18
1.18348e-18
1.18261e-18
1.1816e-18
1.18046e-18
1.17919e-18
1.17779e-18
1.17626e-18
1.17461e-18
1.17284e-18
1.17094e-18
1.16892e-18
1.16678e-18
1.16453e-18
1.16216e-18
1.15968e-18
1.15708e-18
1.15437e-18
1.15156e-18
1.14863e-18
1.1456e-18
1.14246e-18
1.13922e-18
1.13588e-18
1.13244e-18
1.1289e-18
1.12526e-18
1.12152e-18
1.1177e-18
1.11377e-18
1.10976e-18
1.10565e-18
1.10146e-18
1.09718e-18
1.09282e-18
1.08837e-18
1.08383e-18
1.07922e-18
1.07453e-18
1.06975e-18
1.0649e-18
1.05998e-18
1.05498e-18
1.04991e-18
1.04477e-18
1.03956e-18
1.03428e-18
1.02893e-18
1.02352e-18
1.01804e-18
1.0125e-18
1.0069e-18
1.00124e-18
9.95521e-19
9.89742e-19
9.83907e-19
9.78018e-19
9.72075e-19
9.6608e-19
9.60034e-19
9.53939e-19
9.47795e-19
9.41604e-19
9.35367e-19
9.29086e-19
9.22761e-19
9.16395e-19
9.09987e-19
9.0354e-19
8.97054e-19
8.90531e-19
8.83971e-19
8.77377e-19
8.70749e-19
8.64089e-19
8.57398e-19
8.50676e-19
8.43926e-19
8.37148e-19
8.30343e-19
8.23512e-19
8.16657e-19
8.09778e-19
8.02877e-19
7.95955e-19
7.89013e-19
7.82051e-19
7.75072e-19
7.68075e-19
7.61063e-19
7.54036e-19
7.46995e-19
7.39941e-19
7.32875e-19
7.25797e-19
7.18709e-19
7.11612e-19
7.04508e-19
6.97396e-19
6.90278e-19
6.83155e-19
6.76027e-19
6.68896e-19
6.61761e-19
6.54625e-19
6.47489e-19
6.40352e-19
6.33216e-19
6.26081e-19
6.18949e-19
6.1182e-19
6.04696e-19
5.97577e-19
5.90464e-19
5.83357e-19
5.76259e-19
5.69168e-19
5.62086e-19
5.55014e-19
5.47953e-19
5.40902e-19
5.33864e-19
5.26838e-19
5.19826e-19
5.12828e-19
5.05845e-19
4.98877e-19
4.91925e-19
4.8499e-19
4.78072e-19
4.71172e-19
4.64291e-19
4.57429e-19
4.50586e-19
4.43764e-19
4.36964e-19
4.30185e-19
4.23429e-19
4.16696e-19
4.09986e-19
4.03301e-19
3.9664e-19
3.90004e-19
3.83393e-19
3.76809e-19
3.70251e-19
3.63721e-19
3.57218e-19
3.50743e-19
3.44297e-19
3.3788e-19
3.31492e-19
3.25134e-19
3.18807e-19
3.1251e-19
3.06245e-19
3.00011e-19
2.93809e-19
2.8764e-19
2.81503e-19
2.754e-19
2.69331e-19
2.63295e-19
2.57293e-19
2.51327e-19
2.45395e-19
2.39498e-19
2.33638e-19
2.27813e-19
2.22024e-19
2.16272e-19
2.10557e-19
2.04879e-19
1.99239e-19
1.93636e-19
1.88072e-19
1.82545e-19
1.77057e-19
1.71608e-19
1.66198e-19
1.60827e-19
1.55496e-19
1.50204e-19
1.44952e-19
1.3974e-19
1.34568e-19
1.29437e-19
1.24346e-19
1.19296e-19
1.14287e-19
1.0932e-19
1.04393e-19
9.95078e-20
9.4664e-20
8.9862e-20
8.51017e-20
8.03832e-20
7.57068e-20
7.10725e-20
6.64803e-20
6.19305e-20
5.7423e-20
5.2958e-20
4.85355e-20
4.41556e-20
3.98184e-20
3.55238e-20
3.1272e-20
2.7063e-20
2.28969e-20
1.87736e-20
1.46932e-20
1.06558e-20
6.66128e-21
2.70974e-21
-1.19885e-21
-5.06447e-21
-8.88713e-21
-1.26668e-20
-1.64036e-20
-2.00975e-20
-2.37484e-20
-2.73565e-20
-3.09218e-20
-3.44443e-20
-3.7924e-20
-4.1361e-20
-4.47554e-20
-4.81072e-20
-5.14165e-20
-5.46834e-20
-5.79078e-20
-6.109e-20
-6.42299e-20
-6.73277e-20
-7.03834e-20
-7.33972e-20
-7.6369e-20
-7.92991e-20
-8.21875e-20
-8.50344e-20
-8.78399e-20
-9.0604e-20
-9.33269e-20
-9.60088e-20
-9.86497e-20
-1.0125e-19
-1.03809e-19
-1.06328e-19
-1.08806e-19
-1.11244e-19
-1.13642e-19
-1.16001e-19
-1.18319e-19
-1.20597e-19
-1.22836e-19
-1.25036e-19
-1.27196e-19
-1.29318e-19
-1.314e-19
-1.33444e-19
-1.3545e-19
-1.37417e-19
-1.39346e-19
-1.41237e-19
-1.4309e-19
-1.44906e-19
-1.46684e-19
-1.48425e-19
-1.50129e-19
-1.51797e-19
-1.53428e-19
-1.55022e-19
-1.56581e-19
-1.58103e-19
-1.5959e-19
-1.61041e-19
-1.62456e-19
-1.63837e-19
-1.65183e-19
-1.66493e-19
-1.6777e-19
-1.69012e-19
-1.7022e-19
-1.71395e-19
-1.72536e-19
-1.73643e-19
-1.74718e-19
-1.75759e-19
-1.76768e-19
-1.77745e-19
-1.7869e-19
-1.79602e-19
-1.80483e-19
-1.81332e-19
-1.82151e-19
-1.82938e-19
-1.83695e-19
-1.84421e-19
-1.85117e-19
-1.85783e-19
-1.86419e-19
-1.87026e-19
-1.87604e-19
-1.88153e-19
-1.88673e-19
-1.89164e-19
-1.89628e-19
-1.90063e-19
-1.90471e-19
-1.90851e-19
-1.91204e-19
-1.9153e-19
-1.9183e-19
-1.92103e-19
-1.9235e-19
-1.92571e-19
-1.92766e-19
-1.92936e-19
-1.9308e-19
-1.932e-19
-1.93295e-19
-1.93366e-19
-1.93413e-19
-1.93436e-19
-1.93435e-19
-1.93411e-19
-1.93364e-19
-1.93294e-19
-1.93201e-19
-1.93086e-19
-1.92949e-19
-1.9279e-19
-1.9261e-19
-1.92408e-19
-1.92186e-19
-1.91942e-19
-1.91678e-19
-1.91394e-19
-1.9109e-19
-1.90766e-19
-1.90423e-19
-1.9006e-19
-1.89679e-19
-1.89278e-19
-1.88859e-19
-1.88422e-19
-1.87967e-19
-1.87495e-19
-1.87005e-19
-1.86497e-19
-1.85973e-19
-1.85432e-19
-1.84875e-19
-1.84302e-19
-1.83712e-19
-1.83107e-19
-1.82486e-19
-1.8185e-19
-1.81199e-19
-1.80533e-19
-1.79853e-19
-1.79159e-19
-1.7845e-19
-1.77728e-19
-1.76992e-19
-1.76243e-19
-1.7548e-19
-1.74705e-19
-1.73917e-19
-1.73117e-19
-1.72305e-19
-1.71481e-19
-1.70645e-19
-1.69798e-19
-1.6894e-19
-1.6807e-19
-1.6719e-19
-1.66299e-19
-1.65398e-19
-1.64487e-19
-1.63566e-19
-1.62635e-19
-1.61695e-19
-1.60745e-19
-1.59787e-19
-1.5882e-19
-1.57844e-19
-1.5686e-19
-1.55867e-19
-1.54867e-19
-1.53859e-19
-1.52844e-19
-1.51821e-19
-1.50791e-19
-1.49755e-19
-1.48711e-19
-1.47661e-19
-1.46605e-19
-1.45543e-19
-1.44474e-19
-1.434e-19
-1.4232e-19
-1.41235e-19
-1.40145e-19
-1.3905e-19
-1.3795e-19
-1.36846e-19
-1.35737e-19
-1.34624e-19
-1.33507e-19
-1.32386e-19
-1.31261e-19
-1.30133e-19
-1.29001e-19
-1.27866e-19
-1.26728e-19
-1.25587e-19
-1.24444e-19
-1.23298e-19
-1.2215e-19
-1.21e-19
-1.19847e-19
-1.18693e-19
-1.17537e-19
-1.1638e-19
-1.15221e-19
-1.14061e-19
-1.129e-19
-1.11738e-19
-1.10575e-19
-1.09412e-19
-1.08248e-19
-1.07084e-19
-1.0592e-19
-1.04755e-19
-1.03591e-19
-1.02427e-19
-1.01264e-19
-1.00101e-19
-9.89385e-20
-9.77769e-20
-9.66163e-20
-9.54568e-20
-9.42985e-20
-9.31414e-20
-9.19858e-20
-9.08317e-20
-8.96794e-20
-8.85288e-20
-8.73801e-20
-8.62334e-20
-8.50889e-20
-8.39466e-20
-8.28067e-20
-8.16693e-20
-8.05346e-20
-7.94025e-20
-7.82733e-20
-7.71469e-20
-7.60236e-20
-7.49035e-20
-7.37865e-20
-7.26729e-20
-7.15627e-20
-7.0456e-20
-6.93529e-20
-6.82535e-20
-6.71579e-20
-6.60662e-20
-6.49784e-20
-6.38948e-20
-6.28152e-20
-6.174e-20
-6.0669e-20
-5.96025e-20
-5.85404e-20
-5.7483e-20
-5.64302e-20
-5.53822e-20
-5.4339e-20
-5.33007e-20
-5.22673e-20
-5.12389e-20
-5.02156e-20
-4.91974e-20
-4.81845e-20
-4.71768e-20
-4.61745e-20
-4.51776e-20
-4.41861e-20
-4.32001e-20
-4.22198e-20
-4.1245e-20
-4.0276e-20
-3.93127e-20
-3.83552e-20
-3.74036e-20
-3.64579e-20
-3.55181e-20
-3.45843e-20
-3.36566e-20
-3.2735e-20
-3.18195e-20
-3.09102e-20
-3.00071e-20
-2.91103e-20
-2.82198e-20
-2.73357e-20
-2.64579e-20
-2.55865e-20
-2.47216e-20
-2.38632e-20
-2.30112e-20
-2.21659e-20
-2.13271e-20
-2.04949e-20
-1.96694e-20
-1.88505e-20
-1.80383e-20
-1.72329e-20
-1.64341e-20
-1.56422e-20
-1.4857e-20
-1.40787e-20
-1.33071e-20
-1.25425e-20
-1.17847e-20
-1.10337e-20
-1.02897e-20
-9.55261e-21
-8.82243e-21
-8.09918e-21
-7.38289e-21
-6.67355e-21
-5.97118e-21
-5.27578e-21
-4.58737e-21
-3.90595e-21
-3.23152e-21
-2.56409e-21
-1.90366e-21
-1.25023e-21
-6.03812e-22
3.55978e-23
6.68e-22
1.29339e-21
1.91178e-21
2.52317e-21
3.12755e-21
3.72493e-21
4.31532e-21
4.89872e-21
5.47514e-21
6.04459e-21
6.60706e-21
7.16258e-21
7.71115e-21
8.25278e-21
8.78749e-21
9.31528e-21
9.83616e-21
1.03502e-20
1.08573e-20
1.13575e-20
1.18509e-20
1.23375e-20
1.28172e-20
1.32902e-20
1.37563e-20
1.42157e-20
1.46683e-20
1.51142e-20
1.55534e-20
1.5986e-20
1.64118e-20
1.6831e-20
1.72436e-20
1.76495e-20
1.80489e-20
1.84418e-20
1.88281e-20
1.92079e-20
1.95812e-20
1.99481e-20
2.03085e-20
2.06626e-20
2.10103e-20
2.13516e-20
2.16866e-20
2.20154e-20
2.23379e-20
2.26541e-20
2.29642e-20
2.3268e-20
2.35658e-20
2.38574e-20
2.4143e-20
2.44225e-20
2.46961e-20
2.49636e-20
2.52252e-20
2.54809e-20
2.57307e-20
2.59747e-20
2.62128e-20
2.64452e-20
2.66719e-20
2.68929e-20
2.71082e-20
2.73179e-20
2.75219e-20
2.77205e-20
2.79135e-20
2.8101e-20
2.82831e-20
2.84598e-20
2.86311e-20
2.87971e-20
2.89578e-20
2.91132e-20
2.92634e-20
2.94084e-20
2.95483e-20
2.96831e-20
2.98129e-20
2.99376e-20
3.00573e-20
3.01722e-20
3.02821e-20
3.03872e-20
3.04874e-20
3.05829e-20
3.06736e-20
3.07596e-20
3.0841e-20
3.09177e-20
3.09899e-20
3.10575e-20
3.11207e-20
3.11794e-20
3.12337e-20
3.12836e-20
3.13292e-20
3.13706e-20
3.14076e-20
3.14405e-20
3.14693e-20
3.14939e-20
3.15144e-20
3.15309e-20
3.15434e-20
3.1552e-20
3.15567e-20
3.15575e-20
3.15544e-20
3.15477e-20
3.15371e-20
3.15229e-20
3.15051e-20
3.14836e-20
3.14586e-20
3.143e-20
3.13979e-20
3.13625e-20
3.13236e-20
3.12813e-20
3.12357e-20
3.11869e-20
3.11348e-20
3.10796e-20
3.10212e-20
3.09598e-20
3.08952e-20
3.08277e-20
3.07571e-20
3.06837e-20
3.06073e-20
3.0528e-20
3.0446e-20
3.03612e-20
3.02736e-20
3.01834e-20
3.00905e-20
2.9995e-20
2.98969e-20
2.97963e-20
2.96932e-20
2.95877e-20
2.94797e-20
2.93693e-20
2.92567e-20
2.91417e-20
2.90245e-20
2.8905e-20
2.87834e-20
2.86596e-20
2.85337e-20
2.84058e-20
2.82758e-20
2.81438e-20
2.80099e-20
2.78741e-20
2.77364e-20
2.75968e-20
2.74555e-20
2.73124e-20
2.71676e-20
2.7021e-20
2.68729e-20
2.67231e-20
2.65717e-20
2.64188e-20
2.62643e-20
2.61084e-20
2.59511e-20
2.57923e-20
2.56321e-20
2.54706e-20
2.53078e-20
2.51438e-20
2.49784e-20
2.48119e-20
2.46442e-20
2.44753e-20
2.43053e-20
2.41343e-20
2.39622e-20
2.37892e-20
2.36151e-20
2.34401e-20
2.32642e-20
2.30874e-20
2.29098e-20
2.27313e-20
2.2552e-20
2.2372e-20
2.21912e-20
2.20098e-20
2.18277e-20
2.16449e-20
2.14615e-20
2.12776e-20
2.10931e-20
2.09081e-20
2.07226e-20
2.05366e-20
2.03501e-20
2.01633e-20
1.9976e-20
1.97884e-20
1.96005e-20
1.94123e-20
1.92238e-20
1.9035e-20
1.8846e-20
1.86568e-20
1.84674e-20
1.82778e-20
1.80881e-20
1.78984e-20
1.77085e-20
1.75186e-20
1.73286e-20
1.71386e-20
1.69487e-20
1.67588e-20
1.65689e-20
1.63791e-20
1.61894e-20
1.59999e-20
1.58104e-20
1.56212e-20
1.54321e-20
1.52433e-20
1.50546e-20
1.48663e-20
1.46782e-20
1.44904e-20
1.43029e-20
1.41157e-20
1.39289e-20
1.37424e-20
1.35563e-20
1.33707e-20
1.31854e-20
1.30006e-20
1.28163e-20
1.26324e-20
1.2449e-20
1.22662e-20
1.20838e-20
1.1902e-20
1.17207e-20
1.154e-20
1.13599e-20
1.11804e-20
1.10015e-20
1.08233e-20
1.06457e-20
1.04687e-20
1.02924e-20
1.01169e-20
9.94197e-21
9.7678e-21
9.59436e-21
9.42166e-21
9.2497e-21
9.07852e-21
8.90811e-21
8.73851e-21
8.5697e-21
8.40171e-21
8.23455e-21
8.06823e-21
7.90275e-21
7.73814e-21
7.5744e-21
7.41154e-21
7.24958e-21
7.08851e-21
6.92835e-21
6.76911e-21
6.6108e-21
6.45342e-21
6.29699e-21
6.14151e-21
5.98699e-21
5.83344e-21
5.68087e-21
5.52928e-21
5.37868e-21
5.22908e-21
5.08049e-21
4.93291e-21
4.78636e-21
4.64082e-21
4.49632e-21
4.35287e-21
4.21045e-21
4.06909e-21
3.92879e-21
3.78954e-21
3.65137e-21
3.51427e-21
3.37824e-21
3.2433e-21
3.10945e-21
2.97668e-21
2.84502e-21
2.71445e-21
2.58498e-21
2.45662e-21
2.32937e-21
2.20323e-21
2.0782e-21
1.95429e-21
1.83151e-21
1.70984e-21
1.58931e-21
1.4699e-21
1.35162e-21
1.23447e-21
1.11846e-21
1.00358e-21
8.89843e-22
7.77242e-22
6.65779e-22
5.55456e-22
4.46275e-22
3.38235e-22
2.31337e-22
1.25582e-22
2.09699e-23
-8.24991e-23
-1.84825e-22
-2.86008e-22
-3.86048e-22
-4.84946e-22
-5.82702e-22
-6.79318e-22
-7.74793e-22
-8.6913e-22
-9.62328e-22
-1.05439e-21
-1.14531e-21
-1.23511e-21
-1.32376e-21
-1.41129e-21
-1.49769e-21
-1.58296e-21
-1.66711e-21
-1.75013e-21
-1.83203e-21
-1.91282e-21
-1.99248e-21
-2.07104e-21
-2.14848e-21
-2.22482e-21
-2.30005e-21
-2.37418e-21
-2.44721e-21
-2.51915e-21
-2.58999e-21
-2.65975e-21
-2.72842e-21
-2.796e-21
-2.86251e-21
-2.92795e-21
-2.99231e-21
-3.05561e-21
-3.11785e-21
-3.17903e-21
-3.23915e-21
-3.29823e-21
-3.35626e-21
-3.41324e-21
-3.4692e-21
-3.52412e-21
-3.57801e-21
-3.63088e-21
-3.68274e-21
-3.73358e-21
-3.78341e-21
-3.83224e-21
-3.88007e-21
-3.92691e-21
-3.97276e-21
-4.01763e-21
-4.06153e-21
-4.10445e-21
-4.14641e-21
-4.1874e-21
-4.22744e-21
-4.26654e-21
-4.30469e-21
-4.3419e-21
-4.37818e-21
-4.41353e-21
-4.44797e-21
-4.48149e-21
-4.5141e-21
-4.54582e-21
-4.57663e-21
-4.60656e-21
-4.6356e-21
-4.66376e-21
-4.69105e-21
-4.71748e-21
-4.74304e-21
-4.76776e-21
-4.79163e-21
-4.81465e-21
-4.83685e-21
-4.85822e-21
-4.87876e-21
-4.8985e-21
-4.91743e-21
-4.93555e-21
-4.95288e-21
-4.96942e-21
-4.98519e-21
-5.00017e-21
-5.01439e-21
-5.02785e-21
-5.04055e-21
-5.05251e-21
-5.06373e-21
-5.07421e-21
-5.08397e-21
-5.093e-21
-5.10133e-21
-5.10894e-21
-5.11586e-21
-5.12209e-21
-5.12763e-21
-5.13248e-21
-5.13667e-21
-5.14019e-21
-5.14304e-21
-5.14525e-21
-5.14681e-21
-5.14773e-21
-5.14802e-21
-5.14768e-21
-5.14673e-21
-5.14517e-21
-5.14301e-21
-5.14025e-21
-5.1369e-21
-5.13296e-21
-5.12845e-21
-5.12337e-21
-5.11773e-21
-5.11153e-21
-5.10479e-21
-5.0975e-21
-5.08968e-21
-5.08133e-21
-5.07245e-21
-5.06306e-21
-5.05316e-21
-5.04276e-21
-5.03187e-21
-5.02049e-21
-5.00862e-21
-4.99628e-21
-4.98347e-21
-4.9702e-21
-4.95648e-21
-4.94231e-21
-4.92769e-21
-4.91265e-21
-4.89717e-21
-4.88128e-21
-4.86497e-21
-4.84825e-21
-4.83113e-21
-4.81361e-21
-4.7957e-21
-4.77741e-21
-4.75875e-21
-4.73972e-21
-4.72032e-21
-4.70057e-21
-4.68046e-21
-4.66001e-21
-4.63922e-21
-4.6181e-21
-4.59665e-21
-4.57489e-21
-4.55281e-21
-4.53042e-21
-4.50773e-21
-4.48474e-21
-4.46147e-21
-4.43791e-21
-4.41408e-21
-4.38997e-21
-4.3656e-21
-4.34096e-21
-4.31608e-21
-4.29095e-21
-4.26557e-21
-4.23996e-21
-4.21412e-21
-4.18805e-21
-4.16175e-21
-4.13525e-21
-4.10853e-21
-4.08161e-21
-4.05449e-21
-4.02718e-21
-3.99969e-21
-3.97201e-21
-3.94415e-21
-3.91613e-21
-3.88793e-21
-3.85958e-21
-3.83107e-21
-3.80241e-21
-3.77361e-21
-3.74467e-21
-3.71559e-21
-3.68638e-21
-3.65705e-21
-3.62759e-21
-3.59802e-21
-3.56835e-21
-3.53856e-21
-3.50868e-21
-3.47869e-21
-3.44862e-21
-3.41846e-21
-3.38822e-21
-3.35789e-21
-3.3275e-21
-3.29704e-21
-3.26651e-21
-3.23592e-21
-3.20528e-21
-3.17459e-21
-3.14384e-21
-3.11306e-21
-3.08223e-21
-3.05137e-21
-3.02048e-21
-2.98957e-21
-2.95863e-21
-2.92767e-21
-2.8967e-21
-2.86572e-21
-2.83473e-21
-2.80374e-21
-2.77275e-21
-2.74177e-21
-2.71079e-21
-2.67983e-21
-2.64888e-21
-2.61795e-21
-2.58704e-21
-2.55616e-21
-2.52532e-21
-2.4945e-21
-2.46372e-21
-2.43298e-21
-2.40229e-21
-2.37164e-21
-2.34104e-21
-2.31049e-21
-2.28e-21
-2.24956e-21
-2.21919e-21
-2.18889e-21
-2.15865e-21
-2.12848e-21
-2.09838e-21
-2.06837e-21
-2.03843e-21
-2.00857e-21
-1.9788e-21
-1.94911e-21
-1.91952e-21
-1.89002e-21
-1.86061e-21
-1.8313e-21
-1.80209e-21
-1.77298e-21
-1.74398e-21
-1.71508e-21
-1.68629e-21
-1.65762e-21
-1.62906e-21
-1.60062e-21
-1.57229e-21
-1.54409e-21
-1.51601e-21
-1.48805e-21
-1.46022e-21
-1.43252e-21
-1.40495e-21
-1.37752e-21
-1.35021e-21
-1.32304e-21
-1.29601e-21
-1.26912e-21
-1.24237e-21
-1.21577e-21
-1.18931e-21
-1.16299e-21
-1.13683e-21
-1.11081e-21
-1.08494e-21
-1.05923e-21
-1.03367e-21
-1.00826e-21
-9.83015e-22
-9.57924e-22
-9.32992e-22
-9.08221e-22
-8.83611e-22
-8.59165e-22
-8.34882e-22
-8.10764e-22
-7.86812e-22
-7.63028e-22
-7.39412e-22
-7.15965e-22
-6.92689e-22
-6.69583e-22
-6.4665e-22
-6.23891e-22
-6.01305e-22
-5.78894e-22
-5.56658e-22
-5.34599e-22
-5.12717e-22
-4.91013e-22
-4.69487e-22
-4.4814e-22
-4.26974e-22
-4.05987e-22
-3.85182e-22
-3.64558e-22
-3.44116e-22
-3.23856e-22
-3.0378e-22
-2.83886e-22
-2.64176e-22
-2.44651e-22
-2.25309e-22
-2.06152e-22
-1.8718e-22
-1.68394e-22
-1.49793e-22
-1.31377e-22
-1.13148e-22
-9.51039e-23
-7.72465e-23
-5.95753e-23
-4.20904e-23
-2.47919e-23
-7.67984e-24
9.24575e-24
2.59849e-23
4.25375e-23
5.89038e-23
7.50837e-23
9.10773e-23
1.06885e-22
1.22506e-22
1.37942e-22
1.53192e-22
1.68256e-22
1.83135e-22
1.97829e-22
2.12338e-22
2.26663e-22
2.40804e-22
2.5476e-22
2.68534e-22
2.82123e-22
2.95531e-22
3.08755e-22
3.21798e-22
3.34658e-22
3.47338e-22
3.59836e-22
3.72154e-22
3.84292e-22
3.96251e-22
4.08031e-22
4.19633e-22
4.31057e-22
4.42304e-22
4.53375e-22
4.64269e-22
4.74988e-22
4.85533e-22
4.95903e-22
5.06099e-22
5.16123e-22
5.25975e-22
5.35655e-22
5.45165e-22
5.54505e-22
5.63675e-22
5.72677e-22
5.81512e-22
5.90179e-22
5.9868e-22
6.07016e-22
6.15187e-22
6.23194e-22
6.31038e-22
6.3872e-22
6.46241e-22
6.53602e-22
6.60803e-22
6.67846e-22
6.74731e-22
6.81459e-22
6.88031e-22
6.94448e-22
7.00711e-22
7.06821e-22
7.12778e-22
7.18584e-22
7.2424e-22
7.29746e-22
7.35104e-22
7.40315e-22
7.45378e-22
7.50297e-22
7.55071e-22
7.59702e-22
7.6419e-22
7.68537e-22
7.72744e-22
7.76811e-22
7.8074e-22
7.84532e-22
7.88187e-22
7.91708e-22
7.95094e-22
7.98347e-22
8.01467e-22
8.04457e-22
8.07317e-22
8.10048e-22
8.12651e-22
8.15128e-22
8.1748e-22
8.19707e-22
8.21811e-22
8.23793e-22
8.25653e-22
8.27394e-22
8.29015e-22
8.30518e-22
8.31905e-22
8.33177e-22
8.34334e-22
8.35377e-22
8.36309e-22
8.37129e-22
8.37839e-22
8.3844e-22
8.38934e-22
8.39321e-22
8.39602e-22
8.39779e-22
8.39853e-22
8.39824e-22
8.39694e-22
8.39465e-22
8.39137e-22
8.38711e-22
8.38188e-22
8.3757e-22
8.36858e-22
8.36053e-22
8.35155e-22
8.34167e-22
8.3309e-22
8.31923e-22
8.30669e-22
8.29328e-22
8.27902e-22
8.26392e-22
8.24798e-22
8.23122e-22
8.21365e-22
8.19528e-22
8.17613e-22
8.1562e-22
8.1355e-22
8.11404e-22
8.09184e-22
8.06891e-22
8.04526e-22
8.02089e-22
7.99582e-22
7.97007e-22
7.94363e-22
7.91653e-22
7.88877e-22
7.86036e-22
7.83131e-22
7.80164e-22
7.77135e-22
7.74045e-22
7.70895e-22
7.67687e-22
7.64422e-22
7.611e-22
7.57723e-22
7.54291e-22
7.50806e-22
7.47268e-22
7.43679e-22
7.4004e-22
7.3635e-22
7.32613e-22
7.28828e-22
7.24996e-22
7.21119e-22
7.17198e-22
7.13233e-22
7.09225e-22
7.05176e-22
7.01085e-22
6.96955e-22
6.92786e-22
6.88579e-22
6.84335e-22
6.80055e-22
6.7574e-22
6.7139e-22
6.67006e-22
6.6259e-22
6.58143e-22
6.53664e-22
6.49156e-22
6.44618e-22
6.40053e-22
6.3546e-22
6.30841e-22
6.26197e-22
6.21528e-22
6.16835e-22
6.12119e-22
6.0738e-22
6.0262e-22
5.97839e-22
5.93039e-22
5.88219e-22
5.83381e-22
5.78526e-22
5.73654e-22
5.68767e-22
5.63864e-22
5.58947e-22
5.54016e-22
5.49073e-22
5.44117e-22
5.3915e-22
5.34172e-22
5.29184e-22
5.24187e-22
5.19182e-22
5.14168e-22
5.09148e-22
5.04121e-22
4.99088e-22
4.9405e-22
4.89008e-22
4.83962e-22
4.78913e-22
4.73862e-22
4.68808e-22
4.63754e-22
4.58699e-22
4.53643e-22
4.48589e-22
4.43536e-22
4.38484e-22
4.33435e-22
4.28389e-22
4.23346e-22
4.18308e-22
4.13274e-22
4.08246e-22
4.03223e-22
3.98207e-22
3.93197e-22
3.88195e-22
3.83201e-22
3.78216e-22
3.73239e-22
3.68272e-22
3.63315e-22
3.58369e-22
3.53433e-22
3.48509e-22
3.43596e-22
3.38696e-22
3.33808e-22
3.28934e-22
3.24074e-22
3.19227e-22
3.14395e-22
3.09578e-22
3.04777e-22
2.99991e-22
2.95221e-22
2.90468e-22
2.85732e-22
2.81013e-22
2.76312e-22
2.71629e-22
2.66965e-22
2.62319e-22
2.57693e-22
2.53086e-22
2.48499e-22
2.43933e-22
2.39387e-22
2.34862e-22
2.30358e-22
2.25876e-22
2.21415e-22
2.16977e-22
2.12562e-22
2.08169e-22
2.03799e-22
1.99452e-22
1.9513e-22
1.9083e-22
1.86555e-22
1.82305e-22
1.78078e-22
1.73877e-22
1.69701e-22
1.65549e-22
1.61424e-22
1.57324e-22
1.5325e-22
1.49202e-22
1.4518e-22
1.41185e-22
1.37216e-22
1.33275e-22
1.2936e-22
1.25473e-22
1.21613e-22
1.17781e-22
1.13976e-22
1.102e-22
1.06451e-22
1.02731e-22
9.90387e-23
9.53751e-23
9.17402e-23
8.81339e-23
8.45565e-23
8.10081e-23
7.74888e-23
7.39986e-23
7.05378e-23
6.71063e-23
6.37044e-23
6.03319e-23
5.69892e-23
5.36762e-23
5.03931e-23
4.71398e-23
4.39165e-23
4.07232e-23
3.75599e-23
3.44268e-23
3.13239e-23
2.82512e-23
2.52087e-23
2.21966e-23
1.92147e-23
1.62633e-23
1.33422e-23
1.04514e-23
7.59112e-24
4.76123e-24
1.96176e-24
-8.07272e-25
-3.54588e-24
-6.25406e-24
-8.93182e-24
-1.15792e-23
-1.41961e-23
-1.67827e-23
-1.93389e-23
-2.18648e-23
-2.43604e-23
-2.68257e-23
-2.92608e-23
-3.16657e-23
-3.40405e-23
-3.63851e-23
-3.86996e-23
-4.09841e-23
-4.32387e-23
-4.54633e-23
-4.76581e-23
-4.98231e-23
-5.19583e-23
-5.40639e-23
-5.61399e-23
-5.81864e-23
-6.02035e-23
-6.21912e-23
-6.41497e-23
-6.60789e-23
-6.79791e-23
-6.98502e-23
-7.16924e-23
-7.35059e-23
-7.52906e-23
-7.70467e-23
-7.87742e-23
-8.04733e-23
-8.21441e-23
-8.37866e-23
-8.54011e-23
-8.69876e-23
-8.85461e-23
-9.00769e-23
-9.15801e-23
-9.30557e-23
-9.45039e-23
-9.59249e-23
-9.73187e-23
-9.86855e-23
-1.00025e-22
-1.01339e-22
-1.02625e-22
-1.03885e-22
-1.05119e-22
-1.06326e-22
-1.07508e-22
-1.08663e-22
-1.09793e-22
-1.10897e-22
-1.11976e-22
-1.13029e-22
-1.14058e-22
-1.15061e-22
-1.16039e-22
-1.16993e-22
-1.17922e-22
-1.18826e-22
-1.19707e-22
-1.20563e-22
-1.21396e-22
-1.22204e-22
-1.22989e-22
-1.23751e-22
-1.24489e-22
-1.25204e-22
-1.25896e-22
-1.26566e-22
-1.27213e-22
-1.27837e-22
-1.28439e-22
-1.29019e-22
-1.29578e-22
-1.30114e-22
-1.30629e-22
-1.31122e-22
-1.31594e-22
-1.32045e-22
-1.32475e-22
-1.32885e-22
-1.33274e-22
-1.33643e-22
-1.33991e-22
-1.34319e-22
-1.34628e-22
-1.34917e-22
-1.35187e-22
-1.35437e-22
-1.35669e-22
-1.35881e-22
-1.36075e-22
-1.3625e-22
-1.36406e-22
-1.36545e-22
-1.36666e-22
-1.36768e-22
-1.36853e-22
-1.36921e-22
-1.36971e-22
-1.37005e-22
-1.37021e-22
-1.37021e-22
-1.37004e-22
-1.3697e-22
-1.36921e-22
-1.36855e-22
-1.36774e-22
-1.36677e-22
-1.36565e-22
-1.36437e-22
-1.36295e-22
-1.36137e-22
-1.35965e-22
-1.35778e-22
-1.35577e-22
-1.35362e-22
-1.35132e-22
-1.34889e-22
-1.34632e-22
-1.34362e-22
-1.34079e-22
-1.33782e-22
-1.33473e-22
-1.33151e-22
-1.32816e-22
-1.32469e-22
-1.3211e-22
-1.31738e-22
-1.31355e-22
-1.30961e-22
-1.30554e-22
-1.30137e-22
-1.29708e-22
-1.29268e-22
-1.28818e-22
-1.28357e-22
-1.27885e-22
-1.27403e-22
-1.26912e-22
-1.2641e-22
-1.25898e-22
-1.25377e-22
-1.24847e-22
-1.24307e-22
-1.23758e-22
-1.23201e-22
-1.22634e-22
-1.22059e-22
-1.21476e-22
-1.20884e-22
-1.20284e-22
-1.19676e-22
-1.19061e-22
-1.18438e-22
-1.17807e-22
-1.17169e-22
-1.16524e-22
-1.15872e-22
-1.15213e-22
-1.14547e-22
-1.13875e-22
-1.13196e-22
-1.12511e-22
-1.1182e-22
-1.11124e-22
-1.10421e-22
-1.09713e-22
-1.08999e-22
-1.0828e-22
-1.07555e-22
-1.06826e-22
-1.06091e-22
-1.05352e-22
-1.04609e-22
-1.03861e-22
-1.03108e-22
-1.02351e-22
-1.01591e-22
-1.00826e-22
-1.00058e-22
-9.92854e-23
-9.85097e-23
-9.77306e-23
-9.69482e-23
-9.61627e-23
-9.53742e-23
-9.45828e-23
-9.37887e-23
-9.29919e-23
-9.21927e-23
-9.13911e-23
-9.05872e-23
-8.97813e-23
-8.89733e-23
-8.81635e-23
-8.73519e-23
-8.65386e-23
-8.57237e-23
-8.49074e-23
-8.40898e-23
-8.3271e-23
-8.24512e-23
-8.16303e-23
-8.08086e-23
-7.99861e-23
-7.9163e-23
-7.83393e-23
-7.75152e-23
-7.66907e-23
-7.5866e-23
-7.50412e-23
-7.42163e-23
-7.33916e-23
-7.25671e-23
-7.17428e-23
-7.09189e-23
-7.00955e-23
-6.92726e-23
-6.84504e-23
-6.7629e-23
-6.68083e-23
-6.59886e-23
-6.51699e-23
-6.43523e-23
-6.35359e-23
-6.27207e-23
-6.1907e-23
-6.10946e-23
-6.02838e-23
-5.94746e-23
-5.86671e-23
-5.78614e-23
-5.70575e-23
-5.62555e-23
-5.54555e-23
-5.46576e-23
-5.38619e-23
-5.30684e-23
-5.22772e-23
-5.14884e-23
-5.07019e-23
-4.9918e-23
-4.91366e-23
-4.83578e-23
-4.75817e-23
-4.68084e-23
-4.60379e-23
-4.52703e-23
-4.45056e-23
-4.37439e-23
-4.29853e-23
-4.22298e-23
-4.14775e-23
-4.07284e-23
-3.99826e-23
-3.92402e-23
-3.85011e-23
-3.77655e-23
-3.70334e-23
-3.63048e-23
-3.55798e-23
-3.48585e-23
-3.41409e-23
-3.3427e-23
-3.27169e-23
-3.20105e-23
-3.13081e-23
-3.06096e-23
-2.9915e-23
-2.92244e-23
-2.85378e-23
-2.78553e-23
-2.71769e-23
-2.65027e-23
-2.58327e-23
-2.51669e-23
-2.45053e-23
-2.38481e-23
-2.31951e-23
-2.25466e-23
-2.19024e-23
-2.12626e-23
-2.06272e-23
-1.99963e-23
-1.937e-23
-1.87481e-23
-1.81308e-23
-1.7518e-23
-1.69099e-23
-1.63064e-23
-1.57075e-23
-1.51132e-23
-1.45237e-23
-1.39388e-23
-1.33587e-23
-1.27833e-23
-1.22127e-23
-1.16469e-23
-1.10858e-23
-1.05296e-23
-9.97818e-24
-9.43161e-24
-8.88988e-24
-8.35301e-24
-7.82101e-24
-7.2939e-24
-6.77168e-24
-6.25436e-24
-5.74195e-24
-5.23446e-24
-4.73189e-24
-4.23426e-24
-3.74158e-24
-3.25383e-24
-2.77104e-24
-2.29321e-24
-1.82033e-24
-1.35242e-24
-8.89468e-25
-4.31482e-25
2.15369e-26
4.6959e-25
9.12676e-25
1.3508e-24
1.78395e-24
2.21215e-24
2.63539e-24
3.05367e-24
3.467e-24
3.87538e-24
4.27883e-24
4.67733e-24
5.07091e-24
5.45956e-24
5.84329e-24
6.22212e-24
6.59604e-24
6.96507e-24
7.32922e-24
7.68849e-24
8.04289e-24
8.39245e-24
8.73715e-24
9.07703e-24
9.41209e-24
9.74234e-24
1.00678e-23
1.03885e-23
1.07044e-23
1.10156e-23
1.1322e-23
1.16237e-23
1.19207e-23
1.2213e-23
1.25006e-23
1.27836e-23
1.30619e-23
1.33356e-23
1.36047e-23
1.38692e-23
1.41292e-23
1.43846e-23
1.46354e-23
1.48817e-23
1.51236e-23
1.53609e-23
1.55939e-23
1.58223e-23
1.60464e-23
1.62661e-23
1.64814e-23
1.66923e-23
1.68989e-23
1.71013e-23
1.72993e-23
1.74931e-23
1.76827e-23
1.7868e-23
1.80492e-23
1.82262e-23
1.83991e-23
1.85678e-23
1.87325e-23
1.88931e-23
1.90496e-23
1.92022e-23
1.93507e-23
1.94953e-23
1.9636e-23
1.97727e-23
1.99056e-23
2.00346e-23
2.01598e-23
2.02812e-23
2.03988e-23
2.05126e-23
2.06228e-23
2.07292e-23
2.0832e-23
2.09311e-23
2.10266e-23
2.11185e-23
2.12069e-23
2.12917e-23
2.13731e-23
2.14509e-23
2.15253e-23
2.15964e-23
2.1664e-23
2.17283e-23
2.17892e-23
2.18469e-23
2.19013e-23
2.19524e-23
2.20003e-23
2.20451e-23
2.20867e-23
2.21252e-23
2.21606e-23
2.21929e-23
2.22222e-23
2.22485e-23
2.22718e-23
2.22922e-23
2.23096e-23
2.23242e-23
2.23359e-23
2.23448e-23
2.23509e-23
2.23543e-23
2.23549e-23
2.23528e-23
2.2348e-23
2.23406e-23
2.23306e-23
2.23179e-23
2.23028e-23
2.2285e-23
2.22648e-23
2.22421e-23
2.2217e-23
2.21895e-23
2.21596e-23
2.21274e-23
2.20928e-23
2.2056e-23
2.20169e-23
2.19755e-23
2.1932e-23
2.18863e-23
2.18384e-23
2.17885e-23
2.17364e-23
2.16823e-23
2.16262e-23
2.15681e-23
2.1508e-23
2.14459e-23
2.1382e-23
2.13162e-23
2.12485e-23
2.1179e-23
2.11077e-23
2.10346e-23
2.09598e-23
2.08833e-23
2.08051e-23
2.07252e-23
2.06438e-23
2.05607e-23
2.04761e-23
2.03899e-23
2.03022e-23
2.0213e-23
2.01224e-23
2.00303e-23
1.99368e-23
1.98419e-23
1.97457e-23
1.96481e-23
1.95492e-23
1.94491e-23
1.93477e-23
1.9245e-23
1.91412e-23
1.90362e-23
1.89301e-23
1.88228e-23
1.87145e-23
1.86051e-23
1.84946e-23
1.83831e-23
1.82706e-23
1.81571e-23
1.80426e-23
1.79273e-23
1.7811e-23
1.76939e-23
1.75759e-23
1.74571e-23
1.73375e-23
1.72171e-23
1.7096e-23
1.69741e-23
1.68515e-23
1.67282e-23
1.66042e-23
1.64797e-23
1.63544e-23
1.62286e-23
1.61022e-23
1.59753e-23
1.58478e-23
1.57198e-23
1.55913e-23
1.54623e-23
1.53329e-23
1.5203e-23
1.50727e-23
1.4942e-23
1.4811e-23
1.46796e-23
1.45478e-23
1.44158e-23
1.42835e-23
1.41509e-23
1.4018e-23
1.38849e-23
1.37516e-23
1.36181e-23
1.34844e-23
1.33505e-23
1.32165e-23
1.30824e-23
1.29481e-23
1.28138e-23
1.26794e-23
1.25449e-23
1.24104e-23
1.22758e-23
1.21413e-23
1.20068e-23
1.18722e-23
1.17377e-23
1.16033e-23
1.1469e-23
1.13347e-23
1.12005e-23
1.10665e-23
1.09326e-23
1.07988e-23
1.06652e-23
1.05318e-23
1.03986e-23
1.02656e-23
1.01327e-23
1.00002e-23
9.86783e-24
9.73576e-24
9.60395e-24
9.47243e-24
9.3412e-24
9.21028e-24
9.07968e-24
8.9494e-24
8.81947e-24
8.6899e-24
8.56069e-24
8.43187e-24
8.30344e-24
8.17542e-24
8.04781e-24
7.92063e-24
7.79388e-24
7.66758e-24
7.54174e-24
7.41637e-24
7.29148e-24
7.16707e-24
7.04316e-24
6.91977e-24
6.79689e-24
6.67453e-24
6.55271e-24
6.43144e-24
6.31071e-24
6.19055e-24
6.07095e-24
5.95193e-24
5.8335e-24
5.71566e-24
5.59842e-24
5.48178e-24
5.36576e-24
5.25037e-24
5.1356e-24
5.02147e-24
4.90799e-24
4.79516e-24
4.68298e-24
4.57147e-24
4.46063e-24
4.35046e-24
4.24098e-24
4.13219e-24
4.02408e-24
3.91668e-24
3.80998e-24
3.704e-24
3.59872e-24
3.49417e-24
3.39035e-24
3.28725e-24
3.18488e-24
3.08325e-24
2.98236e-24
2.88222e-24
2.78283e-24
2.68419e-24
2.5863e-24
2.48918e-24
2.39282e-24
2.29723e-24
2.2024e-24
2.10835e-24
2.01508e-24
1.92259e-24
1.83087e-24
1.73995e-24
1.64981e-24
1.56045e-24
1.47189e-24
1.38412e-24
1.29715e-24
1.21097e-24
1.12559e-24
1.041e-24
9.57221e-25
8.74241e-25
7.92064e-25
7.10691e-25
6.30124e-25
5.50363e-25
4.71409e-25
3.93263e-25
3.15925e-25
2.39397e-25
1.63678e-25
8.87695e-26
1.46703e-26
-5.8619e-26
-1.31099e-25
-2.02768e-25
-2.73629e-25
-3.4368e-25
-4.12923e-25
-4.81357e-25
-5.48984e-25
-6.15804e-25
-6.81817e-25
-7.47026e-25
-8.1143e-25
-8.75031e-25
-9.3783e-25
-9.99828e-25
-1.06103e-24
-1.12143e-24
-1.18103e-24
-1.23984e-24
-1.29785e-24
-1.35508e-24
-1.41151e-24
-1.46716e-24
-1.52202e-24
-1.57609e-24
-1.62938e-24
-1.6819e-24
-1.73363e-24
-1.78459e-24
-1.83477e-24
-1.88419e-24
-1.93283e-24
-1.98071e-24
-2.02783e-24
-2.07418e-24
-2.11978e-24
-2.16463e-24
-2.20872e-24
-2.25206e-24
-2.29465e-24
-2.3365e-24
-2.37761e-24
-2.41799e-24
-2.45763e-24
-2.49654e-24
-2.53472e-24
-2.57218e-24
-2.60892e-24
-2.64494e-24
-2.68024e-24
-2.71484e-24
-2.74873e-24
-2.78191e-24
-2.8144e-24
-2.84619e-24
-2.87729e-24
-2.9077e-24
-2.93743e-24
-2.96647e-24
-2.99484e-24
-3.02254e-24
-3.04957e-24
-3.07594e-24
-3.10164e-24
-3.12669e-24
-3.15109e-24
-3.17484e-24
-3.19795e-24
-3.22042e-24
-3.24225e-24
-3.26346e-24
-3.28403e-24
-3.30399e-24
-3.32333e-24
-3.34205e-24
-3.36017e-24
-3.37768e-24
-3.39459e-24
-3.4109e-24
-3.42663e-24
-3.44177e-24
-3.45632e-24
-3.47031e-24
-3.48372e-24
-3.49656e-24
-3.50883e-24
-3.52055e-24
-3.53172e-24
-3.54234e-24
-3.55241e-24
-3.56194e-24
-3.57094e-24
-3.57941e-24
-3.58736e-24
-3.59479e-24
-3.60171e-24
-3.60811e-24
-3.61401e-24
-3.61941e-24
-3.62431e-24
-3.62872e-24
-3.63264e-24
-3.63608e-24
-3.63904e-24
-3.64154e-24
-3.64356e-24
-3.64513e-24
-3.64623e-24
-3.64688e-24
-3.64709e-24
-3.64685e-24
-3.64618e-24
-3.64507e-24
-3.64354e-24
-3.64158e-24
-3.6392e-24
-3.63641e-24
-3.63321e-24
-3.62961e-24
-3.62561e-24
-3.62122e-24
-3.61643e-24
-3.61126e-24
-3.60572e-24
-3.5998e-24
-3.59351e-24
-3.58686e-24
-3.57984e-24
-3.57248e-24
-3.56476e-24
-3.5567e-24
-3.5483e-24
-3.53956e-24
-3.53049e-24
-3.52109e-24
-3.51137e-24
-3.50133e-24
-3.49098e-24
-3.48032e-24
-3.46936e-24
-3.4581e-24
-3.44654e-24
-3.43469e-24
-3.42256e-24
-3.41015e-24
-3.39746e-24
-3.3845e-24
-3.37127e-24
-3.35778e-24
-3.34404e-24
-3.33004e-24
-3.31579e-24
-3.3013e-24
-3.28657e-24
-3.2716e-24
-3.2564e-24
-3.24098e-24
-3.22533e-24
-3.20947e-24
-3.19339e-24
-3.17711e-24
-3.16062e-24
-3.14393e-24
-3.12704e-24
-3.10996e-24
-3.09269e-24
-3.07524e-24
-3.0576e-24
-3.0398e-24
-3.02181e-24
-3.00367e-24
-2.98535e-24
-2.96688e-24
-2.94825e-24
-2.92947e-24
-2.91054e-24
-2.89147e-24
-2.87226e-24
-2.85291e-24
-2.83343e-24
-2.81383e-24
-2.7941e-24
-2.77424e-24
-2.75427e-24
-2.73419e-24
-2.71399e-24
-2.69369e-24
-2.67329e-24
-2.65279e-24
-2.63219e-24
-2.6115e-24
-2.59072e-24
-2.56985e-24
-2.54891e-24
-2.52788e-24
-2.50678e-24
-2.48561e-24
-2.46437e-24
-2.44307e-24
-2.4217e-24
-2.40028e-24
-2.3788e-24
-2.35727e-24
-2.3357e-24
-2.31407e-24
-2.29241e-24
-2.2707e-24
-2.24895e-24
-2.22718e-24
-2.20537e-24
-2.18354e-24
-2.16168e-24
-2.1398e-24
-2.1179e-24
-2.09598e-24
-2.07405e-24
-2.05211e-24
-2.03017e-24
-2.00822e-24
-1.98626e-24
-1.96431e-24
-1.94236e-24
-1.92041e-24
-1.89848e-24
-1.87655e-24
-1.85464e-24
-1.83275e-24
-1.81088e-24
-1.78902e-24
-1.76719e-24
-1.74539e-24
-1.72361e-24
-1.70186e-24
-1.68015e-24
-1.65847e-24
-1.63683e-24
-1.61523e-24
-1.59367e-24
-1.57215e-24
-1.55068e-24
-1.52926e-24
-1.50789e-24
-1.48657e-24
-1.46531e-24
-1.4441e-24
-1.42294e-24
-1.40185e-24
-1.38082e-24
-1.35986e-24
-1.33896e-24
-1.31812e-24
-1.29736e-24
-1.27667e-24
-1.25604e-24
-1.2355e-24
-1.21503e-24
-1.19463e-24
-1.17432e-24
-1.15409e-24
-1.13394e-24
-1.11387e-24
-1.09389e-24
-1.07399e-24
-1.05419e-24
-1.03447e-24
-1.01485e-24
-9.95313e-25
-9.75874e-25
-9.5653e-25
-9.37283e-25
-9.18133e-25
-8.99083e-25
-8.80134e-25
-8.61285e-25
-8.42539e-25
-8.23896e-25
-8.05358e-25
-7.86926e-25
-7.686e-25
-7.50382e-25
-7.32273e-25
-7.14275e-25
-6.96388e-25
-6.78612e-25
-6.6095e-25
-6.43402e-25
-6.25968e-25
-6.0865e-25
-5.91448e-25
-5.74363e-25
-5.57396e-25
-5.40548e-25
-5.23819e-25
-5.07211e-25
-4.90723e-25
-4.74356e-25
-4.58112e-25
-4.4199e-25
-4.25991e-25
-4.10116e-25
-3.94365e-25
-3.78739e-25
-3.63238e-25
-3.47864e-25
-3.32615e-25
-3.17494e-25
-3.025e-25
-2.87634e-25
-2.72895e-25
-2.58286e-25
-2.43805e-25
-2.29453e-25
-2.15231e-25
-2.01138e-25
-1.87176e-25
-1.73344e-25
-1.59642e-25
-1.46072e-25
-1.32632e-25
-1.19323e-25
-1.06146e-25
-9.31002e-26
-8.0186e-26
-6.74035e-26
-5.47528e-26
-4.2234e-26
-2.98473e-26
-1.75925e-26
-5.46986e-27
6.52068e-27
1.83791e-26
3.01054e-26
4.16997e-26
5.3162e-26
6.44923e-26
7.56907e-26
8.67573e-26
9.76922e-26
1.08496e-25
1.19167e-25
1.29708e-25
1.40118e-25
1.50396e-25
1.60544e-25
1.70562e-25
1.80449e-25
1.90206e-25
1.99833e-25
2.09331e-25
2.187e-25
2.27939e-25
2.3705e-25
2.46032e-25
2.54887e-25
2.63613e-25
2.72212e-25
2.80685e-25
2.8903e-25
2.97249e-25
3.05342e-25
3.1331e-25
3.21153e-25
3.28871e-25
3.36465e-25
3.43935e-25
3.51282e-25
3.58505e-25
3.65607e-25
3.72586e-25
3.79444e-25
3.86181e-25
3.92798e-25
3.99294e-25
4.05672e-25
4.1193e-25
4.18071e-25
4.24094e-25
4.29999e-25
4.35788e-25
4.41461e-25
4.47018e-25
4.5246e-25
4.57788e-25
4.63003e-25
4.68104e-25
4.73092e-25
4.77969e-25
4.82735e-25
4.87391e-25
4.91937e-25
4.96374e-25
5.00702e-25
5.04923e-25
5.09036e-25
5.13044e-25
5.16945e-25
5.20741e-25
5.24433e-25
5.2802e-25
5.31505e-25
5.34887e-25
5.38168e-25
5.41347e-25
5.44427e-25
5.47407e-25
5.50289e-25
5.53072e-25
5.55758e-25
5.58348e-25
5.60842e-25
5.63241e-25
5.65545e-25
5.67756e-25
5.69875e-25
5.71901e-25
5.73836e-25
5.7568e-25
5.77435e-25
5.79101e-25
5.80678e-25
5.82168e-25
5.83572e-25
5.84889e-25
5.86122e-25
5.8727e-25
5.88335e-25
5.89318e-25
5.90218e-25
5.91038e-25
5.91777e-25
5.92436e-25
5.93017e-25
5.9352e-25
5.93946e-25
5.94295e-25
5.94569e-25
5.94768e-25
5.94894e-25
5.94945e-25
5.94925e-25
5.94833e-25
5.9467e-25
5.94437e-25
5.94135e-25
5.93765e-25
5.93326e-25
5.92821e-25
5.9225e-25
5.91613e-25
5.90913e-25
5.90148e-25
5.89321e-25
5.88432e-25
5.87482e-25
5.8647e-25
5.85399e-25
5.84269e-25
5.83081e-25
5.81835e-25
5.80533e-25
5.79176e-25
5.77763e-25
5.76296e-25
5.74775e-25
5.73202e-25
5.71577e-25
5.69901e-25
5.68174e-25
5.66397e-25
5.64572e-25
5.62699e-25
5.60778e-25
5.5881e-25
5.56797e-25
5.54738e-25
5.52635e-25
5.50488e-25
5.48299e-25
5.46067e-25
5.43794e-25
5.4148e-25
5.39125e-25
5.36732e-25
5.343e-25
5.3183e-25
5.29323e-25
5.2678e-25
5.24201e-25
5.21587e-25
5.18939e-25
5.16257e-25
5.13542e-25
5.10795e-25
5.08017e-25
5.05207e-25
5.02368e-25
4.99499e-25
4.96601e-25
4.93675e-25
4.90721e-25
4.87741e-25
4.84734e-25
4.81701e-25
4.78643e-25
4.75561e-25
4.72456e-25
4.69328e-25
4.66177e-25
4.63004e-25
4.5981e-25
4.56596e-25
4.53362e-25
4.50109e-25
4.46837e-25
4.43546e-25
4.40238e-25
4.36913e-25
4.33572e-25
4.30214e-25
4.26842e-25
4.23455e-25
4.20054e-25
4.1664e-25
4.13213e-25
4.09774e-25
4.06322e-25
4.0286e-25
3.99387e-25
3.95904e-25
3.92411e-25
3.88909e-25
3.85398e-25
3.8188e-25
3.78353e-25
3.7482e-25
3.7128e-25
3.67734e-25
3.64183e-25
3.60626e-25
3.57065e-25
3.535e-25
3.49931e-25
3.46359e-25
3.42785e-25
3.39208e-25
3.35629e-25
3.3205e-25
3.28469e-25
3.24888e-25
3.21306e-25
3.17726e-25
3.14146e-25
3.10567e-25
3.0699e-25
3.03416e-25
2.99843e-25
2.96274e-25
2.92708e-25
2.89146e-25
2.85588e-25
2.82034e-25
2.78485e-25
2.74941e-25
2.71403e-25
2.67871e-25
2.64345e-25
2.60826e-25
2.57314e-25
2.53809e-25
2.50312e-25
2.46823e-25
2.43343e-25
2.39871e-25
2.36409e-25
2.32956e-25
2.29513e-25
2.2608e-25
2.22658e-25
2.19246e-25
2.15845e-25
2.12455e-25
2.09076e-25
2.0571e-25
2.02355e-25
1.99013e-25
1.95683e-25
1.92366e-25
1.89062e-25
1.85772e-25
1.82495e-25
1.79232e-25
1.75984e-25
1.72749e-25
1.69529e-25
1.66324e-25
1.63134e-25
1.59959e-25
1.568e-25
1.53657e-25
1.50529e-25
1.47417e-25
1.44322e-25
1.41243e-25
1.38181e-25
1.35136e-25
1.32107e-25
1.29096e-25
1.26103e-25
1.23127e-25
1.20169e-25
1.17228e-25
1.14306e-25
1.11402e-25
1.08516e-25
1.05649e-25
1.028e-25
9.997e-26
9.71591e-26
9.43672e-26
9.15945e-26
8.88411e-26
8.61072e-26
8.33928e-26
8.06982e-26
7.80233e-26
7.53682e-26
7.27332e-26
7.01183e-26
6.75234e-26
6.49489e-26
6.23947e-26
5.98609e-26
5.73477e-26
5.4855e-26
5.2383e-26
4.99318e-26
4.75014e-26
4.50918e-26
4.27032e-26
4.03356e-26
3.7989e-26
3.56636e-26
3.33593e-26
3.10762e-26
2.88144e-26
2.65738e-26
2.43546e-26
2.21567e-26
1.99803e-26
1.78253e-26
1.56917e-26
1.35796e-26
1.1489e-26
9.41987e-27
7.37229e-27
5.34625e-27
3.34175e-27
1.35881e-27
-6.02577e-28
-2.5424e-27
-4.46066e-27
-6.35737e-27
-8.23253e-27
-1.00861e-26
-1.19182e-26
-1.37288e-26
-1.55179e-26
-1.72855e-26
-1.90317e-26
-2.07564e-26
-2.24597e-26
-2.41417e-26
-2.58023e-26
-2.74416e-26
-2.90597e-26
-3.06565e-26
-3.22321e-26
-3.37865e-26
-3.53199e-26
-3.68321e-26
-3.83234e-26
-3.97937e-26
-4.12432e-26
-4.26717e-26
-4.40795e-26
-4.54665e-26
-4.68328e-26
-4.81785e-26
-4.95036e-26
-5.08083e-26
-5.20925e-26
-5.33564e-26
-5.45999e-26
-5.58233e-26
-5.70265e-26
-5.82097e-26
-5.93728e-26
-6.05161e-26
-6.16395e-26
-6.27431e-26
-6.38272e-26
-6.48916e-26
-6.59365e-26
-6.69621e-26
-6.79683e-26
-6.89553e-26
-6.99232e-26
-7.0872e-26
-7.18018e-26
-7.27128e-26
-7.36051e-26
-7.44787e-26
-7.53337e-26
-7.61703e-26
-7.69885e-26
-7.77884e-26
-7.85702e-26
-7.93339e-26
-8.00797e-26
-8.08076e-26
-8.15178e-26
-8.22104e-26
-8.28855e-26
-8.35432e-26
-8.41837e-26
-8.48069e-26
-8.54131e-26
-8.60024e-26
-8.65748e-26
-8.71306e-26
-8.76697e-26
-8.81923e-26
-8.86985e-26
-8.91885e-26
-8.96624e-26
-9.01202e-26
-9.05623e-26
-9.09885e-26
-9.13991e-26
-9.17942e-26
-9.21739e-26
-9.25382e-26
-9.28874e-26
-9.32215e-26
-9.35408e-26
-9.38452e-26
-9.4135e-26
-9.44102e-26
-9.4671e-26
-9.49175e-26
-9.51499e-26
-9.53683e-26
-9.55727e-26
-9.57634e-26
-9.59405e-26
-9.6104e-26
-9.62542e-26
-9.63911e-26
-9.65149e-26
-9.66257e-26
-9.67236e-26
-9.68087e-26
-9.68813e-26
-9.69413e-26
-9.69891e-26
-9.70245e-26
-9.70479e-26
-9.70593e-26
-9.70588e-26
-9.70466e-26
-9.70228e-26
-9.69876e-26
-9.6941e-26
-9.68832e-26
-9.68145e-26
-9.67347e-26
-9.66442e-26
-9.6543e-26
-9.64312e-26
-9.6309e-26
-9.61765e-26
-9.60338e-26
-9.58812e-26
-9.57187e-26
-9.55463e-26
-9.53644e-26
-9.51729e-26
-9.4972e-26
-9.47619e-26
-9.45426e-26
-9.43144e-26
-9.40772e-26
-9.38313e-26
-9.35767e-26
-9.33137e-26
-9.30423e-26
-9.27626e-26
-9.24747e-26
-9.21789e-26
-9.18752e-26
-9.15636e-26
-9.12444e-26
-9.09178e-26
-9.05837e-26
-9.02424e-26
-8.98939e-26
-8.95384e-26
-8.91759e-26
-8.88068e-26
-8.84309e-26
-8.80485e-26
-8.76596e-26
-8.72644e-26
-8.6863e-26
-8.64555e-26
-8.6042e-26
-8.56227e-26
-8.51976e-26
-8.47669e-26
-8.43308e-26
-8.38892e-26
-8.34423e-26
-8.29903e-26
-8.25332e-26
-8.20711e-26
-8.16042e-26
-8.11326e-26
-8.06563e-26
-8.01755e-26
-7.96903e-26
-7.92008e-26
-7.87071e-26
-7.82093e-26
-7.77076e-26
-7.72019e-26
-7.66925e-26
-7.61794e-26
-7.56628e-26
-7.51426e-26
-7.46192e-26
-7.40924e-26
-7.35625e-26
-7.30295e-26
-7.24935e-26
-7.19546e-26
-7.1413e-26
-7.08686e-26
-7.03217e-26
-6.97722e-26
-6.92204e-26
-6.86662e-26
-6.81098e-26
-6.75513e-26
-6.69907e-26
-6.64282e-26
-6.58638e-26
-6.52977e-26
-6.47299e-26
-6.41604e-26
-6.35895e-26
-6.30171e-26
-6.24433e-26
-6.18684e-26
-6.12922e-26
-6.07149e-26
-6.01367e-26
-5.95576e-26
-5.89777e-26
-5.8397e-26
-5.78156e-26
-5.72335e-26
-5.6651e-26
-5.6068e-26
-5.54846e-26
-5.49009e-26
-5.4317e-26
-5.37329e-26
-5.31488e-26
-5.25647e-26
-5.19806e-26
-5.13966e-26
-5.08128e-26
-5.02293e-26
-4.96461e-26
-4.90633e-26
-4.8481e-26
-4.78992e-26
-4.7318e-26
-4.67375e-26
-4.61576e-26
-4.55786e-26
-4.50004e-26
-4.44231e-26
-4.38468e-26
-4.32715e-26
-4.26972e-26
-4.21241e-26
-4.15522e-26
-4.09816e-26
-4.04122e-26
-3.98442e-26
-3.92776e-26
-3.87125e-26
-3.81489e-26
-3.75868e-26
-3.70264e-26
-3.64677e-26
-3.59106e-26
-3.53554e-26
-3.48019e-26
-3.42503e-26
-3.37006e-26
-3.31528e-26
-3.26071e-26
-3.20634e-26
-3.15217e-26
-3.09822e-26
-3.04449e-26
-2.99098e-26
-2.93769e-26
-2.88463e-26
-2.83181e-26
-2.77922e-26
-2.72688e-26
-2.67477e-26
-2.62292e-26
-2.57132e-26
-2.51997e-26
-2.46888e-26
-2.41805e-26
-2.36749e-26
-2.3172e-26
-2.26717e-26
-2.21742e-26
-2.16795e-26
-2.11876e-26
-2.06985e-26
-2.02122e-26
-1.97289e-26
-1.92485e-26
-1.8771e-26
-1.82965e-26
-1.7825e-26
-1.73565e-26
-1.6891e-26
-1.64286e-26
-1.59693e-26
-1.55131e-26
-1.506e-26
-1.461e-26
-1.41633e-26
-1.37197e-26
-1.32793e-26
-1.28421e-26
-1.24082e-26
-1.19775e-26
-1.15501e-26
-1.11259e-26
-1.07051e-26
-1.02876e-26
-9.87343e-27
-9.4626e-27
-9.05512e-27
-8.65102e-27
-8.25029e-27
-7.85296e-27
-7.45903e-27
-7.06851e-27
-6.68142e-27
-6.29776e-27
-5.91754e-27
-5.54076e-27
-5.16745e-27
-4.79761e-27
-4.43123e-27
-4.06834e-27
-3.70892e-27
-3.353e-27
-3.00056e-27
-2.65163e-27
-2.3062e-27
-1.96427e-27
-1.62585e-27
-1.29094e-27
-9.59548e-28
-6.31668e-28
-3.07303e-28
1.35463e-29
3.30879e-28
6.44697e-28
9.54999e-28
1.26179e-27
1.56506e-27
1.86482e-27
2.16108e-27
2.45383e-27
2.74308e-27
3.02882e-27
3.31107e-27
3.58983e-27
3.86511e-27
4.1369e-27
4.40522e-27
4.67006e-27
4.93144e-27
5.18937e-27
5.44384e-27
5.69487e-27
5.94246e-27
6.18663e-27
6.42737e-27
6.6647e-27
6.89863e-27
7.12916e-27
7.35631e-27
7.58008e-27
7.80048e-27
8.01753e-27
8.23123e-27
8.4416e-27
8.64864e-27
8.85238e-27
9.0528e-27
9.24994e-27
9.44381e-27
9.63441e-27
9.82176e-27
1.00059e-26
1.01867e-26
1.03644e-26
1.05389e-26
1.07102e-26
1.08783e-26
1.10433e-26
1.12051e-26
1.13638e-26
1.15194e-26
1.16719e-26
1.18214e-26
1.19677e-26
1.2111e-26
1.22513e-26
1.23886e-26
1.25228e-26
1.26541e-26
1.27824e-26
1.29078e-26
1.30302e-26
1.31498e-26
1.32664e-26
1.33801e-26
1.3491e-26
1.3599e-26
1.37042e-26
1.38066e-26
1.39063e-26
1.40031e-26
1.40972e-26
1.41886e-26
1.42772e-26
1.43632e-26
1.44465e-26
1.45271e-26
1.46051e-26
1.46805e-26
1.47532e-26
1.48234e-26
1.4891e-26
1.49561e-26
1.50187e-26
1.50788e-26
1.51364e-26
1.51915e-26
1.52442e-26
1.52945e-26
1.53424e-26
1.53879e-26
1.54311e-26
1.54719e-26
1.55104e-26
1.55467e-26
1.55806e-26
1.56123e-26
1.56417e-26
1.5669e-26
1.56941e-26
1.5717e-26
1.57377e-26
1.57563e-26
1.57728e-26
1.57873e-26
1.57996e-26
1.581e-26
1.58183e-26
1.58246e-26
1.58289e-26
1.58313e-26
1.58317e-26
1.58302e-26
1.58268e-26
1.58215e-26
1.58144e-26
1.58054e-26
1.57947e-26
1.57821e-26
1.57678e-26
1.57517e-26
1.57339e-26
1.57144e-26
1.56932e-26
1.56704e-26
1.56459e-26
1.56198e-26
1.55921e-26
1.55628e-26
1.5532e-26
1.54996e-26
1.54657e-26
1.54303e-26
1.53935e-26
1.53551e-26
1.53154e-26
1.52742e-26
1.52316e-26
1.51877e-26
1.51424e-26
1.50958e-26
1.50479e-26
1.49987e-26
1.49482e-26
1.48965e-26
1.48435e-26
1.47893e-26
1.47339e-26
1.46774e-26
1.46197e-26
1.45609e-26
1.45009e-26
1.44399e-26
1.43778e-26
1.43146e-26
1.42504e-26
1.41852e-26
1.4119e-26
1.40518e-26
1.39837e-26
1.39146e-26
1.38446e-26
1.37736e-26
1.37018e-26
1.36291e-26
1.35556e-26
1.34813e-26
1.34061e-26
1.33301e-26
1.32533e-26
1.31758e-26
1.30976e-26
1.30186e-26
1.29389e-26
1.28586e-26
1.27775e-26
1.26958e-26
1.26135e-26
1.25305e-26
1.2447e-26
1.23628e-26
1.22781e-26
1.21929e-26
1.21071e-26
1.20207e-26
1.19339e-26
1.18466e-26
1.17588e-26
1.16706e-26
1.15819e-26
1.14928e-26
1.14032e-26
1.13133e-26
1.1223e-26
1.11324e-26
1.10414e-26
1.095e-26
1.08584e-26
1.07664e-26
1.06741e-26
1.05816e-26
1.04888e-26
1.03957e-26
1.03024e-26
1.02089e-26
1.01152e-26
1.00212e-26
9.92714e-27
9.83287e-27
9.73845e-27
9.64389e-27
9.5492e-27
9.45441e-27
9.35951e-27
9.26452e-27
9.16945e-27
9.07431e-27
8.97913e-27
8.8839e-27
8.78864e-27
8.69337e-27
8.59809e-27
8.50282e-27
8.40756e-27
8.31234e-27
8.21715e-27
8.12201e-27
8.02693e-27
7.93192e-27
7.837e-27
7.74217e-27
7.64744e-27
7.55282e-27
7.45833e-27
7.36396e-27
7.26974e-27
7.17568e-27
7.08178e-27
6.98804e-27
6.8945e-27
6.80114e-27
6.70799e-27
6.61504e-27
6.52231e-27
6.42982e-27
6.33756e-27
6.24554e-27
6.15379e-27
6.06229e-27
5.97106e-27
5.88011e-27
5.78945e-27
5.69908e-27
5.60902e-27
5.51926e-27
5.42983e-27
5.34071e-27
5.25193e-27
5.16349e-27
5.0754e-27
4.98765e-27
4.90027e-27
4.81325e-27
4.72661e-27
4.64034e-27
4.55446e-27
4.46897e-27
4.38388e-27
4.29918e-27
4.2149e-27
4.13103e-27
4.04758e-27
3.96456e-27
3.88197e-27
3.79981e-27
3.7181e-27
3.63683e-27
3.55601e-27
3.47565e-27
3.39574e-27
3.31631e-27
3.23734e-27
3.15884e-27
3.08083e-27
3.0033e-27
2.92625e-27
2.8497e-27
2.77364e-27
2.69808e-27
2.62302e-27
2.54847e-27
2.47443e-27
2.4009e-27
2.32789e-27
2.2554e-27
2.18342e-27
2.11198e-27
2.04106e-27
1.97067e-27
1.90081e-27
1.8315e-27
1.76272e-27
1.69448e-27
1.62678e-27
1.55963e-27
1.49302e-27
1.42697e-27
1.36146e-27
1.29651e-27
1.23212e-27
1.16828e-27
1.105e-27
1.04228e-27
9.80122e-28
9.18526e-28
8.57494e-28
7.97026e-28
7.37125e-28
6.77791e-28
6.19026e-28
5.60829e-28
5.03203e-28
4.46147e-28
3.89663e-28
3.3375e-28
2.78409e-28
2.23641e-28
1.69445e-28
1.15823e-28
6.27749e-29
1.02998e-29
-4.16019e-29
-9.293e-29
-1.43685e-28
-1.93866e-28
-2.43475e-28
-2.9251e-28
-3.40973e-28
-3.88865e-28
-4.36184e-28
-4.82933e-28
-5.29112e-28
-5.74721e-28
-6.19762e-28
-6.64234e-28
-7.08139e-28
-7.51477e-28
-7.94251e-28
-8.3646e-28
-8.78106e-28
-9.1919e-28
-9.59713e-28
-9.99677e-28
-1.03908e-27
-1.07793e-27
-1.11622e-27
-1.15396e-27
-1.19115e-27
-1.22778e-27
-1.26387e-27
-1.29941e-27
-1.3344e-27
-1.36885e-27
-1.40275e-27
-1.43612e-27
-1.46894e-27
-1.50123e-27
-1.53298e-27
-1.56421e-27
-1.5949e-27
-1.62506e-27
-1.6547e-27
-1.68381e-27
-1.7124e-27
-1.74047e-27
-1.76802e-27
-1.79506e-27
-1.82159e-27
-1.8476e-27
-1.87311e-27
-1.89811e-27
-1.92261e-27
-1.94661e-27
-1.97011e-27
-1.99311e-27
-2.01563e-27
-2.03765e-27
-2.05919e-27
-2.08024e-27
-2.10081e-27
-2.1209e-27
-2.14052e-27
-2.15966e-27
-2.17833e-27
-2.19653e-27
-2.21427e-27
-2.23155e-27
-2.24837e-27
-2.26473e-27
-2.28064e-27
-2.2961e-27
-2.31112e-27
-2.32569e-27
-2.33982e-27
-2.35351e-27
-2.36677e-27
-2.3796e-27
-2.392e-27
-2.40398e-27
-2.41553e-27
-2.42667e-27
-2.43739e-27
-2.4477e-27
-2.4576e-27
-2.4671e-27
-2.47619e-27
-2.48489e-27
-2.49319e-27
-2.5011e-27
-2.50862e-27
-2.51576e-27
-2.52251e-27
-2.52888e-27
-2.53488e-27
-2.54051e-27
-2.54577e-27
-2.55067e-27
-2.55521e-27
-2.55938e-27
-2.5632e-27
-2.56667e-27
-2.5698e-27
-2.57257e-27
-2.57501e-27
-2.57711e-27
-2.57888e-27
-2.58031e-27
-2.58142e-27
-2.5822e-27
-2.58267e-27
-2.58281e-27
-2.58265e-27
-2.58217e-27
-2.58139e-27
-2.5803e-27
-2.57891e-27
-2.57723e-27
-2.57526e-27
-2.573e-27
-2.57045e-27
-2.56762e-27
-2.56451e-27
-2.56112e-27
-2.55746e-27
-2.55354e-27
-2.54935e-27
-2.5449e-27
-2.54019e-27
-2.53522e-27
-2.53001e-27
-2.52454e-27
-2.51883e-27
-2.51288e-27
-2.50669e-27
-2.50027e-27
-2.49362e-27
-2.48674e-27
-2.47963e-27
-2.4723e-27
-2.46476e-27
-2.457e-27
-2.44902e-27
-2.44085e-27
-2.43246e-27
-2.42387e-27
-2.41509e-27
-2.4061e-27
-2.39693e-27
-2.38757e-27
-2.37802e-27
-2.36829e-27
-2.35837e-27
-2.34829e-27
-2.33803e-27
-2.3276e-27
-2.317e-27
-2.30624e-27
-2.29532e-27
-2.28424e-27
-2.27301e-27
-2.26162e-27
-2.25009e-27
-2.23841e-27
-2.22659e-27
-2.21462e-27
-2.20253e-27
-2.1903e-27
-2.17794e-27
-2.16545e-27
-2.15283e-27
-2.1401e-27
-2.12724e-27
-2.11427e-27
-2.10119e-27
-2.088e-27
-2.0747e-27
-2.06129e-27
-2.04779e-27
-2.03418e-27
-2.02048e-27
-2.00669e-27
-1.9928e-27
-1.97883e-27
-1.96477e-27
-1.95062e-27
-1.9364e-27
-1.9221e-27
-1.90772e-27
-1.89327e-27
-1.87875e-27
-1.86416e-27
-1.84951e-27
-1.8348e-27
-1.82002e-27
-1.80519e-27
-1.7903e-27
-1.77536e-27
-1.76037e-27
-1.74533e-27
-1.73024e-27
-1.71511e-27
-1.69994e-27
-1.68473e-27
-1.66948e-27
-1.65419e-27
-1.63888e-27
-1.62353e-27
-1.60816e-27
-1.59276e-27
-1.57734e-27
-1.5619e-27
-1.54643e-27
-1.53095e-27
-1.51546e-27
-1.49995e-27
-1.48443e-27
-1.4689e-27
-1.45337e-27
-1.43783e-27
-1.42228e-27
-1.40674e-27
-1.39119e-27
-1.37565e-27
-1.36011e-27
-1.34457e-27
-1.32905e-27
-1.31353e-27
-1.29803e-27
-1.28254e-27
-1.26706e-27
-1.2516e-27
-1.23616e-27
-1.22074e-27
-1.20534e-27
-1.18997e-27
-1.17462e-27
-1.15929e-27
-1.144e-27
-1.12873e-27
-1.11349e-27
-1.09829e-27
-1.08312e-27
-1.06799e-27
-1.05289e-27
-1.03783e-27
-1.02281e-27
-1.00784e-27
-9.92901e-28
-9.7801e-28
-9.63163e-28
-9.48363e-28
-9.33611e-28
-9.18907e-28
-9.04253e-28
-8.8965e-28
-8.75099e-28
-8.60603e-28
-8.46161e-28
-8.31776e-28
-8.17448e-28
-8.03178e-28
-7.88967e-28
-7.74817e-28
-7.60728e-28
-7.46701e-28
-7.32738e-28
-7.18839e-28
-7.05006e-28
-6.9124e-28
-6.77541e-28
-6.63909e-28
-6.50347e-28
-6.36856e-28
-6.23434e-28
-6.10085e-28
-5.96808e-28
-5.83605e-28
-5.70476e-28
-5.57421e-28
-5.44443e-28
-5.3154e-28
-5.18715e-28
-5.05968e-28
-4.933e-28
-4.8071e-28
-4.68201e-28
-4.55772e-28
-4.43424e-28
-4.31158e-28
-4.18974e-28
-4.06874e-28
-3.94856e-28
-3.82923e-28
-3.71074e-28
-3.5931e-28
-3.47632e-28
-3.3604e-28
-3.24534e-28
-3.13115e-28
-3.01783e-28
-2.90538e-28
-2.79382e-28
-2.68315e-28
-2.57336e-28
-2.46447e-28
-2.35647e-28
-2.24936e-28
-2.14316e-28
-2.03787e-28
-1.93348e-28
-1.83e-28
-1.72743e-28
-1.62577e-28
-1.52504e-28
-1.42522e-28
-1.32633e-28
-1.22836e-28
-1.13131e-28
-1.03519e-28
-9.40001e-29
-8.45738e-29
-7.52406e-29
-6.60005e-29
-5.68535e-29
-4.78e-29
-3.88398e-29
-2.9973e-29
-2.11998e-29
-1.25201e-29
-3.93391e-30
4.55866e-30
1.29576e-29
2.12631e-29
2.94749e-29
3.75932e-29
4.56181e-29
5.35495e-29
6.13875e-29
6.91323e-29
7.67838e-29
8.43422e-29
9.18077e-29
9.91803e-29
1.0646e-28
1.13647e-28
1.20742e-28
1.27745e-28
1.34655e-28
1.41474e-28
1.482e-28
1.54835e-28
1.61379e-28
1.67832e-28
1.74193e-28
1.80464e-28
1.86645e-28
1.92735e-28
1.98735e-28
2.04646e-28
2.10467e-28
2.16199e-28
2.21841e-28
2.27396e-28
2.32862e-28
2.3824e-28
2.4353e-28
2.48733e-28
2.5385e-28
2.58879e-28
2.63822e-28
2.68679e-28
2.7345e-28
2.78136e-28
2.82738e-28
2.87254e-28
2.91687e-28
2.96036e-28
3.00301e-28
3.04484e-28
3.08584e-28
3.12602e-28
3.16538e-28
3.20393e-28
3.24167e-28
3.2786e-28
3.31474e-28
3.35008e-28
3.38463e-28
3.41838e-28
3.45136e-28
3.48356e-28
3.51499e-28
3.54565e-28
3.57555e-28
3.60468e-28
3.63306e-28
3.66069e-28
3.68758e-28
3.71373e-28
3.73914e-28
3.76382e-28
3.78778e-28
3.81102e-28
3.83354e-28
3.85535e-28
3.87646e-28
3.89687e-28
3.91659e-28
3.93561e-28
3.95396e-28
3.97162e-28
3.98861e-28
4.00493e-28
4.0206e-28
4.03561e-28
4.04996e-28
4.06367e-28
4.07674e-28
4.08917e-28
4.10098e-28
4.11216e-28
4.12272e-28
4.13267e-28
4.14201e-28
4.15075e-28
4.15889e-28
4.16645e-28
4.17342e-28
4.17981e-28
4.18562e-28
4.19086e-28
4.19554e-28
4.19966e-28
4.20323e-28
4.20625e-28
4.20874e-28
4.21069e-28
4.21211e-28
4.213e-28
4.21338e-28
4.21325e-28
4.2126e-28
4.21146e-28
4.20982e-28
4.20769e-28
4.20508e-28
4.20198e-28
4.19842e-28
4.19438e-28
4.18989e-28
4.18494e-28
4.17953e-28
4.17368e-28
4.16739e-28
4.16067e-28
4.15352e-28
4.14594e-28
4.13795e-28
4.12954e-28
4.12072e-28
4.11151e-28
4.1019e-28
4.0919e-28
4.08152e-28
4.07075e-28
4.05962e-28
4.04811e-28
4.03625e-28
4.02402e-28
4.01145e-28
3.99852e-28
3.98526e-28
3.97166e-28
3.95773e-28
3.94347e-28
3.92889e-28
3.914e-28
3.89879e-28
3.88329e-28
3.86748e-28
3.85138e-28
3.835e-28
3.81833e-28
3.80138e-28
3.78416e-28
3.76667e-28
3.74892e-28
3.7309e-28
3.71264e-28
3.69413e-28
3.67537e-28
3.65638e-28
3.63715e-28
3.61769e-28
3.59801e-28
3.57811e-28
3.558e-28
3.53767e-28
3.51715e-28
3.49642e-28
3.4755e-28
3.45439e-28
3.43309e-28
3.41161e-28
3.38996e-28
3.36813e-28
3.34614e-28
3.32398e-28
3.30167e-28
3.2792e-28
3.25658e-28
3.23382e-28
3.21091e-28
3.18787e-28
3.1647e-28
3.1414e-28
3.11798e-28
3.09443e-28
3.07077e-28
3.047e-28
3.02312e-28
2.99914e-28
2.97506e-28
2.95088e-28
2.92662e-28
2.90226e-28
2.87782e-28
2.8533e-28
2.8287e-28
2.80404e-28
2.7793e-28
2.7545e-28
2.72964e-28
2.70472e-28
2.67975e-28
2.65473e-28
2.62967e-28
2.60456e-28
2.57941e-28
2.55423e-28
2.52901e-28
2.50377e-28
2.4785e-28
2.45321e-28
2.4279e-28
2.40257e-28
2.37723e-28
2.35188e-28
2.32653e-28
2.30117e-28
2.27582e-28
2.25046e-28
2.22511e-28
2.19977e-28
2.17445e-28
2.14913e-28
2.12384e-28
2.09857e-28
2.07331e-28
2.04809e-28
2.02289e-28
1.99773e-28
1.9726e-28
1.9475e-28
1.92245e-28
1.89744e-28
1.87247e-28
1.84755e-28
1.82268e-28
1.79787e-28
1.7731e-28
1.7484e-28
1.72375e-28
1.69917e-28
1.67465e-28
1.6502e-28
1.62581e-28
1.6015e-28
1.57726e-28
1.55309e-28
1.52901e-28
1.505e-28
1.48107e-28
1.45722e-28
1.43346e-28
1.40979e-28
1.38621e-28
1.36272e-28
1.33932e-28
1.31602e-28
1.29281e-28
1.2697e-28
1.24669e-28
1.22378e-28
1.20097e-28
1.17827e-28
1.15568e-28
1.13319e-28
1.11082e-28
1.08856e-28
1.0664e-28
1.04437e-28
1.02244e-28
1.00064e-28
9.78948e-29
9.57379e-29
9.35931e-29
9.14605e-29
8.93402e-29
8.72323e-29
8.51369e-29
8.30543e-29
8.09844e-29
7.89274e-29
7.68835e-29
7.48526e-29
7.2835e-29
7.08307e-29
6.88398e-29
6.68624e-29
6.48986e-29
6.29485e-29
6.10121e-29
5.90896e-29
5.71809e-29
5.52863e-29
5.34057e-29
5.15394e-29
4.96872e-29
4.78493e-29
4.60258e-29
4.42167e-29
4.2422e-29
4.06419e-29
3.88764e-29
3.71256e-29
3.53894e-29
3.3668e-29
3.19614e-29
3.02697e-29
2.85928e-29
2.69308e-29
2.52838e-29
2.36518e-29
2.20348e-29
2.04328e-29
1.8846e-29
1.72742e-29
1.57176e-29
1.41761e-29
1.26498e-29
1.11387e-29
9.64278e-30
8.16211e-30
6.69668e-30
5.2465e-30
3.81157e-30
2.3919e-30
9.87485e-31
-4.01662e-31
-1.77555e-30
-3.13417e-30
-4.47753e-30
-5.80564e-30
-7.11851e-30
-8.41613e-30
-9.69852e-30
-1.09657e-29
-1.22177e-29
-1.34545e-29
-1.46761e-29
-1.58826e-29
-1.7074e-29
-1.82502e-29
-1.94114e-29
-2.05575e-29
-2.16886e-29
-2.28046e-29
-2.39057e-29
-2.49918e-29
-2.60631e-29
-2.71194e-29
-2.81609e-29
-2.91876e-29
-3.01996e-29
-3.11968e-29
-3.21793e-29
-3.31472e-29
-3.41004e-29
-3.50391e-29
-3.59634e-29
-3.68731e-29
-3.77685e-29
-3.86495e-29
-3.95161e-29
-4.03685e-29
-4.12067e-29
-4.20308e-29
-4.28408e-29
-4.36367e-29
-4.44187e-29
-4.51867e-29
-4.59408e-29
-4.66811e-29
-4.74077e-29
-4.81205e-29
-4.88198e-29
-4.95055e-29
-5.01777e-29
-5.08365e-29
-5.1482e-29
-5.21142e-29
-5.27331e-29
-5.3339e-29
-5.39317e-29
-5.45115e-29
-5.50784e-29
-5.56324e-29
-5.61736e-29
-5.67021e-29
-5.7218e-29
-5.77214e-29
-5.82122e-29
-5.86907e-29
-5.91568e-29
-5.96106e-29
-6.00523e-29
-6.04819e-29
-6.08995e-29
-6.13052e-29
-6.1699e-29
-6.2081e-29
-6.24514e-29
-6.28102e-29
-6.31575e-29
-6.34934e-29
-6.3818e-29
-6.41312e-29
-6.44333e-29
-6.47243e-29
-6.50043e-29
-6.52734e-29
-6.55317e-29
-6.57792e-29
-6.60161e-29
-6.62424e-29
-6.64582e-29
-6.66636e-29
-6.68587e-29
-6.70436e-29
-6.72184e-29
-6.73832e-29
-6.75381e-29
-6.7683e-29
-6.78182e-29
-6.79437e-29
-6.80596e-29
-6.81661e-29
-6.82632e-29
-6.8351e-29
-6.84296e-29
-6.8499e-29
-6.85594e-29
-6.86109e-29
-6.86535e-29
-6.86874e-29
-6.87126e-29
-6.87293e-29
-6.87375e-29
-6.87373e-29
-6.87287e-29
-6.8712e-29
-6.86872e-29
-6.86544e-29
-6.86136e-29
-6.8565e-29
-6.85086e-29
-6.84446e-29
-6.8373e-29
-6.82939e-29
-6.82075e-29
-6.81138e-29
-6.8013e-29
-6.7905e-29
-6.77899e-29
-6.76679e-29
-6.75391e-29
-6.74036e-29
-6.72615e-29
-6.71128e-29
-6.69577e-29
-6.67961e-29
-6.66282e-29
-6.64541e-29
-6.62739e-29
-6.60877e-29
-6.58956e-29
-6.56976e-29
-6.54939e-29
-6.52844e-29
-6.50695e-29
-6.4849e-29
-6.46231e-29
-6.43919e-29
-6.41555e-29
-6.39139e-29
-6.36673e-29
-6.34156e-29
-6.3159e-29
-6.28976e-29
-6.26314e-29
-6.23606e-29
-6.20853e-29
-6.18054e-29
-6.15212e-29
-6.12326e-29
-6.09398e-29
-6.06429e-29
-6.03419e-29
-6.00369e-29
-5.9728e-29
-5.94152e-29
-5.90987e-29
-5.87786e-29
-5.84549e-29
-5.81277e-29
-5.7797e-29
-5.7463e-29
-5.71257e-29
-5.67852e-29
-5.64416e-29
-5.6095e-29
-5.57453e-29
-5.53928e-29
-5.50374e-29
-5.46793e-29
-5.43184e-29
-5.3955e-29
-5.35891e-29
-5.32207e-29
-5.28499e-29
-5.24768e-29
-5.21014e-29
-5.17239e-29
-5.13442e-29
-5.09625e-29
-5.05789e-29
-5.01933e-29
-4.9806e-29
-4.94168e-29
-4.9026e-29
-4.86335e-29
-4.82395e-29
-4.7844e-29
-4.7447e-29
-4.70487e-29
-4.6649e-29
-4.62481e-29
-4.5846e-29
-4.54428e-29
-4.50385e-29
-4.46332e-29
-4.4227e-29
-4.38199e-29
-4.34119e-29
-4.30032e-29
-4.25938e-29
-4.21837e-29
-4.1773e-29
-4.13618e-29
-4.09501e-29
-4.05379e-29
-4.01254e-29
-3.97125e-29
-3.92994e-29
-3.8886e-29
-3.84725e-29
-3.80589e-29
-3.76452e-29
-3.72315e-29
-3.68179e-29
-3.64043e-29
-3.59909e-29
-3.55776e-29
-3.51646e-29
-3.47518e-29
-3.43394e-29
-3.39274e-29
-3.35158e-29
-3.31046e-29
-3.2694e-29
-3.22839e-29
-3.18745e-29
-3.14656e-29
-3.10574e-29
-3.06499e-29
-3.02432e-29
-2.98373e-29
-2.94322e-29
-2.9028e-29
-2.86247e-29
-2.82224e-29
-2.78212e-29
-2.74209e-29
-2.70217e-29
-2.66237e-29
-2.62267e-29
-2.5831e-29
-2.54365e-29
-2.50432e-29
-2.46512e-29
-2.42606e-29
-2.38712e-29
-2.34833e-29
-2.30968e-29
-2.27117e-29
-2.23281e-29
-2.1946e-29
-2.15654e-29
-2.11864e-29
-2.0809e-29
-2.04332e-29
-2.00591e-29
-1.96866e-29
-1.93158e-29
-1.89468e-29
-1.85795e-29
-1.8214e-29
-1.78503e-29
-1.74884e-29
-1.71284e-29
-1.67703e-29
-1.6414e-29
-1.60597e-29
-1.57073e-29
-1.53569e-29
-1.50085e-29
-1.4662e-29
-1.43176e-29
-1.39753e-29
-1.3635e-29
-1.32968e-29
-1.29607e-29
-1.26267e-29
-1.22948e-29
-1.19651e-29
-1.16375e-29
-1.13122e-29
-1.0989e-29
-1.0668e-29
-1.03493e-29
-1.00328e-29
-9.7186e-30
-9.40665e-30
-9.09697e-30
-8.7896e-30
-8.48452e-30
-8.18177e-30
-7.88134e-30
-7.58326e-30
-7.28752e-30
-6.99415e-30
-6.70314e-30
-6.41452e-30
-6.12829e-30
-5.84445e-30
-5.56301e-30
-5.28399e-30
-5.00739e-30
-4.73321e-30
-4.46146e-30
-4.19216e-30
-3.92529e-30
-3.66088e-30
-3.39892e-30
-3.13941e-30
-2.88237e-30
-2.6278e-30
-2.3757e-30
-2.12608e-30
-1.87893e-30
-1.63427e-30
-1.39209e-30
-1.15239e-30
-9.15182e-31
-6.80462e-31
-4.48232e-31
-2.18493e-31
8.75519e-33
2.33512e-31
4.55779e-31
6.75555e-31
8.92841e-31
1.10764e-30
1.31995e-30
1.52978e-30
1.73712e-30
1.94198e-30
2.14437e-30
2.34428e-30
2.54172e-30
2.73668e-30
2.92918e-30
3.11922e-30
3.3068e-30
3.49193e-30
3.67461e-30
3.85484e-30
4.03264e-30
4.208e-30
4.38093e-30
4.55144e-30
4.71953e-30
4.88521e-30
5.04849e-30
5.20936e-30
5.36785e-30
5.52396e-30
5.67768e-30
5.82904e-30
5.97804e-30
6.12468e-30
6.26898e-30
6.41094e-30
6.55057e-30
6.68788e-30
6.82288e-30
6.95558e-30
7.08598e-30
7.2141e-30
7.33995e-30
7.46353e-30
7.58486e-30
7.70395e-30
7.8208e-30
7.93543e-30
8.04785e-30
8.15806e-30
8.26608e-30
8.37193e-30
8.4756e-30
8.57711e-30
8.67648e-30
8.7737e-30
8.86881e-30
8.9618e-30
9.05269e-30
9.14149e-30
9.22822e-30
9.31288e-30
9.39549e-30
9.47606e-30
9.55461e-30
9.63116e-30
9.7057e-30
9.77825e-30
9.84882e-30
9.91744e-30
9.98411e-30
1.00488e-29
1.01117e-29
1.01726e-29
1.02316e-29
1.02887e-29
1.0344e-29
1.03974e-29
1.04489e-29
1.04987e-29
1.05466e-29
1.05927e-29
1.06371e-29
1.06796e-29
1.07204e-29
1.07595e-29
1.07969e-29
1.08325e-29
1.08665e-29
1.08987e-29
1.09293e-29
1.09583e-29
1.09856e-29
1.10112e-29
1.10353e-29
1.10578e-29
1.10786e-29
1.1098e-29
1.11157e-29
1.11319e-29
1.11467e-29
1.11598e-29
1.11715e-29
1.11818e-29
1.11905e-29
1.11979e-29
1.12037e-29
1.12082e-29
1.12113e-29
1.1213e-29
1.12133e-29
1.12123e-29
1.12099e-29
1.12062e-29
1.12011e-29
1.11948e-29
1.11872e-29
1.11783e-29
1.11682e-29
1.11569e-29
1.11443e-29
1.11305e-29
1.11155e-29
1.10993e-29
1.1082e-29
1.10636e-29
1.10439e-29
1.10232e-29
1.10014e-29
1.09785e-29
1.09545e-29
1.09294e-29
1.09033e-29
1.08762e-29
1.08481e-29
1.08189e-29
1.07888e-29
1.07577e-29
1.07256e-29
1.06926e-29
1.06587e-29
1.06238e-29
1.05881e-29
1.05514e-29
1.05139e-29
1.04756e-29
1.04364e-29
1.03963e-29
1.03555e-29
1.03138e-29
1.02714e-29
1.02282e-29
1.01842e-29
1.01395e-29
1.0094e-29
1.00478e-29
1.0001e-29
9.95338e-30
9.90512e-30
9.8562e-30
9.80662e-30
9.7564e-30
9.70555e-30
9.65408e-30
9.60201e-30
9.54936e-30
9.49613e-30
9.44234e-30
9.388e-30
9.33312e-30
9.27772e-30
9.2218e-30
9.16538e-30
9.10847e-30
9.05107e-30
8.99322e-30
8.93491e-30
8.87616e-30
8.81698e-30
8.75739e-30
8.6974e-30
8.63701e-30
8.57625e-30
8.51511e-30
8.45361e-30
8.39178e-30
8.32961e-30
8.26712e-30
8.20431e-30
8.1412e-30
8.0778e-30
8.01411e-30
7.95015e-30
7.88594e-30
7.82147e-30
7.75677e-30
7.69184e-30
7.62669e-30
7.56134e-30
7.49579e-30
7.43005e-30
7.36413e-30
7.29805e-30
7.23181e-30
7.16542e-30
7.0989e-30
7.03225e-30
6.96548e-30
6.8986e-30
6.83162e-30
6.76455e-30
6.6974e-30
6.63017e-30
6.56287e-30
6.49553e-30
6.42813e-30
6.3607e-30
6.29324e-30
6.22577e-30
6.15828e-30
6.09078e-30
6.02329e-30
5.95582e-30
5.88836e-30
5.82093e-30
5.75354e-30
5.68619e-30
5.61889e-30
5.55165e-30
5.48448e-30
5.41738e-30
5.35037e-30
5.28344e-30
5.21661e-30
5.14987e-30
5.08325e-30
5.01675e-30
4.95036e-30
4.8841e-30
4.81798e-30
4.752e-30
4.68617e-30
4.62049e-30
4.55498e-30
4.48964e-30
4.42447e-30
4.35948e-30
4.29467e-30
4.23006e-30
4.16565e-30
4.10144e-30
4.03744e-30
3.97365e-30
3.91009e-30
3.84674e-30
3.78363e-30
3.72075e-30
3.65811e-30
3.59571e-30
3.53356e-30
3.47167e-30
3.41004e-30
3.34867e-30
3.28756e-30
3.22673e-30
3.16618e-30
3.10591e-30
3.04592e-30
2.98622e-30
2.92682e-30
2.86772e-30
2.80892e-30
2.75042e-30
2.69224e-30
2.63436e-30
2.5768e-30
2.51956e-30
2.46264e-30
2.40605e-30
2.34979e-30
2.29385e-30
2.23826e-30
2.183e-30
2.12808e-30
2.07351e-30
2.01929e-30
1.96541e-30
1.91189e-30
1.85872e-30
1.80591e-30
1.75346e-30
1.70137e-30
1.64965e-30
1.5983e-30
1.54731e-30
1.4967e-30
1.44646e-30
1.3966e-30
1.34712e-30
1.29801e-30
1.24928e-30
1.20094e-30
1.15299e-30
1.10542e-30
1.05823e-30
1.01144e-30
9.65035e-31
9.19023e-31
8.73404e-31
8.2818e-31
7.8335e-31
7.38918e-31
6.94882e-31
6.51245e-31
6.08008e-31
5.6517e-31
5.22734e-31
4.807e-31
4.39068e-31
3.97839e-31
3.57013e-31
3.16592e-31
2.76575e-31
2.36963e-31
1.97757e-31
1.58956e-31
1.20562e-31
8.25734e-32
4.49912e-32
7.81543e-33
-2.89541e-32
-6.53172e-32
-1.01274e-31
-1.36825e-31
-1.7197e-31
-2.06709e-31
-2.41042e-31
-2.7497e-31
-3.08493e-31
-3.41612e-31
-3.74327e-31
-4.06638e-31
-4.38546e-31
-4.70051e-31
-5.01155e-31
-5.31857e-31
-5.62159e-31
-5.92061e-31
-6.21564e-31
-6.50669e-31
-6.79377e-31
-7.07688e-31
-7.35603e-31
-7.63124e-31
-7.90251e-31
-8.16986e-31
-8.43329e-31
-8.69282e-31
-8.94846e-31
-9.20021e-31
-9.4481e-31
-9.69212e-31
-9.9323e-31
-1.01686e-30
-1.04012e-30
-1.06299e-30
-1.08549e-30
-1.1076e-30
-1.12934e-30
-1.15071e-30
-1.17171e-30
-1.19233e-30
-1.21258e-30
-1.23247e-30
-1.25199e-30
-1.27114e-30
-1.28993e-30
-1.30836e-30
-1.32643e-30
-1.34414e-30
-1.36149e-30
-1.3785e-30
-1.39514e-30
-1.41144e-30
-1.42739e-30
-1.44299e-30
-1.45825e-30
-1.47316e-30
-1.48774e-30
-1.50197e-30
-1.51587e-30
-1.52943e-30
-1.54266e-30
-1.55556e-30
-1.56813e-30
-1.58037e-30
-1.59229e-30
-1.60389e-30
-1.61516e-30
-1.62612e-30
-1.63675e-30
-1.64708e-30
-1.65709e-30
-1.6668e-30
-1.67619e-30
-1.68528e-30
-1.69407e-30
-1.70256e-30
-1.71075e-30
-1.71864e-30
-1.72624e-30
-1.73354e-30
-1.74056e-30
-1.74729e-30
-1.75374e-30
-1.75991e-30
-1.76579e-30
-1.77139e-30
-1.77673e-30
-1.78178e-30
-1.78657e-30
-1.79109e-30
-1.79534e-30
-1.79933e-30
-1.80306e-30
-1.80653e-30
-1.80975e-30
-1.81271e-30
-1.81542e-30
-1.81788e-30
-1.8201e-30
-1.82207e-30
-1.8238e-30
-1.82529e-30
-1.82654e-30
-1.82756e-30
-1.82835e-30
-1.82891e-30
-1.82924e-30
-1.82935e-30
-1.82924e-30
-1.8289e-30
-1.82835e-30
-1.82758e-30
-1.8266e-30
-1.82542e-30
-1.82402e-30
-1.82242e-30
-1.82061e-30
-1.81861e-30
-1.81641e-30
-1.81401e-30
-1.81142e-30
-1.80864e-30
-1.80568e-30
-1.80252e-30
-1.79919e-30
-1.79567e-30
-1.79198e-30
-1.78811e-30
-1.78406e-30
-1.77985e-30
-1.77546e-30
-1.77092e-30
-1.7662e-30
-1.76133e-30
-1.75629e-30
-1.7511e-30
-1.74576e-30
-1.74026e-30
-1.73462e-30
-1.72882e-30
-1.72288e-30
-1.7168e-30
-1.71058e-30
-1.70422e-30
-1.69772e-30
-1.69109e-30
-1.68433e-30
-1.67744e-30
-1.67042e-30
-1.66328e-30
-1.65602e-30
-1.64863e-30
-1.64113e-30
-1.63351e-30
-1.62577e-30
-1.61793e-30
-1.60997e-30
-1.60191e-30
-1.59375e-30
-1.58548e-30
-1.57711e-30
-1.56864e-30
-1.56007e-30
-1.55141e-30
-1.54266e-30
-1.53382e-30
-1.52488e-30
-1.51587e-30
-1.50676e-30
-1.49758e-30
-1.48832e-30
-1.47897e-30
-1.46956e-30
-1.46006e-30
-1.4505e-30
-1.44086e-30
-1.43116e-30
-1.42139e-30
-1.41156e-30
-1.40166e-30
-1.39171e-30
-1.38169e-30
-1.37162e-30
-1.36149e-30
-1.35131e-30
-1.34107e-30
-1.33079e-30
-1.32046e-30
-1.31008e-30
-1.29966e-30
-1.2892e-30
-1.27869e-30
-1.26815e-30
-1.25757e-30
-1.24695e-30
-1.2363e-30
-1.22561e-30
-1.21489e-30
-1.20415e-30
-1.19338e-30
-1.18258e-30
-1.17175e-30
-1.16091e-30
-1.15004e-30
-1.13915e-30
-1.12824e-30
-1.11732e-30
-1.10638e-30
-1.09543e-30
-1.08447e-30
-1.07349e-30
-1.06251e-30
-1.05152e-30
-1.04052e-30
-1.02951e-30
-1.01851e-30
-1.0075e-30
-9.96484e-31
-9.85473e-31
-9.74463e-31
-9.63457e-31
-9.52454e-31
-9.41458e-31
-9.30468e-31
-9.19487e-31
-9.08515e-31
-8.97554e-31
-8.86604e-31
-8.75667e-31
-8.64744e-31
-8.53837e-31
-8.42946e-31
-8.32074e-31
-8.2122e-31
-8.10385e-31
-7.99572e-31
-7.88781e-31
-7.78013e-31
-7.67269e-31
-7.5655e-31
-7.45857e-31
-7.35191e-31
-7.24553e-31
-7.13944e-31
-7.03365e-31
-6.92817e-31
-6.82301e-31
-6.71818e-31
-6.61369e-31
-6.50954e-31
-6.40575e-31
-6.30232e-31
-6.19926e-31
-6.09658e-31
-5.99429e-31
-5.8924e-31
-5.79091e-31
-5.68983e-31
-5.58918e-31
-5.48895e-31
-5.38916e-31
-5.2898e-31
-5.1909e-31
-5.09245e-31
-4.99447e-31
-4.89696e-31
-4.79992e-31
-4.70337e-31
-4.60731e-31
-4.51175e-31
-4.41668e-31
-4.32213e-31
-4.22809e-31
-4.13457e-31
-4.04158e-31
-3.94911e-31
-3.85718e-31
-3.7658e-31
-3.67496e-31
-3.58468e-31
-3.49495e-31
-3.40578e-31
-3.31717e-31
-3.22914e-31
-3.14168e-31
-3.0548e-31
-2.9685e-31
-2.88279e-31
-2.79767e-31
-2.71315e-31
-2.62922e-31
-2.54589e-31
-2.46317e-31
-2.38106e-31
-2.29957e-31
-2.21868e-31
-2.13842e-31
-2.05877e-31
-1.97975e-31
-1.90135e-31
-1.82359e-31
-1.74645e-31
-1.66995e-31
-1.59409e-31
-1.51886e-31
-1.44428e-31
-1.37033e-31
-1.29704e-31
-1.22438e-31
-1.15238e-31
-1.08102e-31
-1.01032e-31
-9.40271e-32
-8.70874e-32
-8.02132e-32
-7.34046e-32
-6.66618e-32
-5.99848e-32
-5.33737e-32
-4.68286e-32
-4.03496e-32
-3.39366e-32
-2.75899e-32
-2.13093e-32
-1.50949e-32
-8.9468e-33
-2.86495e-33
3.15065e-33
9.09997e-33
1.4983e-32
2.07998e-32
2.65504e-32
3.22348e-32
3.7853e-32
4.34051e-32
4.88912e-32
5.43112e-32
5.96653e-32
6.49536e-32
7.01761e-32
7.5333e-32
8.04242e-32
8.545e-32
9.04105e-32
9.53056e-32
1.00136e-31
1.04901e-31
1.09601e-31
1.14237e-31
1.18807e-31
1.23314e-31
1.27756e-31
1.32134e-31
1.36449e-31
1.40699e-31
1.44887e-31
1.4901e-31
1.53071e-31
1.57069e-31
1.61004e-31
1.64876e-31
1.68686e-31
1.72434e-31
1.7612e-31
1.79744e-31
1.83307e-31
1.86809e-31
1.9025e-31
1.93631e-31
1.96951e-31
2.00211e-31
2.03411e-31
2.06551e-31
2.09632e-31
2.12654e-31
2.15617e-31
2.18522e-31
2.21369e-31
2.24157e-31
2.26889e-31
2.29562e-31
2.32179e-31
2.34739e-31
2.37243e-31
2.39691e-31
2.42083e-31
2.44419e-31
2.46701e-31
2.48927e-31
2.511e-31
2.53218e-31
2.55283e-31
2.57294e-31
2.59252e-31
2.61157e-31
2.6301e-31
2.6481e-31
2.66559e-31
2.68257e-31
2.69904e-31
2.715e-31
2.73046e-31
2.74542e-31
2.75988e-31
2.77386e-31
2.78734e-31
2.80034e-31
2.81286e-31
2.82491e-31
2.83648e-31
2.84758e-31
2.85822e-31
2.8684e-31
2.87812e-31
2.88738e-31
2.8962e-31
2.90456e-31
2.91249e-31
2.91998e-31
2.92703e-31
2.93366e-31
2.93986e-31
2.94564e-31
2.95099e-31
2.95593e-31
2.96047e-31
2.96459e-31
2.96831e-31
2.97162e-31
2.97455e-31
2.97708e-31
2.97923e-31
2.98099e-31
2.98237e-31
2.98338e-31
2.98402e-31
2.98429e-31
2.98419e-31
2.98374e-31
2.98293e-31
2.98178e-31
2.98027e-31
2.97843e-31
2.97625e-31
2.97373e-31
2.97088e-31
2.9677e-31
2.96419e-31
2.96037e-31
2.95624e-31
2.95179e-31
2.94703e-31
2.94197e-31
2.93661e-31
2.93096e-31
2.92502e-31
2.91878e-31
2.91227e-31
2.90547e-31
2.89839e-31
2.89104e-31
2.88343e-31
2.87555e-31
2.8674e-31
2.859e-31
2.85035e-31
2.84145e-31
2.83231e-31
2.82292e-31
2.81329e-31
2.80343e-31
2.79334e-31
2.78302e-31
2.77248e-31
2.76172e-31
2.75075e-31
2.73956e-31
2.72817e-31
2.71656e-31
2.70476e-31
2.69276e-31
2.68057e-31
2.66819e-31
2.65562e-31
2.64287e-31
2.62994e-31
2.61684e-31
2.60357e-31
2.59012e-31
2.57651e-31
2.56274e-31
2.54881e-31
2.53472e-31
2.52048e-31
2.5061e-31
2.49156e-31
2.47689e-31
2.46208e-31
2.44714e-31
2.43206e-31
2.41685e-31
2.40152e-31
2.38606e-31
2.37049e-31
2.3548e-31
2.339e-31
2.3231e-31
2.30708e-31
2.29096e-31
2.27475e-31
2.25843e-31
2.24202e-31
2.22552e-31
2.20894e-31
2.19226e-31
2.17551e-31
2.15868e-31
2.14177e-31
2.12479e-31
2.10773e-31
2.09061e-31
2.07343e-31
2.05619e-31
2.03888e-31
2.02152e-31
2.00411e-31
1.98665e-31
1.96913e-31
1.95157e-31
1.93397e-31
1.91633e-31
1.89865e-31
1.88093e-31
1.86318e-31
1.8454e-31
1.82759e-31
1.80976e-31
1.7919e-31
1.77402e-31
1.75612e-31
1.7382e-31
1.72028e-31
1.70234e-31
1.68439e-31
1.66643e-31
1.64847e-31
1.63051e-31
1.61254e-31
1.59458e-31
1.57662e-31
1.55867e-31
1.54073e-31
1.52279e-31
1.50487e-31
1.48697e-31
1.46908e-31
1.4512e-31
1.43335e-31
1.41552e-31
1.39772e-31
1.37994e-31
1.36219e-31
1.34447e-31
1.32679e-31
1.30913e-31
1.29152e-31
1.27393e-31
1.25639e-31
1.23889e-31
1.22143e-31
1.20402e-31
1.18665e-31
1.16933e-31
1.15205e-31
1.13483e-31
1.11766e-31
1.10054e-31
1.08347e-31
1.06647e-31
1.04952e-31
1.03263e-31
1.0158e-31
9.99027e-32
9.82322e-32
9.6568e-32
9.49105e-32
9.32597e-32
9.16157e-32
8.99786e-32
8.83486e-32
8.67258e-32
8.51103e-32
8.35022e-32
8.19016e-32
8.03087e-32
7.87235e-32
7.71462e-32
7.55769e-32
7.40158e-32
7.24627e-32
7.0918e-32
6.93816e-32
6.78537e-32
6.63344e-32
6.48236e-32
6.33217e-32
6.18285e-32
6.03443e-32
5.88691e-32
5.74029e-32
5.59459e-32
5.4498e-32
5.30595e-32
5.16303e-32
5.02105e-32
4.88002e-32
4.73995e-32
4.60085e-32
4.46271e-32
4.32555e-32
4.18937e-32
4.05418e-32
3.91998e-32
3.78677e-32
3.65457e-32
3.52337e-32
3.39319e-32
3.26402e-32
3.13587e-32
3.00875e-32
2.88266e-32
2.7576e-32
2.63358e-32
2.5106e-32
2.38867e-32
2.26778e-32
2.14794e-32
2.02915e-32
1.91142e-32
1.79475e-32
1.67913e-32
1.56458e-32
1.4511e-32
1.33869e-32
1.22734e-32
1.11706e-32
1.00786e-32
8.99731e-33
7.92678e-33
6.86701e-33
5.81802e-33
4.77981e-33
3.75239e-33
2.73576e-33
1.72993e-33
7.34908e-34
-2.49316e-34
-1.22274e-33
-2.18536e-33
-3.13717e-33
-4.07819e-33
-5.00842e-33
-5.92786e-33
-6.83651e-33
-7.7344e-33
-8.62151e-33
-9.49788e-33
-1.03635e-32
-1.12184e-32
-1.20626e-32
-1.2896e-32
-1.37188e-32
-1.4531e-32
-1.53324e-32
-1.61233e-32
-1.69036e-32
-1.76732e-32
-1.84323e-32
-1.91809e-32
-1.99189e-32
-2.06465e-32
-2.13636e-32
-2.20703e-32
-2.27666e-32
-2.34525e-32
-2.41281e-32
-2.47934e-32
-2.54484e-32
-2.60931e-32
-2.67276e-32
-2.7352e-32
-2.79662e-32
-2.85703e-32
-2.91643e-32
-2.97483e-32
-3.03224e-32
-3.08865e-32
-3.14406e-32
-3.19849e-32
-3.25194e-32
-3.30442e-32
-3.35591e-32
-3.40644e-32
-3.456e-32
-3.50461e-32
-3.55225e-32
-3.59895e-32
-3.6447e-32
-3.68951e-32
-3.73338e-32
-3.77632e-32
-3.81834e-32
-3.85943e-32
-3.8996e-32
-3.93887e-32
-3.97722e-32
-4.01468e-32
-4.05124e-32
-4.08691e-32
-4.1217e-32
-4.15561e-32
-4.18865e-32
-4.22082e-32
-4.25213e-32
-4.28258e-32
-4.31218e-32
-4.34094e-32
-4.36886e-32
-4.39594e-32
-4.4222e-32
-4.44763e-32
-4.47225e-32
-4.49606e-32
-4.51907e-32
-4.54128e-32
-4.56269e-32
-4.58333e-32
-4.60318e-32
-4.62225e-32
-4.64056e-32
-4.65811e-32
-4.67491e-32
-4.69096e-32
-4.70626e-32
-4.72083e-32
-4.73466e-32
-4.74778e-32
-4.76017e-32
-4.77186e-32
-4.78284e-32
-4.79312e-32
-4.80272e-32
-4.81162e-32
-4.81985e-32
-4.82741e-32
-4.8343e-32
-4.84054e-32
-4.84612e-32
-4.85105e-32
-4.85535e-32
-4.85901e-32
-4.86205e-32
-4.86446e-32
-4.86627e-32
-4.86747e-32
-4.86807e-32
-4.86807e-32
-4.86749e-32
-4.86632e-32
-4.86458e-32
-4.86228e-32
-4.85941e-32
-4.85598e-32
-4.85201e-32
-4.8475e-32
-4.84245e-32
-4.83687e-32
-4.83077e-32
-4.82415e-32
-4.81703e-32
-4.8094e-32
-4.80127e-32
-4.79266e-32
-4.78356e-32
-4.77398e-32
-4.76394e-32
-4.75343e-32
-4.74245e-32
-4.73103e-32
-4.71916e-32
-4.70686e-32
-4.69412e-32
-4.68095e-32
-4.66736e-32
-4.65335e-32
-4.63894e-32
-4.62413e-32
-4.60892e-32
-4.59332e-32
-4.57733e-32
-4.56097e-32
-4.54424e-32
-4.52714e-32
-4.50969e-32
-4.49188e-32
-4.47372e-32
-4.45522e-32
-4.43639e-32
-4.41723e-32
-4.39774e-32
-4.37794e-32
-4.35782e-32
-4.3374e-32
-4.31668e-32
-4.29567e-32
-4.27437e-32
-4.25278e-32
-4.23092e-32
-4.20879e-32
-4.18639e-32
-4.16372e-32
-4.14081e-32
-4.11765e-32
-4.09424e-32
-4.0706e-32
-4.04672e-32
-4.02262e-32
-3.9983e-32
-3.97376e-32
-3.94901e-32
-3.92405e-32
-3.89889e-32
-3.87354e-32
-3.848e-32
-3.82227e-32
-3.79636e-32
-3.77028e-32
-3.74403e-32
-3.71762e-32
-3.69104e-32
-3.66432e-32
-3.63744e-32
-3.61042e-32
-3.58325e-32
-3.55595e-32
-3.52852e-32
-3.50097e-32
-3.47329e-32
-3.4455e-32
-3.41759e-32
-3.38958e-32
-3.36147e-32
-3.33326e-32
-3.30495e-32
-3.27656e-32
-3.24809e-32
-3.21953e-32
-3.1909e-32
-3.1622e-32
-3.13343e-32
-3.10459e-32
-3.0757e-32
-3.04674e-32
-3.01774e-32
-2.98869e-32
-2.9596e-32
-2.93047e-32
-2.90131e-32
-2.87211e-32
-2.84289e-32
-2.81365e-32
-2.78439e-32
-2.75511e-32
-2.72582e-32
-2.69652e-32
-2.66722e-32
-2.63791e-32
-2.60861e-32
-2.57932e-32
-2.55004e-32
-2.52077e-32
-2.49151e-32
-2.46228e-32
-2.43307e-32
-2.40388e-32
-2.37472e-32
-2.3456e-32
-2.31651e-32
-2.28747e-32
-2.25846e-32
-2.2295e-32
-2.20059e-32
-2.17173e-32
-2.14292e-32
-2.11417e-32
-2.08548e-32
-2.05685e-32
-2.02829e-32
-1.99979e-32
-1.97137e-32
-1.94302e-32
-1.91475e-32
-1.88655e-32
-1.85844e-32
-1.8304e-32
-1.80246e-32
-1.7746e-32
-1.74684e-32
-1.71916e-32
-1.69159e-32
-1.66411e-32
-1.63673e-32
-1.60945e-32
-1.58228e-32
-1.55521e-32
-1.52825e-32
-1.50141e-32
-1.47468e-32
-1.44806e-32
-1.42156e-32
-1.39517e-32
-1.36891e-32
-1.34277e-32
-1.31676e-32
-1.29087e-32
-1.2651e-32
-1.23947e-32
-1.21397e-32
-1.1886e-32
-1.16337e-32
-1.13827e-32
-1.11331e-32
-1.08849e-32
-1.06381e-32
-1.03927e-32
-1.01487e-32
-9.90622e-33
-9.66518e-33
-9.42561e-33
-9.18752e-33
-8.95094e-33
-8.71587e-33
-8.48232e-33
-8.25031e-33
-8.01983e-33
-7.79092e-33
-7.56357e-33
-7.3378e-33
-7.11362e-33
-6.89103e-33
-6.67005e-33
-6.45069e-33
-6.23294e-33
-6.01683e-33
-5.80236e-33
-5.58954e-33
-5.37838e-33
-5.16888e-33
-4.96105e-33
-4.7549e-33
-4.55043e-33
-4.34766e-33
-4.14658e-33
-3.94721e-33
-3.74954e-33
-3.55359e-33
-3.35935e-33
-3.16684e-33
-2.97605e-33
-2.787e-33
-2.59968e-33
-2.41409e-33
-2.23025e-33
-2.04815e-33
-1.8678e-33
-1.6892e-33
-1.51235e-33
-1.33726e-33
-1.16392e-33
-9.92336e-34
-8.22513e-34
-6.54451e-34
-4.88151e-34
-3.23613e-34
-1.60838e-34
1.73477e-37
1.59422e-34
3.16906e-34
4.72628e-34
6.26586e-34
7.78783e-34
9.29219e-34
1.07789e-33
1.22481e-33
1.36997e-33
1.51338e-33
1.65503e-33
1.79493e-33
1.93308e-33
2.06948e-33
2.20414e-33
2.33706e-33
2.46824e-33
2.59769e-33
2.7254e-33
2.85139e-33
2.97565e-33
3.0982e-33
3.21903e-33
3.33814e-33
3.45555e-33
3.57126e-33
3.68526e-33
3.79758e-33
3.9082e-33
4.01715e-33
4.12441e-33
4.23e-33
4.33392e-33
4.43618e-33
4.53679e-33
4.63574e-33
4.73305e-33
4.82873e-33
4.92278e-33
5.0152e-33
5.106e-33
5.19519e-33
5.28278e-33
5.36877e-33
5.45317e-33
5.53599e-33
5.61723e-33
5.69691e-33
5.77503e-33
5.8516e-33
5.92662e-33
6.00011e-33
6.07206e-33
6.14249e-33
6.21141e-33
6.27883e-33
6.34475e-33
6.40918e-33
6.47213e-33
6.53361e-33
6.59363e-33
6.6522e-33
6.70933e-33
6.76502e-33
6.81928e-33
6.87213e-33
6.92357e-33
6.97361e-33
7.02226e-33
7.06953e-33
7.11543e-33
7.15996e-33
7.20314e-33
7.24497e-33
7.28548e-33
7.32466e-33
7.36253e-33
7.3991e-33
7.43438e-33
7.46837e-33
7.50109e-33
7.53254e-33
7.56274e-33
7.5917e-33
7.61942e-33
7.64592e-33
7.6712e-33
7.69528e-33
7.71817e-33
7.73988e-33
7.76042e-33
7.7798e-33
7.79802e-33
7.8151e-33
7.83105e-33
7.84589e-33
7.85961e-33
7.87224e-33
7.88377e-33
7.89422e-33
7.9036e-33
7.91193e-33
7.91921e-33
7.92545e-33
7.93067e-33
7.93487e-33
7.93807e-33
7.94028e-33
7.9415e-33
7.94175e-33
7.94104e-33
7.93938e-33
7.93679e-33
7.93326e-33
7.92882e-33
7.92347e-33
7.91723e-33
7.9101e-33
7.90209e-33
7.89321e-33
7.88348e-33
7.87291e-33
7.8615e-33
7.84927e-33
7.83622e-33
7.82237e-33
7.80772e-33
7.7923e-33
7.7761e-33
7.75914e-33
7.74142e-33
7.72297e-33
7.70378e-33
7.68388e-33
7.66326e-33
7.64195e-33
7.61994e-33
7.59726e-33
7.57391e-33
7.54991e-33
7.52526e-33
7.49997e-33
7.47405e-33
7.44752e-33
7.42038e-33
7.39264e-33
7.36431e-33
7.33541e-33
7.30593e-33
7.2759e-33
7.24532e-33
7.2142e-33
7.18254e-33
7.15037e-33
7.11768e-33
7.0845e-33
7.05082e-33
7.01665e-33
6.98201e-33
6.94691e-33
6.91135e-33
6.87534e-33
6.8389e-33
6.80203e-33
6.76475e-33
6.72706e-33
6.68897e-33
6.65049e-33
6.61164e-33
6.57241e-33
6.53282e-33
6.49287e-33
6.45258e-33
6.41194e-33
6.37098e-33
6.3297e-33
6.28811e-33
6.24621e-33
6.20402e-33
6.16154e-33
6.11879e-33
6.07576e-33
6.03247e-33
5.98893e-33
5.94514e-33
5.90112e-33
5.85686e-33
5.81238e-33
5.76769e-33
5.72279e-33
5.6777e-33
5.63241e-33
5.58694e-33
5.5413e-33
5.49548e-33
5.4495e-33
5.40337e-33
5.35709e-33
5.31067e-33
5.26412e-33
5.21745e-33
5.17065e-33
5.12375e-33
5.07673e-33
5.02962e-33
4.98242e-33
4.93514e-33
4.88777e-33
4.84034e-33
4.79285e-33
4.74529e-33
4.69769e-33
4.65004e-33
4.60235e-33
4.55462e-33
4.50687e-33
4.4591e-33
4.41131e-33
4.36351e-33
4.31571e-33
4.26792e-33
4.22013e-33
4.17235e-33
4.12459e-33
4.07686e-33
4.02916e-33
3.98149e-33
3.93387e-33
3.8863e-33
3.83877e-33
3.7913e-33
3.7439e-33
3.69656e-33
3.6493e-33
3.60211e-33
3.555e-33
3.50798e-33
3.46105e-33
3.41422e-33
3.36749e-33
3.32087e-33
3.27435e-33
3.22795e-33
3.18168e-33
3.13552e-33
3.08949e-33
3.04359e-33
2.99783e-33
2.9522e-33
2.90672e-33
2.86139e-33
2.81621e-33
2.77118e-33
2.72631e-33
2.6816e-33
2.63706e-33
2.59269e-33
2.54849e-33
2.50447e-33
2.46063e-33
2.41697e-33
2.3735e-33
2.33022e-33
2.28713e-33
2.24423e-33
2.20154e-33
2.15905e-33
2.11676e-33
2.07468e-33
2.03281e-33
1.99115e-33
1.94971e-33
1.90849e-33
1.86749e-33
1.82671e-33
1.78616e-33
1.74584e-33
1.70575e-33
1.66589e-33
1.62627e-33
1.58689e-33
1.54774e-33
1.50884e-33
1.47019e-33
1.43178e-33
1.39362e-33
1.35571e-33
1.31805e-33
1.28064e-33
1.24349e-33
1.20659e-33
1.16996e-33
1.13358e-33
1.09747e-33
1.06162e-33
1.02603e-33
9.9071e-34
9.55657e-34
9.20871e-34
8.86356e-34
8.52112e-34
8.1814e-34
7.84441e-34
7.51017e-34
7.17868e-34
6.84995e-34
6.52399e-34
6.20082e-34
5.88044e-34
5.56285e-34
5.24807e-34
4.93611e-34
4.62696e-34
4.32064e-34
4.01715e-34
3.7165e-34
3.4187e-34
3.12374e-34
2.83164e-34
2.54239e-34
2.256e-34
1.97248e-34
1.69183e-34
1.41404e-34
1.13913e-34
8.67087e-35
5.97921e-35
3.31632e-35
6.82183e-36
-1.92318e-35
-4.49978e-35
-7.04761e-35
-9.56668e-35
-1.2057e-34
-1.45186e-34
-1.69515e-34
-1.93557e-34
-2.17312e-34
-2.40781e-34
-2.63964e-34
-2.86861e-34
-3.09472e-34
-3.31799e-34
-3.53841e-34
-3.75599e-34
-3.97074e-34
-4.18265e-34
-4.39174e-34
-4.598e-34
-4.80146e-34
-5.0021e-34
-5.19995e-34
-5.39499e-34
-5.58726e-34
-5.77674e-34
-5.96345e-34
-6.14739e-34
-6.32858e-34
-6.50702e-34
-6.68272e-34
-6.85569e-34
-7.02593e-34
-7.19347e-34
-7.3583e-34
-7.52043e-34
-7.67988e-34
-7.83666e-34
-7.99077e-34
-8.14223e-34
-8.29105e-34
-8.43723e-34
-8.58079e-34
-8.72175e-34
-8.8601e-34
-8.99587e-34
-9.12907e-34
-9.25971e-34
-9.3878e-34
-9.51335e-34
-9.63638e-34
-9.7569e-34
-9.87492e-34
-9.99046e-34
-1.01035e-33
-1.02141e-33
-1.03223e-33
-1.0428e-33
-1.05313e-33
-1.06323e-33
-1.07308e-33
-1.08269e-33
-1.09207e-33
-1.10122e-33
-1.11013e-33
-1.11881e-33
-1.12726e-33
-1.13548e-33
-1.14347e-33
-1.15124e-33
-1.15879e-33
-1.16611e-33
-1.17321e-33
-1.18009e-33
-1.18676e-33
-1.19321e-33
-1.19944e-33
-1.20546e-33
-1.21127e-33
-1.21687e-33
-1.22226e-33
-1.22744e-33
-1.23242e-33
-1.23719e-33
-1.24177e-33
-1.24614e-33
-1.25031e-33
-1.25429e-33
-1.25808e-33
-1.26167e-33
-1.26506e-33
-1.26827e-33
-1.27129e-33
-1.27413e-33
-1.27678e-33
-1.27924e-33
-1.28153e-33
-1.28363e-33
-1.28556e-33
-1.28731e-33
-1.28889e-33
-1.29029e-33
-1.29152e-33
-1.29259e-33
-1.29348e-33
-1.29421e-33
-1.29478e-33
-1.29518e-33
-1.29542e-33
-1.2955e-33
-1.29543e-33
-1.2952e-33
-1.29482e-33
-1.29428e-33
-1.2936e-33
-1.29276e-33
-1.29178e-33
-1.29065e-33
-1.28938e-33
-1.28797e-33
-1.28642e-33
-1.28473e-33
-1.2829e-33
-1.28094e-33
-1.27884e-33
-1.27662e-33
-1.27426e-33
-1.27178e-33
-1.26917e-33
-1.26643e-33
-1.26357e-33
-1.26059e-33
-1.25749e-33
-1.25428e-33
-1.25094e-33
-1.2475e-33
-1.24394e-33
-1.24027e-33
-1.23649e-33
-1.2326e-33
-1.2286e-33
-1.2245e-33
-1.2203e-33
-1.216e-33
-1.2116e-33
-1.2071e-33
-1.2025e-33
-1.19781e-33
-1.19303e-33
-1.18815e-33
-1.18318e-33
-1.17813e-33
-1.17299e-33
-1.16776e-33
-1.16245e-33
-1.15706e-33
-1.15159e-33
-1.14604e-33
-1.14041e-33
-1.13471e-33
-1.12893e-33
-1.12307e-33
-1.11715e-33
-1.11116e-33
-1.1051e-33
-1.09897e-33
-1.09277e-33
-1.08651e-33
-1.08019e-33
-1.07381e-33
-1.06736e-33
-1.06086e-33
-1.0543e-33
-1.04769e-33
-1.04102e-33
-1.0343e-33
-1.02753e-33
-1.02071e-33
-1.01384e-33
-1.00692e-33
-9.99955e-34
-9.92948e-34
-9.85898e-34
-9.78806e-34
-9.71673e-34
-9.645e-34
-9.5729e-34
-9.50044e-34
-9.42762e-34
-9.35446e-34
-9.28097e-34
-9.20717e-34
-9.13305e-34
-9.05865e-34
-8.98396e-34
-8.90902e-34
-8.83381e-34
-8.75836e-34
-8.68267e-34
-8.60677e-34
-8.53067e-34
-8.45437e-34
-8.37789e-34
-8.30123e-34
-8.22442e-34
-8.14745e-34
-8.07035e-34
-7.99311e-34
-7.91575e-34
-7.83829e-34
-7.76072e-34
-7.68308e-34
-7.60535e-34
-7.52756e-34
-7.44972e-34
-7.37183e-34
-7.2939e-34
-7.21595e-34
-7.13798e-34
-7.06e-34
-6.98203e-34
-6.90407e-34
-6.82612e-34
-6.74821e-34
-6.67034e-34
-6.59251e-34
-6.51474e-34
-6.43703e-34
-6.3594e-34
-6.28185e-34
-6.20439e-34
-6.12703e-34
-6.04978e-34
-5.97265e-34
-5.89563e-34
-5.81875e-34
-5.74201e-34
-5.66541e-34
-5.58897e-34
-5.51269e-34
-5.43659e-34
-5.36066e-34
-5.28491e-34
-5.20936e-34
-5.13401e-34
-5.05886e-34
-4.98392e-34
-4.90921e-34
-4.83471e-34
-4.76045e-34
-4.68643e-34
-4.61266e-34
-4.53914e-34
-4.46587e-34
-4.39287e-34
-4.32014e-34
-4.24768e-34
-4.17551e-34
-4.10362e-34
-4.03202e-34
-3.96072e-34
-3.88972e-34
-3.81903e-34
-3.74866e-34
-3.6786e-34
-3.60887e-34
-3.53946e-34
-3.47039e-34
-3.40165e-34
-3.33326e-34
-3.26522e-34
-3.19752e-34
-3.13019e-34
-3.06321e-34
-2.99659e-34
-2.93035e-34
-2.86447e-34
-2.79897e-34
-2.73385e-34
-2.66912e-34
-2.60477e-34
-2.5408e-34
-2.47724e-34
-2.41407e-34
-2.3513e-34
-2.28893e-34
-2.22697e-34
-2.16542e-34
-2.10429e-34
-2.04357e-34
-1.98326e-34
-1.92338e-34
-1.86392e-34
-1.80489e-34
-1.74628e-34
-1.68811e-34
-1.63037e-34
-1.57307e-34
-1.51621e-34
-1.45978e-34
-1.4038e-34
-1.34826e-34
-1.29317e-34
-1.23852e-34
-1.18433e-34
-1.13058e-34
-1.07729e-34
-1.02445e-34
-9.72066e-35
-9.20139e-35
-8.6867e-35
-8.1766e-35
-7.67109e-35
-7.1702e-35
-6.67393e-35
-6.18228e-35
-5.69528e-35
-5.21292e-35
-4.73521e-35
-4.26215e-35
-3.79377e-35
-3.33006e-35
-2.87102e-35
-2.41667e-35
-1.967e-35
-1.52201e-35
-1.08172e-35
-6.46125e-36
-2.1522e-36
2.10992e-36
6.3251e-36
1.04933e-35
1.46146e-35
1.8689e-35
2.27166e-35
2.66972e-35
3.0631e-35
3.45181e-35
3.83584e-35
4.2152e-35
4.58989e-35
4.95993e-35
5.32532e-35
5.68606e-35
6.04216e-35
6.39363e-35
6.74048e-35
7.08271e-35
7.42035e-35
7.75338e-35
8.08184e-35
8.40571e-35
8.72503e-35
9.0398e-35
9.35003e-35
9.65572e-35
9.95691e-35
1.02536e-34
1.05458e-34
1.08335e-34
1.11168e-34
1.13956e-34
1.167e-34
1.194e-34
1.22056e-34
1.24668e-34
1.27236e-34
1.29761e-34
1.32242e-34
1.34681e-34
1.37076e-34
1.39429e-34
1.41739e-34
1.44006e-34
1.46232e-34
1.48415e-34
1.50557e-34
1.52657e-34
1.54715e-34
1.56733e-34
1.58709e-34
1.60645e-34
1.6254e-34
1.64394e-34
1.66209e-34
1.67983e-34
1.69718e-34
1.71413e-34
1.73069e-34
1.74686e-34
1.76265e-34
1.77804e-34
1.79306e-34
1.80769e-34
1.82194e-34
1.83582e-34
1.84932e-34
1.86245e-34
1.87521e-34
1.88761e-34
1.89964e-34
1.91132e-34
1.92263e-34
1.93359e-34
1.94419e-34
1.95444e-34
1.96435e-34
1.97391e-34
1.98313e-34
1.99201e-34
2.00054e-34
2.00875e-34
2.01662e-34
2.02416e-34
2.03138e-34
2.03827e-34
2.04484e-34
2.05109e-34
2.05702e-34
2.06264e-34
2.06795e-34
2.07296e-34
2.07766e-34
2.08205e-34
2.08615e-34
2.08995e-34
2.09345e-34
2.09667e-34
2.0996e-34
2.10224e-34
2.1046e-34
2.10668e-34
2.10848e-34
2.11001e-34
2.11126e-34
2.11225e-34
2.11297e-34
2.11343e-34
2.11363e-34
2.11357e-34
2.11326e-34
2.1127e-34
2.11188e-34
2.11082e-34
2.10952e-34
2.10798e-34
2.1062e-34
2.10419e-34
2.10194e-34
2.09946e-34
2.09676e-34
2.09383e-34
2.09068e-34
2.08732e-34
2.08374e-34
2.07994e-34
2.07594e-34
2.07173e-34
2.06732e-34
2.06271e-34
2.0579e-34
2.05289e-34
2.04769e-34
2.0423e-34
2.03672e-34
2.03096e-34
2.02502e-34
2.0189e-34
2.0126e-34
2.00613e-34
1.99948e-34
1.99267e-34
1.98569e-34
1.97855e-34
1.97125e-34
1.96379e-34
1.95618e-34
1.94841e-34
1.94049e-34
1.93243e-34
1.92422e-34
1.91587e-34
1.90737e-34
1.89875e-34
1.88998e-34
1.88109e-34
1.87206e-34
1.86291e-34
1.85363e-34
1.84423e-34
1.83471e-34
1.82507e-34
1.81532e-34
1.80546e-34
1.79548e-34
1.7854e-34
1.77521e-34
1.76492e-34
1.75453e-34
1.74405e-34
1.73346e-34
1.72278e-34
1.71202e-34
1.70116e-34
1.69021e-34
1.67919e-34
1.66808e-34
1.65689e-34
1.64562e-34
1.63428e-34
1.62286e-34
1.61138e-34
1.59982e-34
1.5882e-34
1.57651e-34
1.56477e-34
1.55296e-34
1.54109e-34
1.52917e-34
1.51719e-34
1.50516e-34
1.49309e-34
1.48096e-34
1.46879e-34
1.45658e-34
1.44432e-34
1.43202e-34
1.41968e-34
1.40731e-34
1.39491e-34
1.38247e-34
1.37e-34
1.3575e-34
1.34497e-34
1.33242e-34
1.31984e-34
1.30725e-34
1.29463e-34
1.282e-34
1.26935e-34
1.25669e-34
1.24401e-34
1.23132e-34
1.21862e-34
1.20592e-34
1.1932e-34
1.18049e-34
1.16776e-34
1.15504e-34
1.14232e-34
1.1296e-34
1.11688e-34
1.10417e-34
1.09146e-34
1.07876e-34
1.06607e-34
1.05339e-34
1.04072e-34
1.02807e-34
1.01542e-34
1.0028e-34
9.90193e-35
9.77605e-35
9.65036e-35
9.52489e-35
9.39964e-35
9.27463e-35
9.14986e-35
9.02536e-35
8.90113e-35
8.77719e-35
8.65355e-35
8.53022e-35
8.40721e-35
8.28454e-35
8.1622e-35
8.04023e-35
7.91861e-35
7.79738e-35
7.67653e-35
7.55608e-35
7.43603e-35
7.31639e-35
7.19718e-35
7.07841e-35
6.96008e-35
6.84221e-35
6.7248e-35
6.60787e-35
6.49142e-35
6.37546e-35
6.26001e-35
6.14506e-35
6.03063e-35
5.91672e-35
5.80335e-35
5.69052e-35
5.57824e-35
5.46651e-35
5.35535e-35
5.24476e-35
5.13474e-35
5.02531e-35
4.91647e-35
4.80823e-35
4.7006e-35
4.59357e-35
4.48717e-35
4.38139e-35
4.27624e-35
4.17172e-35
4.06785e-35
3.96463e-35
3.86205e-35
3.76014e-35
3.65888e-35
3.5583e-35
3.45839e-35
3.35915e-35
3.2606e-35
3.16273e-35
3.06555e-35
2.96907e-35
2.87328e-35
2.7782e-35
2.68382e-35
2.59016e-35
2.4972e-35
2.40497e-35
2.31345e-35
2.22266e-35
2.13259e-35
2.04325e-35
1.95465e-35
1.86677e-35
1.77964e-35
1.69324e-35
1.60759e-35
1.52268e-35
1.43851e-35
1.3551e-35
1.27243e-35
1.19051e-35
1.10935e-35
1.02895e-35
9.49297e-36
8.70406e-36
7.92273e-36
7.14901e-36
6.3829e-36
5.62442e-36
4.87356e-36
4.13035e-36
3.39478e-36
2.66686e-36
1.94659e-36
1.23397e-36
5.29014e-37
-1.68288e-37
-8.5793e-37
-1.53991e-36
-2.21424e-36
-2.88092e-36
-3.53994e-36
-4.19131e-36
-4.83505e-36
-5.47114e-36
-6.09961e-36
-6.72046e-36
-7.33369e-36
-7.93932e-36
-8.53736e-36
-9.12782e-36
-9.71071e-36
-1.0286e-35
-1.08538e-35
-1.14141e-35
-1.19668e-35
-1.25121e-35
-1.30499e-35
-1.35802e-35
-1.4103e-35
-1.46185e-35
-1.51265e-35
-1.56271e-35
-1.61204e-35
-1.66063e-35
-1.70849e-35
-1.75561e-35
-1.80201e-35
-1.84769e-35
-1.89264e-35
-1.93687e-35
-1.98038e-35
-2.02318e-35
-2.06526e-35
-2.10663e-35
-2.1473e-35
-2.18726e-35
-2.22651e-35
-2.26507e-35
-2.30294e-35
-2.34011e-35
-2.37659e-35
-2.41238e-35
-2.44749e-35
-2.48193e-35
-2.51568e-35
-2.54876e-35
-2.58118e-35
-2.61292e-35
-2.64401e-35
-2.67443e-35
-2.7042e-35
-2.73331e-35
-2.76178e-35
-2.7896e-35
-2.81678e-35
-2.84332e-35
-2.86923e-35
-2.89451e-35
-2.91916e-35
-2.94319e-35
-2.9666e-35
-2.98939e-35
-3.01157e-35
-3.03315e-35
-3.05412e-35
-3.0745e-35
-3.09428e-35
-3.11347e-35
-3.13208e-35
-3.1501e-35
-3.16755e-35
-3.18442e-35
-3.20072e-35
-3.21646e-35
-3.23163e-35
-3.24626e-35
-3.26033e-35
-3.27385e-35
-3.28683e-35
-3.29927e-35
-3.31118e-35
-3.32255e-35
-3.3334e-35
-3.34374e-35
-3.35355e-35
-3.36286e-35
-3.37165e-35
-3.37995e-35
-3.38774e-35
-3.39504e-35
-3.40185e-35
-3.40817e-35
-3.41402e-35
-3.41938e-35
-3.42428e-35
-3.42871e-35
-3.43268e-35
-3.43619e-35
-3.43924e-35
-3.44185e-35
-3.44401e-35
-3.44573e-35
-3.44702e-35
-3.44788e-35
-3.44832e-35
-3.44833e-35
-3.44793e-35
-3.44712e-35
-3.44589e-35
-3.44427e-35
-3.44225e-35
-3.43983e-35
-3.43702e-35
-3.43383e-35
-3.43027e-35
-3.42632e-35
-3.42201e-35
-3.41733e-35
-3.41228e-35
-3.40688e-35
-3.40113e-35
-3.39503e-35
-3.38859e-35
-3.38181e-35
-3.37469e-35
-3.36725e-35
-3.35948e-35
-3.35139e-35
-3.34298e-35
-3.33427e-35
-3.32524e-35
-3.31592e-35
-3.30629e-35
-3.29638e-35
-3.28617e-35
-3.27568e-35
-3.26491e-35
-3.25386e-35
-3.24254e-35
-3.23096e-35
-3.21911e-35
-3.207e-35
-3.19464e-35
-3.18202e-35
-3.16917e-35
-3.15607e-35
-3.14273e-35
-3.12916e-35
-3.11536e-35
-3.10133e-35
-3.08708e-35
-3.07262e-35
-3.05794e-35
-3.04306e-35
-3.02797e-35
-3.01268e-35
-2.9972e-35
-2.98153e-35
-2.96566e-35
-2.94962e-35
-2.93339e-35
-2.91699e-35
-2.90041e-35
-2.88367e-35
-2.86676e-35
-2.84969e-35
-2.83246e-35
-2.81508e-35
-2.79756e-35
-2.77988e-35
-2.76207e-35
-2.74411e-35
-2.72602e-35
-2.7078e-35
-2.68945e-35
-2.67098e-35
-2.65239e-35
-2.63368e-35
-2.61486e-35
-2.59592e-35
-2.57689e-35
-2.55775e-35
-2.53851e-35
-2.51918e-35
-2.49975e-35
-2.48024e-35
-2.46064e-35
-2.44095e-35
-2.42119e-35
-2.40136e-35
-2.38145e-35
-2.36147e-35
-2.34142e-35
-2.32132e-35
-2.30115e-35
-2.28092e-35
-2.26064e-35
-2.24031e-35
-2.21994e-35
-2.19952e-35
-2.17905e-35
-2.15855e-35
-2.13801e-35
-2.11744e-35
-2.09684e-35
-2.0762e-35
-2.05555e-35
-2.03487e-35
-2.01418e-35
-1.99346e-35
-1.97274e-35
-1.952e-35
-1.93126e-35
-1.91051e-35
-1.88976e-35
-1.869e-35
-1.84825e-35
-1.8275e-35
-1.80676e-35
-1.78603e-35
-1.76531e-35
-1.7446e-35
-1.72391e-35
-1.70324e-35
-1.68259e-35
-1.66196e-35
-1.64136e-35
-1.62078e-35
-1.60024e-35
-1.57972e-35
-1.55924e-35
-1.5388e-35
-1.51839e-35
-1.49803e-35
-1.4777e-35
-1.45742e-35
-1.43719e-35
-1.41701e-35
-1.39687e-35
-1.37679e-35
-1.35676e-35
-1.33679e-35
-1.31688e-35
-1.29702e-35
-1.27723e-35
-1.2575e-35
-1.23783e-35
-1.21823e-35
-1.1987e-35
-1.17923e-35
-1.15984e-35
-1.14052e-35
-1.12127e-35
-1.1021e-35
-1.083e-35
-1.06399e-35
-1.04505e-35
-1.02619e-35
-1.00742e-35
-9.88733e-36
-9.70129e-36
-9.51612e-36
-9.33183e-36
-9.14843e-36
-8.96593e-36
-8.78435e-36
-8.6037e-36
-8.42399e-36
-8.24523e-36
-8.06743e-36
-7.89061e-36
-7.71478e-36
-7.53994e-36
-7.36611e-36
-7.19329e-36
-7.0215e-36
-6.85074e-36
-6.68104e-36
-6.51238e-36
-6.34479e-36
-6.17826e-36
-6.01281e-36
-5.84844e-36
-5.68517e-36
-5.52301e-36
-5.36195e-36
-5.20201e-36
-5.0432e-36
-4.88551e-36
-4.72897e-36
-4.57357e-36
-4.41932e-36
-4.26622e-36
-4.11429e-36
-3.96353e-36
-3.81393e-36
-3.66552e-36
-3.51829e-36
-3.37225e-36
-3.2274e-36
-3.08374e-36
-2.94129e-36
-2.80004e-36
-2.66001e-36
-2.52118e-36
-2.38357e-36
-2.24718e-36
-2.11201e-36
-1.97807e-36
-1.84536e-36
-1.71387e-36
-1.58362e-36
-1.45461e-36
-1.32683e-36
-1.2003e-36
-1.075e-36
-9.50944e-37
-8.28133e-37
-7.06568e-37
-5.86249e-37
-4.67177e-37
-3.49352e-37
-2.32777e-37
-1.17449e-37
-3.37078e-39
1.09459e-37
2.2104e-37
3.31372e-37
4.40455e-37
5.48291e-37
6.5488e-37
7.60222e-37
8.64319e-37
9.67171e-37
1.06878e-36
1.16915e-36
1.26827e-36
1.36616e-36
1.46281e-36
1.55823e-36
1.65241e-36
1.74536e-36
1.83709e-36
1.92758e-36
2.01685e-36
2.10491e-36
2.19174e-36
2.27735e-36
2.36175e-36
2.44495e-36
2.52693e-36
2.60772e-36
2.6873e-36
2.76569e-36
2.84288e-36
2.91889e-36
2.99371e-36
3.06735e-36
3.13982e-36
3.21111e-36
3.28123e-36
3.35019e-36
3.41799e-36
3.48464e-36
3.55014e-36
3.61449e-36
3.67769e-36
3.73976e-36
3.8007e-36
3.86052e-36
3.91921e-36
3.97679e-36
4.03325e-36
4.08862e-36
4.14288e-36
4.19604e-36
4.24812e-36
4.29912e-36
4.34904e-36
4.39789e-36
4.44567e-36
4.49239e-36
4.53806e-36
4.58268e-36
4.62626e-36
4.6688e-36
4.71031e-36
4.7508e-36
4.79027e-36
4.82873e-36
4.86618e-36
4.90264e-36
4.93811e-36
4.97259e-36
5.00609e-36
5.03862e-36
5.07019e-36
5.1008e-36
5.13046e-36
5.15917e-36
5.18695e-36
5.2138e-36
5.23972e-36
5.26472e-36
5.28882e-36
5.31201e-36
5.33431e-36
5.35573e-36
5.37626e-36
5.39592e-36
5.41471e-36
5.43264e-36
5.44971e-36
5.46595e-36
5.48134e-36
5.49591e-36
5.50965e-36
5.52258e-36
5.53469e-36
5.54601e-36
5.55653e-36
5.56627e-36
5.57523e-36
5.58342e-36
5.59084e-36
5.59751e-36
5.60343e-36
5.60861e-36
5.61306e-36
5.61678e-36
5.61979e-36
5.62208e-36
5.62366e-36
5.62455e-36
5.62475e-36
5.62427e-36
5.62311e-36
5.62129e-36
5.61881e-36
5.61568e-36
5.6119e-36
5.60749e-36
5.60246e-36
5.5968e-36
5.59053e-36
5.58365e-36
5.57617e-36
5.5681e-36
5.55946e-36
5.55023e-36
5.54044e-36
5.53009e-36
5.51918e-36
5.50772e-36
5.49573e-36
5.4832e-36
5.47015e-36
5.45658e-36
5.4425e-36
5.42792e-36
5.41284e-36
5.39727e-36
5.38123e-36
5.36471e-36
5.34772e-36
5.33027e-36
5.31237e-36
5.29402e-36
5.27524e-36
5.25602e-36
5.23639e-36
5.21633e-36
5.19587e-36
5.17501e-36
5.15375e-36
5.1321e-36
5.11007e-36
5.08767e-36
5.06489e-36
5.04176e-36
5.01827e-36
4.99442e-36
4.97024e-36
4.94573e-36
4.92088e-36
4.89571e-36
4.87023e-36
4.84444e-36
4.81835e-36
4.79196e-36
4.76528e-36
4.73832e-36
4.71108e-36
4.68357e-36
4.6558e-36
4.62777e-36
4.59949e-36
4.57096e-36
4.5422e-36
4.51319e-36
4.48396e-36
4.45451e-36
4.42485e-36
4.39497e-36
4.36489e-36
4.33462e-36
4.30415e-36
4.2735e-36
4.24267e-36
4.21167e-36
4.18049e-36
4.14916e-36
4.11766e-36
4.08601e-36
4.05421e-36
4.02227e-36
3.9902e-36
3.958e-36
3.92568e-36
3.89323e-36
3.86067e-36
3.828e-36
3.79522e-36
3.76235e-36
3.72938e-36
3.69632e-36
3.66318e-36
3.62996e-36
3.59666e-36
3.5633e-36
3.52987e-36
3.49638e-36
3.46284e-36
3.42924e-36
3.3956e-36
3.36192e-36
3.3282e-36
3.29445e-36
3.26067e-36
3.22687e-36
3.19305e-36
3.15921e-36
3.12536e-36
3.09151e-36
3.05765e-36
3.0238e-36
2.98995e-36
2.95611e-36
2.92229e-36
2.88848e-36
2.85469e-36
2.82093e-36
2.7872e-36
2.7535e-36
2.71984e-36
2.68621e-36
2.65264e-36
2.61911e-36
2.58563e-36
2.55221e-36
2.51884e-36
2.48554e-36
2.4523e-36
2.41913e-36
2.38603e-36
2.35301e-36
2.32006e-36
2.2872e-36
2.25441e-36
2.22172e-36
2.18911e-36
2.1566e-36
2.12418e-36
2.09186e-36
2.05965e-36
2.02753e-36
1.99553e-36
1.96363e-36
1.93185e-36
1.90018e-36
1.86863e-36
1.8372e-36
1.80589e-36
1.77471e-36
1.74366e-36
1.71273e-36
1.68194e-36
1.65128e-36
1.62076e-36
1.59037e-36
1.56013e-36
1.53003e-36
1.50007e-36
1.47026e-36
1.4406e-36
1.41109e-36
1.38174e-36
1.35253e-36
1.32349e-36
1.2946e-36
1.26587e-36
1.23731e-36
1.20891e-36
1.18067e-36
1.1526e-36
1.1247e-36
1.09696e-36
1.0694e-36
1.04202e-36
1.0148e-36
9.87763e-37
9.60902e-37
9.34218e-37
9.07715e-37
8.81393e-37
8.55253e-37
8.29296e-37
8.03523e-37
7.77936e-37
7.52535e-37
7.27321e-37
7.02296e-37
6.77461e-37
6.52816e-37
6.28362e-37
6.041e-37
5.80031e-37
5.56155e-37
5.32475e-37
5.08989e-37
4.85699e-37
4.62605e-37
4.39708e-37
4.17009e-37
3.94508e-37
3.72206e-37
3.50103e-37
3.282e-37
3.06498e-37
2.84996e-37
2.63695e-37
2.42596e-37
2.21698e-37
2.01003e-37
1.8051e-37
1.6022e-37
1.40132e-37
1.20248e-37
1.00567e-37
8.10892e-38
6.18151e-38
4.27447e-38
2.38779e-38
5.21498e-39
-1.32442e-38
-3.14995e-38
-4.95511e-38
-6.7399e-38
-8.50432e-38
-1.02484e-37
-1.19721e-37
-1.36755e-37
-1.53586e-37
-1.70213e-37
-1.86638e-37
-2.02861e-37
-2.18881e-37
-2.347e-37
-2.50316e-37
-2.65732e-37
-2.80946e-37
-2.9596e-37
-3.10774e-37
-3.25388e-37
-3.39803e-37
-3.54018e-37
-3.68036e-37
-3.81855e-37
-3.95477e-37
-4.08902e-37
-4.2213e-37
-4.35163e-37
-4.48001e-37
-4.60644e-37
-4.73093e-37
-4.85348e-37
-4.97411e-37
-5.09281e-37
-5.2096e-37
-5.32448e-37
-5.43746e-37
-5.54855e-37
-5.65776e-37
-5.76508e-37
-5.87053e-37
-5.97412e-37
-6.07586e-37
-6.17574e-37
-6.27379e-37
-6.37e-37
-6.46439e-37
-6.55697e-37
-6.64773e-37
-6.7367e-37
-6.82389e-37
-6.90929e-37
-6.99292e-37
-7.0748e-37
-7.15492e-37
-7.2333e-37
-7.30994e-37
-7.38487e-37
-7.45809e-37
-7.5296e-37
-7.59943e-37
-7.66756e-37
-7.73403e-37
-7.79884e-37
-7.862e-37
-7.92351e-37
-7.9834e-37
-8.04167e-37
-8.09833e-37
-8.15338e-37
-8.20685e-37
-8.25875e-37
-8.30907e-37
-8.35784e-37
-8.40507e-37
-8.45077e-37
-8.49496e-37
-8.53763e-37
-8.57881e-37
-8.61851e-37
-8.65672e-37
-8.69348e-37
-8.72878e-37
-8.76263e-37
-8.79506e-37
-8.82607e-37
-8.85568e-37
-8.88389e-37
-8.91073e-37
-8.9362e-37
-8.96031e-37
-8.98308e-37
-9.00451e-37
-9.02463e-37
-9.04343e-37
-9.06093e-37
-9.07715e-37
-9.0921e-37
-9.10578e-37
-9.11822e-37
-9.12941e-37
-9.13938e-37
-9.14814e-37
-9.1557e-37
-9.16208e-37
-9.16728e-37
-9.17131e-37
-9.1742e-37
-9.17594e-37
-9.17656e-37
-9.17607e-37
-9.17447e-37
-9.17178e-37
-9.16802e-37
-9.16319e-37
-9.1573e-37
-9.15038e-37
-9.14243e-37
-9.13346e-37
-9.12349e-37
-9.11252e-37
-9.10058e-37
-9.08767e-37
-9.0738e-37
-9.05899e-37
-9.04325e-37
-9.02659e-37
-9.00903e-37
-8.99057e-37
-8.97122e-37
-8.951e-37
-8.92993e-37
-8.908e-37
-8.88524e-37
-8.86165e-37
-8.83725e-37
-8.81205e-37
-8.78606e-37
-8.75929e-37
-8.73176e-37
-8.70348e-37
-8.67446e-37
-8.64471e-37
-8.61425e-37
-8.58307e-37
-8.55121e-37
-8.51866e-37
-8.48543e-37
-8.45155e-37
-8.41702e-37
-8.38185e-37
-8.34605e-37
-8.30964e-37
-8.27263e-37
-8.23503e-37
-8.19684e-37
-8.15808e-37
-8.11875e-37
-8.07888e-37
-8.03847e-37
-7.99753e-37
-7.95607e-37
-7.91411e-37
-7.87164e-37
-7.8287e-37
-7.78528e-37
-7.74139e-37
-7.69706e-37
-7.65228e-37
-7.60707e-37
-7.56143e-37
-7.51539e-37
-7.46894e-37
-7.42209e-37
-7.37486e-37
-7.32726e-37
-7.2793e-37
-7.23099e-37
-7.18233e-37
-7.13334e-37
-7.08403e-37
-7.0344e-37
-6.98446e-37
-6.93423e-37
-6.88371e-37
-6.83292e-37
-6.78186e-37
-6.73054e-37
-6.67897e-37
-6.62715e-37
-6.57511e-37
-6.52284e-37
-6.47035e-37
-6.41766e-37
-6.36478e-37
-6.3117e-37
-6.25844e-37
-6.20501e-37
-6.15142e-37
-6.09767e-37
-6.04377e-37
-5.98973e-37
-5.93557e-37
-5.88128e-37
-5.82687e-37
-5.77236e-37
-5.71775e-37
-5.66304e-37
-5.60825e-37
-5.55339e-37
-5.49845e-37
-5.44345e-37
-5.3884e-37
-5.3333e-37
-5.27816e-37
-5.22299e-37
-5.1678e-37
-5.11258e-37
-5.05736e-37
-5.00212e-37
-4.9469e-37
-4.89167e-37
-4.83647e-37
-4.78128e-37
-4.72612e-37
-4.671e-37
-4.61592e-37
-4.56088e-37
-4.5059e-37
-4.45097e-37
-4.3961e-37
-4.34131e-37
-4.28659e-37
-4.23196e-37
-4.17741e-37
-4.12296e-37
-4.0686e-37
-4.01435e-37
-3.96021e-37
-3.90619e-37
-3.85228e-37
-3.7985e-37
-3.74485e-37
-3.69133e-37
-3.63795e-37
-3.58472e-37
-3.53164e-37
-3.47871e-37
-3.42594e-37
-3.37334e-37
-3.32091e-37
-3.26865e-37
-3.21656e-37
-3.16466e-37
-3.11295e-37
-3.06143e-37
-3.0101e-37
-2.95897e-37
-2.90805e-37
-2.85733e-37
-2.80683e-37
-2.75654e-37
-2.70646e-37
-2.65661e-37
-2.60698e-37
-2.55759e-37
-2.50842e-37
-2.45949e-37
-2.4108e-37
-2.36235e-37
-2.31415e-37
-2.2662e-37
-2.2185e-37
-2.17105e-37
-2.12386e-37
-2.07694e-37
-2.03027e-37
-1.98387e-37
-1.93774e-37
-1.89189e-37
-1.8463e-37
-1.801e-37
-1.75597e-37
-1.71122e-37
-1.66676e-37
-1.62258e-37
-1.57869e-37
-1.53509e-37
-1.49178e-37
-1.44877e-37
-1.40605e-37
-1.36363e-37
-1.32151e-37
-1.27969e-37
-1.23818e-37
-1.19697e-37
-1.15607e-37
-1.11547e-37
-1.07519e-37
-1.03521e-37
-9.95552e-38
-9.56207e-38
-9.17176e-38
-8.78463e-38
-8.40068e-38
-8.01991e-38
-7.64235e-38
-7.268e-38
-6.89688e-38
-6.52898e-38
-6.16433e-38
-5.80292e-38
-5.44477e-38
-5.08988e-38
-4.73827e-38
-4.38994e-38
-4.04489e-38
-3.70314e-38
-3.36468e-38
-3.02952e-38
-2.69767e-38
-2.36913e-38
-2.0439e-38
-1.72199e-38
-1.40339e-38
-1.08812e-38
-7.76166e-39
-4.67536e-39
-1.6223e-39
1.39752e-39
4.38409e-39
7.33743e-39
1.02575e-38
1.31444e-38
1.59981e-38
1.88186e-38
2.16059e-38
2.43601e-38
2.70812e-38
2.97691e-38
3.24241e-38
3.50461e-38
3.76351e-38
4.01912e-38
4.27145e-38
4.5205e-38
4.76628e-38
5.00878e-38
5.24803e-38
5.48402e-38
5.71676e-38
5.94627e-38
6.17254e-38
6.39559e-38
6.61542e-38
6.83204e-38
7.04547e-38
7.25571e-38
7.46277e-38
7.66666e-38
7.86739e-38
8.06497e-38
8.25941e-38
8.45072e-38
8.63892e-38
8.82402e-38
9.00601e-38
9.18493e-38
9.36078e-38
9.53357e-38
9.70332e-38
9.87004e-38
1.00337e-37
1.01944e-37
1.03522e-37
1.05069e-37
1.06587e-37
1.08075e-37
1.09534e-37
1.10963e-37
1.12364e-37
1.13736e-37
1.15079e-37
1.16393e-37
1.17679e-37
1.18937e-37
1.20166e-37
1.21368e-37
1.22542e-37
1.23688e-37
1.24806e-37
1.25897e-37
1.26961e-37
1.27999e-37
1.29009e-37
1.29993e-37
1.3095e-37
1.31881e-37
1.32786e-37
1.33665e-37
1.34518e-37
1.35346e-37
1.36148e-37
1.36925e-37
1.37677e-37
1.38404e-37
1.39107e-37
1.39785e-37
1.40438e-37
1.41068e-37
1.41673e-37
1.42255e-37
1.42814e-37
1.43349e-37
1.43861e-37
1.4435e-37
1.44816e-37
1.45259e-37
1.4568e-37
1.46079e-37
1.46456e-37
1.46811e-37
1.47145e-37
1.47457e-37
1.47748e-37
1.48017e-37
1.48267e-37
1.48495e-37
1.48703e-37
1.48891e-37
1.49059e-37
1.49207e-37
1.49335e-37
1.49444e-37
1.49533e-37
1.49604e-37
1.49655e-37
1.49689e-37
1.49703e-37
1.497e-37
1.49678e-37
1.49639e-37
1.49582e-37
1.49507e-37
1.49416e-37
1.49307e-37
1.49181e-37
1.49039e-37
1.4888e-37
1.48706e-37
1.48515e-37
1.48308e-37
1.48086e-37
1.47848e-37
1.47595e-37
1.47327e-37
1.47044e-37
1.46746e-37
1.46434e-37
1.46108e-37
1.45767e-37
1.45413e-37
1.45045e-37
1.44663e-37
1.44269e-37
1.43861e-37
1.4344e-37
1.43007e-37
1.42561e-37
1.42103e-37
1.41632e-37
1.4115e-37
1.40656e-37
1.40151e-37
1.39634e-37
1.39106e-37
1.38566e-37
1.38017e-37
1.37456e-37
1.36885e-37
1.36304e-37
1.35712e-37
1.35111e-37
1.345e-37
1.33879e-37
1.33249e-37
1.3261e-37
1.31962e-37
1.31305e-37
1.3064e-37
1.29965e-37
1.29283e-37
1.28592e-37
1.27894e-37
1.27187e-37
1.26473e-37
1.25752e-37
1.25023e-37
1.24288e-37
1.23545e-37
1.22796e-37
1.2204e-37
1.21277e-37
1.20508e-37
1.19733e-37
1.18952e-37
1.18166e-37
1.17374e-37
1.16576e-37
1.15773e-37
1.14965e-37
1.14151e-37
1.13333e-37
1.12511e-37
1.11683e-37
1.10852e-37
1.10016e-37
1.09175e-37
1.08331e-37
1.07483e-37
1.06631e-37
1.05776e-37
1.04917e-37
1.04056e-37
1.03191e-37
1.02323e-37
1.01452e-37
1.00578e-37
9.97025e-38
9.88241e-38
9.79433e-38
9.70603e-38
9.61753e-38
9.52883e-38
9.43995e-38
9.3509e-38
9.2617e-38
9.17236e-38
9.08289e-38
8.99331e-38
8.90362e-38
8.81383e-38
8.72397e-38
8.63403e-38
8.54404e-38
8.454e-38
8.36393e-38
8.27383e-38
8.18372e-38
8.09361e-38
8.00351e-38
7.91342e-38
7.82337e-38
7.73337e-38
7.64342e-38
7.55353e-38
7.46372e-38
7.37398e-38
7.28434e-38
7.19481e-38
7.10538e-38
7.01609e-38
6.92692e-38
6.83789e-38
6.74901e-38
6.6603e-38
6.57175e-38
6.48337e-38
6.39518e-38
6.30719e-38
6.2194e-38
6.13182e-38
6.04446e-38
5.95732e-38
5.87042e-38
5.78376e-38
5.69735e-38
5.6112e-38
5.52532e-38
5.43971e-38
5.35438e-38
5.26934e-38
5.18459e-38
5.10015e-38
5.01602e-38
4.9322e-38
4.84871e-38
4.76554e-38
4.68272e-38
4.60023e-38
4.51809e-38
4.43631e-38
4.35488e-38
4.27382e-38
4.19313e-38
4.11282e-38
4.03289e-38
3.95335e-38
3.87421e-38
3.79546e-38
3.71712e-38
3.63919e-38
3.56167e-38
3.48458e-38
3.4079e-38
3.33166e-38
3.25584e-38
3.18047e-38
3.10554e-38
3.03105e-38
2.95701e-38
2.88343e-38
2.81031e-38
2.73765e-38
2.66546e-38
2.59373e-38
2.52248e-38
2.4517e-38
2.3814e-38
2.31159e-38
2.24226e-38
2.17341e-38
2.10506e-38
2.03721e-38
1.96985e-38
1.90299e-38
1.83664e-38
1.77079e-38
1.70544e-38
1.64061e-38
1.57629e-38
1.51249e-38
1.4492e-38
1.38642e-38
1.32417e-38
1.26244e-38
1.20124e-38
1.14056e-38
1.0804e-38
1.02078e-38
9.61686e-39
9.03123e-39
8.45093e-39
7.87597e-39
7.30634e-39
6.74208e-39
6.18318e-39
5.62966e-39
5.08153e-39
4.53878e-39
4.00144e-39
3.46949e-39
2.94296e-39
2.42183e-39
1.90612e-39
1.39583e-39
8.9096e-40
3.91513e-40
-1.02509e-40
-5.91106e-40
-1.07428e-39
-1.55203e-39
-2.02436e-39
-2.49127e-39
-2.95277e-39
-3.40886e-39
-3.85954e-39
-4.30482e-39
-4.7447e-39
-5.17919e-39
-5.60829e-39
-6.03202e-39
-6.45037e-39
-6.86337e-39
-7.27101e-39
-7.67331e-39
-8.07028e-39
-8.46193e-39
-8.84827e-39
-9.2293e-39
-9.60506e-39
-9.97554e-39
-1.03408e-38
-1.07007e-38
-1.10555e-38
-1.1405e-38
-1.17493e-38
-1.20884e-38
-1.24223e-38
-1.27511e-38
-1.30748e-38
-1.33933e-38
-1.37067e-38
-1.4015e-38
-1.43183e-38
-1.46165e-38
-1.49097e-38
-1.51978e-38
-1.5481e-38
-1.57592e-38
-1.60325e-38
-1.63008e-38
-1.65642e-38
-1.68228e-38
-1.70765e-38
-1.73253e-38
-1.75693e-38
-1.78085e-38
-1.8043e-38
-1.82727e-38
-1.84977e-38
-1.8718e-38
-1.89336e-38
-1.91446e-38
-1.93509e-38
-1.95527e-38
-1.97499e-38
-1.99425e-38
-2.01307e-38
-2.03143e-38
-2.04935e-38
-2.06682e-38
-2.08386e-38
-2.10045e-38
-2.11662e-38
-2.13234e-38
-2.14764e-38
-2.16251e-38
-2.17696e-38
-2.19098e-38
-2.20459e-38
-2.21779e-38
-2.23057e-38
-2.24294e-38
-2.25491e-38
-2.26647e-38
-2.27763e-38
-2.2884e-38
-2.29877e-38
-2.30875e-38
-2.31834e-38
-2.32754e-38
-2.33637e-38
-2.34481e-38
-2.35288e-38
-2.36058e-38
-2.36791e-38
-2.37487e-38
-2.38147e-38
-2.38771e-38
-2.3936e-38
-2.39913e-38
-2.40431e-38
-2.40914e-38
-2.41364e-38
-2.41779e-38
-2.4216e-38
-2.42508e-38
-2.42823e-38
-2.43105e-38
-2.43354e-38
-2.43572e-38
-2.43757e-38
-2.43912e-38
-2.44035e-38
-2.44127e-38
-2.44189e-38
-2.44221e-38
-2.44223e-38
-2.44195e-38
-2.44138e-38
-2.44053e-38
-2.43939e-38
-2.43797e-38
-2.43626e-38
-2.43429e-38
-2.43203e-38
-2.42952e-38
-2.42673e-38
-2.42368e-38
-2.42038e-38
-2.41682e-38
-2.413e-38
-2.40894e-38
-2.40463e-38
-2.40008e-38
-2.39528e-38
-2.39025e-38
-2.38499e-38
-2.37949e-38
-2.37377e-38
-2.36783e-38
-2.36166e-38
-2.35527e-38
-2.34867e-38
-2.34186e-38
-2.33485e-38
-2.32762e-38
-2.3202e-38
-2.31257e-38
-2.30475e-38
-2.29674e-38
-2.28854e-38
-2.28015e-38
-2.27158e-38
-2.26283e-38
-2.2539e-38
-2.2448e-38
-2.23553e-38
-2.22609e-38
-2.21648e-38
-2.20671e-38
-2.19678e-38
-2.1867e-38
-2.17646e-38
-2.16607e-38
-2.15553e-38
-2.14485e-38
-2.13402e-38
-2.12306e-38
-2.11196e-38
-2.10072e-38
-2.08936e-38
-2.07787e-38
-2.06625e-38
-2.05451e-38
-2.04265e-38
-2.03067e-38
-2.01858e-38
-2.00638e-38
-1.99407e-38
-1.98165e-38
-1.96913e-38
-1.95651e-38
-1.94379e-38
-1.93098e-38
-1.91808e-38
-1.90508e-38
-1.892e-38
-1.87883e-38
-1.86558e-38
-1.85225e-38
-1.83884e-38
-1.82536e-38
-1.8118e-38
-1.79818e-38
-1.78449e-38
-1.77073e-38
-1.75691e-38
-1.74302e-38
-1.72908e-38
-1.71509e-38
-1.70104e-38
-1.68694e-38
-1.67279e-38
-1.65859e-38
-1.64435e-38
-1.63007e-38
-1.61574e-38
-1.60138e-38
-1.58698e-38
-1.57255e-38
-1.55809e-38
-1.54359e-38
-1.52907e-38
-1.51452e-38
-1.49995e-38
-1.48536e-38
-1.47075e-38
-1.45613e-38
-1.44148e-38
-1.42683e-38
-1.41216e-38
-1.39748e-38
-1.38279e-38
-1.3681e-38
-1.3534e-38
-1.3387e-38
-1.324e-38
-1.3093e-38
-1.29461e-38
-1.27992e-38
-1.26524e-38
-1.25056e-38
-1.2359e-38
-1.22124e-38
-1.2066e-38
-1.19197e-38
-1.17736e-38
-1.16277e-38
-1.1482e-38
-1.13364e-38
-1.11911e-38
-1.10461e-38
-1.09013e-38
-1.07567e-38
-1.06125e-38
-1.04685e-38
-1.03249e-38
-1.01816e-38
-1.00386e-38
-9.89597e-39
-9.75373e-39
-9.61187e-39
-9.4704e-39
-9.32934e-39
-9.1887e-39
-9.04849e-39
-8.90873e-39
-8.76942e-39
-8.63058e-39
-8.49222e-39
-8.35435e-39
-8.21698e-39
-8.08012e-39
-7.94378e-39
-7.80798e-39
-7.67272e-39
-7.53802e-39
-7.40388e-39
-7.27032e-39
-7.13734e-39
-7.00496e-39
-6.87318e-39
-6.74201e-39
-6.61147e-39
-6.48155e-39
-6.35228e-39
-6.22366e-39
-6.0957e-39
-5.96841e-39
-5.84179e-39
-5.71585e-39
-5.5906e-39
-5.46604e-39
-5.34218e-39
-5.21904e-39
-5.09662e-39
-4.97492e-39
-4.85395e-39
-4.73372e-39
-4.61424e-39
-4.4955e-39
-4.37752e-39
-4.2603e-39
-4.14385e-39
-4.02817e-39
-3.91327e-39
-3.79916e-39
-3.68584e-39
-3.57332e-39
-3.46161e-39
-3.3507e-39
-3.2406e-39
-3.13132e-39
-3.02286e-39
-2.91522e-39
-2.8084e-39
-2.70242e-39
-2.59726e-39
-2.49295e-39
-2.38947e-39
-2.28684e-39
-2.18506e-39
-2.08414e-39
-1.98406e-39
-1.88484e-39
-1.78648e-39
-1.68899e-39
-1.59235e-39
-1.49658e-39
-1.40169e-39
-1.30767e-39
-1.21453e-39
-1.12225e-39
-1.03086e-39
-9.40336e-40
-8.50692e-40
-7.61924e-40
-6.74034e-40
-5.87025e-40
-5.00898e-40
-4.15657e-40
-3.31303e-40
-2.47835e-40
-1.6525e-40
-8.35468e-41
-2.72973e-42
7.72031e-41
1.5625e-40
2.34413e-40
3.11694e-40
3.88087e-40
4.63596e-40
5.38218e-40
6.1196e-40
6.84822e-40
7.56803e-40
8.27907e-40
8.98134e-40
9.6748e-40
1.03595e-39
1.10355e-39
1.17027e-39
1.23611e-39
1.30109e-39
1.3652e-39
1.42843e-39
1.49081e-39
1.55231e-39
1.61295e-39
1.67273e-39
1.73166e-39
1.78973e-39
1.84696e-39
1.90334e-39
1.95886e-39
2.01355e-39
2.06739e-39
2.1204e-39
2.17256e-39
2.22389e-39
2.2744e-39
2.32407e-39
2.37293e-39
2.42095e-39
2.46816e-39
2.51456e-39
2.56014e-39
2.60491e-39
2.64888e-39
2.69205e-39
2.73443e-39
2.77601e-39
2.81681e-39
2.85682e-39
2.89604e-39
2.93448e-39
2.97215e-39
3.00905e-39
3.04519e-39
3.08055e-39
3.11516e-39
3.14902e-39
3.18212e-39
3.21448e-39
3.2461e-39
3.27698e-39
3.30712e-39
3.33654e-39
3.36522e-39
3.39318e-39
3.42043e-39
3.44696e-39
3.47279e-39
3.49792e-39
3.52235e-39
3.54609e-39
3.56915e-39
3.59152e-39
3.61321e-39
3.63424e-39
3.65459e-39
3.67428e-39
3.6933e-39
3.71168e-39
3.72941e-39
3.74649e-39
3.76294e-39
3.77875e-39
3.79392e-39
3.80848e-39
3.82241e-39
3.83573e-39
3.84844e-39
3.86054e-39
3.87205e-39
3.88297e-39
3.8933e-39
3.90305e-39
3.91222e-39
3.92081e-39
3.92884e-39
3.93631e-39
3.94322e-39
3.94959e-39
3.9554e-39
3.96068e-39
3.96541e-39
3.96962e-39
3.9733e-39
3.97645e-39
3.97909e-39
3.98122e-39
3.98284e-39
3.98396e-39
3.98459e-39
3.98474e-39
3.98439e-39
3.98358e-39
3.98229e-39
3.98054e-39
3.97832e-39
3.97565e-39
3.97253e-39
3.96896e-39
3.96495e-39
3.96051e-39
3.95563e-39
3.95034e-39
3.94462e-39
3.93849e-39
3.93195e-39
3.925e-39
3.91765e-39
3.90991e-39
3.90179e-39
3.89328e-39
3.88439e-39
3.87514e-39
3.86552e-39
3.85553e-39
3.84519e-39
3.8345e-39
3.82346e-39
3.81208e-39
3.80037e-39
3.78833e-39
3.77597e-39
3.76328e-39
3.75029e-39
3.73698e-39
3.72336e-39
3.70945e-39
3.69525e-39
3.68076e-39
3.66599e-39
3.65093e-39
3.6356e-39
3.61999e-39
3.60412e-39
3.58799e-39
3.5716e-39
3.55495e-39
3.53806e-39
3.52093e-39
3.50357e-39
3.48597e-39
3.46814e-39
3.45009e-39
3.43182e-39
3.41333e-39
3.39464e-39
3.37574e-39
3.35664e-39
3.33735e-39
3.31786e-39
3.29818e-39
3.27832e-39
3.25829e-39
3.23808e-39
3.2177e-39
3.19715e-39
3.17645e-39
3.15559e-39
3.13458e-39
3.11341e-39
3.09211e-39
3.07067e-39
3.04909e-39
3.02738e-39
3.00554e-39
2.98357e-39
2.96149e-39
2.93929e-39
2.91699e-39
2.89457e-39
2.87205e-39
2.84943e-39
2.82671e-39
2.80391e-39
2.78101e-39
2.75803e-39
2.73498e-39
2.71184e-39
2.68863e-39
2.66535e-39
2.642e-39
2.6186e-39
2.59513e-39
2.5716e-39
2.54802e-39
2.52439e-39
2.50071e-39
2.47698e-39
2.45322e-39
2.42942e-39
2.40559e-39
2.38173e-39
2.35784e-39
2.33392e-39
2.30999e-39
2.28605e-39
2.26209e-39
2.23812e-39
2.21414e-39
2.19016e-39
2.16617e-39
2.14219e-39
2.11821e-39
2.09423e-39
2.07027e-39
2.04631e-39
2.02238e-39
1.99846e-39
1.97456e-39
1.95068e-39
1.92684e-39
1.90302e-39
1.87923e-39
1.85548e-39
1.83177e-39
1.80809e-39
1.78445e-39
1.76085e-39
1.73731e-39
1.71381e-39
1.69036e-39
1.66696e-39
1.64362e-39
1.62033e-39
1.5971e-39
1.57394e-39
1.55083e-39
1.52779e-39
1.50482e-39
1.48192e-39
1.45909e-39
1.43633e-39
1.41364e-39
1.39104e-39
1.36852e-39
1.34607e-39
1.32372e-39
1.30145e-39
1.27926e-39
1.25717e-39
1.23516e-39
1.21324e-39
1.19142e-39
1.1697e-39
1.14807e-39
1.12654e-39
1.10511e-39
1.08378e-39
1.06255e-39
1.04144e-39
1.02042e-39
9.99515e-40
9.78719e-40
9.58031e-40
9.37455e-40
9.16993e-40
8.96643e-40
8.76408e-40
8.5629e-40
8.36289e-40
8.16405e-40
7.96638e-40
7.76993e-40
7.5747e-40
7.38074e-40
7.188e-40
6.99649e-40
6.80623e-40
6.61725e-40
6.42956e-40
6.24316e-40
6.05804e-40
5.87423e-40
5.69172e-40
5.51051e-40
5.33062e-40
5.15207e-40
4.97485e-40
4.79897e-40
4.62445e-40
4.45129e-40
4.2795e-40
4.10906e-40
3.93997e-40
3.77225e-40
3.60591e-40
3.44093e-40
3.27734e-40
3.11514e-40
2.95434e-40
2.79495e-40
2.63696e-40
2.4804e-40
2.32524e-40
2.17151e-40
2.01919e-40
1.8683e-40
1.71883e-40
1.57079e-40
1.4242e-40
1.27905e-40
1.13535e-40
9.93086e-41
8.52256e-41
7.12869e-41
5.74911e-41
4.38382e-41
3.03297e-41
1.69641e-41
3.74147e-42
-9.33685e-42
-2.22708e-41
-3.50605e-41
-4.7703e-41
-6.02012e-41
-7.25522e-41
-8.47589e-41
-9.68213e-41
-1.08739e-40
-1.20514e-40
-1.32145e-40
-1.43633e-40
-1.54977e-40
-1.66177e-40
-1.77235e-40
-1.88151e-40
-1.98927e-40
-2.09561e-40
-2.20054e-40
-2.30407e-40
-2.40621e-40
-2.50695e-40
-2.60628e-40
-2.70418e-40
-2.80069e-40
-2.89581e-40
-2.98954e-40
-3.0819e-40
-3.17286e-40
-3.26243e-40
-3.35063e-40
-3.43744e-40
-3.52289e-40
-3.60698e-40
-3.68974e-40
-3.77115e-40
-3.85119e-40
-3.92989e-40
-4.00727e-40
-4.08331e-40
-4.158e-40
-4.23136e-40
-4.30339e-40
-4.37411e-40
-4.44352e-40
-4.51165e-40
-4.57849e-40
-4.64404e-40
-4.70831e-40
-4.77132e-40
-4.83308e-40
-4.89356e-40
-4.95279e-40
-5.01078e-40
-5.06754e-40
-5.12308e-40
-5.17736e-40
-5.23043e-40
-5.28228e-40
-5.33291e-40
-5.38233e-40
-5.43056e-40
-5.47761e-40
-5.52347e-40
-5.56817e-40
-5.61171e-40
-5.65411e-40
-5.69535e-40
-5.73546e-40
-5.77443e-40
-5.81229e-40
-5.84905e-40
-5.88468e-40
-5.9192e-40
-5.9526e-40
-5.9849e-40
-6.01611e-40
-6.04627e-40
-6.07536e-40
-6.1034e-40
-6.1304e-40
-6.15635e-40
-6.18128e-40
-6.20517e-40
-6.22804e-40
-6.2499e-40
-6.27075e-40
-6.29062e-40
-6.30953e-40
-6.32745e-40
-6.34441e-40
-6.36041e-40
-6.37547e-40
-6.3896e-40
-6.40281e-40
-6.41512e-40
-6.42654e-40
-6.43707e-40
-6.44674e-40
-6.45552e-40
-6.46343e-40
-6.47048e-40
-6.47669e-40
-6.48206e-40
-6.48658e-40
-6.49027e-40
-6.49314e-40
-6.4952e-40
-6.49645e-40
-6.49688e-40
-6.49652e-40
-6.49538e-40
-6.49346e-40
-6.49077e-40
-6.48735e-40
-6.48319e-40
-6.47829e-40
-6.47265e-40
-6.46632e-40
-6.4593e-40
-6.45156e-40
-6.44311e-40
-6.43398e-40
-6.42414e-40
-6.4136e-40
-6.40241e-40
-6.39057e-40
-6.37808e-40
-6.36498e-40
-6.35126e-40
-6.33694e-40
-6.32201e-40
-6.30649e-40
-6.29036e-40
-6.27364e-40
-6.25636e-40
-6.23851e-40
-6.22011e-40
-6.20117e-40
-6.18169e-40
-6.16166e-40
-6.14109e-40
-6.12e-40
-6.09841e-40
-6.07632e-40
-6.05375e-40
-6.03068e-40
-6.00718e-40
-5.98322e-40
-5.9588e-40
-5.93392e-40
-5.9086e-40
-5.88285e-40
-5.8567e-40
-5.83013e-40
-5.80314e-40
-5.77575e-40
-5.74793e-40
-5.71972e-40
-5.69112e-40
-5.66216e-40
-5.63281e-40
-5.60312e-40
-5.57308e-40
-5.54271e-40
-5.51199e-40
-5.48091e-40
-5.4495e-40
-5.41776e-40
-5.38569e-40
-5.35334e-40
-5.32069e-40
-5.28773e-40
-5.25448e-40
-5.22093e-40
-5.18712e-40
-5.15305e-40
-5.11873e-40
-5.08416e-40
-5.04935e-40
-5.01431e-40
-4.97902e-40
-4.94354e-40
-4.90788e-40
-4.87202e-40
-4.83598e-40
-4.79978e-40
-4.76342e-40
-4.7269e-40
-4.69024e-40
-4.65343e-40
-4.61648e-40
-4.57939e-40
-4.54213e-40
-4.50473e-40
-4.4672e-40
-4.42955e-40
-4.39175e-40
-4.35385e-40
-4.31583e-40
-4.27773e-40
-4.23953e-40
-4.20122e-40
-4.16282e-40
-4.12434e-40
-4.08579e-40
-4.04715e-40
-4.00846e-40
-3.96971e-40
-3.93089e-40
-3.89204e-40
-3.85311e-40
-3.81414e-40
-3.77514e-40
-3.73611e-40
-3.69707e-40
-3.65799e-40
-3.61891e-40
-3.57981e-40
-3.54073e-40
-3.50166e-40
-3.46259e-40
-3.42357e-40
-3.38457e-40
-3.34561e-40
-3.30667e-40
-3.26774e-40
-3.22884e-40
-3.18999e-40
-3.15118e-40
-3.11242e-40
-3.07371e-40
-3.03503e-40
-2.99642e-40
-2.95787e-40
-2.91938e-40
-2.88096e-40
-2.84259e-40
-2.80431e-40
-2.76611e-40
-2.72799e-40
-2.68997e-40
-2.65204e-40
-2.61421e-40
-2.57644e-40
-2.53875e-40
-2.50116e-40
-2.46366e-40
-2.42628e-40
-2.38902e-40
-2.35186e-40
-2.31479e-40
-2.27785e-40
-2.24104e-40
-2.20437e-40
-2.16782e-40
-2.1314e-40
-2.09512e-40
-2.05898e-40
-2.023e-40
-1.98715e-40
-1.95145e-40
-1.9159e-40
-1.88051e-40
-1.8453e-40
-1.81024e-40
-1.77538e-40
-1.74068e-40
-1.70616e-40
-1.67182e-40
-1.63768e-40
-1.60373e-40
-1.56996e-40
-1.53638e-40
-1.503e-40
-1.46982e-40
-1.43684e-40
-1.40403e-40
-1.37139e-40
-1.33895e-40
-1.30671e-40
-1.27466e-40
-1.24281e-40
-1.21114e-40
-1.17968e-40
-1.14843e-40
-1.11738e-40
-1.08655e-40
-1.05593e-40
-1.02553e-40
-9.95314e-41
-9.65312e-41
-9.35521e-41
-9.05939e-41
-8.76554e-41
-8.47379e-41
-8.184e-41
-7.8966e-41
-7.61143e-41
-7.32823e-41
-7.04727e-41
-6.76869e-41
-6.49236e-41
-6.2184e-41
-5.94655e-41
-5.67708e-41
-5.40985e-41
-5.14501e-41
-4.88254e-41
-4.62246e-41
-4.36476e-41
-4.10959e-41
-3.85693e-41
-3.60652e-41
-3.35863e-41
-3.11312e-41
-2.87e-41
-2.62926e-41
-2.39076e-41
-2.15464e-41
-1.92076e-41
-1.68927e-41
-1.46001e-41
-1.23314e-41
-1.00837e-41
-7.85988e-42
-5.65984e-42
-3.48363e-42
-1.32983e-42
8.01543e-43
2.9105e-42
4.99563e-42
7.05834e-42
9.09583e-42
1.11081e-41
1.30965e-41
1.50612e-41
1.70062e-41
1.89273e-41
2.08261e-41
2.26996e-41
2.45493e-41
2.63794e-41
2.81857e-41
2.9971e-41
3.17338e-41
3.34742e-41
3.51894e-41
3.68822e-41
3.85511e-41
4.01948e-41
4.18161e-41
4.34164e-41
4.49943e-41
4.65483e-41
4.80771e-41
4.95835e-41
5.10675e-41
5.25277e-41
5.39654e-41
5.53821e-41
5.67736e-41
5.81413e-41
5.94865e-41
6.08093e-41
6.21098e-41
6.33877e-41
6.46433e-41
6.58778e-41
6.70928e-41
6.82853e-41
6.94554e-41
7.06044e-41
7.17311e-41
7.28381e-41
7.39255e-41
7.49919e-41
7.60373e-41
7.70616e-41
7.80635e-41
7.90444e-41
8.00057e-41
8.09488e-41
8.18723e-41
8.27747e-41
8.36575e-41
8.45207e-41
8.53643e-41
8.61897e-41
8.69954e-41
8.77815e-41
8.85509e-41
8.93019e-41
9.00334e-41
9.07481e-41
9.14431e-41
9.212e-41
9.27772e-41
9.34176e-41
9.40383e-41
9.46395e-41
9.52238e-41
9.57886e-41
9.63365e-41
9.68662e-41
9.73776e-41
9.78737e-41
9.83529e-41
9.8814e-41
9.92582e-41
9.9687e-41
1.00098e-40
1.0049e-40
1.00867e-40
1.01226e-40
1.01569e-40
1.01897e-40
1.02208e-40
1.02505e-40
1.02789e-40
1.03058e-40
1.03312e-40
1.03549e-40
1.0377e-40
1.03976e-40
1.04167e-40
1.04342e-40
1.045e-40
1.04643e-40
1.04772e-40
1.04889e-40
1.04989e-40
1.05078e-40
1.05152e-40
1.05212e-40
1.05261e-40
1.05299e-40
1.05324e-40
1.05336e-40
1.05333e-40
1.05319e-40
1.05295e-40
1.05259e-40
1.05209e-40
1.05146e-40
1.05068e-40
1.04977e-40
1.04873e-40
1.04758e-40
1.04634e-40
1.04498e-40
1.04349e-40
1.04188e-40
1.04014e-40
1.03831e-40
1.03634e-40
1.03428e-40
1.03211e-40
1.02983e-40
1.02745e-40
1.02497e-40
1.0224e-40
1.01974e-40
1.01699e-40
1.01416e-40
1.01128e-40
1.00833e-40
1.00531e-40
1.00219e-40
9.99e-41
9.95721e-41
9.92358e-41
9.8891e-41
9.85379e-41
9.81764e-41
9.7805e-41
9.74253e-41
9.70371e-41
9.66405e-41
9.62398e-41
9.58306e-41
9.54144e-41
9.49912e-41
9.45638e-41
9.4128e-41
9.36852e-41
9.32354e-41
9.278e-41
9.23189e-41
9.18523e-41
9.13815e-41
9.0905e-41
9.04216e-41
8.99325e-41
8.94379e-41
8.89376e-41
8.84303e-41
8.79189e-41
8.74018e-41
8.68791e-41
8.63508e-41
8.58197e-41
8.52844e-41
8.47449e-41
8.41998e-41
8.36519e-41
8.30998e-41
8.25449e-41
8.19872e-41
8.14281e-41
8.08661e-41
8.03014e-41
7.97325e-41
7.91594e-41
7.85834e-41
7.80047e-41
7.74231e-41
7.68388e-41
7.62517e-41
7.56617e-41
7.5069e-41
7.44734e-41
7.38751e-41
7.32739e-41
7.26699e-41
7.20632e-41
7.1455e-41
7.0844e-41
7.02331e-41
6.96179e-41
6.90013e-41
6.8382e-41
6.77598e-41
6.71362e-41
6.65112e-41
6.58863e-41
6.52599e-41
6.46321e-41
6.40029e-41
6.33723e-41
6.27403e-41
6.21069e-41
6.1475e-41
6.0843e-41
6.02096e-41
5.9579e-41
5.89498e-41
5.83192e-41
5.76887e-41
5.70567e-41
5.64261e-41
5.57955e-41
5.51663e-41
5.45371e-41
5.3908e-41
5.32788e-41
5.26482e-41
5.20176e-41
5.13898e-41
5.07634e-41
5.01385e-41
4.95149e-41
4.88927e-41
4.82719e-41
4.76526e-41
4.70346e-41
4.64152e-41
4.57958e-41
4.51779e-41
4.45599e-41
4.39447e-41
4.33281e-41
4.27144e-41
4.21006e-41
4.14896e-41
4.08787e-41
4.02691e-41
3.96638e-41
3.90598e-41
3.84558e-41
3.78547e-41
3.72549e-41
3.66566e-41
3.60596e-41
3.54627e-41
3.48685e-41
3.42758e-41
3.36872e-41
3.31001e-41
3.25143e-41
3.19328e-41
3.13527e-41
3.07739e-41
3.0198e-41
2.96249e-41
2.90545e-41
2.84856e-41
2.79209e-41
2.73604e-41
2.68012e-41
2.62463e-41
2.56942e-41
2.51435e-41
2.45956e-41
2.40505e-41
2.35082e-41
2.29701e-41
2.24348e-41
2.19037e-41
2.13768e-41
2.08527e-41
2.03314e-41
1.98172e-41
1.93071e-41
1.88012e-41
1.82996e-41
1.78021e-41
1.73088e-41
1.68198e-41
1.63335e-41
1.58487e-41
1.53652e-41
1.48846e-41
1.44082e-41
1.39345e-41
1.34651e-41
1.29984e-41
1.2536e-41
1.2075e-41
1.16196e-41
1.11683e-41
1.07227e-41
1.02799e-41
9.84132e-42
9.40692e-42
8.97812e-42
8.55353e-42
8.13314e-42
7.71695e-42
7.30357e-42
6.89439e-42
6.48941e-42
6.08864e-42
5.68787e-42
5.2899e-42
4.89614e-42
4.50658e-42
4.12122e-42
3.73866e-42
3.36172e-42
2.99177e-42
2.62743e-42
2.2673e-42
1.91277e-42
1.56245e-42
1.21493e-42
8.70206e-43
5.26888e-43
1.87774e-43
-1.48538e-43
-4.83448e-43
-8.12753e-43
-1.13926e-42
-1.46155e-42
-1.77965e-42
-2.09354e-42
-2.40463e-42
-2.70871e-42
-3.00999e-42
-3.30847e-42
-3.60554e-42
-3.89981e-42
-4.18988e-42
-4.47855e-42
-4.76301e-42
-5.04187e-42
-5.31653e-42
-5.58838e-42
-5.85883e-42
-6.12648e-42
-6.39132e-42
-6.65196e-42
-6.9084e-42
-7.16204e-42
-7.41147e-42
-7.65529e-42
-7.89351e-42
-8.12893e-42
-8.36015e-42
-8.58716e-42
-8.80996e-42
-9.02576e-42
-9.24016e-42
-9.45176e-42
-9.66195e-42
-9.87075e-42
-1.00781e-41
-1.02813e-41
-1.04845e-41
-1.06821e-41
-1.08783e-41
-1.10717e-41
-1.12636e-41
-1.14514e-41
-1.1635e-41
-1.18143e-41
-1.19909e-41
-1.21633e-41
-1.233e-41
-1.24954e-41
-1.26565e-41
-1.28135e-41
-1.29648e-41
-1.31105e-41
-1.32535e-41
-1.33922e-41
-1.35281e-41
-1.36613e-41
-1.37902e-41
-1.39149e-41
-1.40354e-41
-1.41545e-41
-1.4268e-41
-1.43787e-41
-1.4488e-41
-1.45959e-41
-1.46996e-41
-1.47991e-41
-1.48972e-41
-1.49925e-41
-1.50864e-41
-1.51761e-41
-1.52615e-41
-1.53428e-41
-1.54213e-41
-1.5497e-41
-1.55726e-41
-1.56455e-41
-1.5717e-41
-1.57856e-41
-1.58515e-41
-1.59159e-41
-1.59776e-41
-1.60365e-41
-1.60939e-41
-1.61486e-41
-1.62018e-41
-1.62523e-41
-1.63013e-41
-1.63475e-41
-1.6391e-41
-1.6433e-41
-1.64751e-41
-1.65129e-41
-1.65479e-41
-1.6583e-41
-1.66138e-41
-1.66432e-41
-1.66712e-41
-1.66979e-41
-1.67217e-41
-1.67441e-41
-1.67623e-41
-1.67791e-41
-1.6796e-41
-1.68114e-41
-1.6824e-41
-1.68366e-41
-1.68492e-41
-1.68604e-41
-1.68688e-41
-1.68758e-41
-1.68814e-41
-1.68856e-41
-1.68884e-41
-1.68927e-41
-1.68969e-41
-1.69011e-41
-1.69025e-41
-1.69011e-41
-1.68969e-41
-1.68884e-41
-1.688e-41
-1.68702e-41
-1.68576e-41
-1.68422e-41
-1.68226e-41
-1.68016e-41
-1.67805e-41
-1.67581e-41
-1.67315e-41
-1.67049e-41
-1.66755e-41
-1.66432e-41
-1.66124e-41
-1.65802e-41
-1.65437e-41
-1.65059e-41
-1.64653e-41
-1.64218e-41
-1.63784e-41
-1.63335e-41
-1.62859e-41
-1.62368e-41
-1.61878e-41
-1.6136e-41
-1.60813e-41
-1.60267e-41
-1.59706e-41
-1.59159e-41
-1.58599e-41
-1.58052e-41
-1.57478e-41
-1.56889e-41
-1.56273e-41
-1.55642e-41
-1.54998e-41
-1.54325e-41
-1.53624e-41
-1.52896e-41
-1.52153e-41
-1.5141e-41
-1.5064e-41
-1.49869e-41
-1.4907e-41
-1.48243e-41
-1.47389e-41
-1.46534e-41
-1.45693e-41
-1.44838e-41
-1.43969e-41
-1.43087e-41
-1.4219e-41
-1.41307e-41
-1.40438e-41
-1.39583e-41
-1.38715e-41
-1.37846e-41
-1.36963e-41
-1.3608e-41
-1.35197e-41
-1.343e-41
-1.33404e-41
-1.32493e-41
-1.31582e-41
-1.30671e-41
-1.29732e-41
-1.28751e-41
-1.27756e-41
-1.26761e-41
-1.25753e-41
-1.2473e-41
-1.23707e-41
-1.22684e-41
-1.21675e-41
-1.20652e-41
-1.19643e-41
-1.1862e-41
-1.17611e-41
-1.16574e-41
-1.15537e-41
-1.14514e-41
-1.13491e-41
-1.12454e-41
-1.11417e-41
-1.10394e-41
-1.09413e-41
-1.08446e-41
-1.0748e-41
-1.06513e-41
-1.05574e-41
-1.04649e-41
-1.03724e-41
-1.02799e-41
-1.01874e-41
-1.00964e-41
-1.00025e-41
-9.90718e-42
-9.81189e-42
-9.7166e-42
-9.62132e-42
-9.52463e-42
-9.42794e-42
-9.32985e-42
-9.23175e-42
-9.13366e-42
-9.03417e-42
-8.93608e-42
-8.83519e-42
-8.73289e-42
-8.6292e-42
-8.5283e-42
-8.42741e-42
-8.32652e-42
-8.22422e-42
-8.12333e-42
-8.02384e-42
-7.92434e-42
-7.82625e-42
-7.72816e-42
-7.63007e-42
-7.53198e-42
-7.43109e-42
-7.33159e-42
-7.2335e-42
-7.13541e-42
-7.03732e-42
-6.93783e-42
-6.83974e-42
-6.74305e-42
-6.64636e-42
-6.54967e-42
-6.45298e-42
-6.35909e-42
-6.26521e-42
-6.16992e-42
-6.07603e-42
-5.98074e-42
-5.88826e-42
-5.79717e-42
-5.70609e-42
-5.6136e-42
-5.52112e-42
-5.43003e-42
-5.33895e-42
-5.24646e-42
-5.15538e-42
-5.06569e-42
-4.97741e-42
-4.88633e-42
-4.79384e-42
-4.70136e-42
-4.60747e-42
-4.51498e-42
-4.4225e-42
-4.32861e-42
-4.23472e-42
-4.14224e-42
-4.05115e-42
-3.96007e-42
-3.87039e-42
-3.7793e-42
-3.68682e-42
-3.59713e-42
-3.50885e-42
-3.42057e-42
-3.33229e-42
-3.24541e-42
-3.15853e-42
-3.07165e-42
-2.98477e-42
-2.89789e-42
-2.81241e-42
-2.72693e-42
-2.64145e-42
-2.55597e-42
-2.47189e-42
-2.38781e-42
-2.30514e-42
-2.22246e-42
-2.14118e-42
-2.05991e-42
-1.97723e-42
-1.89736e-42
-1.81608e-42
-1.73761e-42
-1.65914e-42
-1.58066e-42
-1.50499e-42
-1.42932e-42
-1.35506e-42
-1.28079e-42
-1.20792e-42
-1.13505e-42
-1.06359e-42
-9.92119e-43
-9.22054e-43
-8.50588e-43
-7.79122e-43
-7.10458e-43
-6.41795e-43
-5.74532e-43
-5.0727e-43
-4.4281e-43
-3.78351e-43
-3.15292e-43
-2.53635e-43
-1.93379e-43
-1.33123e-43
-7.42688e-44
-1.54143e-44
4.34403e-44
1.00893e-43
1.58347e-43
2.14399e-43
2.70451e-43
3.237e-43
3.76949e-43
4.28797e-43
4.80645e-43
5.32493e-43
5.8294e-43
6.33387e-43
6.82432e-43
7.31478e-43
7.80523e-43
8.26766e-43
8.71608e-43
9.13647e-43
9.55686e-43
9.99126e-43
1.04257e-42
1.08601e-42
1.12945e-42
1.17149e-42
1.21352e-42
1.25556e-42
1.2962e-42
1.33684e-42
1.37608e-42
1.41391e-42
1.45175e-42
1.48818e-42
1.52321e-42
1.55684e-42
1.59047e-42
1.6241e-42
1.65633e-42
1.68856e-42
1.7222e-42
1.75443e-42
1.78666e-42
1.81889e-42
1.85112e-42
1.88194e-42
1.91277e-42
1.9436e-42
1.97163e-42
1.99965e-42
2.02628e-42
2.0543e-42
2.08093e-42
2.10755e-42
2.13278e-42
2.1594e-42
2.18603e-42
2.21265e-42
2.23787e-42
2.2617e-42
2.28552e-42
2.30934e-42
2.33176e-42
2.35418e-42
2.3752e-42
2.39622e-42
2.41724e-42
2.43966e-42
2.46208e-42
2.4831e-42
2.50132e-42
2.51813e-42
2.53495e-42
2.55176e-42
2.56858e-42
2.5854e-42
2.60221e-42
2.61763e-42
2.63164e-42
2.64285e-42
2.65546e-42
2.66807e-42
2.68068e-42
2.69189e-42
2.7031e-42
2.71572e-42
2.72833e-42
2.73954e-42
2.74935e-42
2.75776e-42
2.76616e-42
2.77317e-42
2.78018e-42
2.78578e-42
2.78999e-42
2.79279e-42
2.79559e-42
2.79839e-42
2.8026e-42
2.8082e-42
2.81381e-42
2.81941e-42
2.82502e-42
2.82922e-42
2.83202e-42
2.83483e-42
2.83763e-42
2.84043e-42
2.84323e-42
2.84464e-42
2.84323e-42
2.83903e-42
2.83202e-42
2.82222e-42
2.811e-42
2.79839e-42
2.78438e-42
2.77037e-42
2.75776e-42
2.74654e-42
2.73674e-42
2.72693e-42
2.71572e-42
2.70451e-42
2.6933e-42
2.68209e-42
2.67087e-42
2.65966e-42
2.64986e-42
2.64145e-42
2.63304e-42
2.62463e-42
2.61763e-42
2.61062e-42
2.60361e-42
2.59661e-42
2.5882e-42
2.57979e-42
2.56998e-42
2.56157e-42
2.55317e-42
2.54476e-42
2.53635e-42
2.52794e-42
2.52094e-42
2.51533e-42
2.50973e-42
2.50412e-42
2.49711e-42
2.49011e-42
2.4817e-42
2.47189e-42
2.46348e-42
2.45507e-42
2.44667e-42
2.43826e-42
2.42985e-42
2.42144e-42
2.41444e-42
2.40883e-42
2.40323e-42
2.39482e-42
2.38641e-42
2.378e-42
2.3696e-42
2.36119e-42
2.35418e-42
2.34717e-42
2.33877e-42
2.32896e-42
2.31915e-42
2.30934e-42
2.29953e-42
2.28972e-42
2.27851e-42
2.2673e-42
2.25609e-42
2.24488e-42
2.23367e-42
2.22246e-42
2.21125e-42
2.20004e-42
2.18883e-42
2.17762e-42
2.16501e-42
2.15099e-42
2.13698e-42
2.12157e-42
2.10475e-42
2.08793e-42
2.06972e-42
2.0487e-42
2.02768e-42
2.00666e-42
1.98564e-42
1.96462e-42
1.9436e-42
1.92258e-42
1.90156e-42
1.87914e-42
1.85672e-42
1.8343e-42
1.81188e-42
1.78946e-42
1.76704e-42
1.74322e-42
1.72079e-42
1.69837e-42
1.67595e-42
1.65353e-42
1.62971e-42
1.60589e-42
1.58207e-42
1.55824e-42
1.53442e-42
1.5106e-42
1.48538e-42
1.46296e-42
1.43913e-42
1.41671e-42
1.39569e-42
1.37467e-42
1.35506e-42
1.33404e-42
1.31442e-42
1.2962e-42
1.27798e-42
1.25977e-42
1.24155e-42
1.22333e-42
1.20512e-42
1.1869e-42
1.16868e-42
1.15047e-42
1.13365e-42
1.11683e-42
1.10002e-42
1.08461e-42
1.06919e-42
1.05518e-42
1.04257e-42
1.02855e-42
1.01454e-42
1.00053e-42
9.86514e-43
9.72501e-43
9.58488e-43
9.43074e-43
9.2766e-43
9.12245e-43
8.9543e-43
8.78614e-43
8.632e-43
8.46384e-43
8.29569e-43
8.12753e-43
7.95938e-43
7.79122e-43
7.62306e-43
7.45491e-43
7.28675e-43
7.1186e-43
6.95044e-43
6.78228e-43
6.62814e-43
6.48801e-43
6.34788e-43
6.20775e-43
6.06762e-43
5.92749e-43
5.78736e-43
5.64723e-43
5.52112e-43
5.395e-43
5.26888e-43
5.14277e-43
5.03066e-43
4.90454e-43
4.77843e-43
4.65231e-43
4.54021e-43
4.4281e-43
4.30199e-43
4.18988e-43
4.07778e-43
3.96567e-43
3.85357e-43
3.74147e-43
3.62936e-43
3.53127e-43
3.43318e-43
3.33509e-43
3.237e-43
3.13891e-43
3.05483e-43
2.97075e-43
2.88667e-43
2.8026e-43
2.71852e-43
2.62043e-43
2.52234e-43
2.42425e-43
2.32616e-43
2.22806e-43
2.11596e-43
2.00386e-43
1.89175e-43
1.79366e-43
1.69557e-43
1.59748e-43
1.49939e-43
1.4013e-43
1.30321e-43
1.20512e-43
1.10703e-43
1.00893e-43
9.10844e-44
8.12753e-44
7.14662e-44
6.16571e-44
5.1848e-44
4.2039e-44
3.36312e-44
2.52234e-44
1.68156e-44
8.40779e-45
0
-8.40779e-45
-1.68156e-44
-2.52234e-44
-3.22299e-44
-3.78351e-44
-4.34403e-44
-4.90454e-44
-5.46506e-44
-6.16571e-44
-6.86636e-44
-7.56701e-44
-8.12753e-44
-8.54792e-44
-8.68805e-44
-8.82818e-44
-9.10844e-44
-9.52883e-44
-9.94922e-44
-1.03696e-43
-1.079e-43
-1.12104e-43
-1.16308e-43
-1.20512e-43
-1.24716e-43
-1.28919e-43
-1.33123e-43
-1.37327e-43
-1.4013e-43
-1.42932e-43
-1.45735e-43
-1.48538e-43
-1.5134e-43
-1.55544e-43
-1.61149e-43
-1.68156e-43
-1.76564e-43
-1.8357e-43
-1.89175e-43
-1.93379e-43
-1.96182e-43
-1.98984e-43
-2.01787e-43
-2.0459e-43
-2.08793e-43
-2.14399e-43
-2.21405e-43
-2.28412e-43
-2.35418e-43
-2.42425e-43
-2.4803e-43
-2.52234e-43
-2.56438e-43
-2.60642e-43
-2.64845e-43
-2.70451e-43
-2.76056e-43
-2.81661e-43
-2.87266e-43
-2.92871e-43
-2.98477e-43
-3.04082e-43
-3.11088e-43
-3.18095e-43
-3.25101e-43
-3.30706e-43
-3.33509e-43
-3.3491e-43
-3.3491e-43
-3.3491e-43
-3.3491e-43
-3.3491e-43
-3.3491e-43
-3.3491e-43
-3.3491e-43
-3.3491e-43
-3.3491e-43
-3.3491e-43
-3.3491e-43
-3.3491e-43
-3.3491e-43
-3.3491e-43
-3.3491e-43
-3.3491e-43
-3.3491e-43
-3.3491e-43
-3.3491e-43
-3.3491e-43
-3.3491e-43
-3.3491e-43
-3.3491e-43
-3.3491e-43
-3.3491e-43
-3.3491e-43
-3.3491e-43
-3.3491e-43
-3.3491e-43
-3.3491e-43
-3.3491e-43
-3.3491e-43
-3.3491e-43
-3.3491e-43
-3.3491e-43
-3.3491e-43
-3.3491e-43
-3.3491e-43
-3.3491e-43
-3.3491e-43
-3.3491e-43
-3.3491e-43
-3.3491e-43
-3.3491e-43
-3.3491e-43
-3.3491e-43
-3.3491e-43
-3.3491e-43
-3.3491e-43
-3.3491e-43
-3.3491e-43
-3.3491e-43
-3.3491e-43
-3.3491e-43
-3.3491e-43
-3.3491e-43
-3.3491e-43
-3.3491e-43
-3.3491e-43
-3.3491e-43
-3.3491e-43
-3.3491e-43
-3.3491e-43
-3.3491e-43
-3.3491e-43
-3.3491e-43
-3.3491e-43
-3.3491e-43
-3.3491e-43
-3.3491e-43
-3.3491e-43
-3.3491e-43
-3.3491e-43
-3.3491e-43
-3.3491e-43
-3.3491e-43
-3.3491e-43
-3.3491e-43
-3.3491e-43
-3.3491e-43
-3.3491e-43
-3.3491e-43
-3.3491e-43
-3.3491e-43
-3.3491e-43
-3.3491e-43
-3.3491e-43
-3.3491e-43
-3.3491e-43
-3.3491e-43
-3.3491e-43
-3.3491e-43
-3.3491e-43
-3.3491e-43
-3.3491e-43
-3.3491e-43
-3.3491e-43
-3.3491e-43
-3.3491e-43
-3.3491e-43
-3.3491e-43
-3.3491e-43
-3.3491e-43
-3.3491e-43
-3.3491e-43
-3.3491e-43
-3.3491e-43
-3.3491e-43
-3.3491e-43
-3.3491e-43
-3.3491e-43
-3.3491e-43
-3.3491e-43
-3.3491e-43
-3.3491e-43
-3.3491e-43
-3.3491e-43
-3.3491e-43
-3.3491e-43
-3.3491e-43
-3.3491e-43
-3.3491e-43
-3.3491e-43
-3.3491e-43
-3.3491e-43
-3.3491e-43
-3.3491e-43
-3.3491e-43
-3.3491e-43
-3.3491e-43
-3.3491e-43
-3.3491e-43
-3.3491e-43
-3.3491e-43
-3.3491e-43
-3.3491e-43
-3.3491e-43
-3.3491e-43
-3.3491e-43
-3.3491e-43
-3.3491e-43
-3.3491e-43
-3.3491e-43
-3.3491e-43
-3.3491e-43
-3.3491e-43
-3.3491e-43
-3.3491e-43
-3.3491e-43
-3.3491e-43
-3.3491e-43
-3.3491e-43
-3.3491e-43
-3.3491e-43
-3.3491e-43
-3.3491e-43
-3.3491e-43
-3.3491e-43
-3.3491e-43
-3.3491e-43
-3.3491e-43
-3.3491e-43
-3.3491e-43
-3.3491e-43
-3.3491e-43
-3.3491e-43
-3.3491e-43
-3.3491e-43
-3.3491e-43
-3.3491e-43
-3.3491e-43
-3.3491e-43
-3.3491e-43
-3.3491e-43
-3.3491e-43
-3.3491e-43
-3.3491e-43
-3.3491e-43
-3.3491e-43
-3.3491e-43
-3.3491e-43
-3.3491e-43
-3.3491e-43
-3.3491e-43
-3.3491e-43
-3.3491e-43
-3.3491e-43
-3.3491e-43
-3.3491e-43
-3.3491e-43
-3.3491e-43
-3.3491e-43
-3.3491e-43
-3.3491e-43
-3.3491e-43
-3.3491e-43
-3.3491e-43
-3.3491e-43
-3.3491e-43
-3.3491e-43
-3.3491e-43
-3.3491e-43
-3.3491e-43
-3.3491e-43
-3.3491e-43
-3.3491e-43
-3.3491e-43
-3.3491e-43
-3.3491e-43
-3.3491e-43
-3.3491e-43
-3.3491e-43
-3.3491e-43
-3.3491e-43
-3.3491e-43
-3.3491e-43
-3.3491e-43
-3.3491e-43
-3.3491e-43
-3.3491e-43
-3.3491e-43
-3.3491e-43
-3.3491e-43
-3.3491e-43
-3.3491e-43
-3.3491e-43
-3.3491e-43
-3.3491e-43
-3.3491e-43
-3.3491e-43
-3.3491e-43
-3.3491e-43
-3.3491e-43
-3.3491e-43
-3.3491e-43
-3.3491e-43
-3.3491e-43
-3.3491e-43
-3.3491e-43
-3.3491e-43
-3.3491e-43
-3.3491e-43
-3.3491e-43
-3.3491e-43
-3.3491e-43
-3.3491e-43
-3.3491e-43
-3.3491e-43
-3.3491e-43
-3.3491e-43
-3.3491e-43
-3.3491e-43
-3.3491e-43
-3.3491e-43
-3.3491e-43
-3.3491e-43
-3.3491e-43
-3.3491e-43
-3.3491e-43
-3.3491e-43
-3.3491e-43
-3.3491e-43
-3.3491e-43
-3.3491e-43
-3.3491e-43
-3.3491e-43
-3.3491e-43
-3.3491e-43
-3.3491e-43
-3.3491e-43
-3.3491e-43
-3.3491e-43
-3.3491e-43
-3.3491e-43
-3.3491e-43
-3.3491e-43
-3.3491e-43
-3.3491e-43
-3.3491e-43
-3.3491e-43
-3.3491e-43
-3.3491e-43
-3.3491e-43
-3.3491e-43
-3.3491e-43
-3.3491e-43
-3.3491e-43
-3.3491e-43
-3.3491e-43
-3.3491e-43
-3.3491e-43
-3.3491e-43
-3.3491e-43
-3.3491e-43
-3.3491e-43
-3.3491e-43
-3.3491e-43
-3.3491e-43
-3.3491e-43
-3.3491e-43
-3.3491e-43
-3.3491e-43
-3.3491e-43
-3.3491e-43
-3.3491e-43
-3.3491e-43
-3.3491e-43
-3.3491e-43
-3.3491e-43
-3.3491e-43
-3.3491e-43
-3.3491e-43
-3.3491e-43
-3.3491e-43
-3.3491e-43
-3.3491e-43
-3.3491e-43
-3.3491e-43
-3.3491e-43
-3.3491e-43
-3.3491e-43
-3.3491e-43
-3.3491e-43
-3.3491e-43
-3.3491e-43
-3.3491e-43
-3.3491e-43
-3.3491e-43
-3.3491e-43
-3.3491e-43
-3.3491e-43
-3.3491e-43
-3.3491e-43
-3.3491e-43
-3.3491e-43
-3.3491e-43
-3.3491e-43
-3.3491e-43
-3.3491e-43
-3.3491e-43
-3.3491e-43
-3.3491e-43
-3.3491e-43
-3.3491e-43
-3.3491e-43
-3.3491e-43
-3.3491e-43
-3.3491e-43
-3.3491e-43
-3.3491e-43
-3.3491e-43
-3.3491e-43
-3.3491e-43
-3.3491e-43
-3.3491e-43
-3.3491e-43
-3.3491e-43
-3.3491e-43
-3.3491e-43
-3.3491e-43
-3.3491e-43
-3.3491e-43
-3.3491e-43
-3.3491e-43
-3.3491e-43
-3.3491e-43
-3.3491e-43
-3.3491e-43
-3.3491e-43
-3.3491e-43
-3.3491e-43
-3.3491e-43
-3.3491e-43
-3.3491e-43
-3.3491e-43
-3.3491e-43
-3.3491e-43
-3.3491e-43
-3.3491e-43
-3.3491e-43
-3.3491e-43
-3.3491e-43
-3.3491e-43
-3.3491e-43
-3.3491e-43
-3.3491e-43
-3.3491e-43
-3.3491e-43
-3.3491e-43
-3.3491e-43
-3.3491e-43
-3.3491e-43
-3.3491e-43
-3.3491e-43
-3.3491e-43
-3.3491e-43
-3.3491e-43
-3.3491e-43
-3.3491e-43
-3.3491e-43
-3.3491e-43
-3.3491e-43
-3.3491e-43
-3.3491e-43
-3.3491e-43
-3.3491e-43
-3.3491e-43
-3.3491e-43
-3.3491e-43
-3.3491e-43
-3.3491e-43
-3.3491e-43
-3.3491e-43
-3.3491e-43
-3.3491e-43
-3.3491e-43
-3.3491e-43
-3.3491e-43
-3.3491e-43
-3.3491e-43
-3.3491e-43
-3.3491e-43
-3.3491e-43
-3.3491e-43
-3.3491e-43
-3.3491e-43
-3.3491e-43
-3.3491e-43
-3.3491e-43
-3.3491e-43
-3.3491e-43
-3.3491e-43
-3.3491e-43
-3.3491e-43
-3.3491e-43
-3.3491e-43
-3.3491e-43
-3.3491e-43
-3.3491e-43
-3.3491e-43
-3.3491e-43
-3.3491e-43
-3.3491e-43
-3.3491e-43
-3.3491e-43
-3.3491e-43
-3.3491e-43
-3.3491e-43
-3.3491e-43
-3.3491e-43
-3.3491e-43
-3.3491e-43
-3.3491e-43
-3.3491e-43
-3.3491e-43
-3.3491e-43
-3.3491e-43
-3.3491e-43
-3.3491e-43
-3.3491e-43
-3.3491e-43
-3.3491e-43
-3.3491e-43
-3.3491e-43
-3.3491e-43
-3.3491e-43
-3.3491e-43
-3.3491e-43
-3.3491e-43
-3.3491e-43
-3.3491e-43
-3.3491e-43
-3.3491e-43
-3.3491e-43
-3.3491e-43
-3.3491e-43
-3.3491e-43
-3.3491e-43
-3.3491e-43
-3.3491e-43
-3.3491e-43
-3.3491e-43
-3.3491e-43
-3.3491e-43
-3.3491e-43
-3.3491e-43
-3.3491e-43
-3.3491e-43
-3.3491e-43
-3.3491e-43
-3.3491e-43
-3.3491e-43
-3.3491e-43
-3.3491e-43
-3.3491e-43
-3.3491e-43
-3.3491e-43
-3.3491e-43
-3.3491e-43
-3.3491e-43
-3.3491e-43
-3.3491e-43
-3.3491e-43
-3.3491e-43
-3.3491e-43
-3.3491e-43
-3.3491e-43
-3.3491e-43
-3.3491e-43
-3.3491e-43
-3.3491e-43
-3.3491e-43
-3.3491e-43
-3.3491e-43
-3.3491e-43
-3.3491e-43
-3.3491e-43
-3.3491e-43
-3.3491e-43
-3.3491e-43
-3.3491e-43
-3.3491e-43
-3.3491e-43
-3.3491e-43
-3.3491e-43
-3.3491e-43
-3.3491e-43
-3.3491e-43
-3.3491e-43
-3.3491e-43
-3.3491e-43
-3.3491e-43
-3.3491e-43
-3.3491e-43
-3.3491e-43
-3.3491e-43
-3.3491e-43
-3.3491e-43
-3.3491e-43
-3.3491e-43
-3.3491e-43
-3.3491e-43
-3.3491e-43
-3.3491e-43
-3.3491e-43
-3.3491e-43
-3.3491e-43
-3.3491e-43
-3.3491e-43
-3.3491e-43
-3.3491e-43
-3.3491e-43
-3.3491e-43
-3.3491e-43
-3.3491e-43
-3.3491e-43
-3.3491e-43
-3.3491e-43
-3.3491e-43
-3.3491e-43
-3.3491e-43
-3.3491e-43
-3.3491e-43
-3.3491e-43
-3.3491e-43
-3.3491e-43
-3.3491e-43
-3.3491e-43
-3.3491e-43
-3.3491e-43
-3.3491e-43
-3.3491e-43
-3.3491e-43
-3.3491e-43
-3.3491e-43
-3.3491e-43
-3.3491e-43
-3.3491e-43
-3.3491e-43
-3.3491e-43
-3.3491e-43
-3.3491e-43
-3.3491e-43
-3.3491e-43
-3.3491e-43
-3.3491e-43
-3.3491e-43
-3.3491e-43
-3.3491e-43
-3.3491e-43
-3.3491e-43
-3.3491e-43
-3.3491e-43
-3.3491e-43
-3.3491e-43
-3.3491e-43
-3.3491e-43
-3.3491e-43
-3.3491e-43
-3.3491e-43
-3.3491e-43
-3.3491e-43
-3.3491e-43
-3.3491e-43
-3.3491e-43
-3.3491e-43
-3.3491e-43
-3.3491e-43
-3.3491e-43
-3.3491e-43
-3.3491e-43
-3.3491e-43
-3.3491e-43
-3.3491e-43
-3.3491e-43
-3.3491e-43
-3.3491e-43
-3.3491e-43
-3.3491e-43
-3.3491e-43
-3.3491e-43
-3.3491e-43
-3.3491e-43
-3.3491e-43
-3.3491e-43
-3.3491e-43
-3.3491e-43
-3.3491e-43
-3.3491e-43
-3.3491e-43
-3.3491e-43
-3.3491e-43
-3.3491e-43
-3.3491e-43
-3.3491e-43
-3.3491e-43
-3.3491e-43
-3.3491e-43
-3.3491e-43
-3.3491e-43
-3.3491e-43
-3.3491e-43
-3.3491e-43
-3.3491e-43
-3.3491e-43
-3.3491e-43
-3.3491e-43
-3.3491e-43
-3.3491e-43
-3.3491e-43
-3.3491e-43
-3.3491e-43
-3.3491e-43
-3.3491e-43
-3.3491e-43
-3.3491e-43
-3.3491e-43
-3.3491e-43
-3.3491e-43
-3.3491e-43
-3.3491e-43
-3.3491e-43
-3.3491e-43
-3.3491e-43
-3.3491e-43
-3.3491e-43
-3.3491e-43
-3.3491e-43
-3.3491e-43
-3.3491e-43
-3.3491e-43
-3.3491e-43
-3.3491e-43
-3.3491e-43
-3.3491e-43
-3.3491e-43
-3.3491e-43
-3.3491e-43
-3.3491e-43
-3.3491e-43
-3.3491e-43
-3.3491e-43
-3.3491e-43
-3.3491e-43
-3.3491e-43
-3.3491e-43
-3.3491e-43
-3.3491e-43
-3.3491e-43
-3.3491e-43
-3.3491e-43
-3.3491e-43
-3.3491e-43
-3.3491e-43
-3.3491e-43
-3.3491e-43
-3.3491e-43
-3.3491e-43
-3.3491e-43
-3.3491e-43
-3.3491e-43
-3.3491e-43
-3.3491e-43
-3.3491e-43
-3.3491e-43
-3.3491e-43
-3.3491e-43
-3.3491e-43
-3.3491e-43
-3.3491e-43
-3.3491e-43
-3.3491e-43
-3.3491e-43
-3.3491e-43
-3.3491e-43
-3.3491e-43
-3.3491e-43
-3.3491e-43
-3.3491e-43
-3.3491e-43
-3.3491e-43
-3.3491e-43
-3.3491e-43
-3.3491e-43
-3.3491e-43
-3.3491e-43
-3.3491e-43
-3.3491e-43
-3.3491e-43
-3.3491e-43
-3.3491e-43
-3.3491e-43
-3.3491e-43
-3.3491e-43
-3.3491e-43
-3.3491e-43
-3.3491e-43
-3.3491e-43
-3.3491e-43
-3.3491e-43
-3.3491e-43
-3.3491e-43
-3.3491e-43
-3.3491e-43
-3.3491e-43
-3.3491e-43
-3.3491e-43
-3.3491e-43
-3.3491e-43
-3.3491e-43
-3.3491e-43
-3.3491e-43
-3.3491e-43
-3.3491e-43
-3.3491e-43
-3.3491e-43
-3.3491e-43
-3.3491e-43
-3.3491e-43
-3.3491e-43
-3.3491e-43
-3.3491e-43
-3.3491e-43
-3.3491e-43
-3.3491e-43
-3.3491e-43
-3.3491e-43
-3.3491e-43
-3.3491e-43
-3.3491e-43
-3.3491e-43
-3.3491e-43
-3.3491e-43
-3.3491e-43
-3.3491e-43
-3.3491e-43
-3.3491e-43
-3.3491e-43
-3.3491e-43
-3.3491e-43
-3.3491e-43
-3.3491e-43
-3.3491e-43
-3.3491e-43
-3.3491e-43
-3.3491e-43
-3.3491e-43
-3.3491e-43
-3.3491e-43
-3.3491e-43
-3.3491e-43
-3.3491e-43
-3.3491e-43
-3.3491e-43
-3.3491e-43
-3.3491e-43
-3.3491e-43
-3.3491e-43
-3.3491e-43
-3.3491e-43
-3.3491e-43
-3.3491e-43
-3.3491e-43
-3.3491e-43
-3.3491e-43
-3.3491e-43
-3.3491e-43
-3.3491e-43
-3.3491e-43
-3.3491e-43
-3.3491e-43
-3.3491e-43
-3.3491e-43
-3.3491e-43
-3.3491e-43
-3.3491e-43
-3.3491e-43
-3.3491e-43
-3.3491e-43
-3.3491e-43
-3.3491e-43
-3.3491e-43
-3.3491e-43
-3.3491e-43
-3.3491e-43
-3.3491e-43
-3.3491e-43
-3.3491e-43
-3.3491e-43
-3.3491e-43
-3.3491e-43
-3.3491e-43
-3.3491e-43
-3.3491e-43
-3.3491e-43
-3.3491e-43
-3.3491e-43
-3.3491e-43
-3.3491e-43
-3.3491e-43
-3.3491e-43
-3.3491e-43
-3.3491e-43
-3.3491e-43
-3.3491e-43
-3.3491e-43
-3.3491e-43
-3.3491e-43
-3.3491e-43
-3.3491e-43
-3.3491e-43
-3.3491e-43
-3.3491e-43
-3.3491e-43
-3.3491e-43
-3.3491e-43
-3.3491e-43
-3.3491e-43
-3.3491e-43
-3.3491e-43
-3.3491e-43
-3.3491e-43
-3.3491e-43
-3.3491e-43
-3.3491e-43
-3.3491e-43
-3.3491e-43
-3.3491e-43
-3.3491e-43
-3.3491e-43
-3.3491e-43
-3.3491e-43
-3.3491e-43
-3.3491e-43
-3.3491e-43
-3.3491e-43
-3.3491e-43
-3.3491e-43
-3.3491e-43
-3.3491e-43
-3.3491e-43
-3.3491e-43
-3.3491e-43
-3.3491e-43
-3.3491e-43
-3.3491e-43
-3.3491e-43
-3.3491e-43
-3.3491e-43
-3.3491e-43
-3.3491e-43
-3.3491e-43
-3.3491e-43
-3.3491e-43
-3.3491e-43
-3.3491e-43
-3.3491e-43
-3.3491e-43
-3.3491e-43
-3.3491e-43
-3.3491e-43
-3.3491e-43
-3.3491e-43
-3.3491e-43
-3.3491e-43
-3.3491e-43
-3.3491e-43
-3.3491e-43
-3.3491e-43
-3.3491e-43
-3.3491e-43
-3.3491e-43
-3.3491e-43
-3.3491e-43
-3.3491e-43
-3.3491e-43
-3.3491e-43
-3.3491e-43
-3.3491e-43
-3.3491e-43
-3.3491e-43
-3.3491e-43
-3.3491e-43
-3.3491e-43
-3.3491e-43
-3.3491e-43
-3.3491e-43
-3.3491e-43
-3.3491e-43
-3.3491e-43
-3.3491e-43
-3.3491e-43
-3.3491e-43
-3.3491e-43
-3.3491e-43
-3.3491e-43
-3.3491e-43
-3.3491e-43
-3.3491e-43
-3.3491e-43
-3.3491e-43
-3.3491e-43
-3.3491e-43
-3.3491e-43
-3.3491e-43
-3.3491e-43
-3.3491e-43
-3.3491e-43
-3.3491e-43
-3.3491e-43
-3.3491e-43
-3.3491e-43
-3.3491e-43
-3.3491e-43
-3.3491e-43
-3.3491e-43
-3.3491e-43
-3.3491e-43
-3.3491e-43
-3.3491e-43
-3.3491e-43
-3.3491e-43
-3.3491e-43
-3.3491e-43
-3.3491e-43
-3.3491e-43
-3.3491e-43
-3.3491e-43
-3.3491e-43
-3.3491e-43
-3.3491e-43
-3.3491e-43
-3.3491e-43
-3.3491e-43
-3.3491e-43
-3.3491e-43
-3.3491e-43
-3.3491e-43
-3.3491e-43
-3.3491e-43
-3.3491e-43
-3.3491e-43
-3.3491e-43
-3.3491e-43
-3.3491e-43
-3.3491e-43
-3.3491e-43
-3.3491e-43
-3.3491e-43
-3.3491e-43
-3.3491e-43
-3.3491e-43
-3.3491e-43
-3.3491e-43
-3.3491e-43
-3.3491e-43
-3.3491e-43
-3.3491e-43
-3.3491e-43
-3.3491e-43
-3.3491e-43
-3.3491e-43
-3.3491e-43
-3.3491e-43
-3.3491e-43
-3.3491e-43
-3.3491e-43
-3.3491e-43
-3.3491e-43
-3.3491e-43
-3.3491e-43
-3.3491e-43
-3.3491e-43
-3.3491e-43
-3.3491e-43
-3.3491e-43
-3.3491e-43
-3.3491e-43
-3.3491e-43
-3.3491e-43
-3.3491e-43
-3.3491e-43
-3.3491e-43
-3.3491e-43
-3.3491e-43
-3.3491e-43
-3.3491e-43
-3.3491e-43
-3.3491e-43
-3.3491e-43
-3.3491e-43
-3.3491e-43
-3.3491e-43
-3.3491e-43
-3.3491e-43
-3.3491e-43
-3.3491e-43
-3.3491e-43
-3.3491e-43
-3.3491e-43
-3.3491e-43
-3.3491e-43
-3.3491e-43
-3.3491e-43
-3.3491e-43
-3.3491e-43
-3.3491e-43
-3.3491e-43
-3.3491e-43
-3.3491e-43
-3.3491e-43
-3.3491e-43
-3.3491e-43
-3.3491e-43
-3.3491e-43
-3.3491e-43
-3.3491e-43
-3.3491e-43
-3.3491e-43
-3.3491e-43
-3.3491e-43
-3.3491e-43
-3.3491e-43
-3.3491e-43
-3.3491e-43
-3.3491e-43
-3.3491e-43
-3.3491e-43
-3.3491e-43
-3.3491e-43
-3.3491e-43
-3.3491e-43
-3.3491e-43
-3.3491e-43
-3.3491e-43
-3.3491e-43
-3.3491e-43
-3.3491e-43
-3.3491e-43
-3.3491e-43
-3.3491e-43
-3.3491e-43
-3.3491e-43
-3.3491e-43
-3.3491e-43
-3.3491e-43
-3.3491e-43
-3.3491e-43
-3.3491e-43
-3.3491e-43
-3.3491e-43
-3.3491e-43
-3.3491e-43
-3.3491e-43
-3.3491e-43
-3.3491e-43
-3.3491e-43
-3.3491e-43
-3.3491e-43
-3.3491e-43
-3.3491e-43
-3.3491e-43
-3.3491e-43
-3.3491e-43
-3.3491e-43
-3.3491e-43
-3.3491e-43
-3.3491e-43
-3.3491e-43
-3.3491e-43
-3.3491e-43
-3.3491e-43
-3.3491e-43
-3.3491e-43
-3.3491e-43
-3.3491e-43
-3.3491e-43
-3.3491e-43
-3.3491e-43
-3.3491e-43
-3.3491e-43
-3.3491e-43
-3.3491e-43
-3.3491e-43
-3.3491e-43
-3.3491e-43
-3.3491e-43
-3.3491e-43
-3.3491e-43
-3.3491e-43
-3.3491e-43
-3.3491e-43
-3.3491e-43
-3.3491e-43
-3.3491e-43
-3.3491e-43
-3.3491e-43
-3.3491e-43
-3.3491e-43
-3.3491e-43
-3.3491e-43
-3.3491e-43
-3.3491e-43
-3.3491e-43
-3.3491e-43
-3.3491e-43
-3.3491e-43
-3.3491e-43
-3.3491e-43
-3.3491e-43
-3.3491e-43
-3.3491e-43
-3.3491e-43
-3.3491e-43
-3.3491e-43
-3.3491e-43
-3.3491e-43
-3.3491e-43
-3.3491e-43
-3.3491e-43
-3.3491e-43
-3.3491e-43
-3.3491e-43
-3.3491e-43
-3.3491e-43
-3.3491e-43
-3.3491e-43
-3.3491e-43
-3.3491e-43
-3.3491e-43
-3.3491e-43
-3.3491e-43
-3.3491e-43
-3.3491e-43
-3.3491e-43
-3.3491e-43
-3.3491e-43
-3.3491e-43
-3.3491e-43
-3.3491e-43
-3.3491e-43
-3.3491e-43
-3.3491e-43
-3.3491e-43
-3.3491e-43
-3.3491e-43
-3.3491e-43
-3.3491e-43
-3.3491e-43
-3.3491e-43
-3.3491e-43
-3.3491e-43
-3.3491e-43
-3.3491e-43
-3.3491e-43
-3.3491e-43
-3.3491e-43
-3.3491e-43
-3.3491e-43
-3.3491e-43
-3.3491e-43
-3.3491e-43
-3.3491e-43
-3.3491e-43
-3.3491e-43
-3.3491e-43
-3.3491e-43
-3.3491e-43
-3.3491e-43
-3.3491e-43
-3.3491e-43
-3.3491e-43
-3.3491e-43
-3.3491e-43
-3.3491e-43
-3.3491e-43
-3.3491e-43
-3.3491e-43
-3.3491e-43
-3.3491e-43
-3.3491e-43
-3.3491e-43
-3.3491e-43
-3.3491e-43
-3.3491e-43
-3.3491e-43
-3.3491e-43
-3.3491e-43
-3.3491e-43
-3.3491e-43
-3.3491e-43
-3.3491e-43
-3.3491e-43
-3.3491e-43
-3.3491e-43
-3.3491e-43
-3.3491e-43
-3.3491e-43
-3.3491e-43
-3.3491e-43
-3.3491e-43
-3.3491e-43
-3.3491e-43
-3.3491e-43
-3.3491e-43
-3.3491e-43
-3.3491e-43
-3.3491e-43
-3.3491e-43
-3.3491e-43
-3.3491e-43
-3.3491e-43
-3.3491e-43
-3.3491e-43
-3.3491e-43
-3.3491e-43
-3.3491e-43
-3.3491e-43
-3.3491e-43
-3.3491e-43
-3.3491e-43
-3.3491e-43
-3.3491e-43
-3.3491e-43
-3.3491e-43
-3.3491e-43
-3.3491e-43
-3.3491e-43
-3.3491e-43
-3.3491e-43
-3.3491e-43
-3.3491e-43
-3.3491e-43
-3.3491e-43
-3.3491e-43
-3.3491e-43
-3.3491e-43
-3.3491e-43
-3.3491e-43
-3.3491e-43
-3.3491e-43
-3.3491e-43
-3.3491e-43
-3.3491e-43
-3.3491e-43
-3.3491e-43
-3.3491e-43
-3.3491e-43
-3.3491e-43
-3.3491e-43
-3.3491e-43
-3.3491e-43
-3.3491e-43
-3.3491e-43
-3.3491e-43
-3.3491e-43
-3.3491e-43
-3.3491e-43
-3.3491e-43
-3.3491e-43
-3.3491e-43
-3.3491e-43
-3.3491e-43
-3.3491e-43
-3.3491e-43
-3.3491e-43
-3.3491e-43
-3.3491e-43
-3.3491e-43
-3.3491e-43
-3.3491e-43
-3.3491e-43
-3.3491e-43
-3.3491e-43
-3.3491e-43
-3.3491e-43
-3.3491e-43
-3.3491e-43
-3.3491e-43
-3.3491e-43
-3.3491e-43
-3.3491e-43
-3.3491e-43
-3.3491e-43
-3.3491e-43
-3.3491e-43
-3.3491e-43
-3.3491e-43
-3.3491e-43
-3.3491e-43
-3.3491e-43
-3.3491e-43
-3.3491e-43
-3.3491e-43
-3.3491e-43
-3.3491e-43
-3.3491e-43
-3.3491e-43
-3.3491e-43
-3.3491e-43
-3.3491e-43
-3.3491e-43
-3.3491e-43
-3.3491e-43
-3.3491e-43
-3.3491e-43
-3.3491e-43
-3.3491e-43
-3.3491e-43
-3.3491e-43
-3.3491e-43
-3.3491e-43
-3.3491e-43
-3.3491e-43
-3.3491e-43
-3.3491e-43
-3.3491e-43
-3.3491e-43
-3.3491e-43
-3.3491e-43
-3.3491e-43
-3.3491e-43
-3.3491e-43
-3.3491e-43
-3.3491e-43
-3.3491e-43
-3.3491e-43
-3.3491e-43
-3.3491e-43
-3.3491e-43
-3.3491e-43
-3.3491e-43
-3.3491e-43
-3.3491e-43
-3.3491e-43
-3.3491e-43
-3.3491e-43
-3.3491e-43
-3.3491e-43
-3.3491e-43
-3.3491e-43
-3.3491e-43
-3.3491e-43
-3.3491e-43
-3.3491e-43
-3.3491e-43
-3.3491e-43
-3.3491e-43
-3.3491e-43
-3.3491e-43
-3.3491e-43
-3.3491e-43
-3.3491e-43
-3.3491e-43
-3.3491e-43
-3.3491e-43
-3.3491e-43
-3.3491e-43
-3.3491e-43
-3.3491e-43
-3.3491e-43
-3.3491e-43
-3.3491e-43
-3.3491e-43
-3.3491e-43
-3.3491e-43
-3.3491e-43
-3.3491e-43
-3.3491e-43
-3.3491e-43
-3.3491e-43
-3.3491e-43
-3.3491e-43
-3.3491e-43
-3.3491e-43
-3.3491e-43
-3.3491e-43
-3.3491e-43
-3.3491e-43
-3.3491e-43
-3.3491e-43
-3.3491e-43
-3.3491e-43
-3.3491e-43
-3.3491e-43
-3.3491e-43
-3.3491e-43
-3.3491e-43
-3.3491e-43
-3.3491e-43
-3.3491e-43
-3.3491e-43
-3.3491e-43
-3.3491e-43
-3.3491e-43
-3.3491e-43
-3.3491e-43
-3.3491e-43
-3.3491e-43
-3.3491e-43
-3.3491e-43
-3.3491e-43
-3.3491e-43
-3.3491e-43
-3.3491e-43
-3.3491e-43
-3.3491e-43
-3.3491e-43
-3.3491e-43
-3.3491e-43
-3.3491e-43
-3.3491e-43
-3.3491e-43
-3.3491e-43
-3.3491e-43
-3.3491e-43
-3.3491e-43
-3.3491e-43
-3.3491e-43
-3.3491e-43
-3.3491e-43
-3.3491e-43
-3.3491e-43
-3.3491e-43
-3.3491e-43
-3.3491e-43
-3.3491e-43
-3.3491e-43
-3.3491e-43
-3.3491e-43
-3.3491e-43
-3.3491e-43
-3.3491e-43
-3.3491e-43
-3.3491e-43
-3.3491e-43
-3.3491e-43
-3.3491e-43
-3.3491e-43
-3.3491e-43
-3.3491e-43
-3.3491e-43
-3.3491e-43
-3.3491e-43
-3.3491e-43
-3.3491e-43
-3.3491e-43
-3.3491e-43
-3.3491e-43
-3.3491e-43
-3.3491e-43
-3.3491e-43
-3.3491e-43
-3.3491e-43
-3.3491e-43
-3.3491e-43
-3.3491e-43
-3.3491e-43
-3.3491e-43
-3.3491e-43
-3.3491e-43
-3.3491e-43
-3.3491e-43
-3.3491e-43
-3.3491e-43
-3.3491e-43
-3.3491e-43
-3.3491e-43
-3.3491e-43
-3.3491e-43
-3.3491e-43
-3.3491e-43
-3.3491e-43
-3.3491e-43
-3.3491e-43
-3.3491e-43
-3.3491e-43
-3.3491e-43
-3.3491e-43
-3.3491e-43
-3.3491e-43
-3.3491e-43
-3.3491e-43
-3.3491e-43
-3.3491e-43
-3.3491e-43
-3.3491e-43
-3.3491e-43
-3.3491e-43
-3.3491e-43
-3.3491e-43
-3.3491e-43
-3.3491e-43
-3.3491e-43
-3.3491e-43
-3.3491e-43
-3.3491e-43
-3.3491e-43
-3.3491e-43
-3.3491e-43
-3.3491e-43
-3.3491e-43
-3.3491e-43
-3.3491e-43
-3.3491e-43
-3.3491e-43
-3.3491e-43
-3.3491e-43
-3.3491e-43
-3.3491e-43
-3.3491e-43
-3.3491e-43
-3.3491e-43
-3.3491e-43
-3.3491e-43
-3.3491e-43
-3.3491e-43
-3.3491e-43
-3.3491e-43
-3.3491e-43
-3.3491e-43
-3.3491e-43
-3.3491e-43
-3.3491e-43
-3.3491e-43
-3.3491e-43
-3.3491e-43
-3.3491e-43
-3.3491e-43
-3.3491e-43
-3.3491e-43
-3.3491e-43
-3.3491e-43
-3.3491e-43
-3.3491e-43
-3.3491e-43
-3.3491e-43
-3.3491e-43
-3.3491e-43
-3.3491e-43
-3.3491e-43
-3.3491e-43
-3.3491e-43
-3.3491e-43
-3.3491e-43
-3.3491e-43
-3.3491e-43
-3.3491e-43
-3.3491e-43
-3.3491e-43
-3.3491e-43
-3.3491e-43
-3.3491e-43
-3.3491e-43
-3.3491e-43
-3.3491e-43
-3.3491e-43
-3.3491e-43
-3.3491e-43
-3.3491e-43
-3.3491e-43
-3.3491e-43
-3.3491e-43
-3.3491e-43
-3.3491e-43
-3.3491e-43
-3.3491e-43
-3.3491e-43
-3.3491e-43
-3.3491e-43
-3.3491e-43
-3.3491e-43
-3.3491e-43
-3.3491e-43
-3.3491e-43
-3.3491e-43
-3.3491e-43
-3.3491e-43
-3.3491e-43
-3.3491e-43
-3.3491e-43
-3.3491e-43
-3.3491e-43
-3.3491e-43
-3.3491e-43
-3.3491e-43
-3.3491e-43
-3.3491e-43
-3.3491e-43
-3.3491e-43
-3.3491e-43
-3.3491e-43
-3.3491e-43
-3.3491e-43
-3.3491e-43
-3.3491e-43
-3.3491e-43
-3.3491e-43
-3.3491e-43
-3.3491e-43
-3.3491e-43
-3.3491e-43
-3.3491e-43
-3.3491e-43
-3.3491e-43
-3.3491e-43
-3.3491e-43
-3.3491e-43
-3.3491e-43
-3.3491e-43
-3.3491e-43
-3.3491e-43
-3.3491e-43
-3.3491e-43
-3.3491e-43
-3.3491e-43
-3.3491e-43
-3.3491e-43
-3.3491e-43
-3.3491e-43
-3.3491e-43
-3.3491e-43
-3.3491e-43
-3.3491e-43
-3.3491e-43
-3.3491e-43
-3.3491e-43
-3.3491e-43
-3.3491e-43
-3.3491e-43
-3.3491e-43
-3.3491e-43
-3.3491e-43
-3.3491e-43
-3.3491e-43
-3.3491e-43
-3.3491e-43
-3.3491e-43
-3.3491e-43
-3.3491e-43
-3.3491e-43
-3.3491e-43
-3.3491e-43
-3.3491e-43
-3.3491e-43
-3.3491e-43
-3.3491e-43
-3.3491e-43
-3.3491e-43
-3.3491e-43
-3.3491e-43
-3.3491e-43
-3.3491e-43
-3.3491e-43
-3.3491e-43
-3.3491e-43
-3.3491e-43
-3.3491e-43
-3.3491e-43
-3.3491e-43
-3.3491e-43
-3.3491e-43
-3.3491e-43
-3.3491e-43
-3.3491e-43
-3.3491e-43
-3.3491e-43
-3.3491e-43
-3.3491e-43
-3.3491e-43
-3.3491e-43
-3.3491e-43
-3.3491e-43
-3.3491e-43
-3.3491e-43
-3.3491e-43
-3.3491e-43
-3.3491e-43
-3.3491e-43
-3.3491e-43
-3.3491e-43
-3.3491e-43
-3.3491e-43
-3.3491e-43
-3.3491e-43
-3.3491e-43
-3.3491e-43
-3.3491e-43
-3.3491e-43
-3.3491e-43
-3.3491e-43
-3.3491e-43
-3.3491e-43
-3.3491e-43
-3.3491e-43
-3.3491e-43
-3.3491e-43
-3.3491e-43
-3.3491e-43
-3.3491e-43
-3.3491e-43
-3.3491e-43
-3.3491e-43
-3.3491e-43
-3.3491e-43
-3.3491e-43
-3.3491e-43
-3.3491e-43
-3.3491e-43
-3.3491e-43
-3.3491e-43
-3.3491e-43
-3.3491e-43
-3.3491e-43
-3.3491e-43
-3.3491e-43
-3.3491e-43
-3.3491e-43
-3.3491e-43
-3.3491e-43
-3.3491e-43
-3.3491e-43
-3.3491e-43
-3.3491e-43
-3.3491e-43
-3.3491e-43
-3.3491e-43
-3.3491e-43
-3.3491e-43
-3.3491e-43
-3.3491e-43
-3.3491e-43
-3.3491e-43
-3.3491e-43
-3.3491e-43
-3.3491e-43
-3.3491e-43
-3.3491e-43
-3.3491e-43
-3.3491e-43
-3.3491e-43
-3.3491e-43
-3.3491e-43
-3.3491e-43
-3.3491e-43
-3.3491e-43
-3.3491e-43
-3.3491e-43
-3.3491e-43
-3.3491e-43
-3.3491e-43
-3.3491e-43
-3.3491e-43
-3.3491e-43
-3.3491e-43
-3.3491e-43
-3.3491e-43
-3.3491e-43
-3.3491e-43
-3.3491e-43
-3.3491e-43
-3.3491e-43
-3.3491e-43
-3.3491e-43
-3.3491e-43
-3.3491e-43
-3.3491e-43
-3.3491e-43
-3.3491e-43
-3.3491e-43
-3.3491e-43
-3.3491e-43
-3.3491e-43
-3.3491e-43
-3.3491e-43
-3.3491e-43
-3.3491e-43
-3.3491e-43
-3.3491e-43
-3.3491e-43
-3.3491e-43
-3.3491e-43
-3.3491e-43
-3.3491e-43
-3.3491e-43
-3.3491e-43
-3.3491e-43
-3.3491e-43
-3.3491e-43
-3.3491e-43
-3.3491e-43
-3.3491e-43
-3.3491e-43
-3.3491e-43
-3.3491e-43
-3.3491e-43
-3.3491e-43
-3.3491e-43
-3.3491e-43
-3.3491e-43
-3.3491e-43
-3.3491e-43
-3.3491e-43
-3.3491e-43
-3.3491e-43
-3.3491e-43
-3.3491e-43
-3.3491e-43
-3.3491e-43
-3.3491e-43
-3.3491e-43
-3.3491e-43
-3.3491e-43
-3.3491e-43
-3.3491e-43
-3.3491e-43
-3.3491e-43
-3.3491e-43
-3.3491e-43
-3.3491e-43
-3.3491e-43
-3.3491e-43
-3.3491e-43
-3.3491e-43
-3.3491e-43
-3.3491e-43
-3.3491e-43
-3.3491e-43
-3.3491e-43
-3.3491e-43
-3.3491e-43
-3.3491e-43
-3.3491e-43
-3.3491e-43
-3.3491e-43
-3.3491e-43
-3.3491e-43
-3.3491e-43
-3.3491e-43
-3.3491e-43
-3.3491e-43
-3.3491e-43
-3.3491e-43
-3.3491e-43
-3.3491e-43
-3.3491e-43
-3.3491e-43
-3.3491e-43
-3.3491e-43
-3.3491e-43
-3.3491e-43
-3.3491e-43
-3.3491e-43
-3.3491e-43
-3.3491e-43
-3.3491e-43
-3.3491e-43
-3.3491e-43
-3.3491e-43
-3.3491e-43
-3.3491e-43
-3.3491e-43
-3.3491e-43
-3.3491e-43
-3.3491e-43
-3.3491e-43
-3.3491e-43
-3.3491e-43
-3.3491e-43
-3.3491e-43
-3.3491e-43
-3.3491e-43
-3.3491e-43
-3.3491e-43
-3.3491e-43
-3.3491e-43
-3.3491e-43
-3.3491e-43
-3.3491e-43
-3.3491e-43
-3.3491e-43
-3.3491e-43
-3.3491e-43
-3.3491e-43
-3.3491e-43
-3.3491e-43
-3.3491e-43
-3.3491e-43
-3.3491e-43
-3.3491e-43
-3.3491e-43
-3.3491e-43
-3.3491e-43
-3.3491e-43
-3.3491e-43
-3.3491e-43
-3.3491e-43
-3.3491e-43
-3.3491e-43
-3.3491e-43
-3.3491e-43
-3.3491e-43
-3.3491e-43
-3.3491e-43
-3.3491e-43
-3.3491e-43
-3.3491e-43
-3.3491e-43
-3.3491e-43
-3.3491e-43
-3.3491e-43
-3.3491e-43
-3.3491e-43
-3.3491e-43
-3.3491e-43
-3.3491e-43
-3.3491e-43
-3.3491e-43
-3.3491e-43
-3.3491e-43
-3.3491e-43
-3.3491e-43
-3.3491e-43
-3.3491e-43
-3.3491e-43
-3.3491e-43
-3.3491e-43
-3.3491e-43
-3.3491e-43
-3.3491e-43
-3.3491e-43
-3.3491e-43
-3.3491e-43
-3.3491e-43
-3.3491e-43
-3.3491e-43
-3.3491e-43
-3.3491e-43
-3.3491e-43
-3.3491e-43
-3.3491e-43
-3.3491e-43
-3.3491e-43
-3.3491e-43
-3.3491e-43
-3.3491e-43
-3.3491e-43
-3.3491e-43
-3.3491e-43
-3.3491e-43
-3.3491e-43
-3.3491e-43
-3.3491e-43
-3.3491e-43
-3.3491e-43
-3.3491e-43
-3.3491e-43
-3.3491e-43
-3.3491e-43
-3.3491e-43
-3.3491e-43
-3.3491e-43
-3.3491e-43
-3.3491e-43
-3.3491e-43
-3.3491e-43
-3.3491e-43
-3.3491e-43
-3.3491e-43
-3.3491e-43
-3.3491e-43
-3.3491e-43
-3.3491e-43
-3.3491e-43
-3.3491e-43
-3.3491e-43
-3.3491e-43
-3.3491e-43
-3.3491e-43
-3.3491e-43
-3.3491e-43
-3.3491e-43
-3.3491e-43
-3.3491e-43
-3.3491e-43
-3.3491e-43
-3.3491e-43
-3.3491e-43
-3.3491e-43
-3.3491e-43
-3.3491e-43
-3.3491e-43
-3.3491e-43
-3.3491e-43
-3.3491e-43
-3.3491e-43
-3.3491e-43
-3.3491e-43
-3.3491e-43
-3.3491e-43
-3.3491e-43
-3.3491e-43
-3.3491e-43
-3.3491e-43
-3.3491e-43
-3.3491e-43
-3.3491e-43
-3.3491e-43
-3.3491e-43
-3.3491e-43
-3.3491e-43
-3.3491e-43
-3.3491e-43
-3.3491e-43
-3.3491e-43
-3.3491e-43
-3.3491e-43
-3.3491e-43
-3.3491e-43
-3.3491e-43
-3.3491e-43
-3.3491e-43
-3.3491e-43
-3.3491e-43
-3.3491e-43
-3.3491e-43
-3.3491e-43
-3.3491e-43
-3.3491e-43
-3.3491e-43
-3.3491e-43
-3.3491e-43
-3.3491e-43
-3.3491e-43
-3.3491e-43
-3.3491e-43
-3.3491e-43
-3.3491e-43
-3.3491e-43
-3.3491e-43
-3.3491e-43
-3.3491e-43
-3.3491e-43
-3.3491e-43
-3.3491e-43
-3.3491e-43
-3.3491e-43
-3.3491e-43
-3.3491e-43
-3.3491e-43
-3.3491e-43
-3.3491e-43
-3.3491e-43
-3.3491e-43
-3.3491e-43
-3.3491e-43
-3.3491e-43
-3.3491e-43
-3.3491e-43
-3.3491e-43
-3.3491e-43
-3.3491e-43
-3.3491e-43
-3.3491e-43
-3.3491e-43
-3.3491e-43
-3.3491e-43
-3.3491e-43
-3.3491e-43
-3.3491e-43
-3.3491e-43
-3.3491e-43
-3.3491e-43
-3.3491e-43
-3.3491e-43
-3.3491e-43
-3.3491e-43
-3.3491e-43
-3.3491e-43
-3.3491e-43
-3.3491e-43
-3.3491e-43
-3.3491e-43
-3.3491e-43
-3.3491e-43
-3.3491e-43
-3.3491e-43
-3.3491e-43
-3.3491e-43
-3.3491e-43
-3.3491e-43
-3.3491e-43
-3.3491e-43
-3.3491e-43
-3.3491e-43
-3.3491e-43
-3.3491e-43
-3.3491e-43
-3.3491e-43
-3.3491e-43
-3.3491e-43
-3.3491e-43
-3.3491e-43
-3.3491e-43
-3.3491e-43
-3.3491e-43
-3.3491e-43
-3.3491e-43
-3.3491e-43
-3.3491e-43
-3.3491e-43
-3.3491e-43
-3.3491e-43
-3.3491e-43
-3.3491e-43
-3.3491e-43
-3.3491e-43
-3.3491e-43
-3.3491e-43
-3.3491e-43
-3.3491e-43
-3.3491e-43
-3.3491e-43
-3.3491e-43
-3.3491e-43
-3.3491e-43
-3.3491e-43
-3.3491e-43
-3.3491e-43
-3.3491e-43
-3.3491e-43
-3.3491e-43
-3.3491e-43
-3.3491e-43
-3.3491e-43
-3.3491e-43
-3.3491e-43
-3.3491e-43
-3.3491e-43
-3.3491e-43
-3.3491e-43
-3.3491e-43
-3.3491e-43
-3.3491e-43
-3.3491e-43
-3.3491e-43
-3.3491e-43
-3.3491e-43
-3.3491e-43
-3.3491e-43
-3.3491e-43
-3.3491e-43
-3.3491e-43
-3.3491e-43
-3.3491e-43
-3.3491e-43
-3.3491e-43
-3.3491e-43
-3.3491e-43
-3.3491e-43
-3.3491e-43
-3.3491e-43
-3.3491e-43
-3.3491e-43
-3.3491e-43
-3.3491e-43
-3.3491e-43
-3.3491e-43
-3.3491e-43
-3.3491e-43
-3.3491e-43
-3.3491e-43
-3.3491e-43
-3.3491e-43
-3.3491e-43
-3.3491e-43
-3.3491e-43
-3.3491e-43
-3.3491e-43
-3.3491e-43
-3.3491e-43
-3.3491e-43
-3.3491e-43
-3.3491e-43
-3.3491e-43
-3.3491e-43
-3.3491e-43
-3.3491e-43
-3.3491e-43
-3.3491e-43
-3.3491e-43
-3.3491e-43
-3.3491e-43
-3.3491e-43
-3.3491e-43
-3.3491e-43
-3.3491e-43
-3.3491e-43
-3.3491e-43
-3.3491e-43
-3.3491e-43
-3.3491e-43
-3.3491e-43
-3.3491e-43
-3.3491e-43
-3.3491e-43
-3.3491e-43
-3.3491e-43
-3.3491e-43
-3.3491e-43
-3.3491e-43
-3.3491e-43
-3.3491e-43
-3.3491e-43
-3.3491e-43
-3.3491e-43
-3.3491e-43
-3.3491e-43
-3.3491e-43
-3.3491e-43
-3.3491e-43
-3.3491e-43
-3.3491e-43
-3.3491e-43
-3.3491e-43
-3.3491e-43
-3.3491e-43
-3.3491e-43
-3.3491e-43
-3.3491e-43
-3.3491e-43
-3.3491e-43
-3.3491e-43
-3.3491e-43
-3.3491e-43
-3.3491e-43
-3.3491e-43
-3.3491e-43
-3.3491e-43
-3.3491e-43
-3.3491e-43
-3.3491e-43
-3.3491e-43
-3.3491e-43
-3.3491e-43
-3.3491e-43
-3.3491e-43
-3.3491e-43
-3.3491e-43
-3.3491e-43
-3.3491e-43
-3.3491e-43
-3.3491e-43
-3.3491e-43
-3.3491e-43
-3.3491e-43
-3.3491e-43
-3.3491e-43
-3.3491e-43
-3.3491e-43
-3.3491e-43
-3.3491e-43
-3.3491e-43
-3.3491e-43
-3.3491e-43
-3.3491e-43
-3.3491e-43
-3.3491e-43
-3.3491e-43
-3.3491e-43
-3.3491e-43
-3.3491e-43
-3.3491e-43
-3.3491e-43
-3.3491e-43
-3.3491e-43
-3.3491e-43
-3.3491e-43
-3.3491e-43
-3.3491e-43
-3.3491e-43
-3.3491e-43
-3.3491e-43
-3.3491e-43
-3.3491e-43
-3.3491e-43
-3.3491e-43
-3.3491e-43
-3.3491e-43
-3.3491e-43
-3.3491e-43
-3.3491e-43
-3.3491e-43
-3.3491e-43
-3.3491e-43
-3.3491e-43
-3.3491e-43
-3.3491e-43
-3.3491e-43
-3.3491e-43
-3.3491e-43
-3.3491e-43
-3.3491e-43
-3.3491e-43
-3.3491e-43
-3.3491e-43
-3.3491e-43
-3.3491e-43
-3.3491e-43
-3.3491e-43
-3.3491e-43
-3.3491e-43
-3.3491e-43
-3.3491e-43
-3.3491e-43
-3.3491e-43
-3.3491e-43
-3.3491e-43
-3.3491e-43
-3.3491e-43
-3.3491e-43
-3.3491e-43
-3.3491e-43
-3.3491e-43
-3.3491e-43
-3.3491e-43
-3.3491e-43
-3.3491e-43
-3.3491e-43
-3.3491e-43
-3.3491e-43
-3.3491e-43
-3.3491e-43
-3.3491e-43
-3.3491e-43
-3.3491e-43
-3.3491e-43
-3.3491e-43
-3.3491e-43
-3.3491e-43
-3.3491e-43
-3.3491e-43
-3.3491e-43
-3.3491e-43
-3.3491e-43
-3.3491e-43
-3.3491e-43
-3.3491e-43
-3.3491e-43
-3.3491e-43
-3.3491e-43
-3.3491e-43
-3.3491e-43
-3.3491e-43
-3.3491e-43
-3.3491e-43
-3.3491e-43
-3.3491e-43
-3.3491e-43
-3.3491e-43
-3.3491e-43
-3.3491e-43
-3.3491e-43
-3.3491e-43
-3.3491e-43
-3.3491e-43
-3.3491e-43
-3.3491e-43
-3.3491e-43
-3.3491e-43
-3.3491e-43
-3.3491e-43
-3.3491e-43
-3.3491e-43
-3.3491e-43
-3.3491e-43
-3.3491e-43
-3.3491e-43
-3.3491e-43
-3.3491e-43
-3.3491e-43
-3.3491e-43
-3.3491e-43
-3.3491e-43
-3.3491e-43
-3.3491e-43
-3.3491e-43
-3.3491e-43
-3.3491e-43
-3.3491e-43
-3.3491e-43
-3.3491e-43
-3.3491e-43
-3.3491e-43
-3.3491e-43
-3.3491e-43
-3.3491e-43
-3.3491e-43
-3.3491e-43
-3.3491e-43
-3.3491e-43
-3.3491e-43
-3.3491e-43
-3.3491e-43
-3.3491e-43
-3.3491e-43
-3.3491e-43
-3.3491e-43
-3.3491e-43
-3.3491e-43
-3.3491e-43
-3.3491e-43
-3.3491e-43
-3.3491e-43
-3.3491e-43
-3.3491e-43
-3.3491e-43
-3.3491e-43
-3.3491e-43
-3.3491e-43
-3.3491e-43
-3.3491e-43
-3.3491e-43
-3.3491e-43
-3.3491e-43
-3.3491e-43
-3.3491e-43
-3.3491e-43
-3.3491e-43
-3.3491e-43
-3.3491e-43
-3.3491e-43
-3.3491e-43
-3.3491e-43
-3.3491e-43
-3.3491e-43
-3.3491e-43
-3.3491e-43
-3.3491e-43
-3.3491e-43
-3.3491e-43
-3.3491e-43
-3.3491e-43
-3.3491e-43
-3.3491e-43
-3.3491e-43
-3.3491e-43
-3.3491e-43
-3.3491e-43
-3.3491e-43
-3.3491e-43
-3.3491e-43
-3.3491e-43
-3.3491e-43
-3.3491e-43
-3.3491e-43
-3.3491e-43
-3.3491e-43
-3.3491e-43
-3.3491e-43
-3.3491e-43
-3.3491e-43
-3.3491e-43
-3.3491e-43
-3.3491e-43
-3.3491e-43
-3.3491e-43
-3.3491e-43
-3.3491e-43
-3.3491e-43
-3.3491e-43
-3.3491e-43
-3.3491e-43
-3.3491e-43
-3.3491e-43
-3.3491e-43
-3.3491e-43
-3.3491e-43
-3.3491e-43
-3.3491e-43
-3.3491e-43
-3.3491e-43
-3.3491e-43
-3.3491e-43
-3.3491e-43
-3.3491e-43
-3.3491e-43
-3.3491e-43
-3.3491e-43
-3.3491e-43
-3.3491e-43
-3.3491e-43
-3.3491e-43
-3.3491e-43
-3.3491e-43
-3.3491e-43
-3.3491e-43
-3.3491e-43
-3.3491e-43
-3.3491e-43
-3.3491e-43
-3.3491e-43
-3.3491e-43
-3.3491e-43
-3.3491e-43
-3.3491e-43
-3.3491e-43
-3.3491e-43
-3.3491e-43
-3.3491e-43
-3.3491e-43
-3.3491e-43
-3.3491e-43
-3.3491e-43
-3.3491e-43
-3.3491e-43
-3.3491e-43
-3.3491e-43
-3.3491e-43
-3.3491e-43
-3.3491e-43
-3.3491e-43
-3.3491e-43
-3.3491e-43
-3.3491e-43
-3.3491e-43
-3.3491e-43
-3.3491e-43
-3.3491e-43
-3.3491e-43
-3.3491e-43
-3.3491e-43
-3.3491e-43
-3.3491e-43
-3.3491e-43
-3.3491e-43
-3.3491e-43
-3.3491e-43
-3.3491e-43
-3.3491e-43
-3.3491e-43
-3.3491e-43
-3.3491e-43
-3.3491e-43
-3.3491e-43
-3.3491e-43
-3.3491e-43
-3.3491e-43
-3.3491e-43
-3.3491e-43
-3.3491e-43
-3.3491e-43
-3.3491e-43
-3.3491e-43
-3.3491e-43
-3.3491e-43
-3.3491e-43
-3.3491e-43
-3.3491e-43
-3.3491e-43
-3.3491e-43
-3.3491e-43
-3.3491e-43
-3.3491e-43
-3.3491e-43
-3.3491e-43
-3.3491e-43
-3.3491e-43
-3.3491e-43
-3.3491e-43
-3.3491e-43
-3.3491e-43
-3.3491e-43
-3.3491e-43
-3.3491e-43
-3.3491e-43
-3.3491e-43
-3.3491e-43
-3.3491e-43
-3.3491e-43
-3.3491e-43
-3.3491e-43
-3.3491e-43
-3.3491e-43
-3.3491e-43
-3.3491e-43
-3.3491e-43
-3.3491e-43
-3.3491e-43
-3.3491e-43
-3.3491e-43
-3.3491e-43
-3.3491e-43
-3.3491e-43
-3.3491e-43
-3.3491e-43
-3.3491e-43
-3.3491e-43
-3.3491e-43
-3.3491e-43
-3.3491e-43
-3.3491e-43
-3.3491e-43
-3.3491e-43
-3.3491e-43
-3.3491e-43
-3.3491e-43
-3.3491e-43
-3.3491e-43
-3.3491e-43
-3.3491e-43
-3.3491e-43
-3.3491e-43
-3.3491e-43
-3.3491e-43
-3.3491e-43
-3.3491e-43
-3.3491e-43
-3.3491e-43
-3.3491e-43
-3.3491e-43
-3.3491e-43
-3.3491e-43
-3.3491e-43
-3.3491e-43
-3.3491e-43
-3.3491e-43
-3.3491e-43
-3.3491e-43
-3.3491e-43
-3.3491e-43
-3.3491e-43
-3.3491e-43
-3.3491e-43
-3.3491e-43
-3.3491e-43
-3.3491e-43
-3.3491e-43
-3.3491e-43
-3.3491e-43
-3.3491e-43
-3.3491e-43
-3.3491e-43
-3.3491e-43
-3.3491e-43
-3.3491e-43
-3.3491e-43
-3.3491e-43
-3.3491e-43
-3.3491e-43
-3.3491e-43
-3.3491e-43
-3.3491e-43
-3.3491e-43
-3.3491e-43
-3.3491e-43
-3.3491e-43
-3.3491e-43
-3.3491e-43
-3.3491e-43
-3.3491e-43
-3.3491e-43
-3.3491e-43
-3.3491e-43
-3.3491e-43
-3.3491e-43
-3.3491e-43
-3.3491e-43
-3.3491e-43
-3.3491e-43
-3.3491e-43
-3.3491e-43
-3.3491e-43
-3.3491e-43
-3.3491e-43
-3.3491e-43
-3.3491e-43
-3.3491e-43
-3.3491e-43
-3.3491e-43
-3.3491e-43
-3.3491e-43
-3.3491e-43
-3.3491e-43
-3.3491e-43
-3.3491e-43
-3.3491e-43
-3.3491e-43
-3.3491e-43
-3.3491e-43
-3.3491e-43
-3.3491e-43
-3.3491e-43
-3.3491e-43
-3.3491e-43
-3.3491e-43
-3.3491e-43
-3.3491e-43
-3.3491e-43
-3.3491e-43
-3.3491e-43
-3.3491e-43
-3.3491e-43
-3.3491e-43
-3.3491e-43
-3.3491e-43
-3.3491e-43
-3.3491e-43
-3.3491e-43
-3.3491e-43
-3.3491e-43
-3.3491e-43
-3.3491e-43
-3.3491e-43
-3.3491e-43
-3.3491e-43
-3.3491e-43
-3.3491e-43
-3.3491e-43
-3.3491e-43
-3.3491e-43
-3.3491e-43
-3.3491e-43
-3.3491e-43
-3.3491e-43
-3.3491e-43
-3.3491e-43
-3.3491e-43
-3.3491e-43
-3.3491e-43
-3.3491e-43
-3.3491e-43
-3.3491e-43
-3.3491e-43
-3.3491e-43
-3.3491e-43
-3.3491e-43
-3.3491e-43
-3.3491e-43
-3.3491e-43
-3.3491e-43
-3.3491e-43
-3.3491e-43
-3.3491e-43
-3.3491e-43
-3.3491e-43
-3.3491e-43
-3.3491e-43
-3.3491e-43
-3.3491e-43
-3.3491e-43
-3.3491e-43
-3.3491e-43
-3.3491e-43
-3.3491e-43
-3.3491e-43
-3.3491e-43
-3.3491e-43
-3.3491e-43
-3.3491e-43
-3.3491e-43
-3.3491e-43
-3.3491e-43
-3.3491e-43
-3.3491e-43
-3.3491e-43
-3.3491e-43
-3.3491e-43
-3.3491e-43
-3.3491e-43
-3.3491e-43
-3.3491e-43
-3.3491e-43
-3.3491e-43
-3.3491e-43
-3.3491e-43
-3.3491e-43
-3.3491e-43
-3.3491e-43
-3.3491e-43
-3.3491e-43
-3.3491e-43
-3.3491e-43
-3.3491e-43
-3.3491e-43
-3.3491e-43
-3.3491e-43
-3.3491e-43
-3.3491e-43
-3.3491e-43
-3.3491e-43
-3.3491e-43
-3.3491e-43
-3.3491e-43
-3.3491e-43
-3.3491e-43
-3.3491e-43
-3.3491e-43
-3.3491e-43
-3.3491e-43
-3.3491e-43
-3.3491e-43
-3.3491e-43
-3.3491e-43
-3.3491e-43
-3.3491e-43
-3.3491e-43
-3.3491e-43
-3.3491e-43
-3.3491e-43
-3.3491e-43
-3.3491e-43
-3.3491e-43
-3.3491e-43
-3.3491e-43
-3.3491e-43
-3.3491e-43
-3.3491e-43
-3.3491e-43
-3.3491e-43
-3.3491e-43
-3.3491e-43
-3.3491e-43
-3.3491e-43
-3.3491e-43
-3.3491e-43
-3.3491e-43
-3.3491e-43
-3.3491e-43
-3.3491e-43
-3.3491e-43
-3.3491e-43
-3.3491e-43
-3.3491e-43
-3.3491e-43
-3.3491e-43
-3.3491e-43
-3.3491e-43
-3.3491e-43
-3.3491e-43
-3.3491e-43
-3.3491e-43
-3.3491e-43
-3.3491e-43
-3.3491e-43
-3.3491e-43
-3.3491e-43
-3.3491e-43
-3.3491e-43
-3.3491e-43
-3.3491e-43
-3.3491e-43
-3.3491e-43
-3.3491e-43
-3.3491e-43
-3.3491e-43
-3.3491e-43
-3.3491e-43
-3.3491e-43
-3.3491e-43
-3.3491e-43
-3.3491e-43
-3.3491e-43
-3.3491e-43
-3.3491e-43
-3.3491e-43
-3.3491e-43
-3.3491e-43
-3.3491e-43
-3.3491e-43
-3.3491e-43
-3.3491e-43
-3.3491e-43
-3.3491e-43
-3.3491e-43
-3.3491e-43
-3.3491e-43
-3.3491e-43
-3.3491e-43
-3.3491e-43
-3.3491e-43
-3.3491e-43
-3.3491e-43
-3.3491e-43
-3.3491e-43
-3.3491e-43
-3.3491e-43
-3.3491e-43
-3.3491e-43
-3.3491e-43
-3.3491e-43
-3.3491e-43
-3.3491e-43
-3.3491e-43
-3.3491e-43
-3.3491e-43
-3.3491e-43
-3.3491e-43
-3.3491e-43
-3.3491e-43
-3.3491e-43
-3.3491e-43
-3.3491e-43
-3.3491e-43
-3.3491e-43
-3.3491e-43
-3.3491e-43
-3.3491e-43
-3.3491e-43
-3.3491e-43
-3.3491e-43
-3.3491e-43
-3.3491e-43
-3.3491e-43
-3.3491e-43
-3.3491e-43
-3.3491e-43
-3.3491e-43
-3.3491e-43
-3.3491e-43
-3.3491e-43
-3.3491e-43
-3.3491e-43
-3.3491e-43
-3.3491e-43
-3.3491e-43
-3.3491e-43
-3.3491e-43
-3.3491e-43
-3.3491e-43
-3.3491e-43
-3.3491e-43
-3.3491e-43
-3.3491e-43
-3.3491e-43
-3.3491e-43
-3.3491e-43
-3.3491e-43
-3.3491e-43
-3.3491e-43
-3.3491e-43
-3.3491e-43
-3.3491e-43
-3.3491e-43
-3.3491e-43
-3.3491e-43
-3.3491e-43
-3.3491e-43
-3.3491e-43
-3.3491e-43
-3.3491e-43
-3.3491e-43
-3.3491e-43
-3.3491e-43
-3.3491e-43
-3.3491e-43
-3.3491e-43
-3.3491e-43
-3.3491e-43
-3.3491e-43
-3.3491e-43
-3.3491e-43
-3.3491e-43
-3.3491e-43
-3.3491e-43
-3.3491e-43
-3.3491e-43
-3.3491e-43
-3.3491e-43
-3.3491e-43
-3.3491e-43
-3.3491e-43
-3.3491e-43
-3.3491e-43
-3.3491e-43
-3.3491e-43
-3.3491e-43
-3.3491e-43
-3.3491e-43
-3.3491e-43
-3.3491e-43
-3.3491e-43
-3.3491e-43
-3.3491e-43
-3.3491e-43
-3.3491e-43
-3.3491e-43
-3.3491e-43
-3.3491e-43
-3.3491e-43
-3.3491e-43
-3.3491e-43
-3.3491e-43
-3.3491e-43
-3.3491e-43
-3.3491e-43
-3.3491e-43
-3.3491e-43
-3.3491e-43
-3.3491e-43
-3.3491e-43
-3.3491e-43
-3.3491e-43
-3.3491e-43
-3.3491e-43
-3.3491e-43
-3.3491e-43
-3.3491e-43
-3.3491e-43
-3.3491e-43
-3.3491e-43
-3.3491e-43
-3.3491e-43
-3.3491e-43
-3.3491e-43
-3.3491e-43
-3.3491e-43
-3.3491e-43
-3.3491e-43
-3.3491e-43
-3.3491e-43
-3.3491e-43
-3.3491e-43
-3.3491e-43
-3.3491e-43
-3.3491e-43
-3.3491e-43
-3.3491e-43
-3.3491e-43
-3.3491e-43
-3.3491e-43
-3.3491e-43
-3.3491e-43
-3.3491e-43
-3.3491e-43
-3.3491e-43
-3.3491e-43
-3.3491e-43
-3.3491e-43
-3.3491e-43
-3.3491e-43
-3.3491e-43
-3.3491e-43
-3.3491e-43
-3.3491e-43
-3.3491e-43
-3.3491e-43
-3.3491e-43
-3.3491e-43
-3.3491e-43
-3.3491e-43
-3.3491e-43
-3.3491e-43
-3.3491e-43
-3.3491e-43
-3.3491e-43
-3.3491e-43
-3.3491e-43
-3.3491e-43
-3.3491e-43
-3.3491e-43
-3.3491e-43
-3.3491e-43
-3.3491e-43
-3.3491e-43
-3.3491e-43
-3.3491e-43
-3.3491e-43
-3.3491e-43
-3.3491e-43
-3.3491e-43
-3.3491e-43
-3.3491e-43
-3.3491e-43
-3.3491e-43
-3.3491e-43
-3.3491e-43
-3.3491e-43
-3.3491e-43
-3.3491e-43
-3.3491e-43
-3.3491e-43
-3.3491e-43
-3.3491e-43
-3.3491e-43
-3.3491e-43
-3.3491e-43
-3.3491e-43
-3.3491e-43
-3.3491e-43
-3.3491e-43
-3.3491e-43
-3.3491e-43
-3.3491e-43
-3.3491e-43
-3.3491e-43
-3.3491e-43
-3.3491e-43
-3.3491e-43
-3.3491e-43
-3.3491e-43
-3.3491e-43
-3.3491e-43
-3.3491e-43
-3.3491e-43
-3.3491e-43
-3.3491e-43
-3.3491e-43
-3.3491e-43
-3.3491e-43
-3.3491e-43
-3.3491e-43
-3.3491e-43
-3.3491e-43
-3.3491e-43
-3.3491e-43
-3.3491e-43
-3.3491e-43
-3.3491e-43
-3.3491e-43
-3.3491e-43
-3.3491e-43
-3.3491e-43
-3.3491e-43
-3.3491e-43
-3.3491e-43
-3.3491e-43
-3.3491e-43
-3.3491e-43
-3.3491e-43
-3.3491e-43
-3.3491e-43
-3.3491e-43
-3.3491e-43
-3.3491e-43
-3.3491e-43
-3.3491e-43
-3.3491e-43
-3.3491e-43
-3.3491e-43
-3.3491e-43
-3.3491e-43
-3.3491e-43
-3.3491e-43
-3.3491e-43
-3.3491e-43
-3.3491e-43
-3.3491e-43
-3.3491e-43
-3.3491e-43
-3.3491e-43
-3.3491e-43
-3.3491e-43
-3.3491e-43
-3.3491e-43
-3.3491e-43
-3.3491e-43
-3.3491e-43
-3.3491e-43
-3.3491e-43
-3.3491e-43
-3.3491e-43
-3.3491e-43
-3.3491e-43
-3.3491e-43
-3.3491e-43
-3.3491e-43
-3.3491e-43
-3.3491e-43
-3.3491e-43
-3.3491e-43
-3.3491e-43
-3.3491e-43
-3.3491e-43
-3.3491e-43
-3.3491e-43
-3.3491e-43
-3.3491e-43
-3.3491e-43
-3.3491e-43
-3.3491e-43
-3.3491e-43
-3.3491e-43
-3.3491e-43
-3.3491e-43
-3.3491e-43
-3.3491e-43
-3.3491e-43
-3.3491e-43
-3.3491e-43
-3.3491e-43
-3.3491e-43
-3.3491e-43
-3.3491e-43
-3.3491e-43
-3.3491e-43
-3.3491e-43
-3.3491e-43
-3.3491e-43
-3.3491e-43
-3.3491e-43
-3.3491e-43
-3.3491e-43
-3.3491e-43
-3.3491e-43
-3.3491e-43
-3.3491e-43
-3.3491e-43
-3.3491e-43
-3.3491e-43
-3.3491e-43
-3.3491e-43
-3.3491e-43
-3.3491e-43
-3.3491e-43
-3.3491e-43
-3.3491e-43
-3.3491e-43
-3.3491e-43
-3.3491e-43
-3.3491e-43
-3.3491e-43
-3.3491e-43
-3.3491e-43
-3.3491e-43
-3.3491e-43
-3.3491e-43
-3.3491e-43
-3.3491e-43
-3.3491e-43
-3.3491e-43
-3.3491e-43
-3.3491e-43
-3.3491e-43
-3.3491e-43
-3.3491e-43
-3.3491e-43
-3.3491e-43
-3.3491e-43
-3.3491e-43
-3.3491e-43
-3.3491e-43
-3.3491e-43
-3.3491e-43
-3.3491e-43
-3.3491e-43
-3.3491e-43
-3.3491e-43
-3.3491e-43
-3.3491e-43
-3.3491e-43
-3.3491e-43
-3.3491e-43
-3.3491e-43
-3.3491e-43
-3.3491e-43
-3.3491e-43
-3.3491e-43
-3.3491e-43
-3.3491e-43
-3.3491e-43
-3.3491e-43
-3.3491e-43
-3.3491e-43
-3.3491e-43
-3.3491e-43
-3.3491e-43
-3.3491e-43
-3.3491e-43
-3.3491e-43
-3.3491e-43
-3.3491e-43
-3.3491e-43
-3.3491e-43
-3.3491e-43
-3.3491e-43
-3.3491e-43
-3.3491e-43
-3.3491e-43
-3.3491e-43
-3.3491e-43
-3.3491e-43
-3.3491e-43
-3.3491e-43
-3.3491e-43
-3.3491e-43
-3.3491e-43
-3.3491e-43
-3.3491e-43
-3.3491e-43
-3.3491e-43
-3.3491e-43
-3.3491e-43
-3.3491e-43
-3.3491e-43
-3.3491e-43
-3.3491e-43
-3.3491e-43
-3.3491e-43
-3.3491e-43
-3.3491e-43
-3.3491e-43
-3.3491e-43
-3.3491e-43
-3.3491e-43
-3.3491e-43
-3.3491e-43
-3.3491e-43
-3.3491e-43
-3.3491e-43
-3.3491e-43
-3.3491e-43
-3.3491e-43
-3.3491e-43
-3.3491e-43
-3.3491e-43
-3.3491e-43
-3.3491e-43
-3.3491e-43
-3.3491e-43
-3.3491e-43
-3.3491e-43
-3.3491e-43
-3.3491e-43
-3.3491e-43
-3.3491e-43
-3.3491e-43
-3.3491e-43
-3.3491e-43
-3.3491e-43
-3.3491e-43
-3.3491e-43
-3.3491e-43
-3.3491e-43
-3.3491e-43
-3.3491e-43
-3.3491e-43
-3.3491e-43
-3.3491e-43
-3.3491e-43
-3.3491e-43
-3.3491e-43
-3.3491e-43
-3.3491e-43
-3.3491e-43
-3.3491e-43
-3.3491e-43
-3.3491e-43
-3.3491e-43
-3.3491e-43
-3.3491e-43
-3.3491e-43
-3.3491e-43
-3.3491e-43
-3.3491e-43
-3.3491e-43
-3.3491e-43
-3.3491e-43
-3.3491e-43
-3.3491e-43
-3.3491e-43
-3.3491e-43
-3.3491e-43
-3.3491e-43
-3.3491e-43
-3.3491e-43
-3.3491e-43
-3.3491e-43
-3.3491e-43
-3.3491e-43
-3.3491e-43
-3.3491e-43
-3.3491e-43
-3.3491e-43
-3.3491e-43
-3.3491e-43
-3.3491e-43
-3.3491e-43
-3.3491e-43
-3.3491e-43
-3.3491e-43
-3.3491e-43
-3.3491e-43
-3.3491e-43
-3.3491e-43
-3.3491e-43
-3.3491e-43
-3.3491e-43
-3.3491e-43
-3.3491e-43
-3.3491e-43
-3.3491e-43
-3.3491e-43
-3.3491e-43
-3.3491e-43
-3.3491e-43
-3.3491e-43
-3.3491e-43
-3.3491e-43
-3.3491e-43
-3.3491e-43
-3.3491e-43
-3.3491e-43
-3.3491e-43
-3.3491e-43
-3.3491e-43
-3.3491e-43
-3.3491e-43
-3.3491e-43
-3.3491e-43
-3.3491e-43
-3.3491e-43
-3.3491e-43
-3.3491e-43
-3.3491e-43
-3.3491e-43
-3.3491e-43
-3.3491e-43
-3.3491e-43
-3.3491e-43
-3.3491e-43
-3.3491e-43
-3.3491e-43
-3.3491e-43
-3.3491e-43
-3.3491e-43
-3.3491e-43
-3.3491e-43
-3.3491e-43
-3.3491e-43
-3.3491e-43
-3.3491e-43
-3.3491e-43
-3.3491e-43
-3.3491e-43
-3.3491e-43
-3.3491e-43
-3.3491e-43
-3.3491e-43
-3.3491e-43
-3.3491e-43
-3.3491e-43
-3.3491e-43
-3.3491e-43
-3.3491e-43
-3.3491e-43
-3.3491e-43
-3.3491e-43
-3.3491e-43
-3.3491e-43
-3.3491e-43
-3.3491e-43
-3.3491e-43
-3.3491e-43
-3.3491e-43
-3.3491e-43
-3.3491e-43
-3.3491e-43
-3.3491e-43
-3.3491e-43
-3.3491e-43
-3.3491e-43
-3.3491e-43
-3.3491e-43
-3.3491e-43
-3.3491e-43
-3.3491e-43
-3.3491e-43
-3.3491e-43
-3.3491e-43
-3.3491e-43
-3.3491e-43
-3.3491e-43
-3.3491e-43
-3.3491e-43
-3.3491e-43
-3.3491e-43
-3.3491e-43
-3.3491e-43
-3.3491e-43
-3.3491e-43
-3.3491e-43
-3.3491e-43
-3.3491e-43
-3.3491e-43
-3.3491e-43
-3.3491e-43
-3.3491e-43
-3.3491e-43
-3.3491e-43
-3.3491e-43
-3.3491e-43
-3.3491e-43
-3.3491e-43
-3.3491e-43
-3.3491e-43
-3.3491e-43
-3.3491e-43
-3.3491e-43
-3.3491e-43
-3.3491e-43
-3.3491e-43
-3.3491e-43
-3.3491e-43
-3.3491e-43
-3.3491e-43
-3.3491e-43
-3.3491e-43
-3.3491e-43
-3.3491e-43
-3.3491e-43
-3.3491e-43
-3.3491e-43
-3.3491e-43
-3.3491e-43
-3.3491e-43
-3.3491e-43
-3.3491e-43
-3.3491e-43
-3.3491e-43
-3.3491e-43
-3.3491e-43
-3.3491e-43
-3.3491e-43
-3.3491e-43
-3.3491e-43
-3.3491e-43
-3.3491e-43
-3.3491e-43
-3.3491e-43
-3.3491e-43
-3.3491e-43
-3.3491e-43
-3.3491e-43
-3.3491e-43
-3.3491e-43
-3.3491e-43
-3.3491e-43
-3.3491e-43
-3.3491e-43
-3.3491e-43
-3.3491e-43
-3.3491e-43
-3.3491e-43
-3.3491e-43
-3.3491e-43
-3.3491e-43
-3.3491e-43
-3.3491e-43
-3.3491e-43
-3.3491e-43
-3.3491e-43
-3.3491e-43
-3.3491e-43
-3.3491e-43
-3.3491e-43
-3.3491e-43
-3.3491e-43
-3.3491e-43
-3.3491e-43
-3.3491e-43
-3.3491e-43
-3.3491e-43
-3.3491e-43
-3.3491e-43
-3.3491e-43
-3.3491e-43
-3.3491e-43
-3.3491e-43
-3.3491e-43
-3.3491e-43
-3.3491e-43
-3.3491e-43
-3.3491e-43
-3.3491e-43
-3.3491e-43
-3.3491e-43
-3.3491e-43
-3.3491e-43
-3.3491e-43
-3.3491e-43
-3.3491e-43
-3.3491e-43
-3.3491e-43
-3.3491e-43
-3.3491e-43
-3.3491e-43
-3.3491e-43
-3.3491e-43
-3.3491e-43
-3.3491e-43
-3.3491e-43
-3.3491e-43
-3.3491e-43
-3.3491e-43
-3.3491e-43
-3.3491e-43
-3.3491e-43
-3.3491e-43
-3.3491e-43
-3.3491e-43
-3.3491e-43
-3.3491e-43
-3.3491e-43
-3.3491e-43
-3.3491e-43
-3.3491e-43
-3.3491e-43
-3.3491e-43
-3.3491e-43
-3.3491e-43
-3.3491e-43
-3.3491e-43
-3.3491e-43
-3.3491e-43
-3.3491e-43
-3.3491e-43
-3.3491e-43
-3.3491e-43
-3.3491e-43
-3.3491e-43
-3.3491e-43
-3.3491e-43
-3.3491e-43
-3.3491e-43
-3.3491e-43
-3.3491e-43
-3.3491e-43
-3.3491e-43
-3.3491e-43
-3.3491e-43
-3.3491e-43
-3.3491e-43
-3.3491e-43
-3.3491e-43
-3.3491e-43
-3.3491e-43
-3.3491e-43
-3.3491e-43
-3.3491e-43
-3.3491e-43
-3.3491e-43
-3.3491e-43
-3.3491e-43
-3.3491e-43
-3.3491e-43
-3.3491e-43
-3.3491e-43
-3.3491e-43
-3.3491e-43
-3.3491e-43
-3.3491e-43
-3.3491e-43
-3.3491e-43
-3.3491e-43
-3.3491e-43
-3.3491e-43
-3.3491e-43
-3.3491e-43
-3.3491e-43
-3.3491e-43
-3.3491e-43
-3.3491e-43
-3.3491e-43
-3.3491e-43
-3.3491e-43
-3.3491e-43
-3.3491e-43
-3.3491e-43
-3.3491e-43
-3.3491e-43
-3.3491e-43
-3.3491e-43
-3.3491e-43
-3.3491e-43
-3.3491e-43
-3.3491e-43
-3.3491e-43
-3.3491e-43
-3.3491e-43
-3.3491e-43
-3.3491e-43
-3.3491e-43
-3.3491e-43
-3.3491e-43
-3.3491e-43
-3.3491e-43
-3.3491e-43
-3.3491e-43
-3.3491e-43
-3.3491e-43
-3.3491e-43
-3.3491e-43
-3.3491e-43
-3.3491e-43
-3.3491e-43
-3.3491e-43
-3.3491e-43
-3.3491e-43
-3.3491e-43
-3.3491e-43
-3.3491e-43
-3.3491e-43
-3.3491e-43
-3.3491e-43
-3.3491e-43
-3.3491e-43
-3.3491e-43
-3.3491e-43
-3.3491e-43
-3.3491e-43
-3.3491e-43
-3.3491e-43
-3.3491e-43
-3.3491e-43
-3.3491e-43
-3.3491e-43
-3.3491e-43
-3.3491e-43
-3.3491e-43
-3.3491e-43
-3.3491e-43
-3.3491e-43
-3.3491e-43
-3.3491e-43
-3.3491e-43
-3.3491e-43
-3.3491e-43
-3.3491e-43
-3.3491e-43
-3.3491e-43
-3.3491e-43
-3.3491e-43
-3.3491e-43
-3.3491e-43
-3.3491e-43
-3.3491e-43
-3.3491e-43
-3.3491e-43
-3.3491e-43
-3.3491e-43
-3.3491e-43
-3.3491e-43
-3.3491e-43
-3.3491e-43
-3.3491e-43
-3.3491e-43
-3.3491e-43
-3.3491e-43
-3.3491e-43
-3.3491e-43
-3.3491e-43
-3.3491e-43
-3.3491e-43
-3.3491e-43
-3.3491e-43
-3.3491e-43
-3.3491e-43
-3.3491e-43
-3.3491e-43
-3.3491e-43
-3.3491e-43
-3.3491e-43
-3.3491e-43
-3.3491e-43
-3.3491e-43
-3.3491e-43
-3.3491e-43
-3.3491e-43
-3.3491e-43
-3.3491e-43
-3.3491e-43
-3.3491e-43
-3.3491e-43
-3.3491e-43
-3.3491e-43
-3.3491e-43
-3.3491e-43
-3.3491e-43
-3.3491e-43
-3.3491e-43
-3.3491e-43
-3.3491e-43
-3.3491e-43
-3.3491e-43
-3.3491e-43
-3.3491e-43
-3.3491e-43
-3.3491e-43
-3.3491e-43
-3.3491e-43
-3.3491e-43
-3.3491e-43
-3.3491e-43
-3.3491e-43
-3.3491e-43
-3.3491e-43
-3.3491e-43
-3.3491e-43
-3.3491e-43
-3.3491e-43
-3.3491e-43
-3.3491e-43
-3.3491e-43
-3.3491e-43
-3.3491e-43
-3.3491e-43
-3.3491e-43
-3.3491e-43
-3.3491e-43
-3.3491e-43
-3.3491e-43
-3.3491e-43
-3.3491e-43
-3.3491e-43
-3.3491e-43
-3.3491e-43
-3.3491e-43
-3.3491e-43
-3.3491e-43
-3.3491e-43
-3.3491e-43
-3.3491e-43
-3.3491e-43
-3.3491e-43
-3.3491e-43
-3.3491e-43
-3.3491e-43
-3.3491e-43
-3.3491e-43
-3.3491e-43
-3.3491e-43
-3.3491e-43
-3.3491e-43
-3.3491e-43
-3.3491e-43
-3.3491e-43
-3.3491e-43
-3.3491e-43
-3.3491e-43
-3.3491e-43
-3.3491e-43
-3.3491e-43
-3.3491e-43
-3.3491e-43
-3.3491e-43
-3.3491e-43
-3.3491e-43
-3.3491e-43
-3.3491e-43
-3.3491e-43
-3.3491e-43
-3.3491e-43
-3.3491e-43
-3.3491e-43
-3.3491e-43
-3.3491e-43
-3.3491e-43
-3.3491e-43
-3.3491e-43
-3.3491e-43
-3.3491e-43
-3.3491e-43
-3.3491e-43
-3.3491e-43
-3.3491e-43
-3.3491e-43
-3.3491e-43
-3.3491e-43
-3.3491e-43
-3.3491e-43
-3.3491e-43
-3.3491e-43
-3.3491e-43
-3.3491e-43
-3.3491e-43
-3.3491e-43
-3.3491e-43
-3.3491e-43
-3.3491e-43
-3.3491e-43
-3.3491e-43
-3.3491e-43
-3.3491e-43
-3.3491e-43
-3.3491e-43
-3.3491e-43
-3.3491e-43
-3.3491e-43
-3.3491e-43
-3.3491e-43
-3.3491e-43
-3.3491e-43
-3.3491e-43
-3.3491e-43
-3.3491e-43
-3.3491e-43
-3.3491e-43
-3.3491e-43
-3.3491e-43
-3.3491e-43
-3.3491e-43
-3.3491e-43
-3.3491e-43
-3.3491e-43
-3.3491e-43
-3.3491e-43
-3.3491e-43
-3.3491e-43
-3.3491e-43
-3.3491e-43
-3.3491e-43
-3.3491e-43
-3.3491e-43
-3.3491e-43
-3.3491e-43
-3.3491e-43
-3.3491e-43
-3.3491e-43
-3.3491e-43
-3.3491e-43
-3.3491e-43
-3.3491e-43
-3.3491e-43
-3.3491e-43
-3.3491e-43
-3.3491e-43
-3.3491e-43
-3.3491e-43
-3.3491e-43
-3.3491e-43
-3.3491e-43
-3.3491e-43
-3.3491e-43
-3.3491e-43
-3.3491e-43
-3.3491e-43
-3.3491e-43
-3.3491e-43
-3.3491e-43
-3.3491e-43
-3.3491e-43
-3.3491e-43
-3.3491e-43
-3.3491e-43
-3.3491e-43
-3.3491e-43
-3.3491e-43
-3.3491e-43
-3.3491e-43
-3.3491e-43
-3.3491e-43
-3.3491e-43
-3.3491e-43
-3.3491e-43
-3.3491e-43
-3.3491e-43
-3.3491e-43
-3.3491e-43
-3.3491e-43
-3.3491e-43
-3.3491e-43
-3.3491e-43
-3.3491e-43
-3.3491e-43
-3.3491e-43
-3.3491e-43
-3.3491e-43
-3.3491e-43
-3.3491e-43
-3.3491e-43
-3.3491e-43
-3.3491e-43
-3.3491e-43
-3.3491e-43
-3.3491e-43
-3.3491e-43
-3.3491e-43
-3.3491e-43
-3.3491e-43
-3.3491e-43
-3.3491e-43
-3.3491e-43
-3.3491e-43
-3.3491e-43
-3.3491e-43
-3.3491e-43
-3.3491e-43
-3.3491e-43
-3.3491e-43
-3.3491e-43
-3.3491e-43
-3.3491e-43
-3.3491e-43
-3.3491e-43
-3.3491e-43
-3.3491e-43
-3.3491e-43
-3.3491e-43
-3.3491e-43
-3.3491e-43
-3.3491e-43
-3.3491e-43
-3.3491e-43
-3.3491e-43
-3.3491e-43
-3.3491e-43
-3.3491e-43
-3.3491e-43
-3.3491e-43
-3.3491e-43
-3.3491e-43
-3.3491e-43
-3.3491e-43
-3.3491e-43
-3.3491e-43
-3.3491e-43
-3.3491e-43
-3.3491e-43
-3.3491e-43
-3.3491e-43
-3.3491e-43
-3.3491e-43
-3.3491e-43
-3.3491e-43
-3.3491e-43
-3.3491e-43
-3.3491e-43
-3.3491e-43
-3.3491e-43
-3.3491e-43
-3.3491e-43
-3.3491e-43
-3.3491e-43
-3.3491e-43
-3.3491e-43
-3.3491e-43
-3.3491e-43
-3.3491e-43
-3.3491e-43
-3.3491e-43
-3.3491e-43
-3.3491e-43
-3.3491e-43
-3.3491e-43
-3.3491e-43
-3.3491e-43
-3.3491e-43
-3.3491e-43
-3.3491e-43
-3.3491e-43
-3.3491e-43
-3.3491e-43
-3.3491e-43
-3.3491e-43
-3.3491e-43
-3.3491e-43
-3.3491e-43
-3.3491e-43
-3.3491e-43
-3.3491e-43
-3.3491e-43
-3.3491e-43
-3.3491e-43
-3.3491e-43
-3.3491e-43
-3.3491e-43
-3.3491e-43
-3.3491e-43
-3.3491e-43
-3.3491e-43
-3.3491e-43
-3.3491e-43
-3.3491e-43
-3.3491e-43
-3.3491e-43
-3.3491e-43
-3.3491e-43
-3.3491e-43
-3.3491e-43
-3.3491e-43
-3.3491e-43
-3.3491e-43
-3.3491e-43
-3.3491e-43
-3.3491e-43
-3.3491e-43
-3.3491e-43
-3.3491e-43
-3.3491e-43
-3.3491e-43
-3.3491e-43
-3.3491e-43
-3.3491e-43
-3.3491e-43
-3.3491e-43
-3.3491e-43
-3.3491e-43
-3.3491e-43
-3.3491e-43
-3.3491e-43
-3.3491e-43
-3.3491e-43
-3.3491e-43
-3.3491e-43
-3.3491e-43
-3.3491e-43
-3.3491e-43
-3.3491e-43
-3.3491e-43
-3.3491e-43
-3.3491e-43
-3.3491e-43
-3.3491e-43
-3.3491e-43
-3.3491e-43
-3.3491e-43
-3.3491e-43
-3.3491e-43
-3.3491e-43
-3.3491e-43
-3.3491e-43
-3.3491e-43
-3.3491e-43
-3.3491e-43
-3.3491e-43
-3.3491e-43
-3.3491e-43
-3.3491e-43
-3.3491e-43
-3.3491e-43
-3.3491e-43
-3.3491e-43
-3.3491e-43
-3.3491e-43
-3.3491e-43
-3.3491e-43
-3.3491e-43
-3.3491e-43
-3.3491e-43
-3.3491e-43
-3.3491e-43
-3.3491e-43
-3.3491e-43
-3.3491e-43
-3.3491e-43
-3.3491e-43
-3.3491e-43
-3.3491e-43
-3.3491e-43
-3.3491e-43
-3.3491e-43
-3.3491e-43
-3.3491e-43
-3.3491e-43
-3.3491e-43
-3.3491e-43
-3.3491e-43
-3.3491e-43
-3.3491e-43
-3.3491e-43
-3.3491e-43
-3.3491e-43
-3.3491e-43
-3.3491e-43
-3.3491e-43
-3.3491e-43
-3.3491e-43
-3.3491e-43
-3.3491e-43
-3.3491e-43
-3.3491e-43
-3.3491e-43
-3.3491e-43
-3.3491e-43
-3.3491e-43
-3.3491e-43
-3.3491e-43
-3.3491e-43
-3.3491e-43
-3.3491e-43
-3.3491e-43
-3.3491e-43
-3.3491e-43
-3.3491e-43
-3.3491e-43
-3.3491e-43
-3.3491e-43
-3.3491e-43
-3.3491e-43
-3.3491e-43
-3.3491e-43
-3.3491e-43
-3.3491e-43
-3.3491e-43
-3.3491e-43
-3.3491e-43
-3.3491e-43
-3.3491e-43
-3.3491e-43
-3.3491e-43
-3.3491e-43
-3.3491e-43
-3.3491e-43
-3.3491e-43
-3.3491e-43
-3.3491e-43
-3.3491e-43
-3.3491e-43
-3.3491e-43
-3.3491e-43
-3.3491e-43
-3.3491e-43
-3.3491e-43
-3.3491e-43
-3.3491e-43
-3.3491e-43
-3.3491e-43
-3.3491e-43
-3.3491e-43
-3.3491e-43
-3.3491e-43
-3.3491e-43
-3.3491e-43
-3.3491e-43
-3.3491e-43
-3.3491e-43
-3.3491e-43
-3.3491e-43
-3.3491e-43
-3.3491e-43
-3.3491e-43
-3.3491e-43
-3.3491e-43
-3.3491e-43
-3.3491e-43
-3.3491e-43
-3.3491e-43
-3.3491e-43
-3.3491e-43
-3.3491e-43
-3.3491e-43
-3.3491e-43
-3.3491e-43
-3.3491e-43
-3.3491e-43
-3.3491e-43
-3.3491e-43
-3.3491e-43
-3.3491e-43
-3.3491e-43
-3.3491e-43
-3.3491e-43
-3.3491e-43
-3.3491e-43
-3.3491e-43
-3.3491e-43
-3.3491e-43
-3.3491e-43
-3.3491e-43
-3.3491e-43
-3.3491e-43
-3.3491e-43
-3.3491e-43
-3.3491e-43
-3.3491e-43
-3.3491e-43
-3.3491e-43
-3.3491e-43
-3.3491e-43
-3.3491e-43
-3.3491e-43
-3.3491e-43
-3.3491e-43
-3.3491e-43
-3.3491e-43
-3.3491e-43
-3.3491e-43
-3.3491e-43
-3.3491e-43
-3.3491e-43
-3.3491e-43
-3.3491e-43
-3.3491e-43
-3.3491e-43
-3.3491e-43
-3.3491e-43
-3.3491e-43
-3.3491e-43
-3.3491e-43
-3.3491e-43
-3.3491e-43
-3.3491e-43
-3.3491e-43
-3.3491e-43
-3.3491e-43
-3.3491e-43
-3.3491e-43
-3.3491e-43
-3.3491e-43
-3.3491e-43
-3.3491e-43
-3.3491e-43
-3.3491e-43
-3.3491e-43
-3.3491e-43
-3.3491e-43
-3.3491e-43
-3.3491e-43
-3.3491e-43
-3.3491e-43
-3.3491e-43
-3.3491e-43
-3.3491e-43
-3.3491e-43
-3.3491e-43
-3.3491e-43
-3.3491e-43
-3.3491e-43
-3.3491e-43
-3.3491e-43
-3.3491e-43
-3.3491e-43
-3.3491e-43
-3.3491e-43
-3.3491e-43
-3.3491e-43
-3.3491e-43
-3.3491e-43
-3.3491e-43
-3.3491e-43
-3.3491e-43
-3.3491e-43
-3.3491e-43
-3.3491e-43
-3.3491e-43
-3.3491e-43
-3.3491e-43
-3.3491e-43
-3.3491e-43
-3.3491e-43
-3.3491e-43
-3.3491e-43
-3.3491e-43
-3.3491e-43
-3.3491e-43
-3.3491e-43
-3.3491e-43
-3.3491e-43
-3.3491e-43
-3.3491e-43
-3.3491e-43
-3.3491e-43
-3.3491e-43
-3.3491e-43
-3.3491e-43
-3.3491e-43
-3.3491e-43
-3.3491e-43
-3.3491e-43
-3.3491e-43
-3.3491e-43
-3.3491e-43
-3.3491e-43
-3.3491e-43
-3.3491e-43
-3.3491e-43
-3.3491e-43
-3.3491e-43
-3.3491e-43
-3.3491e-43
-3.3491e-43
-3.3491e-43
-3.3491e-43
-3.3491e-43
-3.3491e-43
-3.3491e-43
-3.3491e-43
-3.3491e-43
-3.3491e-43
-3.3491e-43
-3.3491e-43
-3.3491e-43
-3.3491e-43
-3.3491e-43
-3.3491e-43
-3.3491e-43
-3.3491e-43
-3.3491e-43
-3.3491e-43
-3.3491e-43
-3.3491e-43
-3.3491e-43
-3.3491e-43
-3.3491e-43
-3.3491e-43
-3.3491e-43
-3.3491e-43
-3.3491e-43
-3.3491e-43
-3.3491e-43
-3.3491e-43
-3.3491e-43
-3.3491e-43
-3.3491e-43
-3.3491e-43
-3.3491e-43
-3.3491e-43
-3.3491e-43
-3.3491e-43
-3.3491e-43
-3.3491e-43
-3.3491e-43
-3.3491e-43
-3.3491e-43
-3.3491e-43
-3.3491e-43
-3.3491e-43
-3.3491e-43
-3.3491e-43
-3.3491e-43
-3.3491e-43
-3.3491e-43
-3.3491e-43
-3.3491e-43
-3.3491e-43
-3.3491e-43
-3.3491e-43
-3.3491e-43
-3.3491e-43
-3.3491e-43
-3.3491e-43
-3.3491e-43
-3.3491e-43
-3.3491e-43
-3.3491e-43
-3.3491e-43
-3.3491e-43
-3.3491e-43
-3.3491e-43
-3.3491e-43
-3.3491e-43
-3.3491e-43
-3.3491e-43
-3.3491e-43
-3.3491e-43
-3.3491e-43
-3.3491e-43
-3.3491e-43
-3.3491e-43
-3.3491e-43
-3.3491e-43
-3.3491e-43
-3.3491e-43
-3.3491e-43
-3.3491e-43
-3.3491e-43
-3.3491e-43
-3.3491e-43
-3.3491e-43
-3.3491e-43
-3.3491e-43
-3.3491e-43
-3.3491e-43
-3.3491e-43
-3.3491e-43
-3.3491e-43
-3.3491e-43
-3.3491e-43
-3.3491e-43
-3.3491e-43
-3.3491e-43
-3.3491e-43
-3.3491e-43
-3.3491e-43
-3.3491e-43
-3.3491e-43
-3.3491e-43
-3.3491e-43
-3.3491e-43
-3.3491e-43
-3.3491e-43
-3.3491e-43
-3.3491e-43
-3.3491e-43
-3.3491e-43
-3.3491e-43
-3.3491e-43
-3.3491e-43
-3.3491e-43
-3.3491e-43
-3.3491e-43
-3.3491e-43
-3.3491e-43
-3.3491e-43
-3.3491e-43
-3.3491e-43
-3.3491e-43
-3.3491e-43
-3.3491e-43
-3.3491e-43
-3.3491e-43
-3.3491e-43
-3.3491e-43
-3.3491e-43
-3.3491e-43
-3.3491e-43
-3.3491e-43
-3.3491e-43
-3.3491e-43
-3.3491e-43
-3.3491e-43
-3.3491e-43
-3.3491e-43
-3.3491e-43
-3.3491e-43
-3.3491e-43
-3.3491e-43
-3.3491e-43
-3.3491e-43
-3.3491e-43
-3.3491e-43
-3.3491e-43
-3.3491e-43
-3.3491e-43
-3.3491e-43
-3.3491e-43
-3.3491e-43
-3.3491e-43
-3.3491e-43
-3.3491e-43
-3.3491e-43
-3.3491e-43
-3.3491e-43
-3.3491e-43
-3.3491e-43
-3.3491e-43
-3.3491e-43
-3.3491e-43
-3.3491e-43
-3.3491e-43
-3.3491e-43
-3.3491e-43
-3.3491e-43
-3.3491e-43
-3.3491e-43
-3.3491e-43
-3.3491e-43
-3.3491e-43
-3.3491e-43
-3.3491e-43
-3.3491e-43
-3.3491e-43
-3.3491e-43
-3.3491e-43
-3.3491e-43
-3.3491e-43
-3.3491e-43
-3.3491e-43
-3.3491e-43
-3.3491e-43
-3.3491e-43
-3.3491e-43
-3.3491e-43
-3.3491e-43
-3.3491e-43
-3.3491e-43
-3.3491e-43
-3.3491e-43
-3.3491e-43
-3.3491e-43
-3.3491e-43
-3.3491e-43
-3.3491e-43
-3.3491e-43
-3.3491e-43
-3.3491e-43
-3.3491e-43
-3.3491e-43
-3.3491e-43
-3.3491e-43
-3.3491e-43
-3.3491e-43
-3.3491e-43
-3.3491e-43
-3.3491e-43
-3.3491e-43
-3.3491e-43
-3.3491e-43
-3.3491e-43
-3.3491e-43
-3.3491e-43
-3.3491e-43
-3.3491e-43
-3.3491e-43
-3.3491e-43
-3.3491e-43
-3.3491e-43
-3.3491e-43
-3.3491e-43
-3.3491e-43
-3.3491e-43
-3.3491e-43
-3.3491e-43
-3.3491e-43
-3.3491e-43
-3.3491e-43
-3.3491e-43
-3.3491e-43
-3.3491e-43
-3.3491e-43
-3.3491e-43
-3.3491e-43
-3.3491e-43
-3.3491e-43
-3.3491e-43
-3.3491e-43
-3.3491e-43
-3.3491e-43
-3.3491e-43
-3.3491e-43
-3.3491e-43
-3.3491e-43
-3.3491e-43
-3.3491e-43
-3.3491e-43
-3.3491e-43
-3.3491e-43
-3.3491e-43
-3.3491e-43
-3.3491e-43
-3.3491e-43
-3.3491e-43
-3.3491e-43
-3.3491e-43
-3.3491e-43
-3.3491e-43
-3.3491e-43
-3.3491e-43
-3.3491e-43
-3.3491e-43
-3.3491e-43
-3.3491e-43
-3.3491e-43
-3.3491e-43
-3.3491e-43
-3.3491e-43
-3.3491e-43
-3.3491e-43
-3.3491e-43
-3.3491e-43
-3.3491e-43
-3.3491e-43
-3.3491e-43
-3.3491e-43
-3.3491e-43
-3.3491e-43
-3.3491e-43
-3.3491e-43
-3.3491e-43
-3.3491e-43
-3.3491e-43
-3.3491e-43
-3.3491e-43
-3.3491e-43
-3.3491e-43
-3.3491e-43
-3.3491e-43
-3.3491e-43
-3.3491e-43
-3.3491e-43
-3.3491e-43
-3.3491e-43
-3.3491e-43
-3.3491e-43
-3.3491e-43
-3.3491e-43
-3.3491e-43
-3.3491e-43
-3.3491e-43
-3.3491e-43
-3.3491e-43
-3.3491e-43
-3.3491e-43
-3.3491e-43
-3.3491e-43
-3.3491e-43
-3.3491e-43
-3.3491e-43
-3.3491e-43
-3.3491e-43
-3.3491e-43
-3.3491e-43
-3.3491e-43
-3.3491e-43
-3.3491e-43
-3.3491e-43
-3.3491e-43
-3.3491e-43
-3.3491e-43
-3.3491e-43
-3.3491e-43
-3.3491e-43
-3.3491e-43
-3.3491e-43
-3.3491e-43
-3.3491e-43
-3.3491e-43
-3.3491e-43
-3.3491e-43
-3.3491e-43
-3.3491e-43
-3.3491e-43
-3.3491e-43
-3.3491e-43
-3.3491e-43
-3.3491e-43
-3.3491e-43
-3.3491e-43
-3.3491e-43
-3.3491e-43
-3.3491e-43
-3.3491e-43
-3.3491e-43
-3.3491e-43
-3.3491e-43
-3.3491e-43
-3.3491e-43
-3.3491e-43
-3.3491e-43
-3.3491e-43
-3.3491e-43
-3.3491e-43
-3.3491e-43
-3.3491e-43
-3.3491e-43
-3.3491e-43
-3.3491e-43
-3.3491e-43
-3.3491e-43
-3.3491e-43
-3.3491e-43
-3.3491e-43
-3.3491e-43
-3.3491e-43
-3.3491e-43
-3.3491e-43
-3.3491e-43
-3.3491e-43
-3.3491e-43
-3.3491e-43
-3.3491e-43
-3.3491e-43
-3.3491e-43
-3.3491e-43
-3.3491e-43
-3.3491e-43
-3.3491e-43
-3.3491e-43
-3.3491e-43
-3.3491e-43
-3.3491e-43
-3.3491e-43
-3.3491e-43
-3.3491e-43
-3.3491e-43
-3.3491e-43
-3.3491e-43
-3.3491e-43
-3.3491e-43
-3.3491e-43
-3.3491e-43
-3.3491e-43
-3.3491e-43
-3.3491e-43
-3.3491e-43
-3.3491e-43
-3.3491e-43
-3.3491e-43
-3.3491e-43
-3.3491e-43
-3.3491e-43
-3.3491e-43
-3.3491e-43
-3.3491e-43
-3.3491e-43
-3.3491e-43
-3.3491e-43
-3.3491e-43
-3.3491e-43
-3.3491e-43
-3.3491e-43
-3.3491e-43
-3.3491e-43
-3.3491e-43
-3.3491e-43
-3.3491e-43
-3.3491e-43
-3.3491e-43
-3.3491e-43
-3.3491e-43
-3.3491e-43
-3.3491e-43
-3.3491e-43
-3.3491e-43
-3.3491e-43
-3.3491e-43
-3.3491e-43
-3.3491e-43
-3.3491e-43
-3.3491e-43
-3.3491e-43
-3.3491e-43
-3.3491e-43
-3.3491e-43
-3.3491e-43
-3.3491e-43
-3.3491e-43
-3.3491e-43
-3.3491e-43
-3.3491e-43
-3.3491e-43
-3.3491e-43
-3.3491e-43
-3.3491e-43
-3.3491e-43
-3.3491e-43
-3.3491e-43
-3.3491e-43
-3.3491e-43
-3.3491e-43
-3.3491e-43
-3.3491e-43
-3.3491e-43
-3.3491e-43
-3.3491e-43
-3.3491e-43
-3.3491e-43
-3.3491e-43
-3.3491e-43
-3.3491e-43
-3.3491e-43
-3.3491e-43
-3.3491e-43
-3.3491e-43
-3.3491e-43
-3.3491e-43
-3.3491e-43
-3.3491e-43
-3.3491e-43
-3.3491e-43
-3.3491e-43
-3.3491e-43
-3.3491e-43
-3.3491e-43
-3.3491e-43
-3.3491e-43
-3.3491e-43
-3.3491e-43
-3.3491e-43
-3.3491e-43
-3.3491e-43
-3.3491e-43
-3.3491e-43
-3.3491e-43
-3.3491e-43
-3.3491e-43
-3.3491e-43
-3.3491e-43
-3.3491e-43
-3.3491e-43
-3.3491e-43
-3.3491e-43
-3.3491e-43
-3.3491e-43
-3.3491e-43
-3.3491e-43
-3.3491e-43
-3.3491e-43
-3.3491e-43
-3.3491e-43
-3.3491e-43
-3.3491e-43
-3.3491e-43
-3.3491e-43
-3.3491e-43
-3.3491e-43
-3.3491e-43
-3.3491e-43
-3.3491e-43
-3.3491e-43
-3.3491e-43
-3.3491e-43
-3.3491e-43
-3.3491e-43
-3.3491e-43
-3.3491e-43
-3.3491e-43
-3.3491e-43
-3.3491e-43
-3.3491e-43
-3.3491e-43
-3.3491e-43
-3.3491e-43
-3.3491e-43
-3.3491e-43
-3.3491e-43
-3.3491e-43
-3.3491e-43
-3.3491e-43
-3.3491e-43
-3.3491e-43
-3.3491e-43
-3.3491e-43
-3.3491e-43
-3.3491e-43
-3.3491e-43
-3.3491e-43
-3.3491e-43
-3.3491e-43
-3.3491e-43
-3.3491e-43
-3.3491e-43
-3.3491e-43
-3.3491e-43
-3.3491e-43
-3.3491e-43
-3.3491e-43
-3.3491e-43
-3.3491e-43
-3.3491e-43
-3.3491e-43
-3.3491e-43
-3.3491e-43
-3.3491e-43
-3.3491e-43
-3.3491e-43
-3.3491e-43
-3.3491e-43
-3.3491e-43
-3.3491e-43
-3.3491e-43
-3.3491e-43
-3.3491e-43
-3.3491e-43
-3.3491e-43
-3.3491e-43
-3.3491e-43
-3.3491e-43
-3.3491e-43
-3.3491e-43
-3.3491e-43
-3.3491e-43
-3.3491e-43
-3.3491e-43
-3.3491e-43
-3.3491e-43
-3.3491e-43
-3.3491e-43
-3.3491e-43
-3.3491e-43
-3.3491e-43
-3.3491e-43
-3.3491e-43
-3.3491e-43
-3.3491e-43
-3.3491e-43
-3.3491e-43
-3.3491e-43
-3.3491e-43
-3.3491e-43
-3.3491e-43
-3.3491e-43
-3.3491e-43
-3.3491e-43
-3.3491e-43
-3.3491e-43
-3.3491e-43
-3.3491e-43
-3.3491e-43
-3.3491e-43
-3.3491e-43
-3.3491e-43
-3.3491e-43
-3.3491e-43
-3.3491e-43
-3.3491e-43
-3.3491e-43
-3.3491e-43
-3.3491e-43
-3.3491e-43
-3.3491e-43
-3.3491e-43
-3.3491e-43
-3.3491e-43
-3.3491e-43
-3.3491e-43
-3.3491e-43
-3.3491e-43
-3.3491e-43
-3.3491e-43
-3.3491e-43
-3.3491e-43
-3.3491e-43
-3.3491e-43
-3.3491e-43
-3.3491e-43
-3.3491e-43
-3.3491e-43
-3.3491e-43
-3.3491e-43
-3.3491e-43
-3.3491e-43
-3.3491e-43
-3.3491e-43
-3.3491e-43
-3.3491e-43
-3.3491e-43
-3.3491e-43
-3.3491e-43
-3.3491e-43
-3.3491e-43
-3.3491e-43
-3.3491e-43
-3.3491e-43
-3.3491e-43
-3.3491e-43
-3.3491e-43
-3.3491e-43
-3.3491e-43
-3.3491e-43
-3.3491e-43
-3.3491e-43
-3.3491e-43
-3.3491e-43
-3.3491e-43
-3.3491e-43
-3.3491e-43
-3.3491e-43
-3.3491e-43
-3.3491e-43
-3.3491e-43
-3.3491e-43
-3.3491e-43
-3.3491e-43
-3.3491e-43
-3.3491e-43
-3.3491e-43
-3.3491e-43
-3.3491e-43
-3.3491e-43
-3.3491e-43
-3.3491e-43
-3.3491e-43
-3.3491e-43
-3.3491e-43
-3.3491e-43
-3.3491e-43
-3.3491e-43
-3.3491e-43
-3.3491e-43
-3.3491e-43
-3.3491e-43
-3.3491e-43
-3.3491e-43
-3.3491e-43
-3.3491e-43
-3.3491e-43
-3.3491e-43
-3.3491e-43
-3.3491e-43
-3.3491e-43
-3.3491e-43
-3.3491e-43
-3.3491e-43
-3.3491e-43
-3.3491e-43
-3.3491e-43
-3.3491e-43
-3.3491e-43
-3.3491e-43
-3.3491e-43
-3.3491e-43
-3.3491e-43
-3.3491e-43
-3.3491e-43
-3.3491e-43
-3.3491e-43
-3.3491e-43
-3.3491e-43
-3.3491e-43
-3.3491e-43
-3.3491e-43
-3.3491e-43
-3.3491e-43
-3.3491e-43
-3.3491e-43
-3.3491e-43
-3.3491e-43
-3.3491e-43
-3.3491e-43
-3.3491e-43
-3.3491e-43
-3.3491e-43
-3.3491e-43
-3.3491e-43
-3.3491e-43
-3.3491e-43
-3.3491e-43
-3.3491e-43
-3.3491e-43
-3.3491e-43
-3.3491e-43
-3.3491e-43
-3.3491e-43
-3.3491e-43
-3.3491e-43
-3.3491e-43
-3.3491e-43
-3.3491e-43
-3.3491e-43
-3.3491e-43
-3.3491e-43
-3.3491e-43
-3.3491e-43
-3.3491e-43
-3.3491e-43
-3.3491e-43
-3.3491e-43
-3.3491e-43
-3.3491e-43
-3.3491e-43
-3.3491e-43
-3.3491e-43
-3.3491e-43
-3.3491e-43
-3.3491e-43
-3.3491e-43
-3.3491e-43
-3.3491e-43
-3.3491e-43
-3.3491e-43
-3.3491e-43
-3.3491e-43
-3.3491e-43
-3.3491e-43
-3.3491e-43
-3.3491e-43
-3.3491e-43
-3.3491e-43
-3.3491e-43
-3.3491e-43
-3.3491e-43
-3.3491e-43
-3.3491e-43
-3.3491e-43
-3.3491e-43
-3.3491e-43
-3.3491e-43
-3.3491e-43
-3.3491e-43
-3.3491e-43
-3.3491e-43
-3.3491e-43
-3.3491e-43
-3.3491e-43
-3.3491e-43
-3.3491e-43
-3.3491e-43
-3.3491e-43
-3.3491e-43
-3.3491e-43
-3.3491e-43
-3.3491e-43
-3.3491e-43
-3.3491e-43
-3.3491e-43
-3.3491e-43
-3.3491e-43
-3.3491e-43
-3.3491e-43
-3.3491e-43
-3.3491e-43
-3.3491e-43
-3.3491e-43
-3.3491e-43
-3.3491e-43
-3.3491e-43
-3.3491e-43
-3.3491e-43
-3.3491e-43
-3.3491e-43
-3.3491e-43
-3.3491e-43
-3.3491e-43
-3.3491e-43
-3.3491e-43
-3.3491e-43
-3.3491e-43
-3.3491e-43
-3.3491e-43
-3.3491e-43
-3.3491e-43
-3.3491e-43
-3.3491e-43
-3.3491e-43
-3.3491e-43
-3.3491e-43
-3.3491e-43
-3.3491e-43
-3.3491e-43
-3.3491e-43
-3.3491e-43
-3.3491e-43
-3.3491e-43
-3.3491e-43
-3.3491e-43
-3.3491e-43
-3.3491e-43
-3.3491e-43
-3.3491e-43
-3.3491e-43
-3.3491e-43
-3.3491e-43
-3.3491e-43
-3.3491e-43
-3.3491e-43
-3.3491e-43
-3.3491e-43
-3.3491e-43
-3.3491e-43
-3.3491e-43
-3.3491e-43
-3.3491e-43
-3.3491e-43
-3.3491e-43
-3.3491e-43
-3.3491e-43
-3.3491e-43
-3.3491e-43
-3.3491e-43
-3.3491e-43
-3.3491e-43
-3.3491e-43
-3.3491e-43
-3.3491e-43
-3.3491e-43
-3.3491e-43
-3.3491e-43
-3.3491e-43
-3.3491e-43
-3.3491e-43
-3.3491e-43
-3.3491e-43
-3.3491e-43
-3.3491e-43
-3.3491e-43
-3.3491e-43
-3.3491e-43
-3.3491e-43
-3.3491e-43
-3.3491e-43
-3.3491e-43
-3.3491e-43
-3.3491e-43
-3.3491e-43
-3.3491e-43
-3.3491e-43
-3.3491e-43
-3.3491e-43
-3.3491e-43
-3.3491e-43
-3.3491e-43
-3.3491e-43
-3.3491e-43
-3.3491e-43
-3.3491e-43
-3.3491e-43
-3.3491e-43
-3.3491e-43
-3.3491e-43
-3.3491e-43
-3.3491e-43
-3.3491e-43
-3.3491e-43
-3.3491e-43
-3.3491e-43
-3.3491e-43
-3.3491e-43
-3.3491e-43
-3.3491e-43
-3.3491e-43
-3.3491e-43
-3.3491e-43
-3.3491e-43
-3.3491e-43
-3.3491e-43
-3.3491e-43
-3.3491e-43
-3.3491e-43
-3.3491e-43
-3.3491e-43
-3.3491e-43
-3.3491e-43
-3.3491e-43
-3.3491e-43
-3.3491e-43
-3.3491e-43
-3.3491e-43
-3.3491e-43
-3.3491e-43
-3.3491e-43
-3.3491e-43
-3.3491e-43
-3.3491e-43
-3.3491e-43
-3.3491e-43
-3.3491e-43
-3.3491e-43
-3.3491e-43
-3.3491e-43
-3.3491e-43
-3.3491e-43
-3.3491e-43
-3.3491e-43
-3.3491e-43
-3.3491e-43
-3.3491e-43
-3.3491e-43
-3.3491e-43
-3.3491e-43
-3.3491e-43
-3.3491e-43
-3.3491e-43
-3.3491e-43
-3.3491e-43
-3.3491e-43
-3.3491e-43
-3.3491e-43
-3.3491e-43
-3.3491e-43
-3.3491e-43
-3.3491e-43
-3.3491e-43
-3.3491e-43
-3.3491e-43
-3.3491e-43
-3.3491e-43
-3.3491e-43
-3.3491e-43
-3.3491e-43
-3.3491e-43
-3.3491e-43
-3.3491e-43
-3.3491e-43
-3.3491e-43
-3.3491e-43
-3.3491e-43
-3.3491e-43
-3.3491e-43
-3.3491e-43
-3.3491e-43
-3.3491e-43
-3.3491e-43
-3.3491e-43
-3.3491e-43
-3.3491e-43
-3.3491e-43
-3.3491e-43
-3.3491e-43
-3.3491e-43
-3.3491e-43
-3.3491e-43
-3.3491e-43
-3.3491e-43
-3.3491e-43
-3.3491e-43
-3.3491e-43
-3.3491e-43
-3.3491e-43
-3.3491e-43
-3.3491e-43
-3.3491e-43
-3.3491e-43
-3.3491e-43
-3.3491e-43
-3.3491e-43
-3.3491e-43
-3.3491e-43
-3.3491e-43
-3.3491e-43
-3.3491e-43
-3.3491e-43
-3.3491e-43
-3.3491e-43
-3.3491e-43
-3.3491e-43
-3.3491e-43
-3.3491e-43
-3.3491e-43
-3.3491e-43
-3.3491e-43
-3.3491e-43
-3.3491e-43
-3.3491e-43
-3.3491e-43
-3.3491e-43
-3.3491e-43
-3.3491e-43
-3.3491e-43
-3.3491e-43
-3.3491e-43
-3.3491e-43
-3.3491e-43
-3.3491e-43
-3.3491e-43
-3.3491e-43
-3.3491e-43
-3.3491e-43
-3.3491e-43
-3.3491e-43
-3.3491e-43
-3.3491e-43
-3.3491e-43
-3.3491e-43
-3.3491e-43
-3.3491e-43
-3.3491e-43
-3.3491e-43
-3.3491e-43
-3.3491e-43
-3.3491e-43
-3.3491e-43
-3.3491e-43
-3.3491e-43
-3.3491e-43
-3.3491e-43
-3.3491e-43
-3.3491e-43
-3.3491e-43
-3.3491e-43
-3.3491e-43
-3.3491e-43
-3.3491e-43
-3.3491e-43
-3.3491e-43
-3.3491e-43
-3.3491e-43
-3.3491e-43
-3.3491e-43
-3.3491e-43
-3.3491e-43
-3.3491e-43
-3.3491e-43
-3.3491e-43
-3.3491e-43
-3.3491e-43
-3.3491e-43
-3.3491e-43
-3.3491e-43
-3.3491e-43
-3.3491e-43
-3.3491e-43
-3.3491e-43
-3.3491e-43
-3.3491e-43
-3.3491e-43
-3.3491e-43
-3.3491e-43
-3.3491e-43
-3.3491e-43
-3.3491e-43
-3.3491e-43
-3.3491e-43
-3.3491e-43
-3.3491e-43
-3.3491e-43
-3.3491e-43
-3.3491e-43
-3.3491e-43
-3.3491e-43
-3.3491e-43
-3.3491e-43
-3.3491e-43
-3.3491e-43
-3.3491e-43
-3.3491e-43
-3.3491e-43
-3.3491e-43
-3.3491e-43
-3.3491e-43
-3.3491e-43
-3.3491e-43
-3.3491e-43
-3.3491e-43
-3.3491e-43
-3.3491e-43
-3.3491e-43
-3.3491e-43
-3.3491e-43
-3.3491e-43
-3.3491e-43
-3.3491e-43
-3.3491e-43
-3.3491e-43
-3.3491e-43
-3.3491e-43
-3.3491e-43
-3.3491e-43
-3.3491e-43
-3.3491e-43
-3.3491e-43
-3.3491e-43
-3.3491e-43
-3.3491e-43
-3.3491e-43
-3.3491e-43
-3.3491e-43
-3.3491e-43
-3.3491e-43
-3.3491e-43
-3.3491e-43
-3.3491e-43
-3.3491e-43
-3.3491e-43
-3.3491e-43
-3.3491e-43
-3.3491e-43
-3.3491e-43
-3.3491e-43
-3.3491e-43
-3.3491e-43
-3.3491e-43
-3.3491e-43
-3.3491e-43
-3.3491e-43
-3.3491e-43
-3.3491e-43
-3.3491e-43
-3.3491e-43
-3.3491e-43
-3.3491e-43
-3.3491e-43
-3.3491e-43
-3.3491e-43
-3.3491e-43
-3.3491e-43
-3.3491e-43
-3.3491e-43
-3.3491e-43
-3.3491e-43
-3.3491e-43
-3.3491e-43
-3.3491e-43
-3.3491e-43
-3.3491e-43
-3.3491e-43
-3.3491e-43
-3.3491e-43
-3.3491e-43
-3.3491e-43
-3.3491e-43
-3.3491e-43
-3.3491e-43
-3.3491e-43
-3.3491e-43
-3.3491e-43
-3.3491e-43
-3.3491e-43
-3.3491e-43
-3.3491e-43
-3.3491e-43
-3.3491e-43
-3.3491e-43
-3.3491e-43
-3.3491e-43
-3.3491e-43
-3.3491e-43
-3.3491e-43
-3.3491e-43
-3.3491e-43
-3.3491e-43
-3.3491e-43
-3.3491e-43
-3.3491e-43
-3.3491e-43
-3.3491e-43
-3.3491e-43
-3.3491e-43
-3.3491e-43
-3.3491e-43
-3.3491e-43
-3.3491e-43
-3.3491e-43
-3.3491e-43
-3.3491e-43
-3.3491e-43
-3.3491e-43
-3.3491e-43
-3.3491e-43
-3.3491e-43
-3.3491e-43
-3.3491e-43
-3.3491e-43
-3.3491e-43
-3.3491e-43
-3.3491e-43
-3.3491e-43
-3.3491e-43
-3.3491e-43
-3.3491e-43
-3.3491e-43
-3.3491e-43
-3.3491e-43
-3.3491e-43
-3.3491e-43
-3.3491e-43
-3.3491e-43
-3.3491e-43
-3.3491e-43
-3.3491e-43
-3.3491e-43
-3.3491e-43
-3.3491e-43
-3.3491e-43
-3.3491e-43
-3.3491e-43
-3.3491e-43
-3.3491e-43
-3.3491e-43
-3.3491e-43
-3.3491e-43
-3.3491e-43
-3.3491e-43
-3.3491e-43
-3.3491e-43
-3.3491e-43
-3.3491e-43
-3.3491e-43
-3.3491e-43
-3.3491e-43
-3.3491e-43
-3.3491e-43
-3.3491e-43
-3.3491e-43
-3.3491e-43
-3.3491e-43
-3.3491e-43
-3.3491e-43
-3.3491e-43
-3.3491e-43
-3.3491e-43
-3.3491e-43
-3.3491e-43
-3.3491e-43
-3.3491e-43
-3.3491e-43
-3.3491e-43
-3.3491e-43
-3.3491e-43
-3.3491e-43
-3.3491e-43
-3.3491e-43
-3.3491e-43
-3.3491e-43
-3.3491e-43
-3.3491e-43
-3.3491e-43
-3.3491e-43
-3.3491e-43
-3.3491e-43
-3.3491e-43
-3.3491e-43
-3.3491e-43
-3.3491e-43
-3.3491e-43
-3.3491e-43
-3.3491e-43
-3.3491e-43
-3.3491e-43
-3.3491e-43
-3.3491e-43
-3.3491e-43
-3.3491e-43
-3.3491e-43
-3.3491e-43
-3.3491e-43
-3.3491e-43
-3.3491e-43
-3.3491e-43
-3.3491e-43
-3.3491e-43
-3.3491e-43
-3.3491e-43
-3.3491e-43
-3.3491e-43
-3.3491e-43
-3.3491e-43
-3.3491e-43
-3.3491e-43
-3.3491e-43
-3.3491e-43
-3.3491e-43
-3.3491e-43
-3.3491e-43
-3.3491e-43
-3.3491e-43
-3.3491e-43
-3.3491e-43
-3.3491e-43
-3.3491e-43
-3.3491e-43
-3.3491e-43
-3.3491e-43
-3.3491e-43
-3.3491e-43
-3.3491e-43
-3.3491e-43
-3.3491e-43
-3.3491e-43
-3.3491e-43
-3.3491e-43
-3.3491e-43
-3.3491e-43
-3.3491e-43
-3.3491e-43
-3.3491e-43
-3.3491e-43
-3.3491e-43
-3.3491e-43
-3.3491e-43
-3.3491e-43
-3.3491e-43
-3.3491e-43
-3.3491e-43
-3.3491e-43
-3.3491e-43
-3.3491e-43
-3.3491e-43
-3.3491e-43
-3.3491e-43
-3.3491e-43
-3.3491e-43
-3.3491e-43
-3.3491e-43
-3.3491e-43
-3.3491e-43
-3.3491e-43
-3.3491e-43
-3.3491e-43
-3.3491e-43
-3.3491e-43
-3.3491e-43
-3.3491e-43
-3.3491e-43
-3.3491e-43
-3.3491e-43
-3.3491e-43
-3.3491e-43
-3.3491e-43
-3.3491e-43
-3.3491e-43
-3.3491e-43
-3.3491e-43
-3.3491e-43
-3.3491e-43
-3.3491e-43
-3.3491e-43
-3.3491e-43
-3.3491e-43
-3.3491e-43
-3.3491e-43
-3.3491e-43
-3.3491e-43
-3.3491e-43
-3.3491e-43
-3.3491e-43
-3.3491e-43
-3.3491e-43
-3.3491e-43
-3.3491e-43
-3.3491e-43
-3.3491e-43
-3.3491e-43
-3.3491e-43
-3.3491e-43
-3.3491e-43
-3.3491e-43
-3.3491e-43
-3.3491e-43
-3.3491e-43
-3.3491e-43
-3.3491e-43
-3.3491e-43
-3.3491e-43
-3.3491e-43
-3.3491e-43
-3.3491e-43
-3.3491e-43
-3.3491e-43
-3.3491e-43
-3.3491e-43
-3.3491e-43
-3.3491e-43
-3.3491e-43
-3.3491e-43
-3.3491e-43
-3.3491e-43
-3.3491e-43
-3.3491e-43
-3.3491e-43
-3.3491e-43
-3.3491e-43
-3.3491e-43
-3.3491e-43
-3.3491e-43
-3.3491e-43
-3.3491e-43
-3.3491e-43
-3.3491e-43
-3.3491e-43
-3.3491e-43
-3.3491e-43
-3.3491e-43
-3.3491e-43
-3.3491e-43
-3.3491e-43
-3.3491e-43
-3.3491e-43
-3.3491e-43
-3.3491e-43
-3.3491e-43
-3.3491e-43
-3.3491e-43
-3.3491e-43
-3.3491e-43
-3.3491e-43
-3.3491e-43
-3.3491e-43
-3.3491e-43
-3.3491e-43
-3.3491e-43
-3.3491e-43
-3.3491e-43
-3.3491e-43
-3.3491e-43
-3.3491e-43
-3.3491e-43
-3.3491e-43
-3.3491e-43
-3.3491e-43
-3.3491e-43
-3.3491e-43
-3.3491e-43
-3.3491e-43
-3.3491e-43
-3.3491e-43
-3.3491e-43
-3.3491e-43
-3.3491e-43
-3.3491e-43
-3.3491e-43
-3.3491e-43
-3.3491e-43
-3.3491e-43
-3.3491e-43
-3.3491e-43
-3.3491e-43
-3.3491e-43
-3.3491e-43
-3.3491e-43
-3.3491e-43
-3.3491e-43
-3.3491e-43
-3.3491e-43
-3.3491e-43
-3.3491e-43
-3.3491e-43
-3.3491e-43
-3.3491e-43
-3.3491e-43
-3.3491e-43
-3.3491e-43
-3.3491e-43
-3.3491e-43
-3.3491e-43
-3.3491e-43
-3.3491e-43
-3.3491e-43
-3.3491e-43
-3.3491e-43
-3.3491e-43
-3.3491e-43
-3.3491e-43
-3.3491e-43
-3.3491e-43
-3.3491e-43
-3.3491e-43
-3.3491e-43
-3.3491e-43
-3.3491e-43
-3.3491e-43
-3.3491e-43
-3.3491e-43
-3.3491e-43
-3.3491e-43
-3.3491e-43
-3.3491e-43
-3.3491e-43
-3.3491e-43
-3.3491e-43
-3.3491e-43
-3.3491e-43
-3.3491e-43
-3.3491e-43
-3.3491e-43
-3.3491e-43
-3.3491e-43
-3.3491e-43
-3.3491e-43
-3.3491e-43
-3.3491e-43
-3.3491e-43
-3.3491e-43
-3.3491e-43
-3.3491e-43
-3.3491e-43
-3.3491e-43
-3.3491e-43
-3.3491e-43
-3.3491e-43
-3.3491e-43
-3.3491e-43
-3.3491e-43
-3.3491e-43
-3.3491e-43
-3.3491e-43
-3.3491e-43
-3.3491e-43
-3.3491e-43
-3.3491e-43
-3.3491e-43
-3.3491e-43
-3.3491e-43
-3.3491e-43
-3.3491e-43
-3.3491e-43
-3.3491e-43
-3.3491e-43
-3.3491e-43
-3.3491e-43
-3.3491e-43
-3.3491e-43
-3.3491e-43
-3.3491e-43
-3.3491e-43
-3.3491e-43
-3.3491e-43
-3.3491e-43
-3.3491e-43
-3.3491e-43
-3.3491e-43
-3.3491e-43
-3.3491e-43
-3.3491e-43
-3.3491e-43
-3.3491e-43
-3.3491e-43
-3.3491e-43
-3.3491e-43
-3.3491e-43
-3.3491e-43
-3.3491e-43
-3.3491e-43
-3.3491e-43
-3.3491e-43
-3.3491e-43
-3.3491e-43
-3.3491e-43
-3.3491e-43
-3.3491e-43
-3.3491e-43
-3.3491e-43
-3.3491e-43
-3.3491e-43
-3.3491e-43
-3.3491e-43
-3.3491e-43
-3.3491e-43
-3.3491e-43
-3.3491e-43
-3.3491e-43
-3.3491e-43
-3.3491e-43
-3.3491e-43
-3.3491e-43
-3.3491e-43
-3.3491e-43
-3.3491e-43
-3.3491e-43
-3.3491e-43
-3.3491e-43
-3.3491e-43
-3.3491e-43
-3.3491e-43
-3.3491e-43
-3.3491e-43
-3.3491e-43
-3.3491e-43
-3.3491e-43
-3.3491e-43
-3.3491e-43
-3.3491e-43
-3.3491e-43
-3.3491e-43
-3.3491e-43
-3.3491e-43
-3.3491e-43
-3.3491e-43
-3.3491e-43
-3.3491e-43
-3.3491e-43
-3.3491e-43
-3.3491e-43
-3.3491e-43
-3.3491e-43
-3.3491e-43
-3.3491e-43
-3.3491e-43
-3.3491e-43
-3.3491e-43
-3.3491e-43
-3.3491e-43
-3.3491e-43
-3.3491e-43
-3.3491e-43
-3.3491e-43
-3.3491e-43
-3.3491e-43
-3.3491e-43
-3.3491e-43
-3.3491e-43
-3.3491e-43
-3.3491e-43
-3.3491e-43
-3.3491e-43
-3.3491e-43
-3.3491e-43
-3.3491e-43
-3.3491e-43
-3.3491e-43
-3.3491e-43
-3.3491e-43
-3.3491e-43
-3.3491e-43
-3.3491e-43
-3.3491e-43
-3.3491e-43
-3.3491e-43
-3.3491e-43
-3.3491e-43
-3.3491e-43
-3.3491e-43
-3.3491e-43
-3.3491e-43
-3.3491e-43
-3.3491e-43
-3.3491e-43
-3.3491e-43
-3.3491e-43
-3.3491e-43
-3.3491e-43
-3.3491e-43
-3.3491e-43
-3.3491e-43
-3.3491e-43
-3.3491e-43
-3.3491e-43
-3.3491e-43
-3.3491e-43
-3.3491e-43
-3.3491e-43
-3.3491e-43
-3.3491e-43
-3.3491e-43
-3.3491e-43
-3.3491e-43
-3.3491e-43
-3.3491e-43
-3.3491e-43
-3.3491e-43
-3.3491e-43
-3.3491e-43
-3.3491e-43
-3.3491e-43
-3.3491e-43
-3.3491e-43
-3.3491e-43
-3.3491e-43
-3.3491e-43
-3.3491e-43
-3.3491e-43
-3.3491e-43
-3.3491e-43
-3.3491e-43
-3.3491e-43
-3.3491e-43
-3.3491e-43
-3.3491e-43
-3.3491e-43
-3.3491e-43
-3.3491e-43
-3.3491e-43
-3.3491e-43
-3.3491e-43
-3.3491e-43
-3.3491e-43
-3.3491e-43
-3.3491e-43
-3.3491e-43
-3.3491e-43
-3.3491e-43
-3.3491e-43
-3.3491e-43
-3.3491e-43
-3.3491e-43
-3.3491e-43
-3.3491e-43
-3.3491e-43
-3.3491e-43
-3.3491e-43
-3.3491e-43
-3.3491e-43
-3.3491e-43
-3.3491e-43
-3.3491e-43
-3.3491e-43
-3.3491e-43
-3.3491e-43
-3.3491e-43
-3.3491e-43
-3.3491e-43
-3.3491e-43
-3.3491e-43
-3.3491e-43
-3.3491e-43
-3.3491e-43
-3.3491e-43
-3.3491e-43
-3.3491e-43
-3.3491e-43
-3.3491e-43
-3.3491e-43
-3.3491e-43
-3.3491e-43
-3.3491e-43
-3.3491e-43
-3.3491e-43
-3.3491e-43
-3.3491e-43
-3.3491e-43
-3.3491e-43
-3.3491e-43
-3.3491e-43
-3.3491e-43
-3.3491e-43
-3.3491e-43
-3.3491e-43
-3.3491e-43
-3.3491e-43
-3.3491e-43
-3.3491e-43
-3.3491e-43
-3.3491e-43
-3.3491e-43
-3.3491e-43
-3.3491e-43
-3.3491e-43
-3.3491e-43
-3.3491e-43
-3.3491e-43
-3.3491e-43
-3.3491e-43
-3.3491e-43
-3.3491e-43
-3.3491e-43
-3.3491e-43
-3.3491e-43
-3.3491e-43
-3.3491e-43
-3.3491e-43
-3.3491e-43
-3.3491e-43
-3.3491e-43
-3.3491e-43
-3.3491e-43
-3.3491e-43
-3.3491e-43
-3.3491e-43
-3.3491e-43
-3.3491e-43
-3.3491e-43
-3.3491e-43
-3.3491e-43
-3.3491e-43
-3.3491e-43
-3.3491e-43
-3.3491e-43
-3.3491e-43
-3.3491e-43
-3.3491e-43
-3.3491e-43
-3.3491e-43
-3.3491e-43
-3.3491e-43
-3.3491e-43
-3.3491e-43
-3.3491e-43
-3.3491e-43
-3.3491e-43
-3.3491e-43
-3.3491e-43
-3.3491e-43
-3.3491e-43
-3.3491e-43
-3.3491e-43
-3.3491e-43
-3.3491e-43
-3.3491e-43
-3.3491e-43
-3.3491e-43
-3.3491e-43
-3.3491e-43
-3.3491e-43
-3.3491e-43
-3.3491e-43
-3.3491e-43
-3.3491e-43
-3.3491e-43
-3.3491e-43
-3.3491e-43
-3.3491e-43
-3.3491e-43
-3.3491e-43
-3.3491e-43
-3.3491e-43
-3.3491e-43
-3.3491e-43
-3.3491e-43
-3.3491e-43
-3.3491e-43
-3.3491e-43
-3.3491e-43
-3.3491e-43
-3.3491e-43
-3.3491e-43
-3.3491e-43
-3.3491e-43
-3.3491e-43
-3.3491e-43
-3.3491e-43
-3.3491e-43
-3.3491e-43
-3.3491e-43
-3.3491e-43
-3.3491e-43
-3.3491e-43
-3.3491e-43
-3.3491e-43
-3.3491e-43
-3.3491e-43
-3.3491e-43
-3.3491e-43
-3.3491e-43
-3.3491e-43
-3.3491e-43
-3.3491e-43
-3.3491e-43
-3.3491e-43
-3.3491e-43
-3.3491e-43
-3.3491e-43
-3.3491e-43
-3.3491e-43
-3.3491e-43
-3.3491e-43
-3.3491e-43
-3.3491e-43
-3.3491e-43
-3.3491e-43
-3.3491e-43
-3.3491e-43
-3.3491e-43
-3.3491e-43
-3.3491e-43
-3.3491e-43
-3.3491e-43
-3.3491e-43
-3.3491e-43
-3.3491e-43
-3.3491e-43
-3.3491e-43
-3.3491e-43
-3.3491e-43
-3.3491e-43
-3.3491e-43
-3.3491e-43
-3.3491e-43
-3.3491e-43
-3.3491e-43
-3.3491e-43
-3.3491e-43
-3.3491e-43
-3.3491e-43
-3.3491e-43
-3.3491e-43
-3.3491e-43
-3.3491e-43
-3.3491e-43
-3.3491e-43
-3.3491e-43
-3.3491e-43
-3.3491e-43
-3.3491e-43
-3.3491e-43
-3.3491e-43
-3.3491e-43
-3.3491e-43
-3.3491e-43
-3.3491e-43
-3.3491e-43
-3.3491e-43
-3.3491e-43
-3.3491e-43
-3.3491e-43
-3.3491e-43
-3.3491e-43
-3.3491e-43
-3.3491e-43
-3.3491e-43
-3.3491e-43
-3.3491e-43
-3.3491e-43
-3.3491e-43
-3.3491e-43
-3.3491e-43
-3.3491e-43
-3.3491e-43
-3.3491e-43
-3.3491e-43
-3.3491e-43
-3.3491e-43
-3.3491e-43
-3.3491e-43
-3.3491e-43
-3.3491e-43
-3.3491e-43
-3.3491e-43
-3.3491e-43
-3.3491e-43
-3.3491e-43
-3.3491e-43
-3.3491e-43
-3.3491e-43
-3.3491e-43
-3.3491e-43
-3.3491e-43
-3.3491e-43
-3.3491e-43
-3.3491e-43
-3.3491e-43
-3.3491e-43
-3.3491e-43
-3.3491e-43
-3.3491e-43
-3.3491e-43
-3.3491e-43
-3.3491e-43
-3.3491e-43
-3.3491e-43
-3.3491e-43
-3.3491e-43
-3.3491e-43
-3.3491e-43
-3.3491e-43
-3.3491e-43
-3.3491e-43
-3.3491e-43
-3.3491e-43
-3.3491e-43
-3.3491e-43
-3.3491e-43
-3.3491e-43
-3.3491e-43
-3.3491e-43
-3.3491e-43
-3.3491e-43
-3.3491e-43
-3.3491e-43
-3.3491e-43
-3.3491e-43
-3.3491e-43
-3.3491e-43
-3.3491e-43
-3.3491e-43
-3.3491e-43
-3.3491e-43
-3.3491e-43
-3.3491e-43
-3.3491e-43
-3.3491e-43
-3.3491e-43
-3.3491e-43
-3.3491e-43
-3.3491e-43
-3.3491e-43
-3.3491e-43
-3.3491e-43
-3.3491e-43
-3.3491e-43
-3.3491e-43
-3.3491e-43
-3.3491e-43
-3.3491e-43
-3.3491e-43
-3.3491e-43
-3.3491e-43
-3.3491e-43
-3.3491e-43
-3.3491e-43
-3.3491e-43
-3.3491e-43
-3.3491e-43
-3.3491e-43
-3.3491e-43
-3.3491e-43
-3.3491e-43
-3.3491e-43
-3.3491e-43
-3.3491e-43
-3.3491e-43
-3.3491e-43
-3.3491e-43
-3.3491e-43
-3.3491e-43
-3.3491e-43
-3.3491e-43
-3.3491e-43
-3.3491e-43
-3.3491e-43
-3.3491e-43
-3.3491e-43
-3.3491e-43
-3.3491e-43
-3.3491e-43
-3.3491e-43
-3.3491e-43
-3.3491e-43
-3.3491e-43
-3.3491e-43
-3.3491e-43
-3.3491e-43
-3.3491e-43
-3.3491e-43
-3.3491e-43
-3.3491e-43
-3.3491e-43
-3.3491e-43
-3.3491e-43
-3.3491e-43
-3.3491e-43
-3.3491e-43
-3.3491e-43
-3.3491e-43
-3.3491e-43
-3.3491e-43
-3.3491e-43
-3.3491e-43
-3.3491e-43
-3.3491e-43
-3.3491e-43
-3.3491e-43
-3.3491e-43
-3.3491e-43
-3.3491e-43
-3.3491e-43
-3.3491e-43
-3.3491e-43
-3.3491e-43
-3.3491e-43
-3.3491e-43
-3.3491e-43
-3.3491e-43
-3.3491e-43
-3.3491e-43
-3.3491e-43
-3.3491e-43
-3.3491e-43
-3.3491e-43
-3.3491e-43
-3.3491e-43
-3.3491e-43
-3.3491e-43
-3.3491e-43
-3.3491e-43
-3.3491e-43
-3.3491e-43
-3.3491e-43
-3.3491e-43
-3.3491e-43
-3.3491e-43
-3.3491e-43
-3.3491e-43
-3.3491e-43
-3.3491e-43
-3.3491e-43
-3.3491e-43
-3.3491e-43
-3.3491e-43
-3.3491e-43
-3.3491e-43
-3.3491e-43
-3.3491e-43
-3.3491e-43
-3.3491e-43
-3.3491e-43
-3.3491e-43
-3.3491e-43
-3.3491e-43
-3.3491e-43
-3.3491e-43
-3.3491e-43
-3.3491e-43
-3.3491e-43
-3.3491e-43
-3.3491e-43
-3.3491e-43
-3.3491e-43
-3.3491e-43
-3.3491e-43
-3.3491e-43
-3.3491e-43
-3.3491e-43
-3.3491e-43
-3.3491e-43
-3.3491e-43
-3.3491e-43
-3.3491e-43
-3.3491e-43
-3.3491e-43
-3.3491e-43
-3.3491e-43
-3.3491e-43
-3.3491e-43
-3.3491e-43
-3.3491e-43
-3.3491e-43
-3.3491e-43
-3.3491e-43
-3.3491e-43
-3.3491e-43
-3.3491e-43
-3.3491e-43
-3.3491e-43
-3.3491e-43
-3.3491e-43
-3.3491e-43
-3.3491e-43
-3.3491e-43
-3.3491e-43
-3.3491e-43
-3.3491e-43
-3.3491e-43
-3.3491e-43
-3.3491e-43
-3.3491e-43
-3.3491e-43
-3.3491e-43
-3.3491e-43
-3.3491e-43
-3.3491e-43
-3.3491e-43
-3.3491e-43
-3.3491e-43
-3.3491e-43
-3.3491e-43
-3.3491e-43
-3.3491e-43
-3.3491e-43
-3.3491e-43
-3.3491e-43
-3.3491e-43
-3.3491e-43
-3.3491e-43
-3.3491e-43
-3.3491e-43
-3.3491e-43
-3.3491e-43
-3.3491e-43
-3.3491e-43
-3.3491e-43
-3.3491e-43
-3.3491e-43
-3.3491e-43
-3.3491e-43
-3.3491e-43
-3.3491e-43
-3.3491e-43
-3.3491e-43
-3.3491e-43
-3.3491e-43
-3.3491e-43
-3.3491e-43
-3.3491e-43
-3.3491e-43
-3.3491e-43
-3.3491e-43
-3.3491e-43
-3.3491e-43
-3.3491e-43
-3.3491e-43
-3.3491e-43
-3.3491e-43
-3.3491e-43
-3.3491e-43
-3.3491e-43
-3.3491e-43
-3.3491e-43
-3.3491e-43
-3.3491e-43
-3.3491e-43
-3.3491e-43
-3.3491e-43
-3.3491e-43
-3.3491e-43
-3.3491e-43
-3.3491e-43
-3.3491e-43
-3.3491e-43
-3.3491e-43
-3.3491e-43
-3.3491e-43
-3.3491e-43
-3.3491e-43
-3.3491e-43
-3.3491e-43
-3.3491e-43
-3.3491e-43
-3.3491e-43
-3.3491e-43
-3.3491e-43
-3.3491e-43
-3.3491e-43
-3.3491e-43
-3.3491e-43
-3.3491e-43
-3.3491e-43
-3.3491e-43
-3.3491e-43
-3.3491e-43
-3.3491e-43
-3.3491e-43
-3.3491e-43
-3.3491e-43
-3.3491e-43
-3.3491e-43
-3.3491e-43
-3.3491e-43
-3.3491e-43
-3.3491e-43
-3.3491e-43
-3.3491e-43
-3.3491e-43
-3.3491e-43
-3.3491e-43
-3.3491e-43
-3.3491e-43
-3.3491e-43
-3.3491e-43
-3.3491e-43
-3.3491e-43
-3.3491e-43
-3.3491e-43
-3.3491e-43
-3.3491e-43
-3.3491e-43
-3.3491e-43
-3.3491e-43
-3.3491e-43
-3.3491e-43
-3.3491e-43
-3.3491e-43
-3.3491e-43
-3.3491e-43
-3.3491e-43
-3.3491e-43
-3.3491e-43
-3.3491e-43
-3.3491e-43
-3.3491e-43
-3.3491e-43
-3.3491e-43
-3.3491e-43
-3.3491e-43
-3.3491e-43
-3.3491e-43
-3.3491e-43
-3.3491e-43
-3.3491e-43
-3.3491e-43
-3.3491e-43
-3.3491e-43
-3.3491e-43
-3.3491e-43
-3.3491e-43
-3.3491e-43
-3.3491e-43
-3.3491e-43
-3.3491e-43
-3.3491e-43
-3.3491e-43
-3.3491e-43
-3.3491e-43
-3.3491e-43
-3.3491e-43
-3.3491e-43
-3.3491e-43
-3.3491e-43
-3.3491e-43
-3.3491e-43
-3.3491e-43
-3.3491e-43
-3.3491e-43
-3.3491e-43
-3.3491e-43
-3.3491e-43
-3.3491e-43
-3.3491e-43
-3.3491e-43
-3.3491e-43
-3.3491e-43
-3.3491e-43
-3.3491e-43
-3.3491e-43
-3.3491e-43
-3.3491e-43
-3.3491e-43
-3.3491e-43
-3.3491e-43
-3.3491e-43
-3.3491e-43
-3.3491e-43
-3.3491e-43
-3.3491e-43
-3.3491e-43
-3.3491e-43
-3.3491e-43
-3.3491e-43
-3.3491e-43
-3.3491e-43
-3.3491e-43
-3.3491e-43
-3.3491e-43
-3.3491e-43
-3.3491e-43
-3.3491e-43
-3.3491e-43
-3.3491e-43
-3.3491e-43
-3.3491e-43
-3.3491e-43
-3.3491e-43
-3.3491e-43
-3.3491e-43
-3.3491e-43
-3.3491e-43
-3.3491e-43
-3.3491e-43
-3.3491e-43
-3.3491e-43
-3.3491e-43
-3.3491e-43
-3.3491e-43
-3.3491e-43
-3.3491e-43
-3.3491e-43
-3.3491e-43
-3.3491e-43
-3.3491e-43
-3.3491e-43
-3.3491e-43
-3.3491e-43
-3.3491e-43
-3.3491e-43
-3.3491e-43
-3.3491e-43
-3.3491e-43
-3.3491e-43
-3.3491e-43
-3.3491e-43
-3.3491e-43
-3.3491e-43
-3.3491e-43
-3.3491e-43
-3.3491e-43
-3.3491e-43
-3.3491e-43
-3.3491e-43
-3.3491e-43
-3.3491e-43
-3.3491e-43
-3.3491e-43
-3.3491e-43
-3.3491e-43
-3.3491e-43
-3.3491e-43
-3.3491e-43
-3.3491e-43
-3.3491e-43
-3.3491e-43
-3.3491e-43
-3.3491e-43
-3.3491e-43
-3.3491e-43
-3.3491e-43
-3.3491e-43
-3.3491e-43
-3.3491e-43
-3.3491e-43
-3.3491e-43
-3.3491e-43
-3.3491e-43
-3.3491e-43
-3.3491e-43
-3.3491e-43
-3.3491e-43
-3.3491e-43
-3.3491e-43
-3.3491e-43
-3.3491e-43
-3.3491e-43
-3.3491e-43
-3.3491e-43
-3.3491e-43
-3.3491e-43
-3.3491e-43
-3.3491e-43
-3.3491e-43
-3.3491e-43
-3.3491e-43
-3.3491e-43
-3.3491e-43
-3.3491e-43
-3.3491e-43
-3.3491e-43
-3.3491e-43
-3.3491e-43
-3.3491e-43
-3.3491e-43
-3.3491e-43
-3.3491e-43
-3.3491e-43
-3.3491e-43
-3.3491e-43
-3.3491e-43
-3.3491e-43
-3.3491e-43
-3.3491e-43
-3.3491e-43
-3.3491e-43
-3.3491e-43
-3.3491e-43
-3.3491e-43
-3.3491e-43
-3.3491e-43
-3.3491e-43
-3.3491e-43
-3.3491e-43
-3.3491e-43
-3.3491e-43
-3.3491e-43
-3.3491e-43
-3.3491e-43
-3.3491e-43
-3.3491e-43
-3.3491e-43
-3.3491e-43
-3.3491e-43
-3.3491e-43
-3.3491e-43
-3.3491e-43
-3.3491e-43
-3.3491e-43
-3.3491e-43
-3.3491e-43
-3.3491e-43
-3.3491e-43
-3.3491e-43
-3.3491e-43
-3.3491e-43
-3.3491e-43
-3.3491e-43
-3.3491e-43
-3.3491e-43
-3.3491e-43
-3.3491e-43
-3.3491e-43
-3.3491e-43
-3.3491e-43
-3.3491e-43
-3.3491e-43
-3.3491e-43
-3.3491e-43
-3.3491e-43
-3.3491e-43
-3.3491e-43
-3.3491e-43
-3.3491e-43
-3.3491e-43
-3.3491e-43
-3.3491e-43
-3.3491e-43
-3.3491e-43
-3.3491e-43
-3.3491e-43
-3.3491e-43
-3.3491e-43
-3.3491e-43
-3.3491e-43
-3.3491e-43
-3.3491e-43
-3.3491e-43
-3.3491e-43
-3.3491e-43
-3.3491e-43
-3.3491e-43
-3.3491e-43
-3.3491e-43
-3.3491e-43
-3.3491e-43
-3.3491e-43
-3.3491e-43
-3.3491e-43
-3.3491e-43
-3.3491e-43
-3.3491e-43
-3.3491e-43
-3.3491e-43
-3.3491e-43
-3.3491e-43
-3.3491e-43
-3.3491e-43
-3.3491e-43
-3.3491e-43
-3.3491e-43
-3.3491e-43
-3.3491e-43
-3.3491e-43
-3.3491e-43
-3.3491e-43
-3.3491e-43
-3.3491e-43
-3.3491e-43
-3.3491e-43
-3.3491e-43
-3.3491e-43
-3.3491e-43
-3.3491e-43
-3.3491e-43
-3.3491e-43
-3.3491e-43
-3.3491e-43
-3.3491e-43
-3.3491e-43
-3.3491e-43
-3.3491e-43
-3.3491e-43
-3.3491e-43
-3.3491e-43
-3.3491e-43
-3.3491e-43
-3.3491e-43
-3.3491e-43
-3.3491e-43
-3.3491e-43
-3.3491e-43
-3.3491e-43
-3.3491e-43
-3.3491e-43
-3.3491e-43
-3.3491e-43
-3.3491e-43
-3.3491e-43
-3.3491e-43
-3.3491e-43
-3.3491e-43
-3.3491e-43
-3.3491e-43
-3.3491e-43
-3.3491e-43
-3.3491e-43
-3.3491e-43
-3.3491e-43
-3.3491e-43
-3.3491e-43
-3.3491e-43
-3.3491e-43
-3.3491e-43
-3.3491e-43
-3.3491e-43
-3.3491e-43
-3.3491e-43
-3.3491e-43
-3.3491e-43
-3.3491e-43
-3.3491e-43
-3.3491e-43
-3.3491e-43
-3.3491e-43
-3.3491e-43
-3.3491e-43
-3.3491e-43
-3.3491e-43
-3.3491e-43
-3.3491e-43
-3.3491e-43
-3.3491e-43
-3.3491e-43
-3.3491e-43
-3.3491e-43
-3.3491e-43
-3.3491e-43
-3.3491e-43
-3.3491e-43
-3.3491e-43
-3.3491e-43
-3.3491e-43
-3.3491e-43
-3.3491e-43
-3.3491e-43
-3.3491e-43
-3.3491e-43
-3.3491e-43
-3.3491e-43
-3.3491e-43
-3.3491e-43
-3.3491e-43
-3.3491e-43
-3.3491e-43
-3.3491e-43
-3.3491e-43
-3.3491e-43
-3.3491e-43
-3.3491e-43
-3.3491e-43
-3.3491e-43
-3.3491e-43
-3.3491e-43
-3.3491e-43
-3.3491e-43
-3.3491e-43
-3.3491e-43
-3.3491e-43
-3.3491e-43
-3.3491e-43
-3.3491e-43
-3.3491e-43
-3.3491e-43
-3.3491e-43
-3.3491e-43
-3.3491e-43
-3.3491e-43
-3.3491e-43
-3.3491e-43
-3.3491e-43
-3.3491e-43
-3.3491e-43
-3.3491e-43
-3.3491e-43
-3.3491e-43
-3.3491e-43
-3.3491e-43
-3.3491e-43
-3.3491e-43
-3.3491e-43
-3.3491e-43
-3.3491e-43
-3.3491e-43
-3.3491e-43
-3.3491e-43
-3.3491e-43
-3.3491e-43
-3.3491e-43
-3.3491e-43
-3.3491e-43
-3.3491e-43
-3.3491e-43
-3.3491e-43
-3.3491e-43
-3.3491e-43
-3.3491e-43
-3.3491e-43
-3.3491e-43
-3.3491e-43
-3.3491e-43
-3.3491e-43
-3.3491e-43
-3.3491e-43
-3.3491e-43
-3.3491e-43
-3.3491e-43
-3.3491e-43
-3.3491e-43
-3.3491e-43
-3.3491e-43
-3.3491e-43
-3.3491e-43
-3.3491e-43
-3.3491e-43
-3.3491e-43
-3.3491e-43
-3.3491e-43
-3.3491e-43
-3.3491e-43
-3.3491e-43
-3.3491e-43
-3.3491e-43
-3.3491e-43
-3.3491e-43
-3.3491e-43
-3.3491e-43
-3.3491e-43
-3.3491e-43
-3.3491e-43
-3.3491e-43
-3.3491e-43
-3.3491e-43
-3.3491e-43
-3.3491e-43
-3.3491e-43
-3.3491e-43
-3.3491e-43
-3.3491e-43
-3.3491e-43
-3.3491e-43
-3.3491e-43
-3.3491e-43
-3.3491e-43
-3.3491e-43
-3.3491e-43
-3.3491e-43
-3.3491e-43
-3.3491e-43
-3.3491e-43
-3.3491e-43
-3.3491e-43
-3.3491e-43
-3.3491e-43
-3.3491e-43
-3.3491e-43
-3.3491e-43
-3.3491e-43
-3.3491e-43
-3.3491e-43
-3.3491e-43
-3.3491e-43
-3.3491e-43
-3.3491e-43
-3.3491e-43
-3.3491e-43
-3.3491e-43
-3.3491e-43
-3.3491e-43
-3.3491e-43
-3.3491e-43
-3.3491e-43
-3.3491e-43
-3.3491e-43
-3.3491e-43
-3.3491e-43
-3.3491e-43
-3.3491e-43
-3.3491e-43
-3.3491e-43
-3.3491e-43
-3.3491e-43
-3.3491e-43
-3.3491e-43
-3.3491e-43
-3.3491e-43
-3.3491e-43
-3.3491e-43
-3.3491e-43
-3.3491e-43
-3.3491e-43
-3.3491e-43
-3.3491e-43
-3.3491e-43
-3.3491e-43
-3.3491e-43
-3.3491e-43
-3.3491e-43
-3.3491e-43
-3.3491e-43
-3.3491e-43
-3.3491e-43
-3.3491e-43
-3.3491e-43
-3.3491e-43
-3.3491e-43
-3.3491e-43
-3.3491e-43
-3.3491e-43
-3.3491e-43
-3.3491e-43
-3.3491e-43
-3.3491e-43
-3.3491e-43
-3.3491e-43
-3.3491e-43
-3.3491e-43
-3.3491e-43
-3.3491e-43
-3.3491e-43
-3.3491e-43
-3.3491e-43
-3.3491e-43
-3.3491e-43
-3.3491e-43
-3.3491e-43
-3.3491e-43
-3.3491e-43
-3.3491e-43
-3.3491e-43
-3.3491e-43
-3.3491e-43
-3.3491e-43
-3.3491e-43
-3.3491e-43
-3.3491e-43
-3.3491e-43
-3.3491e-43
-3.3491e-43
-3.3491e-43
-3.3491e-43
-3.3491e-43
-3.3491e-43
-3.3491e-43
-3.3491e-43
-3.3491e-43
-3.3491e-43
-3.3491e-43
-3.3491e-43
-3.3491e-43
-3.3491e-43
-3.3491e-43
-3.3491e-43
-3.3491e-43
-3.3491e-43
-3.3491e-43
-3.3491e-43
-3.3491e-43
-3.3491e-43
-3.3491e-43
-3.3491e-43
-3.3491e-43
-3.3491e-43
-3.3491e-43
-3.3491e-43
-3.3491e-43
-3.3491e-43
-3.3491e-43
-3.3491e-43
-3.3491e-43
-3.3491e-43
-3.3491e-43
-3.3491e-43
-3.3491e-43
-3.3491e-43
-3.3491e-43
-3.3491e-43
-3.3491e-43
-3.3491e-43
-3.3491e-43
-3.3491e-43
-3.3491e-43
-3.3491e-43
-3.3491e-43
-3.3491e-43
-3.3491e-43
-3.3491e-43
-3.3491e-43
-3.3491e-43
-3.3491e-43
-3.3491e-43
-3.3491e-43
-3.3491e-43
-3.3491e-43
-3.3491e-43
-3.3491e-43
-3.3491e-43
-3.3491e-43
-3.3491e-43
-3.3491e-43
-3.3491e-43
-3.3491e-43
-3.3491e-43
-3.3491e-43
-3.3491e-43
-3.3491e-43
-3.3491e-43
-3.3491e-43
-3.3491e-43
-3.3491e-43
-3.3491e-43
-3.3491e-43
-3.3491e-43
-3.3491e-43
-3.3491e-43
-3.3491e-43
-3.3491e-43
-3.3491e-43
-3.3491e-43
-3.3491e-43
-3.3491e-43
-3.3491e-43
-3.3491e-43
-3.3491e-43
-3.3491e-43
-3.3491e-43
-3.3491e-43
-3.3491e-43
-3.3491e-43
-3.3491e-43
-3.3491e-43
-3.3491e-43
-3.3491e-43
-3.3491e-43
-3.3491e-43
-3.3491e-43
-3.3491e-43
-3.3491e-43
-3.3491e-43
-3.3491e-43
-3.3491e-43
-3.3491e-43
-3.3491e-43
-3.3491e-43
-3.3491e-43
-3.3491e-43
-3.3491e-43
-3.3491e-43
-3.3491e-43
-3.3491e-43
-3.3491e-43
-3.3491e-43
-3.3491e-43
-3.3491e-43
-3.3491e-43
-3.3491e-43
-3.3491e-43
-3.3491e-43
-3.3491e-43
-3.3491e-43
-3.3491e-43
-3.3491e-43
-3.3491e-43
-3.3491e-43
-3.3491e-43
-3.3491e-43
-3.3491e-43
-3.3491e-43
-3.3491e-43
-3.3491e-43
-3.3491e-43
-3.3491e-43
-3.3491e-43
-3.3491e-43
-3.3491e-43
-3.3491e-43
-3.3491e-43
-3.3491e-43
-3.3491e-43
-3.3491e-43
-3.3491e-43
-3.3491e-43
-3.3491e-43
-3.3491e-43
-3.3491e-43
-3.3491e-43
-3.3491e-43
-3.3491e-43
-3.3491e-43
-3.3491e-43
-3.3491e-43
-3.3491e-43
-3.3491e-43
-3.3491e-43
-3.3491e-43
-3.3491e-43
-3.3491e-43
-3.3491e-43
-3.3491e-43
-3.3491e-43
-3.3491e-43
-3.3491e-43
-3.3491e-43
-3.3491e-43
-3.3491e-43
-3.3491e-43
-3.3491e-43
-3.3491e-43
-3.3491e-43
-3.3491e-43
-3.3491e-43
-3.3491e-43
-3.3491e-43
-3.3491e-43
-3.3491e-43
-3.3491e-43
-3.3491e-43
-3.3491e-43
-3.3491e-43
-3.3491e-43
-3.3491e-43
-3.3491e-43
-3.3491e-43
-3.3491e-43
-3.3491e-43
-3.3491e-43
-3.3491e-43
-3.3491e-43
-3.3491e-43
-3.3491e-43
-3.3491e-43
-3.3491e-43
-3.3491e-43
-3.3491e-43
-3.3491e-43
-3.3491e-43
-3.3491e-43
-3.3491e-43
-3.3491e-43
-3.3491e-43
-3.3491e-43
-3.3491e-43
-3.3491e-43
-3.3491e-43
-3.3491e-43
-3.3491e-43
-3.3491e-43
-3.3491e-43
-3.3491e-43
-3.3491e-43
-3.3491e-43
-3.3491e-43
-3.3491e-43
-3.3491e-43
-3.3491e-43
-3.3491e-43
-3.3491e-43
-3.3491e-43
-3.3491e-43
-3.3491e-43
-3.3491e-43
-3.3491e-43
-3.3491e-43
-3.3491e-43
-3.3491e-43
-3.3491e-43
-3.3491e-43
-3.3491e-43
-3.3491e-43
-3.3491e-43
-3.3491e-43
-3.3491e-43
-3.3491e-43
-3.3491e-43
-3.3491e-43
-3.3491e-43
-3.3491e-43
-3.3491e-43
-3.3491e-43
-3.3491e-43
-3.3491e-43
-3.3491e-43
-3.3491e-43
-3.3491e-43
-3.3491e-43
-3.3491e-43
-3.3491e-43
-3.3491e-43
-3.3491e-43
-3.3491e-43
-3.3491e-43
-3.3491e-43
-3.3491e-43
-3.3491e-43
-3.3491e-43
-3.3491e-43
-3.3491e-43
-3.3491e-43
-3.3491e-43
-3.3491e-43
-3.3491e-43
-3.3491e-43
-3.3491e-43
-3.3491e-43
-3.3491e-43
-3.3491e-43
-3.3491e-43
-3.3491e-43
-3.3491e-43
-3.3491e-43
-3.3491e-43
-3.3491e-43
-3.3491e-43
-3.3491e-43
-3.3491e-43
-3.3491e-43
-3.3491e-43
-3.3491e-43
-3.3491e-43
-3.3491e-43
-3.3491e-43
-3.3491e-43
-3.3491e-43
-3.3491e-43
-3.3491e-43
-3.3491e-43
-3.3491e-43
-3.3491e-43
-3.3491e-43
-3.3491e-43
-3.3491e-43
-3.3491e-43
-3.3491e-43
-3.3491e-43
-3.3491e-43
-3.3491e-43
-3.3491e-43
-3.3491e-43
-3.3491e-43
-3.3491e-43
-3.3491e-43
-3.3491e-43
-3.3491e-43
-3.3491e-43
-3.3491e-43
-3.3491e-43
-3.3491e-43
-3.3491e-43
-3.3491e-43
-3.3491e-43
-3.3491e-43
-3.3491e-43
-3.3491e-43
-3.3491e-43
-3.3491e-43
-3.3491e-43
-3.3491e-43
-3.3491e-43
-3.3491e-43
-3.3491e-43
-3.3491e-43
-3.3491e-43
-3.3491e-43
-3.3491e-43
-3.3491e-43
-3.3491e-43
-3.3491e-43
-3.3491e-43
-3.3491e-43
-3.3491e-43
-3.3491e-43
-3.3491e-43
-3.3491e-43
-3.3491e-43
-3.3491e-43
-3.3491e-43
-3.3491e-43
-3.3491e-43
-3.3491e-43
-3.3491e-43
-3.3491e-43
-3.3491e-43
-3.3491e-43
-3.3491e-43
-3.3491e-43
-3.3491e-43
-3.3491e-43
-3.3491e-43
-3.3491e-43
-3.3491e-43
-3.3491e-43
-3.3491e-43
-3.3491e-43
-3.3491e-43
-3.3491e-43
-3.3491e-43
-3.3491e-43
-3.3491e-43
-3.3491e-43
-3.3491e-43
-3.3491e-43
-3.3491e-43
-3.3491e-43
-3.3491e-43
-3.3491e-43
-3.3491e-43
-3.3491e-43
-3.3491e-43
-3.3491e-43
-3.3491e-43
-3.3491e-43
-3.3491e-43
-3.3491e-43
-3.3491e-43
-3.3491e-43
-3.3491e-43
-3.3491e-43
-3.3491e-43
-3.3491e-43
-3.3491e-43
-3.3491e-43
-3.3491e-43
-3.3491e-43
-3.3491e-43
-3.3491e-43
-3.3491e-43
-3.3491e-43
-3.3491e-43
-3.3491e-43
-3.3491e-43
-3.3491e-43
-3.3491e-43
-3.3491e-43
-3.3491e-43
-3.3491e-43
-3.3491e-43
-3.3491e-43
-3.3491e-43
-3.3491e-43
-3.3491e-43
-3.3491e-43
-3.3491e-43
-3.3491e-43
-3.3491e-43
-3.3491e-43
-3.3491e-43
-3.3491e-43
-3.3491e-43
-3.3491e-43
-3.3491e-43
-3.3491e-43
-3.3491e-43
-3.3491e-43
-3.3491e-43
-3.3491e-43
-3.3491e-43
-3.3491e-43
-3.3491e-43
-3.3491e-43
-3.3491e-43
-3.3491e-43
-3.3491e-43
-3.3491e-43
-3.3491e-43
-3.3491e-43
-3.3491e-43
-3.3491e-43
-3.3491e-43
-3.3491e-43
-3.3491e-43
-3.3491e-43
-3.3491e-43
-3.3491e-43
-3.3491e-43
-3.3491e-43
-3.3491e-43
-3.3491e-43
-3.3491e-43
-3.3491e-43
-3.3491e-43
-3.3491e-43
-3.3491e-43
-3.3491e-43
-3.3491e-43
-3.3491e-43
-3.3491e-43
-3.3491e-43
-3.3491e-43
-3.3491e-43
-3.3491e-43
-3.3491e-43
-3.3491e-43
-3.3491e-43
-3.3491e-43
-3.3491e-43
-3.3491e-43
-3.3491e-43
-3.3491e-43
-3.3491e-43
-3.3491e-43
-3.3491e-43
-3.3491e-43
-3.3491e-43
-3.3491e-43
-3.3491e-43
-3.3491e-43
-3.3491e-43
-3.3491e-43
-3.3491e-43
-3.3491e-43
-3.3491e-43
-3.3491e-43
-3.3491e-43
-3.3491e-43
-3.3491e-43
-3.3491e-43
-3.3491e-43
-3.3491e-43
-3.3491e-43
-3.3491e-43
-3.3491e-43
-3.3491e-43
-3.3491e-43
-3.3491e-43
-3.3491e-43
-3.3491e-43
-3.3491e-43
-3.3491e-43
-3.3491e-43
-3.3491e-43
-3.3491e-43
-3.3491e-43
-3.3491e-43
-3.3491e-43
-3.3491e-43
-3.3491e-43
-3.3491e-43
-3.3491e-43
-3.3491e-43
-3.3491e-43
-3.3491e-43
-3.3491e-43
-3.3491e-43
-3.3491e-43
-3.3491e-43
-3.3491e-43
-3.3491e-43
-3.3491e-43
-3.3491e-43
-3.3491e-43
-3.3491e-43
-3.3491e-43
-3.3491e-43
-3.3491e-43
-3.3491e-43
-3.3491e-43
-3.3491e-43
-3.3491e-43
-3.3491e-43
-3.3491e-43
-3.3491e-43
-3.3491e-43
-3.3491e-43
-3.3491e-43
-3.3491e-43
-3.3491e-43
-3.3491e-43
-3.3491e-43
-3.3491e-43
-3.3491e-43
-3.3491e-43
-3.3491e-43
-3.3491e-43
-3.3491e-43
-3.3491e-43
-3.3491e-43
-3.3491e-43
-3.3491e-43
-3.3491e-43
-3.3491e-43
-3.3491e-43
-3.3491e-43
-3.3491e-43
-3.3491e-43
-3.3491e-43
-3.3491e-43
-3.3491e-43
-3.3491e-43
-3.3491e-43
-3.3491e-43
-3.3491e-43
-3.3491e-43
-3.3491e-43
-3.3491e-43
-3.3491e-43
-3.3491e-43
-3.3491e-43
-3.3491e-43
-3.3491e-43
-3.3491e-43
-3.3491e-43
-3.3491e-43
-3.3491e-43
-3.3491e-43
-3.3491e-43
-3.3491e-43
-3.3491e-43
-3.3491e-43
-3.3491e-43
-3.3491e-43
-3.3491e-43
-3.3491e-43
-3.3491e-43
-3.3491e-43
-3.3491e-43
-3.3491e-43
-3.3491e-43
-3.3491e-43
-3.3491e-43
-3.3491e-43
-3.3491e-43
-3.3491e-43
-3.3491e-43
-3.3491e-43
-3.3491e-43
-3.3491e-43
-3.3491e-43
-3.3491e-43
-3.3491e-43
-3.3491e-43
-3.3491e-43
-3.3491e-43
-3.3491e-43
-3.3491e-43
-3.3491e-43
-3.3491e-43
-3.3491e-43
-3.3491e-43
-3.3491e-43
-3.3491e-43
-3.3491e-43
-3.3491e-43
-3.3491e-43
-3.3491e-43
-3.3491e-43
-3.3491e-43
-3.3491e-43
-3.3491e-43
-3.3491e-43
-3.3491e-43
-3.3491e-43
-3.3491e-43
-3.3491e-43
-3.3491e-43
-3.3491e-43
-3.3491e-43
-3.3491e-43
-3.3491e-43
-3.3491e-43
-3.3491e-43
-3.3491e-43
-3.3491e-43
-3.3491e-43
-3.3491e-43
-3.3491e-43
-3.3491e-43
-3.3491e-43
-3.3491e-43
-3.3491e-43
-3.3491e-43
-3.3491e-43
-3.3491e-43
-3.3491e-43
-3.3491e-43
-3.3491e-43
-3.3491e-43
-3.3491e-43
-3.3491e-43
-3.3491e-43
-3.3491e-43
-3.3491e-43
-3.3491e-43
-3.3491e-43
-3.3491e-43
-3.3491e-43
-3.3491e-43
-3.3491e-43
-3.3491e-43
-3.3491e-43
-3.3491e-43
-3.3491e-43
-3.3491e-43
-3.3491e-43
-3.3491e-43
-3.3491e-43
-3.3491e-43
-3.3491e-43
-3.3491e-43
-3.3491e-43
-3.3491e-43
-3.3491e-43
-3.3491e-43
-3.3491e-43
-3.3491e-43
-3.3491e-43
-3.3491e-43
-3.3491e-43
-3.3491e-43
-3.3491e-43
-3.3491e-43
-3.3491e-43
-3.3491e-43
-3.3491e-43
-3.3491e-43
-3.3491e-43
-3.3491e-43
-3.3491e-43
-3.3491e-43
-3.3491e-43
-3.3491e-43
-3.3491e-43
-3.3491e-43
-3.3491e-43
-3.3491e-43
-3.3491e-43
-3.3491e-43
-3.3491e-43
-3.3491e-43
-3.3491e-43
-3.3491e-43
-3.3491e-43
-3.3491e-43
-3.3491e-43
-3.3491e-43
-3.3491e-43
-3.3491e-43
-3.3491e-43
-3.3491e-43
-3.3491e-43
-3.3491e-43
-3.3491e-43
-3.3491e-43
-3.3491e-43
-3.3491e-43
-3.3491e-43
-3.3491e-43
-3.3491e-43
-3.3491e-43
-3.3491e-43
-3.3491e-43
-3.3491e-43
-3.3491e-43
-3.3491e-43
-3.3491e-43
-3.3491e-43
-3.3491e-43
-3.3491e-43
-3.3491e-43
-3.3491e-43
-3.3491e-43
-3.3491e-43
-3.3491e-43
-3.3491e-43
-3.3491e-43
-3.3491e-43
-3.3491e-43
-3.3491e-43
-3.3491e-43
-3.3491e-43
-3.3491e-43
-3.3491e-43
-3.3491e-43
-3.3491e-43
-3.3491e-43
-3.3491e-43
-3.3491e-43
-3.3491e-43
-3.3491e-43
-3.3491e-43
-3.3491e-43
-3.3491e-43
-3.3491e-43
-3.3491e-43
-3.3491e-43
-3.3491e-43
-3.3491e-43
-3.3491e-43
-3.3491e-43
-3.3491e-43
-3.3491e-43
-3.3491e-43
-3.3491e-43
-3.3491e-43
-3.3491e-43
-3.3491e-43
-3.3491e-43
-3.3491e-43
-3.3491e-43
-3.3491e-43
-3.3491e-43
-3.3491e-43
-3.3491e-43
-3.3491e-43
-3.3491e-43
-3.3491e-43
-3.3491e-43
-3.3491e-43
-3.3491e-43
-3.3491e-43
-3.3491e-43
-3.3491e-43
-3.3491e-43
-3.3491e-43
-3.3491e-43
-3.3491e-43
-3.3491e-43
-3.3491e-43
-3.3491e-43
-3.3491e-43
-3.3491e-43
-3.3491e-43
-3.3491e-43
-3.3491e-43
-3.3491e-43
-3.3491e-43
-3.3491e-43
-3.3491e-43
-3.3491e-43
-3.3491e-43
-3.3491e-43
-3.3491e-43
-3.3491e-43
-3.3491e-43
-3.3491e-43
-3.3491e-43
-3.3491e-43
-3.3491e-43
-3.3491e-43
-3.3491e-43
-3.3491e-43
-3.3491e-43
-3.3491e-43
-3.3491e-43
-3.3491e-43
-3.3491e-43
-3.3491e-43
-3.3491e-43
-3.3491e-43
-3.3491e-43
-3.3491e-43
-3.3491e-43
-3.3491e-43
-3.3491e-43
-3.3491e-43
-3.3491e-43
-3.3491e-43
-3.3491e-43
-3.3491e-43
-3.3491e-43
-3.3491e-43
-3.3491e-43
-3.3491e-43
-3.3491e-43
-3.3491e-43
-3.3491e-43
-3.3491e-43
-3.3491e-43
-3.3491e-43
-3.3491e-43
-3.3491e-43
-3.3491e-43
-3.3491e-43
-3.3491e-43
-3.3491e-43
-3.3491e-43
-3.3491e-43
-3.3491e-43
-3.3491e-43
-3.3491e-43
-3.3491e-43
-3.3491e-43
-3.3491e-43
-3.3491e-43
-3.3491e-43
-3.3491e-43
-3.3491e-43
-3.3491e-43
-3.3491e-43
-3.3491e-43
-3.3491e-43
-3.3491e-43
-3.3491e-43
-3.3491e-43
-3.3491e-43
-3.3491e-43
-3.3491e-43
-3.3491e-43
-3.3491e-43
-3.3491e-43
-3.3491e-43
-3.3491e-43
-3.3491e-43
-3.3491e-43
-3.3491e-43
-3.3491e-43
-3.3491e-43
-3.3491e-43
-3.3491e-43
-3.3491e-43
-3.3491e-43
-3.3491e-43
-3.3491e-43
-3.3491e-43
-3.3491e-43
-3.3491e-43
-3.3491e-43
-3.3491e-43
-3.3491e-43
-3.3491e-43
-3.3491e-43
-3.3491e-43
-3.3491e-43
-3.3491e-43
-3.3491e-43
-3.3491e-43
-3.3491e-43
-3.3491e-43
-3.3491e-43
-3.3491e-43
-3.3491e-43
-3.3491e-43
-3.3491e-43
-3.3491e-43
-3.3491e-43
-3.3491e-43
-3.3491e-43
-3.3491e-43
-3.3491e-43
-3.3491e-43
-3.3491e-43
-3.3491e-43
-3.3491e-43
-3.3491e-43
-3.3491e-43
-3.3491e-43
-3.3491e-43
-3.3491e-43
-3.3491e-43
-3.3491e-43
-3.3491e-43
-3.3491e-43
-3.3491e-43
-3.3491e-43
-3.3491e-43
-3.3491e-43
-3.3491e-43
-3.3491e-43
-3.3491e-43
-3.3491e-43
-3.3491e-43
-3.3491e-43
-3.3491e-43
-3.3491e-43
-3.3491e-43
-3.3491e-43
-3.3491e-43
-3.3491e-43
-3.3491e-43
-3.3491e-43
-3.3491e-43
-3.3491e-43
-3.3491e-43
-3.3491e-43
-3.3491e-43
-3.3491e-43
-3.3491e-43
-3.3491e-43
-3.3491e-43
-3.3491e-43
-3.3491e-43
-3.3491e-43
-3.3491e-43
-3.3491e-43
-3.3491e-43
-3.3491e-43
-3.3491e-43
-3.3491e-43
-3.3491e-43
-3.3491e-43
-3.3491e-43
-3.3491e-43
-3.3491e-43
-3.3491e-43
-3.3491e-43
-3.3491e-43
-3.3491e-43
-3.3491e-43
-3.3491e-43
-3.3491e-43
-3.3491e-43
-3.3491e-43
-3.3491e-43
-3.3491e-43
-3.3491e-43
-3.3491e-43
-3.3491e-43
-3.3491e-43
-3.3491e-43
-3.3491e-43
-3.3491e-43
-3.3491e-43
-3.3491e-43
-3.3491e-43
-3.3491e-43
-3.3491e-43
-3.3491e-43
-3.3491e-43
-3.3491e-43
-3.3491e-43
-3.3491e-43
-3.3491e-43
-3.3491e-43
-3.3491e-43
-3.3491e-43
-3.3491e-43
-3.3491e-43
-3.3491e-43
-3.3491e-43
-3.3491e-43
-3.3491e-43
-3.3491e-43
-3.3491e-43
-3.3491e-43
-3.3491e-43
-3.3491e-43
-3.3491e-43
-3.3491e-43
-3.3491e-43
-3.3491e-43
-3.3491e-43
-3.3491e-43
-3.3491e-43
-3.3491e-43
-3.3491e-43
-3.3491e-43
-3.3491e-43
-3.3491e-43
-3.3491e-43
-3.3491e-43
-3.3491e-43
-3.3491e-43
-3.3491e-43
-3.3491e-43
-3.3491e-43
-3.3491e-43
-3.3491e-43
-3.3491e-43
-3.3491e-43
-3.3491e-43
-3.3491e-43
-3.3491e-43
-3.3491e-43
-3.3491e-43
-3.3491e-43
-3.3491e-43
-3.3491e-43
-3.3491e-43
-3.3491e-43
-3.3491e-43
-3.3491e-43
-3.3491e-43
-3.3491e-43
-3.3491e-43
-3.3491e-43
-3.3491e-43
-3.3491e-43
-3.3491e-43
-3.3491e-43
-3.3491e-43
-3.3491e-43
-3.3491e-43
-3.3491e-43
-3.3491e-43
-3.3491e-43
-3.3491e-43
-3.3491e-43
-3.3491e-43
-3.3491e-43
-3.3491e-43
-3.3491e-43
-3.3491e-43
-3.3491e-43
-3.3491e-43
-3.3491e-43
-3.3491e-43
-3.3491e-43
-3.3491e-43
-3.3491e-43
-3.3491e-43
-3.3491e-43
-3.3491e-43
-3.3491e-43
-3.3491e-43
-3.3491e-43
-3.3491e-43
-3.3491e-43
-3.3491e-43
-3.3491e-43
-3.3491e-43
-3.3491e-43
-3.3491e-43
-3.3491e-43
-3.3491e-43
-3.3491e-43
-3.3491e-43
-3.3491e-43
-3.3491e-43
-3.3491e-43
-3.3491e-43
-3.3491e-43
-3.3491e-43
-3.3491e-43
-3.3491e-43
-3.3491e-43
-3.3491e-43
-3.3491e-43
-3.3491e-43
-3.3491e-43
-3.3491e-43
-3.3491e-43
-3.3491e-43
-3.3491e-43
-3.3491e-43
-3.3491e-43
-3.3491e-43
-3.3491e-43
-3.3491e-43
-3.3491e-43
-3.3491e-43
-3.3491e-43
-3.3491e-43
-3.3491e-43
-3.3491e-43
-3.3491e-43
-3.3491e-43
-3.3491e-43
-3.3491e-43
-3.3491e-43
-3.3491e-43
-3.3491e-43
-3.3491e-43
-3.3491e-43
-3.3491e-43
-3.3491e-43
-3.3491e-43
-3.3491e-43
-3.3491e-43
-3.3491e-43
-3.3491e-43
-3.3491e-43
-3.3491e-43
-3.3491e-43
-3.3491e-43
-3.3491e-43
-3.3491e-43
-3.3491e-43
-3.3491e-43
-3.3491e-43
-3.3491e-43
-3.3491e-43
-3.3491e-43
-3.3491e-43
-3.3491e-43
-3.3491e-43
-3.3491e-43
-3.3491e-43
-3.3491e-43
-3.3491e-43
-3.3491e-43
-3.3491e-43
-3.3491e-43
-3.3491e-43
-3.3491e-43
-3.3491e-43
-3.3491e-43
-3.3491e-43
-3.3491e-43
-3.3491e-43
-3.3491e-43
-3.3491e-43
-3.3491e-43
-3.3491e-43
-3.3491e-43
-3.3491e-43
-3.3491e-43
-3.3491e-43
-3.3491e-43
-3.3491e-43
-3.3491e-43
-3.3491e-43
-3.3491e-43
-3.3491e-43
-3.3491e-43
-3.3491e-43
-3.3491e-43
-3.3491e-43
-3.3491e-43
-3.3491e-43
-3.3491e-43
-3.3491e-43
-3.3491e-43
-3.3491e-43
-3.3491e-43
-3.3491e-43
-3.3491e-43
-3.3491e-43
-3.3491e-43
-3.3491e-43
-3.3491e-43
-3.3491e-43
-3.3491e-43
-3.3491e-43
-3.3491e-43
-3.3491e-43
-3.3491e-43
-3.3491e-43
-3.3491e-43
-3.3491e-43
-3.3491e-43
-3.3491e-43
-3.3491e-43
-3.3491e-43
-3.3491e-43
-3.3491e-43
-3.3491e-43
-3.3491e-43
-3.3491e-43
-3.3491e-43
-3.3491e-43
-3.3491e-43
-3.3491e-43
-3.3491e-43
-3.3491e-43
-3.3491e-43
-3.3491e-43
-3.3491e-43
-3.3491e-43
-3.3491e-43
-3.3491e-43
-3.3491e-43
-3.3491e-43
-3.3491e-43
-3.3491e-43
-3.3491e-43
-3.3491e-43
-3.3491e-43
-3.3491e-43
-3.3491e-43
-3.3491e-43
-3.3491e-43
-3.3491e-43
-3.3491e-43
-3.3491e-43
-3.3491e-43
-3.3491e-43
-3.3491e-43
-3.3491e-43
-3.3491e-43
-3.3491e-43
-3.3491e-43
-3.3491e-43
-3.3491e-43
-3.3491e-43
-3.3491e-43
-3.3491e-43
-3.3491e-43
-3.3491e-43
-3.3491e-43
-3.3491e-43
-3.3491e-43
-3.3491e-43
-3.3491e-43
-3.3491e-43
-3.3491e-43
-3.3491e-43
-3.3491e-43
-3.3491e-43
-3.3491e-43
-3.3491e-43
-3.3491e-43
-3.3491e-43
-3.3491e-43
-3.3491e-43
-3.3491e-43
-3.3491e-43
-3.3491e-43
-3.3491e-43
-3.3491e-43
-3.3491e-43
-3.3491e-43
-3.3491e-43
-3.3491e-43
-3.3491e-43
-3.3491e-43
-3.3491e-43
-3.3491e-43
-3.3491e-43
-3.3491e-43
-3.3491e-43
-3.3491e-43
-3.3491e-43
-3.3491e-43
-3.3491e-43
-3.3491e-43
-3.3491e-43
-3.3491e-43
-3.3491e-43
-3.3491e-43
-3.3491e-43
-3.3491e-43
-3.3491e-43
-3.3491e-43
-3.3491e-43
-3.3491e-43
-3.3491e-43
-3.3491e-43
-3.3491e-43
-3.3491e-43
-3.3491e-43
-3.3491e-43
-3.3491e-43
-3.3491e-43
-3.3491e-43
-3.3491e-43
-3.3491e-43
-3.3491e-43
-3.3491e-43
-3.3491e-43
-3.3491e-43
-3.3491e-43
-3.3491e-43
-3.3491e-43
-3.3491e-43
-3.3491e-43
-3.3491e-43
-3.3491e-43
-3.3491e-43
-3.3491e-43
-3.3491e-43
-3.3491e-43
-3.3491e-43
-3.3491e-43
-3.3491e-43
-3.3491e-43
-3.3491e-43
-3.3491e-43
-3.3491e-43
-3.3491e-43
-3.3491e-43
-3.3491e-43
-3.3491e-43
-3.3491e-43
-3.3491e-43
-3.3491e-43
-3.3491e-43
-3.3491e-43
-3.3491e-43
-3.3491e-43
-3.3491e-43
-3.3491e-43
-3.3491e-43
-3.3491e-43
-3.3491e-43
-3.3491e-43
-3.3491e-43
-3.3491e-43
-3.3491e-43
-3.3491e-43
-3.3491e-43
-3.3491e-43
-3.3491e-43
-3.3491e-43
-3.3491e-43
-3.3491e-43
-3.3491e-43
-3.3491e-43
-3.3491e-43
-3.3491e-43
-3.3491e-43
-3.3491e-43
-3.3491e-43
-3.3491e-43
-3.3491e-43
-3.3491e-43
-3.3491e-43
-3.3491e-43
-3.3491e-43
-3.3491e-43
-3.3491e-43
-3.3491e-43
-3.3491e-43
-3.3491e-43
-3.3491e-43
-3.3491e-43
-3.3491e-43
-3.3491e-43
-3.3491e-43
-3.3491e-43
-3.3491e-43
-3.3491e-43
-3.3491e-43
-3.3491e-43
-3.3491e-43
-3.3491e-43
-3.3491e-43
-3.3491e-43
-3.3491e-43
-3.3491e-43
-3.3491e-43
-3.3491e-43
-3.3491e-43
-3.3491e-43
-3.3491e-43
-3.3491e-43
-3.3491e-43
-3.3491e-43
-3.3491e-43
-3.3491e-43
-3.3491e-43
-3.3491e-43
-3.3491e-43
-3.3491e-43
-3.3491e-43
-3.3491e-43
-3.3491e-43
-3.3491e-43
-3.3491e-43
-3.3491e-43
-3.3491e-43
-3.3491e-43
-3.3491e-43
-3.3491e-43
-3.3491e-43
-3.3491e-43
-3.3491e-43
-3.3491e-43
-3.3491e-43
-3.3491e-43
-3.3491e-43
-3.3491e-43
-3.3491e-43
-3.3491e-43
-3.3491e-43
-3.3491e-43
-3.3491e-43
-3.3491e-43
-3.3491e-43
-3.3491e-43
-3.3491e-43
-3.3491e-43
-3.3491e-43
-3.3491e-43
-3.3491e-43
-3.3491e-43
-3.3491e-43
-3.3491e-43
-3.3491e-43
-3.3491e-43
-3.3491e-43
-3.3491e-43
-3.3491e-43
-3.3491e-43
-3.3491e-43
-3.3491e-43
-3.3491e-43
-3.3491e-43
-3.3491e-43
-3.3491e-43
-3.3491e-43
-3.3491e-43
-3.3491e-43
-3.3491e-43
-3.3491e-43
-3.3491e-43
-3.3491e-43
-3.3491e-43
-3.3491e-43
-3.3491e-43
-3.3491e-43
-3.3491e-43
-3.3491e-43
-3.3491e-43
-3.3491e-43
-3.3491e-43
-3.3491e-43
-3.3491e-43
-3.3491e-43
-3.3491e-43
-3.3491e-43
-3.3491e-43
-3.3491e-43
-3.3491e-43
-3.3491e-43
-3.3491e-43
-3.3491e-43
-3.3491e-43
-3.3491e-43
-3.3491e-43
-3.3491e-43
-3.3491e-43
-3.3491e-43
-3.3491e-43
-3.3491e-43
-3.3491e-43
-3.3491e-43
-3.3491e-43
-3.3491e-43
-3.3491e-43
-3.3491e-43
-3.3491e-43
-3.3491e-43
-3.3491e-43
-3.3491e-43
-3.3491e-43
-3.3491e-43
-3.3491e-43
-3.3491e-43
-3.3491e-43
-3.3491e-43
-3.3491e-43
-3.3491e-43
-3.3491e-43
-3.3491e-43
-3.3491e-43
-3.3491e-43
-3.3491e-43
-3.3491e-43
-3.3491e-43
-3.3491e-43
-3.3491e-43
-3.3491e-43
-3.3491e-43
-3.3491e-43
-3.3491e-43
-3.3491e-43
-3.3491e-43
-3.3491e-43
-3.3491e-43
-3.3491e-43
-3.3491e-43
-3.3491e-43
-3.3491e-43
-3.3491e-43
-3.3491e-43
-3.3491e-43
-3.3491e-43
-3.3491e-43
-3.3491e-43
-3.3491e-43
-3.3491e-43
-3.3491e-43
-3.3491e-43
-3.3491e-43
-3.3491e-43
-3.3491e-43
-3.3491e-43
-3.3491e-43
-3.3491e-43
-3.3491e-43
-3.3491e-43
-3.3491e-43
-3.3491e-43
-3.3491e-43
-3.3491e-43
-3.3491e-43
-3.3491e-43
-3.3491e-43
-3.3491e-43
-3.3491e-43
-3.3491e-43
-3.3491e-43
-3.3491e-43
-3.3491e-43
-3.3491e-43
-3.3491e-43
-3.3491e-43
-3.3491e-43
-3.3491e-43
-3.3491e-43
-3.3491e-43
-3.3491e-43
-3.3491e-43
-3.3491e-43
-3.3491e-43
-3.3491e-43
-3.3491e-43
-3.3491e-43
-3.3491e-43
-3.3491e-43
-3.3491e-43
-3.3491e-43
-3.3491e-43
-3.3491e-43
-3.3491e-43
-3.3491e-43
-3.3491e-43
-3.3491e-43
-3.3491e-43
-3.3491e-43
-3.3491e-43
-3.3491e-43
-3.3491e-43
-3.3491e-43
-3.3491e-43
-3.3491e-43
-3.3491e-43
-3.3491e-43
-3.3491e-43
-3.3491e-43
-3.3491e-43
-3.3491e-43
-3.3491e-43
-3.3491e-43
-3.3491e-43
-3.3491e-43
-3.3491e-43
-3.3491e-43
-3.3491e-43
-3.3491e-43
-3.3491e-43
-3.3491e-43
-3.3491e-43
-3.3491e-43
-3.3491e-43
-3.3491e-43
-3.3491e-43
-3.3491e-43
-3.3491e-43
-3.3491e-43
-3.3491e-43
-3.3491e-43
-3.3491e-43
-3.3491e-43
-3.3491e-43
-3.3491e-43
-3.3491e-43
-3.3491e-43
-3.3491e-43
-3.3491e-43
-3.3491e-43
-3.3491e-43
-3.3491e-43
-3.3491e-43
-3.3491e-43
-3.3491e-43
-3.3491e-43
-3.3491e-43
-3.3491e-43
-3.3491e-43
-3.3491e-43
-3.3491e-43
-3.3491e-43
-3.3491e-43
-3.3491e-43
-3.3491e-43
-3.3491e-43
-3.3491e-43
-3.3491e-43
-3.3491e-43
-3.3491e-43
-3.3491e-43
-3.3491e-43
-3.3491e-43
-3.3491e-43
-3.3491e-43
-3.3491e-43
-3.3491e-43
-3.3491e-43
-3.3491e-43
-3.3491e-43
-3.3491e-43
-3.3491e-43
-3.3491e-43
-3.3491e-43
-3.3491e-43
-3.3491e-43
-3.3491e-43
-3.3491e-43
-3.3491e-43
-3.3491e-43
-3.3491e-43
-3.3491e-43
-3.3491e-43
-3.3491e-43
-3.3491e-43
-3.3491e-43
-3.3491e-43
-3.3491e-43
-3.3491e-43
-3.3491e-43
-3.3491e-43
-3.3491e-43
-3.3491e-43
-3.3491e-43
-3.3491e-43
-3.3491e-43
-3.3491e-43
-3.3491e-43
-3.3491e-43
-3.3491e-43
-3.3491e-43
-3.3491e-43
-3.3491e-43
-3.3491e-43
-3.3491e-43
-3.3491e-43
-3.3491e-43
-3.3491e-43
-3.3491e-43
-3.3491e-43
-3.3491e-43
-3.3491e-43
-3.3491e-43
-3.3491e-43
-3.3491e-43
-3.3491e-43
-3.3491e-43
-3.3491e-43
-3.3491e-43
-3.3491e-43
-3.3491e-43
-3.3491e-43
-3.3491e-43
-3.3491e-43
-3.3491e-43
-3.3491e-43
-3.3491e-43
-3.3491e-43
-3.3491e-43
-3.3491e-43
-3.3491e-43
-3.3491e-43
-3.3491e-43
-3.3491e-43
-3.3491e-43
-3.3491e-43
-3.3491e-43
-3.3491e-43
-3.3491e-43
-3.3491e-43
-3.3491e-43
-3.3491e-43
-3.3491e-43
-3.3491e-43
-3.3491e-43
-3.3491e-43
-3.3491e-43
-3.3491e-43
-3.3491e-43
-3.3491e-43
-3.3491e-43
-3.3491e-43
-3.3491e-43
-3.3491e-43
-3.3491e-43
-3.3491e-43
-3.3491e-43
-3.3491e-43
-3.3491e-43
-3.3491e-43
-3.3491e-43
-3.3491e-43
-3.3491e-43
-3.3491e-43
-3.3491e-43
-3.3491e-43
-3.3491e-43
-3.3491e-43
-3.3491e-43
-3.3491e-43
-3.3491e-43
-3.3491e-43
-3.3491e-43
-3.3491e-43
-3.3491e-43
-3.3491e-43
-3.3491e-43
-3.3491e-43
-3.3491e-43
-3.3491e-43
-3.3491e-43
-3.3491e-43
-3.3491e-43
-3.3491e-43
-3.3491e-43
-3.3491e-43
-3.3491e-43
-3.3491e-43
-3.3491e-43
-3.3491e-43
-3.3491e-43
-3.3491e-43
-3.3491e-43
-3.3491e-43
-3.3491e-43
-3.3491e-43
-3.3491e-43
-3.3491e-43
-3.3491e-43
-3.3491e-43
-3.3491e-43
-3.3491e-43
-3.3491e-43
-3.3491e-43
-3.3491e-43
-3.3491e-43
-3.3491e-43
-3.3491e-43
-3.3491e-43
-3.3491e-43
-3.3491e-43
-3.3491e-43
-3.3491e-43
-3.3491e-43
-3.3491e-43
-3.3491e-43
-3.3491e-43
-3.3491e-43
-3.3491e-43
-3.3491e-43
-3.3491e-43
-3.3491e-43
-3.3491e-43
-3.3491e-43
-3.3491e-43
-3.3491e-43
-3.3491e-43
-3.3491e-43
-3.3491e-43
-3.3491e-43
-3.3491e-43
-3.3491e-43
-3.3491e-43
-3.3491e-43
-3.3491e-43
-3.3491e-43
-3.3491e-43
-3.3491e-43
-3.3491e-43
-3.3491e-43
-3.3491e-43
-3.3491e-43
-3.3491e-43
-3.3491e-43
-3.3491e-43
-3.3491e-43
-3.3491e-43
-3.3491e-43
-3.3491e-43
-3.3491e-43
-3.3491e-43
-3.3491e-43
-3.3491e-43
-3.3491e-43
-3.3491e-43
-3.3491e-43
-3.3491e-43
-3.3491e-43
-3.3491e-43
-3.3491e-43
-3.3491e-43
-3.3491e-43
-3.3491e-43
-3.3491e-43
-3.3491e-43
-3.3491e-43
-3.3491e-43
-3.3491e-43
-3.3491e-43
-3.3491e-43
-3.3491e-43
-3.3491e-43
-3.3491e-43
-3.3491e-43
-3.3491e-43
-3.3491e-43
-3.3491e-43
-3.3491e-43
-3.3491e-43
-3.3491e-43
-3.3491e-43
-3.3491e-43
-3.3491e-43
-3.3491e-43
-3.3491e-43
-3.3491e-43
-3.3491e-43
-3.3491e-43
-3.3491e-43
-3.3491e-43
-3.3491e-43
-3.3491e-43
-3.3491e-43
-3.3491e-43
-3.3491e-43
-3.3491e-43
-3.3491e-43
-3.3491e-43
-3.3491e-43
-3.3491e-43
-3.3491e-43
-3.3491e-43
-3.3491e-43
-3.3491e-43
-3.3491e-43
-3.3491e-43
-3.3491e-43
-3.3491e-43
-3.3491e-43
-3.3491e-43
-3.3491e-43
-3.3491e-43
-3.3491e-43
-3.3491e-43
-3.3491e-43
-3.3491e-43
-3.3491e-43
-3.3491e-43
-3.3491e-43
-3.3491e-43
-3.3491e-43
-3.3491e-43
-3.3491e-43
-3.3491e-43
-3.3491e-43
-3.3491e-43
-3.3491e-43
-3.3491e-43
-3.3491e-43
-3.3491e-43
-3.3491e-43
-3.3491e-43
-3.3491e-43
-3.3491e-43
-3.3491e-43
-3.3491e-43
-3.3491e-43
-3.3491e-43
-3.3491e-43
-3.3491e-43
-3.3491e-43
-3.3491e-43
-3.3491e-43
-3.3491e-43
-3.3491e-43
-3.3491e-43
-3.3491e-43
-3.3491e-43
-3.3491e-43
-3.3491e-43
-3.3491e-43
-3.3491e-43
-3.3491e-43
-3.3491e-43
-3.3491e-43
-3.3491e-43
-3.3491e-43
-3.3491e-43
-3.3491e-43
-3.3491e-43
-3.3491e-43
-3.3491e-43
-3.3491e-43
-3.3491e-43
-3.3491e-43
-3.3491e-43
-3.3491e-43
-3.3491e-43
-3.3491e-43
-3.3491e-43
-3.3491e-43
-3.3491e-43
-3.3491e-43
-3.3491e-43
-3.3491e-43
-3.3491e-43
-3.3491e-43
-3.3491e-43
-3.3491e-43
-3.3491e-43
-3.3491e-43
-3.3491e-43
-3.3491e-43
-3.3491e-43
-3.3491e-43
-3.3491e-43
-3.3491e-43
-3.3491e-43
-3.3491e-43
-3.3491e-43
-3.3491e-43
-3.3491e-43
-3.3491e-43
-3.3491e-43
-3.3491e-43
-3.3491e-43
-3.3491e-43
-3.3491e-43
-3.3491e-43
-3.3491e-43
-3.3491e-43
-3.3491e-43
-3.3491e-43
-3.3491e-43
-3.3491e-43
-3.3491e-43
-3.3491e-43
-3.3491e-43
-3.3491e-43
-3.3491e-43
-3.3491e-43
-3.3491e-43
-3.3491e-43
-3.3491e-43
-3.3491e-43
-3.3491e-43
-3.3491e-43
-3.3491e-43
-3.3491e-43
-3.3491e-43
-3.3491e-43
-3.3491e-43
-3.3491e-43
-3.3491e-43
-3.3491e-43
-3.3491e-43
-3.3491e-43
-3.3491e-43
-3.3491e-43
-3.3491e-43
-3.3491e-43
-3.3491e-43
-3.3491e-43
-3.3491e-43
-3.3491e-43
-3.3491e-43
-3.3491e-43
-3.3491e-43
-3.3491e-43
-3.3491e-43
-3.3491e-43
-3.3491e-43
-3.3491e-43
-3.3491e-43
-3.3491e-43
-3.3491e-43
-3.3491e-43
-3.3491e-43
-3.3491e-43
-3.3491e-43
-3.3491e-43
-3.3491e-43
-3.3491e-43
-3.3491e-43
-3.3491e-43
-3.3491e-43
-3.3491e-43
-3.3491e-43
-3.3491e-43
-3.3491e-43
-3.3491e-43
-3.3491e-43
-3.3491e-43
-3.3491e-43
-3.3491e-43
-3.3491e-43
-3.3491e-43
-3.3491e-43
-3.3491e-43
-3.3491e-43
-3.3491e-43
-3.3491e-43
-3.3491e-43
-3.3491e-43
-3.3491e-43
-3.3491e-43
-3.3491e-43
-3.3491e-43
-3.3491e-43
-3.3491e-43
-3.3491e-43
-3.3491e-43
-3.3491e-43
-3.3491e-43
-3.3491e-43
-3.3491e-43
-3.3491e-43
-3.3491e-43
-3.3491e-43
-3.3491e-43
-3.3491e-43
-3.3491e-43
-3.3491e-43
-3.3491e-43
-3.3491e-43
-3.3491e-43
-3.3491e-43
-3.3491e-43
-3.3491e-43
-3.3491e-43
-3.3491e-43
-3.3491e-43
-3.3491e-43
-3.3491e-43
-3.3491e-43
-3.3491e-43
-3.3491e-43
-3.3491e-43
-3.3491e-43
-3.3491e-43
-3.3491e-43
-3.3491e-43
-3.3491e-43
-3.3491e-43
-3.3491e-43
-3.3491e-43
-3.3491e-43
-3.3491e-43
-3.3491e-43
-3.3491e-43
-3.3491e-43
-3.3491e-43
-3.3491e-43
-3.3491e-43
-3.3491e-43
-3.3491e-43
-3.3491e-43
-3.3491e-43
-3.3491e-43
-3.3491e-43
-3.3491e-43
-3.3491e-43
-3.3491e-43
-3.3491e-43
-3.3491e-43
-3.3491e-43
-3.3491e-43
-3.3491e-43
-3.3491e-43
-3.3491e-43
-3.3491e-43
-3.3491e-43
-3.3491e-43
-3.3491e-43
-3.3491e-43
-3.3491e-43
-3.3491e-43
-3.3491e-43
-3.3491e-43
-3.3491e-43
-3.3491e-43
-3.3491e-43
-3.3491e-43
-3.3491e-43
-3.3491e-43
-3.3491e-43
-3.3491e-43
-3.3491e-43
-3.3491e-43
-3.3491e-43
-3.3491e-43
-3.3491e-43
-3.3491e-43
-3.3491e-43
-3.3491e-43
-3.3491e-43
-3.3491e-43
-3.3491e-43
-3.3491e-43
-3.3491e-43
-3.3491e-43
-3.3491e-43
-3.3491e-43
-3.3491e-43
-3.3491e-43
-3.3491e-43
-3.3491e-43
-3.3491e-43
-3.3491e-43
-3.3491e-43
-3.3491e-43
-3.3491e-43
-3.3491e-43
-3.3491e-43
-3.3491e-43
-3.3491e-43
-3.3491e-43
-3.3491e-43
-3.3491e-43
-3.3491e-43
-3.3491e-43
-3.3491e-43
-3.3491e-43
-3.3491e-43
-3.3491e-43
-3.3491e-43
-3.3491e-43
-3.3491e-43
-3.3491e-43
-3.3491e-43
-3.3491e-43
-3.3491e-43
-3.3491e-43
-3.3491e-43
-3.3491e-43
-3.3491e-43
-3.3491e-43
-3.3491e-43
-3.3491e-43
-3.3491e-43
-3.3491e-43
-3.3491e-43
-3.3491e-43
-3.3491e-43
-3.3491e-43
-3.3491e-43
-3.3491e-43
-3.3491e-43
-3.3491e-43
-3.3491e-43
-3.3491e-43
-3.3491e-43
-3.3491e-43
-3.3491e-43
-3.3491e-43
-3.3491e-43
-3.3491e-43
-3.3491e-43
-3.3491e-43
-3.3491e-43
-3.3491e-43
-3.3491e-43
-3.3491e-43
-3.3491e-43
-3.3491e-43
-3.3491e-43
-3.3491e-43
-3.3491e-43
-3.3491e-43
-3.3491e-43
-3.3491e-43
-3.3491e-43
-3.3491e-43
-3.3491e-43
-3.3491e-43
-3.3491e-43
-3.3491e-43
-3.3491e-43
-3.3491e-43
-3.3491e-43
-3.3491e-43
-3.3491e-43
-3.3491e-43
-3.3491e-43
-3.3491e-43
-3.3491e-43
-3.3491e-43
-3.3491e-43
-3.3491e-43
-3.3491e-43
-3.3491e-43
-3.3491e-43
-3.3491e-43
-3.3491e-43
-3.3491e-43
-3.3491e-43
-3.3491e-43
-3.3491e-43
-3.3491e-43
-3.3491e-43
-3.3491e-43
-3.3491e-43
-3.3491e-43
-3.3491e-43
-3.3491e-43
-3.3491e-43
-3.3491e-43
-3.3491e-43
-3.3491e-43
-3.3491e-43
-3.3491e-43
-3.3491e-43
-3.3491e-43
-3.3491e-43
-3.3491e-43
-3.3491e-43
-3.3491e-43
-3.3491e-43
-3.3491e-43
-3.3491e-43
-3.3491e-43
-3.3491e-43
-3.3491e-43
-3.3491e-43
-3.3491e-43
-3.3491e-43
-3.3491e-43
-3.3491e-43
-3.3491e-43
-3.3491e-43
-3.3491e-43
-3.3491e-43
-3.3491e-43
-3.3491e-43
-3.3491e-43
-3.3491e-43
-3.3491e-43
-3.3491e-43
-3.3491e-43
-3.3491e-43
-3.3491e-43
-3.3491e-43
-3.3491e-43
-3.3491e-43
-3.3491e-43
-3.3491e-43
-3.3491e-43
-3.3491e-43
-3.3491e-43
-3.3491e-43
-3.3491e-43
-3.3491e-43
-3.3491e-43
-3.3491e-43
-3.3491e-43
-3.3491e-43
-3.3491e-43
-3.3491e-43
-3.3491e-43
-3.3491e-43
-3.3491e-43
-3.3491e-43
-3.3491e-43
-3.3491e-43
-3.3491e-43
-3.3491e-43
-3.3491e-43
-3.3491e-43
-3.3491e-43
-3.3491e-43
-3.3491e-43
-3.3491e-43
-3.3491e-43
-3.3491e-43
-3.3491e-43
-3.3491e-43
-3.3491e-43
-3.3491e-43
-3.3491e-43
-3.3491e-43
-3.3491e-43
-3.3491e-43
-3.3491e-43
-3.3491e-43
-3.3491e-43
-3.3491e-43
-3.3491e-43
-3.3491e-43
-3.3491e-43
-3.3491e-43
-3.3491e-43
-3.3491e-43
-3.3491e-43
-3.3491e-43
-3.3491e-43
-3.3491e-43
-3.3491e-43
-3.3491e-43
-3.3491e-43
-3.3491e-43
-3.3491e-43
-3.3491e-43
-3.3491e-43
-3.3491e-43
-3.3491e-43
-3.3491e-43
-3.3491e-43
-3.3491e-43
-3.3491e-43
-3.3491e-43
-3.3491e-43
-3.3491e-43
-3.3491e-43
-3.3491e-43
-3.3491e-43
-3.3491e-43
-3.3491e-43
-3.3491e-43
-3.3491e-43
-3.3491e-43
-3.3491e-43
-3.3491e-43
-3.3491e-43
-3.3491e-43
-3.3491e-43
-3.3491e-43
-3.3491e-43
-3.3491e-43
-3.3491e-43
-3.3491e-43
-3.3491e-43
-3.3491e-43
-3.3491e-43
-3.3491e-43
-3.3491e-43
-3.3491e-43
-3.3491e-43
-3.3491e-43
-3.3491e-43
-3.3491e-43
-3.3491e-43
-3.3491e-43
-3.3491e-43
-3.3491e-43
-3.3491e-43
-3.3491e-43
-3.3491e-43
-3.3491e-43
-3.3491e-43
-3.3491e-43
-3.3491e-43
-3.3491e-43
-3.3491e-43
-3.3491e-43
-3.3491e-43
-3.3491e-43
-3.3491e-43
-3.3491e-43
-3.3491e-43
-3.3491e-43
-3.3491e-43
-3.3491e-43
-3.3491e-43
-3.3491e-43
-3.3491e-43
-3.3491e-43
-3.3491e-43
-3.3491e-43
-3.3491e-43
-3.3491e-43
-3.3491e-43
-3.3491e-43
-3.3491e-43
-3.3491e-43
-3.3491e-43
-3.3491e-43
-3.3491e-43
-3.3491e-43
-3.3491e-43
-3.3491e-43
-3.3491e-43
-3.3491e-43
-3.3491e-43
-3.3491e-43
-3.3491e-43
-3.3491e-43
-3.3491e-43
-3.3491e-43
-3.3491e-43
-3.3491e-43
-3.3491e-43
-3.3491e-43
-3.3491e-43
-3.3491e-43
-3.3491e-43
-3.3491e-43
-3.3491e-43
-3.3491e-43
-3.3491e-43
-3.3491e-43
-3.3491e-43
-3.3491e-43
-3.3491e-43
-3.3491e-43
-3.3491e-43
-3.3491e-43
-3.3491e-43
-3.3491e-43
-3.3491e-43
-3.3491e-43
-3.3491e-43
-3.3491e-43
-3.3491e-43
-3.3491e-43
-3.3491e-43
-3.3491e-43
-3.3491e-43
-3.3491e-43
-3.3491e-43
-3.3491e-43
-3.3491e-43
-3.3491e-43
-3.3491e-43
-3.3491e-43
-3.3491e-43
-3.3491e-43
-3.3491e-43
-3.3491e-43
-3.3491e-43
-3.3491e-43
-3.3491e-43
-3.3491e-43
-3.3491e-43
-3.3491e-43
-3.3491e-43
-3.3491e-43
-3.3491e-43
-3.3491e-43
-3.3491e-43
-3.3491e-43
-3.3491e-43
-3.3491e-43
-3.3491e-43
-3.3491e-43
-3.3491e-43
-3.3491e-43
-3.3491e-43
-3.3491e-43
-3.3491e-43
-3.3491e-43
-3.3491e-43
-3.3491e-43
-3.3491e-43
-3.3491e-43
-3.3491e-43
-3.3491e-43
-3.3491e-43
-3.3491e-43
-3.3491e-43
-3.3491e-43
-3.3491e-43
-3.3491e-43
-3.3491e-43
-3.3491e-43
-3.3491e-43
-3.3491e-43
-3.3491e-43
-3.3491e-43
-3.3491e-43
-3.3491e-43
-3.3491e-43
-3.3491e-43
-3.3491e-43
-3.3491e-43
-3.3491e-43
-3.3491e-43
-3.3491e-43
-3.3491e-43
-3.3491e-43
-3.3491e-43
-3.3491e-43
-3.3491e-43
-3.3491e-43
-3.3491e-43
-3.3491e-43
-3.3491e-43
-3.3491e-43
-3.3491e-43
-3.3491e-43
-3.3491e-43
-3.3491e-43
-3.3491e-43
-3.3491e-43
-3.3491e-43
-3.3491e-43
-3.3491e-43
-3.3491e-43
-3.3491e-43
-3.3491e-43
-3.3491e-43
-3.3491e-43
-3.3491e-43
-3.3491e-43
-3.3491e-43
-3.3491e-43
-3.3491e-43
-3.3491e-43
-3.3491e-43
-3.3491e-43
-3.3491e-43
-3.3491e-43
-3.3491e-43
-3.3491e-43
-3.3491e-43
-3.3491e-43
-3.3491e-43
-3.3491e-43
-3.3491e-43
-3.3491e-43
-3.3491e-43
-3.3491e-43
-3.3491e-43
-3.3491e-43
-3.3491e-43
-3.3491e-43
-3.3491e-43
-3.3491e-43
-3.3491e-43
-3.3491e-43
-3.3491e-43
-3.3491e-43
-3.3491e-43
-3.3491e-43
-3.3491e-43
-3.3491e-43
-3.3491e-43
-3.3491e-43
-3.3491e-43
-3.3491e-43
-3.3491e-43
-3.3491e-43
-3.3491e-43
-3.3491e-43
-3.3491e-43
-3.3491e-43
-3.3491e-43
-3.3491e-43
-3.3491e-43
-3.3491e-43
-3.3491e-43
-3.3491e-43
-3.3491e-43
-3.3491e-43
-3.3491e-43
-3.3491e-43
-3.3491e-43
-3.3491e-43
-3.3491e-43
-3.3491e-43
-3.3491e-43
-3.3491e-43
-3.3491e-43
-3.3491e-43
-3.3491e-43
-3.3491e-43
-3.3491e-43
-3.3491e-43
-3.3491e-43
-3.3491e-43
-3.3491e-43
-3.3491e-43
-3.3491e-43
-3.3491e-43
-3.3491e-43
-3.3491e-43
-3.3491e-43
-3.3491e-43
-3.3491e-43
-3.3491e-43
-3.3491e-43
-3.3491e-43
-3.3491e-43
-3.3491e-43
-3.3491e-43
-3.3491e-43
-3.3491e-43
-3.3491e-43
-3.3491e-43
-3.3491e-43
-3.3491e-43
-3.3491e-43
-3.3491e-43
-3.3491e-43
-3.3491e-43
-3.3491e-43
-3.3491e-43
-3.3491e-43
-3.3491e-43
-3.3491e-43
-3.3491e-43
-3.3491e-43
-3.3491e-43
-3.3491e-43
-3.3491e-43
-3.3491e-43
-3.3491e-43
-3.3491e-43
-3.3491e-43
-3.3491e-43
-3.3491e-43
-3.3491e-43
-3.3491e-43
-3.3491e-43
-3.3491e-43
-3.3491e-43
-3.3491e-43
-3.3491e-43
-3.3491e-43
-3.3491e-43
-3.3491e-43
-3.3491e-43
-3.3491e-43
-3.3491e-43
-3.3491e-43
-3.3491e-43
-3.3491e-43
-3.3491e-43
-3.3491e-43
-3.3491e-43
-3.3491e-43
-3.3491e-43
-3.3491e-43
-3.3491e-43
-3.3491e-43
-3.3491e-43
-3.3491e-43
-3.3491e-43
-3.3491e-43
-3.3491e-43
-3.3491e-43
-3.3491e-43
-3.3491e-43
-3.3491e-43
-3.3491e-43
-3.3491e-43
-3.3491e-43
-3.3491e-43
-3.3491e-43
-3.3491e-43
-3.3491e-43
-3.3491e-43
-3.3491e-43
-3.3491e-43
-3.3491e-43
-3.3491e-43
-3.3491e-43
-3.3491e-43
-3.3491e-43
-3.3491e-43
-3.3491e-43
-3.3491e-43
-3.3491e-43
-3.3491e-43
-3.3491e-43
-3.3491e-43
-3.3491e-43
-3.3491e-43
-3.3491e-43
-3.3491e-43
-3.3491e-43
-3.3491e-43
-3.3491e-43
-3.3491e-43
-3.3491e-43
-3.3491e-43
-3.3491e-43
-3.3491e-43
-3.3491e-43
-3.3491e-43
-3.3491e-43
-3.3491e-43
-3.3491e-43
-3.3491e-43
-3.3491e-43
-3.3491e-43
-3.3491e-43
-3.3491e-43
-3.3491e-43
-3.3491e-43
-3.3491e-43
-3.3491e-43
-3.3491e-43
-3.3491e-43
-3.3491e-43
-3.3491e-43
-3.3491e-43
-3.3491e-43
-3.3491e-43
-3.3491e-43
-3.3491e-43
-3.3491e-43
-3.3491e-43
-3.3491e-43
-3.3491e-43
-3.3491e-43
-3.3491e-43
-3.3491e-43
-3.3491e-43
-3.3491e-43
-3.3491e-43
-3.3491e-43
-3.3491e-43
-3.3491e-43
-3.3491e-43
-3.3491e-43
-3.3491e-43
-3.3491e-43
-3.3491e-43
-3.3491e-43
-3.3491e-43
-3.3491e-43
-3.3491e-43
-3.3491e-43
-3.3491e-43
-3.3491e-43
-3.3491e-43
-3.3491e-43
-3.3491e-43
-3.3491e-43
-3.3491e-43
-3.3491e-43
-3.3491e-43
-3.3491e-43
-3.3491e-43
-3.3491e-43
-3.3491e-43
-3.3491e-43
-3.3491e-43
-3.3491e-43
-3.3491e-43
-3.3491e-43
-3.3491e-43
-3.3491e-43
-3.3491e-43
-3.3491e-43
-3.3491e-43
-3.3491e-43
-3.3491e-43
-3.3491e-43
-3.3491e-43
-3.3491e-43
-3.3491e-43
-3.3491e-43
-3.3491e-43
-3.3491e-43
-3.3491e-43
-3.3491e-43
-3.3491e-43
-3.3491e-43
-3.3491e-43
-3.3491e-43
-3.3491e-43
-3.3491e-43
-3.3491e-43
-3.3491e-43
-3.3491e-43
-3.3491e-43
-3.3491e-43
-3.3491e-43
-3.3491e-43
-3.3491e-43
-3.3491e-43
-3.3491e-43
-3.3491e-43
-3.3491e-43
-3.3491e-43
-3.3491e-43
-3.3491e-43
-3.3491e-43
-3.3491e-43
-3.3491e-43
-3.3491e-43
-3.3491e-43
-3.3491e-43
-3.3491e-43
-3.3491e-43
-3.3491e-43
-3.3491e-43
-3.3491e-43
-3.3491e-43
-3.3491e-43
-3.3491e-43
-3.3491e-43
-3.3491e-43
-3.3491e-43
-3.3491e-43
-3.3491e-43
-3.3491e-43
-3.3491e-43
-3.3491e-43
-3.3491e-43
-3.3491e-43
-3.3491e-43
-3.3491e-43
-3.3491e-43
-3.3491e-43
-3.3491e-43
-3.3491e-43
-3.3491e-43
-3.3491e-43
-3.3491e-43
-3.3491e-43
-3.3491e-43
-3.3491e-43
-3.3491e-43
-3.3491e-43
-3.3491e-43
-3.3491e-43
-3.3491e-43
-3.3491e-43
-3.3491e-43
-3.3491e-43
-3.3491e-43
-3.3491e-43
-3.3491e-43
-3.3491e-43
-3.3491e-43
-3.3491e-43
-3.3491e-43
-3.3491e-43
-3.3491e-43
-3.3491e-43
-3.3491e-43
-3.3491e-43
-3.3491e-43
-3.3491e-43
-3.3491e-43
-3.3491e-43
-3.3491e-43
-3.3491e-43
-3.3491e-43
-3.3491e-43
-3.3491e-43
-3.3491e-43
-3.3491e-43
-3.3491e-43
-3.3491e-43
-3.3491e-43
-3.3491e-43
-3.3491e-43
-3.3491e-43
-3.3491e-43
-3.3491e-43
-3.3491e-43
-3.3491e-43
-3.3491e-43
-3.3491e-43
-3.3491e-43
-3.3491e-43
-3.3491e-43
-3.3491e-43
-3.3491e-43
-3.3491e-43
-3.3491e-43
-3.3491e-43
-3.3491e-43
-3.3491e-43
-3.3491e-43
-3.3491e-43
-3.3491e-43
-3.3491e-43
-3.3491e-43
-3.3491e-43
-3.3491e-43
-3.3491e-43
-3.3491e-43
-3.3491e-43
-3.3491e-43
-3.3491e-43
-3.3491e-43
-3.3491e-43
-3.3491e-43
-3.3491e-43
-3.3491e-43
-3.3491e-43
-3.3491e-43
-3.3491e-43
-3.3491e-43
-3.3491e-43
-3.3491e-43
-3.3491e-43
-3.3491e-43
-3.3491e-43
-3.3491e-43
-3.3491e-43
-3.3491e-43
-3.3491e-43
-3.3491e-43
-3.3491e-43
-3.3491e-43
-3.3491e-43
-3.3491e-43
-3.3491e-43
-3.3491e-43
-3.3491e-43
-3.3491e-43
-3.3491e-43
-3.3491e-43
-3.3491e-43
-3.3491e-43
-3.3491e-43
-3.3491e-43
-3.3491e-43
-3.3491e-43
-3.3491e-43
-3.3491e-43
-3.3491e-43
-3.3491e-43
-3.3491e-43
-3.3491e-43
-3.3491e-43
-3.3491e-43
-3.3491e-43
-3.3491e-43
-3.3491e-43
-3.3491e-43
-3.3491e-43
-3.3491e-43
-3.3491e-43
-3.3491e-43
-3.3491e-43
-3.3491e-43
-3.3491e-43
-3.3491e-43
-3.3491e-43
-3.3491e-43
-3.3491e-43
-3.3491e-43
-3.3491e-43
-3.3491e-43
-3.3491e-43
-3.3491e-43
-3.3491e-43
-3.3491e-43
-3.3491e-43
-3.3491e-43
-3.3491e-43
-3.3491e-43
-3.3491e-43
-3.3491e-43
-3.3491e-43
-3.3491e-43
-3.3491e-43
-3.3491e-43
-3.3491e-43
-3.3491e-43
-3.3491e-43
-3.3491e-43
-3.3491e-43
-3.3491e-43
-3.3491e-43
-3.3491e-43
-3.3491e-43
-3.3491e-43
-3.3491e-43
-3.3491e-43
-3.3491e-43
-3.3491e-43
-3.3491e-43
-3.3491e-43
-3.3491e-43
-3.3491e-43
-3.3491e-43
-3.3491e-43
-3.3491e-43
-3.3491e-43
-3.3491e-43
-3.3491e-43
-3.3491e-43
-3.3491e-43
-3.3491e-43
-3.3491e-43
-3.3491e-43
-3.3491e-43
-3.3491e-43
-3.3491e-43
-3.3491e-43
-3.3491e-43
-3.3491e-43
-3.3491e-43
-3.3491e-43
-3.3491e-43
-3.3491e-43
-3.3491e-43
-3.3491e-43
-3.3491e-43
-3.3491e-43
-3.3491e-43
-3.3491e-43
-3.3491e-43
-3.3491e-43
-3.3491e-43
-3.3491e-43
-3.3491e-43
-3.3491e-43
-3.3491e-43
-3.3491e-43
-3.3491e-43
-3.3491e-43
-3.3491e-43
-3.3491e-43
-3.3491e-43
-3.3491e-43
-3.3491e-43
-3.3491e-43
-3.3491e-43
-3.3491e-43
-3.3491e-43
-3.3491e-43
-3.3491e-43
-3.3491e-43
-3.3491e-43
-3.3491e-43
-3.3491e-43
-3.3491e-43
-3.3491e-43
-3.3491e-43
-3.3491e-43
-3.3491e-43
-3.3491e-43
-3.3491e-43
-3.3491e-43
-3.3491e-43
-3.3491e-43
-3.3491e-43
-3.3491e-43
-3.3491e-43
-3.3491e-43
-3.3491e-43
-3.3491e-43
-3.3491e-43
-3.3491e-43
-3.3491e-43
-3.3491e-43
-3.3491e-43
-3.3491e-43
-3.3491e-43
-3.3491e-43
-3.3491e-43
-3.3491e-43
-3.3491e-43
-3.3491e-43
-3.3491e-43
-3.3491e-43
-3.3491e-43
-3.3491e-43
-3.3491e-43
-3.3491e-43
-3.3491e-43
-3.3491e-43
-3.3491e-43
-3.3491e-43
-3.3491e-43
-3.3491e-43
-3.3491e-43
-3.3491e-43
-3.3491e-43
-3.3491e-43
-3.3491e-43
-3.3491e-43
-3.3491e-43
-3.3491e-43
-3.3491e-43
-3.3491e-43
-3.3491e-43
-3.3491e-43
-3.3491e-43
-3.3491e-43
-3.3491e-43
-3.3491e-43
-3.3491e-43
-3.3491e-43
-3.3491e-43
-3.3491e-43
-3.3491e-43
-3.3491e-43
-3.3491e-43
-3.3491e-43
-3.3491e-43
-3.3491e-43
-3.3491e-43
-3.3491e-43
-3.3491e-43
-3.3491e-43
-3.3491e-43
-3.3491e-43
-3.3491e-43
-3.3491e-43
-3.3491e-43
-3.3491e-43
-3.3491e-43
-3.3491e-43
-3.3491e-43
-3.3491e-43
-3.3491e-43
-3.3491e-43
-3.3491e-43
-3.3491e-43
-3.3491e-43
-3.3491e-43
-3.3491e-43
-3.3491e-43
-3.3491e-43
-3.3491e-43
-3.3491e-43
-3.3491e-43
-3.3491e-43
-3.3491e-43
-3.3491e-43
-3.3491e-43
-3.3491e-43
-3.3491e-43
-3.3491e-43
-3.3491e-43
-3.3491e-43
-3.3491e-43
-3.3491e-43
-3.3491e-43
-3.3491e-43
-3.3491e-43
-3.3491e-43
-3.3491e-43
-3.3491e-43
-3.3491e-43
-3.3491e-43
-3.3491e-43
-3.3491e-43
-3.3491e-43
-3.3491e-43
-3.3491e-43
-3.3491e-43
-3.3491e-43
-3.3491e-43
-3.3491e-43
-3.3491e-43
-3.3491e-43
-3.3491e-43
-3.3491e-43
-3.3491e-43
-3.3491e-43
-3.3491e-43
-3.3491e-43
-3.3491e-43
-3.3491e-43
-3.3491e-43
-3.3491e-43
-3.3491e-43
-3.3491e-43
-3.3491e-43
-3.3491e-43
-3.3491e-43
-3.3491e-43
-3.3491e-43
-3.3491e-43
-3.3491e-43
-3.3491e-43
-3.3491e-43
-3.3491e-43
-3.3491e-43
-3.3491e-43
-3.3491e-43
-3.3491e-43
-3.3491e-43
-3.3491e-43
-3.3491e-43
-3.3491e-43
-3.3491e-43
-3.3491e-43
-3.3491e-43
-3.3491e-43
-3.3491e-43
-3.3491e-43
-3.3491e-43
-3.3491e-43
-3.3491e-43
-3.3491e-43
-3.3491e-43
-3.3491e-43
-3.3491e-43
-3.3491e-43
-3.3491e-43
-3.3491e-43
-3.3491e-43
-3.3491e-43
-3.3491e-43
-3.3491e-43
-3.3491e-43
-3.3491e-43
-3.3491e-43
-3.3491e-43
-3.3491e-43
-3.3491e-43
-3.3491e-43
-3.3491e-43
-3.3491e-43
-3.3491e-43
-3.3491e-43
-3.3491e-43
-3.3491e-43
-3.3491e-43
-3.3491e-43
-3.3491e-43
-3.3491e-43
-3.3491e-43
-3.3491e-43
-3.3491e-43
-3.3491e-43
-3.3491e-43
-3.3491e-43
-3.3491e-43
-3.3491e-43
-3.3491e-43
-3.3491e-43
-3.3491e-43
-3.3491e-43
-3.3491e-43
-3.3491e-43
-3.3491e-43
-3.3491e-43
-3.3491e-43
-3.3491e-43
-3.3491e-43
-3.3491e-43
-3.3491e-43
-3.3491e-43
-3.3491e-43
-3.3491e-43
-3.3491e-43
-3.3491e-43
-3.3491e-43
-3.3491e-43
-3.3491e-43
-3.3491e-43
-3.3491e-43
-3.3491e-43
-3.3491e-43
-3.3491e-43
-3.3491e-43
-3.3491e-43
-3.3491e-43
-3.3491e-43
-3.3491e-43
-3.3491e-43
-3.3491e-43
-3.3491e-43
-3.3491e-43
-3.3491e-43
-3.3491e-43
-3.3491e-43
-3.3491e-43
-3.3491e-43
-3.3491e-43
-3.3491e-43
-3.3491e-43
-3.3491e-43
-3.3491e-43
-3.3491e-43
-3.3491e-43
-3.3491e-43
-3.3491e-43
-3.3491e-43
-3.3491e-43
-3.3491e-43
-3.3491e-43
-3.3491e-43
-3.3491e-43
-3.3491e-43
-3.3491e-43
-3.3491e-43
-3.3491e-43
-3.3491e-43
-3.3491e-43
-3.3491e-43
-3.3491e-43
-3.3491e-43
-3.3491e-43
-3.3491e-43
-3.3491e-43
-3.3491e-43
-3.3491e-43
-3.3491e-43
-3.3491e-43
-3.3491e-43
-3.3491e-43
-3.3491e-43
-3.3491e-43
-3.3491e-43
-3.3491e-43
-3.3491e-43
-3.3491e-43
-3.3491e-43
-3.3491e-43
-3.3491e-43
-3.3491e-43
-3.3491e-43
-3.3491e-43
-3.3491e-43
-3.3491e-43
-3.3491e-43
-3.3491e-43
-3.3491e-43
-3.3491e-43
-3.3491e-43
-3.3491e-43
-3.3491e-43
-3.3491e-43
-3.3491e-43
-3.3491e-43
-3.3491e-43
-3.3491e-43
-3.3491e-43
-3.3491e-43
-3.3491e-43
-3.3491e-43
-3.3491e-43
-3.3491e-43
-3.3491e-43
-3.3491e-43
-3.3491e-43
-3.3491e-43
-3.3491e-43
-3.3491e-43
-3.3491e-43
-3.3491e-43
-3.3491e-43
-3.3491e-43
-3.3491e-43
-3.3491e-43
-3.3491e-43
-3.3491e-43
-3.3491e-43
-3.3491e-43
-3.3491e-43
-3.3491e-43
-3.3491e-43
-3.3491e-43
-3.3491e-43
-3.3491e-43
-3.3491e-43
-3.3491e-43
-3.3491e-43
-3.3491e-43
-3.3491e-43
-3.3491e-43
-3.3491e-43
-3.3491e-43
-3.3491e-43
-3.3491e-43
-3.3491e-43
-3.3491e-43
-3.3491e-43
-3.3491e-43
-3.3491e-43
-3.3491e-43
-3.3491e-43
-3.3491e-43
-3.3491e-43
-3.3491e-43
-3.3491e-43
-3.3491e-43
-3.3491e-43
-3.3491e-43
-3.3491e-43
-3.3491e-43
-3.3491e-43
-3.3491e-43
-3.3491e-43
-3.3491e-43
-3.3491e-43
-3.3491e-43
-3.3491e-43
-3.3491e-43
-3.3491e-43
-3.3491e-43
-3.3491e-43
-3.3491e-43
-3.3491e-43
-3.3491e-43
-3.3491e-43
-3.3491e-43
-3.3491e-43
-3.3491e-43
-3.3491e-43
-3.3491e-43
-3.3491e-43
-3.3491e-43
-3.3491e-43
-3.3491e-43
-3.3491e-43
-3.3491e-43
-3.3491e-43
-3.3491e-43
-3.3491e-43
-3.3491e-43
-3.3491e-43
-3.3491e-43
-3.3491e-43
-3.3491e-43
-3.3491e-43
-3.3491e-43
-3.3491e-43
-3.3491e-43
-3.3491e-43
-3.3491e-43
-3.3491e-43
-3.3491e-43
-3.3491e-43
-3.3491e-43
-3.3491e-43
-3.3491e-43
-3.3491e-43
-3.3491e-43
-3.3491e-43
-3.3491e-43
-3.3491e-43
-3.3491e-43
-3.3491e-43
-3.3491e-43
-3.3491e-43
-3.3491e-43
-3.3491e-43
-3.3491e-43
-3.3491e-43
-3.3491e-43
-3.3491e-43
-3.3491e-43
-3.3491e-43
-3.3491e-43
-3.3491e-43
-3.3491e-43
-3.3491e-43
-3.3491e-43
-3.3491e-43
-3.3491e-43
-3.3491e-43
-3.3491e-43
-3.3491e-43
-3.3491e-43
-3.3491e-43
-3.3491e-43
-3.3491e-43
-3.3491e-43
-3.3491e-43
-3.3491e-43
-3.3491e-43
-3.3491e-43
-3.3491e-43
-3.3491e-43
-3.3491e-43
-3.3491e-43
-3.3491e-43
-3.3491e-43
-3.3491e-43
-3.3491e-43
-3.3491e-43
-3.3491e-43
-3.3491e-43
-3.3491e-43
-3.3491e-43
-3.3491e-43
-3.3491e-43
-3.3491e-43
-3.3491e-43
-3.3491e-43
-3.3491e-43
-3.3491e-43
-3.3491e-43
-3.3491e-43
-3.3491e-43
-3.3491e-43
-3.3491e-43
-3.3491e-43
-3.3491e-43
-3.3491e-43
-3.3491e-43
-3.3491e-43
-3.3491e-43
-3.3491e-43
-3.3491e-43
-3.3491e-43
-3.3491e-43
-3.3491e-43
-3.3491e-43
-3.3491e-43
-3.3491e-43
-3.3491e-43
-3.3491e-43
-3.3491e-43
-3.3491e-43
-3.3491e-43
-3.3491e-43
-3.3491e-43
-3.3491e-43
-3.3491e-43
-3.3491e-43
-3.3491e-43
-3.3491e-43
-3.3491e-43
-3.3491e-43
-3.3491e-43
-3.3491e-43
-3.3491e-43
-3.3491e-43
-3.3491e-43
-3.3491e-43
-3.3491e-43
-3.3491e-43
-3.3491e-43
-3.3491e-43
-3.3491e-43
-3.3491e-43
-3.3491e-43
-3.3491e-43
-3.3491e-43
-3.3491e-43
-3.3491e-43
-3.3491e-43
-3.3491e-43
-3.3491e-43
-3.3491e-43
-3.3491e-43
-3.3491e-43
-3.3491e-43
-3.3491e-43
-3.3491e-43
-3.3491e-43
-3.3491e-43
-3.3491e-43
-3.3491e-43
-3.3491e-43
-3.3491e-43
-3.3491e-43
-3.3491e-43
-3.3491e-43
-3.3491e-43
-3.3491e-43
-3.3491e-43
-3.3491e-43
-3.3491e-43
-3.3491e-43
-3.3491e-43
-3.3491e-43
-3.3491e-43
-3.3491e-43
-3.3491e-43
-3.3491e-43
-3.3491e-43
-3.3491e-43
-3.3491e-43
-3.3491e-43
-3.3491e-43
-3.3491e-43
-3.3491e-43
-3.3491e-43
-3.3491e-43
-3.3491e-43
-3.3491e-43
-3.3491e-43
-3.3491e-43
-3.3491e-43
-3.3491e-43
-3.3491e-43
-3.3491e-43
-3.3491e-43
-3.3491e-43
-3.3491e-43
-3.3491e-43
-3.3491e-43
-3.3491e-43
-3.3491e-43
-3.3491e-43
-3.3491e-43
-3.3491e-43
-3.3491e-43
-3.3491e-43
-3.3491e-43
-3.3491e-43
-3.3491e-43
-3.3491e-43
-3.3491e-43
-3.3491e-43
-3.3491e-43
-3.3491e-43
-3.3491e-43
-3.3491e-43
-3.3491e-43
-3.3491e-43
-3.3491e-43
-3.3491e-43
-3.3491e-43
-3.3491e-43
-3.3491e-43
-3.3491e-43
-3.3491e-43
-3.3491e-43
-3.3491e-43
-3.3491e-43
-3.3491e-43
-3.3491e-43
-3.3491e-43
-3.3491e-43
-3.3491e-43
-3.3491e-43
-3.3491e-43
-3.3491e-43
-3.3491e-43
-3.3491e-43
-3.3491e-43
-3.3491e-43
-3.3491e-43
-3.3491e-43
-3.3491e-43
-3.3491e-43
-3.3491e-43
-3.3491e-43
-3.3491e-43
-3.3491e-43
-3.3491e-43
-3.3491e-43
-3.3491e-43
-3.3491e-43
-3.3491e-43
-3.3491e-43
-3.3491e-43
-3.3491e-43
-3.3491e-43
-3.3491e-43
-3.3491e-43
-3.3491e-43
-3.3491e-43
-3.3491e-43
-3.3491e-43
-3.3491e-43
-3.3491e-43
-3.3491e-43
-3.3491e-43
-3.3491e-43
-3.3491e-43
-3.3491e-43
-3.3491e-43
-3.3491e-43
-3.3491e-43
-3.3491e-43
-3.3491e-43
-3.3491e-43
-3.3491e-43
-3.3491e-43
-3.3491e-43
-3.3491e-43
-3.3491e-43
-3.3491e-43
-3.3491e-43
-3.3491e-43
-3.3491e-43
-3.3491e-43
-3.3491e-43
-3.3491e-43
-3.3491e-43
-3.3491e-43
-3.3491e-43
-3.3491e-43
-3.3491e-43
-3.3491e-43
-3.3491e-43
-3.3491e-43
-3.3491e-43
-3.3491e-43
-3.3491e-43
-3.3491e-43
-3.3491e-43
-3.3491e-43
-3.3491e-43
-3.3491e-43
-3.3491e-43
-3.3491e-43
-3.3491e-43
-3.3491e-43
-3.3491e-43
-3.3491e-43
-3.3491e-43
-3.3491e-43
-3.3491e-43
-3.3491e-43
-3.3491e-43
-3.3491e-43
-3.3491e-43
-3.3491e-43
-3.3491e-43
-3.3491e-43
-3.3491e-43
-3.3491e-43
-3.3491e-43
-3.3491e-43
-3.3491e-43
-3.3491e-43
-3.3491e-43
-3.3491e-43
-3.3491e-43
-3.3491e-43
-3.3491e-43
-3.3491e-43
-3.3491e-43
-3.3491e-43
-3.3491e-43
-3.3491e-43
-3.3491e-43
-3.3491e-43
-3.3491e-43
-3.3491e-43
-3.3491e-43
-3.3491e-43
-3.3491e-43
-3.3491e-43
-3.3491e-43
-3.3491e-43
-3.3491e-43
-3.3491e-43
-3.3491e-43
-3.3491e-43
-3.3491e-43
-3.3491e-43
-3.3491e-43
-3.3491e-43
-3.3491e-43
-3.3491e-43
-3.3491e-43
-3.3491e-43
-3.3491e-43
-3.3491e-43
-3.3491e-43
-3.3491e-43
-3.3491e-43
-3.3491e-43
-3.3491e-43
-3.3491e-43
-3.3491e-43
-3.3491e-43
-3.3491e-43
-3.3491e-43
-3.3491e-43
-3.3491e-43
-3.3491e-43
-3.3491e-43
-3.3491e-43
-3.3491e-43
-3.3491e-43
-3.3491e-43
-3.3491e-43
-3.3491e-43
-3.3491e-43
-3.3491e-43
-3.3491e-43
-3.3491e-43
-3.3491e-43
-3.3491e-43
-3.3491e-43
-3.3491e-43
-3.3491e-43
-3.3491e-43
-3.3491e-43
-3.3491e-43
-3.3491e-43
-3.3491e-43
-3.3491e-43
-3.3491e-43
-3.3491e-43
-3.3491e-43
-3.3491e-43
-3.3491e-43
-3.3491e-43
-3.3491e-43
-3.3491e-43
-3.3491e-43
-3.3491e-43
-3.3491e-43
-3.3491e-43
-3.3491e-43
-3.3491e-43
-3.3491e-43
-3.3491e-43
-3.3491e-43
-3.3491e-43
-3.3491e-43
-3.3491e-43
-3.3491e-43
-3.3491e-43
-3.3491e-43
-3.3491e-43
-3.3491e-43
-3.3491e-43
-3.3491e-43
-3.3491e-43
-3.3491e-43
-3.3491e-43
-3.3491e-43
-3.3491e-43
-3.3491e-43
-3.3491e-43
-3.3491e-43
-3.3491e-43
-3.3491e-43
-3.3491e-43
-3.3491e-43
-3.3491e-43
-3.3491e-43
-3.3491e-43
-3.3491e-43
-3.3491e-43
-3.3491e-43
-3.3491e-43
-3.3491e-43
-3.3491e-43
-3.3491e-43
-3.3491e-43
-3.3491e-43
-3.3491e-43
-3.3491e-43
-3.3491e-43
-3.3491e-43
-3.3491e-43
-3.3491e-43
-3.3491e-43
-3.3491e-43
-3.3491e-43
-3.3491e-43
-3.3491e-43
-3.3491e-43
-3.3491e-43
-3.3491e-43
-3.3491e-43
-3.3491e-43
-3.3491e-43
-3.3491e-43
-3.3491e-43
-3.3491e-43
-3.3491e-43
-3.3491e-43
-3.3491e-43
-3.3491e-43
-3.3491e-43
-3.3491e-43
-3.3491e-43
-3.3491e-43
-3.3491e-43
-3.3491e-43
-3.3491e-43
-3.3491e-43
-3.3491e-43
-3.3491e-43
-3.3491e-43
-3.3491e-43
-3.3491e-43
-3.3491e-43
-3.3491e-43
-3.3491e-43
-3.3491e-43
-3.3491e-43
-3.3491e-43
-3.3491e-43
-3.3491e-43
-3.3491e-43
-3.3491e-43
-3.3491e-43
-3.3491e-43
-3.3491e-43
-3.3491e-43
-3.3491e-43
-3.3491e-43
-3.3491e-43
-3.3491e-43
-3.3491e-43
-3.3491e-43
-3.3491e-43
-3.3491e-43
-3.3491e-43
-3.3491e-43
-3.3491e-43
-3.3491e-43
-3.3491e-43
-3.3491e-43
-3.3491e-43
-3.3491e-43
-3.3491e-43
-3.3491e-43
-3.3491e-43
-3.3491e-43
-3.3491e-43
-3.3491e-43
-3.3491e-43
-3.3491e-43
-3.3491e-43
-3.3491e-43
-3.3491e-43
-3.3491e-43
-3.3491e-43
-3.3491e-43
-3.3491e-43
-3.3491e-43
-3.3491e-43
-3.3491e-43
-3.3491e-43
-3.3491e-43
-3.3491e-43
-3.3491e-43
-3.3491e-43
-3.3491e-43
-3.3491e-43
-3.3491e-43
-3.3491e-43
-3.3491e-43
-3.3491e-43
-3.3491e-43
-3.3491e-43
-3.3491e-43
-3.3491e-43
-3.3491e-43
-3.3491e-43
-3.3491e-43
-3.3491e-43
-3.3491e-43
-3.3491e-43
-3.3491e-43
-3.3491e-43
-3.3491e-43
-3.3491e-43
-3.3491e-43
-3.3491e-43
-3.3491e-43
-3.3491e-43
-3.3491e-43
-3.3491e-43
-3.3491e-43
-3.3491e-43
-3.3491e-43
-3.3491e-43
-3.3491e-43
-3.3491e-43
-3.3491e-43
-3.3491e-43
-3.3491e-43
-3.3491e-43
-3.3491e-43
-3.3491e-43
-3.3491e-43
-3.3491e-43
-3.3491e-43
-3.3491e-43
-3.3491e-43
-3.3491e-43
-3.3491e-43
-3.3491e-43
-3.3491e-43
-3.3491e-43
-3.3491e-43
-3.3491e-43
-3.3491e-43
-3.3491e-43
-3.3491e-43
-3.3491e-43
-3.3491e-43
-3.3491e-43
-3.3491e-43
-3.3491e-43
-3.3491e-43
-3.3491e-43
-3.3491e-43
-3.3491e-43
-3.3491e-43
-3.3491e-43
-3.3491e-43
-3.3491e-43
-3.3491e-43
-3.3491e-43
-3.3491e-43
-3.3491e-43
-3.3491e-43
-3.3491e-43
-3.3491e-43
-3.3491e-43
-3.3491e-43
-3.3491e-43
-3.3491e-43
-3.3491e-43
-3.3491e-43
-3.3491e-43
-3.3491e-43
-3.3491e-43
-3.3491e-43
-3.3491e-43
-3.3491e-43
-3.3491e-43
-3.3491e-43
-3.3491e-43
-3.3491e-43
-3.3491e-43
-3.3491e-43
-3.3491e-43
-3.3491e-43
-3.3491e-43
-3.3491e-43
-3.3491e-43
-3.3491e-43
-3.3491e-43
-3.3491e-43
-3.3491e-43
-3.3491e-43
-3.3491e-43
-3.3491e-43
-3.3491e-43
-3.3491e-43
-3.3491e-43
-3.3491e-43
-3.3491e-43
-3.3491e-43
-3.3491e-43
-3.3491e-43
-3.3491e-43
-3.3491e-43
-3.3491e-43
-3.3491e-43
-3.3491e-43
-3.3491e-43
-3.3491e-43
-3.3491e-43
-3.3491e-43
-3.3491e-43
-3.3491e-43
-3.3491e-43
-3.3491e-43
-3.3491e-43
-3.3491e-43
-3.3491e-43
-3.3491e-43
-3.3491e-43
-3.3491e-43
-3.3491e-43
-3.3491e-43
-3.3491e-43
-3.3491e-43
-3.3491e-43
-3.3491e-43
-3.3491e-43
-3.3491e-43
-3.3491e-43
-3.3491e-43
-3.3491e-43
-3.3491e-43
-3.3491e-43
-3.3491e-43
-3.3491e-43
-3.3491e-43
-3.3491e-43
-3.3491e-43
-3.3491e-43
-3.3491e-43
-3.3491e-43
-3.3491e-43
-3.3491e-43
-3.3491e-43
-3.3491e-43
-3.3491e-43
-3.3491e-43
-3.3491e-43
-3.3491e-43
-3.3491e-43
-3.3491e-43
-3.3491e-43
-3.3491e-43
-3.3491e-43
-3.3491e-43
-3.3491e-43
-3.3491e-43
-3.3491e-43
-3.3491e-43
-3.3491e-43
-3.3491e-43
-3.3491e-43
-3.3491e-43
-3.3491e-43
-3.3491e-43
-3.3491e-43
-3.3491e-43
-3.3491e-43
-3.3491e-43
-3.3491e-43
-3.3491e-43
-3.3491e-43
-3.3491e-43
-3.3491e-43
-3.3491e-43
-3.3491e-43
-3.3491e-43
-3.3491e-43
-3.3491e-43
-3.3491e-43
-3.3491e-43
-3.3491e-43
-3.3491e-43
-3.3491e-43
-3.3491e-43
-3.3491e-43
-3.3491e-43
-3.3491e-43
-3.3491e-43
-3.3491e-43
-3.3491e-43
-3.3491e-43
-3.3491e-43
-3.3491e-43
-3.3491e-43
-3.3491e-43
-3.3491e-43
-3.3491e-43
-3.3491e-43
-3.3491e-43
-3.3491e-43
-3.3491e-43
-3.3491e-43
-3.3491e-43
-3.3491e-43
-3.3491e-43
-3.3491e-43
-3.3491e-43
-3.3491e-43
-3.3491e-43
-3.3491e-43
-3.3491e-43
-3.3491e-43
-3.3491e-43
-3.3491e-43
-3.3491e-43
-3.3491e-43
-3.3491e-43
-3.3491e-43
-3.3491e-43
-3.3491e-43
-3.3491e-43
-3.3491e-43
-3.3491e-43
-3.3491e-43
-3.3491e-43
-3.3491e-43
-3.3491e-43
-3.3491e-43
-3.3491e-43
-3.3491e-43
-3.3491e-43
-3.3491e-43
-3.3491e-43
-3.3491e-43
-3.3491e-43
-3.3491e-43
-3.3491e-43
-3.3491e-43
-3.3491e-43
-3.3491e-43
-3.3491e-43
-3.3491e-43
-3.3491e-43
-3.3491e-43
-3.3491e-43
-3.3491e-43
-3.3491e-43
-3.3491e-43
-3.3491e-43
-3.3491e-43
-3.3491e-43
-3.3491e-43
-3.3491e-43
-3.3491e-43
-3.3491e-43
-3.3491e-43
-3.3491e-43
-3.3491e-43
-3.3491e-43
-3.3491e-43
-3.3491e-43
-3.3491e-43
-3.3491e-43
-3.3491e-43
-3.3491e-43
-3.3491e-43
-3.3491e-43
-3.3491e-43
-3.3491e-43
-3.3491e-43
-3.3491e-43
-3.3491e-43
-3.3491e-43
-3.3491e-43
-3.3491e-43
-3.3491e-43
-3.3491e-43
-3.3491e-43
-3.3491e-43
-3.3491e-43
-3.3491e-43
-3.3491e-43
-3.3491e-43
-3.3491e-43
-3.3491e-43
-3.3491e-43
-3.3491e-43
-3.3491e-43
-3.3491e-43
-3.3491e-43
-3.3491e-43
-3.3491e-43
-3.3491e-43
-3.3491e-43
-3.3491e-43
-3.3491e-43
-3.3491e-43
-3.3491e-43
-3.3491e-43
-3.3491e-43
-3.3491e-43
-3.3491e-43
-3.3491e-43
-3.3491e-43
-3.3491e-43
-3.3491e-43
-3.3491e-43
-3.3491e-43
-3.3491e-43
-3.3491e-43
-3.3491e-43
-3.3491e-43
-3.3491e-43
-3.3491e-43
-3.3491e-43
-3.3491e-43
-3.3491e-43
-3.3491e-43
-3.3491e-43
-3.3491e-43
-3.3491e-43
-3.3491e-43
-3.3491e-43
-3.3491e-43
-3.3491e-43
-3.3491e-43
-3.3491e-43
-3.3491e-43
-3.3491e-43
-3.3491e-43
-3.3491e-43
-3.3491e-43
-3.3491e-43
-3.3491e-43
-3.3491e-43
-3.3491e-43
-3.3491e-43
-3.3491e-43
-3.3491e-43
-3.3491e-43
-3.3491e-43
-3.3491e-43
-3.3491e-43
-3.3491e-43
-3.3491e-43
-3.3491e-43
-3.3491e-43
-3.3491e-43
-3.3491e-43
-3.3491e-43
-3.3491e-43
-3.3491e-43
-3.3491e-43
-3.3491e-43
-3.3491e-43
-3.3491e-43
-3.3491e-43
-3.3491e-43
-3.3491e-43
-3.3491e-43
-3.3491e-43
-3.3491e-43
-3.3491e-43
-3.3491e-43
-3.3491e-43
-3.3491e-43
-3.3491e-43
-3.3491e-43
-3.3491e-43
-3.3491e-43
-3.3491e-43
-3.3491e-43
-3.3491e-43
-3.3491e-43
-3.3491e-43
-3.3491e-43
-3.3491e-43
-3.3491e-43
-3.3491e-43
-3.3491e-43
-3.3491e-43
-3.3491e-43
-3.3491e-43
-3.3491e-43
-3.3491e-43
-3.3491e-43
-3.3491e-43
-3.3491e-43
-3.3491e-43
-3.3491e-43
-3.3491e-43
-3.3491e-43
-3.3491e-43
-3.3491e-43
-3.3491e-43
-3.3491e-43
-3.3491e-43
-3.3491e-43
-3.3491e-43
-3.3491e-43
-3.3491e-43
-3.3491e-43
-3.3491e-43
-3.3491e-43
-3.3491e-43
-3.3491e-43
-3.3491e-43
-3.3491e-43
-3.3491e-43
-3.3491e-43
-3.3491e-43
-3.3491e-43
-3.3491e-43
-3.3491e-43
-3.3491e-43
-3.3491e-43
-3.3491e-43
-3.3491e-43
-3.3491e-43
-3.3491e-43
-3.3491e-43
-3.3491e-43
-3.3491e-43
-3.3491e-43
-3.3491e-43
-3.3491e-43
-3.3491e-43
-3.3491e-43
-3.3491e-43
-3.3491e-43
-3.3491e-43
-3.3491e-43
-3.3491e-43
-3.3491e-43
-3.3491e-43
-3.3491e-43
-3.3491e-43
-3.3491e-43
-3.3491e-43
-3.3491e-43
-3.3491e-43
-3.3491e-43
-3.3491e-43
-3.3491e-43
-3.3491e-43
-3.3491e-43
-3.3491e-43
-3.3491e-43
-3.3491e-43
-3.3491e-43
-3.3491e-43
-3.3491e-43
-3.3491e-43
-3.3491e-43
-3.3491e-43
-3.3491e-43
-3.3491e-43
-3.3491e-43
-3.3491e-43
-3.3491e-43
-3.3491e-43
-3.3491e-43
-3.3491e-43
-3.3491e-43
-3.3491e-43
-3.3491e-43
-3.3491e-43
-3.3491e-43
-3.3491e-43
-3.3491e-43
-3.3491e-43
-3.3491e-43
-3.3491e-43
-3.3491e-43
-3.3491e-43
-3.3491e-43
-3.3491e-43
-3.3491e-43
-3.3491e-43
-3.3491e-43
-3.3491e-43
-3.3491e-43
-3.3491e-43
-3.3491e-43
-3.3491e-43
-3.3491e-43
-3.3491e-43
-3.3491e-43
-3.3491e-43
-3.3491e-43
-3.3491e-43
-3.3491e-43
-3.3491e-43
-3.3491e-43
-3.3491e-43
-3.3491e-43
-3.3491e-43
-3.3491e-43
-3.3491e-43
-3.3491e-43
-3.3491e-43
-3.3491e-43
-3.3491e-43
-3.3491e-43
-3.3491e-43
-3.3491e-43
-3.3491e-43
-3.3491e-43
-3.3491e-43
-3.3491e-43
-3.3491e-43
-3.3491e-43
-3.3491e-43
-3.3491e-43
-3.3491e-43
-3.3491e-43
-3.3491e-43
-3.3491e-43
-3.3491e-43
-3.3491e-43
-3.3491e-43
-3.3491e-43
-3.3491e-43
-3.3491e-43
-3.3491e-43
-3.3491e-43
-3.3491e-43
-3.3491e-43
-3.3491e-43
-3.3491e-43
-3.3491e-43
-3.3491e-43
-3.3491e-43
-3.3491e-43
-3.3491e-43
-3.3491e-43
-3.3491e-43
-3.3491e-43
-3.3491e-43
-3.3491e-43
-3.3491e-43
-3.3491e-43
-3.3491e-43
-3.3491e-43
-3.3491e-43
-3.3491e-43
-3.3491e-43
-3.3491e-43
-3.3491e-43
-3.3491e-43
-3.3491e-43
-3.3491e-43
-3.3491e-43
-3.3491e-43
-3.3491e-43
-3.3491e-43
-3.3491e-43
-3.3491e-43
-3.3491e-43
-3.3491e-43
-3.3491e-43
-3.3491e-43
-3.3491e-43
-3.3491e-43
-3.3491e-43
-3.3491e-43
-3.3491e-43
-3.3491e-43
-3.3491e-43
-3.3491e-43
-3.3491e-43
-3.3491e-43
-3.3491e-43
-3.3491e-43
-3.3491e-43
-3.3491e-43
-3.3491e-43
-3.3491e-43
-3.3491e-43
-3.3491e-43
-3.3491e-43
-3.3491e-43
-3.3491e-43
-3.3491e-43
-3.3491e-43
-3.3491e-43
-3.3491e-43
-3.3491e-43
-3.3491e-43
-3.3491e-43
-3.3491e-43
-3.3491e-43
-3.3491e-43
-3.3491e-43
-3.3491e-43
-3.3491e-43
-3.3491e-43
-3.3491e-43
-3.3491e-43
-3.3491e-43
-3.3491e-43
-3.3491e-43
-3.3491e-43
-3.3491e-43
-3.3491e-43
-3.3491e-43
-3.3491e-43
-3.3491e-43
-3.3491e-43
-3.3491e-43
-3.3491e-43
-3.3491e-43
-3.3491e-43
-3.3491e-43
-3.3491e-43
-3.3491e-43
-3.3491e-43
-3.3491e-43
-3.3491e-43
-3.3491e-43
-3.3491e-43
-3.3491e-43
-3.3491e-43
-3.3491e-43
-3.3491e-43
-3.3491e-43
-3.3491e-43
-3.3491e-43
-3.3491e-43
-3.3491e-43
-3.3491e-43
-3.3491e-43
-3.3491e-43
-3.3491e-43
-3.3491e-43
-3.3491e-43
-3.3491e-43
-3.3491e-43
-3.3491e-43
-3.3491e-43
-3.3491e-43
-3.3491e-43
-3.3491e-43
-3.3491e-43
-3.3491e-43
-3.3491e-43
-3.3491e-43
-3.3491e-43
-3.3491e-43
-3.3491e-43
-3.3491e-43
-3.3491e-43
-3.3491e-43
-3.3491e-43
-3.3491e-43
-3.3491e-43
-3.3491e-43
-3.3491e-43
-3.3491e-43
-3.3491e-43
-3.3491e-43
-3.3491e-43
-3.3491e-43
-3.3491e-43
-3.3491e-43
-3.3491e-43
-3.3491e-43
-3.3491e-43
-3.3491e-43
-3.3491e-43
-3.3491e-43
-3.3491e-43
-3.3491e-43
-3.3491e-43
-3.3491e-43
-3.3491e-43
-3.3491e-43
-3.3491e-43
-3.3491e-43
-3.3491e-43
-3.3491e-43
-3.3491e-43
-3.3491e-43
-3.3491e-43
-3.3491e-43
-3.3491e-43
-3.3491e-43
-3.3491e-43
-3.3491e-43
-3.3491e-43
-3.3491e-43
-3.3491e-43
-3.3491e-43
-3.3491e-43
-3.3491e-43
-3.3491e-43
-3.3491e-43
-3.3491e-43
-3.3491e-43
-3.3491e-43
-3.3491e-43
-3.3491e-43
-3.3491e-43
-3.3491e-43
-3.3491e-43
-3.3491e-43
-3.3491e-43
-3.3491e-43
-3.3491e-43
-3.3491e-43
-3.3491e-43
-3.3491e-43
-3.3491e-43
-3.3491e-43
-3.3491e-43
-3.3491e-43
-3.3491e-43
-3.3491e-43
-3.3491e-43
-3.3491e-43
-3.3491e-43
-3.3491e-43
-3.3491e-43
-3.3491e-43
-3.3491e-43
-3.3491e-43
-3.3491e-43
-3.3491e-43
-3.3491e-43
-3.3491e-43
-3.3491e-43
-3.3491e-43
-3.3491e-43
-3.3491e-43
-3.3491e-43
-3.3491e-43
-3.3491e-43
-3.3491e-43
-3.3491e-43
-3.3491e-43
-3.3491e-43
-3.3491e-43
-3.3491e-43
-3.3491e-43
-3.3491e-43
-3.3491e-43
-3.3491e-43
-3.3491e-43
-3.3491e-43
-3.3491e-43
-3.3491e-43
-3.3491e-43
-3.3491e-43
-3.3491e-43
-3.3491e-43
-3.3491e-43
-3.3491e-43
-3.3491e-43
-3.3491e-43
-3.3491e-43
-3.3491e-43
-3.3491e-43
-3.3491e-43
-3.3491e-43
-3.3491e-43
-3.3491e-43
-3.3491e-43
-3.3491e-43
-3.3491e-43
-3.3491e-43
-3.3491e-43
-3.3491e-43
-3.3491e-43
-3.3491e-43
-3.3491e-43
-3.3491e-43
-3.3491e-43
-3.3491e-43
-3.3491e-43
-3.3491e-43
-3.3491e-43
-3.3491e-43
-3.3491e-43
-3.3491e-43
-3.3491e-43
-3.3491e-43
-3.3491e-43
-3.3491e-43
-3.3491e-43
-3.3491e-43
-3.3491e-43
-3.3491e-43
-3.3491e-43
-3.3491e-43
-3.3491e-43
-3.3491e-43
-3.3491e-43
-3.3491e-43
-3.3491e-43
-3.3491e-43
-3.3491e-43
-3.3491e-43
-3.3491e-43
-3.3491e-43
-3.3491e-43
-3.3491e-43
-3.3491e-43
-3.3491e-43
-3.3491e-43
-3.3491e-43
-3.3491e-43
-3.3491e-43
-3.3491e-43
-3.3491e-43
-3.3491e-43
-3.3491e-43
-3.3491e-43
-3.3491e-43
-3.3491e-43
-3.3491e-43
-3.3491e-43
-3.3491e-43
-3.3491e-43
-3.3491e-43
-3.3491e-43
-3.3491e-43
-3.3491e-43
-3.3491e-43
-3.3491e-43
-3.3491e-43
-3.3491e-43
-3.3491e-43
-3.3491e-43
-3.3491e-43
-3.3491e-43
-3.3491e-43
-3.3491e-43
-3.3491e-43
-3.3491e-43
-3.3491e-43
-3.3491e-43
-3.3491e-43
-3.3491e-43
-3.3491e-43
-3.3491e-43
-3.3491e-43
-3.3491e-43
-3.3491e-43
-3.3491e-43
-3.3491e-43
-3.3491e-43
-3.3491e-43
-3.3491e-43
-3.3491e-43
-3.3491e-43
-3.3491e-43
-3.3491e-43
-3.3491e-43
-3.3491e-43
-3.3491e-43
-3.3491e-43
-3.3491e-43
-3.3491e-43
-3.3491e-43
-3.3491e-43
-3.3491e-43
-3.3491e-43
-3.3491e-43
-3.3491e-43
-3.3491e-43
-3.3491e-43
-3.3491e-43
-3.3491e-43
-3.3491e-43
-3.3491e-43
-3.3491e-43
-3.3491e-43
-3.3491e-43
-3.3491e-43
-3.3491e-43
-3.3491e-43
-3.3491e-43
-3.3491e-43
-3.3491e-43
-3.3491e-43
-3.3491e-43
-3.3491e-43
-3.3491e-43
-3.3491e-43
-3.3491e-43
-3.3491e-43
-3.3491e-43
-3.3491e-43
-3.3491e-43
-3.3491e-43
-3.3491e-43
-3.3491e-43
-3.3491e-43
-3.3491e-43
-3.3491e-43
-3.3491e-43
-3.3491e-43
-3.3491e-43
-3.3491e-43
-3.3491e-43
-3.3491e-43
-3.3491e-43
-3.3491e-43
-3.3491e-43
-3.3491e-43
-3.3491e-43
-3.3491e-43
-3.3491e-43
-3.3491e-43
-3.3491e-43
-3.3491e-43
-3.3491e-43
-3.3491e-43
-3.3491e-43
-3.3491e-43
-3.3491e-43
-3.3491e-43
-3.3491e-43
-3.3491e-43
-3.3491e-43
-3.3491e-43
-3.3491e-43
-3.3491e-43
-3.3491e-43
-3.3491e-43
-3.3491e-43
-3.3491e-43
-3.3491e-43
-3.3491e-43
-3.3491e-43
-3.3491e-43
-3.3491e-43
-3.3491e-43
-3.3491e-43
-3.3491e-43
-3.3491e-43
-3.3491e-43
-3.3491e-43
-3.3491e-43
-3.3491e-43
-3.3491e-43
-3.3491e-43
-3.3491e-43
-3.3491e-43
-3.3491e-43
-3.3491e-43
-3.3491e-43
-3.3491e-43
-3.3491e-43
-3.3491e-43
-3.3491e-43
-3.3491e-43
-3.3491e-43
-3.3491e-43
-3.3491e-43
-3.3491e-43
-3.3491e-43
-3.3491e-43
-3.3491e-43
-3.3491e-43
-3.3491e-43
-3.3491e-43
-3.3491e-43
-3.3491e-43
-3.3491e-43
-3.3491e-43
-3.3491e-43
-3.3491e-43
-3.3491e-43
-3.3491e-43
-3.3491e-43
-3.3491e-43
-3.3491e-43
-3.3491e-43
-3.3491e-43
-3.3491e-43
-3.3491e-43
-3.3491e-43
-3.3491e-43
-3.3491e-43
-3.3491e-43
-3.3491e-43
-3.3491e-43
-3.3491e-43
-3.3491e-43
-3.3491e-43
-3.3491e-43
-3.3491e-43
-3.3491e-43
-3.3491e-43
-3.3491e-43
-3.3491e-43
-3.3491e-43
-3.3491e-43
-3.3491e-43
-3.3491e-43
-3.3491e-43
-3.3491e-43
-3.3491e-43
-3.3491e-43
-3.3491e-43
-3.3491e-43
-3.3491e-43
-3.3491e-43
-3.3491e-43
-3.3491e-43
-3.3491e-43
-3.3491e-43
-3.3491e-43
-3.3491e-43
-3.3491e-43
-3.3491e-43
-3.3491e-43
-3.3491e-43
-3.3491e-43
-3.3491e-43
-3.3491e-43
-3.3491e-43
-3.3491e-43
-3.3491e-43
-3.3491e-43
-3.3491e-43
-3.3491e-43
-3.3491e-43
-3.3491e-43
-3.3491e-43
-3.3491e-43
-3.3491e-43
-3.3491e-43
-3.3491e-43
-3.3491e-43
-3.3491e-43
-3.3491e-43
-3.3491e-43
-3.3491e-43
-3.3491e-43
-3.3491e-43
-3.3491e-43
-3.3491e-43
-3.3491e-43
-3.3491e-43
-3.3491e-43
-3.3491e-43
-3.3491e-43
-3.3491e-43
-3.3491e-43
-3.3491e-43
-3.3491e-43
-3.3491e-43
-3.3491e-43
-3.3491e-43
-3.3491e-43
-3.3491e-43
-3.3491e-43
-3.3491e-43
-3.3491e-43
-3.3491e-43
-3.3491e-43
-3.3491e-43
-3.3491e-43
-3.3491e-43
-3.3491e-43
-3.3491e-43
-3.3491e-43
-3.3491e-43
-3.3491e-43
-3.3491e-43
-3.3491e-43
-3.3491e-43
-3.3491e-43
-3.3491e-43
-3.3491e-43
-3.3491e-43
-3.3491e-43
-3.3491e-43
-3.3491e-43
-3.3491e-43
-3.3491e-43
-3.3491e-43
-3.3491e-43
-3.3491e-43
-3.3491e-43
-3.3491e-43
-3.3491e-43
-3.3491e-43
-3.3491e-43
-3.3491e-43
-3.3491e-43
-3.3491e-43
-3.3491e-43
-3.3491e-43
-3.3491e-43
-3.3491e-43
-3.3491e-43
-3.3491e-43
-3.3491e-43
-3.3491e-43
-3.3491e-43
-3.3491e-43
-3.3491e-43
-3.3491e-43
-3.3491e-43
-3.3491e-43
-3.3491e-43
-3.3491e-43
-3.3491e-43
-3.3491e-43
-3.3491e-43
-3.3491e-43
-3.3491e-43
-3.3491e-43
-3.3491e-43
-3.3491e-43
-3.3491e-43
-3.3491e-43
-3.3491e-43
-3.3491e-43
-3.3491e-43
-3.3491e-43
-3.3491e-43
-3.3491e-43
-3.3491e-43
-3.3491e-43
-3.3491e-43
-3.3491e-43
-3.3491e-43
-3.3491e-43
-3.3491e-43
-3.3491e-43
-3.3491e-43
-3.3491e-43
-3.3491e-43
-3.3491e-43
-3.3491e-43
-3.3491e-43
-3.3491e-43
-3.3491e-43
-3.3491e-43
-3.3491e-43
-3.3491e-43
-3.3491e-43
-3.3491e-43
-3.3491e-43
-3.3491e-43
-3.3491e-43
-3.3491e-43
-3.3491e-43
-3.3491e-43
-3.3491e-43
-3.3491e-43
-3.3491e-43
-3.3491e-43
-3.3491e-43
-3.3491e-43
-3.3491e-43
-3.3491e-43
-3.3491e-43
-3.3491e-43
-3.3491e-43
-3.3491e-43
-3.3491e-43
-3.3491e-43
-3.3491e-43
-3.3491e-43
-3.3491e-43
-3.3491e-43
-3.3491e-43
-3.3491e-43
-3.3491e-43
-3.3491e-43
-3.3491e-43
-3.3491e-43
-3.3491e-43
-3.3491e-43
-3.3491e-43
-3.3491e-43
-3.3491e-43
-3.3491e-43
-3.3491e-43
-3.3491e-43
-3.3491e-43
-3.3491e-43
-3.3491e-43
-3.3491e-43
-3.3491e-43
-3.3491e-43
-3.3491e-43
-3.3491e-43
-3.3491e-43
-3.3491e-43
-3.3491e-43
-3.3491e-43
-3.3491e-43
-3.3491e-43
-3.3491e-43
-3.3491e-43
-3.3491e-43
-3.3491e-43
-3.3491e-43
-3.3491e-43
-3.3491e-43
-3.3491e-43
-3.3491e-43
-3.3491e-43
-3.3491e-43
-3.3491e-43
-3.3491e-43
-3.3491e-43
-3.3491e-43
-3.3491e-43
-3.3491e-43
-3.3491e-43
-3.3491e-43
-3.3491e-43
-3.3491e-43
-3.3491e-43
-3.3491e-43
-3.3491e-43
-3.3491e-43
-3.3491e-43
-3.3491e-43
-3.3491e-43
-3.3491e-43
-3.3491e-43
-3.3491e-43
-3.3491e-43
-3.3491e-43
-3.3491e-43
-3.3491e-43
-3.3491e-43
-3.3491e-43
-3.3491e-43
-3.3491e-43
-3.3491e-43
-3.3491e-43
-3.3491e-43
-3.3491e-43
-3.3491e-43
-3.3491e-43
-3.3491e-43
-3.3491e-43
-3.3491e-43
-3.3491e-43
-3.3491e-43
-3.3491e-43
-3.3491e-43
-3.3491e-43
-3.3491e-43
-3.3491e-43
-3.3491e-43
-3.3491e-43
-3.3491e-43
-3.3491e-43
-3.3491e-43
-3.3491e-43
-3.3491e-43
-3.3491e-43
-3.3491e-43
-3.3491e-43
-3.3491e-43
-3.3491e-43
-3.3491e-43
-3.3491e-43
-3.3491e-43
-3.3491e-43
-3.3491e-43
-3.3491e-43
-3.3491e-43
-3.3491e-43
-3.3491e-43
-3.3491e-43
-3.3491e-43
-3.3491e-43
-3.3491e-43
-3.3491e-43
-3.3491e-43
-3.3491e-43
-3.3491e-43
-3.3491e-43
-3.3491e-43
-3.3491e-43
-3.3491e-43
-3.3491e-43
-3.3491e-43
-3.3491e-43
-3.3491e-43
-3.3491e-43
-3.3491e-43
-3.3491e-43
-3.3491e-43
-3.3491e-43
-3.3491e-43
-3.3491e-43
-3.3491e-43
-3.3491e-43
-3.3491e-43
-3.3491e-43
-3.3491e-43
-3.3491e-43
-3.3491e-43
-3.3491e-43
-3.3491e-43
-3.3491e-43
-3.3491e-43
-3.3491e-43
-3.3491e-43
-3.3491e-43
-3.3491e-43
-3.3491e-43
-3.3491e-43
-3.3491e-43
-3.3491e-43
-3.3491e-43
-3.3491e-43
-3.3491e-43
-3.3491e-43
-3.3491e-43
-3.3491e-43
-3.3491e-43
-3.3491e-43
-3.3491e-43
-3.3491e-43
-3.3491e-43
-3.3491e-43
-3.3491e-43
-3.3491e-43
-3.3491e-43
-3.3491e-43
-3.3491e-43
-3.3491e-43
-3.3491e-43
-3.3491e-43
-3.3491e-43
-3.3491e-43
-3.3491e-43
-3.3491e-43
-3.3491e-43
-3.3491e-43
-3.3491e-43
-3.3491e-43
-3.3491e-43
-3.3491e-43
-3.3491e-43
-3.3491e-43
-3.3491e-43
-3.3491e-43
-3.3491e-43
-3.3491e-43
-3.3491e-43
-3.3491e-43
-3.3491e-43
-3.3491e-43
-3.3491e-43
-3.3491e-43
-3.3491e-43
-3.3491e-43
-3.3491e-43
-3.3491e-43
-3.3491e-43
-3.3491e-43
-3.3491e-43
-3.3491e-43
-3.3491e-43
-3.3491e-43
-3.3491e-43
-3.3491e-43
-3.3491e-43
-3.3491e-43
-3.3491e-43
-3.3491e-43
-3.3491e-43
-3.3491e-43
-3.3491e-43
-3.3491e-43
-3.3491e-43
-3.3491e-43
-3.3491e-43
-3.3491e-43
-3.3491e-43
-3.3491e-43
-3.3491e-43
-3.3491e-43
-3.3491e-43
-3.3491e-43
-3.3491e-43
-3.3491e-43
-3.3491e-43
-3.3491e-43
-3.3491e-43
-3.3491e-43
-3.3491e-43
-3.3491e-43
-3.3491e-43
-3.3491e-43
-3.3491e-43
-3.3491e-43
-3.3491e-43
-3.3491e-43
-3.3491e-43
-3.3491e-43
-3.3491e-43
-3.3491e-43
-3.3491e-43
-3.3491e-43
-3.3491e-43
-3.3491e-43
-3.3491e-43
-3.3491e-43
-3.3491e-43
-3.3491e-43
-3.3491e-43
-3.3491e-43
-3.3491e-43
-3.3491e-43
-3.3491e-43
-3.3491e-43
-3.3491e-43
-3.3491e-43
-3.3491e-43
-3.3491e-43
-3.3491e-43
-3.3491e-43
-3.3491e-43
-3.3491e-43
-3.3491e-43
-3.3491e-43
-3.3491e-43
-3.3491e-43
-3.3491e-43
-3.3491e-43
-3.3491e-43
-3.3491e-43
-3.3491e-43
-3.3491e-43
-3.3491e-43
-3.3491e-43
-3.3491e-43
-3.3491e-43
-3.3491e-43
-3.3491e-43
-3.3491e-43
-3.3491e-43
-3.3491e-43
-3.3491e-43
-3.3491e-43
-3.3491e-43
-3.3491e-43
-3.3491e-43
-3.3491e-43
-3.3491e-43
-3.3491e-43
-3.3491e-43
-3.3491e-43
-3.3491e-43
-3.3491e-43
-3.3491e-43
-3.3491e-43
-3.3491e-43
-3.3491e-43
-3.3491e-43
-3.3491e-43
-3.3491e-43
-3.3491e-43
-3.3491e-43
-3.3491e-43
-3.3491e-43
-3.3491e-43
-3.3491e-43
-3.3491e-43
-3.3491e-43
-3.3491e-43
-3.3491e-43
-3.3491e-43
-3.3491e-43
-3.3491e-43
-3.3491e-43
-3.3491e-43
-3.3491e-43
-3.3491e-43
-3.3491e-43
-3.3491e-43
-3.3491e-43
-3.3491e-43
-3.3491e-43
-3.3491e-43
-3.3491e-43
-3.3491e-43
-3.3491e-43
-3.3491e-43
-3.3491e-43
-3.3491e-43
-3.3491e-43
-3.3491e-43
-3.3491e-43
-3.3491e-43
-3.3491e-43
-3.3491e-43
-3.3491e-43
-3.3491e-43
-3.3491e-43
-3.3491e-43
-3.3491e-43
-3.3491e-43
-3.3491e-43
-3.3491e-43
-3.3491e-43
-3.3491e-43
-3.3491e-43
-3.3491e-43
-3.3491e-43
-3.3491e-43
-3.3491e-43
-3.3491e-43
-3.3491e-43
-3.3491e-43
-3.3491e-43
-3.3491e-43
-3.3491e-43
-3.3491e-43
-3.3491e-43
-3.3491e-43
-3.3491e-43
-3.3491e-43
-3.3491e-43
-3.3491e-43
-3.3491e-43
-3.3491e-43
-3.3491e-43
-3.3491e-43
-3.3491e-43
-3.3491e-43
-3.3491e-43
-3.3491e-43
-3.3491e-43
-3.3491e-43
-3.3491e-43
-3.3491e-43
-3.3491e-43
-3.3491e-43
-3.3491e-43
-3.3491e-43
-3.3491e-43
-3.3491e-43
-3.3491e-43
-3.3491e-43
-3.3491e-43
-3.3491e-43
-3.3491e-43
-3.3491e-43
-3.3491e-43
-3.3491e-43
-3.3491e-43
-3.3491e-43
-3.3491e-43
-3.3491e-43
-3.3491e-43
-3.3491e-43
-3.3491e-43
-3.3491e-43
-3.3491e-43
-3.3491e-43
-3.3491e-43
-3.3491e-43
-3.3491e-43
-3.3491e-43
-3.3491e-43
-3.3491e-43
-3.3491e-43
-3.3491e-43
-3.3491e-43
-3.3491e-43
-3.3491e-43
-3.3491e-43
-3.3491e-43
-3.3491e-43
-3.3491e-43
-3.3491e-43
-3.3491e-43
-3.3491e-43
-3.3491e-43
-3.3491e-43
-3.3491e-43
-3.3491e-43
-3.3491e-43
-3.3491e-43
-3.3491e-43
-3.3491e-43
-3.3491e-43
-3.3491e-43
-3.3491e-43
-3.3491e-43
-3.3491e-43
-3.3491e-43
-3.3491e-43
-3.3491e-43
-3.3491e-43
-3.3491e-43
-3.3491e-43
-3.3491e-43
-3.3491e-43
-3.3491e-43
-3.3491e-43
-3.3491e-43
-3.3491e-43
-3.3491e-43
-3.3491e-43
-3.3491e-43
-3.3491e-43
-3.3491e-43
-3.3491e-43
-3.3491e-43
-3.3491e-43
-3.3491e-43
-3.3491e-43
-3.3491e-43
-3.3491e-43
-3.3491e-43
-3.3491e-43
-3.3491e-43
-3.3491e-43
-3.3491e-43
-3.3491e-43
-3.3491e-43
-3.3491e-43
-3.3491e-43
-3.3491e-43
-3.3491e-43
-3.3491e-43
-3.3491e-43
-3.3491e-43
-3.3491e-43
-3.3491e-43
-3.3491e-43
-3.3491e-43
-3.3491e-43
-3.3491e-43
-3.3491e-43
-3.3491e-43
-3.3491e-43
-3.3491e-43
-3.3491e-43
-3.3491e-43
-3.3491e-43
-3.3491e-43
-3.3491e-43
-3.3491e-43
-3.3491e-43
-3.3491e-43
-3.3491e-43
-3.3491e-43
-3.3491e-43
-3.3491e-43
-3.3491e-43
-3.3491e-43
-3.3491e-43
-3.3491e-43
-3.3491e-43
-3.3491e-43
-3.3491e-43
-3.3491e-43
-3.3491e-43
-3.3491e-43
-3.3491e-43
-3.3491e-43
-3.3491e-43
-3.3491e-43
-3.3491e-43
-3.3491e-43
-3.3491e-43
-3.3491e-43
-3.3491e-43
-3.3491e-43
-3.3491e-43
-3.3491e-43
-3.3491e-43
-3.3491e-43
-3.3491e-43
-3.3491e-43
-3.3491e-43
-3.3491e-43
-3.3491e-43
-3.3491e-43
-3.3491e-43
-3.3491e-43
-3.3491e-43
-3.3491e-43
-3.3491e-43
-3.3491e-43
-3.3491e-43
-3.3491e-43
-3.3491e-43
-3.3491e-43
-3.3491e-43
-3.3491e-43
-3.3491e-43
-3.3491e-43
-3.3491e-43
-3.3491e-43
-3.3491e-43
-3.3491e-43
-3.3491e-43
-3.3491e-43
-3.3491e-43
-3.3491e-43
-3.3491e-43
-3.3491e-43
-3.3491e-43
-3.3491e-43
-3.3491e-43
-3.3491e-43
-3.3491e-43
-3.3491e-43
-3.3491e-43
-3.3491e-43
-3.3491e-43
-3.3491e-43
-3.3491e-43
-3.3491e-43
-3.3491e-43
-3.3491e-43
-3.3491e-43
-3.3491e-43
-3.3491e-43
-3.3491e-43
-3.3491e-43
-3.3491e-43
-3.3491e-43
-3.3491e-43
-3.3491e-43
-3.3491e-43
-3.3491e-43
-3.3491e-43
-3.3491e-43
-3.3491e-43
-3.3491e-43
-3.3491e-43
-3.3491e-43
-3.3491e-43
-3.3491e-43
-3.3491e-43
-3.3491e-43
-3.3491e-43
-3.3491e-43
-3.3491e-43
-3.3491e-43
-3.3491e-43
-3.3491e-43
-3.3491e-43
-3.3491e-43
-3.3491e-43
-3.3491e-43
-3.3491e-43
-3.3491e-43
-3.3491e-43
-3.3491e-43
-3.3491e-43
-3.3491e-43
-3.3491e-43
-3.3491e-43
-3.3491e-43
-3.3491e-43
-3.3491e-43
-3.3491e-43
-3.3491e-43
-3.3491e-43
-3.3491e-43
-3.3491e-43
-3.3491e-43
-3.3491e-43
-3.3491e-43
-3.3491e-43
-3.3491e-43
-3.3491e-43
-3.3491e-43
-3.3491e-43
-3.3491e-43
-3.3491e-43
-3.3491e-43
-3.3491e-43
-3.3491e-43
-3.3491e-43
-3.3491e-43
-3.3491e-43
-3.3491e-43
-3.3491e-43
-3.3491e-43
-3.3491e-43
-3.3491e-43
-3.3491e-43
-3.3491e-43
-3.3491e-43
-3.3491e-43
-3.3491e-43
-3.3491e-43
-3.3491e-43
-3.3491e-43
-3.3491e-43
-3.3491e-43
-3.3491e-43
-3.3491e-43
-3.3491e-43
-3.3491e-43
-3.3491e-43
-3.3491e-43
-3.3491e-43
-3.3491e-43
-3.3491e-43
-3.3491e-43
-3.3491e-43
-3.3491e-43
-3.3491e-43
-3.3491e-43
-3.3491e-43
-3.3491e-43
-3.3491e-43
-3.3491e-43
-3.3491e-43
-3.3491e-43
-3.3491e-43
-3.3491e-43
-3.3491e-43
-3.3491e-43
-3.3491e-43
-3.3491e-43
-3.3491e-43
-3.3491e-43
-3.3491e-43
-3.3491e-43
-3.3491e-43
-3.3491e-43
-3.3491e-43
-3.3491e-43
-3.3491e-43
-3.3491e-43
-3.3491e-43
-3.3491e-43
-3.3491e-43
-3.3491e-43
-3.3491e-43
-3.3491e-43
-3.3491e-43
-3.3491e-43
-3.3491e-43
-3.3491e-43
-3.3491e-43
-3.3491e-43
-3.3491e-43
-3.3491e-43
-3.3491e-43
-3.3491e-43
-3.3491e-43
-3.3491e-43
-3.3491e-43
-3.3491e-43
-3.3491e-43
-3.3491e-43
-3.3491e-43
-3.3491e-43
-3.3491e-43
-3.3491e-43
-3.3491e-43
-3.3491e-43
-3.3491e-43
-3.3491e-43
-3.3491e-43
-3.3491e-43
-3.3491e-43
-3.3491e-43
-3.3491e-43
-3.3491e-43
-3.3491e-43
-3.3491e-43
-3.3491e-43
-3.3491e-43
-3.3491e-43
-3.3491e-43
-3.3491e-43
-3.3491e-43
-3.3491e-43
-3.3491e-43
-3.3491e-43
-3.3491e-43
-3.3491e-43
-3.3491e-43
-3.3491e-43
-3.3491e-43
-3.3491e-43
-3.3491e-43
-3.3491e-43
-3.3491e-43
-3.3491e-43
-3.3491e-43
-3.3491e-43
-3.3491e-43
-3.3491e-43
-3.3491e-43
-3.3491e-43
-3.3491e-43
-3.3491e-43
-3.3491e-43
-3.3491e-43
-3.3491e-43
-3.3491e-43
-3.3491e-43
-3.3491e-43
-3.3491e-43
-3.3491e-43
-3.3491e-43
-3.3491e-43
-3.3491e-43
-3.3491e-43
-3.3491e-43
-3.3491e-43
-3.3491e-43
-3.3491e-43
-3.3491e-43
-3.3491e-43
-3.3491e-43
-3.3491e-43
-3.3491e-43
-3.3491e-43
-3.3491e-43
-3.3491e-43
-3.3491e-43
-3.3491e-43
-3.3491e-43
-3.3491e-43
-3.3491e-43
-3.3491e-43
-3.3491e-43
-3.3491e-43
-3.3491e-43
-3.3491e-43
-3.3491e-43
-3.3491e-43
-3.3491e-43
-3.3491e-43
-3.3491e-43
-3.3491e-43
-3.3491e-43
-3.3491e-43
-3.3491e-43
-3.3491e-43
-3.3491e-43
-3.3491e-43
-3.3491e-43
-3.3491e-43
-3.3491e-43
-3.3491e-43
-3.3491e-43
-3.3491e-43
-3.3491e-43
-3.3491e-43
-3.3491e-43
-3.3491e-43
-3.3491e-43
-3.3491e-43
-3.3491e-43
-3.3491e-43
-3.3491e-43
-3.3491e-43
-3.3491e-43
-3.3491e-43
-3.3491e-43
-3.3491e-43
-3.3491e-43
-3.3491e-43
-3.3491e-43
-3.3491e-43
-3.3491e-43
-3.3491e-43
-3.3491e-43
-3.3491e-43
-3.3491e-43
-3.3491e-43
-3.3491e-43
-3.3491e-43
-3.3491e-43
-3.3491e-43
-3.3491e-43
-3.3491e-43
-3.3491e-43
-3.3491e-43
-3.3491e-43
-3.3491e-43
-3.3491e-43
-3.3491e-43
-3.3491e-43
-3.3491e-43
-3.3491e-43
-3.3491e-43
-3.3491e-43
-3.3491e-43
-3.3491e-43
-3.3491e-43
-3.3491e-43
-3.3491e-43
-3.3491e-43
-3.3491e-43
-3.3491e-43
-3.3491e-43
-3.3491e-43
-3.3491e-43
-3.3491e-43
-3.3491e-43
-3.3491e-43
-3.3491e-43
-3.3491e-43
-3.3491e-43
-3.3491e-43
-3.3491e-43
-3.3491e-43
-3.3491e-43
-3.3491e-43
-3.3491e-43
-3.3491e-43
-3.3491e-43
-3.3491e-43
-3.3491e-43
-3.3491e-43
-3.3491e-43
-3.3491e-43
-3.3491e-43
-3.3491e-43
-3.3491e-43
-3.3491e-43
-3.3491e-43
-3.3491e-43
-3.3491e-43
-3.3491e-43
-3.3491e-43
-3.3491e-43
-3.3491e-43
-3.3491e-43
-3.3491e-43
-3.3491e-43
-3.3491e-43
-3.3491e-43
-3.3491e-43
-3.3491e-43
-3.3491e-43
-3.3491e-43
-3.3491e-43
-3.3491e-43
-3.3491e-43
-3.3491e-43
-3.3491e-43
-3.3491e-43
-3.3491e-43
-3.3491e-43
-3.3491e-43
-3.3491e-43
-3.3491e-43
-3.3491e-43
-3.3491e-43
-3.3491e-43
-3.3491e-43
-3.3491e-43
-3.3491e-43
-3.3491e-43
-3.3491e-43
-3.3491e-43
-3.3491e-43
-3.3491e-43
-3.3491e-43
-3.3491e-43
-3.3491e-43
-3.3491e-43
-3.3491e-43
-3.3491e-43
-3.3491e-43
-3.3491e-43
-3.3491e-43
-3.3491e-43
-3.3491e-43
-3.3491e-43
-3.3491e-43
-3.3491e-43
-3.3491e-43
-3.3491e-43
-3.3491e-43
-3.3491e-43
-3.3491e-43
-3.3491e-43
-3.3491e-43
-3.3491e-43
-3.3491e-43
-3.3491e-43
-3.3491e-43
-3.3491e-43
-3.3491e-43
-3.3491e-43
-3.3491e-43
-3.3491e-43
-3.3491e-43
-3.3491e-43
-3.3491e-43
-3.3491e-43
-3.3491e-43
-3.3491e-43
-3.3491e-43
-3.3491e-43
-3.3491e-43
-3.3491e-43
-3.3491e-43
-3.3491e-43
-3.3491e-43
-3.3491e-43
-3.3491e-43
-3.3491e-43
-3.3491e-43
-3.3491e-43
-3.3491e-43
-3.3491e-43
-3.3491e-43
-3.3491e-43
-3.3491e-43
-3.3491e-43
-3.3491e-43
-3.3491e-43
-3.3491e-43
-3.3491e-43
-3.3491e-43
-3.3491e-43
-3.3491e-43
-3.3491e-43
-3.3491e-43
-3.3491e-43
-3.3491e-43
-3.3491e-43
-3.3491e-43
-3.3491e-43
-3.3491e-43
-3.3491e-43
-3.3491e-43
-3.3491e-43
-3.3491e-43
-3.3491e-43
-3.3491e-43
-3.3491e-43
-3.3491e-43
-3.3491e-43
-3.3491e-43
-3.3491e-43
-3.3491e-43
-3.3491e-43
-3.3491e-43
-3.3491e-43
-3.3491e-43
-3.3491e-43
-3.3491e-43
-3.3491e-43
-3.3491e-43
-3.3491e-43
-3.3491e-43
-3.3491e-43
-3.3491e-43
-3.3491e-43
-3.3491e-43
-3.3491e-43
-3.3491e-43
-3.3491e-43
-3.3491e-43
-3.3491e-43
-3.3491e-43
-3.3491e-43
-3.3491e-43
-3.3491e-43
-3.3491e-43
-3.3491e-43
-3.3491e-43
-3.3491e-43
-3.3491e-43
-3.3491e-43
-3.3491e-43
-3.3491e-43
-3.3491e-43
-3.3491e-43
-3.3491e-43
-3.3491e-43
-3.3491e-43
-3.3491e-43
-3.3491e-43
-3.3491e-43
-3.3491e-43
-3.3491e-43
-3.3491e-43
-3.3491e-43
-3.3491e-43
-3.3491e-43
-3.3491e-43
-3.3491e-43
-3.3491e-43
-3.3491e-43
-3.3491e-43
-3.3491e-43
-3.3491e-43
-3.3491e-43
-3.3491e-43
-3.3491e-43
-3.3491e-43
-3.3491e-43
-3.3491e-43
-3.3491e-43
-3.3491e-43
-3.3491e-43
-3.3491e-43
-3.3491e-43
-3.3491e-43
-3.3491e-43
-3.3491e-43
-3.3491e-43
-3.3491e-43
-3.3491e-43
-3.3491e-43
-3.3491e-43
-3.3491e-43
-3.3491e-43
-3.3491e-43
-3.3491e-43
-3.3491e-43
-3.3491e-43
-3.3491e-43
-3.3491e-43
-3.3491e-43
-3.3491e-43
-3.3491e-43
-3.3491e-43
-3.3491e-43
-3.3491e-43
-3.3491e-43
-3.3491e-43
-3.3491e-43
-3.3491e-43
-3.3491e-43
-3.3491e-43
-3.3491e-43
-3.3491e-43
-3.3491e-43
-3.3491e-43
-3.3491e-43
-3.3491e-43
-3.3491e-43
-3.3491e-43
-3.3491e-43
-3.3491e-43
-3.3491e-43
-3.3491e-43
-3.3491e-43
-3.3491e-43
-3.3491e-43
-3.3491e-43
-3.3491e-43
-3.3491e-43
-3.3491e-43
-3.3491e-43
-3.3491e-43
-3.3491e-43
-3.3491e-43
-3.3491e-43
-3.3491e-43
-3.3491e-43
-3.3491e-43
-3.3491e-43
-3.3491e-43
-3.3491e-43
-3.3491e-43
-3.3491e-43
-3.3491e-43
-3.3491e-43
-3.3491e-43
-3.3491e-43
-3.3491e-43
-3.3491e-43
-3.3491e-43
-3.3491e-43
-3.3491e-43
-3.3491e-43
-3.3491e-43
-3.3491e-43
-3.3491e-43
-3.3491e-43
-3.3491e-43
-3.3491e-43
-3.3491e-43
-3.3491e-43
-3.3491e-43
-3.3491e-43
-3.3491e-43
-3.3491e-43
-3.3491e-43
-3.3491e-43
-3.3491e-43
-3.3491e-43
-3.3491e-43
-3.3491e-43
-3.3491e-43
-3.3491e-43
-3.3491e-43
-3.3491e-43
-3.3491e-43
-3.3491e-43
-3.3491e-43
-3.3491e-43
-3.3491e-43
-3.3491e-43
-3.3491e-43
-3.3491e-43
-3.3491e-43
-3.3491e-43
-3.3491e-43
-3.3491e-43
-3.3491e-43
-3.3491e-43
-3.3491e-43
-3.3491e-43
-3.3491e-43
-3.3491e-43
-3.3491e-43
-3.3491e-43
-3.3491e-43
-3.3491e-43
-3.3491e-43
-3.3491e-43
-3.3491e-43
-3.3491e-43
-3.3491e-43
-3.3491e-43
-3.3491e-43
-3.3491e-43
-3.3491e-43
-3.3491e-43
-3.3491e-43
-3.3491e-43
-3.3491e-43
-3.3491e-43
-3.3491e-43
-3.3491e-43
-3.3491e-43
-3.3491e-43
-3.3491e-43
-3.3491e-43
-3.3491e-43
-3.3491e-43
-3.3491e-43
-3.3491e-43
-3.3491e-43
-3.3491e-43
-3.3491e-43
-3.3491e-43
-3.3491e-43
-3.3491e-43
-3.3491e-43
-3.3491e-43
-3.3491e-43
-3.3491e-43
-3.3491e-43
-3.3491e-43
-3.3491e-43
-3.3491e-43
-3.3491e-43
-3.3491e-43
-3.3491e-43
-3.3491e-43
-3.3491e-43
-3.3491e-43
-3.3491e-43
-3.3491e-43
-3.3491e-43
-3.3491e-43
-3.3491e-43
-3.3491e-43
-3.3491e-43
-3.3491e-43
-3.3491e-43
-3.3491e-43
-3.3491e-43
-3.3491e-43
-3.3491e-43
-3.3491e-43
-3.3491e-43
-3.3491e-43
-3.3491e-43
-3.3491e-43
-3.3491e-43
-3.3491e-43
-3.3491e-43
-3.3491e-43
-3.3491e-43
-3.3491e-43
-3.3491e-43
-3.3491e-43
-3.3491e-43
-3.3491e-43
-3.3491e-43
-3.3491e-43
-3.3491e-43
-3.3491e-43
-3.3491e-43
-3.3491e-43
-3.3491e-43
-3.3491e-43
-3.3491e-43
-3.3491e-43
-3.3491e-43
-3.3491e-43
-3.3491e-43
-3.3491e-43
-3.3491e-43
-3.3491e-43
-3.3491e-43
-3.3491e-43
-3.3491e-43
-3.3491e-43
-3.3491e-43
-3.3491e-43
-3.3491e-43
-3.3491e-43
-3.3491e-43
-3.3491e-43
-3.3491e-43
-3.3491e-43
-3.3491e-43
-3.3491e-43
-3.3491e-43
-3.3491e-43
-3.3491e-43
-3.3491e-43
-3.3491e-43
-3.3491e-43
-3.3491e-43
-3.3491e-43
-3.3491e-43
-3.3491e-43
-3.3491e-43
-3.3491e-43
-3.3491e-43
-3.3491e-43
-3.3491e-43
-3.3491e-43
-3.3491e-43
-3.3491e-43
-3.3491e-43
-3.3491e-43
-3.3491e-43
-3.3491e-43
-3.3491e-43
-3.3491e-43
-3.3491e-43
-3.3491e-43
-3.3491e-43
-3.3491e-43
-3.3491e-43
-3.3491e-43
-3.3491e-43
-3.3491e-43
-3.3491e-43
-3.3491e-43
-3.3491e-43
-3.3491e-43
-3.3491e-43
-3.3491e-43
-3.3491e-43
-3.3491e-43
-3.3491e-43
-3.3491e-43
-3.3491e-43
-3.3491e-43
-3.3491e-43
-3.3491e-43
-3.3491e-43
-3.3491e-43
-3.3491e-43
-3.3491e-43
-3.3491e-43
-3.3491e-43
-3.3491e-43
-3.3491e-43
-3.3491e-43
-3.3491e-43
-3.3491e-43
-3.3491e-43
-3.3491e-43
-3.3491e-43
-3.3491e-43
-3.3491e-43
-3.3491e-43
-3.3491e-43
-3.3491e-43
-3.3491e-43
-3.3491e-43
-3.3491e-43
-3.3491e-43
-3.3491e-43
-3.3491e-43
-3.3491e-43
-3.3491e-43
-3.3491e-43
-3.3491e-43
-3.3491e-43
-3.3491e-43
-3.3491e-43
-3.3491e-43
-3.3491e-43
-3.3491e-43
-3.3491e-43
-3.3491e-43
-3.3491e-43
-3.3491e-43
-3.3491e-43
-3.3491e-43
-3.3491e-43
-3.3491e-43
-3.3491e-43
-3.3491e-43
-3.3491e-43
-3.3491e-43
-3.3491e-43
-3.3491e-43
-3.3491e-43
-3.3491e-43
-3.3491e-43
-3.3491e-43
-3.3491e-43
-3.3491e-43
-3.3491e-43
-3.3491e-43
-3.3491e-43
-3.3491e-43
-3.3491e-43
-3.3491e-43
-3.3491e-43
-3.3491e-43
-3.3491e-43
-3.3491e-43
-3.3491e-43
-3.3491e-43
-3.3491e-43
-3.3491e-43
-3.3491e-43
-3.3491e-43
-3.3491e-43
-3.3491e-43
-3.3491e-43
-3.3491e-43
-3.3491e-43
-3.3491e-43
-3.3491e-43
-3.3491e-43
-3.3491e-43
-3.3491e-43
-3.3491e-43
-3.3491e-43
-3.3491e-43
-3.3491e-43
-3.3491e-43
-3.3491e-43
-3.3491e-43
-3.3491e-43
-3.3491e-43
-3.3491e-43
-3.3491e-43
-3.3491e-43
-3.3491e-43
-3.3491e-43
-3.3491e-43
-3.3491e-43
-3.3491e-43
-3.3491e-43
-3.3491e-43
-3.3491e-43
-3.3491e-43
-3.3491e-43
-3.3491e-43
-3.3491e-43
-3.3491e-43
-3.3491e-43
-3.3491e-43
-3.3491e-43
-3.3491e-43
-3.3491e-43
-3.3491e-43
-3.3491e-43
-3.3491e-43
-3.3491e-43
-3.3491e-43
-3.3491e-43
-3.3491e-43
-3.3491e-43
-3.3491e-43
-3.3491e-43
-3.3491e-43
-3.3491e-43
-3.3491e-43
-3.3491e-43
-3.3491e-43
-3.3491e-43
-3.3491e-43
-3.3491e-43
-3.3491e-43
-3.3491e-43
-3.3491e-43
-3.3491e-43
-3.3491e-43
-3.3491e-43
-3.3491e-43
-3.3491e-43
-3.3491e-43
-3.3491e-43
-3.3491e-43
-3.3491e-43
-3.3491e-43
-3.3491e-43
-3.3491e-43
-3.3491e-43
-3.3491e-43
-3.3491e-43
-3.3491e-43
-3.3491e-43
-3.3491e-43
-3.3491e-43
-3.3491e-43
-3.3491e-43
-3.3491e-43
-3.3491e-43
-3.3491e-43
-3.3491e-43
-3.3491e-43
-3.3491e-43
-3.3491e-43
-3.3491e-43
-3.3491e-43
-3.3491e-43
-3.3491e-43
-3.3491e-43
-3.3491e-43
-3.3491e-43
-3.3491e-43
-3.3491e-43
-3.3491e-43
-3.3491e-43
-3.3491e-43
-3.3491e-43
-3.3491e-43
-3.3491e-43
-3.3491e-43
-3.3491e-43
-3.3491e-43
-3.3491e-43
-3.3491e-43
-3.3491e-43
-3.3491e-43
-3.3491e-43
-3.3491e-43
-3.3491e-43
-3.3491e-43
-3.3491e-43
-3.3491e-43
-3.3491e-43
-3.3491e-43
-3.3491e-43
-3.3491e-43
-3.3491e-43
-3.3491e-43
-3.3491e-43
-3.3491e-43
-3.3491e-43
-3.3491e-43
-3.3491e-43
-3.3491e-43
-3.3491e-43
-3.3491e-43
-3.3491e-43
-3.3491e-43
-3.3491e-43
-3.3491e-43
-3.3491e-43
-3.3491e-43
-3.3491e-43
-3.3491e-43
-3.3491e-43
-3.3491e-43
-3.3491e-43
-3.3491e-43
-3.3491e-43
-3.3491e-43
-3.3491e-43
-3.3491e-43
-3.3491e-43
-3.3491e-43
-3.3491e-43
-3.3491e-43
-3.3491e-43
-3.3491e-43
-3.3491e-43
-3.3491e-43
-3.3491e-43
-3.3491e-43
-3.3491e-43
-3.3491e-43
-3.3491e-43
-3.3491e-43
-3.3491e-43
-3.3491e-43
-3.3491e-43
-3.3491e-43
-3.3491e-43
-3.3491e-43
-3.3491e-43
-3.3491e-43
-3.3491e-43
-3.3491e-43
-3.3491e-43
-3.3491e-43
-3.3491e-43
-3.3491e-43
-3.3491e-43
-3.3491e-43
-3.3491e-43
-3.3491e-43
-3.3491e-43
-3.3491e-43
-3.3491e-43
-3.3491e-43
-3.3491e-43
-3.3491e-43
-3.3491e-43
-3.3491e-43
-3.3491e-43
-3.3491e-43
-3.3491e-43
-3.3491e-43
-3.3491e-43
-3.3491e-43
-3.3491e-43
-3.3491e-43
-3.3491e-43
-3.3491e-43
-3.3491e-43
-3.3491e-43
-3.3491e-43
-3.3491e-43
-3.3491e-43
-3.3491e-43
-3.3491e-43
-3.3491e-43
-3.3491e-43
-3.3491e-43
-3.3491e-43
-3.3491e-43
-3.3491e-43
-3.3491e-43
-3.3491e-43
-3.3491e-43
-3.3491e-43
-3.3491e-43
-3.3491e-43
-3.3491e-43
-3.3491e-43
-3.3491e-43
-3.3491e-43
-3.3491e-43
-3.3491e-43
-3.3491e-43
-3.3491e-43
-3.3491e-43
-3.3491e-43
-3.3491e-43
-3.3491e-43
-3.3491e-43
-3.3491e-43
-3.3491e-43
-3.3491e-43
-3.3491e-43
-3.3491e-43
-3.3491e-43
-3.3491e-43
-3.3491e-43
-3.3491e-43
-3.3491e-43
-3.3491e-43
-3.3491e-43
-3.3491e-43
-3.3491e-43
-3.3491e-43
-3.3491e-43
-3.3491e-43
-3.3491e-43
-3.3491e-43
-3.3491e-43
-3.3491e-43
-3.3491e-43
-3.3491e-43
-3.3491e-43
-3.3491e-43
-3.3491e-43
-3.3491e-43
-3.3491e-43
-3.3491e-43
-3.3491e-43
-3.3491e-43
-3.3491e-43
-3.3491e-43
-3.3491e-43
-3.3491e-43
-3.3491e-43
-3.3491e-43
-3.3491e-43
-3.3491e-43
-3.3491e-43
-3.3491e-43
-3.3491e-43
-3.3491e-43
-3.3491e-43
-3.3491e-43
-3.3491e-43
-3.3491e-43
-3.3491e-43
-3.3491e-43
-3.3491e-43
-3.3491e-43
-3.3491e-43
-3.3491e-43
-3.3491e-43
-3.3491e-43
-3.3491e-43
-3.3491e-43
-3.3491e-43
-3.3491e-43
-3.3491e-43
-3.3491e-43
-3.3491e-43
-3.3491e-43
-3.3491e-43
-3.3491e-43
-3.3491e-43
-3.3491e-43
-3.3491e-43
-3.3491e-43
-3.3491e-43
-3.3491e-43
-3.3491e-43
-3.3491e-43
-3.3491e-43
-3.3491e-43
-3.3491e-43
-3.3491e-43
-3.3491e-43
-3.3491e-43
-3.3491e-43
-3.3491e-43
-3.3491e-43
-3.3491e-43
-3.3491e-43
-3.3491e-43
-3.3491e-43
-3.3491e-43
-3.3491e-43
-3.3491e-43
-3.3491e-43
-3.3491e-43
-3.3491e-43
-3.3491e-43
-3.3491e-43
-3.3491e-43
-3.3491e-43
-3.3491e-43
-3.3491e-43
-3.3491e-43
-3.3491e-43
-3.3491e-43
-3.3491e-43
-3.3491e-43
-3.3491e-43
-3.3491e-43
-3.3491e-43
-3.3491e-43
-3.3491e-43
-3.3491e-43
-3.3491e-43
-3.3491e-43
-3.3491e-43
-3.3491e-43
-3.3491e-43
-3.3491e-43
-3.3491e-43
-3.3491e-43
-3.3491e-43
-3.3491e-43
-3.3491e-43
-3.3491e-43
-3.3491e-43
-3.3491e-43
-3.3491e-43
-3.3491e-43
-3.3491e-43
-3.3491e-43
-3.3491e-43
-3.3491e-43
-3.3491e-43
-3.3491e-43
-3.3491e-43
-3.3491e-43
-3.3491e-43
-3.3491e-43
-3.3491e-43
-3.3491e-43
-3.3491e-43
-3.3491e-43
-3.3491e-43
-3.3491e-43
-3.3491e-43
-3.3491e-43
-3.3491e-43
-3.3491e-43
-3.3491e-43
-3.3491e-43
-3.3491e-43
-3.3491e-43
-3.3491e-43
-3.3491e-43
-3.3491e-43
-3.3491e-43
-3.3491e-43
-3.3491e-43
-3.3491e-43
-3.3491e-43
-3.3491e-43
-3.3491e-43
-3.3491e-43
-3.3491e-43
-3.3491e-43
-3.3491e-43
-3.3491e-43
-3.3491e-43
-3.3491e-43
-3.3491e-43
-3.3491e-43
-3.3491e-43
-3.3491e-43
-3.3491e-43
-3.3491e-43
-3.3491e-43
-3.3491e-43
-3.3491e-43
-3.3491e-43
-3.3491e-43
-3.3491e-43
-3.3491e-43
-3.3491e-43
-3.3491e-43
-3.3491e-43
-3.3491e-43
-3.3491e-43
-3.3491e-43
-3.3491e-43
-3.3491e-43
-3.3491e-43
-3.3491e-43
-3.3491e-43
-3.3491e-43
-3.3491e-43
-3.3491e-43
-3.3491e-43
-3.3491e-43
-3.3491e-43
-3.3491e-43
-3.3491e-43
-3.3491e-43
-3.3491e-43
-3.3491e-43
-3.3491e-43
-3.3491e-43
-3.3491e-43
-3.3491e-43
-3.3491e-43
-3.3491e-43
-3.3491e-43
-3.3491e-43
-3.3491e-43
-3.3491e-43
-3.3491e-43
-3.3491e-43
-3.3491e-43
-3.3491e-43
-3.3491e-43
-3.3491e-43
-3.3491e-43
-3.3491e-43
-3.3491e-43
-3.3491e-43
-3.3491e-43
-3.3491e-43
-3.3491e-43
-3.3491e-43
-3.3491e-43
-3.3491e-43
-3.3491e-43
-3.3491e-43
-3.3491e-43
-3.3491e-43
-3.3491e-43
-3.3491e-43
-3.3491e-43
-3.3491e-43
-3.3491e-43
-3.3491e-43
-3.3491e-43
-3.3491e-43
-3.3491e-43
-3.3491e-43
-3.3491e-43
-3.3491e-43
-3.3491e-43
-3.3491e-43
-3.3491e-43
-3.3491e-43
-3.3491e-43
-3.3491e-43
-3.3491e-43
-3.3491e-43
-3.3491e-43
-3.3491e-43
-3.3491e-43
-3.3491e-43
-3.3491e-43
-3.3491e-43
-3.3491e-43
-3.3491e-43
-3.3491e-43
-3.3491e-43
-3.3491e-43
-3.3491e-43
-3.3491e-43
-3.3491e-43
-3.3491e-43
-3.3491e-43
-3.3491e-43
-3.3491e-43
-3.3491e-43
-3.3491e-43
-3.3491e-43
-3.3491e-43
-3.3491e-43
-3.3491e-43
-3.3491e-43
-3.3491e-43
-3.3491e-43
-3.3491e-43
-3.3491e-43
-3.3491e-43
-3.3491e-43
-3.3491e-43
-3.3491e-43
-3.3491e-43
-3.3491e-43
-3.3491e-43
-3.3491e-43
-3.3491e-43
-3.3491e-43
-3.3491e-43
-3.3491e-43
-3.3491e-43
-3.3491e-43
-3.3491e-43
-3.3491e-43
-3.3491e-43
-3.3491e-43
-3.3491e-43
-3.3491e-43
-3.3491e-43
-3.3491e-43
-3.3491e-43
-3.3491e-43
-3.3491e-43
-3.3491e-43
-3.3491e-43
-3.3491e-43
-3.3491e-43
-3.3491e-43
-3.3491e-43
-3.3491e-43
-3.3491e-43
-3.3491e-43
-3.3491e-43
-3.3491e-43
-3.3491e-43
-3.3491e-43
-3.3491e-43
-3.3491e-43
-3.3491e-43
-3.3491e-43
-3.3491e-43
-3.3491e-43
-3.3491e-43
-3.3491e-43
-3.3491e-43
-3.3491e-43
-3.3491e-43
-3.3491e-43
-3.3491e-43
-3.3491e-43
-3.3491e-43
-3.3491e-43
-3.3491e-43
-3.3491e-43
-3.3491e-43
-3.3491e-43
-3.3491e-43
-3.3491e-43
-3.3491e-43
-3.3491e-43
-3.3491e-43
-3.3491e-43
-3.3491e-43
-3.3491e-43
-3.3491e-43
-3.3491e-43
-3.3491e-43
-3.3491e-43
-3.3491e-43
-3.3491e-43
-3.3491e-43
-3.3491e-43
-3.3491e-43
-3.3491e-43
-3.3491e-43
-3.3491e-43
-3.3491e-43
-3.3491e-43
-3.3491e-43
-3.3491e-43
-3.3491e-43
-3.3491e-43
-3.3491e-43
-3.3491e-43
-3.3491e-43
-3.3491e-43
-3.3491e-43
-3.3491e-43
-3.3491e-43
-3.3491e-43
-3.3491e-43
-3.3491e-43
-3.3491e-43
-3.3491e-43
-3.3491e-43
-3.3491e-43
-3.3491e-43
-3.3491e-43
-3.3491e-43
-3.3491e-43
-3.3491e-43
-3.3491e-43
-3.3491e-43
-3.3491e-43
-3.3491e-43
-3.3491e-43
-3.3491e-43
-3.3491e-43
-3.3491e-43
-3.3491e-43
-3.3491e-43
-3.3491e-43
-3.3491e-43
-3.3491e-43
-3.3491e-43
-3.3491e-43
-3.3491e-43
-3.3491e-43
-3.3491e-43
-3.3491e-43
-3.3491e-43
-3.3491e-43
-3.3491e-43
-3.3491e-43
-3.3491e-43
-3.3491e-43
-3.3491e-43
-3.3491e-43
-3.3491e-43
-3.3491e-43
-3.3491e-43
-3.3491e-43
-3.3491e-43
-3.3491e-43
-3.3491e-43
-3.3491e-43
-3.3491e-43
-3.3491e-43
-3.3491e-43
-3.3491e-43
-3.3491e-43
-3.3491e-43
-3.3491e-43
-3.3491e-43
-3.3491e-43
-3.3491e-43
-3.3491e-43
-3.3491e-43
-3.3491e-43
-3.3491e-43
-3.3491e-43
-3.3491e-43
-3.3491e-43
-3.3491e-43
-3.3491e-43
-3.3491e-43
-3.3491e-43
-3.3491e-43
-3.3491e-43
-3.3491e-43
-3.3491e-43
-3.3491e-43
-3.3491e-43
-3.3491e-43
-3.3491e-43
-3.3491e-43
-3.3491e-43
-3.3491e-43
-3.3491e-43
-3.3491e-43
-3.3491e-43
-3.3491e-43
-3.3491e-43
-3.3491e-43
-3.3491e-43
-3.3491e-43
-3.3491e-43
-3.3491e-43
-3.3491e-43
-3.3491e-43
-3.3491e-43
-3.3491e-43
-3.3491e-43
-3.3491e-43
-3.3491e-43
-3.3491e-43
-3.3491e-43
-3.3491e-43
-3.3491e-43
-3.3491e-43
-3.3491e-43
-3.3491e-43
-3.3491e-43
-3.3491e-43
-3.3491e-43
-3.3491e-43
-3.3491e-43
-3.3491e-43
-3.3491e-43
-3.3491e-43
-3.3491e-43
-3.3491e-43
-3.3491e-43
-3.3491e-43
-3.3491e-43
-3.3491e-43
-3.3491e-43
-3.3491e-43
-3.3491e-43
-3.3491e-43
-3.3491e-43
-3.3491e-43
-3.3491e-43
-3.3491e-43
-3.3491e-43
-3.3491e-43
-3.3491e-43
-3.3491e-43
-3.3491e-43
-3.3491e-43
-3.3491e-43
-3.3491e-43
-3.3491e-43
-3.3491e-43
-3.3491e-43
-3.3491e-43
-3.3491e-43
-3.3491e-43
-3.3491e-43
-3.3491e-43
-3.3491e-43
-3.3491e-43
-3.3491e-43
-3.3491e-43
-3.3491e-43
-3.3491e-43
-3.3491e-43
-3.3491e-43
-3.3491e-43
-3.3491e-43
-3.3491e-43
-3.3491e-43
-3.3491e-43
-3.3491e-43
-3.3491e-43
-3.3491e-43
-3.3491e-43
-3.3491e-43
-3.3491e-43
-3.3491e-43
-3.3491e-43
-3.3491e-43
-3.3491e-43
-3.3491e-43
-3.3491e-43
-3.3491e-43
-3.3491e-43
-3.3491e-43
-3.3491e-43
-3.3491e-43
-3.3491e-43
-3.3491e-43
-3.3491e-43
-3.3491e-43
-3.3491e-43
-3.3491e-43
-3.3491e-43
-3.3491e-43
-3.3491e-43
-3.3491e-43
-3.3491e-43
-3.3491e-43
-3.3491e-43
-3.3491e-43
-3.3491e-43
-3.3491e-43
-3.3491e-43
-3.3491e-43
-3.3491e-43
-3.3491e-43
-3.3491e-43
-3.3491e-43
-3.3491e-43
-3.3491e-43
-3.3491e-43
-3.3491e-43
-3.3491e-43
-3.3491e-43
-3.3491e-43
-3.3491e-43
-3.3491e-43
-3.3491e-43
-3.3491e-43
-3.3491e-43
-3.3491e-43
-3.3491e-43
-3.3491e-43
-3.3491e-43
-3.3491e-43
-3.3491e-43
-3.3491e-43
-3.3491e-43
-3.3491e-43
-3.3491e-43
-3.3491e-43
-3.3491e-43
-3.3491e-43
-3.3491e-43
-3.3491e-43
-3.3491e-43
-3.3491e-43
-3.3491e-43
-3.3491e-43
-3.3491e-43
-3.3491e-43
-3.3491e-43
-3.3491e-43
-3.3491e-43
-3.3491e-43
-3.3491e-43
-3.3491e-43
-3.3491e-43
-3.3491e-43
-3.3491e-43
-3.3491e-43
-3.3491e-43
-3.3491e-43
-3.3491e-43
-3.3491e-43
-3.3491e-43
-3.3491e-43
-3.3491e-43
-3.3491e-43
-3.3491e-43
-3.3491e-43
-3.3491e-43
-3.3491e-43
-3.3491e-43
-3.3491e-43
-3.3491e-43
-3.3491e-43
-3.3491e-43
-3.3491e-43
-3.3491e-43
-3.3491e-43
-3.3491e-43
-3.3491e-43
-3.3491e-43
-3.3491e-43
-3.3491e-43
-3.3491e-43
-3.3491e-43
-3.3491e-43
-3.3491e-43
-3.3491e-43
-3.3491e-43
-3.3491e-43
-3.3491e-43
-3.3491e-43
-3.3491e-43
-3.3491e-43
-3.3491e-43
-3.3491e-43
-3.3491e-43
-3.3491e-43
-3.3491e-43
-3.3491e-43
-3.3491e-43
-3.3491e-43
-3.3491e-43
-3.3491e-43
-3.3491e-43
-3.3491e-43
-3.3491e-43
-3.3491e-43
-3.3491e-43
-3.3491e-43
-3.3491e-43
-3.3491e-43
-3.3491e-43
-3.3491e-43
-3.3491e-43
-3.3491e-43
-3.3491e-43
-3.3491e-43
-3.3491e-43
-3.3491e-43
-3.3491e-43
-3.3491e-43
-3.3491e-43
-3.3491e-43
-3.3491e-43
-3.3491e-43
-3.3491e-43
-3.3491e-43
-3.3491e-43
-3.3491e-43
-3.3491e-43
-3.3491e-43
-3.3491e-43
-3.3491e-43
-3.3491e-43
-3.3491e-43
-3.3491e-43
-3.3491e-43
-3.3491e-43
-3.3491e-43
-3.3491e-43
-3.3491e-43
-3.3491e-43
-3.3491e-43
-3.3491e-43
-3.3491e-43
-3.3491e-43
-3.3491e-43
-3.3491e-43
-3.3491e-43
-3.3491e-43
-3.3491e-43
-3.3491e-43
-3.3491e-43
-3.3491e-43
-3.3491e-43
-3.3491e-43
-3.3491e-43
-3.3491e-43
-3.3491e-43
-3.3491e-43
-3.3491e-43
-3.3491e-43
-3.3491e-43
-3.3491e-43
-3.3491e-43
-3.3491e-43
-3.3491e-43
-3.3491e-43
-3.3491e-43
-3.3491e-43
-3.3491e-43
-3.3491e-43
-3.3491e-43
-3.3491e-43
-3.3491e-43
-3.3491e-43
-3.3491e-43
-3.3491e-43
-3.3491e-43
-3.3491e-43
-3.3491e-43
-3.3491e-43
-3.3491e-43
-3.3491e-43
-3.3491e-43
-3.3491e-43
-3.3491e-43
-3.3491e-43
-3.3491e-43
-3.3491e-43
-3.3491e-43
-3.3491e-43
-3.3491e-43
-3.3491e-43
-3.3491e-43
-3.3491e-43
-3.3491e-43
-3.3491e-43
-3.3491e-43
-3.3491e-43
-3.3491e-43
-3.3491e-43
-3.3491e-43
-3.3491e-43
-3.3491e-43
-3.3491e-43
-3.3491e-43
-3.3491e-43
-3.3491e-43
-3.3491e-43
-3.3491e-43
-3.3491e-43
-3.3491e-43
-3.3491e-43
-3.3491e-43
-3.3491e-43
-3.3491e-43
-3.3491e-43
-3.3491e-43
-3.3491e-43
-3.3491e-43
-3.3491e-43
-3.3491e-43
-3.3491e-43
-3.3491e-43
-3.3491e-43
-3.3491e-43
-3.3491e-43
-3.3491e-43
-3.3491e-43
-3.3491e-43
-3.3491e-43
-3.3491e-43
-3.3491e-43
-3.3491e-43
-3.3491e-43
-3.3491e-43
-3.3491e-43
-3.3491e-43
-3.3491e-43
-3.3491e-43
-3.3491e-43
-3.3491e-43
-3.3491e-43
-3.3491e-43
-3.3491e-43
-3.3491e-43
-3.3491e-43
-3.3491e-43
-3.3491e-43
-3.3491e-43
-3.3491e-43
-3.3491e-43
-3.3491e-43
-3.3491e-43
-3.3491e-43
-3.3491e-43
-3.3491e-43
-3.3491e-43
-3.3491e-43
-3.3491e-43
-3.3491e-43
-3.3491e-43
-3.3491e-43
-3.3491e-43
-3.3491e-43
-3.3491e-43
-3.3491e-43
-3.3491e-43
-3.3491e-43
-3.3491e-43
-3.3491e-43
-3.3491e-43
-3.3491e-43
-3.3491e-43
-3.3491e-43
-3.3491e-43
-3.3491e-43
-3.3491e-43
-3.3491e-43
-3.3491e-43
-3.3491e-43
-3.3491e-43
-3.3491e-43
-3.3491e-43
-3.3491e-43
-3.3491e-43
-3.3491e-43
-3.3491e-43
-3.3491e-43
-3.3491e-43
-3.3491e-43
-3.3491e-43
-3.3491e-43
-3.3491e-43
-3.3491e-43
-3.3491e-43
-3.3491e-43
-3.3491e-43
-3.3491e-43
-3.3491e-43
-3.3491e-43
-3.3491e-43
-3.3491e-43
-3.3491e-43
-3.3491e-43
-3.3491e-43
-3.3491e-43
-3.3491e-43
-3.3491e-43
-3.3491e-43
-3.3491e-43
-3.3491e-43
-3.3491e-43
-3.3491e-43
-3.3491e-43
-3.3491e-43
-3.3491e-43
-3.3491e-43
-3.3491e-43
-3.3491e-43
-3.3491e-43
-3.3491e-43
-3.3491e-43
-3.3491e-43
-3.3491e-43
-3.3491e-43
-3.3491e-43
-3.3491e-43
-3.3491e-43
-3.3491e-43
-3.3491e-43
-3.3491e-43
-3.3491e-43
-3.3491e-43
-3.3491e-43
-3.3491e-43
-3.3491e-43
-3.3491e-43
-3.3491e-43
-3.3491e-43
-3.3491e-43
-3.3491e-43
-3.3491e-43
-3.3491e-43
-3.3491e-43
-3.3491e-43
-3.3491e-43
-3.3491e-43
-3.3491e-43
-3.3491e-43
-3.3491e-43
-3.3491e-43
-3.3491e-43
-3.3491e-43
-3.3491e-43
-3.3491e-43
-3.3491e-43
-3.3491e-43
-3.3491e-43
-3.3491e-43
-3.3491e-43
-3.3491e-43
-3.3491e-43
-3.3491e-43
-3.3491e-43
-3.3491e-43
-3.3491e-43
-3.3491e-43
-3.3491e-43
-3.3491e-43
-3.3491e-43
-3.3491e-43
-3.3491e-43
-3.3491e-43
-3.3491e-43
-3.3491e-43
-3.3491e-43
-3.3491e-43
-3.3491e-43
-3.3491e-43
-3.3491e-43
-3.3491e-43
-3.3491e-43
-3.3491e-43
-3.3491e-43
-3.3491e-43
-3.3491e-43
-3.3491e-43
-3.3491e-43
-3.3491e-43
-3.3491e-43
-3.3491e-43
-3.3491e-43
-3.3491e-43
-3.3491e-43
-3.3491e-43
-3.3491e-43
-3.3491e-43
-3.3491e-43
-3.3491e-43
-3.3491e-43
-3.3491e-43
-3.3491e-43
-3.3491e-43
-3.3491e-43
-3.3491e-43
-3.3491e-43
-3.3491e-43
-3.3491e-43
-3.3491e-43
-3.3491e-43
-3.3491e-43
-3.3491e-43
-3.3491e-43
-3.3491e-43
-3.3491e-43
-3.3491e-43
-3.3491e-43
-3.3491e-43
-3.3491e-43
-3.3491e-43
-3.3491e-43
-3.3491e-43
-3.3491e-43
-3.3491e-43
-3.3491e-43
-3.3491e-43
-3.3491e-43
-3.3491e-43
-3.3491e-43
-3.3491e-43
-3.3491e-43
-3.3491e-43
-3.3491e-43
-3.3491e-43
-3.3491e-43
-3.3491e-43
-3.3491e-43
-3.3491e-43
-3.3491e-43
-3.3491e-43
-3.3491e-43
-3.3491e-43
-3.3491e-43
-3.3491e-43
-3.3491e-43
-3.3491e-43
-3.3491e-43
-3.3491e-43
-3.3491e-43
-3.3491e-43
-3.3491e-43
-3.3491e-43
-3.3491e-43
-3.3491e-43
-3.3491e-43
-3.3491e-43
-3.3491e-43
-3.3491e-43
-3.3491e-43
-3.3491e-43
-3.3491e-43
-3.3491e-43
-3.3491e-43
-3.3491e-43
-3.3491e-43
-3.3491e-43
-3.3491e-43
-3.3491e-43
-3.3491e-43
-3.3491e-43
-3.3491e-43
-3.3491e-43
-3.3491e-43
-3.3491e-43
-3.3491e-43
-3.3491e-43
-3.3491e-43
-3.3491e-43
-3.3491e-43
-3.3491e-43
-3.3491e-43
-3.3491e-43
-3.3491e-43
-3.3491e-43
-3.3491e-43
-3.3491e-43
-3.3491e-43
-3.3491e-43
-3.3491e-43
-3.3491e-43
-3.3491e-43
-3.3491e-43
-3.3491e-43
-3.3491e-43
-3.3491e-43
-3.3491e-43
-3.3491e-43
-3.3491e-43
-3.3491e-43
-3.3491e-43
-3.3491e-43
-3.3491e-43
-3.3491e-43
-3.3491e-43
-3.3491e-43
-3.3491e-43
-3.3491e-43
-3.3491e-43
-3.3491e-43
-3.3491e-43
-3.3491e-43
-3.3491e-43
-3.3491e-43
-3.3491e-43
-3.3491e-43
-3.3491e-43
-3.3491e-43
-3.3491e-43
-3.3491e-43
-3.3491e-43
-3.3491e-43
-3.3491e-43
-3.3491e-43
-3.3491e-43
-3.3491e-43
-3.3491e-43
-3.3491e-43
-3.3491e-43
-3.3491e-43
-3.3491e-43
-3.3491e-43
-3.3491e-43
-3.3491e-43
-3.3491e-43
-3.3491e-43
-3.3491e-43
-3.3491e-43
-3.3491e-43
-3.3491e-43
-3.3491e-43
-3.3491e-43
-3.3491e-43
-3.3491e-43
-3.3491e-43
-3.3491e-43
-3.3491e-43
-3.3491e-43
-3.3491e-43
-3.3491e-43
-3.3491e-43
-3.3491e-43
-3.3491e-43
-3.3491e-43
-3.3491e-43
-3.3491e-43
-3.3491e-43
-3.3491e-43
-3.3491e-43
-3.3491e-43
-3.3491e-43
-3.3491e-43
-3.3491e-43
-3.3491e-43
-3.3491e-43
-3.3491e-43
-3.3491e-43
-3.3491e-43
-3.3491e-43
-3.3491e-43
-3.3491e-43
-3.3491e-43
-3.3491e-43
-3.3491e-43
-3.3491e-43
-3.3491e-43
-3.3491e-43
-3.3491e-43
-3.3491e-43
-3.3491e-43
-3.3491e-43
-3.3491e-43
-3.3491e-43
-3.3491e-43
-3.3491e-43
-3.3491e-43
-3.3491e-43
-3.3491e-43
-3.3491e-43
-3.3491e-43
-3.3491e-43
-3.3491e-43
-3.3491e-43
-3.3491e-43
-3.3491e-43
-3.3491e-43
-3.3491e-43
-3.3491e-43
-3.3491e-43
-3.3491e-43
-3.3491e-43
-3.3491e-43
-3.3491e-43
-3.3491e-43
-3.3491e-43
-3.3491e-43
-3.3491e-43
-3.3491e-43
-3.3491e-43
-3.3491e-43
-3.3491e-43
-3.3491e-43
-3.3491e-43
-3.3491e-43
-3.3491e-43
-3.3491e-43
-3.3491e-43
-3.3491e-43
-3.3491e-43
-3.3491e-43
-3.3491e-43
-3.3491e-43
-3.3491e-43
-3.3491e-43
-3.3491e-43
-3.3491e-43
-3.3491e-43
-3.3491e-43
-3.3491e-43
-3.3491e-43
-3.3491e-43
-3.3491e-43
-3.3491e-43
-3.3491e-43
-3.3491e-43
-3.3491e-43
-3.3491e-43
-3.3491e-43
-3.3491e-43
-3.3491e-43
-3.3491e-43
-3.3491e-43
-3.3491e-43
-3.3491e-43
-3.3491e-43
-3.3491e-43
-3.3491e-43
-3.3491e-43
-3.3491e-43
-3.3491e-43
-3.3491e-43
-3.3491e-43
-3.3491e-43
-3.3491e-43
-3.3491e-43
-3.3491e-43
-3.3491e-43
-3.3491e-43
-3.3491e-43
-3.3491e-43
-3.3491e-43
-3.3491e-43
-3.3491e-43
-3.3491e-43
-3.3491e-43
-3.3491e-43
-3.3491e-43
-3.3491e-43
-3.3491e-43
-3.3491e-43
-3.3491e-43
-3.3491e-43
-3.3491e-43
-3.3491e-43
-3.3491e-43
-3.3491e-43
-3.3491e-43
-3.3491e-43
-3.3491e-43
-3.3491e-43
-3.3491e-43
-3.3491e-43
-3.3491e-43
-3.3491e-43
-3.3491e-43
-3.3491e-43
-3.3491e-43
-3.3491e-43
-3.3491e-43
-3.3491e-43
-3.3491e-43
-3.3491e-43
-3.3491e-43
-3.3491e-43
-3.3491e-43
-3.3491e-43
-3.3491e-43
-3.3491e-43
-3.3491e-43
-3.3491e-43
-3.3491e-43
-3.3491e-43
-3.3491e-43
-3.3491e-43
-3.3491e-43
-3.3491e-43
-3.3491e-43
-3.3491e-43
-3.3491e-43
-3.3491e-43
-3.3491e-43
-3.3491e-43
-3.3491e-43
-3.3491e-43
-3.3491e-43
-3.3491e-43
-3.3491e-43
-3.3491e-43
-3.3491e-43
-3.3491e-43
-3.3491e-43
-3.3491e-43
-3.3491e-43
-3.3491e-43
-3.3491e-43
-3.3491e-43
-3.3491e-43
-3.3491e-43
-3.3491e-43
-3.3491e-43
-3.3491e-43
-3.3491e-43
-3.3491e-43
-3.3491e-43
-3.3491e-43
-3.3491e-43
-3.3491e-43
-3.3491e-43
-3.3491e-43
-3.3491e-43
-3.3491e-43
-3.3491e-43
-3.3491e-43
-3.3491e-43
-3.3491e-43
-3.3491e-43
-3.3491e-43
-3.3491e-43
-3.3491e-43
-3.3491e-43
-3.3491e-43
-3.3491e-43
-3.3491e-43
-3.3491e-43
-3.3491e-43
-3.3491e-43
-3.3491e-43
-3.3491e-43
-3.3491e-43
-3.3491e-43
-3.3491e-43
-3.3491e-43
-3.3491e-43
-3.3491e-43
-3.3491e-43
-3.3491e-43
-3.3491e-43
-3.3491e-43
-3.3491e-43
-3.3491e-43
-3.3491e-43
-3.3491e-43
-3.3491e-43
-3.3491e-43
-3.3491e-43
-3.3491e-43
-3.3491e-43
-3.3491e-43
-3.3491e-43
-3.3491e-43
-3.3491e-43
-3.3491e-43
-3.3491e-43
-3.3491e-43
-3.3491e-43
-3.3491e-43
-3.3491e-43
-3.3491e-43
-3.3491e-43
-3.3491e-43
-3.3491e-43
-3.3491e-43
-3.3491e-43
-3.3491e-43
-3.3491e-43
-3.3491e-43
-3.3491e-43
-3.3491e-43
-3.3491e-43
-3.3491e-43
-3.3491e-43
-3.3491e-43
-3.3491e-43
-3.3491e-43
-3.3491e-43
-3.3491e-43
-3.3491e-43
-3.3491e-43
-3.3491e-43
-3.3491e-43
-3.3491e-43
-3.3491e-43
-3.3491e-43
-3.3491e-43
-3.3491e-43
-3.3491e-43
-3.3491e-43
-3.3491e-43
-3.3491e-43
-3.3491e-43
-3.3491e-43
-3.3491e-43
-3.3491e-43
-3.3491e-43
-3.3491e-43
-3.3491e-43
-3.3491e-43
-3.3491e-43
-3.3491e-43
-3.3491e-43
-3.3491e-43
-3.3491e-43
-3.3491e-43
-3.3491e-43
-3.3491e-43
-3.3491e-43
-3.3491e-43
-3.3491e-43
-3.3491e-43
-3.3491e-43
-3.3491e-43
-3.3491e-43
-3.3491e-43
-3.3491e-43
-3.3491e-43
-3.3491e-43
-3.3491e-43
-3.3491e-43
-3.3491e-43
-3.3491e-43
-3.3491e-43
-3.3491e-43
-3.3491e-43
-3.3491e-43
-3.3491e-43
-3.3491e-43
-3.3491e-43
-3.3491e-43
-3.3491e-43
-3.3491e-43
-3.3491e-43
-3.3491e-43
-3.3491e-43
-3.3491e-43
-3.3491e-43
-3.3491e-43
-3.3491e-43
-3.3491e-43
-3.3491e-43
-3.3491e-43
-3.3491e-43
-3.3491e-43
-3.3491e-43
-3.3491e-43
-3.3491e-43
-3.3491e-43
-3.3491e-43
-3.3491e-43
-3.3491e-43
-3.3491e-43
-3.3491e-43
-3.3491e-43
-3.3491e-43
-3.3491e-43
-3.3491e-43
-3.3491e-43
-3.3491e-43
-3.3491e-43
-3.3491e-43
-3.3491e-43
-3.3491e-43
-3.3491e-43
-3.3491e-43
-3.3491e-43
-3.3491e-43
-3.3491e-43
-3.3491e-43
-3.3491e-43
-3.3491e-43
-3.3491e-43
-3.3491e-43
-3.3491e-43
-3.3491e-43
-3.3491e-43
-3.3491e-43
-3.3491e-43
-3.3491e-43
-3.3491e-43
-3.3491e-43
-3.3491e-43
-3.3491e-43
-3.3491e-43
-3.3491e-43
-3.3491e-43
-3.3491e-43
-3.3491e-43
-3.3491e-43
-3.3491e-43
-3.3491e-43
-3.3491e-43
-3.3491e-43
-3.3491e-43
-3.3491e-43
-3.3491e-43
-3.3491e-43
-3.3491e-43
-3.3491e-43
-3.3491e-43
-3.3491e-43
-3.3491e-43
-3.3491e-43
-3.3491e-43
-3.3491e-43
-3.3491e-43
-3.3491e-43
-3.3491e-43
-3.3491e-43
-3.3491e-43
-3.3491e-43
-3.3491e-43
-3.3491e-43
-3.3491e-43
-3.3491e-43
-3.3491e-43
-3.3491e-43
-3.3491e-43
-3.3491e-43
-3.3491e-43
-3.3491e-43
-3.3491e-43
-3.3491e-43
-3.3491e-43
-3.3491e-43
-3.3491e-43
-3.3491e-43
-3.3491e-43
-3.3491e-43
-3.3491e-43
-3.3491e-43
-3.3491e-43
-3.3491e-43
-3.3491e-43
-3.3491e-43
-3.3491e-43
-3.3491e-43
-3.3491e-43
-3.3491e-43
-3.3491e-43
-3.3491e-43
-3.3491e-43
-3.3491e-43
-3.3491e-43
-3.3491e-43
-3.3491e-43
-3.3491e-43
-3.3491e-43
-3.3491e-43
-3.3491e-43
-3.3491e-43
-3.3491e-43
-3.3491e-43
-3.3491e-43
-3.3491e-43
-3.3491e-43
-3.3491e-43
-3.3491e-43
-3.3491e-43
-3.3491e-43
-3.3491e-43
-3.3491e-43
-3.3491e-43
-3.3491e-43
-3.3491e-43
-3.3491e-43
-3.3491e-43
-3.3491e-43
-3.3491e-43
-3.3491e-43
-3.3491e-43
-3.3491e-43
-3.3491e-43
-3.3491e-43
-3.3491e-43
-3.3491e-43
-3.3491e-43
-3.3491e-43
-3.3491e-43
-3.3491e-43
-3.3491e-43
-3.3491e-43
-3.3491e-43
-3.3491e-43
-3.3491e-43
-3.3491e-43
-3.3491e-43
-3.3491e-43
-3.3491e-43
-3.3491e-43
-3.3491e-43
-3.3491e-43
-3.3491e-43
-3.3491e-43
-3.3491e-43
-3.3491e-43
-3.3491e-43
-3.3491e-43
-3.3491e-43
-3.3491e-43
-3.3491e-43
-3.3491e-43
-3.3491e-43
-3.3491e-43
-3.3491e-43
-3.3491e-43
-3.3491e-43
-3.3491e-43
-3.3491e-43
-3.3491e-43
-3.3491e-43
-3.3491e-43
-3.3491e-43
-3.3491e-43
-3.3491e-43
-3.3491e-43
-3.3491e-43
-3.3491e-43
-3.3491e-43
-3.3491e-43
-3.3491e-43
-3.3491e-43
-3.3491e-43
-3.3491e-43
-3.3491e-43
-3.3491e-43
-3.3491e-43
-3.3491e-43
-3.3491e-43
-3.3491e-43
-3.3491e-43
-3.3491e-43
-3.3491e-43
-3.3491e-43
-3.3491e-43
-3.3491e-43
-3.3491e-43
-3.3491e-43
-3.3491e-43
-3.3491e-43
-3.3491e-43
-3.3491e-43
-3.3491e-43
-3.3491e-43
-3.3491e-43
-3.3491e-43
-3.3491e-43
-3.3491e-43
-3.3491e-43
-3.3491e-43
-3.3491e-43
-3.3491e-43
-3.3491e-43
-3.3491e-43
-3.3491e-43
-3.3491e-43
-3.3491e-43
-3.3491e-43
-3.3491e-43
-3.3491e-43
-3.3491e-43
-3.3491e-43
-3.3491e-43
-3.3491e-43
-3.3491e-43
-3.3491e-43
-3.3491e-43
-3.3491e-43
-3.3491e-43
-3.3491e-43
-3.3491e-43
-3.3491e-43
-3.3491e-43
-3.3491e-43
-3.3491e-43
-3.3491e-43
-3.3491e-43
-3.3491e-43
-3.3491e-43
-3.3491e-43
-3.3491e-43
-3.3491e-43
-3.3491e-43
-3.3491e-43
-3.3491e-43
-3.3491e-43
-3.3491e-43
-3.3491e-43
-3.3491e-43
-3.3491e-43
-3.3491e-43
-3.3491e-43
-3.3491e-43
-3.3491e-43
-3.3491e-43
-3.3491e-43
-3.3491e-43
-3.3491e-43
-3.3491e-43
-3.3491e-43
-3.3491e-43
-3.3491e-43
-3.3491e-43
-3.3491e-43
-3.3491e-43
-3.3491e-43
-3.3491e-43
-3.3491e-43
-3.3491e-43
-3.3491e-43
-3.3491e-43
-3.3491e-43
-3.3491e-43
-3.3491e-43
-3.3491e-43
-3.3491e-43
-3.3491e-43
-3.3491e-43
-3.3491e-43
-3.3491e-43
-3.3491e-43
-3.3491e-43
-3.3491e-43
-3.3491e-43
-3.3491e-43
-3.3491e-43
-3.3491e-43
-3.3491e-43
-3.3491e-43
-3.3491e-43
-3.3491e-43
-3.3491e-43
-3.3491e-43
-3.3491e-43
-3.3491e-43
-3.3491e-43
-3.3491e-43
-3.3491e-43
-3.3491e-43
-3.3491e-43
-3.3491e-43
-3.3491e-43
-3.3491e-43
-3.3491e-43
-3.3491e-43
-3.3491e-43
-3.3491e-43
-3.3491e-43
-3.3491e-43
-3.3491e-43
-3.3491e-43
-3.3491e-43
-3.3491e-43
-3.3491e-43
-3.3491e-43
-3.3491e-43
-3.3491e-43
-3.3491e-43
-3.3491e-43
-3.3491e-43
-3.3491e-43
-3.3491e-43
-3.3491e-43
-3.3491e-43
-3.3491e-43
-3.3491e-43
-3.3491e-43
-3.3491e-43
-3.3491e-43
-3.3491e-43
-3.3491e-43
-3.3491e-43
-3.3491e-43
-3.3491e-43
-3.3491e-43
-3.3491e-43
-3.3491e-43
-3.3491e-43
-3.3491e-43
-3.3491e-43
-3.3491e-43
-3.3491e-43
-3.3491e-43
-3.3491e-43
-3.3491e-43
-3.3491e-43
-3.3491e-43
-3.3491e-43
-3.3491e-43
-3.3491e-43
-3.3491e-43
-3.3491e-43
-3.3491e-43
-3.3491e-43
-3.3491e-43
-3.3491e-43
-3.3491e-43
-3.3491e-43
-3.3491e-43
-3.3491e-43
-3.3491e-43
-3.3491e-43
-3.3491e-43
-3.3491e-43
-3.3491e-43
-3.3491e-43
-3.3491e-43
-3.3491e-43
-3.3491e-43
-3.3491e-43
-3.3491e-43
-3.3491e-43
-3.3491e-43
-3.3491e-43
-3.3491e-43
-3.3491e-43
-3.3491e-43
-3.3491e-43
-3.3491e-43
-3.3491e-43
-3.3491e-43
-3.3491e-43
-3.3491e-43
-3.3491e-43
-3.3491e-43
-3.3491e-43
-3.3491e-43
-3.3491e-43
-3.3491e-43
-3.3491e-43
-3.3491e-43
-3.3491e-43
-3.3491e-43
-3.3491e-43
-3.3491e-43
-3.3491e-43
-3.3491e-43
-3.3491e-43
-3.3491e-43
-3.3491e-43
-3.3491e-43
-3.3491e-43
-3.3491e-43
-3.3491e-43
-3.3491e-43
-3.3491e-43
-3.3491e-43
-3.3491e-43
-3.3491e-43
-3.3491e-43
-3.3491e-43
-3.3491e-43
-3.3491e-43
-3.3491e-43
-3.3491e-43
-3.3491e-43
-3.3491e-43
-3.3491e-43
-3.3491e-43
-3.3491e-43
-3.3491e-43
-3.3491e-43
-3.3491e-43
-3.3491e-43
-3.3491e-43
-3.3491e-43
-3.3491e-43
-3.3491e-43
-3.3491e-43
-3.3491e-43
-3.3491e-43
-3.3491e-43
-3.3491e-43
-3.3491e-43
-3.3491e-43
-3.3491e-43
-3.3491e-43
-3.3491e-43
-3.3491e-43
-3.3491e-43
-3.3491e-43
-3.3491e-43
-3.3491e-43
-3.3491e-43
-3.3491e-43
-3.3491e-43
-3.3491e-43
-3.3491e-43
-3.3491e-43
-3.3491e-43
-3.3491e-43
-3.3491e-43
-3.3491e-43
-3.3491e-43
-3.3491e-43
-3.3491e-43
-3.3491e-43
-3.3491e-43
-3.3491e-43
-3.3491e-43
-3.3491e-43
-3.3491e-43
-3.3491e-43
-3.3491e-43
-3.3491e-43
-3.3491e-43
-3.3491e-43
-3.3491e-43
-3.3491e-43
-3.3491e-43
-3.3491e-43
-3.3491e-43
-3.3491e-43
-3.3491e-43
-3.3491e-43
-3.3491e-43
-3.3491e-43
-3.3491e-43
-3.3491e-43
-3.3491e-43
-3.3491e-43
-3.3491e-43
-3.3491e-43
-3.3491e-43
-3.3491e-43
-3.3491e-43
-3.3491e-43
-3.3491e-43
-3.3491e-43
-3.3491e-43
-3.3491e-43
-3.3491e-43
-3.3491e-43
-3.3491e-43
-3.3491e-43
-3.3491e-43
-3.3491e-43
-3.3491e-43
-3.3491e-43
-3.3491e-43
-3.3491e-43
-3.3491e-43
-3.3491e-43
-3.3491e-43
-3.3491e-43
-3.3491e-43
-3.3491e-43
-3.3491e-43
-3.3491e-43
-3.3491e-43
-3.3491e-43
-3.3491e-43
-3.3491e-43
-3.3491e-43
-3.3491e-43
-3.3491e-43
-3.3491e-43
-3.3491e-43
-3.3491e-43
-3.3491e-43
-3.3491e-43
-3.3491e-43
-3.3491e-43
-3.3491e-43
-3.3491e-43
-3.3491e-43
-3.3491e-43
-3.3491e-43
-3.3491e-43
-3.3491e-43
-3.3491e-43
-3.3491e-43
-3.3491e-43
-3.3491e-43
-3.3491e-43
-3.3491e-43
-3.3491e-43
-3.3491e-43
-3.3491e-43
-3.3491e-43
-3.3491e-43
-3.3491e-43
-3.3491e-43
-3.3491e-43
-3.3491e-43
-3.3491e-43
-3.3491e-43
-3.3491e-43
-3.3491e-43
-3.3491e-43
-3.3491e-43
-3.3491e-43
-3.3491e-43
-3.3491e-43
-3.3491e-43
-3.3491e-43
-3.3491e-43
-3.3491e-43
-3.3491e-43
-3.3491e-43
-3.3491e-43
-3.3491e-43
-3.3491e-43
-3.3491e-43
-3.3491e-43
-3.3491e-43
-3.3491e-43
-3.3491e-43
-3.3491e-43
-3.3491e-43
-3.3491e-43
-3.3491e-43
-3.3491e-43
-3.3491e-43
-3.3491e-43
-3.3491e-43
-3.3491e-43
-3.3491e-43
-3.3491e-43
-3.3491e-43
-3.3491e-43
-3.3491e-43
-3.3491e-43
-3.3491e-43
-3.3491e-43
-3.3491e-43
-3.3491e-43
-3.3491e-43
-3.3491e-43
-3.3491e-43
-3.3491e-43
-3.3491e-43
-3.3491e-43
-3.3491e-43
-3.3491e-43
-3.3491e-43
-3.3491e-43
-3.3491e-43
-3.3491e-43
-3.3491e-43
-3.3491e-43
-3.3491e-43
-3.3491e-43
-3.3491e-43
-3.3491e-43
-3.3491e-43
-3.3491e-43
-3.3491e-43
-3.3491e-43
-3.3491e-43
-3.3491e-43
-3.3491e-43
-3.3491e-43
-3.3491e-43
-3.3491e-43
-3.3491e-43
-3.3491e-43
-3.3491e-43
-3.3491e-43
-3.3491e-43
-3.3491e-43
-3.3491e-43
-3.3491e-43
-3.3491e-43
-3.3491e-43
-3.3491e-43
-3.3491e-43
-3.3491e-43
-3.3491e-43
-3.3491e-43
-3.3491e-43
-3.3491e-43
-3.3491e-43
-3.3491e-43
-3.3491e-43
-3.3491e-43
-3.3491e-43
-3.3491e-43
-3.3491e-43
-3.3491e-43
-3.3491e-43
-3.3491e-43
-3.3491e-43
-3.3491e-43
-3.3491e-43
-3.3491e-43
-3.3491e-43
-3.3491e-43
-3.3491e-43
-3.3491e-43
-3.3491e-43
-3.3491e-43
-3.3491e-43
-3.3491e-43
-3.3491e-43
-3.3491e-43
-3.3491e-43
-3.3491e-43
-3.3491e-43
-3.3491e-43
-3.3491e-43
-3.3491e-43
-3.3491e-43
-3.3491e-43
-3.3491e-43
-3.3491e-43
-3.3491e-43
-3.3491e-43
-3.3491e-43
-3.3491e-43
-3.3491e-43
-3.3491e-43
-3.3491e-43
-3.3491e-43
-3.3491e-43
-3.3491e-43
-3.3491e-43
-3.3491e-43
-3.3491e-43
-3.3491e-43
-3.3491e-43
-3.3491e-43
-3.3491e-43
-3.3491e-43
-3.3491e-43
-3.3491e-43
-3.3491e-43
-3.3491e-43
-3.3491e-43
-3.3491e-43
-3.3491e-43
-3.3491e-43
-3.3491e-43
-3.3491e-43
-3.3491e-43
-3.3491e-43
-3.3491e-43
-3.3491e-43
-3.3491e-43
-3.3491e-43
-3.3491e-43
-3.3491e-43
-3.3491e-43
-3.3491e-43
-3.3491e-43
-3.3491e-43
-3.3491e-43
-3.3491e-43
-3.3491e-43
-3.3491e-43
-3.3491e-43
-3.3491e-43
-3.3491e-43
-3.3491e-43
-3.3491e-43
-3.3491e-43
-3.3491e-43
-3.3491e-43
-3.3491e-43
-3.3491e-43
-3.3491e-43
-3.3491e-43
-3.3491e-43
-3.3491e-43
-3.3491e-43
-3.3491e-43
-3.3491e-43
-3.3491e-43
-3.3491e-43
-3.3491e-43
-3.3491e-43
-3.3491e-43
-3.3491e-43
-3.3491e-43
-3.3491e-43
-3.3491e-43
-3.3491e-43
-3.3491e-43
-3.3491e-43
-3.3491e-43
-3.3491e-43
-3.3491e-43
-3.3491e-43
-3.3491e-43
-3.3491e-43
-3.3491e-43
-3.3491e-43
-3.3491e-43
-3.3491e-43
-3.3491e-43
-3.3491e-43
-3.3491e-43
-3.3491e-43
-3.3491e-43
-3.3491e-43
-3.3491e-43
-3.3491e-43
-3.3491e-43
-3.3491e-43
-3.3491e-43
-3.3491e-43
-3.3491e-43
-3.3491e-43
-3.3491e-43
-3.3491e-43
-3.3491e-43
-3.3491e-43
-3.3491e-43
-3.3491e-43
-3.3491e-43
-3.3491e-43
-3.3491e-43
-3.3491e-43
-3.3491e-43
-3.3491e-43
-3.3491e-43
-3.3491e-43
-3.3491e-43
-3.3491e-43
-3.3491e-43
-3.3491e-43
-3.3491e-43
-3.3491e-43
-3.3491e-43
-3.3491e-43
-3.3491e-43
-3.3491e-43
-3.3491e-43
-3.3491e-43
-3.3491e-43
-3.3491e-43
-3.3491e-43
-3.3491e-43
-3.3491e-43
-3.3491e-43
-3.3491e-43
-3.3491e-43
-3.3491e-43
-3.3491e-43
-3.3491e-43
-3.3491e-43
-3.3491e-43
-3.3491e-43
-3.3491e-43
-3.3491e-43
-3.3491e-43
-3.3491e-43
-3.3491e-43
-3.3491e-43
-3.3491e-43
-3.3491e-43
-3.3491e-43
-3.3491e-43
-3.3491e-43
-3.3491e-43
-3.3491e-43
-3.3491e-43
-3.3491e-43
-3.3491e-43
-3.3491e-43
-3.3491e-43
-3.3491e-43
-3.3491e-43
-3.3491e-43
-3.3491e-43
-3.3491e-43
-3.3491e-43
-3.3491e-43
-3.3491e-43
-3.3491e-43
-3.3491e-43
-3.3491e-43
-3.3491e-43
-3.3491e-43
-3.3491e-43
-3.3491e-43
-3.3491e-43
-3.3491e-43
-3.3491e-43
-3.3491e-43
-3.3491e-43
-3.3491e-43
-3.3491e-43
-3.3491e-43
-3.3491e-43
-3.3491e-43
-3.3491e-43
-3.3491e-43
-3.3491e-43
-3.3491e-43
-3.3491e-43
-3.3491e-43
-3.3491e-43
-3.3491e-43
-3.3491e-43
-3.3491e-43
-3.3491e-43
-3.3491e-43
-3.3491e-43
-3.3491e-43
-3.3491e-43
-3.3491e-43
-3.3491e-43
-3.3491e-43
-3.3491e-43
-3.3491e-43
-3.3491e-43
-3.3491e-43
-3.3491e-43
-3.3491e-43
-3.3491e-43
-3.3491e-43
-3.3491e-43
-3.3491e-43
-3.3491e-43
-3.3491e-43
-3.3491e-43
-3.3491e-43
-3.3491e-43
-3.3491e-43
-3.3491e-43
-3.3491e-43
-3.3491e-43
-3.3491e-43
-3.3491e-43
-3.3491e-43
-3.3491e-43
-3.3491e-43
-3.3491e-43
-3.3491e-43
-3.3491e-43
-3.3491e-43
-3.3491e-43
-3.3491e-43
-3.3491e-43
-3.3491e-43
-3.3491e-43
-3.3491e-43
-3.3491e-43
-3.3491e-43
-3.3491e-43
-3.3491e-43
-3.3491e-43
-3.3491e-43
-3.3491e-43
-3.3491e-43
-3.3491e-43
-3.3491e-43
-3.3491e-43
-3.3491e-43
-3.3491e-43
-3.3491e-43
-3.3491e-43
-3.3491e-43
-3.3491e-43
-3.3491e-43
-3.3491e-43
-3.3491e-43
-3.3491e-43
-3.3491e-43
-3.3491e-43
-3.3491e-43
-3.3491e-43
-3.3491e-43
-3.3491e-43
-3.3491e-43
-3.3491e-43
-3.3491e-43
-3.3491e-43
-3.3491e-43
-3.3491e-43
-3.3491e-43
-3.3491e-43
-3.3491e-43
-3.3491e-43
-3.3491e-43
-3.3491e-43
-3.3491e-43
-3.3491e-43
-3.3491e-43
-3.3491e-43
-3.3491e-43
-3.3491e-43
-3.3491e-43
-3.3491e-43
-3.3491e-43
-3.3491e-43
-3.3491e-43
-3.3491e-43
-3.3491e-43
-3.3491e-43
-3.3491e-43
-3.3491e-43
-3.3491e-43
-3.3491e-43
-3.3491e-43
-3.3491e-43
-3.3491e-43
-3.3491e-43
-3.3491e-43
-3.3491e-43
-3.3491e-43
-3.3491e-43
-3.3491e-43
-3.3491e-43
-3.3491e-43
-3.3491e-43
-3.3491e-43
-3.3491e-43
-3.3491e-43
-3.3491e-43
-3.3491e-43
-3.3491e-43
-3.3491e-43
-3.3491e-43
-3.3491e-43
-3.3491e-43
-3.3491e-43
-3.3491e-43
-3.3491e-43
-3.3491e-43
-3.3491e-43
-3.3491e-43
-3.3491e-43
-3.3491e-43
-3.3491e-43
-3.3491e-43
-3.3491e-43
-3.3491e-43
-3.3491e-43
-3.3491e-43
-3.3491e-43
-3.3491e-43
-3.3491e-43
-3.3491e-43
-3.3491e-43
-3.3491e-43
-3.3491e-43
-3.3491e-43
-3.3491e-43
-3.3491e-43
-3.3491e-43
-3.3491e-43
-3.3491e-43
-3.3491e-43
-3.3491e-43
-3.3491e-43
-3.3491e-43
-3.3491e-43
-3.3491e-43
-3.3491e-43
-3.3491e-43
-3.3491e-43
-3.3491e-43
-3.3491e-43
-3.3491e-43
-3.3491e-43
-3.3491e-43
-3.3491e-43
-3.3491e-43
-3.3491e-43
-3.3491e-43
-3.3491e-43
-3.3491e-43
-3.3491e-43
-3.3491e-43
-3.3491e-43
-3.3491e-43
-3.3491e-43
-3.3491e-43
-3.3491e-43
-3.3491e-43
-3.3491e-43
-3.3491e-43
-3.3491e-43
-3.3491e-43
-3.3491e-43
-3.3491e-43
-3.3491e-43
-3.3491e-43
-3.3491e-43
-3.3491e-43
-3.3491e-43
-3.3491e-43
-3.3491e-43
-3.3491e-43
-3.3491e-43
-3.3491e-43
-3.3491e-43
-3.3491e-43
-3.3491e-43
-3.3491e-43
-3.3491e-43
-3.3491e-43
-3.3491e-43
-3.3491e-43
-3.3491e-43
-3.3491e-43
-3.3491e-43
-3.3491e-43
-3.3491e-43
-3.3491e-43
-3.3491e-43
-3.3491e-43
-3.3491e-43
-3.3491e-43
-3.3491e-43
-3.3491e-43
-3.3491e-43
-3.3491e-43
-3.3491e-43
-3.3491e-43
-3.3491e-43
-3.3491e-43
-3.3491e-43
-3.3491e-43
-3.3491e-43
-3.3491e-43
-3.3491e-43
-3.3491e-43
-3.3491e-43
-3.3491e-43
-3.3491e-43
-3.3491e-43
-3.3491e-43
-3.3491e-43
-3.3491e-43
-3.3491e-43
-3.3491e-43
-3.3491e-43
-3.3491e-43
-3.3491e-43
-3.3491e-43
-3.3491e-43
-3.3491e-43
-3.3491e-43
-3.3491e-43
-3.3491e-43
-3.3491e-43
-3.3491e-43
-3.3491e-43
-3.3491e-43
-3.3491e-43
-3.3491e-43
-3.3491e-43
-3.3491e-43
-3.3491e-43
-3.3491e-43
-3.3491e-43
-3.3491e-43
-3.3491e-43
-3.3491e-43
-3.3491e-43
-3.3491e-43
-3.3491e-43
-3.3491e-43
-3.3491e-43
-3.3491e-43
-3.3491e-43
-3.3491e-43
-3.3491e-43
-3.3491e-43
-3.3491e-43
-3.3491e-43
-3.3491e-43
-3.3491e-43
-3.3491e-43
-3.3491e-43
-3.3491e-43
-3.3491e-43
-3.3491e-43
-3.3491e-43
-3.3491e-43
-3.3491e-43
-3.3491e-43
-3.3491e-43
-3.3491e-43
-3.3491e-43
-3.3491e-43
-3.3491e-43
-3.3491e-43
-3.3491e-43
-3.3491e-43
-3.3491e-43
-3.3491e-43
-3.3491e-43
-3.3491e-43
-3.3491e-43
-3.3491e-43
-3.3491e-43
-3.3491e-43
-3.3491e-43
-3.3491e-43
-3.3491e-43
-3.3491e-43
-3.3491e-43
-3.3491e-43
-3.3491e-43
-3.3491e-43
-3.3491e-43
-3.3491e-43
-3.3491e-43
-3.3491e-43
-3.3491e-43
-3.3491e-43
-3.3491e-43
-3.3491e-43
-3.3491e-43
-3.3491e-43
-3.3491e-43
-3.3491e-43
-3.3491e-43
-3.3491e-43
-3.3491e-43
-3.3491e-43
-3.3491e-43
-3.3491e-43
-3.3491e-43
-3.3491e-43
-3.3491e-43
-3.3491e-43
-3.3491e-43
-3.3491e-43
-3.3491e-43
-3.3491e-43
-3.3491e-43
-3.3491e-43
-3.3491e-43
-3.3491e-43
-3.3491e-43
-3.3491e-43
-3.3491e-43
-3.3491e-43
-3.3491e-43
-3.3491e-43
-3.3491e-43
-3.3491e-43
-3.3491e-43
-3.3491e-43
-3.3491e-43
-3.3491e-43
-3.3491e-43
-3.3491e-43
-3.3491e-43
-3.3491e-43
-3.3491e-43
-3.3491e-43
-3.3491e-43
-3.3491e-43
-3.3491e-43
-3.3491e-43
-3.3491e-43
-3.3491e-43
-3.3491e-43
-3.3491e-43
-3.3491e-43
-3.3491e-43
-3.3491e-43
-3.3491e-43
-3.3491e-43
-3.3491e-43
-3.3491e-43
-3.3491e-43
-3.3491e-43
-3.3491e-43
-3.3491e-43
-3.3491e-43
-3.3491e-43
-3.3491e-43
-3.3491e-43
-3.3491e-43
-3.3491e-43
-3.3491e-43
-3.3491e-43
-3.3491e-43
-3.3491e-43
-3.3491e-43
-3.3491e-43
-3.3491e-43
-3.3491e-43
-3.3491e-43
-3.3491e-43
-3.3491e-43
-3.3491e-43
-3.3491e-43
-3.3491e-43
-3.3491e-43
-3.3491e-43
-3.3491e-43
-3.3491e-43
-3.3491e-43
-3.3491e-43
-3.3491e-43
-3.3491e-43
-3.3491e-43
-3.3491e-43
-3.3491e-43
-3.3491e-43
-3.3491e-43
-3.3491e-43
-3.3491e-43
-3.3491e-43
-3.3491e-43
-3.3491e-43
-3.3491e-43
-3.3491e-43
-3.3491e-43
-3.3491e-43
-3.3491e-43
-3.3491e-43
-3.3491e-43
-3.3491e-43
-3.3491e-43
-3.3491e-43
-3.3491e-43
-3.3491e-43
-3.3491e-43
-3.3491e-43
-3.3491e-43
-3.3491e-43
-3.3491e-43
-3.3491e-43
-3.3491e-43
-3.3491e-43
-3.3491e-43
-3.3491e-43
-3.3491e-43
-3.3491e-43
-3.3491e-43
-3.3491e-43
-3.3491e-43
-3.3491e-43
-3.3491e-43
-3.3491e-43
-3.3491e-43
-3.3491e-43
-3.3491e-43
-3.3491e-43
-3.3491e-43
-3.3491e-43
-3.3491e-43
-3.3491e-43
-3.3491e-43
-3.3491e-43
-3.3491e-43
-3.3491e-43
-3.3491e-43
-3.3491e-43
-3.3491e-43
-3.3491e-43
-3.3491e-43
-3.3491e-43
-3.3491e-43
-3.3491e-43
-3.3491e-43
-3.3491e-43
-3.3491e-43
-3.3491e-43
-3.3491e-43
-3.3491e-43
-3.3491e-43
-3.3491e-43
-3.3491e-43
-3.3491e-43
-3.3491e-43
-3.3491e-43
-3.3491e-43
-3.3491e-43
-3.3491e-43
-3.3491e-43
-3.3491e-43
-3.3491e-43
-3.3491e-43
-3.3491e-43
-3.3491e-43
-3.3491e-43
-3.3491e-43
-3.3491e-43
-3.3491e-43
-3.3491e-43
-3.3491e-43
-3.3491e-43
-3.3491e-43
-3.3491e-43
-3.3491e-43
-3.3491e-43
-3.3491e-43
-3.3491e-43
-3.3491e-43
-3.3491e-43
-3.3491e-43
-3.3491e-43
-3.3491e-43
-3.3491e-43
-3.3491e-43
-3.3491e-43
-3.3491e-43
-3.3491e-43
-3.3491e-43
-3.3491e-43
-3.3491e-43
-3.3491e-43
-3.3491e-43
-3.3491e-43
-3.3491e-43
-3.3491e-43
-3.3491e-43
-3.3491e-43
-3.3491e-43
-3.3491e-43
-3.3491e-43
-3.3491e-43
-3.3491e-43
-3.3491e-43
-3.3491e-43
-3.3491e-43
-3.3491e-43
-3.3491e-43
-3.3491e-43
-3.3491e-43
-3.3491e-43
-3.3491e-43
-3.3491e-43
-3.3491e-43
-3.3491e-43
-3.3491e-43
-3.3491e-43
-3.3491e-43
-3.3491e-43
-3.3491e-43
-3.3491e-43
-3.3491e-43
-3.3491e-43
-3.3491e-43
-3.3491e-43
-3.3491e-43
-3.3491e-43
-3.3491e-43
-3.3491e-43
-3.3491e-43
-3.3491e-43
-3.3491e-43
-3.3491e-43
-3.3491e-43
-3.3491e-43
-3.3491e-43
-3.3491e-43
-3.3491e-43
-3.3491e-43
-3.3491e-43
-3.3491e-43
-3.3491e-43
-3.3491e-43
-3.3491e-43
-3.3491e-43
-3.3491e-43
-3.3491e-43
-3.3491e-43
-3.3491e-43
-3.3491e-43
-3.3491e-43
-3.3491e-43
-3.3491e-43
-3.3491e-43
-3.3491e-43
-3.3491e-43
-3.3491e-43
-3.3491e-43
-3.3491e-43
-3.3491e-43
-3.3491e-43
-3.3491e-43
-3.3491e-43
-3.3491e-43
-3.3491e-43
-3.3491e-43
-3.3491e-43
-3.3491e-43
-3.3491e-43
-3.3491e-43
-3.3491e-43
-3.3491e-43
-3.3491e-43
-3.3491e-43
-3.3491e-43
-3.3491e-43
-3.3491e-43
-3.3491e-43
-3.3491e-43
-3.3491e-43
-3.3491e-43
-3.3491e-43
-3.3491e-43
-3.3491e-43
-3.3491e-43
-3.3491e-43
-3.3491e-43
-3.3491e-43
-3.3491e-43
-3.3491e-43
-3.3491e-43
-3.3491e-43
-3.3491e-43
-3.3491e-43
-3.3491e-43
-3.3491e-43
-3.3491e-43
-3.3491e-43
-3.3491e-43
-3.3491e-43
-3.3491e-43
-3.3491e-43
-3.3491e-43
-3.3491e-43
-3.3491e-43
-3.3491e-43
-3.3491e-43
-3.3491e-43
-3.3491e-43
-3.3491e-43
-3.3491e-43
-3.3491e-43
-3.3491e-43
-3.3491e-43
-3.3491e-43
-3.3491e-43
-3.3491e-43
-3.3491e-43
-3.3491e-43
-3.3491e-43
-3.3491e-43
-3.3491e-43
-3.3491e-43
-3.3491e-43
-3.3491e-43
-3.3491e-43
-3.3491e-43
-3.3491e-43
-3.3491e-43
-3.3491e-43
-3.3491e-43
-3.3491e-43
-3.3491e-43
-3.3491e-43
-3.3491e-43
-3.3491e-43
-3.3491e-43
-3.3491e-43
-3.3491e-43
-3.3491e-43
-3.3491e-43
-3.3491e-43
-3.3491e-43
-3.3491e-43
-3.3491e-43
-3.3491e-43
-3.3491e-43
-3.3491e-43
-3.3491e-43
-3.3491e-43
-3.3491e-43
-3.3491e-43
-3.3491e-43
-3.3491e-43
-3.3491e-43
-3.3491e-43
-3.3491e-43
-3.3491e-43
-3.3491e-43
-3.3491e-43
-3.3491e-43
-3.3491e-43
-3.3491e-43
-3.3491e-43
-3.3491e-43
-3.3491e-43
-3.3491e-43
-3.3491e-43
-3.3491e-43
-3.3491e-43
-3.3491e-43
-3.3491e-43
-3.3491e-43
-3.3491e-43
-3.3491e-43
-3.3491e-43
-3.3491e-43
-3.3491e-43
-3.3491e-43
-3.3491e-43
-3.3491e-43
-3.3491e-43
-3.3491e-43
-3.3491e-43
-3.3491e-43
-3.3491e-43
-3.3491e-43
-3.3491e-43
-3.3491e-43
-3.3491e-43
-3.3491e-43
-3.3491e-43
-3.3491e-43
-3.3491e-43
-3.3491e-43
-3.3491e-43
-3.3491e-43
-3.3491e-43
-3.3491e-43
-3.3491e-43
-3.3491e-43
-3.3491e-43
-3.3491e-43
-3.3491e-43
-3.3491e-43
-3.3491e-43
-3.3491e-43
-3.3491e-43
-3.3491e-43
-3.3491e-43
-3.3491e-43
-3.3491e-43
-3.3491e-43
-3.3491e-43
-3.3491e-43
-3.3491e-43
-3.3491e-43
-3.3491e-43
-3.3491e-43
-3.3491e-43
-3.3491e-43
-3.3491e-43
-3.3491e-43
-3.3491e-43
-3.3491e-43
-3.3491e-43
-3.3491e-43
-3.3491e-43
-3.3491e-43
-3.3491e-43
-3.3491e-43
-3.3491e-43
-3.3491e-43
-3.3491e-43
-3.3491e-43
-3.3491e-43
-3.3491e-43
-3.3491e-43
-3.3491e-43
-3.3491e-43
-3.3491e-43
-3.3491e-43
-3.3491e-43
-3.3491e-43
-3.3491e-43
-3.3491e-43
-3.3491e-43
-3.3491e-43
-3.3491e-43
-3.3491e-43
-3.3491e-43
-3.3491e-43
-3.3491e-43
-3.3491e-43
-3.3491e-43
-3.3491e-43
-3.3491e-43
-3.3491e-43
-3.3491e-43
-3.3491e-43
-3.3491e-43
-3.3491e-43
-3.3491e-43
-3.3491e-43
-3.3491e-43
-3.3491e-43
-3.3491e-43
-3.3491e-43
-3.3491e-43
-3.3491e-43
-3.3491e-43
-3.3491e-43
-3.3491e-43
-3.3491e-43
-3.3491e-43
-3.3491e-43
-3.3491e-43
-3.3491e-43
-3.3491e-43
-3.3491e-43
-3.3491e-43
-3.3491e-43
-3.3491e-43
-3.3491e-43
-3.3491e-43
-3.3491e-43
-3.3491e-43
-3.3491e-43
-3.3491e-43
-3.3491e-43
-3.3491e-43
-3.3491e-43
-3.3491e-43
-3.3491e-43
-3.3491e-43
-3.3491e-43
-3.3491e-43
-3.3491e-43
-3.3491e-43
-3.3491e-43
-3.3491e-43
-3.3491e-43
-3.3491e-43
-3.3491e-43
-3.3491e-43
-3.3491e-43
-3.3491e-43
-3.3491e-43
-3.3491e-43
-3.3491e-43
-3.3491e-43
-3.3491e-43
-3.3491e-43
-3.3491e-43
-3.3491e-43
-3.3491e-43
-3.3491e-43
-3.3491e-43
-3.3491e-43
-3.3491e-43
-3.3491e-43
-3.3491e-43
-3.3491e-43
-3.3491e-43
-3.3491e-43
-3.3491e-43
-3.3491e-43
-3.3491e-43
-3.3491e-43
-3.3491e-43
-3.3491e-43
-3.3491e-43
-3.3491e-43
-3.3491e-43
-3.3491e-43
-3.3491e-43
-3.3491e-43
-3.3491e-43
-3.3491e-43
-3.3491e-43
-3.3491e-43
-3.3491e-43
-3.3491e-43
-3.3491e-43
-3.3491e-43
-3.3491e-43
-3.3491e-43
-3.3491e-43
-3.3491e-43
-3.3491e-43
-3.3491e-43
-3.3491e-43
-3.3491e-43
-3.3491e-43
-3.3491e-43
-3.3491e-43
-3.3491e-43
-3.3491e-43
-3.3491e-43
-3.3491e-43
-3.3491e-43
-3.3491e-43
-3.3491e-43
-3.3491e-43
-3.3491e-43
-3.3491e-43
-3.3491e-43
-3.3491e-43
-3.3491e-43
-3.3491e-43
-3.3491e-43
-3.3491e-43
-3.3491e-43
-3.3491e-43
-3.3491e-43
-3.3491e-43
-3.3491e-43
-3.3491e-43
-3.3491e-43
-3.3491e-43
-3.3491e-43
-3.3491e-43
-3.3491e-43
-3.3491e-43
-3.3491e-43
-3.3491e-43
-3.3491e-43
-3.3491e-43
-3.3491e-43
-3.3491e-43
-3.3491e-43
-3.3491e-43
-3.3491e-43
-3.3491e-43
-3.3491e-43
-3.3491e-43
-3.3491e-43
-3.3491e-43
-3.3491e-43
-3.3491e-43
-3.3491e-43
-3.3491e-43
-3.3491e-43
-3.3491e-43
-3.3491e-43
-3.3491e-43
-3.3491e-43
-3.3491e-43
-3.3491e-43
-3.3491e-43
-3.3491e-43
-3.3491e-43
-3.3491e-43
-3.3491e-43
-3.3491e-43
-3.3491e-43
-3.3491e-43
-3.3491e-43
-3.3491e-43
-3.3491e-43
-3.3491e-43
-3.3491e-43
-3.3491e-43
-3.3491e-43
-3.3491e-43
-3.3491e-43
-3.3491e-43
-3.3491e-43
-3.3491e-43
-3.3491e-43
-3.3491e-43
-3.3491e-43
-3.3491e-43
-3.3491e-43
-3.3491e-43
-3.3491e-43
-3.3491e-43
-3.3491e-43
-3.3491e-43
-3.3491e-43
-3.3491e-43
-3.3491e-43
-3.3491e-43
-3.3491e-43
-3.3491e-43
-3.3491e-43
-3.3491e-43
-3.3491e-43
-3.3491e-43
-3.3491e-43
-3.3491e-43
-3.3491e-43
-3.3491e-43
-3.3491e-43
-3.3491e-43
-3.3491e-43
-3.3491e-43
-3.3491e-43
-3.3491e-43
-3.3491e-43
-3.3491e-43
-3.3491e-43
-3.3491e-43
-3.3491e-43
-3.3491e-43
-3.3491e-43
-3.3491e-43
-3.3491e-43
-3.3491e-43
-3.3491e-43
-3.3491e-43
-3.3491e-43
-3.3491e-43
-3.3491e-43
-3.3491e-43
-3.3491e-43
-3.3491e-43
-3.3491e-43
-3.3491e-43
-3.3491e-43
-3.3491e-43
-3.3491e-43
-3.3491e-43
-3.3491e-43
-3.3491e-43
-3.3491e-43
-3.3491e-43
-3.3491e-43
-3.3491e-43
-3.3491e-43
-3.3491e-43
-3.3491e-43
-3.3491e-43
-3.3491e-43
-3.3491e-43
-3.3491e-43
-3.3491e-43
-3.3491e-43
-3.3491e-43
-3.3491e-43
-3.3491e-43
-3.3491e-43
-3.3491e-43
-3.3491e-43
-3.3491e-43
-3.3491e-43
-3.3491e-43
-3.3491e-43
-3.3491e-43
-3.3491e-43
-3.3491e-43
-3.3491e-43
-3.3491e-43
-3.3491e-43
-3.3491e-43
-3.3491e-43
-3.3491e-43
-3.3491e-43
-3.3491e-43
-3.3491e-43
-3.3491e-43
-3.3491e-43
-3.3491e-43
-3.3491e-43
-3.3491e-43
-3.3491e-43
-3.3491e-43
-3.3491e-43
-3.3491e-43
-3.3491e-43
-3.3491e-43
-3.3491e-43
-3.3491e-43
-3.3491e-43
-3.3491e-43
-3.3491e-43
-3.3491e-43
-3.3491e-43
-3.3491e-43
-3.3491e-43
-3.3491e-43
-3.3491e-43
-3.3491e-43
-3.3491e-43
-3.3491e-43
-3.3491e-43
-3.3491e-43
-3.3491e-43
-3.3491e-43
-3.3491e-43
-3.3491e-43
-3.3491e-43
-3.3491e-43
-3.3491e-43
-3.3491e-43
-3.3491e-43
-3.3491e-43
-3.3491e-43
-3.3491e-43
-3.3491e-43
-3.3491e-43
-3.3491e-43
-3.3491e-43
-3.3491e-43
-3.3491e-43
-3.3491e-43
-3.3491e-43
-3.3491e-43
-3.3491e-43
-3.3491e-43
-3.3491e-43
-3.3491e-43
-3.3491e-43
-3.3491e-43
-3.3491e-43
-3.3491e-43
-3.3491e-43
-3.3491e-43
-3.3491e-43
-3.3491e-43
-3.3491e-43
-3.3491e-43
-3.3491e-43
-3.3491e-43
-3.3491e-43
-3.3491e-43
-3.3491e-43
-3.3491e-43
-3.3491e-43
-3.3491e-43
-3.3491e-43
-3.3491e-43
-3.3491e-43
-3.3491e-43
-3.3491e-43
-3.3491e-43
-3.3491e-43
-3.3491e-43
-3.3491e-43
-3.3491e-43
-3.3491e-43
-3.3491e-43
-3.3491e-43
-3.3491e-43
-3.3491e-43
-3.3491e-43
-3.3491e-43
-3.3491e-43
-3.3491e-43
-3.3491e-43
-3.3491e-43
-3.3491e-43
-3.3491e-43
-3.3491e-43
-3.3491e-43
-3.3491e-43
-3.3491e-43
-3.3491e-43
-3.3491e-43
-3.3491e-43
-3.3491e-43
-3.3491e-43
-3.3491e-43
-3.3491e-43
-3.3491e-43
-3.3491e-43
-3.3491e-43
-3.3491e-43
-3.3491e-43
-3.3491e-43
-3.3491e-43
-3.3491e-43
-3.3491e-43
-3.3491e-43
-3.3491e-43
-3.3491e-43
-3.3491e-43
-3.3491e-43
-3.3491e-43
-3.3491e-43
-3.3491e-43
-3.3491e-43
-3.3491e-43
-3.3491e-43
-3.3491e-43
-3.3491e-43
-3.3491e-43
-3.3491e-43
-3.3491e-43
-3.3491e-43
-3.3491e-43
-3.3491e-43
-3.3491e-43
-3.3491e-43
-3.3491e-43
-3.3491e-43
-3.3491e-43
-3.3491e-43
-3.3491e-43
-3.3491e-43
-3.3491e-43
-3.3491e-43
-3.3491e-43
-3.3491e-43
-3.3491e-43
-3.3491e-43
-3.3491e-43
-3.3491e-43
-3.3491e-43
-3.3491e-43
-3.3491e-43
-3.3491e-43
-3.3491e-43
-3.3491e-43
-3.3491e-43
-3.3491e-43
-3.3491e-43
-3.3491e-43
-3.3491e-43
-3.3491e-43
-3.3491e-43
-3.3491e-43
-3.3491e-43
-3.3491e-43
-3.3491e-43
-3.3491e-43
-3.3491e-43
-3.3491e-43
-3.3491e-43
-3.3491e-43
-3.3491e-43
-3.3491e-43
-3.3491e-43
-3.3491e-43
-3.3491e-43
-3.3491e-43
-3.3491e-43
-3.3491e-43
-3.3491e-43
-3.3491e-43
-3.3491e-43
-3.3491e-43
-3.3491e-43
-3.3491e-43
-3.3491e-43
-3.3491e-43
-3.3491e-43
-3.3491e-43
-3.3491e-43
-3.3491e-43
-3.3491e-43
-3.3491e-43
-3.3491e-43
-3.3491e-43
-3.3491e-43
-3.3491e-43
-3.3491e-43
-3.3491e-43
-3.3491e-43
-3.3491e-43
-3.3491e-43
-3.3491e-43
-3.3491e-43
-3.3491e-43
-3.3491e-43
-3.3491e-43
-3.3491e-43
-3.3491e-43
-3.3491e-43
-3.3491e-43
-3.3491e-43
-3.3491e-43
-3.3491e-43
-3.3491e-43
-3.3491e-43
-3.3491e-43
-3.3491e-43
-3.3491e-43
-3.3491e-43
-3.3491e-43
-3.3491e-43
-3.3491e-43
-3.3491e-43
-3.3491e-43
-3.3491e-43
-3.3491e-43
-3.3491e-43
-3.3491e-43
-3.3491e-43
-3.3491e-43
-3.3491e-43
-3.3491e-43
-3.3491e-43
-3.3491e-43
-3.3491e-43
-3.3491e-43
-3.3491e-43
-3.3491e-43
-3.3491e-43
-3.3491e-43
-3.3491e-43
-3.3491e-43
-3.3491e-43
-3.3491e-43
-3.3491e-43
-3.3491e-43
-3.3491e-43
-3.3491e-43
-3.3491e-43
-3.3491e-43
-3.3491e-43
-3.3491e-43
-3.3491e-43
-3.3491e-43
-3.3491e-43
-3.3491e-43
-3.3491e-43
-3.3491e-43
-3.3491e-43
-3.3491e-43
-3.3491e-43
-3.3491e-43
-3.3491e-43
-3.3491e-43
-3.3491e-43
-3.3491e-43
-3.3491e-43
-3.3491e-43
-3.3491e-43
-3.3491e-43
-3.3491e-43
-3.3491e-43
-3.3491e-43
-3.3491e-43
-3.3491e-43
-3.3491e-43
-3.3491e-43
-3.3491e-43
-3.3491e-43
-3.3491e-43
-3.3491e-43
-3.3491e-43
-3.3491e-43
-3.3491e-43
-3.3491e-43
-3.3491e-43
-3.3491e-43
-3.3491e-43
-3.3491e-43
-3.3491e-43
-3.3491e-43
-3.3491e-43
-3.3491e-43
-3.3491e-43
-3.3491e-43
-3.3491e-43
-3.3491e-43
-3.3491e-43
-3.3491e-43
-3.3491e-43
-3.3491e-43
-3.3491e-43
-3.3491e-43
-3.3491e-43
-3.3491e-43
-3.3491e-43
-3.3491e-43
-3.3491e-43
-3.3491e-43
-3.3491e-43
-3.3491e-43
-3.3491e-43
-3.3491e-43
-3.3491e-43
-3.3491e-43
-3.3491e-43
-3.3491e-43
-3.3491e-43
-3.3491e-43
-3.3491e-43
-3.3491e-43
-3.3491e-43
-3.3491e-43
-3.3491e-43
-3.3491e-43
-3.3491e-43
-3.3491e-43
-3.3491e-43
-3.3491e-43
-3.3491e-43
-3.3491e-43
-3.3491e-43
-3.3491e-43
-3.3491e-43
-3.3491e-43
-3.3491e-43
-3.3491e-43
-3.3491e-43
-3.3491e-43
-3.3491e-43
-3.3491e-43
-3.3491e-43
-3.3491e-43
-3.3491e-43
-3.3491e-43
-3.3491e-43
-3.3491e-43
-3.3491e-43
-3.3491e-43
-3.3491e-43
-3.3491e-43
-3.3491e-43
-3.3491e-43
-3.3491e-43
-3.3491e-43
-3.3491e-43
-3.3491e-43
-3.3491e-43
-3.3491e-43
-3.3491e-43
-3.3491e-43
-3.3491e-43
-3.3491e-43
-3.3491e-43
-3.3491e-43
-3.3491e-43
-3.3491e-43
-3.3491e-43
-3.3491e-43
-3.3491e-43
-3.3491e-43
-3.3491e-43
-3.3491e-43
-3.3491e-43
-3.3491e-43
-3.3491e-43
-3.3491e-43
-3.3491e-43
-3.3491e-43
-3.3491e-43
-3.3491e-43
-3.3491e-43
-3.3491e-43
-3.3491e-43
-3.3491e-43
-3.3491e-43
-3.3491e-43
-3.3491e-43
-3.3491e-43
-3.3491e-43
-3.3491e-43
-3.3491e-43
-3.3491e-43
-3.3491e-43
-3.3491e-43
-3.3491e-43
-3.3491e-43
-3.3491e-43
-3.3491e-43
-3.3491e-43
-3.3491e-43
-3.3491e-43
-3.3491e-43
-3.3491e-43
-3.3491e-43
-3.3491e-43
-3.3491e-43
-3.3491e-43
-3.3491e-43
-3.3491e-43
-3.3491e-43
-3.3491e-43
-3.3491e-43
-3.3491e-43
-3.3491e-43
-3.3491e-43
-3.3491e-43
-3.3491e-43
-3.3491e-43
-3.3491e-43
-3.3491e-43
-3.3491e-43
-3.3491e-43
-3.3491e-43
-3.3491e-43
-3.3491e-43
-3.3491e-43
-3.3491e-43
-3.3491e-43
-3.3491e-43
-3.3491e-43
-3.3491e-43
-3.3491e-43
-3.3491e-43
-3.3491e-43
-3.3491e-43
-3.3491e-43
-3.3491e-43
-3.3491e-43
-3.3491e-43
-3.3491e-43
-3.3491e-43
-3.3491e-43
-3.3491e-43
-3.3491e-43
-3.3491e-43
-3.3491e-43
-3.3491e-43
-3.3491e-43
-3.3491e-43
-3.3491e-43
-3.3491e-43
-3.3491e-43
-3.3491e-43
-3.3491e-43
-3.3491e-43
-3.3491e-43
-3.3491e-43
-3.3491e-43
-3.3491e-43
-3.3491e-43
-3.3491e-43
-3.3491e-43
-3.3491e-43
-3.3491e-43
-3.3491e-43
-3.3491e-43
-3.3491e-43
-3.3491e-43
-3.3491e-43
-3.3491e-43
-3.3491e-43
-3.3491e-43
-3.3491e-43
-3.3491e-43
-3.3491e-43
-3.3491e-43
-3.3491e-43
-3.3491e-43
-3.3491e-43
-3.3491e-43
-3.3491e-43
-3.3491e-43
-3.3491e-43
-3.3491e-43
-3.3491e-43
-3.3491e-43
-3.3491e-43
-3.3491e-43
-3.3491e-43
-3.3491e-43
-3.3491e-43
-3.3491e-43
-3.3491e-43
-3.3491e-43
-3.3491e-43
-3.3491e-43
-3.3491e-43
-3.3491e-43
-3.3491e-43
-3.3491e-43
-3.3491e-43
-3.3491e-43
-3.3491e-43
-3.3491e-43
-3.3491e-43
-3.3491e-43
-3.3491e-43
-3.3491e-43
-3.3491e-43
-3.3491e-43
-3.3491e-43
-3.3491e-43
-3.3491e-43
-3.3491e-43
-3.3491e-43
-3.3491e-43
-3.3491e-43
-3.3491e-43
-3.3491e-43
-3.3491e-43
-3.3491e-43
-3.3491e-43
-3.3491e-43
-3.3491e-43
-3.3491e-43
-3.3491e-43
-3.3491e-43
-3.3491e-43
-3.3491e-43
-3.3491e-43
-3.3491e-43
-3.3491e-43
-3.3491e-43
-3.3491e-43
-3.3491e-43
-3.3491e-43
-3.3491e-43
-3.3491e-43
-3.3491e-43
-3.3491e-43
-3.3491e-43
-3.3491e-43
-3.3491e-43
-3.3491e-43
-3.3491e-43
-3.3491e-43
-3.3491e-43
-3.3491e-43
-3.3491e-43
-3.3491e-43
-3.3491e-43
-3.3491e-43
-3.3491e-43
-3.3491e-43
-3.3491e-43
-3.3491e-43
-3.3491e-43
-3.3491e-43
-3.3491e-43
-3.3491e-43
-3.3491e-43
-3.3491e-43
-3.3491e-43
-3.3491e-43
-3.3491e-43
-3.3491e-43
-3.3491e-43
-3.3491e-43
-3.3491e-43
-3.3491e-43
-3.3491e-43
-3.3491e-43
-3.3491e-43
-3.3491e-43
-3.3491e-43
-3.3491e-43
-3.3491e-43
-3.3491e-43
-3.3491e-43
-3.3491e-43
-3.3491e-43
-3.3491e-43
-3.3491e-43
-3.3491e-43
-3.3491e-43
-3.3491e-43
-3.3491e-43
-3.3491e-43
-3.3491e-43
-3.3491e-43
-3.3491e-43
-3.3491e-43
-3.3491e-43
-3.3491e-43
-3.3491e-43
-3.3491e-43
-3.3491e-43
-3.3491e-43
-3.3491e-43
-3.3491e-43
-3.3491e-43
-3.3491e-43
-3.3491e-43
-3.3491e-43
-3.3491e-43
-3.3491e-43
-3.3491e-43
-3.3491e-43
-3.3491e-43
-3.3491e-43
-3.3491e-43
-3.3491e-43
-3.3491e-43
-3.3491e-43
-3.3491e-43
-3.3491e-43
-3.3491e-43
-3.3491e-43
-3.3491e-43
-3.3491e-43
-3.3491e-43
-3.3491e-43
-3.3491e-43
-3.3491e-43
-3.3491e-43
-3.3491e-43
-3.3491e-43
-3.3491e-43
-3.3491e-43
-3.3491e-43
-3.3491e-43
-3.3491e-43
-3.3491e-43
-3.3491e-43
-3.3491e-43
-3.3491e-43
-3.3491e-43
-3.3491e-43
-3.3491e-43
-3.3491e-43
-3.3491e-43
-3.3491e-43
-3.3491e-43
-3.3491e-43
-3.3491e-43
-3.3491e-43
-3.3491e-43
-3.3491e-43
-3.3491e-43
-3.3491e-43
-3.3491e-43
-3.3491e-43
-3.3491e-43
-3.3491e-43
-3.3491e-43
-3.3491e-43
-3.3491e-43
-3.3491e-43
-3.3491e-43
-3.3491e-43
-3.3491e-43
-3.3491e-43
-3.3491e-43
-3.3491e-43
-3.3491e-43
-3.3491e-43
-3.3491e-43
-3.3491e-43
-3.3491e-43
-3.3491e-43
-3.3491e-43
-3.3491e-43
-3.3491e-43
-3.3491e-43
-3.3491e-43
-3.3491e-43
-3.3491e-43
-3.3491e-43
-3.3491e-43
-3.3491e-43
-3.3491e-43
-3.3491e-43
-3.3491e-43
-3.3491e-43
-3.3491e-43
-3.3491e-43
-3.3491e-43
-3.3491e-43
-3.3491e-43
-3.3491e-43
-3.3491e-43
-3.3491e-43
-3.3491e-43
-3.3491e-43
-3.3491e-43
-3.3491e-43
-3.3491e-43
-3.3491e-43
-3.3491e-43
-3.3491e-43
-3.3491e-43
-3.3491e-43
-3.3491e-43
-3.3491e-43
-3.3491e-43
-3.3491e-43
-3.3491e-43
-3.3491e-43
-3.3491e-43
-3.3491e-43
-3.3491e-43
-3.3491e-43
-3.3491e-43
-3.3491e-43
-3.3491e-43
-3.3491e-43
-3.3491e-43
-3.3491e-43
-3.3491e-43
-3.3491e-43
-3.3491e-43
-3.3491e-43
-3.3491e-43
-3.3491e-43
-3.3491e-43
-3.3491e-43
-3.3491e-43
-3.3491e-43
-3.3491e-43
-3.3491e-43
-3.3491e-43
-3.3491e-43
-3.3491e-43
-3.3491e-43
-3.3491e-43
-3.3491e-43
-3.3491e-43
-3.3491e-43
-3.3491e-43
-3.3491e-43
-3.3491e-43
-3.3491e-43
-3.3491e-43
-3.3491e-43
-3.3491e-43
-3.3491e-43
-3.3491e-43
-3.3491e-43
-3.3491e-43
-3.3491e-43
-3.3491e-43
-3.3491e-43
-3.3491e-43
-3.3491e-43
-3.3491e-43
-3.3491e-43
-3.3491e-43
-3.3491e-43
-3.3491e-43
-3.3491e-43
-3.3491e-43
-3.3491e-43
-3.3491e-43
-3.3491e-43
-3.3491e-43
-3.3491e-43
-3.3491e-43
-3.3491e-43
-3.3491e-43
-3.3491e-43
-3.3491e-43
-3.3491e-43
-3.3491e-43
-3.3491e-43
-3.3491e-43
-3.3491e-43
-3.3491e-43
-3.3491e-43
-3.3491e-43
-3.3491e-43
-3.3491e-43
-3.3491e-43
-3.3491e-43
-3.3491e-43
-3.3491e-43
-3.3491e-43
-3.3491e-43
-3.3491e-43
-3.3491e-43
-3.3491e-43
-3.3491e-43
-3.3491e-43
-3.3491e-43
-3.3491e-43
-3.3491e-43
-3.3491e-43
-3.3491e-43
-3.3491e-43
-3.3491e-43
-3.3491e-43
-3.3491e-43
-3.3491e-43
-3.3491e-43
-3.3491e-43
-3.3491e-43
-3.3491e-43
-3.3491e-43
-3.3491e-43
-3.3491e-43
-3.3491e-43
-3.3491e-43
-3.3491e-43
-3.3491e-43
-3.3491e-43
-3.3491e-43
-3.3491e-43
-3.3491e-43
-3.3491e-43
-3.3491e-43
-3.3491e-43
-3.3491e-43
-3.3491e-43
-3.3491e-43
-3.3491e-43
-3.3491e-43
-3.3491e-43
-3.3491e-43
-3.3491e-43
-3.3491e-43
-3.3491e-43
-3.3491e-43
-3.3491e-43
-3.3491e-43
-3.3491e-43
-3.3491e-43
-3.3491e-43
-3.3491e-43
-3.3491e-43
-3.3491e-43
-3.3491e-43
-3.3491e-43
-3.3491e-43
-3.3491e-43
-3.3491e-43
-3.3491e-43
-3.3491e-43
-3.3491e-43
-3.3491e-43
-3.3491e-43
-3.3491e-43
-3.3491e-43
-3.3491e-43
-3.3491e-43
-3.3491e-43
-3.3491e-43
-3.3491e-43
-3.3491e-43
-3.3491e-43
-3.3491e-43
-3.3491e-43
-3.3491e-43
-3.3491e-43
-3.3491e-43
-3.3491e-43
-3.3491e-43
-3.3491e-43
-3.3491e-43
-3.3491e-43
-3.3491e-43
-3.3491e-43
-3.3491e-43
-3.3491e-43
-3.3491e-43
-3.3491e-43
-3.3491e-43
-3.3491e-43
-3.3491e-43
-3.3491e-43
-3.3491e-43
-3.3491e-43
-3.3491e-43
-3.3491e-43
-3.3491e-43
-3.3491e-43
-3.3491e-43
-3.3491e-43
-3.3491e-43
-3.3491e-43
-3.3491e-43
-3.3491e-43
-3.3491e-43
-3.3491e-43
-3.3491e-43
-3.3491e-43
-3.3491e-43
-3.3491e-43
-3.3491e-43
-3.3491e-43
-3.3491e-43
-3.3491e-43
-3.3491e-43
-3.3491e-43
-3.3491e-43
-3.3491e-43
-3.3491e-43
-3.3491e-43
-3.3491e-43
-3.3491e-43
-3.3491e-43
-3.3491e-43
-3.3491e-43
-3.3491e-43
-3.3491e-43
-3.3491e-43
-3.3491e-43
-3.3491e-43
-3.3491e-43
-3.3491e-43
-3.3491e-43
-3.3491e-43
-3.3491e-43
-3.3491e-43
-3.3491e-43
-3.3491e-43
-3.3491e-43
-3.3491e-43
-3.3491e-43
-3.3491e-43
-3.3491e-43
-3.3491e-43
-3.3491e-43
-3.3491e-43
-3.3491e-43
-3.3491e-43
-3.3491e-43
-3.3491e-43
-3.3491e-43
-3.3491e-43
-3.3491e-43
-3.3491e-43
-3.3491e-43
-3.3491e-43
-3.3491e-43
-3.3491e-43
-3.3491e-43
-3.3491e-43
-3.3491e-43
-3.3491e-43
-3.3491e-43
-3.3491e-43
-3.3491e-43
-3.3491e-43
-3.3491e-43
-3.3491e-43
-3.3491e-43
-3.3491e-43
-3.3491e-43
-3.3491e-43
-3.3491e-43
-3.3491e-43
-3.3491e-43
-3.3491e-43
-3.3491e-43
-3.3491e-43
-3.3491e-43
-3.3491e-43
-3.3491e-43
-3.3491e-43
-3.3491e-43
-3.3491e-43
-3.3491e-43
-3.3491e-43
-3.3491e-43
-3.3491e-43
-3.3491e-43
-3.3491e-43
-3.3491e-43
-3.3491e-43
-3.3491e-43
-3.3491e-43
-3.3491e-43
-3.3491e-43
-3.3491e-43
-3.3491e-43
-3.3491e-43
-3.3491e-43
-3.3491e-43
-3.3491e-43
-3.3491e-43
-3.3491e-43
-3.3491e-43
-3.3491e-43
-3.3491e-43
-3.3491e-43
-3.3491e-43
-3.3491e-43
-3.3491e-43
-3.3491e-43
-3.3491e-43
-3.3491e-43
-3.3491e-43
-3.3491e-43
-3.3491e-43
-3.3491e-43
-3.3491e-43
-3.3491e-43
-3.3491e-43
-3.3491e-43
-3.3491e-43
-3.3491e-43
-3.3491e-43
-3.3491e-43
-3.3491e-43
-3.3491e-43
-3.3491e-43
-3.3491e-43
-3.3491e-43
-3.3491e-43
-3.3491e-43
-3.3491e-43
-3.3491e-43
-3.3491e-43
-3.3491e-43
-3.3491e-43
-3.3491e-43
-3.3491e-43
-3.3491e-43
-3.3491e-43
-3.3491e-43
-3.3491e-43
-3.3491e-43
-3.3491e-43
-3.3491e-43
-3.3491e-43
-3.3491e-43
-3.3491e-43
-3.3491e-43
-3.3491e-43
-3.3491e-43
-3.3491e-43
-3.3491e-43
-3.3491e-43
-3.3491e-43
-3.3491e-43
-3.3491e-43
-3.3491e-43
-3.3491e-43
-3.3491e-43
-3.3491e-43
-3.3491e-43
-3.3491e-43
-3.3491e-43
-3.3491e-43
-3.3491e-43
-3.3491e-43
-3.3491e-43
-3.3491e-43
-3.3491e-43
-3.3491e-43
-3.3491e-43
-3.3491e-43
-3.3491e-43
-3.3491e-43
-3.3491e-43
-3.3491e-43
-3.3491e-43
-3.3491e-43
-3.3491e-43
-3.3491e-43
-3.3491e-43
-3.3491e-43
-3.3491e-43
-3.3491e-43
-3.3491e-43
-3.3491e-43
-3.3491e-43
-3.3491e-43
-3.3491e-43
-3.3491e-43
-3.3491e-43
-3.3491e-43
-3.3491e-43
-3.3491e-43
-3.3491e-43
-3.3491e-43
-3.3491e-43
-3.3491e-43
-3.3491e-43
-3.3491e-43
-3.3491e-43
-3.3491e-43
-3.3491e-43
-3.3491e-43
-3.3491e-43
-3.3491e-43
-3.3491e-43
-3.3491e-43
-3.3491e-43
-3.3491e-43
-3.3491e-43
-3.3491e-43
-3.3491e-43
-3.3491e-43
-3.3491e-43
-3.3491e-43
-3.3491e-43
-3.3491e-43
-3.3491e-43
-3.3491e-43
-3.3491e-43
-3.3491e-43
-3.3491e-43
-3.3491e-43
-3.3491e-43
-3.3491e-43
-3.3491e-43
-3.3491e-43
-3.3491e-43
-3.3491e-43
-3.3491e-43
-3.3491e-43
-3.3491e-43
-3.3491e-43
-3.3491e-43
-3.3491e-43
-3.3491e-43
-3.3491e-43
-3.3491e-43
-3.3491e-43
-3.3491e-43
-3.3491e-43
-3.3491e-43
-3.3491e-43
-3.3491e-43
-3.3491e-43
-3.3491e-43
-3.3491e-43
-3.3491e-43
-3.3491e-43
-3.3491e-43
-3.3491e-43
-3.3491e-43
-3.3491e-43
-3.3491e-43
-3.3491e-43
-3.3491e-43
-3.3491e-43
-3.3491e-43
-3.3491e-43
-3.3491e-43
-3.3491e-43
-3.3491e-43
-3.3491e-43
-3.3491e-43
-3.3491e-43
-3.3491e-43
-3.3491e-43
-3.3491e-43
-3.3491e-43
-3.3491e-43
-3.3491e-43
-3.3491e-43
-3.3491e-43
-3.3491e-43
-3.3491e-43
-3.3491e-43
-3.3491e-43
-3.3491e-43
-3.3491e-43
-3.3491e-43
-3.3491e-43
-3.3491e-43
-3.3491e-43
-3.3491e-43
-3.3491e-43
-3.3491e-43
-3.3491e-43
-3.3491e-43
-3.3491e-43
-3.3491e-43
-3.3491e-43
-3.3491e-43
-3.3491e-43
-3.3491e-43
-3.3491e-43
-3.3491e-43
-3.3491e-43
-3.3491e-43
-3.3491e-43
-3.3491e-43
-3.3491e-43
-3.3491e-43
-3.3491e-43
-3.3491e-43
-3.3491e-43
-3.3491e-43
-3.3491e-43
-3.3491e-43
-3.3491e-43
-3.3491e-43
-3.3491e-43
-3.3491e-43
-3.3491e-43
-3.3491e-43
-3.3491e-43
-3.3491e-43
-3.3491e-43
-3.3491e-43
-3.3491e-43
-3.3491e-43
-3.3491e-43
-3.3491e-43
-3.3491e-43
-3.3491e-43
-3.3491e-43
-3.3491e-43
-3.3491e-43
-3.3491e-43
-3.3491e-43
-3.3491e-43
-3.3491e-43
-3.3491e-43
-3.3491e-43
-3.3491e-43
-3.3491e-43
-3.3491e-43
-3.3491e-43
-3.3491e-43
-3.3491e-43
-3.3491e-43
-3.3491e-43
-3.3491e-43
-3.3491e-43
-3.3491e-43
-3.3491e-43
-3.3491e-43
-3.3491e-43
-3.3491e-43
-3.3491e-43
-3.3491e-43
-3.3491e-43
-3.3491e-43
-3.3491e-43
-3.3491e-43
-3.3491e-43
-3.3491e-43
-3.3491e-43
-3.3491e-43
-3.3491e-43
-3.3491e-43
-3.3491e-43
-3.3491e-43
-3.3491e-43
-3.3491e-43
-3.3491e-43
-3.3491e-43
-3.3491e-43
-3.3491e-43
-3.3491e-43
-3.3491e-43
-3.3491e-43
-3.3491e-43
-3.3491e-43
-3.3491e-43
-3.3491e-43
-3.3491e-43
-3.3491e-43
-3.3491e-43
-3.3491e-43
-3.3491e-43
-3.3491e-43
-3.3491e-43
-3.3491e-43
-3.3491e-43
-3.3491e-43
-3.3491e-43
-3.3491e-43
-3.3491e-43
-3.3491e-43
-3.3491e-43
-3.3491e-43
-3.3491e-43
-3.3491e-43
-3.3491e-43
-3.3491e-43
-3.3491e-43
-3.3491e-43
-3.3491e-43
-3.3491e-43
-3.3491e-43
-3.3491e-43
-3.3491e-43
-3.3491e-43
-3.3491e-43
-3.3491e-43
-3.3491e-43
-3.3491e-43
-3.3491e-43
-3.3491e-43
-3.3491e-43
-3.3491e-43
-3.3491e-43
-3.3491e-43
-3.3491e-43
-3.3491e-43
-3.3491e-43
-3.3491e-43
-3.3491e-43
-3.3491e-43
-3.3491e-43
-3.3491e-43
-3.3491e-43
-3.3491e-43
-3.3491e-43
-3.3491e-43
-3.3491e-43
-3.3491e-43
-3.3491e-43
-3.3491e-43
-3.3491e-43
-3.3491e-43
-3.3491e-43
-3.3491e-43
-3.3491e-43
-3.3491e-43
-3.3491e-43
-3.3491e-43
-3.3491e-43
-3.3491e-43
-3.3491e-43
-3.3491e-43
-3.3491e-43
-3.3491e-43
-3.3491e-43
-3.3491e-43
-3.3491e-43
-3.3491e-43
-3.3491e-43
-3.3491e-43
-3.3491e-43
-3.3491e-43
-3.3491e-43
-3.3491e-43
-3.3491e-43
-3.3491e-43
-3.3491e-43
-3.3491e-43
-3.3491e-43
-3.3491e-43
-3.3491e-43
-3.3491e-43
-3.3491e-43
-3.3491e-43
-3.3491e-43
-3.3491e-43
-3.3491e-43
-3.3491e-43
-3.3491e-43
-3.3491e-43
-3.3491e-43
-3.3491e-43
-3.3491e-43
-3.3491e-43
-3.3491e-43
-3.3491e-43
-3.3491e-43
-3.3491e-43
-3.3491e-43
-3.3491e-43
-3.3491e-43
-3.3491e-43
-3.3491e-43
-3.3491e-43
-3.3491e-43
-3.3491e-43
-3.3491e-43
-3.3491e-43
-3.3491e-43
-3.3491e-43
-3.3491e-43
-3.3491e-43
-3.3491e-43
-3.3491e-43
-3.3491e-43
-3.3491e-43
-3.3491e-43
-3.3491e-43
-3.3491e-43
-3.3491e-43
-3.3491e-43
-3.3491e-43
-3.3491e-43
-3.3491e-43
-3.3491e-43
-3.3491e-43
-3.3491e-43
-3.3491e-43
-3.3491e-43
-3.3491e-43
-3.3491e-43
-3.3491e-43
-3.3491e-43
-3.3491e-43
-3.3491e-43
-3.3491e-43
-3.3491e-43
-3.3491e-43
-3.3491e-43
-3.3491e-43
-3.3491e-43
-3.3491e-43
-3.3491e-43
-3.3491e-43
-3.3491e-43
-3.3491e-43
-3.3491e-43
-3.3491e-43
-3.3491e-43
-3.3491e-43
-3.3491e-43
-3.3491e-43
-3.3491e-43
-3.3491e-43
-3.3491e-43
-3.3491e-43
-3.3491e-43
-3.3491e-43
-3.3491e-43
-3.3491e-43
-3.3491e-43
-3.3491e-43
-3.3491e-43
-3.3491e-43
-3.3491e-43
-3.3491e-43
-3.3491e-43
-3.3491e-43
-3.3491e-43
-3.3491e-43
-3.3491e-43
-3.3491e-43
-3.3491e-43
-3.3491e-43
-3.3491e-43
-3.3491e-43
-3.3491e-43
-3.3491e-43
-3.3491e-43
-3.3491e-43
-3.3491e-43
-3.3491e-43
-3.3491e-43
-3.3491e-43
-3.3491e-43
-3.3491e-43
-3.3491e-43
-3.3491e-43
-3.3491e-43
-3.3491e-43
-3.3491e-43
-3.3491e-43
-3.3491e-43
-3.3491e-43
-3.3491e-43
-3.3491e-43
-3.3491e-43
-3.3491e-43
-3.3491e-43
-3.3491e-43
-3.3491e-43
-3.3491e-43
-3.3491e-43
-3.3491e-43
-3.3491e-43
-3.3491e-43
-3.3491e-43
-3.3491e-43
-3.3491e-43
-3.3491e-43
-3.3491e-43
-3.3491e-43
-3.3491e-43
-3.3491e-43
-3.3491e-43
-3.3491e-43
-3.3491e-43
-3.3491e-43
-3.3491e-43
-3.3491e-43
-3.3491e-43
-3.3491e-43
-3.3491e-43
-3.3491e-43
-3.3491e-43
-3.3491e-43
-3.3491e-43
-3.3491e-43
-3.3491e-43
-3.3491e-43
-3.3491e-43
-3.3491e-43
-3.3491e-43
-3.3491e-43
-3.3491e-43
-3.3491e-43
-3.3491e-43
-3.3491e-43
-3.3491e-43
-3.3491e-43
-3.3491e-43
-3.3491e-43
-3.3491e-43
-3.3491e-43
-3.3491e-43
-3.3491e-43
-3.3491e-43
-3.3491e-43
-3.3491e-43
-3.3491e-43
-3.3491e-43
-3.3491e-43
-3.3491e-43
-3.3491e-43
-3.3491e-43
-3.3491e-43
-3.3491e-43
-3.3491e-43
-3.3491e-43
-3.3491e-43
-3.3491e-43
-3.3491e-43
-3.3491e-43
-3.3491e-43
-3.3491e-43
-3.3491e-43
-3.3491e-43
-3.3491e-43
-3.3491e-43
-3.3491e-43
-3.3491e-43
-3.3491e-43
-3.3491e-43
-3.3491e-43
-3.3491e-43
-3.3491e-43
-3.3491e-43
-3.3491e-43
-3.3491e-43
-3.3491e-43
-3.3491e-43
-3.3491e-43
-3.3491e-43
-3.3491e-43
-3.3491e-43
-3.3491e-43
-3.3491e-43
-3.3491e-43
-3.3491e-43
-3.3491e-43
-3.3491e-43
-3.3491e-43
-3.3491e-43
-3.3491e-43
-3.3491e-43
-3.3491e-43
-3.3491e-43
-3.3491e-43
-3.3491e-43
-3.3491e-43
-3.3491e-43
-3.3491e-43
-3.3491e-43
-3.3491e-43
-3.3491e-43
-3.3491e-43
-3.3491e-43
-3.3491e-43
-3.3491e-43
-3.3491e-43
-3.3491e-43
-3.3491e-43
-3.3491e-43
-3.3491e-43
-3.3491e-43
-3.3491e-43
-3.3491e-43
-3.3491e-43
-3.3491e-43
-3.3491e-43
-3.3491e-43
-3.3491e-43
-3.3491e-43
-3.3491e-43
-3.3491e-43
-3.3491e-43
-3.3491e-43
-3.3491e-43
-3.3491e-43
-3.3491e-43
-3.3491e-43
-3.3491e-43
-3.3491e-43
-3.3491e-43
-3.3491e-43
-3.3491e-43
-3.3491e-43
-3.3491e-43
-3.3491e-43
-3.3491e-43
-3.3491e-43
-3.3491e-43
-3.3491e-43
-3.3491e-43
-3.3491e-43
-3.3491e-43
-3.3491e-43
-3.3491e-43
-3.3491e-43
-3.3491e-43
-3.3491e-43
-3.3491e-43
-3.3491e-43
-3.3491e-43
-3.3491e-43
-3.3491e-43
-3.3491e-43
-3.3491e-43
-3.3491e-43
-3.3491e-43
-3.3491e-43
-3.3491e-43
-3.3491e-43
-3.3491e-43
-3.3491e-43
-3.3491e-43
-3.3491e-43
-3.3491e-43
-3.3491e-43
-3.3491e-43
-3.3491e-43
-3.3491e-43
-3.3491e-43
-3.3491e-43
-3.3491e-43
-3.3491e-43
-3.3491e-43
-3.3491e-43
-3.3491e-43
-3.3491e-43
-3.3491e-43
-3.3491e-43
-3.3491e-43
-3.3491e-43
-3.3491e-43
-3.3491e-43
-3.3491e-43
-3.3491e-43
-3.3491e-43
-3.3491e-43
-3.3491e-43
-3.3491e-43
-3.3491e-43
-3.3491e-43
-3.3491e-43
-3.3491e-43
-3.3491e-43
-3.3491e-43
-3.3491e-43
-3.3491e-43
-3.3491e-43
-3.3491e-43
-3.3491e-43
-3.3491e-43
-3.3491e-43
-3.3491e-43
-3.3491e-43
-3.3491e-43
-3.3491e-43
-3.3491e-43
-3.3491e-43
-3.3491e-43
-3.3491e-43
-3.3491e-43
-3.3491e-43
-3.3491e-43
-3.3491e-43
-3.3491e-43
-3.3491e-43
-3.3491e-43
-3.3491e-43
-3.3491e-43
-3.3491e-43
-3.3491e-43
-3.3491e-43
-3.3491e-43
-3.3491e-43
-3.3491e-43
-3.3491e-43
-3.3491e-43
-3.3491e-43
-3.3491e-43
-3.3491e-43
-3.3491e-43
-3.3491e-43
-3.3491e-43
-3.3491e-43
-3.3491e-43
-3.3491e-43
-3.3491e-43
-3.3491e-43
-3.3491e-43
-3.3491e-43
-3.3491e-43
-3.3491e-43
-3.3491e-43
-3.3491e-43
-3.3491e-43
-3.3491e-43
-3.3491e-43
-3.3491e-43
-3.3491e-43
-3.3491e-43
-3.3491e-43
-3.3491e-43
-3.3491e-43
-3.3491e-43
-3.3491e-43
-3.3491e-43
-3.3491e-43
-3.3491e-43
-3.3491e-43
-3.3491e-43
-3.3491e-43
-3.3491e-43
-3.3491e-43
-3.3491e-43
-3.3491e-43
-3.3491e-43
-3.3491e-43
-3.3491e-43
-3.3491e-43
-3.3491e-43
-3.3491e-43
-3.3491e-43
-3.3491e-43
-3.3491e-43
-3.3491e-43
-3.3491e-43
-3.3491e-43
-3.3491e-43
-3.3491e-43
-3.3491e-43
-3.3491e-43
-3.3491e-43
-3.3491e-43
-3.3491e-43
-3.3491e-43
-3.3491e-43
-3.3491e-43
-3.3491e-43
-3.3491e-43
-3.3491e-43
-3.3491e-43
-3.3491e-43
-3.3491e-43
-3.3491e-43
-3.3491e-43
-3.3491e-43
-3.3491e-43
-3.3491e-43
-3.3491e-43
-3.3491e-43
-3.3491e-43
-3.3491e-43
-3.3491e-43
-3.3491e-43
-3.3491e-43
-3.3491e-43
-3.3491e-43
-3.3491e-43
-3.3491e-43
-3.3491e-43
-3.3491e-43
-3.3491e-43
-3.3491e-43
-3.3491e-43
-3.3491e-43
-3.3491e-43
-3.3491e-43
-3.3491e-43
-3.3491e-43
-3.3491e-43
-3.3491e-43
-3.3491e-43
-3.3491e-43
-3.3491e-43
-3.3491e-43
-3.3491e-43
-3.3491e-43
-3.3491e-43
-3.3491e-43
-3.3491e-43
-3.3491e-43
-3.3491e-43
-3.3491e-43
-3.3491e-43
-3.3491e-43
-3.3491e-43
-3.3491e-43
-3.3491e-43
-3.3491e-43
-3.3491e-43
-3.3491e-43
-3.3491e-43
-3.3491e-43
-3.3491e-43
-3.3491e-43
-3.3491e-43
-3.3491e-43
-3.3491e-43
-3.3491e-43
-3.3491e-43
-3.3491e-43
-3.3491e-43
-3.3491e-43
-3.3491e-43
-3.3491e-43
-3.3491e-43
-3.3491e-43
-3.3491e-43
-3.3491e-43
-3.3491e-43
-3.3491e-43
-3.3491e-43
-3.3491e-43
-3.3491e-43
-3.3491e-43
-3.3491e-43
-3.3491e-43
-3.3491e-43
-3.3491e-43
-3.3491e-43
-3.3491e-43
-3.3491e-43
-3.3491e-43
-3.3491e-43
-3.3491e-43
-3.3491e-43
-3.3491e-43
-3.3491e-43
-3.3491e-43
-3.3491e-43
-3.3491e-43
-3.3491e-43
-3.3491e-43
-3.3491e-43
-3.3491e-43
-3.3491e-43
-3.3491e-43
-3.3491e-43
-3.3491e-43
-3.3491e-43
-3.3491e-43
-3.3491e-43
-3.3491e-43
-3.3491e-43
-3.3491e-43
-3.3491e-43
-3.3491e-43
-3.3491e-43
-3.3491e-43
-3.3491e-43
-3.3491e-43
-3.3491e-43
-3.3491e-43
-3.3491e-43
-3.3491e-43
-3.3491e-43
-3.3491e-43
-3.3491e-43
-3.3491e-43
-3.3491e-43
-3.3491e-43
-3.3491e-43
-3.3491e-43
-3.3491e-43
-3.3491e-43
-3.3491e-43
-3.3491e-43
-3.3491e-43
-3.3491e-43
-3.3491e-43
-3.3491e-43
-3.3491e-43
-3.3491e-43
-3.3491e-43
-3.3491e-43
-3.3491e-43
-3.3491e-43
-3.3491e-43
-3.3491e-43
-3.3491e-43
-3.3491e-43
-3.3491e-43
-3.3491e-43
-3.3491e-43
-3.3491e-43
-3.3491e-43
-3.3491e-43
-3.3491e-43
-3.3491e-43
-3.3491e-43
-3.3491e-43
-3.3491e-43
-3.3491e-43
-3.3491e-43
-3.3491e-43
-3.3491e-43
-3.3491e-43
-3.3491e-43
-3.3491e-43
-3.3491e-43
-3.3491e-43
-3.3491e-43
-3.3491e-43
-3.3491e-43
-3.3491e-43
-3.3491e-43
-3.3491e-43
-3.3491e-43
-3.3491e-43
-3.3491e-43
-3.3491e-43
-3.3491e-43
-3.3491e-43
-3.3491e-43
-3.3491e-43
-3.3491e-43
-3.3491e-43
-3.3491e-43
-3.3491e-43
-3.3491e-43
-3.3491e-43
-3.3491e-43
-3.3491e-43
-3.3491e-43
-3.3491e-43
-3.3491e-43
-3.3491e-43
-3.3491e-43
-3.3491e-43
-3.3491e-43
-3.3491e-43
-3.3491e-43
-3.3491e-43
-3.3491e-43
-3.3491e-43
-3.3491e-43
-3.3491e-43
-3.3491e-43
-3.3491e-43
-3.3491e-43
-3.3491e-43
-3.3491e-43
-3.3491e-43
-3.3491e-43
-3.3491e-43
-3.3491e-43
-3.3491e-43
-3.3491e-43
-3.3491e-43
-3.3491e-43
-3.3491e-43
-3.3491e-43
-3.3491e-43
-3.3491e-43
-3.3491e-43
-3.3491e-43
-3.3491e-43
-3.3491e-43
-3.3491e-43
-3.3491e-43
-3.3491e-43
-3.3491e-43
-3.3491e-43
-3.3491e-43
-3.3491e-43
-3.3491e-43
-3.3491e-43
-3.3491e-43
-3.3491e-43
-3.3491e-43
-3.3491e-43
-3.3491e-43
-3.3491e-43
-3.3491e-43
-3.3491e-43
-3.3491e-43
-3.3491e-43
-3.3491e-43
-3.3491e-43
-3.3491e-43
-3.3491e-43
-3.3491e-43
-3.3491e-43
-3.3491e-43
-3.3491e-43
-3.3491e-43
-3.3491e-43
-3.3491e-43
-3.3491e-43
-3.3491e-43
-3.3491e-43
-3.3491e-43
-3.3491e-43
-3.3491e-43
-3.3491e-43
-3.3491e-43
-3.3491e-43
-3.3491e-43
-3.3491e-43
-3.3491e-43
-3.3491e-43
-3.3491e-43
-3.3491e-43
-3.3491e-43
-3.3491e-43
-3.3491e-43
-3.3491e-43
-3.3491e-43
-3.3491e-43
-3.3491e-43
-3.3491e-43
-3.3491e-43
-3.3491e-43
-3.3491e-43
-3.3491e-43
-3.3491e-43
-3.3491e-43
-3.3491e-43
-3.3491e-43
-3.3491e-43
-3.3491e-43
-3.3491e-43
-3.3491e-43
-3.3491e-43
-3.3491e-43
-3.3491e-43
-3.3491e-43
-3.3491e-43
-3.3491e-43
-3.3491e-43
-3.3491e-43
-3.3491e-43
-3.3491e-43
-3.3491e-43
-3.3491e-43
-3.3491e-43
-3.3491e-43
-3.3491e-43
-3.3491e-43
-3.3491e-43
-3.3491e-43
-3.3491e-43
-3.3491e-43
-3.3491e-43
-3.3491e-43
-3.3491e-43
-3.3491e-43
-3.3491e-43
-3.3491e-43
-3.3491e-43
-3.3491e-43
-3.3491e-43
-3.3491e-43
-3.3491e-43
-3.3491e-43
-3.3491e-43
-3.3491e-43
-3.3491e-43
-3.3491e-43
-3.3491e-43
-3.3491e-43
-3.3491e-43
-3.3491e-43
-3.3491e-43
-3.3491e-43
-3.3491e-43
-3.3491e-43
-3.3491e-43
-3.3491e-43
-3.3491e-43
-3.3491e-43
-3.3491e-43
-3.3491e-43
-3.3491e-43
-3.3491e-43
-3.3491e-43
-3.3491e-43
-3.3491e-43
-3.3491e-43
-3.3491e-43
-3.3491e-43
-3.3491e-43
-3.3491e-43
-3.3491e-43
-3.3491e-43
-3.3491e-43
-3.3491e-43
-3.3491e-43
-3.3491e-43
-3.3491e-43
-3.3491e-43
-3.3491e-43
-3.3491e-43
-3.3491e-43
-3.3491e-43
-3.3491e-43
-3.3491e-43
-3.3491e-43
-3.3491e-43
-3.3491e-43
-3.3491e-43
-3.3491e-43
-3.3491e-43
-3.3491e-43
-3.3491e-43
-3.3491e-43
-3.3491e-43
-3.3491e-43
-3.3491e-43
-3.3491e-43
-3.3491e-43
-3.3491e-43
-3.3491e-43
-3.3491e-43
-3.3491e-43
-3.3491e-43
-3.3491e-43
-3.3491e-43
-3.3491e-43
-3.3491e-43
-3.3491e-43
-3.3491e-43
-3.3491e-43
-3.3491e-43
-3.3491e-43
-3.3491e-43
-3.3491e-43
-3.3491e-43
-3.3491e-43
-3.3491e-43
-3.3491e-43
-3.3491e-43
-3.3491e-43
-3.3491e-43
-3.3491e-43
-3.3491e-43
-3.3491e-43
-3.3491e-43
-3.3491e-43
-3.3491e-43
-3.3491e-43
-3.3491e-43
-3.3491e-43
-3.3491e-43
-3.3491e-43
-3.3491e-43
-3.3491e-43
-3.3491e-43
-3.3491e-43
-3.3491e-43
-3.3491e-43
-3.3491e-43
-3.3491e-43
-3.3491e-43
-3.3491e-43
-3.3491e-43
-3.3491e-43
-3.3491e-43
-3.3491e-43
-3.3491e-43
-3.3491e-43
-3.3491e-43
-3.3491e-43
-3.3491e-43
-3.3491e-43
-3.3491e-43
-3.3491e-43
-3.3491e-43
-3.3491e-43
-3.3491e-43
-3.3491e-43
-3.3491e-43
-3.3491e-43
-3.3491e-43
-3.3491e-43
-3.3491e-43
-3.3491e-43
-3.3491e-43
-3.3491e-43
-3.3491e-43
-3.3491e-43
-3.3491e-43
-3.3491e-43
-3.3491e-43
-3.3491e-43
-3.3491e-43
-3.3491e-43
-3.3491e-43
-3.3491e-43
-3.3491e-43
-3.3491e-43
-3.3491e-43
-3.3491e-43
-3.3491e-43
-3.3491e-43
-3.3491e-43
-3.3491e-43
-3.3491e-43
-3.3491e-43
-3.3491e-43
-3.3491e-43
-3.3491e-43
-3.3491e-43
-3.3491e-43
-3.3491e-43
-3.3491e-43
-3.3491e-43
-3.3491e-43
-3.3491e-43
-3.3491e-43
-3.3491e-43
-3.3491e-43
-3.3491e-43
-3.3491e-43
-3.3491e-43
-3.3491e-43
-3.3491e-43
-3.3491e-43
-3.3491e-43
-3.3491e-43
-3.3491e-43
-3.3491e-43
-3.3491e-43
-3.3491e-43
-3.3491e-43
-3.3491e-43
-3.3491e-43
-3.3491e-43
-3.3491e-43
-3.3491e-43
-3.3491e-43
-3.3491e-43
-3.3491e-43
-3.3491e-43
-3.3491e-43
-3.3491e-43
-3.3491e-43
-3.3491e-43
-3.3491e-43
-3.3491e-43
-3.3491e-43
-3.3491e-43
-3.3491e-43
-3.3491e-43
-3.3491e-43
-3.3491e-43
-3.3491e-43
-3.3491e-43
-3.3491e-43
-3.3491e-43
-3.3491e-43
-3.3491e-43
-3.3491e-43
-3.3491e-43
-3.3491e-43
-3.3491e-43
-3.3491e-43
-3.3491e-43
-3.3491e-43
-3.3491e-43
-3.3491e-43
-3.3491e-43
-3.3491e-43
-3.3491e-43
-3.3491e-43
-3.3491e-43
-3.3491e-43
-3.3491e-43
-3.3491e-43
-3.3491e-43
-3.3491e-43
-3.3491e-43
-3.3491e-43
-3.3491e-43
-3.3491e-43
-3.3491e-43
-3.3491e-43
-3.3491e-43
-3.3491e-43
-3.3491e-43
-3.3491e-43
-3.3491e-43
-3.3491e-43
-3.3491e-43
-3.3491e-43
-3.3491e-43
-3.3491e-43
-3.3491e-43
-3.3491e-43
-3.3491e-43
-3.3491e-43
-3.3491e-43
-3.3491e-43
-3.3491e-43
-3.3491e-43
-3.3491e-43
-3.3491e-43
-3.3491e-43
-3.3491e-43
-3.3491e-43
-3.3491e-43
-3.3491e-43
-3.3491e-43
-3.3491e-43
-3.3491e-43
-3.3491e-43
-3.3491e-43
-3.3491e-43
-3.3491e-43
-3.3491e-43
-3.3491e-43
-3.3491e-43
-3.3491e-43
-3.3491e-43
-3.3491e-43
-3.3491e-43
-3.3491e-43
-3.3491e-43
-3.3491e-43
-3.3491e-43
-3.3491e-43
-3.3491e-43
-3.3491e-43
-3.3491e-43
-3.3491e-43
-3.3491e-43
-3.3491e-43
-3.3491e-43
-3.3491e-43
-3.3491e-43
-3.3491e-43
-3.3491e-43
-3.3491e-43
-3.3491e-43
-3.3491e-43
-3.3491e-43
-3.3491e-43
-3.3491e-43
-3.3491e-43
-3.3491e-43
-3.3491e-43
-3.3491e-43
-3.3491e-43
-3.3491e-43
-3.3491e-43
-3.3491e-43
-3.3491e-43
-3.3491e-43
-3.3491e-43
-3.3491e-43
-3.3491e-43
-3.3491e-43
-3.3491e-43
-3.3491e-43
-3.3491e-43
-3.3491e-43
-3.3491e-43
-3.3491e-43
-3.3491e-43
-3.3491e-43
-3.3491e-43
-3.3491e-43
-3.3491e-43
-3.3491e-43
-3.3491e-43
-3.3491e-43
-3.3491e-43
-3.3491e-43
-3.3491e-43
-3.3491e-43
-3.3491e-43
-3.3491e-43
-3.3491e-43
-3.3491e-43
-3.3491e-43
-3.3491e-43
-3.3491e-43
-3.3491e-43
-3.3491e-43
-3.3491e-43
-3.3491e-43
-3.3491e-43
-3.3491e-43
-3.3491e-43
-3.3491e-43
-3.3491e-43
-3.3491e-43
-3.3491e-43
-3.3491e-43
-3.3491e-43
-3.3491e-43
-3.3491e-43
-3.3491e-43
-3.3491e-43
-3.3491e-43
-3.3491e-43
-3.3491e-43
-3.3491e-43
-3.3491e-43
-3.3491e-43
-3.3491e-43
-3.3491e-43
-3.3491e-43
-3.3491e-43
-3.3491e-43
-3.3491e-43
-3.3491e-43
-3.3491e-43
-3.3491e-43
-3.3491e-43
-3.3491e-43
-3.3491e-43
-3.3491e-43
-3.3491e-43
-3.3491e-43
-3.3491e-43
-3.3491e-43
-3.3491e-43
-3.3491e-43
-3.3491e-43
-3.3491e-43
-3.3491e-43
-3.3491e-43
-3.3491e-43
-3.3491e-43
-3.3491e-43
-3.3491e-43
-3.3491e-43
-3.3491e-43
-3.3491e-43
-3.3491e-43
-3.3491e-43
-3.3491e-43
-3.3491e-43
-3.3491e-43
-3.3491e-43
-3.3491e-43
-3.3491e-43
-3.3491e-43
-3.3491e-43
-3.3491e-43
-3.3491e-43
-3.3491e-43
-3.3491e-43
-3.3491e-43
-3.3491e-43
-3.3491e-43
-3.3491e-43
-3.3491e-43
-3.3491e-43
-3.3491e-43
-3.3491e-43
-3.3491e-43
-3.3491e-43
-3.3491e-43
-3.3491e-43
-3.3491e-43
-3.3491e-43
-3.3491e-43
-3.3491e-43
-3.3491e-43
-3.3491e-43
-3.3491e-43
-3.3491e-43
-3.3491e-43
-3.3491e-43
-3.3491e-43
-3.3491e-43
-3.3491e-43
-3.3491e-43
-3.3491e-43
-3.3491e-43
-3.3491e-43
-3.3491e-43
-3.3491e-43
-3.3491e-43
-3.3491e-43
-3.3491e-43
-3.3491e-43
-3.3491e-43
-3.3491e-43
-3.3491e-43
-3.3491e-43
-3.3491e-43
-3.3491e-43
-3.3491e-43
-3.3491e-43
-3.3491e-43
-3.3491e-43
-3.3491e-43
-3.3491e-43
-3.3491e-43
-3.3491e-43
-3.3491e-43
-3.3491e-43
-3.3491e-43
-3.3491e-43
-3.3491e-43
-3.3491e-43
-3.3491e-43
-3.3491e-43
-3.3491e-43
-3.3491e-43
-3.3491e-43
-3.3491e-43
-3.3491e-43
-3.3491e-43
-3.3491e-43
-3.3491e-43
-3.3491e-43
-3.3491e-43
-3.3491e-43
-3.3491e-43
-3.3491e-43
-3.3491e-43
-3.3491e-43
-3.3491e-43
-3.3491e-43
-3.3491e-43
-3.3491e-43
-3.3491e-43
-3.3491e-43
-3.3491e-43
-3.3491e-43
-3.3491e-43
-3.3491e-43
-3.3491e-43
-3.3491e-43
-3.3491e-43
-3.3491e-43
-3.3491e-43
-3.3491e-43
-3.3491e-43
-3.3491e-43
-3.3491e-43
-3.3491e-43
-3.3491e-43
-3.3491e-43
-3.3491e-43
-3.3491e-43
-3.3491e-43
-3.3491e-43
-3.3491e-43
-3.3491e-43
-3.3491e-43
-3.3491e-43
-3.3491e-43
-3.3491e-43
-3.3491e-43
-3.3491e-43
-3.3491e-43
-3.3491e-43
-3.3491e-43
-3.3491e-43
-3.3491e-43
-3.3491e-43
-3.3491e-43
-3.3491e-43
-3.3491e-43
-3.3491e-43
-3.3491e-43
-3.3491e-43
-3.3491e-43
-3.3491e-43
-3.3491e-43
-3.3491e-43
-3.3491e-43
-3.3491e-43
-3.3491e-43
-3.3491e-43
-3.3491e-43
-3.3491e-43
-3.3491e-43
-3.3491e-43
-3.3491e-43
-3.3491e-43
-3.3491e-43
-3.3491e-43
-3.3491e-43
-3.3491e-43
-3.3491e-43
-3.3491e-43
-3.3491e-43
-3.3491e-43
-3.3491e-43
-3.3491e-43
-3.3491e-43
-3.3491e-43
-3.3491e-43
-3.3491e-43
-3.3491e-43
-3.3491e-43
-3.3491e-43
-3.3491e-43
-3.3491e-43
-3.3491e-43
-3.3491e-43
-3.3491e-43
-3.3491e-43
-3.3491e-43
-3.3491e-43
-3.3491e-43
-3.3491e-43
-3.3491e-43
-3.3491e-43
-3.3491e-43
-3.3491e-43
-3.3491e-43
-3.3491e-43
-3.3491e-43
-3.3491e-43
-3.3491e-43
-3.3491e-43
-3.3491e-43
-3.3491e-43
-3.3491e-43
-3.3491e-43
-3.3491e-43
-3.3491e-43
-3.3491e-43
-3.3491e-43
-3.3491e-43
-3.3491e-43
-3.3491e-43
-3.3491e-43
-3.3491e-43
-3.3491e-43
-3.3491e-43
-3.3491e-43
-3.3491e-43
-3.3491e-43
-3.3491e-43
-3.3491e-43
-3.3491e-43
-3.3491e-43
-3.3491e-43
-3.3491e-43
-3.3491e-43
-3.3491e-43
-3.3491e-43
-3.3491e-43
-3.3491e-43
-3.3491e-43
-3.3491e-43
-3.3491e-43
-3.3491e-43
-3.3491e-43
-3.3491e-43
-3.3491e-43
-3.3491e-43
-3.3491e-43
-3.3491e-43
-3.3491e-43
-3.3491e-43
-3.3491e-43
-3.3491e-43
-3.3491e-43
-3.3491e-43
-3.3491e-43
-3.3491e-43
-3.3491e-43
-3.3491e-43
-3.3491e-43
-3.3491e-43
-3.3491e-43
-3.3491e-43
-3.3491e-43
-3.3491e-43
-3.3491e-43
-3.3491e-43
-3.3491e-43
-3.3491e-43
-3.3491e-43
-3.3491e-43
-3.3491e-43
-3.3491e-43
-3.3491e-43
-3.3491e-43
-3.3491e-43
-3.3491e-43
-3.3491e-43
-3.3491e-43
-3.3491e-43
-3.3491e-43
-3.3491e-43
-3.3491e-43
-3.3491e-43
-3.3491e-43
-3.3491e-43
-3.3491e-43
-3.3491e-43
-3.3491e-43
-3.3491e-43
-3.3491e-43
-3.3491e-43
-3.3491e-43
-3.3491e-43
-3.3491e-43
-3.3491e-43
-3.3491e-43
-3.3491e-43
-3.3491e-43
-3.3491e-43
-3.3491e-43
-3.3491e-43
-3.3491e-43
-3.3491e-43
-3.3491e-43
-3.3491e-43
-3.3491e-43
-3.3491e-43
-3.3491e-43
-3.3491e-43
-3.3491e-43
-3.3491e-43
-3.3491e-43
-3.3491e-43
-3.3491e-43
-3.3491e-43
-3.3491e-43
-3.3491e-43
-3.3491e-43
-3.3491e-43
-3.3491e-43
-3.3491e-43
-3.3491e-43
-3.3491e-43
-3.3491e-43
-3.3491e-43
-3.3491e-43
-3.3491e-43
-3.3491e-43
-3.3491e-43
-3.3491e-43
-3.3491e-43
-3.3491e-43
-3.3491e-43
-3.3491e-43
-3.3491e-43
-3.3491e-43
-3.3491e-43
-3.3491e-43
-3.3491e-43
-3.3491e-43
-3.3491e-43
-3.3491e-43
-3.3491e-43
-3.3491e-43
-3.3491e-43
-3.3491e-43
-3.3491e-43
-3.3491e-43
-3.3491e-43
-3.3491e-43
-3.3491e-43
-3.3491e-43
-3.3491e-43
-3.3491e-43
-3.3491e-43
-3.3491e-43
-3.3491e-43
-3.3491e-43
-3.3491e-43
-3.3491e-43
-3.3491e-43
-3.3491e-43
-3.3491e-43
-3.3491e-43
-3.3491e-43
-3.3491e-43
-3.3491e-43
-3.3491e-43
-3.3491e-43
-3.3491e-43
-3.3491e-43
-3.3491e-43
-3.3491e-43
-3.3491e-43
-3.3491e-43
-3.3491e-43
-3.3491e-43
-3.3491e-43
-3.3491e-43
-3.3491e-43
-3.3491e-43
-3.3491e-43
-3.3491e-43
-3.3491e-43
-3.3491e-43
-3.3491e-43
-3.3491e-43
-3.3491e-43
-3.3491e-43
-3.3491e-43
-3.3491e-43
-3.3491e-43
-3.3491e-43
-3.3491e-43
-3.3491e-43
-3.3491e-43
-3.3491e-43
-3.3491e-43
-3.3491e-43
-3.3491e-43
-3.3491e-43
-3.3491e-43
-3.3491e-43
-3.3491e-43
-3.3491e-43
-3.3491e-43
-3.3491e-43
-3.3491e-43
-3.3491e-43
-3.3491e-43
-3.3491e-43
-3.3491e-43
-3.3491e-43
-3.3491e-43
-3.3491e-43
-3.3491e-43
-3.3491e-43
-3.3491e-43
-3.3491e-43
-3.3491e-43
-3.3491e-43
-3.3491e-43
-3.3491e-43
-3.3491e-43
-3.3491e-43
-3.3491e-43
-3.3491e-43
-3.3491e-43
-3.3491e-43
-3.3491e-43
-3.3491e-43
-3.3491e-43
-3.3491e-43
-3.3491e-43
-3.3491e-43
-3.3491e-43
-3.3491e-43
-3.3491e-43
-3.3491e-43
-3.3491e-43
-3.3491e-43
-3.3491e-43
-3.3491e-43
-3.3491e-43
-3.3491e-43
-3.3491e-43
-3.3491e-43
-3.3491e-43
-3.3491e-43
-3.3491e-43
-3.3491e-43
-3.3491e-43
-3.3491e-43
-3.3491e-43
-3.3491e-43
-3.3491e-43
-3.3491e-43
-3.3491e-43
-3.3491e-43
-3.3491e-43
-3.3491e-43
-3.3491e-43
-3.3491e-43
-3.3491e-43
-3.3491e-43
-3.3491e-43
-3.3491e-43
-3.3491e-43
-3.3491e-43
-3.3491e-43
-3.3491e-43
-3.3491e-43
-3.3491e-43
-3.3491e-43
-3.3491e-43
-3.3491e-43
-3.3491e-43
-3.3491e-43
-3.3491e-43
-3.3491e-43
-3.3491e-43
-3.3491e-43
-3.3491e-43
-3.3491e-43
-3.3491e-43
-3.3491e-43
-3.3491e-43
-3.3491e-43
-3.3491e-43
-3.3491e-43
-3.3491e-43
-3.3491e-43
-3.3491e-43
-3.3491e-43
-3.3491e-43
-3.3491e-43
-3.3491e-43
-3.3491e-43
-3.3491e-43
-3.3491e-43
-3.3491e-43
-3.3491e-43
-3.3491e-43
-3.3491e-43
-3.3491e-43
-3.3491e-43
-3.3491e-43
-3.3491e-43
-3.3491e-43
-3.3491e-43
-3.3491e-43
-3.3491e-43
-3.3491e-43
-3.3491e-43
-3.3491e-43
-3.3491e-43
-3.3491e-43
-3.3491e-43
-3.3491e-43
-3.3491e-43
-3.3491e-43
-3.3491e-43
-3.3491e-43
-3.3491e-43
-3.3491e-43
-3.3491e-43
-3.3491e-43
-3.3491e-43
-3.3491e-43
-3.3491e-43
-3.3491e-43
-3.3491e-43
-3.3491e-43
-3.3491e-43
-3.3491e-43
-3.3491e-43
-3.3491e-43
-3.3491e-43
-3.3491e-43
-3.3491e-43
-3.3491e-43
-3.3491e-43
-3.3491e-43
-3.3491e-43
-3.3491e-43
-3.3491e-43
-3.3491e-43
-3.3491e-43
-3.3491e-43
-3.3491e-43
-3.3491e-43
-3.3491e-43
-3.3491e-43
-3.3491e-43
-3.3491e-43
-3.3491e-43
-3.3491e-43
-3.3491e-43
-3.3491e-43
-3.3491e-43
-3.3491e-43
-3.3491e-43
-3.3491e-43
-3.3491e-43
-3.3491e-43
-3.3491e-43
-3.3491e-43
-3.3491e-43
-3.3491e-43
-3.3491e-43
-3.3491e-43
-3.3491e-43
-3.3491e-43
-3.3491e-43
-3.3491e-43
-3.3491e-43
-3.3491e-43
-3.3491e-43
-3.3491e-43
-3.3491e-43
-3.3491e-43
-3.3491e-43
-3.3491e-43
-3.3491e-43
-3.3491e-43
-3.3491e-43
-3.3491e-43
-3.3491e-43
-3.3491e-43
-3.3491e-43
-3.3491e-43
-3.3491e-43
-3.3491e-43
-3.3491e-43
-3.3491e-43
-3.3491e-43
-3.3491e-43
-3.3491e-43
-3.3491e-43
-3.3491e-43
-3.3491e-43
-3.3491e-43
-3.3491e-43
-3.3491e-43
-3.3491e-43
-3.3491e-43
-3.3491e-43
-3.3491e-43
-3.3491e-43
-3.3491e-43
-3.3491e-43
-3.3491e-43
-3.3491e-43
-3.3491e-43
-3.3491e-43
-3.3491e-43
-3.3491e-43
-3.3491e-43
-3.3491e-43
-3.3491e-43
-3.3491e-43
-3.3491e-43
-3.3491e-43
-3.3491e-43
-3.3491e-43
-3.3491e-43
-3.3491e-43
-3.3491e-43
-3.3491e-43
-3.3491e-43
-3.3491e-43
-3.3491e-43
-3.3491e-43
-3.3491e-43
-3.3491e-43
-3.3491e-43
-3.3491e-43
-3.3491e-43
-3.3491e-43
-3.3491e-43
-3.3491e-43
-3.3491e-43
-3.3491e-43
-3.3491e-43
-3.3491e-43
-3.3491e-43
-3.3491e-43
-3.3491e-43
-3.3491e-43
-3.3491e-43
-3.3491e-43
-3.3491e-43
-3.3491e-43
-3.3491e-43
-3.3491e-43
-3.3491e-43
-3.3491e-43
-3.3491e-43
-3.3491e-43
-3.3491e-43
-3.3491e-43
-3.3491e-43
-3.3491e-43
-3.3491e-43
-3.3491e-43
-3.3491e-43
-3.3491e-43
-3.3491e-43
-3.3491e-43
-3.3491e-43
-3.3491e-43
-3.3491e-43
-3.3491e-43
-3.3491e-43
-3.3491e-43
-3.3491e-43
-3.3491e-43
-3.3491e-43
-3.3491e-43
-3.3491e-43
-3.3491e-43
-3.3491e-43
-3.3491e-43
-3.3491e-43
-3.3491e-43
-3.3491e-43
-3.3491e-43
-3.3491e-43
-3.3491e-43
-3.3491e-43
-3.3491e-43
-3.3491e-43
-3.3491e-43
-3.3491e-43
-3.3491e-43
-3.3491e-43
-3.3491e-43
-3.3491e-43
-3.3491e-43
-3.3491e-43
-3.3491e-43
-3.3491e-43
-3.3491e-43
-3.3491e-43
-3.3491e-43
-3.3491e-43
-3.3491e-43
-3.3491e-43
-3.3491e-43
-3.3491e-43
-3.3491e-43
-3.3491e-43
-3.3491e-43
-3.3491e-43
-3.3491e-43
-3.3491e-43
-3.3491e-43
-3.3491e-43
-3.3491e-43
-3.3491e-43
-3.3491e-43
-3.3491e-43
-3.3491e-43
-3.3491e-43
-3.3491e-43
-3.3491e-43
-3.3491e-43
-3.3491e-43
-3.3491e-43
-3.3491e-43
-3.3491e-43
-3.3491e-43
-3.3491e-43
-3.3491e-43
-3.3491e-43
-3.3491e-43
-3.3491e-43
-3.3491e-43
-3.3491e-43
-3.3491e-43
-3.3491e-43
-3.3491e-43
-3.3491e-43
-3.3491e-43
-3.3491e-43
-3.3491e-43
-3.3491e-43
-3.3491e-43
-3.3491e-43
-3.3491e-43
-3.3491e-43
-3.3491e-43
-3.3491e-43
-3.3491e-43
-3.3491e-43
-3.3491e-43
-3.3491e-43
-3.3491e-43
-3.3491e-43
-3.3491e-43
-3.3491e-43
-3.3491e-43
-3.3491e-43
-3.3491e-43
-3.3491e-43
-3.3491e-43
-3.3491e-43
-3.3491e-43
-3.3491e-43
-3.3491e-43
-3.3491e-43
-3.3491e-43
-3.3491e-43
-3.3491e-43
-3.3491e-43
-3.3491e-43
-3.3491e-43
-3.3491e-43
-3.3491e-43
-3.3491e-43
-3.3491e-43
-3.3491e-43
-3.3491e-43
-3.3491e-43
-3.3491e-43
-3.3491e-43
-3.3491e-43
-3.3491e-43
-3.3491e-43
-3.3491e-43
-3.3491e-43
-3.3491e-43
-3.3491e-43
-3.3491e-43
-3.3491e-43
-3.3491e-43
-3.3491e-43
-3.3491e-43
-3.3491e-43
-3.3491e-43
-3.3491e-43
-3.3491e-43
-3.3491e-43
-3.3491e-43
-3.3491e-43
-3.3491e-43
-3.3491e-43
-3.3491e-43
-3.3491e-43
-3.3491e-43
-3.3491e-43
-3.3491e-43
-3.3491e-43
-3.3491e-43
-3.3491e-43
-3.3491e-43
-3.3491e-43
-3.3491e-43
-3.3491e-43
-3.3491e-43
-3.3491e-43
-3.3491e-43
-3.3491e-43
-3.3491e-43
-3.3491e-43
-3.3491e-43
-3.3491e-43
-3.3491e-43
-3.3491e-43
-3.3491e-43
-3.3491e-43
-3.3491e-43
-3.3491e-43
-3.3491e-43
-3.3491e-43
-3.3491e-43
-3.3491e-43
-3.3491e-43
-3.3491e-43
-3.3491e-43
-3.3491e-43
-3.3491e-43
-3.3491e-43
-3.3491e-43
-3.3491e-43
-3.3491e-43
-3.3491e-43
-3.3491e-43
-3.3491e-43
-3.3491e-43
-3.3491e-43
-3.3491e-43
-3.3491e-43
-3.3491e-43
-3.3491e-43
-3.3491e-43
-3.3491e-43
-3.3491e-43
-3.3491e-43
-3.3491e-43
-3.3491e-43
-3.3491e-43
-3.3491e-43
-3.3491e-43
-3.3491e-43
-3.3491e-43
-3.3491e-43
-3.3491e-43
-3.3491e-43
-3.3491e-43
-3.3491e-43
-3.3491e-43
-3.3491e-43
-3.3491e-43
-3.3491e-43
-3.3491e-43
-3.3491e-43
-3.3491e-43
-3.3491e-43
-3.3491e-43
-3.3491e-43
-3.3491e-43
-3.3491e-43
-3.3491e-43
-3.3491e-43
-3.3491e-43
-3.3491e-43
-3.3491e-43
-3.3491e-43
-3.3491e-43
-3.3491e-43
-3.3491e-43
-3.3491e-43
-3.3491e-43
-3.3491e-43
-3.3491e-43
-3.3491e-43
-3.3491e-43
-3.3491e-43
-3.3491e-43
-3.3491e-43
-3.3491e-43
-3.3491e-43
-3.3491e-43
-3.3491e-43
-3.3491e-43
-3.3491e-43
-3.3491e-43
-3.3491e-43
-3.3491e-43
-3.3491e-43
-3.3491e-43
-3.3491e-43
-3.3491e-43
-3.3491e-43
-3.3491e-43
-3.3491e-43
-3.3491e-43
-3.3491e-43
-3.3491e-43
-3.3491e-43
-3.3491e-43
-3.3491e-43
-3.3491e-43
-3.3491e-43
-3.3491e-43
-3.3491e-43
-3.3491e-43
-3.3491e-43
-3.3491e-43
-3.3491e-43
-3.3491e-43
-3.3491e-43
-3.3491e-43
-3.3491e-43
-3.3491e-43
-3.3491e-43
-3.3491e-43
-3.3491e-43
-3.3491e-43
-3.3491e-43
-3.3491e-43
-3.3491e-43
-3.3491e-43
-3.3491e-43
-3.3491e-43
-3.3491e-43
-3.3491e-43
-3.3491e-43
-3.3491e-43
-3.3491e-43
-3.3491e-43
-3.3491e-43
-3.3491e-43
-3.3491e-43
-3.3491e-43
-3.3491e-43
-3.3491e-43
-3.3491e-43
-3.3491e-43
-3.3491e-43
-3.3491e-43
-3.3491e-43
-3.3491e-43
-3.3491e-43
-3.3491e-43
-3.3491e-43
-3.3491e-43
-3.3491e-43
-3.3491e-43
-3.3491e-43
-3.3491e-43
-3.3491e-43
-3.3491e-43
-3.3491e-43
-3.3491e-43
-3.3491e-43
-3.3491e-43
-3.3491e-43
-3.3491e-43
-3.3491e-43
-3.3491e-43
-3.3491e-43
-3.3491e-43
-3.3491e-43
-3.3491e-43
-3.3491e-43
-3.3491e-43
-3.3491e-43
-3.3491e-43
-3.3491e-43
-3.3491e-43
-3.3491e-43
-3.3491e-43
-3.3491e-43
-3.3491e-43
-3.3491e-43
-3.3491e-43
-3.3491e-43
-3.3491e-43
-3.3491e-43
-3.3491e-43
-3.3491e-43
-3.3491e-43
-3.3491e-43
-3.3491e-43
-3.3491e-43
-3.3491e-43
-3.3491e-43
-3.3491e-43
-3.3491e-43
-3.3491e-43
-3.3491e-43
-3.3491e-43
-3.3491e-43
-3.3491e-43
-3.3491e-43
-3.3491e-43
-3.3491e-43
-3.3491e-43
-3.3491e-43
-3.3491e-43
-3.3491e-43
-3.3491e-43
-3.3491e-43
-3.3491e-43
-3.3491e-43
-3.3491e-43
-3.3491e-43
-3.3491e-43
-3.3491e-43
-3.3491e-43
-3.3491e-43
-3.3491e-43
-3.3491e-43
-3.3491e-43
-3.3491e-43
-3.3491e-43
-3.3491e-43
-3.3491e-43
-3.3491e-43
-3.3491e-43
-3.3491e-43
-3.3491e-43
-3.3491e-43
-3.3491e-43
-3.3491e-43
-3.3491e-43
-3.3491e-43
-3.3491e-43
-3.3491e-43
-3.3491e-43
-3.3491e-43
-3.3491e-43
-3.3491e-43
-3.3491e-43
-3.3491e-43
-3.3491e-43
-3.3491e-43
-3.3491e-43
-3.3491e-43
-3.3491e-43
-3.3491e-43
-3.3491e-43
-3.3491e-43
-3.3491e-43
-3.3491e-43
-3.3491e-43
-3.3491e-43
-3.3491e-43
-3.3491e-43
-3.3491e-43
-3.3491e-43
-3.3491e-43
-3.3491e-43
-3.3491e-43
-3.3491e-43
-3.3491e-43
-3.3491e-43
-3.3491e-43
-3.3491e-43
-3.3491e-43
-3.3491e-43
-3.3491e-43
-3.3491e-43
-3.3491e-43
-3.3491e-43
-3.3491e-43
-3.3491e-43
-3.3491e-43
-3.3491e-43
-3.3491e-43
-3.3491e-43
-3.3491e-43
-3.3491e-43
-3.3491e-43
-3.3491e-43
-3.3491e-43
-3.3491e-43
-3.3491e-43
-3.3491e-43
-3.3491e-43
-3.3491e-43
-3.3491e-43
-3.3491e-43
-3.3491e-43
-3.3491e-43
-3.3491e-43
-3.3491e-43
-3.3491e-43
-3.3491e-43
-3.3491e-43
-3.3491e-43
-3.3491e-43
-3.3491e-43
-3.3491e-43
-3.3491e-43
-3.3491e-43
-3.3491e-43
-3.3491e-43
-3.3491e-43
-3.3491e-43
-3.3491e-43
-3.3491e-43
-3.3491e-43
-3.3491e-43
-3.3491e-43
-3.3491e-43
-3.3491e-43
-3.3491e-43
-3.3491e-43
-3.3491e-43
-3.3491e-43
-3.3491e-43
-3.3491e-43
-3.3491e-43
-3.3491e-43
-3.3491e-43
-3.3491e-43
-3.3491e-43
-3.3491e-43
-3.3491e-43
-3.3491e-43
-3.3491e-43
-3.3491e-43
-3.3491e-43
-3.3491e-43
-3.3491e-43
-3.3491e-43
-3.3491e-43
-3.3491e-43
-3.3491e-43
-3.3491e-43
-3.3491e-43
-3.3491e-43
-3.3491e-43
-3.3491e-43
-3.3491e-43
-3.3491e-43
-3.3491e-43
-3.3491e-43
-3.3491e-43
-3.3491e-43
-3.3491e-43
-3.3491e-43
-3.3491e-43
-3.3491e-43
-3.3491e-43
-3.3491e-43
-3.3491e-43
-3.3491e-43
-3.3491e-43
-3.3491e-43
-3.3491e-43
-3.3491e-43
-3.3491e-43
-3.3491e-43
-3.3491e-43
-3.3491e-43
-3.3491e-43
-3.3491e-43
-3.3491e-43
-3.3491e-43
-3.3491e-43
-3.3491e-43
-3.3491e-43
-3.3491e-43
-3.3491e-43
-3.3491e-43
-3.3491e-43
-3.3491e-43
-3.3491e-43
-3.3491e-43
-3.3491e-43
-3.3491e-43
-3.3491e-43
-3.3491e-43
-3.3491e-43
-3.3491e-43
-3.3491e-43
-3.3491e-43
-3.3491e-43
-3.3491e-43
-3.3491e-43
-3.3491e-43
-3.3491e-43
-3.3491e-43
-3.3491e-43
-3.3491e-43
-3.3491e-43
-3.3491e-43
-3.3491e-43
-3.3491e-43
-3.3491e-43
-3.3491e-43
-3.3491e-43
-3.3491e-43
-3.3491e-43
-3.3491e-43
-3.3491e-43
-3.3491e-43
-3.3491e-43
-3.3491e-43
-3.3491e-43
-3.3491e-43
-3.3491e-43
-3.3491e-43
-3.3491e-43
-3.3491e-43
-3.3491e-43
-3.3491e-43
-3.3491e-43
-3.3491e-43
-3.3491e-43
-3.3491e-43
-3.3491e-43
-3.3491e-43
-3.3491e-43
-3.3491e-43
-3.3491e-43
-3.3491e-43
-3.3491e-43
-3.3491e-43
-3.3491e-43
-3.3491e-43
-3.3491e-43
-3.3491e-43
-3.3491e-43
-3.3491e-43
-3.3491e-43
-3.3491e-43
-3.3491e-43
-3.3491e-43
-3.3491e-43
-3.3491e-43
-3.3491e-43
-3.3491e-43
-3.3491e-43
-3.3491e-43
-3.3491e-43
-3.3491e-43
-3.3491e-43
-3.3491e-43
-3.3491e-43
-3.3491e-43
-3.3491e-43
-3.3491e-43
-3.3491e-43
-3.3491e-43
-3.3491e-43
-3.3491e-43
-3.3491e-43
-3.3491e-43
-3.3491e-43
-3.3491e-43
-3.3491e-43
-3.3491e-43
-3.3491e-43
-3.3491e-43
-3.3491e-43
-3.3491e-43
-3.3491e-43
-3.3491e-43
-3.3491e-43
-3.3491e-43
-3.3491e-43
-3.3491e-43
-3.3491e-43
-3.3491e-43
-3.3491e-43
-3.3491e-43
-3.3491e-43
-3.3491e-43
-3.3491e-43
-3.3491e-43
-3.3491e-43
-3.3491e-43
-3.3491e-43
-3.3491e-43
-3.3491e-43
-3.3491e-43
-3.3491e-43
-3.3491e-43
-3.3491e-43
-3.3491e-43
-3.3491e-43
-3.3491e-43
-3.3491e-43
-3.3491e-43
-3.3491e-43
-3.3491e-43
-3.3491e-43
-3.3491e-43
-3.3491e-43
-3.3491e-43
-3.3491e-43
-3.3491e-43
-3.3491e-43
-3.3491e-43
-3.3491e-43
-3.3491e-43
-3.3491e-43
-3.3491e-43
-3.3491e-43
-3.3491e-43
-3.3491e-43
-3.3491e-43
-3.3491e-43
-3.3491e-43
-3.3491e-43
-3.3491e-43
-3.3491e-43
-3.3491e-43
-3.3491e-43
-3.3491e-43
-3.3491e-43
-3.3491e-43
-3.3491e-43
-3.3491e-43
-3.3491e-43
-3.3491e-43
-3.3491e-43
-3.3491e-43
-3.3491e-43
-3.3491e-43
-3.3491e-43
-3.3491e-43
-3.3491e-43
-3.3491e-43
-3.3491e-43
-3.3491e-43
-3.3491e-43
-3.3491e-43
-3.3491e-43
-3.3491e-43
-3.3491e-43
-3.3491e-43
-3.3491e-43
-3.3491e-43
-3.3491e-43
-3.3491e-43
-3.3491e-43
-3.3491e-43
-3.3491e-43
-3.3491e-43
-3.3491e-43
-3.3491e-43
-3.3491e-43
-3.3491e-43
-3.3491e-43
-3.3491e-43
-3.3491e-43
-3.3491e-43
-3.3491e-43
-3.3491e-43
-3.3491e-43
-3.3491e-43
-3.3491e-43
-3.3491e-43
-3.3491e-43
-3.3491e-43
-3.3491e-43
-3.3491e-43
-3.3491e-43
-3.3491e-43
-3.3491e-43
-3.3491e-43
-3.3491e-43
-3.3491e-43
-3.3491e-43
-3.3491e-43
-3.3491e-43
-3.3491e-43
-3.3491e-43
-3.3491e-43
-3.3491e-43
-3.3491e-43
-3.3491e-43
-3.3491e-43
-3.3491e-43
-3.3491e-43
-3.3491e-43
-3.3491e-43
-3.3491e-43
-3.3491e-43
-3.3491e-43
-3.3491e-43
-3.3491e-43
-3.3491e-43
-3.3491e-43
-3.3491e-43
-3.3491e-43
-3.3491e-43
-3.3491e-43
-3.3491e-43
-3.3491e-43
-3.3491e-43
-3.3491e-43
-3.3491e-43
-3.3491e-43
-3.3491e-43
-3.3491e-43
-3.3491e-43
-3.3491e-43
-3.3491e-43
-3.3491e-43
-3.3491e-43
-3.3491e-43
-3.3491e-43
-3.3491e-43
-3.3491e-43
-3.3491e-43
-3.3491e-43
-3.3491e-43
-3.3491e-43
-3.3491e-43
-3.3491e-43
-3.3491e-43
-3.3491e-43
-3.3491e-43
-3.3491e-43
-3.3491e-43
-3.3491e-43
-3.3491e-43
-3.3491e-43
-3.3491e-43
-3.3491e-43
-3.3491e-43
-3.3491e-43
-3.3491e-43
-3.3491e-43
-3.3491e-43
-3.3491e-43
-3.3491e-43
-3.3491e-43
-3.3491e-43
-3.3491e-43
-3.3491e-43
-3.3491e-43
-3.3491e-43
-3.3491e-43
-3.3491e-43
-3.3491e-43
-3.3491e-43
-3.3491e-43
-3.3491e-43
-3.3491e-43
-3.3491e-43
-3.3491e-43
-3.3491e-43
-3.3491e-43
-3.3491e-43
-3.3491e-43
-3.3491e-43
-3.3491e-43
-3.3491e-43
-3.3491e-43
-3.3491e-43
-3.3491e-43
-3.3491e-43
-3.3491e-43
-3.3491e-43
-3.3491e-43
-3.3491e-43
-3.3491e-43
-3.3491e-43
-3.3491e-43
-3.3491e-43
-3.3491e-43
-3.3491e-43
-3.3491e-43
-3.3491e-43
-3.3491e-43
-3.3491e-43
-3.3491e-43
-3.3491e-43
-3.3491e-43
-3.3491e-43
-3.3491e-43
-3.3491e-43
-3.3491e-43
-3.3491e-43
-3.3491e-43
-3.3491e-43
-3.3491e-43
-3.3491e-43
-3.3491e-43
-3.3491e-43
-3.3491e-43
-3.3491e-43
-3.3491e-43
-3.3491e-43
-3.3491e-43
-3.3491e-43
-3.3491e-43
-3.3491e-43
-3.3491e-43
-3.3491e-43
-3.3491e-43
-3.3491e-43
-3.3491e-43
-3.3491e-43
-3.3491e-43
-3.3491e-43
-3.3491e-43
-3.3491e-43
-3.3491e-43
-3.3491e-43
-3.3491e-43
-3.3491e-43
-3.3491e-43
-3.3491e-43
-3.3491e-43
-3.3491e-43
-3.3491e-43
-3.3491e-43
-3.3491e-43
-3.3491e-43
-3.3491e-43
-3.3491e-43
-3.3491e-43
-3.3491e-43
-3.3491e-43
-3.3491e-43
-3.3491e-43
-3.3491e-43
-3.3491e-43
-3.3491e-43
-3.3491e-43
-3.3491e-43
-3.3491e-43
-3.3491e-43
-3.3491e-43
-3.3491e-43
-3.3491e-43
-3.3491e-43
-3.3491e-43
-3.3491e-43
-3.3491e-43
-3.3491e-43
-3.3491e-43
-3.3491e-43
-3.3491e-43
-3.3491e-43
-3.3491e-43
-3.3491e-43
-3.3491e-43
-3.3491e-43
-3.3491e-43
-3.3491e-43
-3.3491e-43
-3.3491e-43
-3.3491e-43
-3.3491e-43
-3.3491e-43
-3.3491e-43
-3.3491e-43
-3.3491e-43
-3.3491e-43
-3.3491e-43
-3.3491e-43
-3.3491e-43
-3.3491e-43
-3.3491e-43
-3.3491e-43
-3.3491e-43
-3.3491e-43
-3.3491e-43
-3.3491e-43
-3.3491e-43
-3.3491e-43
-3.3491e-43
-3.3491e-43
-3.3491e-43
-3.3491e-43
-3.3491e-43
-3.3491e-43
-3.3491e-43
-3.3491e-43
-3.3491e-43
-3.3491e-43
-3.3491e-43
-3.3491e-43
-3.3491e-43
-3.3491e-43
-3.3491e-43
-3.3491e-43
-3.3491e-43
-3.3491e-43
-3.3491e-43
-3.3491e-43
-3.3491e-43
-3.3491e-43
-3.3491e-43
-3.3491e-43
-3.3491e-43
-3.3491e-43
-3.3491e-43
-3.3491e-43
-3.3491e-43
-3.3491e-43
-3.3491e-43
-3.3491e-43
-3.3491e-43
-3.3491e-43
-3.3491e-43
-3.3491e-43
-3.3491e-43
-3.3491e-43
-3.3491e-43
-3.3491e-43
-3.3491e-43
-3.3491e-43
-3.3491e-43
-3.3491e-43
-3.3491e-43
-3.3491e-43
-3.3491e-43
-3.3491e-43
-3.3491e-43
-3.3491e-43
-3.3491e-43
-3.3491e-43
-3.3491e-43
-3.3491e-43
-3.3491e-43
-3.3491e-43
-3.3491e-43
-3.3491e-43
-3.3491e-43
-3.3491e-43
-3.3491e-43
-3.3491e-43
-3.3491e-43
-3.3491e-43
-3.3491e-43
-3.3491e-43
-3.3491e-43
-3.3491e-43
-3.3491e-43
-3.3491e-43
-3.3491e-43
-3.3491e-43
-3.3491e-43
-3.3491e-43
-3.3491e-43
-3.3491e-43
-3.3491e-43
-3.3491e-43
-3.3491e-43
-3.3491e-43
-3.3491e-43
-3.3491e-43
-3.3491e-43
-3.3491e-43
-3.3491e-43
-3.3491e-43
-3.3491e-43
-3.3491e-43
-3.3491e-43
-3.3491e-43
-3.3491e-43
-3.3491e-43
-3.3491e-43
-3.3491e-43
-3.3491e-43
-3.3491e-43
-3.3491e-43
-3.3491e-43
-3.3491e-43
-3.3491e-43
-3.3491e-43
-3.3491e-43
-3.3491e-43
-3.3491e-43
-3.3491e-43
-3.3491e-43
-3.3491e-43
-3.3491e-43
-3.3491e-43
-3.3491e-43
-3.3491e-43
-3.3491e-43
-3.3491e-43
-3.3491e-43
-3.3491e-43
-3.3491e-43
-3.3491e-43
-3.3491e-43
-3.3491e-43
-3.3491e-43
-3.3491e-43
-3.3491e-43
-3.3491e-43
-3.3491e-43
-3.3491e-43
-3.3491e-43
-3.3491e-43
-3.3491e-43
-3.3491e-43
-3.3491e-43
-3.3491e-43
-3.3491e-43
-3.3491e-43
-3.3491e-43
-3.3491e-43
-3.3491e-43
-3.3491e-43
-3.3491e-43
-3.3491e-43
-3.3491e-43
-3.3491e-43
-3.3491e-43
-3.3491e-43
-3.3491e-43
-3.3491e-43
-3.3491e-43
-3.3491e-43
-3.3491e-43
-3.3491e-43
-3.3491e-43
-3.3491e-43
-3.3491e-43
-3.3491e-43
-3.3491e-43
-3.3491e-43
-3.3491e-43
-3.3491e-43
-3.3491e-43
-3.3491e-43
-3.3491e-43
-3.3491e-43
-3.3491e-43
-3.3491e-43
-3.3491e-43
-3.3491e-43
-3.3491e-43
-3.3491e-43
-3.3491e-43
-3.3491e-43
-3.3491e-43
-3.3491e-43
-3.3491e-43
-3.3491e-43
-3.3491e-43
-3.3491e-43
-3.3491e-43
-3.3491e-43
-3.3491e-43
-3.3491e-43
-3.3491e-43
-3.3491e-43
-3.3491e-43
-3.3491e-43
-3.3491e-43
-3.3491e-43
-3.3491e-43
-3.3491e-43
-3.3491e-43
-3.3491e-43
-3.3491e-43
-3.3491e-43
-3.3491e-43
-3.3491e-43
-3.3491e-43
-3.3491e-43
-3.3491e-43
-3.3491e-43
-3.3491e-43
-3.3491e-43
-3.3491e-43
-3.3491e-43
-3.3491e-43
-3.3491e-43
-3.3491e-43
-3.3491e-43
-3.3491e-43
-3.3491e-43
-3.3491e-43
-3.3491e-43
-3.3491e-43
-3.3491e-43
-3.3491e-43
-3.3491e-43
-3.3491e-43
-3.3491e-43
-3.3491e-43
-3.3491e-43
-3.3491e-43
-3.3491e-43
-3.3491e-43
-3.3491e-43
-3.3491e-43
-3.3491e-43
-3.3491e-43
-3.3491e-43
-3.3491e-43
-3.3491e-43
-3.3491e-43
-3.3491e-43
-3.3491e-43
-3.3491e-43
-3.3491e-43
-3.3491e-43
-3.3491e-43
-3.3491e-43
-3.3491e-43
-3.3491e-43
-3.3491e-43
-3.3491e-43
-3.3491e-43
-3.3491e-43
-3.3491e-43
-3.3491e-43
-3.3491e-43
-3.3491e-43
-3.3491e-43
-3.3491e-43
-3.3491e-43
-3.3491e-43
-3.3491e-43
-3.3491e-43
-3.3491e-43
-3.3491e-43
-3.3491e-43
-3.3491e-43
-3.3491e-43
-3.3491e-43
-3.3491e-43
-3.3491e-43
-3.3491e-43
-3.3491e-43
-3.3491e-43
-3.3491e-43
-3.3491e-43
-3.3491e-43
-3.3491e-43
-3.3491e-43
-3.3491e-43
-3.3491e-43
-3.3491e-43
-3.3491e-43
-3.3491e-43
-3.3491e-43
-3.3491e-43
-3.3491e-43
-3.3491e-43
-3.3491e-43
-3.3491e-43
-3.3491e-43
-3.3491e-43
-3.3491e-43
-3.3491e-43
-3.3491e-43
-3.3491e-43
-3.3491e-43
-3.3491e-43
-3.3491e-43
-3.3491e-43
-3.3491e-43
-3.3491e-43
-3.3491e-43
-3.3491e-43
-3.3491e-43
-3.3491e-43
-3.3491e-43
-3.3491e-43
-3.3491e-43
-3.3491e-43
-3.3491e-43
-3.3491e-43
-3.3491e-43
-3.3491e-43
-3.3491e-43
-3.3491e-43
-3.3491e-43
-3.3491e-43
-3.3491e-43
-3.3491e-43
-3.3491e-43
-3.3491e-43
-3.3491e-43
-3.3491e-43
-3.3491e-43
-3.3491e-43
-3.3491e-43
-3.3491e-43
-3.3491e-43
-3.3491e-43
-3.3491e-43
-3.3491e-43
-3.3491e-43
-3.3491e-43
-3.3491e-43
-3.3491e-43
-3.3491e-43
-3.3491e-43
-3.3491e-43
-3.3491e-43
-3.3491e-43
-3.3491e-43
-3.3491e-43
-3.3491e-43
-3.3491e-43
-3.3491e-43
-3.3491e-43
-3.3491e-43
-3.3491e-43
-3.3491e-43
-3.3491e-43
-3.3491e-43
-3.3491e-43
-3.3491e-43
-3.3491e-43
-3.3491e-43
-3.3491e-43
-3.3491e-43
-3.3491e-43
-3.3491e-43
-3.3491e-43
-3.3491e-43
-3.3491e-43
-3.3491e-43
-3.3491e-43
-3.3491e-43
-3.3491e-43
-3.3491e-43
-3.3491e-43
-3.3491e-43
-3.3491e-43
-3.3491e-43
-3.3491e-43
-3.3491e-43
-3.3491e-43
-3.3491e-43
-3.3491e-43
-3.3491e-43
-3.3491e-43
-3.3491e-43
-3.3491e-43
-3.3491e-43
-3.3491e-43
-3.3491e-43
-3.3491e-43
-3.3491e-43
-3.3491e-43
-3.3491e-43
-3.3491e-43
-3.3491e-43
-3.3491e-43
-3.3491e-43
-3.3491e-43
-3.3491e-43
-3.3491e-43
-3.3491e-43
-3.3491e-43
-3.3491e-43
-3.3491e-43
-3.3491e-43
-3.3491e-43
-3.3491e-43
-3.3491e-43
-3.3491e-43
-3.3491e-43
-3.3491e-43
-3.3491e-43
-3.3491e-43
-3.3491e-43
-3.3491e-43
-3.3491e-43
-3.3491e-43
-3.3491e-43
-3.3491e-43
-3.3491e-43
-3.3491e-43
-3.3491e-43
-3.3491e-43
-3.3491e-43
-3.3491e-43
-3.3491e-43
-3.3491e-43
-3.3491e-43
-3.3491e-43
-3.3491e-43
-3.3491e-43
-3.3491e-43
-3.3491e-43
-3.3491e-43
-3.3491e-43
-3.3491e-43
-3.3491e-43
-3.3491e-43
-3.3491e-43
-3.3491e-43
-3.3491e-43
-3.3491e-43
-3.3491e-43
-3.3491e-43
-3.3491e-43
-3.3491e-43
-3.3491e-43
-3.3491e-43
-3.3491e-43
-3.3491e-43
-3.3491e-43
-3.3491e-43
-3.3491e-43
-3.3491e-43
-3.3491e-43
-3.3491e-43
-3.3491e-43
-3.3491e-43
-3.3491e-43
-3.3491e-43
-3.3491e-43
-3.3491e-43
-3.3491e-43
-3.3491e-43
-3.3491e-43
-3.3491e-43
-3.3491e-43
-3.3491e-43
-3.3491e-43
-3.3491e-43
-3.3491e-43
-3.3491e-43
-3.3491e-43
-3.3491e-43
-3.3491e-43
-3.3491e-43
-3.3491e-43
-3.3491e-43
-3.3491e-43
-3.3491e-43
-3.3491e-43
-3.3491e-43
-3.3491e-43
-3.3491e-43
-3.3491e-43
-3.3491e-43
-3.3491e-43
-3.3491e-43
-3.3491e-43
-3.3491e-43
-3.3491e-43
-3.3491e-43
-3.3491e-43
-3.3491e-43
-3.3491e-43
-3.3491e-43
-3.3491e-43
-3.3491e-43
-3.3491e-43
-3.3491e-43
-3.3491e-43
-3.3491e-43
-3.3491e-43
-3.3491e-43
-3.3491e-43
-3.3491e-43
-3.3491e-43
-3.3491e-43
-3.3491e-43
-3.3491e-43
-3.3491e-43
-3.3491e-43
-3.3491e-43
-3.3491e-43
-3.3491e-43
-3.3491e-43
-3.3491e-43
-3.3491e-43
-3.3491e-43
-3.3491e-43
-3.3491e-43
-3.3491e-43
-3.3491e-43
-3.3491e-43
-3.3491e-43
-3.3491e-43
-3.3491e-43
-3.3491e-43
-3.3491e-43
-3.3491e-43
-3.3491e-43
-3.3491e-43
-3.3491e-43
-3.3491e-43
-3.3491e-43
-3.3491e-43
-3.3491e-43
-3.3491e-43
-3.3491e-43
-3.3491e-43
-3.3491e-43
-3.3491e-43
-3.3491e-43
-3.3491e-43
-3.3491e-43
-3.3491e-43
-3.3491e-43
-3.3491e-43
-3.3491e-43
-3.3491e-43
-3.3491e-43
-3.3491e-43
-3.3491e-43
-3.3491e-43
-3.3491e-43
-3.3491e-43
-3.3491e-43
-3.3491e-43
-3.3491e-43
-3.3491e-43
-3.3491e-43
-3.3491e-43
-3.3491e-43
-3.3491e-43
-3.3491e-43
-3.3491e-43
-3.3491e-43
-3.3491e-43
-3.3491e-43
-3.3491e-43
-3.3491e-43
-3.3491e-43
-3.3491e-43
-3.3491e-43
-3.3491e-43
-3.3491e-43
-3.3491e-43
-3.3491e-43
-3.3491e-43
-3.3491e-43
-3.3491e-43
-3.3491e-43
-3.3491e-43
-3.3491e-43
-3.3491e-43
-3.3491e-43
-3.3491e-43
-3.3491e-43
-3.3491e-43
-3.3491e-43
-3.3491e-43
-3.3491e-43
-3.3491e-43
-3.3491e-43
-3.3491e-43
-3.3491e-43
-3.3491e-43
-3.3491e-43
-3.3491e-43
-3.3491e-43
-3.3491e-43
-3.3491e-43
-3.3491e-43
-3.3491e-43
-3.3491e-43
-3.3491e-43
-3.3491e-43
-3.3491e-43
-3.3491e-43
-3.3491e-43
-3.3491e-43
-3.3491e-43
-3.3491e-43
-3.3491e-43
-3.3491e-43
-3.3491e-43
-3.3491e-43
-3.3491e-43
-3.3491e-43
-3.3491e-43
-3.3491e-43
-3.3491e-43
-3.3491e-43
-3.3491e-43
-3.3491e-43
-3.3491e-43
-3.3491e-43
-3.3491e-43
-3.3491e-43
-3.3491e-43
-3.3491e-43
-3.3491e-43
-3.3491e-43
-3.3491e-43
-3.3491e-43
-3.3491e-43
-3.3491e-43
-3.3491e-43
-3.3491e-43
-3.3491e-43
-3.3491e-43
-3.3491e-43
-3.3491e-43
-3.3491e-43
-3.3491e-43
-3.3491e-43
-3.3491e-43
-3.3491e-43
-3.3491e-43
-3.3491e-43
-3.3491e-43
-3.3491e-43
-3.3491e-43
-3.3491e-43
-3.3491e-43
-3.3491e-43
-3.3491e-43
-3.3491e-43
-3.3491e-43
-3.3491e-43
-3.3491e-43
-3.3491e-43
-3.3491e-43
-3.3491e-43
-3.3491e-43
-3.3491e-43
-3.3491e-43
-3.3491e-43
-3.3491e-43
-3.3491e-43
-3.3491e-43
-3.3491e-43
-3.3491e-43
-3.3491e-43
-3.3491e-43
-3.3491e-43
-3.3491e-43
-3.3491e-43
-3.3491e-43
-3.3491e-43
-3.3491e-43
-3.3491e-43
-3.3491e-43
-3.3491e-43
-3.3491e-43
-3.3491e-43
-3.3491e-43
-3.3491e-43
-3.3491e-43
-3.3491e-43
-3.3491e-43
-3.3491e-43
-3.3491e-43
-3.3491e-43
-3.3491e-43
-3.3491e-43
-3.3491e-43
-3.3491e-43
-3.3491e-43
-3.3491e-43
-3.3491e-43
-3.3491e-43
-3.3491e-43
-3.3491e-43
-3.3491e-43
-3.3491e-43
-3.3491e-43
-3.3491e-43
-3.3491e-43
-3.3491e-43
-3.3491e-43
-3.3491e-43
-3.3491e-43
-3.3491e-43
-3.3491e-43
-3.3491e-43
-3.3491e-43
-3.3491e-43
-3.3491e-43
-3.3491e-43
-3.3491e-43
-3.3491e-43
-3.3491e-43
-3.3491e-43
-3.3491e-43
-3.3491e-43
-3.3491e-43
-3.3491e-43
-3.3491e-43
-3.3491e-43
-3.3491e-43
-3.3491e-43
-3.3491e-43
-3.3491e-43
-3.3491e-43
-3.3491e-43
-3.3491e-43
-3.3491e-43
-3.3491e-43
-3.3491e-43
-3.3491e-43
-3.3491e-43
-3.3491e-43
-3.3491e-43
-3.3491e-43
-3.3491e-43
-3.3491e-43
-3.3491e-43
-3.3491e-43
-3.3491e-43
-3.3491e-43
-3.3491e-43
-3.3491e-43
-3.3491e-43
-3.3491e-43
-3.3491e-43
-3.3491e-43
-3.3491e-43
-3.3491e-43
-3.3491e-43
-3.3491e-43
-3.3491e-43
-3.3491e-43
-3.3491e-43
-3.3491e-43
-3.3491e-43
-3.3491e-43
-3.3491e-43
-3.3491e-43
-3.3491e-43
-3.3491e-43
-3.3491e-43
-3.3491e-43
-3.3491e-43
-3.3491e-43
-3.3491e-43
-3.3491e-43
-3.3491e-43
-3.3491e-43
-3.3491e-43
-3.3491e-43
-3.3491e-43
-3.3491e-43
-3.3491e-43
-3.3491e-43
-3.3491e-43
-3.3491e-43
-3.3491e-43
-3.3491e-43
-3.3491e-43
-3.3491e-43
-3.3491e-43
-3.3491e-43
-3.3491e-43
-3.3491e-43
-3.3491e-43
-3.3491e-43
-3.3491e-43
-3.3491e-43
-3.3491e-43
-3.3491e-43
-3.3491e-43
-3.3491e-43
-3.3491e-43
-3.3491e-43
-3.3491e-43
-3.3491e-43
-3.3491e-43
-3.3491e-43
-3.3491e-43
-3.3491e-43
-3.3491e-43
-3.3491e-43
-3.3491e-43
-3.3491e-43
-3.3491e-43
-3.3491e-43
-3.3491e-43
-3.3491e-43
-3.3491e-43
-3.3491e-43
-3.3491e-43
-3.3491e-43
-3.3491e-43
-3.3491e-43
-3.3491e-43
-3.3491e-43
-3.3491e-43
-3.3491e-43
-3.3491e-43
-3.3491e-43
-3.3491e-43
-3.3491e-43
-3.3491e-43
-3.3491e-43
-3.3491e-43
-3.3491e-43
-3.3491e-43
-3.3491e-43
-3.3491e-43
-3.3491e-43
-3.3491e-43
-3.3491e-43
-3.3491e-43
-3.3491e-43
-3.3491e-43
-3.3491e-43
-3.3491e-43
-3.3491e-43
-3.3491e-43
-3.3491e-43
-3.3491e-43
-3.3491e-43
-3.3491e-43
-3.3491e-43
-3.3491e-43
-3.3491e-43
-3.3491e-43
-3.3491e-43
-3.3491e-43
-3.3491e-43
-3.3491e-43
-3.3491e-43
-3.3491e-43
-3.3491e-43
-3.3491e-43
-3.3491e-43
-3.3491e-43
-3.3491e-43
-3.3491e-43
-3.3491e-43
-3.3491e-43
-3.3491e-43
-3.3491e-43
-3.3491e-43
-3.3491e-43
-3.3491e-43
-3.3491e-43
-3.3491e-43
-3.3491e-43
-3.3491e-43
-3.3491e-43
-3.3491e-43
-3.3491e-43
-3.3491e-43
-3.3491e-43
-3.3491e-43
-3.3491e-43
-3.3491e-43
-3.3491e-43
-3.3491e-43
-3.3491e-43
-3.3491e-43
-3.3491e-43
-3.3491e-43
-3.3491e-43
-3.3491e-43
-3.3491e-43
-3.3491e-43
-3.3491e-43
-3.3491e-43
-3.3491e-43
-3.3491e-43
-3.3491e-43
-3.3491e-43
-3.3491e-43
-3.3491e-43
-3.3491e-43
-3.3491e-43
-3.3491e-43
-3.3491e-43
-3.3491e-43
-3.3491e-43
-3.3491e-43
-3.3491e-43
-3.3491e-43
-3.3491e-43
-3.3491e-43
-3.3491e-43
-3.3491e-43
-3.3491e-43
-3.3491e-43
-3.3491e-43
-3.3491e-43
-3.3491e-43
-3.3491e-43
-3.3491e-43
-3.3491e-43
-3.3491e-43
-3.3491e-43
-3.3491e-43
-3.3491e-43
-3.3491e-43
-3.3491e-43
-3.3491e-43
-3.3491e-43
-3.3491e-43
-3.3491e-43
-3.3491e-43
-3.3491e-43
-3.3491e-43
-3.3491e-43
-3.3491e-43
-3.3491e-43
-3.3491e-43
-3.3491e-43
-3.3491e-43
-3.3491e-43
-3.3491e-43
-3.3491e-43
-3.3491e-43
-3.3491e-43
-3.3491e-43
-3.3491e-43
-3.3491e-43
-3.3491e-43
-3.3491e-43
-3.3491e-43
-3.3491e-43
-3.3491e-43
-3.3491e-43
-3.3491e-43
-3.3491e-43
-3.3491e-43
-3.3491e-43
-3.3491e-43
-3.3491e-43
-3.3491e-43
-3.3491e-43
-3.3491e-43
-3.3491e-43
-3.3491e-43
-3.3491e-43
-3.3491e-43
-3.3491e-43
-3.3491e-43
-3.3491e-43
-3.3491e-43
-3.3491e-43
-3.3491e-43
-3.3491e-43
-3.3491e-43
-3.3491e-43
-3.3491e-43
-3.3491e-43
-3.3491e-43
-3.3491e-43
-3.3491e-43
-3.3491e-43
-3.3491e-43
-3.3491e-43
-3.3491e-43
-3.3491e-43
-3.3491e-43
-3.3491e-43
-3.3491e-43
-3.3491e-43
-3.3491e-43
-3.3491e-43
-3.3491e-43
-3.3491e-43
-3.3491e-43
-3.3491e-43
-3.3491e-43
-3.3491e-43
-3.3491e-43
-3.3491e-43
-3.3491e-43
-3.3491e-43
-3.3491e-43
-3.3491e-43
-3.3491e-43
-3.3491e-43
-3.3491e-43
-3.3491e-43
-3.3491e-43
-3.3491e-43
-3.3491e-43
-3.3491e-43
-3.3491e-43
-3.3491e-43
-3.3491e-43
-3.3491e-43
-3.3491e-43
-3.3491e-43
-3.3491e-43
-3.3491e-43
-3.3491e-43
-3.3491e-43
-3.3491e-43
-3.3491e-43
-3.3491e-43
-3.3491e-43
-3.3491e-43
-3.3491e-43
-3.3491e-43
-3.3491e-43
-3.3491e-43
-3.3491e-43
-3.3491e-43
-3.3491e-43
-3.3491e-43
-3.3491e-43
-3.3491e-43
-3.3491e-43
-3.3491e-43
-3.3491e-43
-3.3491e-43
-3.3491e-43
-3.3491e-43
-3.3491e-43
-3.3491e-43
-3.3491e-43
-3.3491e-43
-3.3491e-43
-3.3491e-43
-3.3491e-43
-3.3491e-43
-3.3491e-43
-3.3491e-43
-3.3491e-43
-3.3491e-43
-3.3491e-43
-3.3491e-43
-3.3491e-43
-3.3491e-43
-3.3491e-43
-3.3491e-43
-3.3491e-43
-3.3491e-43
-3.3491e-43
-3.3491e-43
-3.3491e-43
-3.3491e-43
-3.3491e-43
-3.3491e-43
-3.3491e-43
-3.3491e-43
-3.3491e-43
-3.3491e-43
-3.3491e-43
-3.3491e-43
-3.3491e-43
-3.3491e-43
-3.3491e-43
-3.3491e-43
-3.3491e-43
-3.3491e-43
-3.3491e-43
-3.3491e-43
-3.3491e-43
-3.3491e-43
-3.3491e-43
-3.3491e-43
-3.3491e-43
-3.3491e-43
-3.3491e-43
-3.3491e-43
-3.3491e-43
-3.3491e-43
-3.3491e-43
-3.3491e-43
-3.3491e-43
-3.3491e-43
-3.3491e-43
-3.3491e-43
-3.3491e-43
-3.3491e-43
-3.3491e-43
-3.3491e-43
-3.3491e-43
-3.3491e-43
-3.3491e-43
-3.3491e-43
-3.3491e-43
-3.3491e-43
-3.3491e-43
-3.3491e-43
-3.3491e-43
-3.3491e-43
-3.3491e-43
-3.3491e-43
-3.3491e-43
-3.3491e-43
-3.3491e-43
-3.3491e-43
-3.3491e-43
-3.3491e-43
-3.3491e-43
-3.3491e-43
-3.3491e-43
-3.3491e-43
-3.3491e-43
-3.3491e-43
-3.3491e-43
-3.3491e-43
-3.3491e-43
-3.3491e-43
-3.3491e-43
-3.3491e-43
-3.3491e-43
-3.3491e-43
-3.3491e-43
-3.3491e-43
-3.3491e-43
-3.3491e-43
-3.3491e-43
-3.3491e-43
-3.3491e-43
-3.3491e-43
-3.3491e-43
-3.3491e-43
-3.3491e-43
-3.3491e-43
-3.3491e-43
-3.3491e-43
-3.3491e-43
-3.3491e-43
-3.3491e-43
-3.3491e-43
-3.3491e-43
-3.3491e-43
-3.3491e-43
-3.3491e-43
-3.3491e-43
-3.3491e-43
-3.3491e-43
-3.3491e-43
-3.3491e-43
-3.3491e-43
-3.3491e-43
-3.3491e-43
-3.3491e-43
-3.3491e-43
-3.3491e-43
-3.3491e-43
-3.3491e-43
-3.3491e-43
-3.3491e-43
-3.3491e-43
-3.3491e-43
-3.3491e-43
-3.3491e-43
-3.3491e-43
-3.3491e-43
-3.3491e-43
-3.3491e-43
-3.3491e-43
-3.3491e-43
-3.3491e-43
-3.3491e-43
-3.3491e-43
-3.3491e-43
-3.3491e-43
-3.3491e-43
-3.3491e-43
-3.3491e-43
-3.3491e-43
-3.3491e-43
-3.3491e-43
-3.3491e-43
-3.3491e-43
-3.3491e-43
-3.3491e-43
-3.3491e-43
-3.3491e-43
-3.3491e-43
-3.3491e-43
-3.3491e-43
-3.3491e-43
-3.3491e-43
-3.3491e-43
-3.3491e-43
-3.3491e-43
-3.3491e-43
-3.3491e-43
-3.3491e-43
-3.3491e-43
-3.3491e-43
-3.3491e-43
-3.3491e-43
-3.3491e-43
-3.3491e-43
-3.3491e-43
-3.3491e-43
-3.3491e-43
-3.3491e-43
-3.3491e-43
-3.3491e-43
-3.3491e-43
-3.3491e-43
-3.3491e-43
-3.3491e-43
-3.3491e-43
-3.3491e-43
-3.3491e-43
-3.3491e-43
-3.3491e-43
-3.3491e-43
-3.3491e-43
-3.3491e-43
-3.3491e-43
-3.3491e-43
-3.3491e-43
-3.3491e-43
-3.3491e-43
-3.3491e-43
-3.3491e-43
-3.3491e-43
-3.3491e-43
-3.3491e-43
-3.3491e-43
-3.3491e-43
-3.3491e-43
-3.3491e-43
-3.3491e-43
-3.3491e-43
-3.3491e-43
-3.3491e-43
-3.3491e-43
-3.3491e-43
-3.3491e-43
-3.3491e-43
-3.3491e-43
-3.3491e-43
-3.3491e-43
-3.3491e-43
-3.3491e-43
-3.3491e-43
-3.3491e-43
-3.3491e-43
-3.3491e-43
-3.3491e-43
-3.3491e-43
-3.3491e-43
-3.3491e-43
-3.3491e-43
-3.3491e-43
-3.3491e-43
-3.3491e-43
-3.3491e-43
-3.3491e-43
-3.3491e-43
-3.3491e-43
-3.3491e-43
-3.3491e-43
-3.3491e-43
-3.3491e-43
-3.3491e-43
-3.3491e-43
-3.3491e-43
-3.3491e-43
-3.3491e-43
-3.3491e-43
-3.3491e-43
-3.3491e-43
-3.3491e-43
-3.3491e-43
-3.3491e-43
-3.3491e-43
-3.3491e-43
-3.3491e-43
-3.3491e-43
-3.3491e-43
-3.3491e-43
-3.3491e-43
-3.3491e-43
-3.3491e-43
-3.3491e-43
-3.3491e-43
-3.3491e-43
-3.3491e-43
-3.3491e-43
-3.3491e-43
-3.3491e-43
-3.3491e-43
-3.3491e-43
-3.3491e-43
-3.3491e-43
-3.3491e-43
-3.3491e-43
-3.3491e-43
-3.3491e-43
-3.3491e-43
-3.3491e-43
-3.3491e-43
-3.3491e-43
-3.3491e-43
-3.3491e-43
-3.3491e-43
-3.3491e-43
-3.3491e-43
-3.3491e-43
-3.3491e-43
-3.3491e-43
-3.3491e-43
-3.3491e-43
-3.3491e-43
-3.3491e-43
-3.3491e-43
-3.3491e-43
-3.3491e-43
-3.3491e-43
-3.3491e-43
-3.3491e-43
-3.3491e-43
-3.3491e-43
-3.3491e-43
-3.3491e-43
-3.3491e-43
-3.3491e-43
-3.3491e-43
-3.3491e-43
-3.3491e-43
-3.3491e-43
-3.3491e-43
-3.3491e-43
-3.3491e-43
-3.3491e-43
-3.3491e-43
-3.3491e-43
-3.3491e-43
-3.3491e-43
-3.3491e-43
-3.3491e-43
-3.3491e-43
-3.3491e-43
-3.3491e-43
-3.3491e-43
-3.3491e-43
-3.3491e-43
-3.3491e-43
-3.3491e-43
-3.3491e-43
-3.3491e-43
-3.3491e-43
-3.3491e-43
-3.3491e-43
-3.3491e-43
-3.3491e-43
-3.3491e-43
-3.3491e-43
-3.3491e-43
-3.3491e-43
-3.3491e-43
-3.3491e-43
-3.3491e-43
-3.3491e-43
-3.3491e-43
-3.3491e-43
-3.3491e-43
-3.3491e-43
-3.3491e-43
-3.3491e-43
-3.3491e-43
-3.3491e-43
-3.3491e-43
-3.3491e-43
-3.3491e-43
-3.3491e-43
-3.3491e-43
-3.3491e-43
-3.3491e-43
-3.3491e-43
-3.3491e-43
-3.3491e-43
-3.3491e-43
-3.3491e-43
-3.3491e-43
-3.3491e-43
-3.3491e-43
-3.3491e-43
-3.3491e-43
-3.3491e-43
-3.3491e-43
-3.3491e-43
-3.3491e-43
-3.3491e-43
-3.3491e-43
-3.3491e-43
-3.3491e-43
-3.3491e-43
-3.3491e-43
-3.3491e-43
-3.3491e-43
-3.3491e-43
-3.3491e-43
-3.3491e-43
-3.3491e-43
-3.3491e-43
-3.3491e-43
-3.3491e-43
-3.3491e-43
-3.3491e-43
-3.3491e-43
-3.3491e-43
-3.3491e-43
-3.3491e-43
-3.3491e-43
-3.3491e-43
-3.3491e-43
-3.3491e-43
-3.3491e-43
-3.3491e-43
-3.3491e-43
-3.3491e-43
-3.3491e-43
-3.3491e-43
-3.3491e-43
-3.3491e-43
-3.3491e-43
-3.3491e-43
-3.3491e-43
-3.3491e-43
-3.3491e-43
-3.3491e-43
-3.3491e-43
-3.3491e-43
-3.3491e-43
-3.3491e-43
-3.3491e-43
-3.3491e-43
-3.3491e-43
-3.3491e-43
-3.3491e-43
-3.3491e-43
-3.3491e-43
-3.3491e-43
-3.3491e-43
-3.3491e-43
-3.3491e-43
-3.3491e-43
-3.3491e-43
-3.3491e-43
-3.3491e-43
-3.3491e-43
-3.3491e-43
-3.3491e-43
-3.3491e-43
-3.3491e-43
-3.3491e-43
-3.3491e-43
-3.3491e-43
-3.3491e-43
-3.3491e-43
-3.3491e-43
-3.3491e-43
-3.3491e-43
-3.3491e-43
-3.3491e-43
-3.3491e-43
-3.3491e-43
-3.3491e-43
-3.3491e-43
-3.3491e-43
-3.3491e-43
-3.3491e-43
-3.3491e-43
-3.3491e-43
-3.3491e-43
-3.3491e-43
-3.3491e-43
-3.3491e-43
-3.3491e-43
-3.3491e-43
-3.3491e-43
-3.3491e-43
-3.3491e-43
-3.3491e-43
-3.3491e-43
-3.3491e-43
-3.3491e-43
-3.3491e-43
-3.3491e-43
-3.3491e-43
-3.3491e-43
-3.3491e-43
-3.3491e-43
-3.3491e-43
-3.3491e-43
-3.3491e-43
-3.3491e-43
-3.3491e-43
-3.3491e-43
-3.3491e-43
-3.3491e-43
-3.3491e-43
-3.3491e-43
-3.3491e-43
-3.3491e-43
-3.3491e-43
-3.3491e-43
-3.3491e-43
-3.3491e-43
-3.3491e-43
-3.3491e-43
-3.3491e-43
-3.3491e-43
-3.3491e-43
-3.3491e-43
-3.3491e-43
-3.3491e-43
-3.3491e-43
-3.3491e-43
-3.3491e-43
-3.3491e-43
-3.3491e-43
-3.3491e-43
-3.3491e-43
-3.3491e-43
-3.3491e-43
-3.3491e-43
-3.3491e-43
-3.3491e-43
-3.3491e-43
-3.3491e-43
-3.3491e-43
-3.3491e-43
-3.3491e-43
-3.3491e-43
-3.3491e-43
-3.3491e-43
-3.3491e-43
-3.3491e-43
-3.3491e-43
-3.3491e-43
-3.3491e-43
-3.3491e-43
-3.3491e-43
-3.3491e-43
-3.3491e-43
-3.3491e-43
-3.3491e-43
-3.3491e-43
-3.3491e-43
-3.3491e-43
-3.3491e-43
-3.3491e-43
-3.3491e-43
-3.3491e-43
-3.3491e-43
-3.3491e-43
-3.3491e-43
-3.3491e-43
-3.3491e-43
-3.3491e-43
-3.3491e-43
-3.3491e-43
-3.3491e-43
-3.3491e-43
-3.3491e-43
-3.3491e-43
-3.3491e-43
-3.3491e-43
-3.3491e-43
-3.3491e-43
-3.3491e-43
-3.3491e-43
-3.3491e-43
-3.3491e-43
-3.3491e-43
-3.3491e-43
-3.3491e-43
-3.3491e-43
-3.3491e-43
-3.3491e-43
-3.3491e-43
-3.3491e-43
-3.3491e-43
-3.3491e-43
-3.3491e-43
-3.3491e-43
-3.3491e-43
-3.3491e-43
-3.3491e-43
-3.3491e-43
-3.3491e-43
-3.3491e-43
-3.3491e-43
-3.3491e-43
-3.3491e-43
-3.3491e-43
-3.3491e-43
-3.3491e-43
-3.3491e-43
-3.3491e-43
-3.3491e-43
-3.3491e-43
-3.3491e-43
-3.3491e-43
-3.3491e-43
-3.3491e-43
-3.3491e-43
-3.3491e-43
-3.3491e-43
-3.3491e-43
-3.3491e-43
-3.3491e-43
-3.3491e-43
-3.3491e-43
-3.3491e-43
-3.3491e-43
-3.3491e-43
-3.3491e-43
-3.3491e-43
-3.3491e-43
-3.3491e-43
-3.3491e-43
-3.3491e-43
-3.3491e-43
-3.3491e-43
-3.3491e-43
-3.3491e-43
-3.3491e-43
-3.3491e-43
-3.3491e-43
-3.3491e-43
-3.3491e-43
-3.3491e-43
-3.3491e-43
-3.3491e-43
-3.3491e-43
-3.3491e-43
-3.3491e-43
-3.3491e-43
-3.3491e-43
-3.3491e-43
-3.3491e-43
-3.3491e-43
-3.3491e-43
-3.3491e-43
-3.3491e-43
-3.3491e-43
-3.3491e-43
-3.3491e-43
-3.3491e-43
-3.3491e-43
-3.3491e-43
-3.3491e-43
-3.3491e-43
-3.3491e-43
-3.3491e-43
-3.3491e-43
-3.3491e-43
-3.3491e-43
-3.3491e-43
-3.3491e-43
-3.3491e-43
-3.3491e-43
-3.3491e-43
-3.3491e-43
-3.3491e-43
-3.3491e-43
-3.3491e-43
-3.3491e-43
-3.3491e-43
-3.3491e-43
-3.3491e-43
-3.3491e-43
-3.3491e-43
-3.3491e-43
-3.3491e-43
-3.3491e-43
-3.3491e-43
-3.3491e-43
-3.3491e-43
-3.3491e-43
-3.3491e-43
-3.3491e-43
-3.3491e-43
-3.3491e-43
-3.3491e-43
-3.3491e-43
-3.3491e-43
-3.3491e-43
-3.3491e-43
-3.3491e-43
-3.3491e-43
-3.3491e-43
-3.3491e-43
-3.3491e-43
-3.3491e-43
-3.3491e-43
-3.3491e-43
-3.3491e-43
-3.3491e-43
-3.3491e-43
-3.3491e-43
-3.3491e-43
-3.3491e-43
-3.3491e-43
-3.3491e-43
-3.3491e-43
-3.3491e-43
-3.3491e-43
-3.3491e-43
-3.3491e-43
-3.3491e-43
-3.3491e-43
-3.3491e-43
-3.3491e-43
-3.3491e-43
-3.3491e-43
-3.3491e-43
-3.3491e-43
-3.3491e-43
-3.3491e-43
-3.3491e-43
-3.3491e-43
-3.3491e-43
-3.3491e-43
-3.3491e-43
-3.3491e-43
-3.3491e-43
-3.3491e-43
-3.3491e-43
-3.3491e-43
-3.3491e-43
-3.3491e-43
-3.3491e-43
-3.3491e-43
-3.3491e-43
-3.3491e-43
-3.3491e-43
-3.3491e-43
-3.3491e-43
-3.3491e-43
-3.3491e-43
-3.3491e-43
-3.3491e-43
-3.3491e-43
-3.3491e-43
-3.3491e-43
-3.3491e-43
-3.3491e-43
-3.3491e-43
-3.3491e-43
-3.3491e-43
-3.3491e-43
-3.3491e-43
-3.3491e-43
-3.3491e-43
-3.3491e-43
-3.3491e-43
-3.3491e-43
-3.3491e-43
-3.3491e-43
-3.3491e-43
-3.3491e-43
-3.3491e-43
-3.3491e-43
-3.3491e-43
-3.3491e-43
-3.3491e-43
-3.3491e-43
-3.3491e-43
-3.3491e-43
-3.3491e-43
-3.3491e-43
-3.3491e-43
-3.3491e-43
-3.3491e-43
-3.3491e-43
-3.3491e-43
-3.3491e-43
-3.3491e-43
-3.3491e-43
-3.3491e-43
-3.3491e-43
-3.3491e-43
-3.3491e-43
-3.3491e-43
-3.3491e-43
-3.3491e-43
-3.3491e-43
-3.3491e-43
-3.3491e-43
-3.3491e-43
-3.3491e-43
-3.3491e-43
-3.3491e-43
-3.3491e-43
-3.3491e-43
-3.3491e-43
-3.3491e-43
-3.3491e-43
-3.3491e-43
-3.3491e-43
-3.3491e-43
-3.3491e-43
-3.3491e-43
-3.3491e-43
-3.3491e-43
-3.3491e-43
-3.3491e-43
-3.3491e-43
-3.3491e-43
-3.3491e-43
-3.3491e-43
-3.3491e-43
-3.3491e-43
-3.3491e-43
-3.3491e-43
-3.3491e-43
-3.3491e-43
-3.3491e-43
-3.3491e-43
-3.3491e-43
-3.3491e-43
-3.3491e-43
-3.3491e-43
-3.3491e-43
-3.3491e-43
-3.3491e-43
-3.3491e-43
-3.3491e-43
-3.3491e-43
-3.3491e-43
-3.3491e-43
-3.3491e-43
-3.3491e-43
-3.3491e-43
-3.3491e-43
-3.3491e-43
-3.3491e-43
-3.3491e-43
-3.3491e-43
-3.3491e-43
-3.3491e-43
-3.3491e-43
-3.3491e-43
-3.3491e-43
-3.3491e-43
-3.3491e-43
-3.3491e-43
-3.3491e-43
-3.3491e-43
-3.3491e-43
-3.3491e-43
-3.3491e-43
-3.3491e-43
-3.3491e-43
-3.3491e-43
-3.3491e-43
-3.3491e-43
-3.3491e-43
-3.3491e-43
-3.3491e-43
-3.3491e-43
-3.3491e-43
-3.3491e-43
-3.3491e-43
-3.3491e-43
-3.3491e-43
-3.3491e-43
-3.3491e-43
-3.3491e-43
-3.3491e-43
-3.3491e-43
-3.3491e-43
-3.3491e-43
-3.3491e-43
-3.3491e-43
-3.3491e-43
-3.3491e-43
-3.3491e-43
-3.3491e-43
-3.3491e-43
-3.3491e-43
-3.3491e-43
-3.3491e-43
-3.3491e-43
-3.3491e-43
-3.3491e-43
-3.3491e-43
-3.3491e-43
-3.3491e-43
-3.3491e-43
-3.3491e-43
-3.3491e-43
-3.3491e-43
-3.3491e-43
-3.3491e-43
-3.3491e-43
-3.3491e-43
-3.3491e-43
-3.3491e-43
-3.3491e-43
-3.3491e-43
-3.3491e-43
-3.3491e-43
-3.3491e-43
-3.3491e-43
-3.3491e-43
-3.3491e-43
-3.3491e-43
-3.3491e-43
-3.3491e-43
-3.3491e-43
-3.3491e-43
-3.3491e-43
-3.3491e-43
-3.3491e-43
-3.3491e-43
-3.3491e-43
-3.3491e-43
-3.3491e-43
-3.3491e-43
-3.3491e-43
-3.3491e-43
-3.3491e-43
-3.3491e-43
-3.3491e-43
-3.3491e-43
-3.3491e-43
-3.3491e-43
-3.3491e-43
-3.3491e-43
-3.3491e-43
-3.3491e-43
-3.3491e-43
-3.3491e-43
-3.3491e-43
-3.3491e-43
-3.3491e-43
-3.3491e-43
-3.3491e-43
-3.3491e-43
-3.3491e-43
-3.3491e-43
-3.3491e-43
-3.3491e-43
-3.3491e-43
-3.3491e-43
-3.3491e-43
-3.3491e-43
-3.3491e-43
-3.3491e-43
-3.3491e-43
-3.3491e-43
-3.3491e-43
-3.3491e-43
-3.3491e-43
-3.3491e-43
-3.3491e-43
-3.3491e-43
-3.3491e-43
-3.3491e-43
-3.3491e-43
-3.3491e-43
-3.3491e-43
-3.3491e-43
-3.3491e-43
-3.3491e-43
-3.3491e-43
-3.3491e-43
-3.3491e-43
-3.3491e-43
-3.3491e-43
-3.3491e-43
-3.3491e-43
-3.3491e-43
-3.3491e-43
-3.3491e-43
-3.3491e-43
-3.3491e-43
-3.3491e-43
-3.3491e-43
-3.3491e-43
-3.3491e-43
-3.3491e-43
-3.3491e-43
-3.3491e-43
-3.3491e-43
-3.3491e-43
-3.3491e-43
-3.3491e-43
-3.3491e-43
-3.3491e-43
-3.3491e-43
-3.3491e-43
-3.3491e-43
-3.3491e-43
-3.3491e-43
-3.3491e-43
-3.3491e-43
-3.3491e-43
-3.3491e-43
-3.3491e-43
-3.3491e-43
-3.3491e-43
-3.3491e-43
-3.3491e-43
-3.3491e-43
-3.3491e-43
-3.3491e-43
-3.3491e-43
-3.3491e-43
-3.3491e-43
-3.3491e-43
-3.3491e-43
-3.3491e-43
-3.3491e-43
-3.3491e-43
-3.3491e-43
-3.3491e-43
-3.3491e-43
-3.3491e-43
-3.3491e-43
-3.3491e-43
-3.3491e-43
-3.3491e-43
-3.3491e-43
-3.3491e-43
-3.3491e-43
-3.3491e-43
-3.3491e-43
-3.3491e-43
-3.3491e-43
-3.3491e-43
-3.3491e-43
-3.3491e-43
-3.3491e-43
-3.3491e-43
-3.3491e-43
-3.3491e-43
-3.3491e-43
-3.3491e-43
-3.3491e-43
-3.3491e-43
-3.3491e-43
-3.3491e-43
-3.3491e-43
-3.3491e-43
-3.3491e-43
-3.3491e-43
-3.3491e-43
-3.3491e-43
-3.3491e-43
-3.3491e-43
-3.3491e-43
-3.3491e-43
-3.3491e-43
-3.3491e-43
-3.3491e-43
-3.3491e-43
-3.3491e-43
-3.3491e-43
-3.3491e-43
-3.3491e-43
-3.3491e-43
-3.3491e-43
-3.3491e-43
-3.3491e-43
-3.3491e-43
-3.3491e-43
-3.3491e-43
-3.3491e-43
-3.3491e-43
-3.3491e-43
-3.3491e-43
-3.3491e-43
-3.3491e-43
-3.3491e-43
-3.3491e-43
-3.3491e-43
-3.3491e-43
-3.3491e-43
-3.3491e-43
-3.3491e-43
-3.3491e-43
-3.3491e-43
-3.3491e-43
-3.3491e-43
-3.3491e-43
-3.3491e-43
-3.3491e-43
-3.3491e-43
-3.3491e-43
-3.3491e-43
-3.3491e-43
-3.3491e-43
-3.3491e-43
-3.3491e-43
-3.3491e-43
-3.3491e-43
-3.3491e-43
-3.3491e-43
-3.3491e-43
-3.3491e-43
-3.3491e-43
-3.3491e-43
-3.3491e-43
-3.3491e-43
-3.3491e-43
-3.3491e-43
-3.3491e-43
-3.3491e-43
-3.3491e-43
-3.3491e-43
-3.3491e-43
-3.3491e-43
-3.3491e-43
-3.3491e-43
-3.3491e-43
-3.3491e-43
-3.3491e-43
-3.3491e-43
-3.3491e-43
-3.3491e-43
-3.3491e-43
-3.3491e-43
-3.3491e-43
-3.3491e-43
-3.3491e-43
-3.3491e-43
-3.3491e-43
-3.3491e-43
-3.3491e-43
-3.3491e-43
-3.3491e-43
-3.3491e-43
-3.3491e-43
-3.3491e-43
-3.3491e-43
-3.3491e-43
-3.3491e-43
-3.3491e-43
-3.3491e-43
-3.3491e-43
-3.3491e-43
-3.3491e-43
-3.3491e-43
-3.3491e-43
-3.3491e-43
-3.3491e-43
-3.3491e-43
-3.3491e-43
-3.3491e-43
-3.3491e-43
-3.3491e-43
-3.3491e-43
-3.3491e-43
-3.3491e-43
-3.3491e-43
-3.3491e-43
-3.3491e-43
-3.3491e-43
-3.3491e-43
-3.3491e-43
-3.3491e-43
-3.3491e-43
-3.3491e-43
-3.3491e-43
-3.3491e-43
-3.3491e-43
-3.3491e-43
-3.3491e-43
-3.3491e-43
-3.3491e-43
-3.3491e-43
-3.3491e-43
-3.3491e-43
-3.3491e-43
-3.3491e-43
-3.3491e-43
-3.3491e-43
-3.3491e-43
-3.3491e-43
-3.3491e-43
-3.3491e-43
-3.3491e-43
-3.3491e-43
-3.3491e-43
-3.3491e-43
-3.3491e-43
-3.3491e-43
-3.3491e-43
-3.3491e-43
-3.3491e-43
-3.3491e-43
-3.3491e-43
-3.3491e-43
-3.3491e-43
-3.3491e-43
-3.3491e-43
-3.3491e-43
-3.3491e-43
-3.3491e-43
-3.3491e-43
-3.3491e-43
-3.3491e-43
-3.3491e-43
-3.3491e-43
-3.3491e-43
-3.3491e-43
-3.3491e-43
-3.3491e-43
-3.3491e-43
-3.3491e-43
-3.3491e-43
-3.3491e-43
-3.3491e-43
-3.3491e-43
-3.3491e-43
-3.3491e-43
-3.3491e-43
-3.3491e-43
-3.3491e-43
-3.3491e-43
-3.3491e-43
-3.3491e-43
-3.3491e-43
-3.3491e-43
-3.3491e-43
-3.3491e-43
-3.3491e-43
-3.3491e-43
-3.3491e-43
-3.3491e-43
-3.3491e-43
-3.3491e-43
-3.3491e-43
-3.3491e-43
-3.3491e-43
-3.3491e-43
-3.3491e-43
-3.3491e-43
-3.3491e-43
-3.3491e-43
-3.3491e-43
-3.3491e-43
-3.3491e-43
-3.3491e-43
-3.3491e-43
-3.3491e-43
-3.3491e-43
-3.3491e-43
-3.3491e-43
-3.3491e-43
-3.3491e-43
-3.3491e-43
-3.3491e-43
-3.3491e-43
-3.3491e-43
-3.3491e-43
-3.3491e-43
-3.3491e-43
-3.3491e-43
-3.3491e-43
-3.3491e-43
-3.3491e-43
-3.3491e-43
-3.3491e-43
-3.3491e-43
-3.3491e-43
-3.3491e-43
-3.3491e-43
-3.3491e-43
-3.3491e-43
-3.3491e-43
-3.3491e-43
-3.3491e-43
-3.3491e-43
-3.3491e-43
-3.3491e-43
-3.3491e-43
-3.3491e-43
-3.3491e-43
-3.3491e-43
-3.3491e-43
-3.3491e-43
-3.3491e-43
-3.3491e-43
-3.3491e-43
-3.3491e-43
-3.3491e-43
-3.3491e-43
-3.3491e-43
-3.3491e-43
-3.3491e-43
-3.3491e-43
-3.3491e-43
-3.3491e-43
-3.3491e-43
-3.3491e-43
-3.3491e-43
-3.3491e-43
-3.3491e-43
-3.3491e-43
-3.3491e-43
-3.3491e-43
-3.3491e-43
-3.3491e-43
-3.3491e-43
-3.3491e-43
-3.3491e-43
-3.3491e-43
-3.3491e-43
-3.3491e-43
-3.3491e-43
-3.3491e-43
-3.3491e-43
-3.3491e-43
-3.3491e-43
-3.3491e-43
-3.3491e-43
-3.3491e-43
-3.3491e-43
-3.3491e-43
-3.3491e-43
-3.3491e-43
-3.3491e-43
-3.3491e-43
-3.3491e-43
-3.3491e-43
-3.3491e-43
-3.3491e-43
-3.3491e-43
-3.3491e-43
-3.3491e-43
-3.3491e-43
-3.3491e-43
-3.3491e-43
-3.3491e-43
-3.3491e-43
-3.3491e-43
-3.3491e-43
-3.3491e-43
-3.3491e-43
-3.3491e-43
-3.3491e-43
-3.3491e-43
-3.3491e-43
-3.3491e-43
-3.3491e-43
-3.3491e-43
-3.3491e-43
-3.3491e-43
-3.3491e-43
-3.3491e-43
-3.3491e-43
-3.3491e-43
-3.3491e-43
-3.3491e-43
-3.3491e-43
-3.3491e-43
-3.3491e-43
-3.3491e-43
-3.3491e-43
-3.3491e-43
-3.3491e-43
-3.3491e-43
-3.3491e-43
-3.3491e-43
-3.3491e-43
-3.3491e-43
-3.3491e-43
-3.3491e-43
-3.3491e-43
-3.3491e-43
-3.3491e-43
-3.3491e-43
-3.3491e-43
-3.3491e-43
-3.3491e-43
-3.3491e-43
-3.3491e-43
-3.3491e-43
-3.3491e-43
-3.3491e-43
-3.3491e-43
-3.3491e-43
-3.3491e-43
-3.3491e-43
-3.3491e-43
-3.3491e-43
-3.3491e-43
-3.3491e-43
-3.3491e-43
-3.3491e-43
-3.3491e-43
-3.3491e-43
-3.3491e-43
-3.3491e-43
-3.3491e-43
-3.3491e-43
-3.3491e-43
-3.3491e-43
-3.3491e-43
-3.3491e-43
-3.3491e-43
-3.3491e-43
-3.3491e-43
-3.3491e-43
-3.3491e-43
-3.3491e-43
-3.3491e-43
-3.3491e-43
-3.3491e-43
-3.3491e-43
-3.3491e-43
-3.3491e-43
-3.3491e-43
-3.3491e-43
-3.3491e-43
-3.3491e-43
-3.3491e-43
-3.3491e-43
-3.3491e-43
-3.3491e-43
-3.3491e-43
-3.3491e-43
-3.3491e-43
-3.3491e-43
-3.3491e-43
-3.3491e-43
-3.3491e-43
-3.3491e-43
-3.3491e-43
-3.3491e-43
-3.3491e-43
-3.3491e-43
-3.3491e-43
-3.3491e-43
-3.3491e-43
-3.3491e-43
-3.3491e-43
-3.3491e-43
-3.3491e-43
-3.3491e-43
-3.3491e-43
-3.3491e-43
-3.3491e-43
-3.3491e-43
-3.3491e-43
-3.3491e-43
-3.3491e-43
-3.3491e-43
-3.3491e-43
-3.3491e-43
-3.3491e-43
-3.3491e-43
-3.3491e-43
-3.3491e-43
-3.3491e-43
-3.3491e-43
-3.3491e-43
-3.3491e-43
-3.3491e-43
-3.3491e-43
-3.3491e-43
-3.3491e-43
-3.3491e-43
-3.3491e-43
-3.3491e-43
-3.3491e-43
-3.3491e-43
-3.3491e-43
-3.3491e-43
-3.3491e-43
-3.3491e-43
-3.3491e-43
-3.3491e-43
-3.3491e-43
-3.3491e-43
-3.3491e-43
-3.3491e-43
-3.3491e-43
-3.3491e-43
-3.3491e-43
-3.3491e-43
-3.3491e-43
-3.3491e-43
-3.3491e-43
-3.3491e-43
-3.3491e-43
-3.3491e-43
-3.3491e-43
-3.3491e-43
-3.3491e-43
-3.3491e-43
-3.3491e-43
-3.3491e-43
-3.3491e-43
-3.3491e-43
-3.3491e-43
-3.3491e-43
-3.3491e-43
-3.3491e-43
-3.3491e-43
-3.3491e-43
-3.3491e-43
-3.3491e-43
-3.3491e-43
-3.3491e-43
-3.3491e-43
-3.3491e-43
-3.3491e-43
-3.3491e-43
-3.3491e-43
-3.3491e-43
-3.3491e-43
-3.3491e-43
-3.3491e-43
-3.3491e-43
-3.3491e-43
-3.3491e-43
-3.3491e-43
-3.3491e-43
-3.3491e-43
-3.3491e-43
-3.3491e-43
-3.3491e-43
-3.3491e-43
-3.3491e-43
-3.3491e-43
-3.3491e-43
-3.3491e-43
-3.3491e-43
-3.3491e-43
-3.3491e-43
-3.3491e-43
-3.3491e-43
-3.3491e-43
-3.3491e-43
-3.3491e-43
-3.3491e-43
-3.3491e-43
-3.3491e-43
-3.3491e-43
-3.3491e-43
-3.3491e-43
-3.3491e-43
-3.3491e-43
-3.3491e-43
-3.3491e-43
-3.3491e-43
-3.3491e-43
-3.3491e-43
-3.3491e-43
-3.3491e-43
-3.3491e-43
-3.3491e-43
-3.3491e-43
-3.3491e-43
-3.3491e-43
-3.3491e-43
-3.3491e-43
-3.3491e-43
-3.3491e-43
-3.3491e-43
-3.3491e-43
-3.3491e-43
-3.3491e-43
-3.3491e-43
-3.3491e-43
-3.3491e-43
-3.3491e-43
-3.3491e-43
-3.3491e-43
-3.3491e-43
-3.3491e-43
-3.3491e-43
-3.3491e-43
-3.3491e-43
-3.3491e-43
-3.3491e-43
-3.3491e-43
-3.3491e-43
-3.3491e-43
-3.3491e-43
-3.3491e-43
-3.3491e-43
-3.3491e-43
-3.3491e-43
-3.3491e-43
-3.3491e-43
-3.3491e-43
-3.3491e-43
-3.3491e-43
-3.3491e-43
-3.3491e-43
-3.3491e-43
-3.3491e-43
-3.3491e-43
-3.3491e-43
-3.3491e-43
-3.3491e-43
-3.3491e-43
-3.3491e-43
-3.3491e-43
-3.3491e-43
-3.3491e-43
-3.3491e-43
-3.3491e-43
-3.3491e-43
-3.3491e-43
-3.3491e-43
-3.3491e-43
-3.3491e-43
-3.3491e-43
-3.3491e-43
-3.3491e-43
-3.3491e-43
-3.3491e-43
-3.3491e-43
-3.3491e-43
-3.3491e-43
-3.3491e-43
-3.3491e-43
-3.3491e-43
-3.3491e-43
-3.3491e-43
-3.3491e-43
-3.3491e-43
-3.3491e-43
-3.3491e-43
-3.3491e-43
-3.3491e-43
-3.3491e-43
-3.3491e-43
-3.3491e-43
-3.3491e-43
-3.3491e-43
-3.3491e-43
-3.3491e-43
-3.3491e-43
-3.3491e-43
-3.3491e-43
-3.3491e-43
-3.3491e-43
-3.3491e-43
-3.3491e-43
-3.3491e-43
-3.3491e-43
-3.3491e-43
-3.3491e-43
-3.3491e-43
-3.3491e-43
-3.3491e-43
-3.3491e-43
-3.3491e-43
-3.3491e-43
-3.3491e-43
-3.3491e-43
-3.3491e-43
-3.3491e-43
-3.3491e-43
-3.3491e-43
-3.3491e-43
-3.3491e-43
-3.3491e-43
-3.3491e-43
-3.3491e-43
-3.3491e-43
-3.3491e-43
-3.3491e-43
-3.3491e-43
-3.3491e-43
-3.3491e-43
-3.3491e-43
-3.3491e-43
-3.3491e-43
-3.3491e-43
-3.3491e-43
-3.3491e-43
-3.3491e-43
-3.3491e-43
-3.3491e-43
-3.3491e-43
-3.3491e-43
-3.3491e-43
-3.3491e-43
-3.3491e-43
-3.3491e-43
-3.3491e-43
-3.3491e-43
-3.3491e-43
-3.3491e-43
-3.3491e-43
-3.3491e-43
-3.3491e-43
-3.3491e-43
-3.3491e-43
-3.3491e-43
-3.3491e-43
-3.3491e-43
-3.3491e-43
-3.3491e-43
-3.3491e-43
-3.3491e-43
-3.3491e-43
-3.3491e-43
-3.3491e-43
-3.3491e-43
-3.3491e-43
-3.3491e-43
-3.3491e-43
-3.3491e-43
-3.3491e-43
-3.3491e-43
-3.3491e-43
-3.3491e-43
-3.3491e-43
-3.3491e-43
-3.3491e-43
-3.3491e-43
-3.3491e-43
-3.3491e-43
-3.3491e-43
-3.3491e-43
-3.3491e-43
-3.3491e-43
-3.3491e-43
-3.3491e-43
-3.3491e-43
-3.3491e-43
-3.3491e-43
-3.3491e-43
-3.3491e-43
-3.3491e-43
-3.3491e-43
-3.3491e-43
-3.3491e-43
-3.3491e-43
-3.3491e-43
-3.3491e-43
-3.3491e-43
-3.3491e-43
-3.3491e-43
-3.3491e-43
-3.3491e-43
-3.3491e-43
-3.3491e-43
-3.3491e-43
-3.3491e-43
-3.3491e-43
-3.3491e-43
-3.3491e-43
-3.3491e-43
-3.3491e-43
-3.3491e-43
-3.3491e-43
-3.3491e-43
-3.3491e-43
-3.3491e-43
-3.3491e-43
-3.3491e-43
-3.3491e-43
-3.3491e-43
-3.3491e-43
-3.3491e-43
-3.3491e-43
-3.3491e-43
-3.3491e-43
-3.3491e-43
-3.3491e-43
-3.3491e-43
-3.3491e-43
-3.3491e-43
-3.3491e-43
-3.3491e-43
-3.3491e-43
-3.3491e-43
-3.3491e-43
-3.3491e-43
-3.3491e-43
-3.3491e-43
-3.3491e-43
-3.3491e-43
-3.3491e-43
-3.3491e-43
-3.3491e-43
-3.3491e-43
-3.3491e-43
-3.3491e-43
-3.3491e-43
-3.3491e-43
-3.3491e-43
-3.3491e-43
-3.3491e-43
-3.3491e-43
-3.3491e-43
-3.3491e-43
-3.3491e-43
-3.3491e-43
-3.3491e-43
-3.3491e-43
-3.3491e-43
-3.3491e-43
-3.3491e-43
-3.3491e-43
-3.3491e-43
-3.3491e-43
-3.3491e-43
-3.3491e-43
-3.3491e-43
-3.3491e-43
-3.3491e-43
-3.3491e-43
-3.3491e-43
-3.3491e-43
-3.3491e-43
-3.3491e-43
-3.3491e-43
-3.3491e-43
-3.3491e-43
-3.3491e-43
-3.3491e-43
-3.3491e-43
-3.3491e-43
-3.3491e-43
-3.3491e-43
-3.3491e-43
-3.3491e-43
-3.3491e-43
-3.3491e-43
-3.3491e-43
-3.3491e-43
-3.3491e-43
-3.3491e-43
-3.3491e-43
-3.3491e-43
-3.3491e-43
-3.3491e-43
-3.3491e-43
-3.3491e-43
-3.3491e-43
-3.3491e-43
-3.3491e-43
-3.3491e-43
-3.3491e-43
-3.3491e-43
-3.3491e-43
-3.3491e-43
-3.3491e-43
-3.3491e-43
-3.3491e-43
-3.3491e-43
-3.3491e-43
-3.3491e-43
-3.3491e-43
-3.3491e-43
-3.3491e-43
-3.3491e-43
-3.3491e-43
-3.3491e-43
-3.3491e-43
-3.3491e-43
-3.3491e-43
-3.3491e-43
-3.3491e-43
-3.3491e-43
-3.3491e-43
-3.3491e-43
-3.3491e-43
-3.3491e-43
-3.3491e-43
-3.3491e-43
-3.3491e-43
-3.3491e-43
-3.3491e-43
-3.3491e-43
-3.3491e-43
-3.3491e-43
-3.3491e-43
-3.3491e-43
-3.3491e-43
-3.3491e-43
-3.3491e-43
-3.3491e-43
-3.3491e-43
-3.3491e-43
-3.3491e-43
-3.3491e-43
-3.3491e-43
-3.3491e-43
-3.3491e-43
-3.3491e-43
-3.3491e-43
-3.3491e-43
-3.3491e-43
-3.3491e-43
-3.3491e-43
-3.3491e-43
-3.3491e-43
-3.3491e-43
-3.3491e-43
-3.3491e-43
-3.3491e-43
-3.3491e-43
-3.3491e-43
-3.3491e-43
-3.3491e-43
-3.3491e-43
-3.3491e-43
-3.3491e-43
-3.3491e-43
-3.3491e-43
-3.3491e-43
-3.3491e-43
-3.3491e-43
-3.3491e-43
-3.3491e-43
-3.3491e-43
-3.3491e-43
-3.3491e-43
-3.3491e-43
-3.3491e-43
-3.3491e-43
-3.3491e-43
-3.3491e-43
-3.3491e-43
-3.3491e-43
-3.3491e-43
-3.3491e-43
-3.3491e-43
-3.3491e-43
-3.3491e-43
-3.3491e-43
-3.3491e-43
-3.3491e-43
-3.3491e-43
-3.3491e-43
-3.3491e-43
-3.3491e-43
-3.3491e-43
-3.3491e-43
-3.3491e-43
-3.3491e-43
-3.3491e-43
-3.3491e-43
-3.3491e-43
-3.3491e-43
-3.3491e-43
-3.3491e-43
-3.3491e-43
-3.3491e-43
-3.3491e-43
-3.3491e-43
-3.3491e-43
-3.3491e-43
-3.3491e-43
-3.3491e-43
-3.3491e-43
-3.3491e-43
-3.3491e-43
-3.3491e-43
-3.3491e-43
-3.3491e-43
-3.3491e-43
-3.3491e-43
-3.3491e-43
-3.3491e-43
-3.3491e-43
-3.3491e-43
-3.3491e-43
-3.3491e-43
-3.3491e-43
-3.3491e-43
-3.3491e-43
-3.3491e-43
-3.3491e-43
-3.3491e-43
-3.3491e-43
-3.3491e-43
-3.3491e-43
-3.3491e-43
-3.3491e-43
-3.3491e-43
-3.3491e-43
-3.3491e-43
-3.3491e-43
-3.3491e-43
-3.3491e-43
-3.3491e-43
-3.3491e-43
-3.3491e-43
-3.3491e-43
-3.3491e-43
-3.3491e-43
-3.3491e-43
-3.3491e-43
-3.3491e-43
-3.3491e-43
-3.3491e-43
-3.3491e-43
-3.3491e-43
-3.3491e-43
-3.3491e-43
-3.3491e-43
-3.3491e-43
-3.3491e-43
-3.3491e-43
-3.3491e-43
-3.3491e-43
-3.3491e-43
-3.3491e-43
-3.3491e-43
-3.3491e-43
-3.3491e-43
-3.3491e-43
-3.3491e-43
-3.3491e-43
-3.3491e-43
-3.3491e-43
-3.3491e-43
-3.3491e-43
-3.3491e-43
-3.3491e-43
-3.3491e-43
-3.3491e-43
-3.3491e-43
-3.3491e-43
-3.3491e-43
-3.3491e-43
-3.3491e-43
-3.3491e-43
-3.3491e-43
-3.3491e-43
-3.3491e-43
-3.3491e-43
-3.3491e-43
-3.3491e-43
-3.3491e-43
-3.3491e-43
-3.3491e-43
-3.3491e-43
-3.3491e-43
-3.3491e-43
-3.3491e-43
-3.3491e-43
-3.3491e-43
-3.3491e-43
-3.3491e-43
-3.3491e-43
-3.3491e-43
-3.3491e-43
-3.3491e-43
-3.3491e-43
-3.3491e-43
-3.3491e-43
-3.3491e-43
-3.3491e-43
-3.3491e-43
-3.3491e-43
-3.3491e-43
-3.3491e-43
-3.3491e-43
-3.3491e-43
-3.3491e-43
-3.3491e-43
-3.3491e-43
-3.3491e-43
-3.3491e-43
-3.3491e-43
-3.3491e-43
-3.3491e-43
-3.3491e-43
-3.3491e-43
-3.3491e-43
-3.3491e-43
-3.3491e-43
-3.3491e-43
-3.3491e-43
-3.3491e-43
-3.3491e-43
-3.3491e-43
-3.3491e-43
-3.3491e-43
-3.3491e-43
-3.3491e-43
-3.3491e-43
-3.3491e-43
-3.3491e-43
-3.3491e-43
-3.3491e-43
-3.3491e-43
-3.3491e-43
-3.3491e-43
-3.3491e-43
-3.3491e-43
-3.3491e-43
-3.3491e-43
-3.3491e-43
-3.3491e-43
-3.3491e-43
-3.3491e-43
-3.3491e-43
-3.3491e-43
-3.3491e-43
-3.3491e-43
-3.3491e-43
-3.3491e-43
-3.3491e-43
-3.3491e-43
-3.3491e-43
-3.3491e-43
-3.3491e-43
-3.3491e-43
-3.3491e-43
-3.3491e-43
-3.3491e-43
-3.3491e-43
-3.3491e-43
-3.3491e-43
-3.3491e-43
-3.3491e-43
-3.3491e-43
-3.3491e-43
-3.3491e-43
-3.3491e-43
-3.3491e-43
-3.3491e-43
-3.3491e-43
-3.3491e-43
-3.3491e-43
-3.3491e-43
-3.3491e-43
-3.3491e-43
-3.3491e-43
-3.3491e-43
-3.3491e-43
-3.3491e-43
-3.3491e-43
-3.3491e-43
-3.3491e-43
-3.3491e-43
-3.3491e-43
-3.3491e-43
-3.3491e-43
-3.3491e-43
-3.3491e-43
-3.3491e-43
-3.3491e-43
-3.3491e-43
-3.3491e-43
-3.3491e-43
-3.3491e-43
-3.3491e-43
-3.3491e-43
-3.3491e-43
-3.3491e-43
-3.3491e-43
-3.3491e-43
-3.3491e-43
-3.3491e-43
-3.3491e-43
-3.3491e-43
-3.3491e-43
-3.3491e-43
-3.3491e-43
-3.3491e-43
-3.3491e-43
-3.3491e-43
-3.3491e-43
-3.3491e-43
-3.3491e-43
-3.3491e-43
-3.3491e-43
-3.3491e-43
-3.3491e-43
-3.3491e-43
-3.3491e-43
-3.3491e-43
-3.3491e-43
-3.3491e-43
-3.3491e-43
-3.3491e-43
-3.3491e-43
-3.3491e-43
-3.3491e-43
-3.3491e-43
-3.3491e-43
-3.3491e-43
-3.3491e-43
-3.3491e-43
-3.3491e-43
-3.3491e-43
-3.3491e-43
-3.3491e-43
-3.3491e-43
-3.3491e-43
-3.3491e-43
-3.3491e-43
-3.3491e-43
-3.3491e-43
-3.3491e-43
-3.3491e-43
-3.3491e-43
-3.3491e-43
-3.3491e-43
-3.3491e-43
-3.3491e-43
-3.3491e-43
-3.3491e-43
-3.3491e-43
-3.3491e-43
-3.3491e-43
-3.3491e-43
-3.3491e-43
-3.3491e-43
-3.3491e-43
-3.3491e-43
-3.3491e-43
-3.3491e-43
-3.3491e-43
-3.3491e-43
-3.3491e-43
-3.3491e-43
-3.3491e-43
-3.3491e-43
-3.3491e-43
-3.3491e-43
-3.3491e-43
-3.3491e-43
-3.3491e-43
-3.3491e-43
-3.3491e-43
-3.3491e-43
-3.3491e-43
-3.3491e-43
-3.3491e-43
-3.3491e-43
-3.3491e-43
-3.3491e-43
-3.3491e-43
-3.3491e-43
-3.3491e-43
-3.3491e-43
-3.3491e-43
-3.3491e-43
-3.3491e-43
-3.3491e-43
-3.3491e-43
-3.3491e-43
-3.3491e-43
-3.3491e-43
-3.3491e-43
-3.3491e-43
-3.3491e-43
-3.3491e-43
-3.3491e-43
-3.3491e-43
-3.3491e-43
-3.3491e-43
-3.3491e-43
-3.3491e-43
-3.3491e-43
-3.3491e-43
-3.3491e-43
-3.3491e-43
-3.3491e-43
-3.3491e-43
-3.3491e-43
-3.3491e-43
-3.3491e-43
-3.3491e-43
-3.3491e-43
-3.3491e-43
-3.3491e-43
-3.3491e-43
-3.3491e-43
-3.3491e-43
-3.3491e-43
-3.3491e-43
-3.3491e-43
-3.3491e-43
-3.3491e-43
-3.3491e-43
-3.3491e-43
-3.3491e-43
-3.3491e-43
-3.3491e-43
-3.3491e-43
-3.3491e-43
-3.3491e-43
-3.3491e-43
-3.3491e-43
-3.3491e-43
-3.3491e-43
-3.3491e-43
-3.3491e-43
-3.3491e-43
-3.3491e-43
-3.3491e-43
-3.3491e-43
-3.3491e-43
-3.3491e-43
-3.3491e-43
-3.3491e-43
-3.3491e-43
-3.3491e-43
-3.3491e-43
-3.3491e-43
-3.3491e-43
-3.3491e-43
-3.3491e-43
-3.3491e-43
-3.3491e-43
-3.3491e-43
-3.3491e-43
-3.3491e-43
-3.3491e-43
-3.3491e-43
-3.3491e-43
-3.3491e-43
-3.3491e-43
-3.3491e-43
-3.3491e-43
-3.3491e-43
-3.3491e-43
-3.3491e-43
-3.3491e-43
-3.3491e-43
-3.3491e-43
-3.3491e-43
-3.3491e-43
-3.3491e-43
-3.3491e-43
-3.3491e-43
-3.3491e-43
-3.3491e-43
-3.3491e-43
-3.3491e-43
-3.3491e-43
-3.3491e-43
-3.3491e-43
-3.3491e-43
-3.3491e-43
-3.3491e-43
-3.3491e-43
-3.3491e-43
-3.3491e-43
-3.3491e-43
-3.3491e-43
-3.3491e-43
-3.3491e-43
-3.3491e-43
-3.3491e-43
-3.3491e-43
-3.3491e-43
-3.3491e-43
-3.3491e-43
-3.3491e-43
-3.3491e-43
-3.3491e-43
-3.3491e-43
-3.3491e-43
-3.3491e-43
-3.3491e-43
-3.3491e-43
-3.3491e-43
-3.3491e-43
-3.3491e-43
-3.3491e-43
-3.3491e-43
-3.3491e-43
-3.3491e-43
-3.3491e-43
-3.3491e-43
-3.3491e-43
-3.3491e-43
-3.3491e-43
-3.3491e-43
-3.3491e-43
-3.3491e-43
-3.3491e-43
-3.3491e-43
-3.3491e-43
-3.3491e-43
-3.3491e-43
-3.3491e-43
-3.3491e-43
-3.3491e-43
-3.3491e-43
-3.3491e-43
-3.3491e-43
-3.3491e-43
-3.3491e-43
-3.3491e-43
-3.3491e-43
-3.3491e-43
-3.3491e-43
-3.3491e-43
-3.3491e-43
-3.3491e-43
-3.3491e-43
-3.3491e-43
-3.3491e-43
-3.3491e-43
-3.3491e-43
-3.3491e-43
-3.3491e-43
-3.3491e-43
-3.3491e-43
-3.3491e-43
-3.3491e-43
-3.3491e-43
-3.3491e-43
-3.3491e-43
-3.3491e-43
-3.3491e-43
-3.3491e-43
-3.3491e-43
-3.3491e-43
-3.3491e-43
-3.3491e-43
-3.3491e-43
-3.3491e-43
-3.3491e-43
-3.3491e-43
-3.3491e-43
-3.3491e-43
-3.3491e-43
-3.3491e-43
-3.3491e-43
-3.3491e-43
-3.3491e-43
-3.3491e-43
-3.3491e-43
-3.3491e-43
-3.3491e-43
-3.3491e-43
-3.3491e-43
-3.3491e-43
-3.3491e-43
-3.3491e-43
-3.3491e-43
-3.3491e-43
-3.3491e-43
-3.3491e-43
-3.3491e-43
-3.3491e-43
-3.3491e-43
-3.3491e-43
-3.3491e-43
-3.3491e-43
-3.3491e-43
-3.3491e-43
-3.3491e-43
-3.3491e-43
-3.3491e-43
-3.3491e-43
-3.3491e-43
-3.3491e-43
-3.3491e-43
-3.3491e-43
-3.3491e-43
-3.3491e-43
-3.3491e-43
-3.3491e-43
-3.3491e-43
-3.3491e-43
-3.3491e-43
-3.3491e-43
-3.3491e-43
-3.3491e-43
-3.3491e-43
-3.3491e-43
-3.3491e-43
-3.3491e-43
-3.3491e-43
-3.3491e-43
-3.3491e-43
-3.3491e-43
-3.3491e-43
-3.3491e-43
-3.3491e-43
-3.3491e-43
-3.3491e-43
-3.3491e-43
-3.3491e-43
-3.3491e-43
-3.3491e-43
-3.3491e-43
-3.3491e-43
-3.3491e-43
-3.3491e-43
-3.3491e-43
-3.3491e-43
-3.3491e-43
-3.3491e-43
-3.3491e-43
-3.3491e-43
-3.3491e-43
-3.3491e-43
-3.3491e-43
-3.3491e-43
-3.3491e-43
-3.3491e-43
-3.3491e-43
-3.3491e-43
-3.3491e-43
-3.3491e-43
-3.3491e-43
-3.3491e-43
-3.3491e-43
-3.3491e-43
-3.3491e-43
-3.3491e-43
-3.3491e-43
-3.3491e-43
-3.3491e-43
-3.3491e-43
-3.3491e-43
-3.3491e-43
-3.3491e-43
-3.3491e-43
-3.3491e-43
-3.3491e-43
-3.3491e-43
-3.3491e-43
-3.3491e-43
-3.3491e-43
-3.3491e-43
-3.3491e-43
-3.3491e-43
-3.3491e-43
-3.3491e-43
-3.3491e-43
-3.3491e-43
-3.3491e-43
-3.3491e-43
-3.3491e-43
-3.3491e-43
-3.3491e-43
-3.3491e-43
-3.3491e-43
-3.3491e-43
-3.3491e-43
-3.3491e-43
-3.3491e-43
-3.3491e-43
-3.3491e-43
-3.3491e-43
-3.3491e-43
-3.3491e-43
-3.3491e-43
-3.3491e-43
-3.3491e-43
-3.3491e-43
-3.3491e-43
-3.3491e-43
-3.3491e-43
-3.3491e-43
-3.3491e-43
-3.3491e-43
-3.3491e-43
-3.3491e-43
-3.3491e-43
-3.3491e-43
-3.3491e-43
-3.3491e-43
-3.3491e-43
-3.3491e-43
-3.3491e-43
-3.3491e-43
-3.3491e-43
-3.3491e-43
-3.3491e-43
-3.3491e-43
-3.3491e-43
-3.3491e-43
-3.3491e-43
-3.3491e-43
-3.3491e-43
-3.3491e-43
-3.3491e-43
-3.3491e-43
-3.3491e-43
-3.3491e-43
-3.3491e-43
-3.3491e-43
-3.3491e-43
-3.3491e-43
-3.3491e-43
-3.3491e-43
-3.3491e-43
-3.3491e-43
-3.3491e-43
-3.3491e-43
-3.3491e-43
-3.3491e-43
-3.3491e-43
-3.3491e-43
-3.3491e-43
-3.3491e-43
-3.3491e-43
-3.3491e-43
-3.3491e-43
-3.3491e-43
-3.3491e-43
-3.3491e-43
-3.3491e-43
-3.3491e-43
-3.3491e-43
-3.3491e-43
-3.3491e-43
-3.3491e-43
-3.3491e-43
-3.3491e-43
-3.3491e-43
-3.3491e-43
-3.3491e-43
-3.3491e-43
-3.3491e-43
-3.3491e-43
-3.3491e-43
-3.3491e-43
-3.3491e-43
-3.3491e-43
-3.3491e-43
-3.3491e-43
-3.3491e-43
-3.3491e-43
-3.3491e-43
-3.3491e-43
-3.3491e-43
-3.3491e-43
-3.3491e-43
-3.3491e-43
-3.3491e-43
-3.3491e-43
-3.3491e-43
-3.3491e-43
-3.3491e-43
-3.3491e-43
-3.3491e-43
-3.3491e-43
-3.3491e-43
-3.3491e-43
-3.3491e-43
-3.3491e-43
-3.3491e-43
-3.3491e-43
-3.3491e-43
-3.3491e-43
-3.3491e-43
-3.3491e-43
-3.3491e-43
-3.3491e-43
-3.3491e-43
-3.3491e-43
-3.3491e-43
-3.3491e-43
-3.3491e-43
-3.3491e-43
-3.3491e-43
-3.3491e-43
-3.3491e-43
-3.3491e-43
-3.3491e-43
-3.3491e-43
-3.3491e-43
-3.3491e-43
-3.3491e-43
-3.3491e-43
-3.3491e-43
-3.3491e-43
-3.3491e-43
-3.3491e-43
-3.3491e-43
-3.3491e-43
-3.3491e-43
-3.3491e-43
-3.3491e-43
-3.3491e-43
-3.3491e-43
-3.3491e-43
-3.3491e-43
-3.3491e-43
-3.3491e-43
-3.3491e-43
-3.3491e-43
-3.3491e-43
-3.3491e-43
-3.3491e-43
-3.3491e-43
-3.3491e-43
-3.3491e-43
-3.3491e-43
-3.3491e-43
-3.3491e-43
-3.3491e-43
-3.3491e-43
-3.3491e-43
-3.3491e-43
-3.3491e-43
-3.3491e-43
-3.3491e-43
-3.3491e-43
-3.3491e-43
-3.3491e-43
-3.3491e-43
-3.3491e-43
-3.3491e-43
-3.3491e-43
-3.3491e-43
-3.3491e-43
-3.3491e-43
-3.3491e-43
-3.3491e-43
-3.3491e-43
-3.3491e-43
-3.3491e-43
-3.3491e-43
-3.3491e-43
-3.3491e-43
-3.3491e-43
-3.3491e-43
-3.3491e-43
-3.3491e-43
-3.3491e-43
-3.3491e-43
-3.3491e-43
-3.3491e-43
-3.3491e-43
-3.3491e-43
-3.3491e-43
-3.3491e-43
-3.3491e-43
-3.3491e-43
-3.3491e-43
-3.3491e-43
-3.3491e-43
-3.3491e-43
-3.3491e-43
-3.3491e-43
-3.3491e-43
-3.3491e-43
-3.3491e-43
-3.3491e-43
-3.3491e-43
-3.3491e-43
-3.3491e-43
-3.3491e-43
-3.3491e-43
-3.3491e-43
-3.3491e-43
-3.3491e-43
-3.3491e-43
-3.3491e-43
-3.3491e-43
-3.3491e-43
-3.3491e-43
-3.3491e-43
-3.3491e-43
-3.3491e-43
-3.3491e-43
-3.3491e-43
-3.3491e-43
-3.3491e-43
-3.3491e-43
-3.3491e-43
-3.3491e-43
-3.3491e-43
-3.3491e-43
-3.3491e-43
-3.3491e-43
-3.3491e-43
-3.3491e-43
-3.3491e-43
-3.3491e-43
-3.3491e-43
-3.3491e-43
-3.3491e-43
-3.3491e-43
-3.3491e-43
-3.3491e-43
-3.3491e-43
-3.3491e-43
-3.3491e-43
-3.3491e-43
-3.3491e-43
-3.3491e-43
-3.3491e-43
-3.3491e-43
-3.3491e-43
-3.3491e-43
-3.3491e-43
-3.3491e-43
-3.3491e-43
-3.3491e-43
-3.3491e-43
-3.3491e-43
-3.3491e-43
-3.3491e-43
-3.3491e-43
-3.3491e-43
-3.3491e-43
-3.3491e-43
-3.3491e-43
-3.3491e-43
-3.3491e-43
-3.3491e-43
-3.3491e-43
-3.3491e-43
-3.3491e-43
-3.3491e-43
-3.3491e-43
-3.3491e-43
-3.3491e-43
-3.3491e-43
-3.3491e-43
-3.3491e-43
-3.3491e-43
-3.3491e-43
-3.3491e-43
-3.3491e-43
-3.3491e-43
-3.3491e-43
-3.3491e-43
-3.3491e-43
-3.3491e-43
-3.3491e-43
-3.3491e-43
-3.3491e-43
-3.3491e-43
-3.3491e-43
-3.3491e-43
-3.3491e-43
-3.3491e-43
-3.3491e-43
-3.3491e-43
-3.3491e-43
-3.3491e-43
-3.3491e-43
-3.3491e-43
-3.3491e-43
-3.3491e-43
-3.3491e-43
-3.3491e-43
-3.3491e-43
-3.3491e-43
-3.3491e-43
-3.3491e-43
-3.3491e-43
-3.3491e-43
-3.3491e-43
-3.3491e-43
-3.3491e-43
-3.3491e-43
-3.3491e-43
-3.3491e-43
-3.3491e-43
-3.3491e-43
-3.3491e-43
-3.3491e-43
-3.3491e-43
-3.3491e-43
-3.3491e-43
-3.3491e-43
-3.3491e-43
-3.3491e-43
-3.3491e-43
-3.3491e-43
-3.3491e-43
-3.3491e-43
-3.3491e-43
-3.3491e-43
-3.3491e-43
-3.3491e-43
-3.3491e-43
-3.3491e-43
-3.3491e-43
-3.3491e-43
-3.3491e-43
-3.3491e-43
-3.3491e-43
-3.3491e-43
-3.3491e-43
-3.3491e-43
-3.3491e-43
-3.3491e-43
-3.3491e-43
-3.3491e-43
-3.3491e-43
-3.3491e-43
-3.3491e-43
-3.3491e-43
-3.3491e-43
-3.3491e-43
-3.3491e-43
-3.3491e-43
-3.3491e-43
-3.3491e-43
-3.3491e-43
-3.3491e-43
-3.3491e-43
-3.3491e-43
-3.3491e-43
-3.3491e-43
-3.3491e-43
-3.3491e-43
-3.3491e-43
-3.3491e-43
-3.3491e-43
-3.3491e-43
-3.3491e-43
-3.3491e-43
-3.3491e-43
-3.3491e-43
-3.3491e-43
-3.3491e-43
-3.3491e-43
-3.3491e-43
-3.3491e-43
-3.3491e-43
-3.3491e-43
-3.3491e-43
-3.3491e-43
-3.3491e-43
-3.3491e-43
-3.3491e-43
-3.3491e-43
-3.3491e-43
-3.3491e-43
-3.3491e-43
-3.3491e-43
-3.3491e-43
-3.3491e-43
-3.3491e-43
-3.3491e-43
-3.3491e-43
-3.3491e-43
-3.3491e-43
-3.3491e-43
-3.3491e-43
-3.3491e-43
-3.3491e-43
-3.3491e-43
-3.3491e-43
-3.3491e-43
-3.3491e-43
-3.3491e-43
-3.3491e-43
-3.3491e-43
-3.3491e-43
-3.3491e-43
-3.3491e-43
-3.3491e-43
-3.3491e-43
-3.3491e-43
-3.3491e-43
-3.3491e-43
-3.3491e-43
-3.3491e-43
-3.3491e-43
-3.3491e-43
-3.3491e-43
-3.3491e-43
-3.3491e-43
-3.3491e-43
-3.3491e-43
-3.3491e-43
-3.3491e-43
-3.3491e-43
-3.3491e-43
-3.3491e-43
-3.3491e-43
-3.3491e-43
-3.3491e-43
-3.3491e-43
-3.3491e-43
-3.3491e-43
-3.3491e-43
-3.3491e-43
-3.3491e-43
-3.3491e-43
-3.3491e-43
-3.3491e-43
-3.3491e-43
-3.3491e-43
-3.3491e-43
-3.3491e-43
-3.3491e-43
-3.3491e-43
-3.3491e-43
-3.3491e-43
-3.3491e-43
-3.3491e-43
-3.3491e-43
-3.3491e-43
-3.3491e-43
-3.3491e-43
-3.3491e-43
-3.3491e-43
-3.3491e-43
-3.3491e-43
-3.3491e-43
-3.3491e-43
-3.3491e-43
-3.3491e-43
-3.3491e-43
-3.3491e-43
-3.3491e-43
-3.3491e-43
-3.3491e-43
-3.3491e-43
-3.3491e-43
-3.3491e-43
-3.3491e-43
-3.3491e-43
-3.3491e-43
-3.3491e-43
-3.3491e-43
-3.3491e-43
-3.3491e-43
-3.3491e-43
-3.3491e-43
-3.3491e-43
-3.3491e-43
-3.3491e-43
-3.3491e-43
-3.3491e-43
-3.3491e-43
-3.3491e-43
-3.3491e-43
-3.3491e-43
-3.3491e-43
-3.3491e-43
-3.3491e-43
-3.3491e-43
-3.3491e-43
-3.3491e-43
-3.3491e-43
-3.3491e-43
-3.3491e-43
-3.3491e-43
-3.3491e-43
-3.3491e-43
-3.3491e-43
-3.3491e-43
-3.3491e-43
-3.3491e-43
-3.3491e-43
-3.3491e-43
-3.3491e-43
-3.3491e-43
-3.3491e-43
-3.3491e-43
-3.3491e-43
-3.3491e-43
-3.3491e-43
-3.3491e-43
-3.3491e-43
-3.3491e-43
-3.3491e-43
-3.3491e-43
-3.3491e-43
-3.3491e-43
-3.3491e-43
-3.3491e-43
-3.3491e-43
-3.3491e-43
-3.3491e-43
-3.3491e-43
-3.3491e-43
-3.3491e-43
-3.3491e-43
-3.3491e-43
-3.3491e-43
-3.3491e-43
-3.3491e-43
-3.3491e-43
-3.3491e-43
-3.3491e-43
-3.3491e-43
-3.3491e-43
-3.3491e-43
-3.3491e-43
-3.3491e-43
-3.3491e-43
-3.3491e-43
-3.3491e-43
-3.3491e-43
-3.3491e-43
-3.3491e-43
-3.3491e-43
-3.3491e-43
-3.3491e-43
-3.3491e-43
-3.3491e-43
-3.3491e-43
-3.3491e-43
-3.3491e-43
-3.3491e-43
-3.3491e-43
-3.3491e-43
-3.3491e-43
-3.3491e-43
-3.3491e-43
-3.3491e-43
-3.3491e-43
-3.3491e-43
-3.3491e-43
-3.3491e-43
-3.3491e-43
-3.3491e-43
-3.3491e-43
-3.3491e-43
-3.3491e-43
-3.3491e-43
-3.3491e-43
-3.3491e-43
-3.3491e-43
-3.3491e-43
-3.3491e-43
-3.3491e-43
-3.3491e-43
-3.3491e-43
-3.3491e-43
-3.3491e-43
-3.3491e-43
-3.3491e-43
-3.3491e-43
-3.3491e-43
-3.3491e-43
-3.3491e-43
-3.3491e-43
-3.3491e-43
-3.3491e-43
-3.3491e-43
-3.3491e-43
-3.3491e-43
-3.3491e-43
-3.3491e-43
-3.3491e-43
-3.3491e-43
-3.3491e-43
-3.3491e-43
-3.3491e-43
-3.3491e-43
-3.3491e-43
-3.3491e-43
-3.3491e-43
-3.3491e-43
-3.3491e-43
-3.3491e-43
-3.3491e-43
-3.3491e-43
-3.3491e-43
-3.3491e-43
-3.3491e-43
-3.3491e-43
-3.3491e-43
-3.3491e-43
-3.3491e-43
-3.3491e-43
-3.3491e-43
-3.3491e-43
-3.3491e-43
-3.3491e-43
-3.3491e-43
-3.3491e-43
-3.3491e-43
-3.3491e-43
-3.3491e-43
-3.3491e-43
-3.3491e-43
-3.3491e-43
-3.3491e-43
-3.3491e-43
-3.3491e-43
-3.3491e-43
-3.3491e-43
-3.3491e-43
-3.3491e-43
-3.3491e-43
-3.3491e-43
-3.3491e-43
-3.3491e-43
-3.3491e-43
-3.3491e-43
-3.3491e-43
-3.3491e-43
-3.3491e-43
-3.3491e-43
-3.3491e-43
-3.3491e-43
-3.3491e-43
-3.3491e-43
-3.3491e-43
-3.3491e-43
-3.3491e-43
-3.3491e-43
-3.3491e-43
-3.3491e-43
-3.3491e-43
-3.3491e-43
-3.3491e-43
-3.3491e-43
-3.3491e-43
-3.3491e-43
-3.3491e-43
-3.3491e-43
-3.3491e-43
-3.3491e-43
-3.3491e-43
-3.3491e-43
-3.3491e-43
-3.3491e-43
-3.3491e-43
-3.3491e-43
-3.3491e-43
-3.3491e-43
-3.3491e-43
-3.3491e-43
-3.3491e-43
-3.3491e-43
-3.3491e-43
-3.3491e-43
-3.3491e-43
-3.3491e-43
-3.3491e-43
-3.3491e-43
-3.3491e-43
-3.3491e-43
-3.3491e-43
-3.3491e-43
-3.3491e-43
-3.3491e-43
-3.3491e-43
-3.3491e-43
-3.3491e-43
-3.3491e-43
-3.3491e-43
-3.3491e-43
-3.3491e-43
-3.3491e-43
-3.3491e-43
-3.3491e-43
-3.3491e-43
-3.3491e-43
-3.3491e-43
-3.3491e-43
-3.3491e-43
-3.3491e-43
-3.3491e-43
-3.3491e-43
-3.3491e-43
-3.3491e-43
-3.3491e-43
-3.3491e-43
-3.3491e-43
-3.3491e-43
-3.3491e-43
-3.3491e-43
-3.3491e-43
-3.3491e-43
-3.3491e-43
-3.3491e-43
-3.3491e-43
-3.3491e-43
-3.3491e-43
-3.3491e-43
-3.3491e-43
-3.3491e-43
-3.3491e-43
-3.3491e-43
-3.3491e-43
-3.3491e-43
-3.3491e-43
-3.3491e-43
-3.3491e-43
-3.3491e-43
-3.3491e-43
-3.3491e-43
-3.3491e-43
-3.3491e-43
-3.3491e-43
-3.3491e-43
-3.3491e-43
-3.3491e-43
-3.3491e-43
-3.3491e-43
-3.3491e-43
-3.3491e-43
-3.3491e-43
-3.3491e-43
-3.3491e-43
-3.3491e-43
-3.3491e-43
-3.3491e-43
-3.3491e-43
-3.3491e-43
-3.3491e-43
-3.3491e-43
-3.3491e-43
-3.3491e-43
-3.3491e-43
-3.3491e-43
-3.3491e-43
-3.3491e-43
-3.3491e-43
-3.3491e-43
-3.3491e-43
-3.3491e-43
-3.3491e-43
-3.3491e-43
-3.3491e-43
-3.3491e-43
-3.3491e-43
-3.3491e-43
-3.3491e-43
-3.3491e-43
-3.3491e-43
-3.3491e-43
-3.3491e-43
-3.3491e-43
-3.3491e-43
-3.3491e-43
-3.3491e-43
-3.3491e-43
-3.3491e-43
-3.3491e-43
-3.3491e-43
-3.3491e-43
-3.3491e-43
-3.3491e-43
-3.3491e-43
-3.3491e-43
-3.3491e-43
-3.3491e-43
-3.3491e-43
-3.3491e-43
-3.3491e-43
-3.3491e-43
-3.3491e-43
-3.3491e-43
-3.3491e-43
-3.3491e-43
-3.3491e-43
-3.3491e-43
-3.3491e-43
-3.3491e-43
-3.3491e-43
-3.3491e-43
-3.3491e-43
-3.3491e-43
-3.3491e-43
-3.3491e-43
-3.3491e-43
-3.3491e-43
-3.3491e-43
-3.3491e-43
-3.3491e-43
-3.3491e-43
-3.3491e-43
-3.3491e-43
-3.3491e-43
-3.3491e-43
-3.3491e-43
-3.3491e-43
-3.3491e-43
-3.3491e-43
-3.3491e-43
-3.3491e-43
-3.3491e-43
-3.3491e-43
-3.3491e-43
-3.3491e-43
-3.3491e-43
-3.3491e-43
-3.3491e-43
-3.3491e-43
-3.3491e-43
-3.3491e-43
-3.3491e-43
-3.3491e-43
-3.3491e-43
-3.3491e-43
-3.3491e-43
-3.3491e-43
-3.3491e-43
-3.3491e-43
-3.3491e-43
-3.3491e-43
-3.3491e-43
-3.3491e-43
-3.3491e-43
-3.3491e-43
-3.3491e-43
-3.3491e-43
-3.3491e-43
-3.3491e-43
-3.3491e-43
-3.3491e-43
-3.3491e-43
-3.3491e-43
-3.3491e-43
-3.3491e-43
-3.3491e-43
-3.3491e-43
-3.3491e-43
-3.3491e-43
-3.3491e-43
-3.3491e-43
-3.3491e-43
-3.3491e-43
-3.3491e-43
-3.3491e-43
-3.3491e-43
-3.3491e-43
-3.3491e-43
-3.3491e-43
-3.3491e-43
-3.3491e-43
-3.3491e-43
-3.3491e-43
-3.3491e-43
-3.3491e-43
-3.3491e-43
-3.3491e-43
-3.3491e-43
-3.3491e-43
-3.3491e-43
-3.3491e-43
-3.3491e-43
-3.3491e-43
-3.3491e-43
-3.3491e-43
-3.3491e-43
-3.3491e-43
-3.3491e-43
-3.3491e-43
-3.3491e-43
-3.3491e-43
-3.3491e-43
-3.3491e-43
-3.3491e-43
-3.3491e-43
-3.3491e-43
-3.3491e-43
-3.3491e-43
-3.3491e-43
-3.3491e-43
-3.3491e-43
-3.3491e-43
-3.3491e-43
-3.3491e-43
-3.3491e-43
-3.3491e-43
-3.3491e-43
-3.3491e-43
-3.3491e-43
-3.3491e-43
-3.3491e-43
-3.3491e-43
-3.3491e-43
-3.3491e-43
-3.3491e-43
-3.3491e-43
-3.3491e-43
-3.3491e-43
-3.3491e-43
-3.3491e-43
-3.3491e-43
-3.3491e-43
-3.3491e-43
-3.3491e-43
-3.3491e-43
-3.3491e-43
-3.3491e-43
-3.3491e-43
-3.3491e-43
-3.3491e-43
-3.3491e-43
-3.3491e-43
-3.3491e-43
-3.3491e-43
-3.3491e-43
-3.3491e-43
-3.3491e-43
-3.3491e-43
-3.3491e-43
-3.3491e-43
-3.3491e-43
-3.3491e-43
-3.3491e-43
-3.3491e-43
-3.3491e-43
-3.3491e-43
-3.3491e-43
-3.3491e-43
-3.3491e-43
-3.3491e-43
-3.3491e-43
-3.3491e-43
-3.3491e-43
-3.3491e-43
-3.3491e-43
-3.3491e-43
-3.3491e-43
-3.3491e-43
-3.3491e-43
-3.3491e-43
-3.3491e-43
-3.3491e-43
-3.3491e-43
-3.3491e-43
-3.3491e-43
-3.3491e-43
-3.3491e-43
-3.3491e-43
-3.3491e-43
-3.3491e-43
-3.3491e-43
-3.3491e-43
-3.3491e-43
-3.3491e-43
-3.3491e-43
-3.3491e-43
-3.3491e-43
-3.3491e-43
-3.3491e-43
-3.3491e-43
-3.3491e-43
-3.3491e-43
-3.3491e-43
-3.3491e-43
-3.3491e-43
-3.3491e-43
-3.3491e-43
-3.3491e-43
-3.3491e-43
-3.3491e-43
-3.3491e-43
-3.3491e-43
-3.3491e-43
-3.3491e-43
-3.3491e-43
-3.3491e-43
-3.3491e-43
-3.3491e-43
-3.3491e-43
-3.3491e-43
-3.3491e-43
-3.3491e-43
-3.3491e-43
-3.3491e-43
-3.3491e-43
-3.3491e-43
-3.3491e-43
-3.3491e-43
-3.3491e-43
-3.3491e-43
-3.3491e-43
-3.3491e-43
-3.3491e-43
-3.3491e-43
-3.3491e-43
-3.3491e-43
-3.3491e-43
-3.3491e-43
-3.3491e-43
-3.3491e-43
-3.3491e-43
-3.3491e-43
-3.3491e-43
-3.3491e-43
-3.3491e-43
-3.3491e-43
-3.3491e-43
-3.3491e-43
-3.3491e-43
-3.3491e-43
-3.3491e-43
-3.3491e-43
-3.3491e-43
-3.3491e-43
-3.3491e-43
-3.3491e-43
-3.3491e-43
-3.3491e-43
-3.3491e-43
-3.3491e-43
-3.3491e-43
-3.3491e-43
-3.3491e-43
-3.3491e-43
-3.3491e-43
-3.3491e-43
-3.3491e-43
-3.3491e-43
-3.3491e-43
-3.3491e-43
-3.3491e-43
-3.3491e-43
-3.3491e-43
-3.3491e-43
-3.3491e-43
-3.3491e-43
-3.3491e-43
-3.3491e-43
-3.3491e-43
-3.3491e-43
-3.3491e-43
-3.3491e-43
-3.3491e-43
-3.3491e-43
-3.3491e-43
-3.3491e-43
-3.3491e-43
-3.3491e-43
-3.3491e-43
-3.3491e-43
-3.3491e-43
-3.3491e-43
-3.3491e-43
-3.3491e-43
-3.3491e-43
-3.3491e-43
-3.3491e-43
-3.3491e-43
-3.3491e-43
-3.3491e-43
-3.3491e-43
-3.3491e-43
-3.3491e-43
-3.3491e-43
-3.3491e-43
-3.3491e-43
-3.3491e-43
-3.3491e-43
-3.3491e-43
-3.3491e-43
-3.3491e-43
-3.3491e-43
-3.3491e-43
-3.3491e-43
-3.3491e-43
-3.3491e-43
-3.3491e-43
-3.3491e-43
-3.3491e-43
-3.3491e-43
-3.3491e-43
-3.3491e-43
-3.3491e-43
-3.3491e-43
-3.3491e-43
-3.3491e-43
-3.3491e-43
-3.3491e-43
-3.3491e-43
-3.3491e-43
-3.3491e-43
-3.3491e-43
-3.3491e-43
-3.3491e-43
-3.3491e-43
-3.3491e-43
-3.3491e-43
-3.3491e-43
-3.3491e-43
-3.3491e-43
-3.3491e-43
-3.3491e-43
-3.3491e-43
-3.3491e-43
-3.3491e-43
-3.3491e-43
-3.3491e-43
-3.3491e-43
-3.3491e-43
-3.3491e-43
-3.3491e-43
-3.3491e-43
-3.3491e-43
-3.3491e-43
-3.3491e-43
-3.3491e-43
-3.3491e-43
-3.3491e-43
-3.3491e-43
-3.3491e-43
-3.3491e-43
-3.3491e-43
-3.3491e-43
-3.3491e-43
-3.3491e-43
-3.3491e-43
-3.3491e-43
-3.3491e-43
-3.3491e-43
-3.3491e-43
-3.3491e-43
-3.3491e-43
-3.3491e-43
-3.3491e-43
-3.3491e-43
-3.3491e-43
-3.3491e-43
-3.3491e-43
-3.3491e-43
-3.3491e-43
-3.3491e-43
-3.3491e-43
-3.3491e-43
-3.3491e-43
-3.3491e-43
-3.3491e-43
-3.3491e-43
-3.3491e-43
-3.3491e-43
-3.3491e-43
-3.3491e-43
-3.3491e-43
-3.3491e-43
-3.3491e-43
-3.3491e-43
-3.3491e-43
-3.3491e-43
-3.3491e-43
-3.3491e-43
-3.3491e-43
-3.3491e-43
-3.3491e-43
-3.3491e-43
-3.3491e-43
-3.3491e-43
-3.3491e-43
-3.3491e-43
-3.3491e-43
-3.3491e-43
-3.3491e-43
-3.3491e-43
-3.3491e-43
-3.3491e-43
-3.3491e-43
-3.3491e-43
-3.3491e-43
-3.3491e-43
-3.3491e-43
-3.3491e-43
-3.3491e-43
-3.3491e-43
-3.3491e-43
-3.3491e-43
-3.3491e-43
-3.3491e-43
-3.3491e-43
-3.3491e-43
-3.3491e-43
-3.3491e-43
-3.3491e-43
-3.3491e-43
-3.3491e-43
-3.3491e-43
-3.3491e-43
-3.3491e-43
-3.3491e-43
-3.3491e-43
-3.3491e-43
-3.3491e-43
-3.3491e-43
-3.3491e-43
-3.3491e-43
-3.3491e-43
-3.3491e-43
-3.3491e-43
-3.3491e-43
-3.3491e-43
-3.3491e-43
-3.3491e-43
-3.3491e-43
-3.3491e-43
-3.3491e-43
-3.3491e-43
-3.3491e-43
-3.3491e-43
-3.3491e-43
-3.3491e-43
-3.3491e-43
-3.3491e-43
-3.3491e-43
-3.3491e-43
-3.3491e-43
-3.3491e-43
-3.3491e-43
-3.3491e-43
-3.3491e-43
-3.3491e-43
-3.3491e-43
-3.3491e-43
-3.3491e-43
-3.3491e-43
-3.3491e-43
-3.3491e-43
-3.3491e-43
-3.3491e-43
-3.3491e-43
-3.3491e-43
-3.3491e-43
-3.3491e-43
-3.3491e-43
-3.3491e-43
-3.3491e-43
-3.3491e-43
-3.3491e-43
-3.3491e-43
-3.3491e-43
-3.3491e-43
-3.3491e-43
-3.3491e-43
-3.3491e-43
-3.3491e-43
-3.3491e-43
-3.3491e-43
-3.3491e-43
-3.3491e-43
-3.3491e-43
-3.3491e-43
-3.3491e-43
-3.3491e-43
-3.3491e-43
-3.3491e-43
-3.3491e-43
-3.3491e-43
-3.3491e-43
-3.3491e-43
-3.3491e-43
-3.3491e-43
-3.3491e-43
-3.3491e-43
-3.3491e-43
-3.3491e-43
-3.3491e-43
-3.3491e-43
-3.3491e-43
-3.3491e-43
-3.3491e-43
-3.3491e-43
-3.3491e-43
-3.3491e-43
-3.3491e-43
-3.3491e-43
-3.3491e-43
-3.3491e-43
-3.3491e-43
-3.3491e-43
-3.3491e-43
-3.3491e-43
-3.3491e-43
-3.3491e-43
-3.3491e-43
-3.3491e-43
-3.3491e-43
-3.3491e-43
-3.3491e-43
-3.3491e-43
-3.3491e-43
-3.3491e-43
-3.3491e-43
-3.3491e-43
-3.3491e-43
-3.3491e-43
-3.3491e-43
-3.3491e-43
-3.3491e-43
-3.3491e-43
-3.3491e-43
-3.3491e-43
-3.3491e-43
-3.3491e-43
-3.3491e-43
-3.3491e-43
-3.3491e-43
-3.3491e-43
-3.3491e-43
-3.3491e-43
-3.3491e-43
-3.3491e-43
-3.3491e-43
-3.3491e-43
-3.3491e-43
-3.3491e-43
-3.3491e-43
-3.3491e-43
-3.3491e-43
-3.3491e-43
-3.3491e-43
-3.3491e-43
-3.3491e-43
-3.3491e-43
-3.3491e-43
-3.3491e-43
-3.3491e-43
-3.3491e-43
-3.3491e-43
-3.3491e-43
-3.3491e-43
-3.3491e-43
-3.3491e-43
-3.3491e-43
-3.3491e-43
-3.3491e-43
-3.3491e-43
-3.3491e-43
-3.3491e-43
-3.3491e-43
-3.3491e-43
-3.3491e-43
-3.3491e-43
-3.3491e-43
-3.3491e-43
-3.3491e-43
-3.3491e-43
-3.3491e-43
-3.3491e-43
-3.3491e-43
-3.3491e-43
-3.3491e-43
-3.3491e-43
-3.3491e-43
-3.3491e-43
-3.3491e-43
-3.3491e-43
-3.3491e-43
-3.3491e-43
-3.3491e-43
-3.3491e-43
-3.3491e-43
-3.3491e-43
-3.3491e-43
-3.3491e-43
-3.3491e-43
-3.3491e-43
-3.3491e-43
-3.3491e-43
-3.3491e-43
-3.3491e-43
-3.3491e-43
-3.3491e-43
-3.3491e-43
-3.3491e-43
-3.3491e-43
-3.3491e-43
-3.3491e-43
-3.3491e-43
-3.3491e-43
-3.3491e-43
-3.3491e-43
-3.3491e-43
-3.3491e-43
-3.3491e-43
-3.3491e-43
-3.3491e-43
-3.3491e-43
-3.3491e-43
-3.3491e-43
-3.3491e-43
-3.3491e-43
-3.3491e-43
-3.3491e-43
-3.3491e-43
-3.3491e-43
-3.3491e-43
-3.3491e-43
-3.3491e-43
-3.3491e-43
-3.3491e-43
-3.3491e-43
-3.3491e-43
-3.3491e-43
-3.3491e-43
-3.3491e-43
-3.3491e-43
-3.3491e-43
-3.3491e-43
-3.3491e-43
-3.3491e-43
-3.3491e-43
-3.3491e-43
-3.3491e-43
-3.3491e-43
-3.3491e-43
-3.3491e-43
-3.3491e-43
-3.3491e-43
-3.3491e-43
-3.3491e-43
-3.3491e-43
-3.3491e-43
-3.3491e-43
-3.3491e-43
-3.3491e-43
-3.3491e-43
-3.3491e-43
-3.3491e-43
-3.3491e-43
-3.3491e-43
-3.3491e-43
-3.3491e-43
-3.3491e-43
-3.3491e-43
-3.3491e-43
-3.3491e-43
-3.3491e-43
-3.3491e-43
-3.3491e-43
-3.3491e-43
-3.3491e-43
-3.3491e-43
-3.3491e-43
-3.3491e-43
-3.3491e-43
-3.3491e-43
-3.3491e-43
-3.3491e-43
-3.3491e-43
-3.3491e-43
-3.3491e-43
-3.3491e-43
-3.3491e-43
-3.3491e-43
-3.3491e-43
-3.3491e-43
-3.3491e-43
-3.3491e-43
-3.3491e-43
-3.3491e-43
-3.3491e-43
-3.3491e-43
-3.3491e-43
-3.3491e-43
-3.3491e-43
-3.3491e-43
-3.3491e-43
-3.3491e-43
-3.3491e-43
-3.3491e-43
-3.3491e-43
-3.3491e-43
-3.3491e-43
-3.3491e-43
-3.3491e-43
-3.3491e-43
-3.3491e-43
-3.3491e-43
-3.3491e-43
-3.3491e-43
-3.3491e-43
-3.3491e-43
-3.3491e-43
-3.3491e-43
-3.3491e-43
-3.3491e-43
-3.3491e-43
-3.3491e-43
-3.3491e-43
-3.3491e-43
-3.3491e-43
-3.3491e-43
-3.3491e-43
-3.3491e-43
-3.3491e-43
-3.3491e-43
-3.3491e-43
-3.3491e-43
-3.3491e-43
-3.3491e-43
-3.3491e-43
-3.3491e-43
-3.3491e-43
-3.3491e-43
-3.3491e-43
-3.3491e-43
-3.3491e-43
-3.3491e-43
-3.3491e-43
-3.3491e-43
-3.3491e-43
-3.3491e-43
-3.3491e-43
-3.3491e-43
-3.3491e-43
-3.3491e-43
-3.3491e-43
-3.3491e-43
-3.3491e-43
-3.3491e-43
-3.3491e-43
-3.3491e-43
-3.3491e-43
-3.3491e-43
-3.3491e-43
-3.3491e-43
-3.3491e-43
-3.3491e-43
-3.3491e-43
-3.3491e-43
-3.3491e-43
-3.3491e-43
-3.3491e-43
-3.3491e-43
-3.3491e-43
-3.3491e-43
-3.3491e-43
-3.3491e-43
-3.3491e-43
-3.3491e-43
-3.3491e-43
-3.3491e-43
-3.3491e-43
-3.3491e-43
-3.3491e-43
-3.3491e-43
-3.3491e-43
-3.3491e-43
-3.3491e-43
-3.3491e-43
-3.3491e-43
-3.3491e-43
-3.3491e-43
-3.3491e-43
-3.3491e-43
-3.3491e-43
-3.3491e-43
-3.3491e-43
-3.3491e-43
-3.3491e-43
-3.3491e-43
-3.3491e-43
-3.3491e-43
-3.3491e-43
-3.3491e-43
-3.3491e-43
-3.3491e-43
-3.3491e-43
-3.3491e-43
-3.3491e-43
-3.3491e-43
-3.3491e-43
-3.3491e-43
-3.3491e-43
-3.3491e-43
-3.3491e-43
-3.3491e-43
-3.3491e-43
-3.3491e-43
-3.3491e-43
-3.3491e-43
-3.3491e-43
-3.3491e-43
-3.3491e-43
-3.3491e-43
-3.3491e-43
-3.3491e-43
-3.3491e-43
-3.3491e-43
-3.3491e-43
-3.3491e-43
-3.3491e-43
-3.3491e-43
-3.3491e-43
-3.3491e-43
-3.3491e-43
-3.3491e-43
-3.3491e-43
-3.3491e-43
-3.3491e-43
-3.3491e-43
-3.3491e-43
-3.3491e-43
-3.3491e-43
-3.3491e-43
-3.3491e-43
-3.3491e-43
-3.3491e-43
-3.3491e-43
-3.3491e-43
-3.3491e-43
-3.3491e-43
-3.3491e-43
-3.3491e-43
-3.3491e-43
-3.3491e-43
-3.3491e-43
-3.3491e-43
-3.3491e-43
-3.3491e-43
-3.3491e-43
-3.3491e-43
-3.3491e-43
-3.3491e-43
-3.3491e-43
-3.3491e-43
-3.3491e-43
-3.3491e-43
-3.3491e-43
-3.3491e-43
-3.3491e-43
-3.3491e-43
-3.3491e-43
-3.3491e-43
-3.3491e-43
-3.3491e-43
-3.3491e-43
-3.3491e-43
-3.3491e-43
-3.3491e-43
-3.3491e-43
-3.3491e-43
-3.3491e-43
-3.3491e-43
-3.3491e-43
-3.3491e-43
-3.3491e-43
-3.3491e-43
-3.3491e-43
-3.3491e-43
-3.3491e-43
-3.3491e-43
-3.3491e-43
-3.3491e-43
-3.3491e-43
-3.3491e-43
-3.3491e-43
-3.3491e-43
-3.3491e-43
-3.3491e-43
-3.3491e-43
-3.3491e-43
-3.3491e-43
-3.3491e-43
-3.3491e-43
-3.3491e-43
-3.3491e-43
-3.3491e-43
-3.3491e-43
-3.3491e-43
-3.3491e-43
-3.3491e-43
-3.3491e-43
-3.3491e-43
-3.3491e-43
-3.3491e-43
-3.3491e-43
-3.3491e-43
-3.3491e-43
-3.3491e-43
-3.3491e-43
-3.3491e-43
-3.3491e-43
-3.3491e-43
-3.3491e-43
-3.3491e-43
-3.3491e-43
-3.3491e-43
-3.3491e-43
-3.3491e-43
-3.3491e-43
-3.3491e-43
-3.3491e-43
-3.3491e-43
-3.3491e-43
-3.3491e-43
-3.3491e-43
-3.3491e-43
-3.3491e-43
-3.3491e-43
-3.3491e-43
-3.3491e-43
-3.3491e-43
-3.3491e-43
-3.3491e-43
-3.3491e-43
-3.3491e-43
-3.3491e-43
-3.3491e-43
-3.3491e-43
-3.3491e-43
-3.3491e-43
-3.3491e-43
-3.3491e-43
-3.3491e-43
-3.3491e-43
-3.3491e-43
-3.3491e-43
-3.3491e-43
-3.3491e-43
-3.3491e-43
-3.3491e-43
-3.3491e-43
-3.3491e-43
-3.3491e-43
-3.3491e-43
-3.3491e-43
-3.3491e-43
-3.3491e-43
-3.3491e-43
-3.3491e-43
-3.3491e-43
-3.3491e-43
-3.3491e-43
-3.3491e-43
-3.3491e-43
-3.3491e-43
-3.3491e-43
-3.3491e-43
-3.3491e-43
-3.3491e-43
-3.3491e-43
-3.3491e-43
-3.3491e-43
-3.3491e-43
-3.3491e-43
-3.3491e-43
-3.3491e-43
-3.3491e-43
-3.3491e-43
-3.3491e-43
-3.3491e-43
-3.3491e-43
-3.3491e-43
-3.3491e-43
-3.3491e-43
-3.3491e-43
-3.3491e-43
-3.3491e-43
-3.3491e-43
-3.3491e-43
-3.3491e-43
-3.3491e-43
-3.3491e-43
-3.3491e-43
-3.3491e-43
-3.3491e-43
-3.3491e-43
-3.3491e-43
-3.3491e-43
-3.3491e-43
-3.3491e-43
-3.3491e-43
-3.3491e-43
-3.3491e-43
-3.3491e-43
-3.3491e-43
-3.3491e-43
-3.3491e-43
-3.3491e-43
-3.3491e-43
-3.3491e-43
-3.3491e-43
-3.3491e-43
-3.3491e-43
-3.3491e-43
-3.3491e-43
-3.3491e-43
-3.3491e-43
-3.3491e-43
-3.3491e-43
-3.3491e-43
-3.3491e-43
-3.3491e-43
-3.3491e-43
-3.3491e-43
-3.3491e-43
-3.3491e-43
-3.3491e-43
-3.3491e-43
-3.3491e-43
-3.3491e-43
-3.3491e-43
-3.3491e-43
-3.3491e-43
-3.3491e-43
-3.3491e-43
-3.3491e-43
-3.3491e-43
-3.3491e-43
-3.3491e-43
-3.3491e-43
-3.3491e-43
-3.3491e-43
-3.3491e-43
-3.3491e-43
-3.3491e-43
-3.3491e-43
-3.3491e-43
-3.3491e-43
-3.3491e-43
-3.3491e-43
-3.3491e-43
-3.3491e-43
-3.3491e-43
-3.3491e-43
-3.3491e-43
-3.3491e-43
-3.3491e-43
-3.3491e-43
-3.3491e-43
-3.3491e-43
-3.3491e-43
-3.3491e-43
-3.3491e-43
-3.3491e-43
-3.3491e-43
-3.3491e-43
-3.3491e-43
-3.3491e-43
-3.3491e-43
-3.3491e-43
-3.3491e-43
-3.3491e-43
-3.3491e-43
-3.3491e-43
-3.3491e-43
-3.3491e-43
-3.3491e-43
-3.3491e-43
-3.3491e-43
-3.3491e-43
-3.3491e-43
-3.3491e-43
-3.3491e-43
-3.3491e-43
-3.3491e-43
-3.3491e-43
-3.3491e-43
-3.3491e-43
-3.3491e-43
-3.3491e-43
-3.3491e-43
-3.3491e-43
-3.3491e-43
-3.3491e-43
-3.3491e-43
-3.3491e-43
-3.3491e-43
-3.3491e-43
-3.3491e-43
-3.3491e-43
-3.3491e-43
-3.3491e-43
-3.3491e-43
-3.3491e-43
-3.3491e-43
-3.3491e-43
-3.3491e-43
-3.3491e-43
-3.3491e-43
-3.3491e-43
-3.3491e-43
-3.3491e-43
-3.3491e-43
-3.3491e-43
-3.3491e-43
-3.3491e-43
-3.3491e-43
-3.3491e-43
-3.3491e-43
-3.3491e-43
-3.3491e-43
-3.3491e-43
-3.3491e-43
-3.3491e-43
-3.3491e-43
-3.3491e-43
-3.3491e-43
-3.3491e-43
-3.3491e-43
-3.3491e-43
-3.3491e-43
-3.3491e-43
-3.3491e-43
-3.3491e-43
-3.3491e-43
-3.3491e-43
-3.3491e-43
-3.3491e-43
-3.3491e-43
-3.3491e-43
-3.3491e-43
-3.3491e-43
-3.3491e-43
-3.3491e-43
-3.3491e-43
-3.3491e-43
-3.3491e-43
-3.3491e-43
-3.3491e-43
-3.3491e-43
-3.3491e-43
-3.3491e-43
-3.3491e-43
-3.3491e-43
-3.3491e-43
-3.3491e-43
-3.3491e-43
-3.3491e-43
-3.3491e-43
-3.3491e-43
-3.3491e-43
-3.3491e-43
-3.3491e-43
-3.3491e-43
-3.3491e-43
-3.3491e-43
-3.3491e-43
-3.3491e-43
-3.3491e-43
-3.3491e-43
-3.3491e-43
-3.3491e-43
-3.3491e-43
-3.3491e-43
-3.3491e-43
-3.3491e-43
-3.3491e-43
-3.3491e-43
-3.3491e-43
-3.3491e-43
-3.3491e-43
-3.3491e-43
-3.3491e-43
-3.3491e-43
-3.3491e-43
-3.3491e-43
-3.3491e-43
-3.3491e-43
-3.3491e-43
-3.3491e-43
-3.3491e-43
-3.3491e-43
-3.3491e-43
-3.3491e-43
-3.3491e-43
-3.3491e-43
-3.3491e-43
-3.3491e-43
-3.3491e-43
-3.3491e-43
-3.3491e-43
-3.3491e-43
-3.3491e-43
-3.3491e-43
-3.3491e-43
-3.3491e-43
-3.3491e-43
-3.3491e-43
-3.3491e-43
-3.3491e-43
-3.3491e-43
-3.3491e-43
-3.3491e-43
-3.3491e-43
-3.3491e-43
-3.3491e-43
-3.3491e-43
-3.3491e-43
-3.3491e-43
-3.3491e-43
-3.3491e-43
-3.3491e-43
-3.3491e-43
-3.3491e-43
-3.3491e-43
-3.3491e-43
-3.3491e-43
-3.3491e-43
-3.3491e-43
-3.3491e-43
-3.3491e-43
-3.3491e-43
-3.3491e-43
-3.3491e-43
-3.3491e-43
-3.3491e-43
-3.3491e-43
-3.3491e-43
-3.3491e-43
-3.3491e-43
-3.3491e-43
-3.3491e-43
-3.3491e-43
-3.3491e-43
-3.3491e-43
-3.3491e-43
-3.3491e-43
-3.3491e-43
-3.3491e-43
-3.3491e-43
-3.3491e-43
-3.3491e-43
-3.3491e-43
-3.3491e-43
-3.3491e-43
-3.3491e-43
-3.3491e-43
-3.3491e-43
-3.3491e-43
-3.3491e-43
-3.3491e-43
-3.3491e-43
-3.3491e-43
-3.3491e-43
-3.3491e-43
-3.3491e-43
-3.3491e-43
-3.3491e-43
-3.3491e-43
-3.3491e-43
-3.3491e-43
-3.3491e-43
-3.3491e-43
-3.3491e-43
-3.3491e-43
-3.3491e-43
-3.3491e-43
-3.3491e-43
-3.3491e-43
-3.3491e-43
-3.3491e-43
-3.3491e-43
-3.3491e-43
-3.3491e-43
-3.3491e-43
-3.3491e-43
-3.3491e-43
-3.3491e-43
-3.3491e-43
-3.3491e-43
-3.3491e-43
-3.3491e-43
-3.3491e-43
-3.3491e-43
-3.3491e-43
-3.3491e-43
-3.3491e-43
-3.3491e-43
-3.3491e-43
-3.3491e-43
-3.3491e-43
-3.3491e-43
-3.3491e-43
-3.3491e-43
-3.3491e-43
-3.3491e-43
-3.3491e-43
-3.3491e-43
-3.3491e-43
-3.3491e-43
-3.3491e-43
-3.3491e-43
-3.3491e-43
-3.3491e-43
-3.3491e-43
-3.3491e-43
-3.3491e-43
-3.3491e-43
-3.3491e-43
-3.3491e-43
-3.3491e-43
-3.3491e-43
-3.3491e-43
-3.3491e-43
-3.3491e-43
-3.3491e-43
-3.3491e-43
-3.3491e-43
-3.3491e-43
-3.3491e-43
-3.3491e-43
-3.3491e-43
-3.3491e-43
-3.3491e-43
-3.3491e-43
-3.3491e-43
-3.3491e-43
-3.3491e-43
-3.3491e-43
-3.3491e-43
-3.3491e-43
-3.3491e-43
-3.3491e-43
-3.3491e-43
-3.3491e-43
-3.3491e-43
-3.3491e-43
-3.3491e-43
-3.3491e-43
-3.3491e-43
-3.3491e-43
-3.3491e-43
-3.3491e-43
-3.3491e-43
-3.3491e-43
-3.3491e-43
-3.3491e-43
-3.3491e-43
-3.3491e-43
-3.3491e-43
-3.3491e-43
-3.3491e-43
-3.3491e-43
-3.3491e-43
-3.3491e-43
-3.3491e-43
-3.3491e-43
-3.3491e-43
-3.3491e-43
-3.3491e-43
-3.3491e-43
-3.3491e-43
-3.3491e-43
-3.3491e-43
-3.3491e-43
-3.3491e-43
-3.3491e-43
-3.3491e-43
-3.3491e-43
-3.3491e-43
-3.3491e-43
-3.3491e-43
-3.3491e-43
-3.3491e-43
-3.3491e-43
-3.3491e-43
-3.3491e-43
-3.3491e-43
-3.3491e-43
-3.3491e-43
-3.3491e-43
-3.3491e-43
-3.3491e-43
-3.3491e-43
-3.3491e-43
-3.3491e-43
-3.3491e-43
-3.3491e-43
-3.3491e-43
-3.3491e-43
-3.3491e-43
-3.3491e-43
-3.3491e-43
-3.3491e-43
-3.3491e-43
-3.3491e-43
-3.3491e-43
-3.3491e-43
-3.3491e-43
-3.3491e-43
-3.3491e-43
-3.3491e-43
-3.3491e-43
-3.3491e-43
-3.3491e-43
-3.3491e-43
-3.3491e-43
-3.3491e-43
-3.3491e-43
-3.3491e-43
-3.3491e-43
-3.3491e-43
-3.3491e-43
-3.3491e-43
-3.3491e-43
-3.3491e-43
-3.3491e-43
-3.3491e-43
-3.3491e-43
-3.3491e-43
-3.3491e-43
-3.3491e-43
-3.3491e-43
-3.3491e-43
-3.3491e-43
-3.3491e-43
-3.3491e-43
-3.3491e-43
-3.3491e-43
-3.3491e-43
-3.3491e-43
-3.3491e-43
-3.3491e-43
-3.3491e-43
-3.3491e-43
-3.3491e-43
-3.3491e-43
-3.3491e-43
-3.3491e-43
-3.3491e-43
-3.3491e-43
-3.3491e-43
-3.3491e-43
-3.3491e-43
-3.3491e-43
-3.3491e-43
-3.3491e-43
-3.3491e-43
-3.3491e-43
-3.3491e-43
-3.3491e-43
-3.3491e-43
-3.3491e-43
-3.3491e-43
-3.3491e-43
-3.3491e-43
-3.3491e-43
-3.3491e-43
-3.3491e-43
-3.3491e-43
-3.3491e-43
-3.3491e-43
-3.3491e-43
-3.3491e-43
-3.3491e-43
-3.3491e-43
-3.3491e-43
-3.3491e-43
-3.3491e-43
-3.3491e-43
-3.3491e-43
-3.3491e-43
-3.3491e-43
-3.3491e-43
-3.3491e-43
-3.3491e-43
-3.3491e-43
-3.3491e-43
-3.3491e-43
-3.3491e-43
-3.3491e-43
-3.3491e-43
-3.3491e-43
-3.3491e-43
-3.3491e-43
-3.3491e-43
-3.3491e-43
-3.3491e-43
-3.3491e-43
-3.3491e-43
-3.3491e-43
-3.3491e-43
-3.3491e-43
-3.3491e-43
-3.3491e-43
-3.3491e-43
-3.3491e-43
-3.3491e-43
-3.3491e-43
-3.3491e-43
-3.3491e-43
-3.3491e-43
-3.3491e-43
-3.3491e-43
-3.3491e-43
-3.3491e-43
-3.3491e-43
-3.3491e-43
-3.3491e-43
-3.3491e-43
-3.3491e-43
-3.3491e-43
-3.3491e-43
-3.3491e-43
-3.3491e-43
-3.3491e-43
-3.3491e-43
-3.3491e-43
-3.3491e-43
-3.3491e-43
-3.3491e-43
-3.3491e-43
-3.3491e-43
-3.3491e-43
-3.3491e-43
-3.3491e-43
-3.3491e-43
-3.3491e-43
-3.3491e-43
-3.3491e-43
-3.3491e-43
-3.3491e-43
-3.3491e-43
-3.3491e-43
-3.3491e-43
-3.3491e-43
-3.3491e-43
-3.3491e-43
-3.3491e-43
-3.3491e-43
-3.3491e-43
-3.3491e-43
-3.3491e-43
-3.3491e-43
-3.3491e-43
-3.3491e-43
-3.3491e-43
-3.3491e-43
-3.3491e-43
-3.3491e-43
-3.3491e-43
-3.3491e-43
-3.3491e-43
-3.3491e-43
-3.3491e-43
-3.3491e-43
-3.3491e-43
-3.3491e-43
-3.3491e-43
-3.3491e-43
-3.3491e-43
-3.3491e-43
-3.3491e-43
-3.3491e-43
-3.3491e-43
-3.3491e-43
-3.3491e-43
-3.3491e-43
-3.3491e-43
-3.3491e-43
-3.3491e-43
-3.3491e-43
-3.3491e-43
-3.3491e-43
-3.3491e-43
-3.3491e-43
-3.3491e-43
-3.3491e-43
-3.3491e-43
-3.3491e-43
-3.3491e-43
-3.3491e-43
-3.3491e-43
-3.3491e-43
-3.3491e-43
-3.3491e-43
-3.3491e-43
-3.3491e-43
-3.3491e-43
-3.3491e-43
-3.3491e-43
-3.3491e-43
-3.3491e-43
-3.3491e-43
-3.3491e-43
-3.3491e-43
-3.3491e-43
-3.3491e-43
-3.3491e-43
-3.3491e-43
-3.3491e-43
-3.3491e-43
-3.3491e-43
-3.3491e-43
-3.3491e-43
-3.3491e-43
-3.3491e-43
-3.3491e-43
-3.3491e-43
-3.3491e-43
-3.3491e-43
-3.3491e-43
-3.3491e-43
-3.3491e-43
-3.3491e-43
-3.3491e-43
-3.3491e-43
-3.3491e-43
-3.3491e-43
-3.3491e-43
-3.3491e-43
-3.3491e-43
-3.3491e-43
-3.3491e-43
-3.3491e-43
-3.3491e-43
-3.3491e-43
-3.3491e-43
-3.3491e-43
-3.3491e-43
-3.3491e-43
-3.3491e-43
-3.3491e-43
-3.3491e-43
-3.3491e-43
-3.3491e-43
-3.3491e-43
-3.3491e-43
-3.3491e-43
-3.3491e-43
-3.3491e-43
-3.3491e-43
-3.3491e-43
-3.3491e-43
-3.3491e-43
-3.3491e-43
-3.3491e-43
-3.3491e-43
-3.3491e-43
-3.3491e-43
-3.3491e-43
-3.3491e-43
-3.3491e-43
-3.3491e-43
-3.3491e-43
-3.3491e-43
-3.3491e-43
-3.3491e-43
-3.3491e-43
-3.3491e-43
-3.3491e-43
-3.3491e-43
-3.3491e-43
-3.3491e-43
-3.3491e-43
-3.3491e-43
-3.3491e-43
-3.3491e-43
-3.3491e-43
-3.3491e-43
-3.3491e-43
-3.3491e-43
-3.3491e-43
-3.3491e-43
-3.3491e-43
-3.3491e-43
-3.3491e-43
-3.3491e-43
-3.3491e-43
-3.3491e-43
-3.3491e-43
-3.3491e-43
-3.3491e-43
-3.3491e-43
-3.3491e-43
-3.3491e-43
-3.3491e-43
-3.3491e-43
-3.3491e-43
-3.3491e-43
-3.3491e-43
-3.3491e-43
-3.3491e-43
-3.3491e-43
-3.3491e-43
-3.3491e-43
-3.3491e-43
-3.3491e-43
-3.3491e-43
-3.3491e-43
-3.3491e-43
-3.3491e-43
-3.3491e-43
-3.3491e-43
-3.3491e-43
-3.3491e-43
-3.3491e-43
-3.3491e-43
-3.3491e-43
-3.3491e-43
-3.3491e-43
-3.3491e-43
-3.3491e-43
-3.3491e-43
-3.3491e-43
-3.3491e-43
-3.3491e-43
-3.3491e-43
-3.3491e-43
-3.3491e-43
-3.3491e-43
-3.3491e-43
-3.3491e-43
-3.3491e-43
-3.3491e-43
-3.3491e-43
-3.3491e-43
-3.3491e-43
-3.3491e-43
-3.3491e-43
-3.3491e-43
-3.3491e-43
-3.3491e-43
-3.3491e-43
-3.3491e-43
-3.3491e-43
-3.3491e-43
-3.3491e-43
-3.3491e-43
-3.3491e-43
-3.3491e-43
-3.3491e-43
-3.3491e-43
-3.3491e-43
-3.3491e-43
-3.3491e-43
-3.3491e-43
-3.3491e-43
-3.3491e-43
-3.3491e-43
-3.3491e-43
-3.3491e-43
-3.3491e-43
-3.3491e-43
-3.3491e-43
-3.3491e-43
-3.3491e-43
-3.3491e-43
-3.3491e-43
-3.3491e-43
-3.3491e-43
-3.3491e-43
-3.3491e-43
-3.3491e-43
-3.3491e-43
-3.3491e-43
-3.3491e-43
-3.3491e-43
-3.3491e-43
-3.3491e-43
-3.3491e-43
-3.3491e-43
-3.3491e-43
-3.3491e-43
-3.3491e-43
-3.3491e-43
-3.3491e-43
-3.3491e-43
-3.3491e-43
-3.3491e-43
-3.3491e-43
-3.3491e-43
-3.3491e-43
-3.3491e-43
-3.3491e-43
-3.3491e-43
-3.3491e-43
-3.3491e-43
-3.3491e-43
-3.3491e-43
-3.3491e-43
-3.3491e-43
-3.3491e-43
-3.3491e-43
-3.3491e-43
-3.3491e-43
-3.3491e-43
-3.3491e-43
-3.3491e-43
-3.3491e-43
-3.3491e-43
-3.3491e-43
-3.3491e-43
-3.3491e-43
-3.3491e-43
-3.3491e-43
-3.3491e-43
-3.3491e-43
-3.3491e-43
-3.3491e-43
-3.3491e-43
-3.3491e-43
-3.3491e-43
-3.3491e-43
-3.3491e-43
-3.3491e-43
-3.3491e-43
-3.3491e-43
-3.3491e-43
-3.3491e-43
-3.3491e-43
-3.3491e-43
-3.3491e-43
-3.3491e-43
-3.3491e-43
-3.3491e-43
-3.3491e-43
-3.3491e-43
-3.3491e-43
-3.3491e-43
-3.3491e-43
-3.3491e-43
-3.3491e-43
-3.3491e-43
-3.3491e-43
-3.3491e-43
-3.3491e-43
-3.3491e-43
-3.3491e-43
-3.3491e-43
-3.3491e-43
-3.3491e-43
-3.3491e-43
-3.3491e-43
-3.3491e-43
-3.3491e-43
-3.3491e-43
-3.3491e-43
-3.3491e-43
-3.3491e-43
-3.3491e-43
-3.3491e-43
-3.3491e-43
-3.3491e-43
-3.3491e-43
-3.3491e-43
-3.3491e-43
-3.3491e-43
-3.3491e-43
-3.3491e-43
-3.3491e-43
-3.3491e-43
-3.3491e-43
-3.3491e-43
-3.3491e-43
-3.3491e-43
-3.3491e-43
-3.3491e-43
-3.3491e-43
-3.3491e-43
-3.3491e-43
-3.3491e-43
-3.3491e-43
-3.3491e-43
-3.3491e-43
-3.3491e-43
-3.3491e-43
-3.3491e-43
-3.3491e-43
-3.3491e-43
-3.3491e-43
-3.3491e-43
-3.3491e-43
-3.3491e-43
-3.3491e-43
-3.3491e-43
-3.3491e-43
-3.3491e-43
-3.3491e-43
-3.3491e-43
-3.3491e-43
-3.3491e-43
-3.3491e-43
-3.3491e-43
-3.3491e-43
-3.3491e-43
-3.3491e-43
-3.3491e-43
-3.3491e-43
-3.3491e-43
-3.3491e-43
-3.3491e-43
-3.3491e-43
-3.3491e-43
-3.3491e-43
-3.3491e-43
-3.3491e-43
-3.3491e-43
-3.3491e-43
-3.3491e-43
-3.3491e-43
-3.3491e-43
-3.3491e-43
-3.3491e-43
-3.3491e-43
-3.3491e-43
-3.3491e-43
-3.3491e-43
-3.3491e-43
-3.3491e-43
-3.3491e-43
-3.3491e-43
-3.3491e-43
-3.3491e-43
-3.3491e-43
-3.3491e-43
-3.3491e-43
-3.3491e-43
-3.3491e-43
-3.3491e-43
-3.3491e-43
-3.3491e-43
-3.3491e-43
-3.3491e-43
-3.3491e-43
-3.3491e-43
-3.3491e-43
-3.3491e-43
-3.3491e-43
-3.3491e-43
-3.3491e-43
-3.3491e-43
-3.3491e-43
-3.3491e-43
-3.3491e-43
-3.3491e-43
-3.3491e-43
-3.3491e-43
-3.3491e-43
-3.3491e-43
-3.3491e-43
-3.3491e-43
-3.3491e-43
-3.3491e-43
-3.3491e-43
-3.3491e-43
-3.3491e-43
-3.3491e-43
-3.3491e-43
-3.3491e-43
-3.3491e-43
-3.3491e-43
-3.3491e-43
-3.3491e-43
-3.3491e-43
-3.3491e-43
-3.3491e-43
-3.3491e-43
-3.3491e-43
-3.3491e-43
-3.3491e-43
-3.3491e-43
-3.3491e-43
-3.3491e-43
-3.3491e-43
-3.3491e-43
-3.3491e-43
-3.3491e-43
-3.3491e-43
-3.3491e-43
-3.3491e-43
-3.3491e-43
-3.3491e-43
-3.3491e-43
-3.3491e-43
-3.3491e-43
-3.3491e-43
-3.3491e-43
-3.3491e-43
-3.3491e-43
-3.3491e-43
-3.3491e-43
-3.3491e-43
-3.3491e-43
-3.3491e-43
-3.3491e-43
-3.3491e-43
-3.3491e-43
-3.3491e-43
-3.3491e-43
-3.3491e-43
-3.3491e-43
-3.3491e-43
-3.3491e-43
-3.3491e-43
-3.3491e-43
-3.3491e-43
-3.3491e-43
-3.3491e-43
-3.3491e-43
-3.3491e-43
-3.3491e-43
-3.3491e-43
-3.3491e-43
-3.3491e-43
-3.3491e-43
-3.3491e-43
-3.3491e-43
-3.3491e-43
-3.3491e-43
-3.3491e-43
-3.3491e-43
-3.3491e-43
-3.3491e-43
-3.3491e-43
-3.3491e-43
-3.3491e-43
-3.3491e-43
-3.3491e-43
-3.3491e-43
-3.3491e-43
-3.3491e-43
-3.3491e-43
-3.3491e-43
-3.3491e-43
-3.3491e-43
-3.3491e-43
-3.3491e-43
-3.3491e-43
-3.3491e-43
-3.3491e-43
-3.3491e-43
-3.3491e-43
-3.3491e-43
-3.3491e-43
-3.3491e-43
-3.3491e-43
-3.3491e-43
-3.3491e-43
-3.3491e-43
-3.3491e-43
-3.3491e-43
-3.3491e-43
-3.3491e-43
-3.3491e-43
-3.3491e-43
-3.3491e-43
-3.3491e-43
-3.3491e-43
-3.3491e-43
-3.3491e-43
-3.3491e-43
-3.3491e-43
-3.3491e-43
-3.3491e-43
-3.3491e-43
-3.3491e-43
-3.3491e-43
-3.3491e-43
-3.3491e-43
-3.3491e-43
-3.3491e-43
-3.3491e-43
-3.3491e-43
-3.3491e-43
-3.3491e-43
-3.3491e-43
-3.3491e-43
-3.3491e-43
-3.3491e-43
-3.3491e-43
-3.3491e-43
-3.3491e-43
-3.3491e-43
-3.3491e-43
-3.3491e-43
-3.3491e-43
-3.3491e-43
-3.3491e-43
-3.3491e-43
-3.3491e-43
-3.3491e-43
-3.3491e-43
-3.3491e-43
-3.3491e-43
-3.3491e-43
-3.3491e-43
-3.3491e-43
-3.3491e-43
-3.3491e-43
-3.3491e-43
-3.3491e-43
-3.3491e-43
-3.3491e-43
-3.3491e-43
-3.3491e-43
-3.3491e-43
-3.3491e-43
-3.3491e-43
-3.3491e-43
-3.3491e-43
-3.3491e-43
-3.3491e-43
-3.3491e-43
-3.3491e-43
-3.3491e-43
-3.3491e-43
-3.3491e-43
-3.3491e-43
-3.3491e-43
-3.3491e-43
-3.3491e-43
-3.3491e-43
-3.3491e-43
-3.3491e-43
-3.3491e-43
-3.3491e-43
-3.3491e-43
-3.3491e-43
-3.3491e-43
-3.3491e-43
-3.3491e-43
-3.3491e-43
-3.3491e-43
-3.3491e-43
-3.3491e-43
-3.3491e-43
-3.3491e-43
-3.3491e-43
-3.3491e-43
-3.3491e-43
-3.3491e-43
-3.3491e-43
-3.3491e-43
-3.3491e-43
-3.3491e-43
-3.3491e-43
-3.3491e-43
-3.3491e-43
-3.3491e-43
-3.3491e-43
-3.3491e-43
-3.3491e-43
-3.3491e-43
-3.3491e-43
-3.3491e-43
-3.3491e-43
-3.3491e-43
-3.3491e-43
-3.3491e-43
-3.3491e-43
-3.3491e-43
-3.3491e-43
-3.3491e-43
-3.3491e-43
-3.3491e-43
-3.3491e-43
-3.3491e-43
-3.3491e-43
-3.3491e-43
-3.3491e-43
-3.3491e-43
-3.3491e-43
-3.3491e-43
-3.3491e-43
-3.3491e-43
-3.3491e-43
-3.3491e-43
-3.3491e-43
-3.3491e-43
-3.3491e-43
-3.3491e-43
-3.3491e-43
-3.3491e-43
-3.3491e-43
-3.3491e-43
-3.3491e-43
-3.3491e-43
-3.3491e-43
-3.3491e-43
-3.3491e-43
-3.3491e-43
-3.3491e-43
-3.3491e-43
-3.3491e-43
-3.3491e-43
-3.3491e-43
-3.3491e-43
-3.3491e-43
-3.3491e-43
-3.3491e-43
-3.3491e-43
-3.3491e-43
-3.3491e-43
-3.3491e-43
-3.3491e-43
-3.3491e-43
-3.3491e-43
-3.3491e-43
-3.3491e-43
-3.3491e-43
-3.3491e-43
-3.3491e-43
-3.3491e-43
-3.3491e-43
-3.3491e-43
-3.3491e-43
-3.3491e-43
-3.3491e-43
-3.3491e-43
-3.3491e-43
-3.3491e-43
-3.3491e-43
-3.3491e-43
-3.3491e-43
-3.3491e-43
-3.3491e-43
-3.3491e-43
-3.3491e-43
-3.3491e-43
-3.3491e-43
-3.3491e-43
-3.3491e-43
-3.3491e-43
-3.3491e-43
-3.3491e-43
-3.3491e-43
-3.3491e-43
-3.3491e-43
-3.3491e-43
-3.3491e-43
-3.3491e-43
-3.3491e-43
-3.3491e-43
-3.3491e-43
-3.3491e-43
-3.3491e-43
-3.3491e-43
-3.3491e-43
-3.3491e-43
-3.3491e-43
-3.3491e-43
-3.3491e-43
-3.3491e-43
-3.3491e-43
-3.3491e-43
-3.3491e-43
-3.3491e-43
-3.3491e-43
-3.3491e-43
-3.3491e-43
-3.3491e-43
-3.3491e-43
-3.3491e-43
-3.3491e-43
-3.3491e-43
-3.3491e-43
-3.3491e-43
-3.3491e-43
-3.3491e-43
-3.3491e-43
-3.3491e-43
-3.3491e-43
-3.3491e-43
-3.3491e-43
-3.3491e-43
-3.3491e-43
-3.3491e-43
-3.3491e-43
-3.3491e-43
-3.3491e-43
-3.3491e-43
-3.3491e-43
-3.3491e-43
-3.3491e-43
-3.3491e-43
-3.3491e-43
-3.3491e-43
-3.3491e-43
-3.3491e-43
-3.3491e-43
-3.3491e-43
-3.3491e-43
-3.3491e-43
-3.3491e-43
-3.3491e-43
-3.3491e-43
-3.3491e-43
-3.3491e-43
-3.3491e-43
-3.3491e-43
-3.3491e-43
-3.3491e-43
-3.3491e-43
-3.3491e-43
-3.3491e-43
-3.3491e-43
-3.3491e-43
-3.3491e-43
-3.3491e-43
-3.3491e-43
-3.3491e-43
-3.3491e-43
-3.3491e-43
-3.3491e-43
-3.3491e-43
-3.3491e-43
-3.3491e-43
-3.3491e-43
-3.3491e-43
-3.3491e-43
-3.3491e-43
-3.3491e-43
-3.3491e-43
-3.3491e-43
-3.3491e-43
-3.3491e-43
-3.3491e-43
-3.3491e-43
-3.3491e-43
-3.3491e-43
-3.3491e-43
-3.3491e-43
-3.3491e-43
-3.3491e-43
-3.3491e-43
-3.3491e-43
-3.3491e-43
-3.3491e-43
-3.3491e-43
-3.3491e-43
-3.3491e-43
-3.3491e-43
-3.3491e-43
-3.3491e-43
-3.3491e-43
-3.3491e-43
-3.3491e-43
-3.3491e-43
-3.3491e-43
-3.3491e-43
-3.3491e-43
-3.3491e-43
-3.3491e-43
-3.3491e-43
-3.3491e-43
-3.3491e-43
-3.3491e-43
-3.3491e-43
-3.3491e-43
-3.3491e-43
-3.3491e-43
-3.3491e-43
-3.3491e-43
-3.3491e-43
-3.3491e-43
-3.3491e-43
-3.3491e-43
-3.3491e-43
-3.3491e-43
-3.3491e-43
-3.3491e-43
-3.3491e-43
-3.3491e-43
-3.3491e-43
-3.3491e-43
-3.3491e-43
-3.3491e-43
-3.3491e-43
-3.3491e-43
-3.3491e-43
-3.3491e-43
-3.3491e-43
-3.3491e-43
-3.3491e-43
-3.3491e-43
-3.3491e-43
-3.3491e-43
-3.3491e-43
-3.3491e-43
-3.3491e-43
-3.3491e-43
-3.3491e-43
-3.3491e-43
-3.3491e-43
-3.3491e-43
-3.3491e-43
-3.3491e-43
-3.3491e-43
-3.3491e-43
-3.3491e-43
-3.3491e-43
-3.3491e-43
-3.3491e-43
-3.3491e-43
-3.3491e-43
-3.3491e-43
-3.3491e-43
-3.3491e-43
-3.3491e-43
-3.3491e-43
-3.3491e-43
-3.3491e-43
-3.3491e-43
-3.3491e-43
-3.3491e-43
-3.3491e-43
-3.3491e-43
-3.3491e-43
-3.3491e-43
-3.3491e-43
-3.3491e-43
-3.3491e-43
-3.3491e-43
-3.3491e-43
-3.3491e-43
-3.3491e-43
-3.3491e-43
-3.3491e-43
-3.3491e-43
-3.3491e-43
-3.3491e-43
-3.3491e-43
-3.3491e-43
-3.3491e-43
-3.3491e-43
-3.3491e-43
-3.3491e-43
-3.3491e-43
-3.3491e-43
-3.3491e-43
-3.3491e-43
-3.3491e-43
-3.3491e-43
-3.3491e-43
-3.3491e-43
-3.3491e-43
-3.3491e-43
-3.3491e-43
-3.3491e-43
-3.3491e-43
-3.3491e-43
-3.3491e-43
-3.3491e-43
-3.3491e-43
-3.3491e-43
-3.3491e-43
-3.3491e-43
-3.3491e-43
-3.3491e-43
-3.3491e-43
-3.3491e-43
-3.3491e-43
-3.3491e-43
-3.3491e-43
-3.3491e-43
-3.3491e-43
-3.3491e-43
-3.3491e-43
-3.3491e-43
-3.3491e-43
-3.3491e-43
-3.3491e-43
-3.3491e-43
-3.3491e-43
-3.3491e-43
-3.3491e-43
-3.3491e-43
-3.3491e-43
-3.3491e-43
-3.3491e-43
-3.3491e-43
-3.3491e-43
-3.3491e-43
-3.3491e-43
-3.3491e-43
-3.3491e-43
-3.3491e-43
-3.3491e-43
-3.3491e-43
-3.3491e-43
-3.3491e-43
-3.3491e-43
-3.3491e-43
-3.3491e-43
-3.3491e-43
-3.3491e-43
-3.3491e-43
-3.3491e-43
-3.3491e-43
-3.3491e-43
-3.3491e-43
-3.3491e-43
-3.3491e-43
-3.3491e-43
-3.3491e-43
-3.3491e-43
-3.3491e-43
-3.3491e-43
-3.3491e-43
-3.3491e-43
-3.3491e-43
-3.3491e-43
-3.3491e-43
-3.3491e-43
-3.3491e-43
-3.3491e-43
-3.3491e-43
-3.3491e-43
-3.3491e-43
-3.3491e-43
-3.3491e-43
-3.3491e-43
-3.3491e-43
-3.3491e-43
-3.3491e-43
-3.3491e-43
-3.3491e-43
-3.3491e-43
-3.3491e-43
-3.3491e-43
-3.3491e-43
-3.3491e-43
-3.3491e-43
-3.3491e-43
-3.3491e-43
-3.3491e-43
-3.3491e-43
-3.3491e-43
-3.3491e-43
-3.3491e-43
-3.3491e-43
-3.3491e-43
-3.3491e-43
-3.3491e-43
-3.3491e-43
-3.3491e-43
-3.3491e-43
-3.3491e-43
-3.3491e-43
-3.3491e-43
-3.3491e-43
-3.3491e-43
-3.3491e-43
-3.3491e-43
-3.3491e-43
-3.3491e-43
-3.3491e-43
-3.3491e-43
-3.3491e-43
-3.3491e-43
-3.3491e-43
-3.3491e-43
-3.3491e-43
-3.3491e-43
-3.3491e-43
-3.3491e-43
-3.3491e-43
-3.3491e-43
-3.3491e-43
-3.3491e-43
-3.3491e-43
-3.3491e-43
-3.3491e-43
-3.3491e-43
-3.3491e-43
-3.3491e-43
-3.3491e-43
-3.3491e-43
-3.3491e-43
-3.3491e-43
-3.3491e-43
-3.3491e-43
-3.3491e-43
-3.3491e-43
-3.3491e-43
-3.3491e-43
-3.3491e-43
-3.3491e-43
-3.3491e-43
-3.3491e-43
-3.3491e-43
-3.3491e-43
-3.3491e-43
-3.3491e-43
-3.3491e-43
-3.3491e-43
-3.3491e-43
-3.3491e-43
-3.3491e-43
-3.3491e-43
-3.3491e-43
-3.3491e-43
-3.3491e-43
-3.3491e-43
-3.3491e-43
-3.3491e-43
-3.3491e-43
-3.3491e-43
-3.3491e-43
-3.3491e-43
-3.3491e-43
-3.3491e-43
-3.3491e-43
-3.3491e-43
-3.3491e-43
-3.3491e-43
-3.3491e-43
-3.3491e-43
-3.3491e-43
-3.3491e-43
-3.3491e-43
-3.3491e-43
-3.3491e-43
-3.3491e-43
-3.3491e-43
-3.3491e-43
-3.3491e-43
-3.3491e-43
-3.3491e-43
-3.3491e-43
-3.3491e-43
-3.3491e-43
-3.3491e-43
-3.3491e-43
-3.3491e-43
-3.3491e-43
-3.3491e-43
-3.3491e-43
-3.3491e-43
-3.3491e-43
-3.3491e-43
-3.3491e-43
-3.3491e-43
-3.3491e-43
-3.3491e-43
-3.3491e-43
-3.3491e-43
-3.3491e-43
-3.3491e-43
-3.3491e-43
-3.3491e-43
-3.3491e-43
-3.3491e-43
-3.3491e-43
-3.3491e-43
-3.3491e-43
-3.3491e-43
-3.3491e-43
-3.3491e-43
-3.3491e-43
-3.3491e-43
-3.3491e-43
-3.3491e-43
-3.3491e-43
-3.3491e-43
-3.3491e-43
-3.3491e-43
-3.3491e-43
-3.3491e-43
-3.3491e-43
-3.3491e-43
-3.3491e-43
-3.3491e-43
-3.3491e-43
-3.3491e-43
-3.3491e-43
-3.3491e-43
-3.3491e-43
-3.3491e-43
-3.3491e-43
-3.3491e-43
-3.3491e-43
-3.3491e-43
-3.3491e-43
-3.3491e-43
-3.3491e-43
-3.3491e-43
-3.3491e-43
-3.3491e-43
-3.3491e-43
-3.3491e-43
-3.3491e-43
-3.3491e-43
-3.3491e-43
-3.3491e-43
-3.3491e-43
-3.3491e-43
-3.3491e-43
-3.3491e-43
-3.3491e-43
-3.3491e-43
-3.3491e-43
-3.3491e-43
-3.3491e-43
-3.3491e-43
-3.3491e-43
-3.3491e-43
-3.3491e-43
-3.3491e-43
-3.3491e-43
-3.3491e-43
-3.3491e-43
-3.3491e-43
-3.3491e-43
-3.3491e-43
-3.3491e-43
-3.3491e-43
-3.3491e-43
-3.3491e-43
-3.3491e-43
-3.3491e-43
-3.3491e-43
-3.3491e-43
-3.3491e-43
-3.3491e-43
-3.3491e-43
-3.3491e-43
-3.3491e-43
-3.3491e-43
-3.3491e-43
-3.3491e-43
-3.3491e-43
-3.3491e-43
-3.3491e-43
-3.3491e-43
-3.3491e-43
-3.3491e-43
-3.3491e-43
-3.3491e-43
-3.3491e-43
-3.3491e-43
-3.3491e-43
-3.3491e-43
-3.3491e-43
-3.3491e-43
-3.3491e-43
-3.3491e-43
-3.3491e-43
-3.3491e-43
-3.3491e-43
-3.3491e-43
-3.3491e-43
-3.3491e-43
-3.3491e-43
-3.3491e-43
-3.3491e-43
-3.3491e-43
-3.3491e-43
-3.3491e-43
-3.3491e-43
-3.3491e-43
-3.3491e-43
-3.3491e-43
-3.3491e-43
-3.3491e-43
-3.3491e-43
-3.3491e-43
-3.3491e-43
-3.3491e-43
-3.3491e-43
-3.3491e-43
-3.3491e-43
-3.3491e-43
-3.3491e-43
-3.3491e-43
-3.3491e-43
-3.3491e-43
-3.3491e-43
-3.3491e-43
-3.3491e-43
-3.3491e-43
-3.3491e-43
-3.3491e-43
-3.3491e-43
-3.3491e-43
-3.3491e-43
-3.3491e-43
-3.3491e-43
-3.3491e-43
-3.3491e-43
-3.3491e-43
-3.3491e-43
-3.3491e-43
-3.3491e-43
-3.3491e-43
-3.3491e-43
-3.3491e-43
-3.3491e-43
-3.3491e-43
-3.3491e-43
-3.3491e-43
-3.3491e-43
-3.3491e-43
-3.3491e-43
-3.3491e-43
-3.3491e-43
-3.3491e-43
-3.3491e-43
-3.3491e-43
-3.3491e-43
-3.3491e-43
-3.3491e-43
-3.3491e-43
-3.3491e-43
-3.3491e-43
-3.3491e-43
-3.3491e-43
-3.3491e-43
-3.3491e-43
-3.3491e-43
-3.3491e-43
-3.3491e-43
-3.3491e-43
-3.3491e-43
-3.3491e-43
-3.3491e-43
-3.3491e-43
-3.3491e-43
-3.3491e-43
-3.3491e-43
-3.3491e-43
-3.3491e-43
-3.3491e-43
-3.3491e-43
-3.3491e-43
-3.3491e-43
-3.3491e-43
-3.3491e-43
-3.3491e-43
-3.3491e-43
-3.3491e-43
-3.3491e-43
-3.3491e-43
-3.3491e-43
-3.3491e-43
-3.3491e-43
-3.3491e-43
-3.3491e-43
-3.3491e-43
-3.3491e-43
-3.3491e-43
-3.3491e-43
-3.3491e-43
-3.3491e-43
-3.3491e-43
-3.3491e-43
-3.3491e-43
-3.3491e-43
-3.3491e-43
-3.3491e-43
-3.3491e-43
-3.3491e-43
-3.3491e-43
-3.3491e-43
-3.3491e-43
-3.3491e-43
-3.3491e-43
-3.3491e-43
-3.3491e-43
-3.3491e-43
-3.3491e-43
-3.3491e-43
-3.3491e-43
-3.3491e-43
-3.3491e-43
-3.3491e-43
-3.3491e-43
-3.3491e-43
-3.3491e-43
-3.3491e-43
-3.3491e-43
-3.3491e-43
-3.3491e-43
-3.3491e-43
-3.3491e-43
-3.3491e-43
-3.3491e-43
-3.3491e-43
-3.3491e-43
-3.3491e-43
-3.3491e-43
-3.3491e-43
-3.3491e-43
-3.3491e-43
-3.3491e-43
-3.3491e-43
-3.3491e-43
-3.3491e-43
-3.3491e-43
-3.3491e-43
-3.3491e-43
-3.3491e-43
-3.3491e-43
-3.3491e-43
-3.3491e-43
-3.3491e-43
-3.3491e-43
-3.3491e-43
-3.3491e-43
-3.3491e-43
-3.3491e-43
-3.3491e-43
-3.3491e-43
-3.3491e-43
-3.3491e-43
-3.3491e-43
-3.3491e-43
-3.3491e-43
-3.3491e-43
-3.3491e-43
-3.3491e-43
-3.3491e-43
-3.3491e-43
-3.3491e-43
-3.3491e-43
-3.3491e-43
-3.3491e-43
-3.3491e-43
-3.3491e-43
-3.3491e-43
-3.3491e-43
-3.3491e-43
-3.3491e-43
-3.3491e-43
-3.3491e-43
-3.3491e-43
-3.3491e-43
-3.3491e-43
-3.3491e-43
-3.3491e-43
-3.3491e-43
-3.3491e-43
-3.3491e-43
-3.3491e-43
-3.3491e-43
-3.3491e-43
-3.3491e-43
-3.3491e-43
-3.3491e-43
-3.3491e-43
-3.3491e-43
-3.3491e-43
-3.3491e-43
-3.3491e-43
-3.3491e-43
-3.3491e-43
-3.3491e-43
-3.3491e-43
-3.3491e-43
-3.3491e-43
-3.3491e-43
-3.3491e-43
-3.3491e-43
-3.3491e-43
-3.3491e-43
-3.3491e-43
-3.3491e-43
-3.3491e-43
-3.3491e-43
-3.3491e-43
-3.3491e-43
-3.3491e-43
-3.3491e-43
-3.3491e-43
-3.3491e-43
-3.3491e-43
-3.3491e-43
-3.3491e-43
-3.3491e-43
-3.3491e-43
-3.3491e-43
-3.3491e-43
-3.3491e-43
-3.3491e-43
-3.3491e-43
-3.3491e-43
-3.3491e-43
-3.3491e-43
-3.3491e-43
-3.3491e-43
-3.3491e-43
-3.3491e-43
-3.3491e-43
-3.3491e-43
-3.3491e-43
-3.3491e-43
-3.3491e-43
-3.3491e-43
-3.3491e-43
-3.3491e-43
-3.3491e-43
-3.3491e-43
-3.3491e-43
-3.3491e-43
-3.3491e-43
-3.3491e-43
-3.3491e-43
-3.3491e-43
-3.3491e-43
-3.3491e-43
-3.3491e-43
-3.3491e-43
-3.3491e-43
-3.3491e-43
-3.3491e-43
-3.3491e-43
-3.3491e-43
-3.3491e-43
-3.3491e-43
-3.3491e-43
-3.3491e-43
-3.3491e-43
-3.3491e-43
-3.3491e-43
-3.3491e-43
-3.3491e-43
-3.3491e-43
-3.3491e-43
-3.3491e-43
-3.3491e-43
-3.3491e-43
-3.3491e-43
-3.3491e-43
-3.3491e-43
-3.3491e-43
-3.3491e-43
-3.3491e-43
-3.3491e-43
-3.3491e-43
-3.3491e-43
-3.3491e-43
-3.3491e-43
-3.3491e-43
-3.3491e-43
-3.3491e-43
-3.3491e-43
-3.3491e-43
-3.3491e-43
-3.3491e-43
-3.3491e-43
-3.3491e-43
-3.3491e-43
-3.3491e-43
-3.3491e-43
-3.3491e-43
-3.3491e-43
-3.3491e-43
-3.3491e-43
-3.3491e-43
-3.3491e-43
-3.3491e-43
-3.3491e-43
-3.3491e-43
-3.3491e-43
-3.3491e-43
-3.3491e-43
-3.3491e-43
-3.3491e-43
-3.3491e-43
-3.3491e-43
-3.3491e-43
-3.3491e-43
-3.3491e-43
-3.3491e-43
-3.3491e-43
-3.3491e-43
-3.3491e-43
-3.3491e-43
-3.3491e-43
-3.3491e-43
-3.3491e-43
-3.3491e-43
-3.3491e-43
-3.3491e-43
-3.3491e-43
-3.3491e-43
-3.3491e-43
-3.3491e-43
-3.3491e-43
-3.3491e-43
-3.3491e-43
-3.3491e-43
-3.3491e-43
-3.3491e-43
-3.3491e-43
-3.3491e-43
-3.3491e-43
-3.3491e-43
-3.3491e-43
-3.3491e-43
-3.3491e-43
-3.3491e-43
-3.3491e-43
-3.3491e-43
-3.3491e-43
-3.3491e-43
-3.3491e-43
-3.3491e-43
-3.3491e-43
-3.3491e-43
-3.3491e-43
-3.3491e-43
-3.3491e-43
-3.3491e-43
-3.3491e-43
-3.3491e-43
-3.3491e-43
-3.3491e-43
-3.3491e-43
-3.3491e-43
-3.3491e-43
-3.3491e-43
-3.3491e-43
-3.3491e-43
-3.3491e-43
-3.3491e-43
-3.3491e-43
-3.3491e-43
-3.3491e-43
-3.3491e-43
-3.3491e-43
-3.3491e-43
-3.3491e-43
-3.3491e-43
-3.3491e-43
-3.3491e-43
-3.3491e-43
-3.3491e-43
-3.3491e-43
-3.3491e-43
-3.3491e-43
-3.3491e-43
-3.3491e-43
-3.3491e-43
-3.3491e-43
-3.3491e-43
-3.3491e-43
-3.3491e-43
-3.3491e-43
-3.3491e-43
-3.3491e-43
-3.3491e-43
-3.3491e-43
-3.3491e-43
-3.3491e-43
-3.3491e-43
-3.3491e-43
-3.3491e-43
-3.3491e-43
-3.3491e-43
-3.3491e-43
-3.3491e-43
-3.3491e-43
-3.3491e-43
-3.3491e-43
-3.3491e-43
-3.3491e-43
-3.3491e-43
-3.3491e-43
-3.3491e-43
-3.3491e-43
-3.3491e-43
-3.3491e-43
-3.3491e-43
-3.3491e-43
-3.3491e-43
-3.3491e-43
-3.3491e-43
-3.3491e-43
-3.3491e-43
-3.3491e-43
-3.3491e-43
-3.3491e-43
-3.3491e-43
-3.3491e-43
-3.3491e-43
-3.3491e-43
-3.3491e-43
-3.3491e-43
-3.3491e-43
-3.3491e-43
-3.3491e-43
-3.3491e-43
-3.3491e-43
-3.3491e-43
-3.3491e-43
-3.3491e-43
-3.3491e-43
-3.3491e-43
-3.3491e-43
-3.3491e-43
-3.3491e-43
-3.3491e-43
-3.3491e-43
-3.3491e-43
-3.3491e-43
-3.3491e-43
-3.3491e-43
-3.3491e-43
-3.3491e-43
-3.3491e-43
-3.3491e-43
-3.3491e-43
-3.3491e-43
-3.3491e-43
-3.3491e-43
-3.3491e-43
-3.3491e-43
-3.3491e-43
-3.3491e-43
-3.3491e-43
-3.3491e-43
-3.3491e-43
-3.3491e-43
-3.3491e-43
-3.3491e-43
-3.3491e-43
-3.3491e-43
-3.3491e-43
-3.3491e-43
-3.3491e-43
-3.3491e-43
-3.3491e-43
-3.3491e-43
-3.3491e-43
-3.3491e-43
-3.3491e-43
-3.3491e-43
-3.3491e-43
-3.3491e-43
-3.3491e-43
-3.3491e-43
-3.3491e-43
-3.3491e-43
-3.3491e-43
-3.3491e-43
-3.3491e-43
-3.3491e-43
-3.3491e-43
-3.3491e-43
-3.3491e-43
-3.3491e-43
-3.3491e-43
-3.3491e-43
-3.3491e-43
-3.3491e-43
-3.3491e-43
-3.3491e-43
-3.3491e-43
-3.3491e-43
-3.3491e-43
-3.3491e-43
-3.3491e-43
-3.3491e-43
-3.3491e-43
-3.3491e-43
-3.3491e-43
-3.3491e-43
-3.3491e-43
-3.3491e-43
-3.3491e-43
-3.3491e-43
-3.3491e-43
-3.3491e-43
-3.3491e-43
-3.3491e-43
-3.3491e-43
-3.3491e-43
-3.3491e-43
-3.3491e-43
-3.3491e-43
-3.3491e-43
-3.3491e-43
-3.3491e-43
-3.3491e-43
-3.3491e-43
-3.3491e-43
-3.3491e-43
-3.3491e-43
-3.3491e-43
-3.3491e-43
-3.3491e-43
-3.3491e-43
-3.3491e-43
-3.3491e-43
-3.3491e-43
-3.3491e-43
-3.3491e-43
-3.3491e-43
-3.3491e-43
-3.3491e-43
-3.3491e-43
-3.3491e-43
-3.3491e-43
-3.3491e-43
-3.3491e-43
-3.3491e-43
-3.3491e-43
-3.3491e-43
-3.3491e-43
-3.3491e-43
-3.3491e-43
-3.3491e-43
-3.3491e-43
-3.3491e-43
-3.3491e-43
-3.3491e-43
-3.3491e-43
-3.3491e-43
-3.3491e-43
-3.3491e-43
-3.3491e-43
-3.3491e-43
-3.3491e-43
-3.3491e-43
-3.3491e-43
-3.3491e-43
-3.3491e-43
-3.3491e-43
-3.3491e-43
-3.3491e-43
-3.3491e-43
-3.3491e-43
-3.3491e-43
-3.3491e-43
-3.3491e-43
-3.3491e-43
-3.3491e-43
-3.3491e-43
-3.3491e-43
-3.3491e-43
-3.3491e-43
-3.3491e-43
-3.3491e-43
-3.3491e-43
-3.3491e-43
-3.3491e-43
-3.3491e-43
-3.3491e-43
-3.3491e-43
-3.3491e-43
-3.3491e-43
-3.3491e-43
-3.3491e-43
-3.3491e-43
-3.3491e-43
-3.3491e-43
-3.3491e-43
-3.3491e-43
-3.3491e-43
-3.3491e-43
-3.3491e-43
-3.3491e-43
-3.3491e-43
-3.3491e-43
-3.3491e-43
-3.3491e-43
-3.3491e-43
-3.3491e-43
-3.3491e-43
-3.3491e-43
-3.3491e-43
-3.3491e-43
-3.3491e-43
-3.3491e-43
-3.3491e-43
-3.3491e-43
-3.3491e-43
-3.3491e-43
-3.3491e-43
-3.3491e-43
-3.3491e-43
-3.3491e-43
-3.3491e-43
-3.3491e-43
-3.3491e-43
-3.3491e-43
-3.3491e-43
-3.3491e-43
-3.3491e-43
-3.3491e-43
-3.3491e-43
-3.3491e-43
-3.3491e-43
-3.3491e-43
-3.3491e-43
-3.3491e-43
-3.3491e-43
-3.3491e-43
-3.3491e-43
-3.3491e-43
-3.3491e-43
-3.3491e-43
-3.3491e-43
-3.3491e-43
-3.3491e-43
-3.3491e-43
-3.3491e-43
-3.3491e-43
-3.3491e-43
-3.3491e-43
-3.3491e-43
-3.3491e-43
-3.3491e-43
-3.3491e-43
-3.3491e-43
-3.3491e-43
-3.3491e-43
-3.3491e-43
-3.3491e-43
-3.3491e-43
-3.3491e-43
-3.3491e-43
-3.3491e-43
-3.3491e-43
-3.3491e-43
-3.3491e-43
-3.3491e-43
-3.3491e-43
-3.3491e-43
-3.3491e-43
-3.3491e-43
-3.3491e-43
-3.3491e-43
-3.3491e-43
-3.3491e-43
-3.3491e-43
-3.3491e-43
-3.3491e-43
-3.3491e-43
-3.3491e-43
-3.3491e-43
-3.3491e-43
-3.3491e-43
-3.3491e-43
-3.3491e-43
-3.3491e-43
-3.3491e-43
-3.3491e-43
-3.3491e-43
-3.3491e-43
-3.3491e-43
-3.3491e-43
-3.3491e-43
-3.3491e-43
-3.3491e-43
-3.3491e-43
-3.3491e-43
-3.3491e-43
-3.3491e-43
-3.3491e-43
-3.3491e-43
-3.3491e-43
-3.3491e-43
-3.3491e-43
-3.3491e-43
-3.3491e-43
-3.3491e-43
-3.3491e-43
-3.3491e-43
-3.3491e-43
-3.3491e-43
-3.3491e-43
-3.3491e-43
-3.3491e-43
-3.3491e-43
-3.3491e-43
-3.3491e-43
-3.3491e-43
-3.3491e-43
-3.3491e-43
-3.3491e-43
-3.3491e-43
-3.3491e-43
-3.3491e-43
-3.3491e-43
-3.3491e-43
-3.3491e-43
-3.3491e-43
-3.3491e-43
-3.3491e-43
-3.3491e-43
-3.3491e-43
-3.3491e-43
-3.3491e-43
-3.3491e-43
-3.3491e-43
-3.3491e-43
-3.3491e-43
-3.3491e-43
-3.3491e-43
-3.3491e-43
-3.3491e-43
-3.3491e-43
-3.3491e-43
-3.3491e-43
-3.3491e-43
-3.3491e-43
-3.3491e-43
-3.3491e-43
-3.3491e-43
-3.3491e-43
-3.3491e-43
-3.3491e-43
-3.3491e-43
-3.3491e-43
-3.3491e-43
-3.3491e-43
-3.3491e-43
-3.3491e-43
-3.3491e-43
-3.3491e-43
-3.3491e-43
-3.3491e-43
-3.3491e-43
-3.3491e-43
-3.3491e-43
-3.3491e-43
-3.3491e-43
-3.3491e-43
-3.3491e-43
-3.3491e-43
-3.3491e-43
-3.3491e-43
-3.3491e-43
-3.3491e-43
-3.3491e-43
-3.3491e-43
-3.3491e-43
-3.3491e-43
-3.3491e-43
-3.3491e-43
-3.3491e-43
-3.3491e-43
-3.3491e-43
-3.3491e-43
-3.3491e-43
-3.3491e-43
-3.3491e-43
-3.3491e-43
-3.3491e-43
-3.3491e-43
-3.3491e-43
-3.3491e-43
-3.3491e-43
-3.3491e-43
-3.3491e-43
-3.3491e-43
-3.3491e-43
-3.3491e-43
-3.3491e-43
-3.3491e-43
-3.3491e-43
-3.3491e-43
-3.3491e-43
-3.3491e-43
-3.3491e-43
-3.3491e-43
-3.3491e-43
-3.3491e-43
-3.3491e-43
-3.3491e-43
-3.3491e-43
-3.3491e-43
-3.3491e-43
-3.3491e-43
-3.3491e-43
-3.3491e-43
-3.3491e-43
-3.3491e-43
-3.3491e-43
-3.3491e-43
-3.3491e-43
-3.3491e-43
-3.3491e-43
-3.3491e-43
-3.3491e-43
-3.3491e-43
-3.3491e-43
-3.3491e-43
-3.3491e-43
-3.3491e-43
-3.3491e-43
-3.3491e-43
-3.3491e-43
-3.3491e-43
-3.3491e-43
-3.3491e-43
-3.3491e-43
-3.3491e-43
-3.3491e-43
-3.3491e-43
-3.3491e-43
-3.3491e-43
-3.3491e-43
-3.3491e-43
-3.3491e-43
-3.3491e-43
-3.3491e-43
-3.3491e-43
-3.3491e-43
-3.3491e-43
-3.3491e-43
-3.3491e-43
-3.3491e-43
-3.3491e-43
-3.3491e-43
-3.3491e-43
-3.3491e-43
-3.3491e-43
-3.3491e-43
-3.3491e-43
-3.3491e-43
-3.3491e-43
-3.3491e-43
-3.3491e-43
-3.3491e-43
-3.3491e-43
-3.3491e-43
-3.3491e-43
-3.3491e-43
-3.3491e-43
-3.3491e-43
-3.3491e-43
-3.3491e-43
-3.3491e-43
-3.3491e-43
-3.3491e-43
-3.3491e-43
-3.3491e-43
-3.3491e-43
-3.3491e-43
-3.3491e-43
-3.3491e-43
-3.3491e-43
-3.3491e-43
-3.3491e-43
-3.3491e-43
-3.3491e-43
-3.3491e-43
-3.3491e-43
-3.3491e-43
-3.3491e-43
-3.3491e-43
-3.3491e-43
-3.3491e-43
-3.3491e-43
-3.3491e-43
-3.3491e-43
-3.3491e-43
-3.3491e-43
-3.3491e-43
-3.3491e-43
-3.3491e-43
-3.3491e-43
-3.3491e-43
-3.3491e-43
-3.3491e-43
-3.3491e-43
-3.3491e-43
-3.3491e-43
-3.3491e-43
-3.3491e-43
-3.3491e-43
-3.3491e-43
-3.3491e-43
-3.3491e-43
-3.3491e-43
-3.3491e-43
-3.3491e-43
-3.3491e-43
-3.3491e-43
-3.3491e-43
-3.3491e-43
-3.3491e-43
-3.3491e-43
-3.3491e-43
-3.3491e-43
-3.3491e-43
-3.3491e-43
-3.3491e-43
-3.3491e-43
-3.3491e-43
-3.3491e-43
-3.3491e-43
-3.3491e-43
-3.3491e-43
-3.3491e-43
-3.3491e-43
-3.3491e-43
-3.3491e-43
-3.3491e-43
-3.3491e-43
-3.3491e-43
-3.3491e-43
-3.3491e-43
-3.3491e-43
-3.3491e-43
-3.3491e-43
-3.3491e-43
-3.3491e-43
-3.3491e-43
-3.3491e-43
-3.3491e-43
-3.3491e-43
-3.3491e-43
-3.3491e-43
-3.3491e-43
-3.3491e-43
-3.3491e-43
-3.3491e-43
-3.3491e-43
-3.3491e-43
-3.3491e-43
-3.3491e-43
-3.3491e-43
-3.3491e-43
-3.3491e-43
-3.3491e-43
-3.3491e-43
-3.3491e-43
-3.3491e-43
-3.3491e-43
-3.3491e-43
-3.3491e-43
-3.3491e-43
-3.3491e-43
-3.3491e-43
-3.3491e-43
-3.3491e-43
-3.3491e-43
-3.3491e-43
-3.3491e-43
-3.3491e-43
-3.3491e-43
-3.3491e-43
-3.3491e-43
-3.3491e-43
-3.3491e-43
-3.3491e-43
-3.3491e-43
-3.3491e-43
-3.3491e-43
-3.3491e-43
-3.3491e-43
-3.3491e-43
-3.3491e-43
-3.3491e-43
-3.3491e-43
-3.3491e-43
-3.3491e-43
-3.3491e-43
-3.3491e-43
-3.3491e-43
-3.3491e-43
-3.3491e-43
-3.3491e-43
-3.3491e-43
-3.3491e-43
-3.3491e-43
-3.3491e-43
-3.3491e-43
-3.3491e-43
-3.3491e-43
-3.3491e-43
-3.3491e-43
-3.3491e-43
-3.3491e-43
-3.3491e-43
-3.3491e-43
-3.3491e-43
-3.3491e-43
-3.3491e-43
-3.3491e-43
-3.3491e-43
-3.3491e-43
-3.3491e-43
-3.3491e-43
-3.3491e-43
-3.3491e-43
-3.3491e-43
-3.3491e-43
-3.3491e-43
-3.3491e-43
-3.3491e-43
-3.3491e-43
-3.3491e-43
-3.3491e-43
-3.3491e-43
-3.3491e-43
-3.3491e-43
-3.3491e-43
-3.3491e-43
-3.3491e-43
-3.3491e-43
-3.3491e-43
-3.3491e-43
-3.3491e-43
-3.3491e-43
-3.3491e-43
-3.3491e-43
-3.3491e-43
-3.3491e-43
-3.3491e-43
-3.3491e-43
-3.3491e-43
-3.3491e-43
-3.3491e-43
-3.3491e-43
-3.3491e-43
-3.3491e-43
-3.3491e-43
-3.3491e-43
-3.3491e-43
-3.3491e-43
-3.3491e-43
-3.3491e-43
-3.3491e-43
-3.3491e-43
-3.3491e-43
-3.3491e-43
-3.3491e-43
-3.3491e-43
-3.3491e-43
-3.3491e-43
-3.3491e-43
-3.3491e-43
-3.3491e-43
-3.3491e-43
-3.3491e-43
-3.3491e-43
-3.3491e-43
-3.3491e-43
-3.3491e-43
-3.3491e-43
-3.3491e-43
-3.3491e-43
-3.3491e-43
-3.3491e-43
-3.3491e-43
-3.3491e-43
-3.3491e-43
-3.3491e-43
-3.3491e-43
-3.3491e-43
-3.3491e-43
-3.3491e-43
-3.3491e-43
-3.3491e-43
-3.3491e-43
-3.3491e-43
-3.3491e-43
-3.3491e-43
-3.3491e-43
-3.3491e-43
-3.3491e-43
-3.3491e-43
-3.3491e-43
-3.3491e-43
-3.3491e-43
-3.3491e-43
-3.3491e-43
-3.3491e-43
-3.3491e-43
-3.3491e-43
-3.3491e-43
-3.3491e-43
-3.3491e-43
-3.3491e-43
-3.3491e-43
-3.3491e-43
-3.3491e-43
-3.3491e-43
-3.3491e-43
-3.3491e-43
-3.3491e-43
-3.3491e-43
-3.3491e-43
-3.3491e-43
-3.3491e-43
-3.3491e-43
-3.3491e-43
-3.3491e-43
-3.3491e-43
-3.3491e-43
-3.3491e-43
-3.3491e-43
-3.3491e-43
-3.3491e-43
-3.3491e-43
-3.3491e-43
-3.3491e-43
-3.3491e-43
-3.3491e-43
-3.3491e-43
-3.3491e-43
-3.3491e-43
-3.3491e-43
-3.3491e-43
-3.3491e-43
-3.3491e-43
-3.3491e-43
-3.3491e-43
-3.3491e-43
-3.3491e-43
-3.3491e-43
-3.3491e-43
-3.3491e-43
-3.3491e-43
-3.3491e-43
-3.3491e-43
-3.3491e-43
-3.3491e-43
-3.3491e-43
-3.3491e-43
-3.3491e-43
-3.3491e-43
-3.3491e-43
-3.3491e-43
-3.3491e-43
-3.3491e-43
-3.3491e-43
-3.3491e-43
-3.3491e-43
-3.3491e-43
-3.3491e-43
-3.3491e-43
-3.3491e-43
-3.3491e-43
-3.3491e-43
-3.3491e-43
-3.3491e-43
-3.3491e-43
-3.3491e-43
-3.3491e-43
-3.3491e-43
-3.3491e-43
-3.3491e-43
-3.3491e-43
-3.3491e-43
-3.3491e-43
-3.3491e-43
-3.3491e-43
-3.3491e-43
-3.3491e-43
-3.3491e-43
-3.3491e-43
-3.3491e-43
-3.3491e-43
-3.3491e-43
-3.3491e-43
-3.3491e-43
-3.3491e-43
-3.3491e-43
-3.3491e-43
-3.3491e-43
-3.3491e-43
-3.3491e-43
-3.3491e-43
-3.3491e-43
-3.3491e-43
-3.3491e-43
-3.3491e-43
-3.3491e-43
-3.3491e-43
-3.3491e-43
-3.3491e-43
-3.3491e-43
-3.3491e-43
-3.3491e-43
-3.3491e-43
-3.3491e-43
-3.3491e-43
-3.3491e-43
-3.3491e-43
-3.3491e-43
-3.3491e-43
-3.3491e-43
-3.3491e-43
-3.3491e-43
-3.3491e-43
-3.3491e-43
-3.3491e-43
-3.3491e-43
-3.3491e-43
-3.3491e-43
-3.3491e-43
-3.3491e-43
-3.3491e-43
-3.3491e-43
-3.3491e-43
-3.3491e-43
-3.3491e-43
-3.3491e-43
-3.3491e-43
-3.3491e-43
-3.3491e-43
-3.3491e-43
-3.3491e-43
-3.3491e-43
-3.3491e-43
-3.3491e-43
-3.3491e-43
-3.3491e-43
-3.3491e-43
-3.3491e-43
-3.3491e-43
-3.3491e-43
-3.3491e-43
-3.3491e-43
-3.3491e-43
-3.3491e-43
-3.3491e-43
-3.3491e-43
-3.3491e-43
-3.3491e-43
-3.3491e-43
-3.3491e-43
-3.3491e-43
-3.3491e-43
-3.3491e-43
-3.3491e-43
-3.3491e-43
-3.3491e-43
-3.3491e-43
-3.3491e-43
-3.3491e-43
-3.3491e-43
-3.3491e-43
-3.3491e-43
-3.3491e-43
-3.3491e-43
-3.3491e-43
-3.3491e-43
-3.3491e-43
-3.3491e-43
-3.3491e-43
-3.3491e-43
-3.3491e-43
-3.3491e-43
-3.3491e-43
-3.3491e-43
-3.3491e-43
-3.3491e-43
-3.3491e-43
-3.3491e-43
-3.3491e-43
-3.3491e-43
-3.3491e-43
-3.3491e-43
-3.3491e-43
-3.3491e-43
-3.3491e-43
-3.3491e-43
-3.3491e-43
-3.3491e-43
-3.3491e-43
-3.3491e-43
-3.3491e-43
-3.3491e-43
-3.3491e-43
-3.3491e-43
-3.3491e-43
-3.3491e-43
-3.3491e-43
-3.3491e-43
-3.3491e-43
-3.3491e-43
-3.3491e-43
-3.3491e-43
-3.3491e-43
-3.3491e-43
-3.3491e-43
-3.3491e-43
-3.3491e-43
-3.3491e-43
-3.3491e-43
-3.3491e-43
-3.3491e-43
-3.3491e-43
-3.3491e-43
-3.3491e-43
-3.3491e-43
-3.3491e-43
-3.3491e-43
-3.3491e-43
-3.3491e-43
-3.3491e-43
-3.3491e-43
-3.3491e-43
-3.3491e-43
-3.3491e-43
-3.3491e-43
-3.3491e-43
-3.3491e-43
-3.3491e-43
-3.3491e-43
-3.3491e-43
-3.3491e-43
-3.3491e-43
-3.3491e-43
-3.3491e-43
-3.3491e-43
-3.3491e-43
-3.3491e-43
-3.3491e-43
-3.3491e-43
-3.3491e-43
-3.3491e-43
-3.3491e-43
-3.3491e-43
-3.3491e-43
-3.3491e-43
-3.3491e-43
-3.3491e-43
-3.3491e-43
-3.3491e-43
-3.3491e-43
-3.3491e-43
-3.3491e-43
-3.3491e-43
-3.3491e-43
-3.3491e-43
-3.3491e-43
-3.3491e-43
-3.3491e-43
-3.3491e-43
-3.3491e-43
-3.3491e-43
-3.3491e-43
-3.3491e-43
-3.3491e-43
-3.3491e-43
-3.3491e-43
-3.3491e-43
-3.3491e-43
-3.3491e-43
-3.3491e-43
-3.3491e-43
-3.3491e-43
-3.3491e-43
-3.3491e-43
-3.3491e-43
-3.3491e-43
-3.3491e-43
-3.3491e-43
-3.3491e-43
-3.3491e-43
-3.3491e-43
-3.3491e-43
-3.3491e-43
-3.3491e-43
-3.3491e-43
-3.3491e-43
-3.3491e-43
-3.3491e-43
-3.3491e-43
-3.3491e-43
-3.3491e-43
-3.3491e-43
-3.3491e-43
-3.3491e-43
-3.3491e-43
-3.3491e-43
-3.3491e-43
-3.3491e-43
-3.3491e-43
-3.3491e-43
-3.3491e-43
-3.3491e-43
-3.3491e-43
-3.3491e-43
-3.3491e-43
-3.3491e-43
-3.3491e-43
-3.3491e-43
-3.3491e-43
-3.3491e-43
-3.3491e-43
-3.3491e-43
-3.3491e-43
-3.3491e-43
-3.3491e-43
-3.3491e-43
-3.3491e-43
-3.3491e-43
-3.3491e-43
-3.3491e-43
-3.3491e-43
-3.3491e-43
-3.3491e-43
-3.3491e-43
-3.3491e-43
-3.3491e-43
-3.3491e-43
-3.3491e-43
-3.3491e-43
-3.3491e-43
-3.3491e-43
-3.3491e-43
-3.3491e-43
-3.3491e-43
-3.3491e-43
-3.3491e-43
-3.3491e-43
-3.3491e-43
-3.3491e-43
-3.3491e-43
-3.3491e-43
-3.3491e-43
-3.3491e-43
-3.3491e-43
-3.3491e-43
-3.3491e-43
-3.3491e-43
-3.3491e-43
-3.3491e-43
-3.3491e-43
-3.3491e-43
-3.3491e-43
-3.3491e-43
-3.3491e-43
-3.3491e-43
-3.3491e-43
-3.3491e-43
-3.3491e-43
-3.3491e-43
-3.3491e-43
-3.3491e-43
-3.3491e-43
-3.3491e-43
-3.3491e-43
-3.3491e-43
-3.3491e-43
-3.3491e-43
-3.3491e-43
-3.3491e-43
-3.3491e-43
-3.3491e-43
-3.3491e-43
-3.3491e-43
-3.3491e-43
-3.3491e-43
-3.3491e-43
-3.3491e-43
-3.3491e-43
-3.3491e-43
-3.3491e-43
-3.3491e-43
-3.3491e-43
-3.3491e-43
-3.3491e-43
-3.3491e-43
-3.3491e-43
-3.3491e-43
-3.3491e-43
-3.3491e-43
-3.3491e-43
-3.3491e-43
-3.3491e-43
-3.3491e-43
-3.3491e-43
-3.3491e-43
-3.3491e-43
-3.3491e-43
-3.3491e-43
-3.3491e-43
-3.3491e-43
-3.3491e-43
-3.3491e-43
-3.3491e-43
-3.3491e-43
-3.3491e-43
-3.3491e-43
-3.3491e-43
-3.3491e-43
-3.3491e-43
-3.3491e-43
-3.3491e-43
-3.3491e-43
-3.3491e-43
-3.3491e-43
-3.3491e-43
-3.3491e-43
-3.3491e-43
-3.3491e-43
-3.3491e-43
-3.3491e-43
-3.3491e-43
-3.3491e-43
-3.3491e-43
-3.3491e-43
-3.3491e-43
-3.3491e-43
-3.3491e-43
-3.3491e-43
-3.3491e-43
-3.3491e-43
-3.3491e-43
-3.3491e-43
-3.3491e-43
-3.3491e-43
-3.3491e-43
-3.3491e-43
-3.3491e-43
-3.3491e-43
-3.3491e-43
-3.3491e-43
-3.3491e-43
-3.3491e-43
-3.3491e-43
-3.3491e-43
-3.3491e-43
-3.3491e-43
-3.3491e-43
-3.3491e-43
-3.3491e-43
-3.3491e-43
-3.3491e-43
-3.3491e-43
-3.3491e-43
-3.3491e-43
-3.3491e-43
-3.3491e-43
-3.3491e-43
-3.3491e-43
-3.3491e-43
-3.3491e-43
-3.3491e-43
-3.3491e-43
-3.3491e-43
-3.3491e-43
-3.3491e-43
-3.3491e-43
-3.3491e-43
-3.3491e-43
-3.3491e-43
-3.3491e-43
-3.3491e-43
-3.3491e-43
-3.3491e-43
-3.3491e-43
-3.3491e-43
-3.3491e-43
-3.3491e-43
-3.3491e-43
-3.3491e-43
-3.3491e-43
-3.3491e-43
-3.3491e-43
-3.3491e-43
-3.3491e-43
-3.3491e-43
-3.3491e-43
-3.3491e-43
-3.3491e-43
-3.3491e-43
-3.3491e-43
-3.3491e-43
-3.3491e-43
-3.3491e-43
-3.3491e-43
-3.3491e-43
-3.3491e-43
-3.3491e-43
-3.3491e-43
-3.3491e-43
-3.3491e-43
-3.3491e-43
-3.3491e-43
-3.3491e-43
-3.3491e-43
-3.3491e-43
-3.3491e-43
-3.3491e-43
-3.3491e-43
-3.3491e-43
-3.3491e-43
-3.3491e-43
-3.3491e-43
-3.3491e-43
-3.3491e-43
-3.3491e-43
-3.3491e-43
-3.3491e-43
-3.3491e-43
-3.3491e-43
-3.3491e-43
-3.3491e-43
-3.3491e-43
-3.3491e-43
-3.3491e-43
-3.3491e-43
-3.3491e-43
-3.3491e-43
-3.3491e-43
-3.3491e-43
-3.3491e-43
-3.3491e-43
-3.3491e-43
-3.3491e-43
-3.3491e-43
-3.3491e-43
-3.3491e-43
-3.3491e-43
-3.3491e-43
-3.3491e-43
-3.3491e-43
-3.3491e-43
-3.3491e-43
-3.3491e-43
-3.3491e-43
-3.3491e-43
-3.3491e-43
-3.3491e-43
-3.3491e-43
-3.3491e-43
-3.3491e-43
-3.3491e-43
-3.3491e-43
-3.3491e-43
-3.3491e-43
-3.3491e-43
-3.3491e-43
-3.3491e-43
-3.3491e-43
-3.3491e-43
-3.3491e-43
-3.3491e-43
-3.3491e-43
-3.3491e-43
-3.3491e-43
-3.3491e-43
-3.3491e-43
-3.3491e-43
-3.3491e-43
-3.3491e-43
-3.3491e-43
-3.3491e-43
-3.3491e-43
-3.3491e-43
-3.3491e-43
-3.3491e-43
-3.3491e-43
-3.3491e-43
-3.3491e-43
-3.3491e-43
-3.3491e-43
-3.3491e-43
-3.3491e-43
-3.3491e-43
-3.3491e-43
-3.3491e-43
-3.3491e-43
-3.3491e-43
-3.3491e-43
-3.3491e-43
-3.3491e-43
-3.3491e-43
-3.3491e-43
-3.3491e-43
-3.3491e-43
-3.3491e-43
-3.3491e-43
-3.3491e-43
-3.3491e-43
-3.3491e-43
-3.3491e-43
-3.3491e-43
-3.3491e-43
-3.3491e-43
-3.3491e-43
-3.3491e-43
-3.3491e-43
-3.3491e-43
-3.3491e-43
-3.3491e-43
-3.3491e-43
-3.3491e-43
-3.3491e-43
-3.3491e-43
-3.3491e-43
-3.3491e-43
-3.3491e-43
-3.3491e-43
-3.3491e-43
-3.3491e-43
-3.3491e-43
-3.3491e-43
-3.3491e-43
-3.3491e-43
-3.3491e-43
-3.3491e-43
-3.3491e-43
-3.3491e-43
-3.3491e-43
-3.3491e-43
-3.3491e-43
-3.3491e-43
-3.3491e-43
-3.3491e-43
-3.3491e-43
-3.3491e-43
-3.3491e-43
-3.3491e-43
-3.3491e-43
-3.3491e-43
-3.3491e-43
-3.3491e-43
-3.3491e-43
-3.3491e-43
-3.3491e-43
-3.3491e-43
-3.3491e-43
-3.3491e-43
-3.3491e-43
-3.3491e-43
-3.3491e-43
-3.3491e-43
-3.3491e-43
-3.3491e-43
-3.3491e-43
-3.3491e-43
-3.3491e-43
-3.3491e-43
-3.3491e-43
-3.3491e-43
-3.3491e-43
-3.3491e-43
-3.3491e-43
-3.3491e-43
-3.3491e-43
-3.3491e-43
-3.3491e-43
-3.3491e-43
-3.3491e-43
-3.3491e-43
-3.3491e-43
-3.3491e-43
-3.3491e-43
-3.3491e-43
-3.3491e-43
-3.3491e-43
-3.3491e-43
-3.3491e-43
-3.3491e-43
-3.3491e-43
-3.3491e-43
-3.3491e-43
-3.3491e-43
-3.3491e-43
-3.3491e-43
-3.3491e-43
-3.3491e-43
-3.3491e-43
-3.3491e-43
-3.3491e-43
-3.3491e-43
-3.3491e-43
-3.3491e-43
-3.3491e-43
-3.3491e-43
-3.3491e-43
-3.3491e-43
-3.3491e-43
-3.3491e-43
-3.3491e-43
-3.3491e-43
-3.3491e-43
-3.3491e-43
-3.3491e-43
-3.3491e-43
-3.3491e-43
-3.3491e-43
-3.3491e-43
-3.3491e-43
-3.3491e-43
-3.3491e-43
-3.3491e-43
-3.3491e-43
-3.3491e-43
-3.3491e-43
-3.3491e-43
-3.3491e-43
-3.3491e-43
-3.3491e-43
-3.3491e-43
-3.3491e-43
-3.3491e-43
-3.3491e-43
-3.3491e-43
-3.3491e-43
-3.3491e-43
-3.3491e-43
-3.3491e-43
-3.3491e-43
-3.3491e-43
-3.3491e-43
-3.3491e-43
-3.3491e-43
-3.3491e-43
-3.3491e-43
-3.3491e-43
-3.3491e-43
-3.3491e-43
-3.3491e-43
-3.3491e-43
-3.3491e-43
-3.3491e-43
-3.3491e-43
-3.3491e-43
-3.3491e-43
-3.3491e-43
-3.3491e-43
-3.3491e-43
-3.3491e-43
-3.3491e-43
-3.3491e-43
-3.3491e-43
-3.3491e-43
-3.3491e-43
-3.3491e-43
-3.3491e-43
-3.3491e-43
-3.3491e-43
-3.3491e-43
-3.3491e-43
-3.3491e-43
-3.3491e-43
-3.3491e-43
-3.3491e-43
-3.3491e-43
-3.3491e-43
-3.3491e-43
-3.3491e-43
-3.3491e-43
-3.3491e-43
-3.3491e-43
-3.3491e-43
-3.3491e-43
-3.3491e-43
-3.3491e-43
-3.3491e-43
-3.3491e-43
-3.3491e-43
-3.3491e-43
-3.3491e-43
-3.3491e-43
-3.3491e-43
-3.3491e-43
-3.3491e-43
-3.3491e-43
-3.3491e-43
-3.3491e-43
-3.3491e-43
-3.3491e-43
-3.3491e-43
-3.3491e-43
-3.3491e-43
-3.3491e-43
-3.3491e-43
-3.3491e-43
-3.3491e-43
-3.3491e-43
-3.3491e-43
-3.3491e-43
-3.3491e-43
-3.3491e-43
-3.3491e-43
-3.3491e-43
-3.3491e-43
-3.3491e-43
-3.3491e-43
-3.3491e-43
-3.3491e-43
-3.3491e-43
-3.3491e-43
-3.3491e-43
-3.3491e-43
-3.3491e-43
-3.3491e-43
-3.3491e-43
-3.3491e-43
-3.3491e-43
-3.3491e-43
-3.3491e-43
-3.3491e-43
-3.3491e-43
-3.3491e-43
-3.3491e-43
-3.3491e-43
-3.3491e-43
-3.3491e-43
-3.3491e-43
-3.3491e-43
-3.3491e-43
-3.3491e-43
-3.3491e-43
-3.3491e-43
-3.3491e-43
-3.3491e-43
-3.3491e-43
-3.3491e-43
-3.3491e-43
-3.3491e-43
-3.3491e-43
-3.3491e-43
-3.3491e-43
-3.3491e-43
-3.3491e-43
-3.3491e-43
-3.3491e-43
-3.3491e-43
-3.3491e-43
-3.3491e-43
-3.3491e-43
-3.3491e-43
-3.3491e-43
-3.3491e-43
-3.3491e-43
-3.3491e-43
-3.3491e-43
-3.3491e-43
-3.3491e-43
-3.3491e-43
-3.3491e-43
-3.3491e-43
-3.3491e-43
-3.3491e-43
-3.3491e-43
-3.3491e-43
-3.3491e-43
-3.3491e-43
-3.3491e-43
-3.3491e-43
-3.3491e-43
-3.3491e-43
-3.3491e-43
-3.3491e-43
-3.3491e-43
-3.3491e-43
-3.3491e-43
-3.3491e-43
-3.3491e-43
-3.3491e-43
-3.3491e-43
-3.3491e-43
-3.3491e-43
-3.3491e-43
-3.3491e-43
-3.3491e-43
-3.3491e-43
-3.3491e-43
-3.3491e-43
-3.3491e-43
-3.3491e-43
-3.3491e-43
-3.3491e-43
-3.3491e-43
-3.3491e-43
-3.3491e-43
-3.3491e-43
-3.3491e-43
-3.3491e-43
-3.3491e-43
-3.3491e-43
-3.3491e-43
-3.3491e-43
-3.3491e-43
-3.3491e-43
-3.3491e-43
-3.3491e-43
-3.3491e-43
-3.3491e-43
-3.3491e-43
-3.3491e-43
-3.3491e-43
-3.3491e-43
-3.3491e-43
-3.3491e-43
-3.3491e-43
-3.3491e-43
-3.3491e-43
-3.3491e-43
-3.3491e-43
-3.3491e-43
-3.3491e-43
-3.3491e-43
-3.3491e-43
-3.3491e-43
-3.3491e-43
-3.3491e-43
-3.3491e-43
-3.3491e-43
-3.3491e-43
-3.3491e-43
-3.3491e-43
-3.3491e-43
-3.3491e-43
-3.3491e-43
-3.3491e-43
-3.3491e-43
-3.3491e-43
-3.3491e-43
-3.3491e-43
-3.3491e-43
-3.3491e-43
-3.3491e-43
-3.3491e-43
-3.3491e-43
-3.3491e-43
-3.3491e-43
-3.3491e-43
-3.3491e-43
-3.3491e-43
-3.3491e-43
-3.3491e-43
-3.3491e-43
-3.3491e-43
-3.3491e-43
-3.3491e-43
-3.3491e-43
-3.3491e-43
-3.3491e-43
-3.3491e-43
-3.3491e-43
-3.3491e-43
-3.3491e-43
-3.3491e-43
-3.3491e-43
-3.3491e-43
-3.3491e-43
-3.3491e-43
-3.3491e-43
-3.3491e-43
-3.3491e-43
-3.3491e-43
-3.3491e-43
-3.3491e-43
-3.3491e-43
-3.3491e-43
-3.3491e-43
-3.3491e-43
-3.3491e-43
-3.3491e-43
-3.3491e-43
-3.3491e-43
-3.3491e-43
-3.3491e-43
-3.3491e-43
-3.3491e-43
-3.3491e-43
-3.3491e-43
-3.3491e-43
-3.3491e-43
-3.3491e-43
-3.3491e-43
-3.3491e-43
-3.3491e-43
-3.3491e-43
-3.3491e-43
-3.3491e-43
-3.3491e-43
-3.3491e-43
-3.3491e-43
-3.3491e-43
-3.3491e-43
-3.3491e-43
-3.3491e-43
-3.3491e-43
-3.3491e-43
-3.3491e-43
-3.3491e-43
-3.3491e-43
-3.3491e-43
-3.3491e-43
-3.3491e-43
-3.3491e-43
-3.3491e-43
-3.3491e-43
-3.3491e-43
-3.3491e-43
-3.3491e-43
-3.3491e-43
-3.3491e-43
-3.3491e-43
-3.3491e-43
-3.3491e-43
-3.3491e-43
-3.3491e-43
-3.3491e-43
-3.3491e-43
-3.3491e-43
-3.3491e-43
-3.3491e-43
-3.3491e-43
-3.3491e-43
-3.3491e-43
-3.3491e-43
-3.3491e-43
-3.3491e-43
-3.3491e-43
-3.3491e-43
-3.3491e-43
-3.3491e-43
-3.3491e-43
-3.3491e-43
-3.3491e-43
-3.3491e-43
-3.3491e-43
-3.3491e-43
-3.3491e-43
-3.3491e-43
-3.3491e-43
-3.3491e-43
-3.3491e-43
-3.3491e-43
-3.3491e-43
-3.3491e-43
-3.3491e-43
-3.3491e-43
-3.3491e-43
-3.3491e-43
-3.3491e-43
-3.3491e-43
-3.3491e-43
-3.3491e-43
-3.3491e-43
-3.3491e-43
-3.3491e-43
-3.3491e-43
-3.3491e-43
-3.3491e-43
-3.3491e-43
-3.3491e-43
-3.3491e-43
-3.3491e-43
-3.3491e-43
-3.3491e-43
-3.3491e-43
-3.3491e-43
-3.3491e-43
-3.3491e-43
-3.3491e-43
-3.3491e-43
-3.3491e-43
-3.3491e-43
-3.3491e-43
-3.3491e-43
-3.3491e-43
-3.3491e-43
-3.3491e-43
-3.3491e-43
-3.3491e-43
-3.3491e-43
-3.3491e-43
-3.3491e-43
-3.3491e-43
-3.3491e-43
-3.3491e-43
-3.3491e-43
-3.3491e-43
-3.3491e-43
-3.3491e-43
-3.3491e-43
-3.3491e-43
-3.3491e-43
-3.3491e-43
-3.3491e-43
-3.3491e-43
-3.3491e-43
-3.3491e-43
-3.3491e-43
-3.3491e-43
-3.3491e-43
-3.3491e-43
-3.3491e-43
-3.3491e-43
-3.3491e-43
-3.3491e-43
-3.3491e-43
-3.3491e-43
-3.3491e-43
-3.3491e-43
-3.3491e-43
-3.3491e-43
-3.3491e-43
-3.3491e-43
-3.3491e-43
-3.3491e-43
-3.3491e-43
-3.3491e-43
-3.3491e-43
-3.3491e-43
-3.3491e-43
-3.3491e-43
-3.3491e-43
-3.3491e-43
-3.3491e-43
-3.3491e-43
-3.3491e-43
-3.3491e-43
-3.3491e-43
-3.3491e-43
-3.3491e-43
-3.3491e-43
-3.3491e-43
-3.3491e-43
-3.3491e-43
-3.3491e-43
-3.3491e-43
-3.3491e-43
-3.3491e-43
-3.3491e-43
-3.3491e-43
-3.3491e-43
-3.3491e-43
-3.3491e-43
-3.3491e-43
-3.3491e-43
-3.3491e-43
-3.3491e-43
-3.3491e-43
-3.3491e-43
-3.3491e-43
-3.3491e-43
-3.3491e-43
-3.3491e-43
-3.3491e-43
-3.3491e-43
-3.3491e-43
-3.3491e-43
-3.3491e-43
-3.3491e-43
-3.3491e-43
-3.3491e-43
-3.3491e-43
-3.3491e-43
-3.3491e-43
-3.3491e-43
-3.3491e-43
-3.3491e-43
-3.3491e-43
-3.3491e-43
-3.3491e-43
-3.3491e-43
-3.3491e-43
-3.3491e-43
-3.3491e-43
-3.3491e-43
-3.3491e-43
-3.3491e-43
-3.3491e-43
-3.3491e-43
-3.3491e-43
-3.3491e-43
-3.3491e-43
-3.3491e-43
-3.3491e-43
-3.3491e-43
-3.3491e-43
-3.3491e-43
-3.3491e-43
-3.3491e-43
-3.3491e-43
-3.3491e-43
-3.3491e-43
-3.3491e-43
-3.3491e-43
-3.3491e-43
-3.3491e-43
-3.3491e-43
-3.3491e-43
-3.3491e-43
-3.3491e-43
-3.3491e-43
-3.3491e-43
-3.3491e-43
-3.3491e-43
-3.3491e-43
-3.3491e-43
-3.3491e-43
-3.3491e-43
-3.3491e-43
-3.3491e-43
-3.3491e-43
-3.3491e-43
-3.3491e-43
-3.3491e-43
-3.3491e-43
-3.3491e-43
-3.3491e-43
-3.3491e-43
-3.3491e-43
-3.3491e-43
-3.3491e-43
-3.3491e-43
-3.3491e-43
-3.3491e-43
-3.3491e-43
-3.3491e-43
-3.3491e-43
-3.3491e-43
-3.3491e-43
-3.3491e-43
-3.3491e-43
-3.3491e-43
-3.3491e-43
-3.3491e-43
-3.3491e-43
-3.3491e-43
-3.3491e-43
-3.3491e-43
-3.3491e-43
-3.3491e-43
-3.3491e-43
-3.3491e-43
-3.3491e-43
-3.3491e-43
-3.3491e-43
-3.3491e-43
-3.3491e-43
-3.3491e-43
-3.3491e-43
-3.3491e-43
-3.3491e-43
-3.3491e-43
-3.3491e-43
-3.3491e-43
-3.3491e-43
-3.3491e-43
-3.3491e-43
-3.3491e-43
-3.3491e-43
-3.3491e-43
-3.3491e-43
-3.3491e-43
-3.3491e-43
-3.3491e-43
-3.3491e-43
-3.3491e-43
-3.3491e-43
-3.3491e-43
-3.3491e-43
-3.3491e-43
-3.3491e-43
-3.3491e-43
-3.3491e-43
-3.3491e-43
-3.3491e-43
-3.3491e-43
-3.3491e-43
-3.3491e-43
-3.3491e-43
-3.3491e-43
-3.3491e-43
-3.3491e-43
-3.3491e-43
-3.3491e-43
-3.3491e-43
-3.3491e-43
-3.3491e-43
-3.3491e-43
-3.3491e-43
-3.3491e-43
-3.3491e-43
-3.3491e-43
-3.3491e-43
-3.3491e-43
-3.3491e-43
-3.3491e-43
-3.3491e-43
-3.3491e-43
-3.3491e-43
-3.3491e-43
-3.3491e-43
-3.3491e-43
-3.3491e-43
-3.3491e-43
-3.3491e-43
-3.3491e-43
-3.3491e-43
-3.3491e-43
-3.3491e-43
-3.3491e-43
-3.3491e-43
-3.3491e-43
-3.3491e-43
-3.3491e-43
-3.3491e-43
-3.3491e-43
-3.3491e-43
-3.3491e-43
-3.3491e-43
-3.3491e-43
-3.3491e-43
-3.3491e-43
-3.3491e-43
-3.3491e-43
-3.3491e-43
-3.3491e-43
-3.3491e-43
-3.3491e-43
-3.3491e-43
-3.3491e-43
-3.3491e-43
-3.3491e-43
-3.3491e-43
-3.3491e-43
-3.3491e-43
-3.3491e-43
-3.3491e-43
-3.3491e-43
-3.3491e-43
-3.3491e-43
-3.3491e-43
-3.3491e-43
-3.3491e-43
-3.3491e-43
-3.3491e-43
-3.3491e-43
-3.3491e-43
-3.3491e-43
-3.3491e-43
-3.3491e-43
-3.3491e-43
-3.3491e-43
-3.3491e-43
-3.3491e-43
-3.3491e-43
-3.3491e-43
-3.3491e-43
-3.3491e-43
-3.3491e-43
-3.3491e-43
-3.3491e-43
-3.3491e-43
-3.3491e-43
-3.3491e-43
-3.3491e-43
-3.3491e-43
-3.3491e-43
-3.3491e-43
-3.3491e-43
-3.3491e-43
-3.3491e-43
-3.3491e-43
-3.3491e-43
-3.3491e-43
-3.3491e-43
-3.3491e-43
-3.3491e-43
-3.3491e-43
-3.3491e-43
-3.3491e-43
-3.3491e-43
-3.3491e-43
-3.3491e-43
-3.3491e-43
-3.3491e-43
-3.3491e-43
-3.3491e-43
-3.3491e-43
-3.3491e-43
-3.3491e-43
-3.3491e-43
-3.3491e-43
-3.3491e-43
-3.3491e-43
-3.3491e-43
-3.3491e-43
-3.3491e-43
-3.3491e-43
-3.3491e-43
-3.3491e-43
-3.3491e-43
-3.3491e-43
-3.3491e-43
-3.3491e-43
-3.3491e-43
-3.3491e-43
-3.3491e-43
-3.3491e-43
-3.3491e-43
-3.3491e-43
-3.3491e-43
-3.3491e-43
-3.3491e-43
-3.3491e-43
-3.3491e-43
-3.3491e-43
-3.3491e-43
-3.3491e-43
-3.3491e-43
-3.3491e-43
-3.3491e-43
-3.3491e-43
-3.3491e-43
-3.3491e-43
-3.3491e-43
-3.3491e-43
-3.3491e-43
-3.3491e-43
-3.3491e-43
-3.3491e-43
-3.3491e-43
-3.3491e-43
-3.3491e-43
-3.3491e-43
-3.3491e-43
-3.3491e-43
-3.3491e-43
-3.3491e-43
-3.3491e-43
-3.3491e-43
-3.3491e-43
-3.3491e-43
-3.3491e-43
-3.3491e-43
-3.3491e-43
-3.3491e-43
-3.3491e-43
-3.3491e-43
-3.3491e-43
-3.3491e-43
-3.3491e-43
-3.3491e-43
-3.3491e-43
-3.3491e-43
-3.3491e-43
-3.3491e-43
-3.3491e-43
-3.3491e-43
-3.3491e-43
-3.3491e-43
-3.3491e-43
-3.3491e-43
-3.3491e-43
-3.3491e-43
-3.3491e-43
-3.3491e-43
-3.3491e-43
-3.3491e-43
-3.3491e-43
-3.3491e-43
-3.3491e-43
-3.3491e-43
-3.3491e-43
-3.3491e-43
-3.3491e-43
-3.3491e-43
-3.3491e-43
-3.3491e-43
-3.3491e-43
-3.3491e-43
-3.3491e-43
-3.3491e-43
-3.3491e-43
-3.3491e-43
-3.3491e-43
-3.3491e-43
-3.3491e-43
-3.3491e-43
-3.3491e-43
-3.3491e-43
-3.3491e-43
-3.3491e-43
-3.3491e-43
-3.3491e-43
-3.3491e-43
-3.3491e-43
-3.3491e-43
-3.3491e-43
-3.3491e-43
-3.3491e-43
-3.3491e-43
-3.3491e-43
-3.3491e-43
-3.3491e-43
-3.3491e-43
-3.3491e-43
-3.3491e-43
-3.3491e-43
-3.3491e-43
-3.3491e-43
-3.3491e-43
-3.3491e-43
-3.3491e-43
-3.3491e-43
-3.3491e-43
-3.3491e-43
-3.3491e-43
-3.3491e-43
-3.3491e-43
-3.3491e-43
-3.3491e-43
-3.3491e-43
-3.3491e-43
-3.3491e-43
-3.3491e-43
-3.3491e-43
-3.3491e-43
-3.3491e-43
-3.3491e-43
-3.3491e-43
-3.3491e-43
-3.3491e-43
-3.3491e-43
-3.3491e-43
-3.3491e-43
-3.3491e-43
-3.3491e-43
-3.3491e-43
-3.3491e-43
-3.3491e-43
-3.3491e-43
-3.3491e-43
-3.3491e-43
-3.3491e-43
-3.3491e-43
-3.3491e-43
-3.3491e-43
-3.3491e-43
-3.3491e-43
-3.3491e-43
-3.3491e-43
-3.3491e-43
-3.3491e-43
-3.3491e-43
-3.3491e-43
-3.3491e-43
-3.3491e-43
-3.3491e-43
-3.3491e-43
-3.3491e-43
-3.3491e-43
-3.3491e-43
-3.3491e-43
-3.3491e-43
-3.3491e-43
-3.3491e-43
-3.3491e-43
-3.3491e-43
-3.3491e-43
-3.3491e-43
-3.3491e-43
-3.3491e-43
-3.3491e-43
-3.3491e-43
-3.3491e-43
-3.3491e-43
-3.3491e-43
-3.3491e-43
